Timestep,mc_1,mc_2,mc_3,mc_4,mc_5,mc_6,mc_7,mc_8,mc_9,mc_10,mean
0,0.0,0.0,0.0,0.0,0.0,0.0,0.0,0.0,0.0,0.0,0.0
1,0.3759254498714653,0.3220243902439024,0.3314473684210526,0.3408629441624366,0.3595730027548209,0.3234428223844282,0.3232932692307692,0.3410651629072682,0.3365609756097561,0.2951932367149759,0.3349388622300875
2,0.3680461922596754,0.3145390070921985,0.3295977011494252,0.3403968253968255,0.3587150466045273,0.3170403321470937,0.3120261066969352,0.3219953051643192,0.3385217903415782,0.3009143518518519,0.330179265870443
3,0.3504204081632653,0.3070570107858243,0.3286191261335531,0.3341738113795792,0.3522608695652174,0.311486274509804,0.2947000731528895,0.3140847201210288,0.3300307219662058,0.2984391534391534,0.3221272169216521
4,0.3284868421052631,0.3057329545454545,0.3207334144856969,0.3213562753036437,0.3463810741687979,0.2978347826086957,0.2855437737901033,0.3038258208124652,0.3253479749001711,0.2947075365579303,0.31299504492782215
5,0.3180273069679849,0.3037715321849501,0.3121620325982742,0.3123832639852057,0.344387961557916,0.2923486238532109,0.2832717110920035,0.2992023862129916,0.3203908721192951,0.2973121907332434,0.30832578813050754
6,0.3143891050583657,0.3014036418816389,0.3099501793543244,0.3054240555127216,0.342758405977584,0.2912395437262357,0.2824091233071988,0.2989607558139535,0.3193251304996271,0.2978373831775701,0.30636973243092197
7,0.3095357737104825,0.2989157413455258,0.3098978201634877,0.303176722716782,0.3432060266292921,0.2905580939947781,0.2851435552840561,0.2981099444101296,0.3191041931385007,0.2972806451612904,0.30549285165543255
8,0.3088872748402091,0.2978124102269463,0.3059745260663507,0.3009215460051918,0.345,0.29453938015354,0.2857343124165554,0.2938623557821305,0.3183324068927182,0.2955108664973187,0.3046575078880961
9,0.3116752049180327,0.2984148853978883,0.3047240302004687,0.3000492483151892,0.3444722743102062,0.2992035958470498,0.2876736691334447,0.2915781990521327,0.3142869479397977,0.2946594892338507,0.30467375443480604
10,0.3154617505168849,0.2983900279589935,0.3033782527881041,0.3022550853401917,0.3463551177318597,0.3074329240563893,0.2871805976613252,0.2911953290870488,0.3126473204358461,0.294020618556701,0.3058317024133344
11,0.3184291068082449,0.2962794899043571,0.3050062932662051,0.3038236549957301,0.3437087673611111,0.3121652245570663,0.2892842981760508,0.2909452160493826,0.3129710436356323,0.2928490489680291,0.306546214372181
12,0.3205105533371363,0.2945993715632364,0.3070183486238532,0.3079530728450815,0.3427000592768228,0.3177775679758308,0.2879456939111355,0.2935759829968118,0.3128663713547435,0.293489448352462,0.30784364702371136
13,0.3198198040587823,0.2952697776157491,0.3082885085574572,0.3140425339366516,0.3416442709279099,0.3226501214855953,0.2860949399221526,0.2952172492649461,0.314161859518154,0.2950136682043397,0.3092202733491738
14,0.318248911114696,0.2968960506069413,0.3095804477371557,0.3206411539102884,0.3408840288252052,0.3264867029798141,0.2853468482736775,0.2966093868281605,0.316567635903919,0.2971930379746835,0.3108454204154541
15,0.3191887243906086,0.2997026591458501,0.3129659752275779,0.3267103639728563,0.3434677796848182,0.3308765799256505,0.2886012433392539,0.2968408517792099,0.3205373244641537,0.2972669616519174,0.3136158463581896
16,0.3201721734281332,0.3009209522356172,0.3165271004598021,0.332596843615495,0.3445325469637396,0.3358498544295022,0.2919291776819257,0.2998830523977526,0.3251107573030596,0.2993865915647754,0.31669090500798025
17,0.3219799008091881,0.3035274121220888,0.3213912420174638,0.3393071562583757,0.347497269251775,0.3405119032132171,0.2975496861924687,0.3025003049896304,0.3298809988294967,0.3001023803429741,0.32042482540266787
18,0.3249103964649563,0.305518498143309,0.3249388304379741,0.3439932296890671,0.3496884234870872,0.3437209586696014,0.3034958148695225,0.3055976141316816,0.3357744231713303,0.3025987078248384,0.3240236896889368
19,0.328672146330169,0.3101169170476812,0.3289346344843515,0.3493104259825841,0.3496985320878321,0.3477263303386316,0.3100620289855073,0.3104012312344746,0.3404973943254198,0.3043350498152917,0.3279754690631943
20,0.3323871603856267,0.3138146311221327,0.3334636413340622,0.353397783933518,0.3512942998050235,0.3521905590602567,0.3164575787509603,0.3158332482385377,0.345348493150685,0.3069203771608171,0.332110777294162
21,0.3365475075450099,0.3185620455078583,0.3378079991710703,0.3578060637741767,0.3522489414830094,0.3555014900832391,0.3228052582354774,0.3211368248139916,0.3481689848453393,0.3093285195009332,0.3359913634960105
22,0.3410286137148495,0.3255509795191452,0.342912022881941,0.3628055775316456,0.3536016862019329,0.3572385747482572,0.3286863403079353,0.3245929966083051,0.3499867269688329,0.3118184331797235,0.33982219516625684
23,0.3447553889409559,0.333197102675267,0.3471839188427579,0.3678450624823828,0.3563319652105932,0.3594495286903999,0.3328659050472891,0.327108009392121,0.3513601639649711,0.3140747485258411,0.3434171793772579
24,0.348447229904541,0.3398431669188099,0.3516106870229008,0.3723123163238044,0.3588366359661364,0.3606089327447417,0.3373836226079217,0.3294274619960343,0.3520060251639199,0.3166806928670642,0.34671567715158746
25,0.3512639972853749,0.345470565639105,0.3559565964761495,0.3772341686420589,0.3608585322723253,0.3625598360655738,0.3420178859031956,0.3321434187765372,0.3535292878213232,0.3190974101275609,0.35001316990092046
26,0.3521616495843757,0.3491930756548818,0.3591815195071868,0.3809825960841189,0.3633329117126233,0.3638854320603562,0.3462353559020764,0.3346997604073076,0.3537050532553856,0.3219947275922671,0.35253720817605794
27,0.3551660516605166,0.3527053898482469,0.3626681332495286,0.3852544392343762,0.365873755220045,0.3659731369792052,0.3507719623282384,0.3378341063146628,0.3548385007998781,0.3240374852215035,0.3555122960856202
28,0.357904338888481,0.3566869376874375,0.3662645841174257,0.3888978316795295,0.3693917050691244,0.3669155683980548,0.354444362455726,0.3411989778534924,0.3549949249619372,0.3257264674775251,0.3582425698588733
29,0.3608096710711274,0.3599021790997295,0.3690340376433259,0.3924359154929577,0.3720839448194893,0.3686087190527448,0.3585607826516917,0.3441086913998826,0.3548631651693158,0.3269937027707809,0.3607400809171046
30,0.3643301435406698,0.361536914788679,0.3716532982989904,0.395210725381602,0.3742287701060616,0.369315478104302,0.3625196158008659,0.3471883206202325,0.3553139220470884,0.3286860129776495,0.3629983201666141
31,0.3663150755716315,0.3651954963434943,0.3746670653907496,0.3980896363989889,0.3754481322225208,0.3705040905456112,0.3663965248962655,0.3497568443804034,0.3563083228247163,0.3286168015148907,0.3651297990089272
32,0.3683403582718651,0.3684777485096354,0.37772192,0.4006933897672102,0.3760404066400721,0.371279590154281,0.3693152727724617,0.351234073219948,0.3582449770031469,0.3289590424947842,0.36703067788334043
33,0.3703209972035461,0.37163853259786,0.3802454875870141,0.4025853191234582,0.3774930542693091,0.3713994127943086,0.3714680622651636,0.3528014970889936,0.359674039580908,0.3281240147136101,0.3685750417224171
34,0.3720580497569345,0.3746807967313585,0.3823504781136782,0.404936471267687,0.3787142179813904,0.3717556278817466,0.3730862533692722,0.3534077214312377,0.36148320268757,0.3272739174219536,0.3699746736642829
35,0.3742203072518033,0.3762224878916068,0.3847100618840248,0.4073489110455077,0.3797206242524349,0.3715707584050039,0.3754583103257868,0.3546059719870709,0.3626299892125135,0.326532184074557,0.37130196063303095
36,0.3757666613647208,0.3776134824845452,0.3861459196640698,0.4093089736700698,0.3808985467507541,0.3716026573075959,0.3764449114220354,0.3561638485118165,0.3632829384871155,0.3253908568249258,0.37226187964876484
37,0.3768377576594547,0.3791378529794578,0.3872617460402112,0.4101859343395052,0.3821547895961091,0.3716367236549792,0.3771718645977365,0.3573572383498855,0.3637010123283552,0.3245957389909074,0.37300406585366014
38,0.3775595532272413,0.3803266960448289,0.3876796006587073,0.410152790301573,0.38293744587642,0.3711266458847067,0.3781126023882364,0.3574804309789116,0.3637269649334945,0.3242117803631993,0.3733314510657319
39,0.3780999904498137,0.3809221826560536,0.3874686878727634,0.4101004891278028,0.3834657722738218,0.3707903240283637,0.3783463535464202,0.3575883922615077,0.3642378105735102,0.3234922376319602,0.37345122404220177
40,0.3788291387670284,0.3819618336025848,0.3872454471193118,0.4098314659415873,0.3833599639656725,0.3703162637553071,0.3789259770114943,0.3576926544455416,0.3642562691683204,0.3228330138955438,0.3735252027672392
41,0.3790750178826895,0.3831981674627156,0.386033441709243,0.409471891744619,0.3835270536491501,0.3692985686783293,0.3795486466065159,0.3573031585937823,0.3642920083755017,0.322418670165554,0.37341666248681005
42,0.3791960190393769,0.3844824094569773,0.3858949591158235,0.4089210769433813,0.3845169082125603,0.367885696945175,0.3801155200549687,0.356339776236115,0.3644192622604879,0.3217988499309211,0.3733570478195787
43,0.3790385421030582,0.3854167046594328,0.3858905808135741,0.4080967604433078,0.3856275234086418,0.3667553962471109,0.3807881158455392,0.3557616831491177,0.3642243914393073,0.3210341521652617,0.37326338502743517
44,0.3789971573604061,0.3858092587684424,0.3864035605804927,0.4075979074479964,0.3863961525649567,0.3657896236089483,0.3814283985478016,0.3552528839289068,0.3641396913335971,0.3205158382151752,0.37323304723567235
45,0.3788813145243911,0.3867974010378693,0.3861844850865349,0.406526708373436,0.3867076717973579,0.3644195804195804,0.3819428023333203,0.3545159175347855,0.3639656495874112,0.3196981350394773,0.3729639665734164
46,0.3774213139801375,0.3876085870153667,0.3859609049414566,0.4056361194378479,0.3867807950398305,0.362831329599372,0.3820360237118103,0.3537349695855142,0.3632968895511269,0.3193129934916912,0.37246199263541535
47,0.3762605665134213,0.3880779809092379,0.3860601387818042,0.404426843100189,0.3862704886788137,0.3605661650233523,0.3824543037554004,0.352726991970352,0.3626976491862568,0.3184442018749198,0.37179853297937476
48,0.3751256163841198,0.3877011426552008,0.3860898804840583,0.4024791674314452,0.3857147883411725,0.3584203365917565,0.3826663556097911,0.3515487699179945,0.3620935666350445,0.3174425646148083,0.37092821886653915
49,0.3737764730551478,0.3868008159530255,0.3861088445286318,0.4006208544326368,0.3851339768061658,0.3564740996868475,0.3831194759825327,0.3503929161670825,0.3620387321538356,0.3164534301072004,0.37009196188731064
50,0.3725377038043478,0.3864204692886532,0.3860513256770169,0.3979864958448753,0.3840761954808197,0.3549793788268138,0.3829913628944505,0.3491448818897638,0.3610858158148186,0.3153265173453106,0.369060014686687
51,0.3714556836576261,0.3851344677169328,0.3856030376251294,0.3959561149626439,0.3831302005183468,0.3534157560041983,0.3828101198754884,0.3482228897198552,0.3606761036778489,0.3142874615096838,0.3680691835267753
52,0.370652621421679,0.3844215717244041,0.3850786686838124,0.3943185762467665,0.3826284479893653,0.3517014400384812,0.3826790378228484,0.347148528446063,0.3603718852252706,0.3133508535867463,0.36723516311854365
53,0.3692648210203251,0.3829917304537998,0.3839433023438523,0.3929004467134652,0.3822367312552653,0.3503311655974455,0.382323124331803,0.345805780918317,0.3595175814751286,0.3120832194962024,0.36613979036056044
54,0.3681888610992497,0.3813989620067868,0.3830663900414937,0.3910833074292819,0.3814457088667615,0.3484011818778726,0.3816624762371987,0.3441036613012922,0.3588206674228404,0.3105729319301984,0.36487441482129757
55,0.3670129638439581,0.3800192824966782,0.3822675196911678,0.3901947224749772,0.3802678956779086,0.3465349070259437,0.3811207876937811,0.3422333020275123,0.3577534122988271,0.3093429091381776,0.36367477023689315
56,0.3655703521228808,0.3782974355735219,0.3815452612393681,0.3892537379718727,0.3792575926316106,0.3447882678682917,0.3808222001344754,0.3401897267288309,0.3568029855829265,0.3076994798934416,0.362422703974722
57,0.3641350342252644,0.3766390718286452,0.3810794611595751,0.3881538461538462,0.3785062606548703,0.3429604427028173,0.3805439408219804,0.3385101600904288,0.356180316967749,0.3060365747963252,0.3612745109401502
58,0.3629445395790753,0.3751110377528359,0.3802560053316334,0.3868113527252188,0.3778039288893995,0.3410239251756924,0.3803376133984648,0.3366769724182168,0.3553972506359257,0.3046738000241808,0.3601036425930643
59,0.3614085133932184,0.3736391311984076,0.3793442576555159,0.3857430417495029,0.3772105263157895,0.3393490109002826,0.3796765612637438,0.3350834210130767,0.3547341762107545,0.3030406235238546,0.3589229263224146
60,0.3603241070251746,0.3719274046150331,0.3784039493334808,0.3839695089044792,0.3764964846753817,0.3374351705777952,0.3791270985133584,0.333170716785356,0.3538701543872352,0.3017438153974083,0.35764684102147026
61,0.3591976231600114,0.3702966101694915,0.3771808941990593,0.3825911946365412,0.3757934972457342,0.3354885216679112,0.3786913189999738,0.3314089560807578,0.3527995598613816,0.3005343908170643,0.3563982566837927
62,0.3577160276112259,0.3680629625598607,0.3760361146362098,0.3812871900826446,0.3749371366948104,0.3336956316966913,0.3778719705491359,0.3300422568184478,0.3522601619974735,0.2992896307760335,0.3551199083422533
63,0.3565629850452093,0.3664147106515324,0.3750380385560874,0.3801057539231294,0.3740493728590929,0.331860058040444,0.3770937507820908,0.3285481357563536,0.3511821399995151,0.2980187943876667,0.35388737400011216
64,0.3549843309307426,0.3647457891453524,0.3732516898306371,0.3789912910089564,0.373341534812123,0.3298391822751144,0.3764120818527141,0.327310661310953,0.349985163909132,0.2963210627875909,0.3525182787863316
65,0.3537082841633231,0.362968182164731,0.3715046089800773,0.3775397786442566,0.3724505684626792,0.327985950285626,0.3755835034217793,0.3258998813343295,0.3487466288477634,0.2951410821143617,0.3511528468418927
66,0.3517882217090068,0.3612878166405647,0.3695103224084811,0.3764495160371987,0.3714969740982813,0.3262582609822469,0.3747719248693687,0.3244582606636092,0.3476549720924934,0.2936365672857609,0.34973128367870115
67,0.3502554414226888,0.3594318485902644,0.3678122104763036,0.375267643297291,0.3702381516868583,0.3243256217222128,0.3737979604549754,0.3229702040557936,0.3465935231714125,0.2923107784431137,0.3483003383320914
68,0.3484536950835661,0.3573828004095141,0.3658459481455645,0.3743309304925063,0.3690034384220431,0.3228517843080367,0.3727836322109405,0.3218862634747884,0.3456164863562699,0.2910684848366192,0.34692234637398495
69,0.3471493153662247,0.355513257001609,0.3637481781745309,0.3733245674895369,0.3677063833663546,0.3210864621195199,0.3718026079435833,0.3208705891907256,0.3447089088917054,0.2899467901187137,0.3455857059662504
70,0.3457009465336403,0.3531537723785166,0.3618465332172904,0.3721939525596295,0.3663928770793792,0.3199241805320315,0.3709623667609311,0.3195874429633171,0.3437456255006957,0.2887816029109556,0.3442289300436387
71,0.344208198264143,0.3510405671348063,0.3599391924406142,0.3712095923158099,0.3649787648591257,0.318652507236173,0.3699739527733891,0.3184232823904663,0.3428298920014896,0.2876890818536965,0.34289450312697134
72,0.3426268681228444,0.3488472657191038,0.3578932355338223,0.3705060600291897,0.3631392453964029,0.3172876783348374,0.3691955227634778,0.3174641470260295,0.3421553072625699,0.2863659006617701,0.34154812308500476
73,0.3411680604534005,0.3462419323712932,0.3560008835037233,0.3696488384656942,0.3611373634469258,0.3162171518044105,0.3681976038042694,0.3166126168665596,0.3412139523752543,0.285175883434816,0.3401614286526347
74,0.3395270591027771,0.3434521709918535,0.3536232646409637,0.3687934693877551,0.3592555564736016,0.3151151151151151,0.3671135844402661,0.3157804117395905,0.340258467023173,0.2839918930301116,0.33869109919452073
75,0.3382273230625764,0.3411925340577026,0.3513722314451148,0.367453802060368,0.3573528696251546,0.3138109073025009,0.3660645904504648,0.3149746401269817,0.3394413219640829,0.28296199868961,0.3372852218784556
76,0.3370011451474377,0.3392052886556318,0.3490400889983709,0.3665852505515285,0.3553516207987583,0.3123773544367256,0.3645057464535892,0.3139000699564117,0.3385467085469923,0.2815886480348456,0.33581019215802915
77,0.3357194568438426,0.3373359153673951,0.3471612450269131,0.3654389157792836,0.3532595708958865,0.3108569719152529,0.3631750719079578,0.3130323616600791,0.3377931028068674,0.2804313519638721,0.33442039641673504
78,0.3346067912841499,0.3351609517144857,0.3449718536389224,0.3642070048539069,0.3513288543004467,0.3094427726470893,0.3621080113100848,0.3119386267807256,0.3368460131675201,0.2791413826998689,0.33297522623972
79,0.3335956135580932,0.3329508259260672,0.3429212500705139,0.3627033779358099,0.3494013024166227,0.3078313560186286,0.360633270321361,0.3109031024949656,0.33609216490395,0.2778067010309278,0.33148389646769394
80,0.3321629398663697,0.330981532468019,0.3408037412516388,0.3614832676803005,0.3473038101048195,0.3064896035301197,0.3595869953685131,0.3097448748300004,0.3352318091732729,0.2763836527799778,0.33001722270530315
81,0.3310293705313332,0.3290462874383692,0.3386479573325593,0.3599641564083997,0.3451886929517098,0.3050644599016658,0.3583827802690582,0.3086262392597488,0.3344746556617737,0.2750760539234785,0.3285500653678096
82,0.3297223419478303,0.3271196565747853,0.3363944244411964,0.3586481336372702,0.3430268442001178,0.3038604071592711,0.3571903349924106,0.3077557030817794,0.3337754787170212,0.2735928515571093,0.3271086176308792
83,0.3281403080263247,0.3250053287861025,0.334421280473912,0.3570952931693126,0.3411386173368201,0.3025196750039828,0.3559059336308541,0.3067207677764604,0.3333374983114953,0.2722409215032512,0.32565256240185153
84,0.3269354946412474,0.32308049589663,0.3321727405875765,0.3558314211279999,0.3394307469180566,0.3010353452196139,0.3545930848337832,0.3056908408384726,0.3327499043468135,0.2707593978264742,0.3242279472236668
85,0.3254981352785582,0.3212754690423469,0.3299983901306536,0.354568666757271,0.3375661582362333,0.2996974539503142,0.3534170968338574,0.3048444589471067,0.3322626989460571,0.2693085580647519,0.32284370861871503
86,0.3238115178167237,0.3194696547649194,0.3280932613117268,0.353336985797213,0.335910564486481,0.2982140739276536,0.3521065872227739,0.3037054500918554,0.3315238456693422,0.2678541615693499,0.3214026102658039
87,0.322308182107609,0.3176959726418539,0.3261033860785439,0.3521706288406729,0.3343096358193243,0.2968348184200674,0.3507596153846154,0.3027935964528632,0.3306977188126372,0.2665308393462143,0.3200204393904401
88,0.3209125528913963,0.3157701601711105,0.3245835821618219,0.3511390412515011,0.3324918260982163,0.2954987751970014,0.3495026808360356,0.3018616815763664,0.3298755329821921,0.2651603172829851,0.31867961504486264
89,0.31953900052474,0.3138660671270274,0.3226896442185514,0.3500390237661133,0.3307548327463385,0.2943399738257962,0.3484994860441212,0.3009063607863818,0.3287009114784489,0.263846175013759,0.31731814755312776
90,0.3182582680757241,0.3123433251122493,0.3210044091435005,0.3486641137165909,0.329126620421231,0.2931562052163943,0.3473194663092102,0.3000375570578379,0.3276213858310875,0.2624765442811431,0.3160007895164969
91,0.3169681664218698,0.3104624398898174,0.3192564520845197,0.3472545273817289,0.3273225238308588,0.2919647145238296,0.3460899287206587,0.2993862648714112,0.3266716946583217,0.2610697248687147,0.31464464372517303
92,0.315681361541189,0.3086872184598412,0.317526216887919,0.3459694752311554,0.3255539917532675,0.2909849550741798,0.3447596838184076,0.2985840571155522,0.325650694053926,0.2596819271395833,0.3133079581075021
93,0.3143801080986583,0.3071852555978032,0.3160256486817354,0.3445486168751792,0.3237254769719587,0.2898366884232223,0.3433323132958158,0.2976489019520852,0.3246744728970598,0.2586040272815849,0.31199615100751027
94,0.3128987141728324,0.3055668846611176,0.3138457579767681,0.3432950844054436,0.3220375400422196,0.2887014148642055,0.3418686720037673,0.2965985775832592,0.3238383671237608,0.2573235791523599,0.31059745919857334
95,0.3114575483724751,0.3038820730546811,0.311925027164071,0.3417198287867016,0.3204116363636363,0.2875204197580376,0.3404714078374455,0.2955377185409022,0.3228901270494713,0.2561584294794839,0.30919742164069064
96,0.3100629093295722,0.3018543538131011,0.310023488255872,0.3400180583646344,0.3191149979203419,0.2865491026097506,0.3390816589386914,0.2946789265604408,0.3219560833520053,0.2550741904512524,0.3078413769595662
97,0.3087794364723056,0.3002796487339074,0.3082388914692677,0.3383579304253682,0.3178697902671513,0.2855881970199752,0.3379745486370886,0.2935919932751918,0.3211274360746371,0.2540203775256565,0.30658282499005496
98,0.3074730379506125,0.2987661446221948,0.3064236361618292,0.3367734502332378,0.3163623560253228,0.2845272162141334,0.3363617068655968,0.2928730854526826,0.3205093906966587,0.2529281281500102,0.3052998152372279
99,0.306215625837577,0.2974477727423455,0.3046619791524172,0.3350806541019956,0.3149235486621016,0.2835205420411475,0.3349029579301351,0.2920629746794912,0.3197007372067009,0.2517480756780088,0.30402648680319205
100,0.3048070718290489,0.2960584757077849,0.3030327824620573,0.3335083726334495,0.3136801155865474,0.2824332728524056,0.3334941577871349,0.2912215449210846,0.3189676054088586,0.2506109716829245,0.3027814370871297
101,0.3034885025970297,0.2945343087857901,0.3015435401858211,0.3321935527380631,0.3124359866686298,0.2812419083856302,0.3322580688254783,0.2906184646136547,0.3181600252339396,0.2495599373509748,0.30160342953850117
102,0.3019292970912789,0.2931988203326927,0.3000167452489459,0.3304523308751098,0.3110558526440878,0.2799150682258832,0.3309371868572333,0.2900305506523644,0.3175654708578402,0.2485632980074346,0.3003664620792871
103,0.3006824625869369,0.2916532437308788,0.2984852470487618,0.3292210335401114,0.3097262255349092,0.2787248338310374,0.3297076814951714,0.2892970731707316,0.3168862382967808,0.2474554222911346,0.2991839461526454
104,0.2993322496014461,0.2900930571498587,0.297005651884814,0.3278925040865572,0.3082575874485596,0.2777456949862049,0.3285733652005191,0.2886084362759867,0.3160468092655482,0.2465775482388456,0.29801329041383406
105,0.2980962592032524,0.2883909581234417,0.2954056697842906,0.3265808281992494,0.306863337480007,0.276734727443609,0.3273291251665292,0.287912994807793,0.31524,0.2455624617439207,0.29681163619520934
106,0.2969164565020445,0.2870521127644879,0.2941678504672897,0.3251446599731923,0.3053135259767925,0.275753639339695,0.3261780478636762,0.2869435294117647,0.314551297118751,0.2448285060556392,0.29568496254733334
107,0.295741878151108,0.2856717417179131,0.2928681545824771,0.3238933018596925,0.3036939633844631,0.2747672497849154,0.3250716628504239,0.2858623435193472,0.3138400586940573,0.2438048016701461,0.29452151562145434
108,0.2947644163570549,0.2841357677100292,0.2915975572704624,0.3227682361069983,0.3021750708492133,0.2738408557532057,0.3241098964256453,0.2847851178922949,0.3131345647075889,0.2428766674190877,0.29341881504915807
109,0.2938571259889007,0.2827153666702928,0.2903322929171668,0.3212044720648266,0.3007300890293628,0.2727647810157642,0.322953433297488,0.2835464205435596,0.3124426805651852,0.2419482969339497,0.29224949590264965
110,0.2926829296747398,0.2812106343862665,0.2890536182221326,0.319719590731267,0.2994314959128715,0.2718048280826089,0.3219005121837653,0.2823691120037701,0.3116772634340617,0.2408318711453397,0.2910681855776823
111,0.2914536284512076,0.2795971686881903,0.287889019033675,0.3183948598408714,0.298017481900053,0.2709344244348349,0.3207569930276182,0.2812847318507016,0.310945481536897,0.2398015497917337,0.2899075338555782
112,0.2903745341827257,0.2782013274336283,0.2868361395591043,0.3171537449023962,0.2966007164956848,0.2699005346667532,0.3197147105125066,0.280160918910028,0.3102945595765092,0.2389287145396447,0.2888165900778981
113,0.2893325033518483,0.2769887455551847,0.2856985146986519,0.3155120971486951,0.2953108760634629,0.26887812760857,0.3186883299520472,0.2790288393776765,0.3098170083349531,0.238026164710664,0.28772812068017534
114,0.2883376409250924,0.2755852055666727,0.284609702614416,0.3140378460232422,0.2940072944598463,0.2678974079444545,0.3175738411048817,0.277927140391686,0.3089528440574466,0.237022146747322,0.2865951069835061
115,0.2869617472499642,0.2740632160668553,0.2835850785632864,0.31239990024033,0.2928108329683411,0.2668234900171613,0.3165661089516083,0.2768382493267456,0.3082919789685647,0.2361488050876931,0.28544894074405497
116,0.2857578165824769,0.2725224490248965,0.2825458332872883,0.3108005311102894,0.2915419543930545,0.2658339887407898,0.3156077218786562,0.275703619814605,0.307559938898851,0.2353202091482711,0.28431940628791785
117,0.2843459452479338,0.2711481335220105,0.2815902484865704,0.3091323604313838,0.2900564017030241,0.2649268122914406,0.314695947807496,0.2744404405131024,0.3068574949340052,0.2342304402344547,0.28314242251714217
118,0.2829442464223014,0.2697316258593394,0.2805657360186706,0.3077861943647788,0.2886155047842219,0.2640634272809211,0.3137148773841962,0.2733438144382778,0.3061389605602653,0.2332876073430843,0.28201919944560566
119,0.2816987584175083,0.268307684063873,0.279583066205069,0.3062428589976629,0.2870930831099196,0.263153457758543,0.3129083987576568,0.2724172071166865,0.3052642869401063,0.2323041682920563,0.28089729696590815
120,0.2805607476635514,0.2668933525490902,0.278499577256394,0.3047709817512782,0.2856736866662425,0.2623035133634706,0.3120606687864108,0.2712237523587747,0.3043296961076731,0.2313098533205294,0.27976258298234147
121,0.2793571715341616,0.265348370743561,0.2775437000794546,0.303410497255101,0.2843307606803549,0.2614387056260915,0.311142226819794,0.2701962858135955,0.3032622348246167,0.2303666989640008,0.2786396652340732
122,0.2781208945647857,0.2638410479444962,0.2767719895315038,0.3021426329500633,0.2829814134876677,0.2604535215643629,0.3104490742675638,0.2691112028139676,0.3022749381612588,0.2295672921757572,0.27757140074614267
123,0.2767915739220643,0.2621907789003879,0.2758071597433298,0.3009243084374256,0.2817686104727511,0.2596755406054781,0.3095617498992112,0.2680702888757085,0.3012352142519182,0.228783361933623,0.27648085870418976
124,0.2754942908953231,0.2608425863133496,0.274948349199919,0.299652791285742,0.2805863336006253,0.2586919110722134,0.3085155674658375,0.2671021584533811,0.3002957043973941,0.2279528509069218,0.2754082543590707
125,0.2741909503154573,0.2596841994614021,0.2740881937275105,0.2984791329011345,0.2795278413884536,0.2578431511042049,0.3075707055369976,0.2660656088989628,0.2994195609667601,0.2271244765756415,0.27439938208765247
126,0.2728644166991806,0.2583540649480554,0.2731349930569331,0.2974568455662704,0.2783930967312337,0.2569505463767575,0.3067119725859943,0.2651012491161914,0.2984328075269138,0.2263775469507493,0.2733777539558279
127,0.2716350701750998,0.2570077586966957,0.2721728715048697,0.2963590537429546,0.2772333562788869,0.2562400158822497,0.3058863760353122,0.2640818717271378,0.2976716071340348,0.225567355966717,0.2723855337143958
128,0.2703360333167768,0.2557577828839572,0.2712506317303579,0.2951695264848299,0.2760699652558127,0.2553778968740282,0.3049834032231138,0.2631604902894223,0.2968727434615422,0.2248047499826135,0.27137832235024545
129,0.2691272347385438,0.2544625811836261,0.2703941429520061,0.2941297331453847,0.2749201564125283,0.2545121443190669,0.3041499397051386,0.2621804542250621,0.296035331273069,0.2239240054066618,0.2703835723361087
130,0.2678125263148045,0.25301811037075,0.2695794739851344,0.2929436842003964,0.2737234285932167,0.2535035197058691,0.3032141412584988,0.2611061056524418,0.295144750978436,0.2231043672553919,0.26931501083149395
131,0.2665186543662702,0.2519147366937568,0.2688143366740274,0.2917626605189956,0.2724541697723349,0.2526952451999076,0.3022675854833325,0.260145993591182,0.2942801436292995,0.2223491665188113,0.2683202692447918
132,0.265259475913667,0.2507470751260161,0.2679567842389578,0.2905154785036503,0.2712453420499649,0.2516890614420008,0.3012759858323494,0.2590544720795036,0.2935524359722248,0.2215175611879331,0.2672813672346267
133,0.2641120269423843,0.2495892372140127,0.2671538347591008,0.2893745154631472,0.269892057064137,0.2508572212495754,0.3003521680153422,0.2581129774890173,0.292793111802747,0.2207646502678764,0.26630018002673406
134,0.2629128316675056,0.2484575835475578,0.2664108077871822,0.2882860883161099,0.2687966294089108,0.2501125587816558,0.2994542977871678,0.2570824395263258,0.2920551637558615,0.2200525122035402,0.2653620912781818
135,0.2618100540261497,0.2473352498894294,0.2655590169294485,0.2870064126053499,0.2676167385708588,0.2493696832385757,0.2986134523219303,0.2562884914463453,0.2914011888431642,0.2192773149618481,0.26442776028331
136,0.2606343415115623,0.2462684906284356,0.2647092400838454,0.2857709197143868,0.2665593415076387,0.2484601504523736,0.2977723258542441,0.2554068304373876,0.2906677055210276,0.2185481814440311,0.26347975271549323
137,0.2594609892555708,0.2451047945266101,0.2637755884109117,0.284418477186551,0.2655242989490904,0.2476185880220222,0.2968397909533249,0.2544890560469474,0.2899787654320987,0.2177281159791135,0.26249384647622404
138,0.2582902344796591,0.2441087425275669,0.2629039262763929,0.2831407164848463,0.2643361222422828,0.2467494345396487,0.2961212700226789,0.253891149029167,0.2892665088883748,0.2169826424665134,0.26157907469571307
139,0.2572476950339431,0.2429340542980141,0.2621011894350184,0.2817992773101838,0.2634011622833807,0.2458666205260036,0.2953929566871655,0.2530715755450221,0.2886005432386193,0.2161812403259135,0.2606596314683264
140,0.256053443787785,0.2417550744946999,0.2612824879321252,0.2805370017981529,0.2622652778978303,0.245035354153909,0.2944662773569024,0.252286780735945,0.2878238717796343,0.215292266957402,0.2596797836894386
141,0.254980427898225,0.2406864047412251,0.2604649314950822,0.279289963853963,0.2611616464401641,0.2441354758321601,0.2936472372114039,0.2514412272589634,0.2869440812544917,0.2144019666867349,0.2587153362672413
142,0.2539324290588333,0.239721767594108,0.2595139870260331,0.2780515168909946,0.2600796425631582,0.2431862068965517,0.2929095505085737,0.2508813172904513,0.2860965145612741,0.213589226542591,0.2577962158932569
143,0.2527710361656348,0.2386665997960446,0.2588052238491076,0.2769043738114642,0.2590040869184971,0.2423131647139246,0.2922053851932796,0.2502487712270032,0.2852421995254658,0.2129134070370061,0.25690742482374274
144,0.2517009231271954,0.2376064345161691,0.2580147390962474,0.2757433830829028,0.2580301287660957,0.2414277553207416,0.2915138794854434,0.2495415972116987,0.2845573206516239,0.2121040216696136,0.2560240182927732
145,0.2505116350622641,0.2366557383775799,0.2570915541996882,0.2746067331421329,0.2570082437779301,0.2406294334552045,0.2907672912174125,0.2488482286220507,0.2835545823791933,0.2113338084187118,0.2551007248652168
146,0.2493459912226509,0.2357826185964427,0.2562727392240316,0.2735045030157812,0.2560496106639591,0.2399023101594335,0.2900160969644536,0.2480753062600975,0.2826404215130729,0.2106656873700335,0.2542255284989956
147,0.2483458966468674,0.2347852721176167,0.2555366465495476,0.2725415260623137,0.2550201266028242,0.2391808291588555,0.2893182849271226,0.2473166122258516,0.2816959549343887,0.2099291899031405,0.2533670339128528
148,0.2473482681167986,0.2337590581881227,0.2548621608527132,0.2713844692664869,0.2539704462820553,0.2383836637057578,0.2886556158131088,0.2465842691429628,0.2807492999479031,0.2091379360528574,0.2524835187368767
149,0.2463364271316739,0.2327968128752238,0.254233134483725,0.2701575601512834,0.252915420862535,0.23771307344129,0.2879917753552656,0.2458585588203803,0.279890183954992,0.2083072604736409,0.25162002075500095
150,0.2452579950585155,0.2317340754580709,0.2535589276922831,0.2689012737583448,0.2518513820058647,0.2370450644259382,0.2873839248367065,0.2452601096875497,0.2789374974990997,0.2075359057112801,0.25074661561336536
151,0.2441542288557214,0.2308865242706355,0.2529517465117011,0.2676819184341379,0.2507660607959887,0.2362865162273691,0.2866192975598861,0.2446659844391939,0.2780089829862875,0.2068294535131299,0.24988507135940513
152,0.2430565978855712,0.2299088158798515,0.2523631180192143,0.2665659138285033,0.2496733820548466,0.2356190167126399,0.2857191843127329,0.2440125097032305,0.2772704200080271,0.206094152598454,0.24902831110030715
153,0.2420351785336996,0.2290142494183911,0.2517016818114915,0.2653342112009696,0.2486366366135153,0.2348021156434716,0.2850303624666561,0.2432839943133015,0.2764734697382494,0.2054412565825313,0.24817531563222767
154,0.2409594349927428,0.2280670996820676,0.2509567388965729,0.2641637520607676,0.2475338727529484,0.2340254326452128,0.2843315537154063,0.2424059437939797,0.2756894255561319,0.204731094882419,0.2472864348978249
155,0.2399641648860398,0.2272795755568934,0.2502336783378808,0.2630897889341288,0.2463886345232599,0.2332654853243893,0.2836815307768917,0.241615350989035,0.2749986942662928,0.2039484465218586,0.246446535011667
156,0.2389453955548361,0.226490953063418,0.2495746989135941,0.2619124319247403,0.2452939410767084,0.232558518158838,0.2830199126905108,0.2409881607193193,0.2742559748283926,0.2032511048668703,0.24562910917972275
157,0.2379390304410004,0.2256697066378461,0.2488766985631581,0.260815417436637,0.2442489153811234,0.2317920277173566,0.2823903528768122,0.2403699174454716,0.2735822390553301,0.202683478943486,0.24483677844982216
158,0.2367618244832101,0.224798895725341,0.2481778113353517,0.2597035905840286,0.2432159146260461,0.2311060646540208,0.2815838766818679,0.2397617454680038,0.272910027905302,0.2019949372868154,0.24400146887499874
159,0.2355849304354688,0.2239314633578003,0.2474969555622799,0.2586581113229014,0.2422021783526207,0.2303586127038602,0.2808714395746559,0.2392406453754918,0.2723168825368468,0.2012522150423022,0.24319134342642285
160,0.2345299777942264,0.2232168319620916,0.2468224959538334,0.2576587417917448,0.2413413252784595,0.2296862541528239,0.2801690828424317,0.2386714718420462,0.2716794941869912,0.2004821737808505,0.2424257849585499
161,0.2334329380206126,0.2225185432029755,0.246177141694462,0.2567431065942614,0.2404084440091037,0.229022677481165,0.2795440488900342,0.2379276878765532,0.2709638320175342,0.1997337421703342,0.2416472161957036
162,0.2324504187792375,0.2217502275054032,0.2455716284234968,0.255766928679599,0.2394168667123914,0.2284200751095632,0.2789305209467507,0.2372137293893446,0.2702677941443899,0.1989976828045875,0.2408785872494764
163,0.2315442443443945,0.2209894907603329,0.2449543467216223,0.254833063812127,0.238487987977344,0.2277756394212231,0.2782750768695248,0.2364602891797437,0.2694670285252338,0.1982712284872603,0.24010583960988066
164,0.2305800343284919,0.2201409658029348,0.2443256225104905,0.2538116127200455,0.2374840177510215,0.2271638589164254,0.2775788041913755,0.2358749923473031,0.2686473090862209,0.1974645589017908,0.23930717765561
165,0.2296227440896687,0.2193417553653134,0.2436629881752709,0.2528044142710255,0.2365259642829725,0.2265781475976886,0.2769859711279527,0.2352558579242352,0.2679701450099516,0.1967068979781459,0.23854548858222252
166,0.2287269069765864,0.2185820093425748,0.2430241836784647,0.2520058352842517,0.235542612043121,0.2258656536723799,0.2763033029200962,0.2346469081840609,0.2672354476822126,0.1959370282169681,0.2377869888000716
167,0.2277379453797634,0.2178963347921225,0.2423484359492229,0.2510948312923849,0.2346847434805309,0.2253085349515328,0.2757595729557403,0.2339930398445609,0.2666136487792579,0.1952453845382029,0.23706824719633196
168,0.2269186582417141,0.2172174261242551,0.241662372465675,0.2501646688044481,0.2336627855453225,0.2246875509286118,0.2750583937527067,0.2333589425147643,0.265945945006431,0.194533414262147,0.23632101576460754
169,0.2262056450811033,0.2164689120916134,0.2409693908952273,0.2493736939151813,0.2326820779923564,0.223999074535488,0.2744090401669636,0.2327039461171702,0.2652384287853588,0.1938676399688476,0.235591784954931
170,0.2255186969080847,0.2157837447514107,0.2402044798913965,0.2485884262679526,0.231696203211428,0.2234420040739479,0.2736506445329975,0.2321123743293222,0.2645900443250872,0.1933406676363904,0.23489272859280175
171,0.2247310500672701,0.2151263537906136,0.239494505420465,0.2477757597772127,0.230730188126199,0.2228641984762051,0.2729720681079013,0.2315573176960426,0.2639498701192727,0.1927652013848254,0.23419665129660078
172,0.2238441992817973,0.2143822126785055,0.2386848053606896,0.2469097087767555,0.2297472677144009,0.2223321462969534,0.2722913995780848,0.2308947577901318,0.2632806202701699,0.1922084662361322,0.2334575583983621
173,0.223061988070803,0.2137512424147311,0.23794538598902,0.2460172164716174,0.2288758046840651,0.2217530408190232,0.2715561638485418,0.2302581387491793,0.2625767426273458,0.1915745949324487,0.23273703186067754
174,0.2222362168514638,0.213071650200579,0.2373540811147511,0.2451656557150563,0.2278864502263179,0.2212494532275198,0.2708546662833532,0.2296207551349812,0.2619630260601059,0.1909979711182718,0.23203999259324
175,0.2213709452433488,0.2123240653015977,0.2367891574544954,0.2442728483914366,0.22695547626435,0.2206334479377412,0.2701949362382915,0.2290121194596531,0.2614665529957571,0.1903063509838425,0.2313325900270514
176,0.220529297711077,0.2116786980506597,0.236168725670503,0.2433137974404522,0.2259613965752853,0.2201062334732521,0.2693427972636324,0.2283486066719936,0.261007679684936,0.1896792672664896,0.2306136499808281
177,0.219897156646994,0.2109703863751906,0.2354999741882194,0.2423471357870552,0.2250828609642698,0.2196068887827694,0.2685458073467144,0.2277631481068213,0.2604923600427629,0.1890387144284888,0.2299244432669286
178,0.2191813802180337,0.2103074360139331,0.234684264479754,0.2414673256698125,0.2243235740483116,0.2191183375094266,0.2677374160092536,0.2271403547658188,0.2599740687744015,0.1883850190701211,0.22923191765588666
179,0.2185493456134834,0.2096788778112682,0.2339806563237473,0.2405801294251998,0.2235008820556605,0.2185277771065413,0.2668499235488804,0.2264745286999271,0.2593854279854177,0.1877828839633738,0.22853104325334997
180,0.2179048709408826,0.2089681186652646,0.23317655937202,0.2396027766579318,0.2228012168362258,0.2180712395037423,0.2660941273695202,0.225848016617773,0.2586550482380809,0.1872149031108769,0.22783368773123178
181,0.2171614440837072,0.2083637346680261,0.2323928882702232,0.2388175381978973,0.2221188297780143,0.2174882102890939,0.2653646287237359,0.2251759667008505,0.2580531756349684,0.1866765962773918,0.22716130126239084
182,0.2165130160685494,0.2076830944433536,0.2316430866565372,0.2379586386784249,0.2214310786802811,0.2169338848848434,0.2646520920594608,0.2245495236383246,0.2575766071113575,0.1860517242353845,0.2264992746456517
183,0.2157462614973198,0.206929355277028,0.230976548730032,0.2370847232927393,0.2206892288719711,0.2163423695310707,0.2638843229271231,0.2238818267840245,0.2570361956970676,0.1853599618256329,0.22579307944340093
184,0.214970290722251,0.206317047489955,0.2302868515128807,0.2361998555054859,0.2199299156077214,0.2157049603777554,0.2630646347086018,0.2231966932084863,0.2565538713107058,0.1848065415609402,0.22510306620047832
185,0.2143736989023467,0.2058128414889972,0.2296035242290749,0.2353314302391332,0.2192186079280298,0.2149915816607931,0.2622935024752475,0.2224557741649492,0.2560753511817249,0.1842311186951511,0.2244387430965448
186,0.2137121710526315,0.2052356017816414,0.2289716943964603,0.2344643601123087,0.2184833261566431,0.2143584759839431,0.261510900363243,0.2217316777286565,0.2555943766226592,0.183600372074591,0.22376629562727776
187,0.2130691836008378,0.20456572011361,0.2283148695594583,0.2335457816153985,0.2178151879484863,0.2137407394674871,0.2608449336947761,0.2211505032419559,0.2550292695419927,0.1831002198427195,0.22311764086267222
188,0.2123320082518195,0.2039375084658919,0.2275796458324612,0.232670327968454,0.2171245449342404,0.2130975612533018,0.2602182614285542,0.2204451672327442,0.2544798349721016,0.1824724665714022,0.22243573269109712
189,0.2116747255657058,0.2033529136438099,0.2269121473121473,0.2318705361633638,0.2163875312071451,0.2124401334766133,0.2595822613976635,0.2197702066567141,0.2538754447113214,0.1818799529269503,0.2217745853061434
190,0.2110686307025469,0.2026794764495281,0.2262409357760273,0.2310373376909648,0.2155933471086406,0.2117704072459207,0.2589219230723186,0.2192060781048407,0.2532516252893224,0.1813132486174213,0.22110830100575313
191,0.2103991671826801,0.2020803282191053,0.2255515276906756,0.2302448267002989,0.2147792846695918,0.2111134306031547,0.2582660343135796,0.2186731374221278,0.2526653037452604,0.1807294704016631,0.2204502510948137
192,0.2096833921264287,0.2014270471207793,0.2248394675703529,0.2293933049540092,0.2141061327391446,0.2105044447032335,0.2577709326856596,0.2180578145959263,0.251969773909552,0.1802003348184722,0.21979526452235582
193,0.2088702877262227,0.2008218210003191,0.2240583226806568,0.2285466626727419,0.2133268016360618,0.2098359653086189,0.2571668291079041,0.2174745091477019,0.2512499266681529,0.1797305294637968,0.2191081655412177
194,0.208149985239318,0.200166700640982,0.2233116696547603,0.2277296657015004,0.2126522458602046,0.2091625240889979,0.2566079065127215,0.2167977166925294,0.2505635539131397,0.1792198791240417,0.21843618474281956
195,0.207415319657571,0.1995756837503445,0.2225095899168873,0.2270067315564449,0.2119155758241139,0.2085992731269144,0.2560217556389015,0.2162582402150027,0.2498939189463137,0.1786957810647194,0.21778918696972135
196,0.2067316617178049,0.1989205634905106,0.2217482888267618,0.2262105278020953,0.2111943303985948,0.2080824054897337,0.255389079284624,0.2157084485070746,0.2492123802123802,0.1781966670801803,0.21713943528097604
197,0.206034814345346,0.1983209089949618,0.2209895880284864,0.2253981615542611,0.2105458728853122,0.2075147261157451,0.2549323887219121,0.215151552240917,0.2486648361077742,0.1776829756957109,0.21652358246904266
198,0.2053347157684457,0.1977092763927838,0.2203097672127109,0.2245719295506877,0.209835729746444,0.2070098177991677,0.2543628678060214,0.2145494847701739,0.2480249071878925,0.1771314555908455,0.21588399518251733
199,0.2046767807535668,0.197114539619847,0.2195569042824242,0.223773302162219,0.2091812146815164,0.2064153602769033,0.2538478850938702,0.214023564500094,0.2473444659777271,0.1766288784330444,0.21525628957812123
200,0.2039692451171666,0.1966079917139119,0.2188636514394374,0.2230072228400294,0.2084750253508227,0.2058465382322057,0.2532516004653856,0.2134750805189533,0.2466814149354294,0.1762465814251547,0.21464243520384968
201,0.2032707507776216,0.1960097836332708,0.2183049678897319,0.222260010940919,0.2078201530059381,0.2053215299159197,0.2527439467244711,0.2129055779409344,0.246001283338913,0.1758036614420062,0.21404416656097255
202,0.202624374027294,0.1953612726098191,0.2177257687603739,0.2215021200260926,0.2073079159935379,0.2046988341293512,0.2521069786553539,0.2123374104933222,0.2453395883240173,0.1753662039253231,0.2134370466944485
203,0.201987000415608,0.1947183407515193,0.217060256785943,0.2205805198943576,0.2067353328409493,0.2041826706268368,0.2515094933215586,0.2117445385644226,0.2446263865851844,0.1748661623797321,0.21280107021661115
204,0.201326705600025,0.1941851958188449,0.2163388200650425,0.2197987677577592,0.2061094916137818,0.2036034875452175,0.2509038444659001,0.2112757664088938,0.2440557697784983,0.1744308285980415,0.21220286776520045
205,0.2006424845159412,0.1936060237780714,0.2157355889321283,0.2190367691766137,0.2054703419178487,0.2031069478170883,0.2503519229510699,0.2107263065118208,0.2434949661597434,0.1739182117517933,0.21160895635121188
206,0.1999877607932245,0.1930380531252298,0.2151445020487108,0.2183301351709515,0.2048798251237481,0.2025843944178466,0.2497678043755252,0.2102713945504592,0.2429073002538606,0.1734381303165834,0.21103493001761398
207,0.1993450385754543,0.1924534456483162,0.2145533463274083,0.2174214330113044,0.2042152008482057,0.2020127693616332,0.2492347252320729,0.2096980753069465,0.2422994236574878,0.1729878409145958,0.2104221298883425
208,0.1987381885344598,0.1918658411963959,0.2139713338071547,0.2165740537144651,0.2036922797362545,0.2014712070345334,0.2487358767660742,0.2091486760465802,0.2416591239782599,0.1726237824088794,0.2098480363223057
209,0.1981231867886632,0.1912230883444692,0.2134271350734589,0.2158865739054418,0.2031729860878094,0.2009950757898002,0.2481989917721789,0.2086017745276282,0.2411275294493046,0.1721986797478298,0.20929550214865839
210,0.1975580128883913,0.1905522989183067,0.2127797491141993,0.2151954587772834,0.2026524537326915,0.2004935344720357,0.2477097218543046,0.2080525499594685,0.2405769810343095,0.1717589672748059,0.20873297280257966
211,0.1969324112276972,0.1899077158135982,0.2121147152676138,0.214373159185184,0.2020304016818386,0.2000168443444062,0.2471802360798732,0.2074851448967025,0.2400018397233056,0.171317786314139,0.20813602545343582
212,0.1964243492042922,0.1893103334801516,0.2114604531829236,0.2135737202411361,0.2014673562880174,0.1995414477697106,0.2466507467688892,0.2069376480659353,0.2394467439077287,0.1709149788035797,0.20757277777123645
213,0.195828803203219,0.1887047959337728,0.2109367218697113,0.212818084863259,0.2009276353621258,0.1990163092396196,0.2461389729197799,0.206490505248467,0.2389028483544804,0.1704948941352819,0.2070259571129717
214,0.1952132166750416,0.1880512188167497,0.2103105983192764,0.2121187766929514,0.2003670828945388,0.1985130691932801,0.2456362709108889,0.2059505813810445,0.2383278064452813,0.1699672977304065,0.20644559190594589
215,0.1945934310287404,0.1875344918482855,0.2096516082728504,0.2113318229488125,0.1997158739655,0.1980333883114308,0.2450866888364957,0.2054864121659311,0.2377951047406776,0.1695146121344649,0.2058743434253189
216,0.1939343507881703,0.1869748397816283,0.2090094372807766,0.2106096198263003,0.1990916075181411,0.1975513237387925,0.2445601566298978,0.2049667683564689,0.2372977928033746,0.1690157937414765,0.2053011690465027
217,0.1932913519271741,0.1864084700931179,0.2084165109376718,0.2098895346818946,0.1985145098966958,0.1971164922217332,0.2441506831185225,0.2043792245871577,0.2367450393852748,0.1686369385015098,0.2047548755350752
218,0.1926455267174102,0.1857662417642573,0.207793833435182,0.2091400052262833,0.1979549108018035,0.1966838589345869,0.2436623571873307,0.2038645111624326,0.2362433202347641,0.1683081000278007,0.20420626654918514
219,0.1920626421236565,0.185067931679584,0.2072254660778327,0.2084972522219989,0.1973537151740505,0.1962190816901142,0.2431602565070544,0.2033894027186993,0.2357632682792052,0.1678087096832678,0.20365477261554635
220,0.191378176902095,0.1845301137873554,0.2066623111233372,0.2078028386631378,0.1967067793407211,0.1958360555424805,0.2426812174609531,0.202964422363086,0.2352473286408664,0.1672744442240772,0.20310836880481092
221,0.190772042114831,0.1840153506137843,0.2060919046176991,0.2071374463857319,0.1961319809184213,0.1953592979762278,0.2422446327571099,0.2025923068183969,0.2346936215453555,0.1667508640901613,0.2025789447837719
222,0.1901248458257619,0.183466360257231,0.2054907322854534,0.2064576084966123,0.1955399759478326,0.1949108780883024,0.2418776402652523,0.202115213491716,0.2341256077315309,0.1662214587949938,0.20203303211846863
223,0.1895397477787868,0.1829238963112183,0.2049212644066814,0.2057751722551772,0.194974795000929,0.1944351970210637,0.2413911137382395,0.2016808399048457,0.2336123670604887,0.1657883473270084,0.20150427408044388
224,0.1888547834506385,0.1823321805193332,0.2043107622542896,0.2051210140404873,0.1944827594376501,0.1939132667867392,0.2409253179938458,0.2011751061927118,0.2330234325739172,0.1652934039267593,0.20094320271763721
225,0.1882428603834029,0.1817505907888616,0.203820527766762,0.2045071333469161,0.1939443426056388,0.1934167991460235,0.2405650546386827,0.2007245567790681,0.2324219391847549,0.1648407738356476,0.20042345784757581
226,0.1875437546608725,0.1812628136242582,0.2032460925805362,0.2038108823792718,0.1934286551215054,0.1929045670568615,0.2401108557687179,0.200255649353043,0.2319463559473666,0.1644469426423464,0.19989565691347794
227,0.1869055837609929,0.1806928045352106,0.2026656205097178,0.2031714706116653,0.192986043454548,0.1924254517765116,0.2396585165895061,0.1997798047394234,0.2313562904924751,0.1640106363111241,0.19936522227811748
228,0.186282319785468,0.1801471947499769,0.2021055093530658,0.2025532202441979,0.1924915383117425,0.192019966992235,0.2391793378677846,0.1993123218967285,0.2307395509928768,0.1635523922276904,0.19883833524217667
229,0.1856678529546268,0.1796193516360777,0.2015865679109328,0.2019703444823494,0.1919187955362906,0.1915493482142057,0.2387641535092113,0.1988534207124878,0.2300529700827256,0.1631425808115543,0.19831253858504622
230,0.1850417437823379,0.1790545841047794,0.2011210297154979,0.2014157311141335,0.1913998917550361,0.1911318683280375,0.2383906897484703,0.1984660277841696,0.2294782898752324,0.1627227786283046,0.1978222634835999
231,0.1844593069346841,0.1785756379708615,0.2006017066015123,0.2008491561181435,0.190948641668872,0.190707492718619,0.2379666879146303,0.1979984290138695,0.2288853437241171,0.1622928383632975,0.1973285241028607
232,0.1838636282633876,0.1780771109623491,0.2000515278858147,0.2001856413063309,0.1904709505244382,0.1902064378213168,0.2375890084698387,0.197567364233443,0.2283025796576372,0.1618265665475847,0.19681408156721408
233,0.1832498648492958,0.1776048083369706,0.1994709313238505,0.1995827681167968,0.1899834751042965,0.1897465453986247,0.2372078729410884,0.1971149327256655,0.2277897805052941,0.1613958155224911,0.1963146794824374
234,0.1827433858469025,0.1770744218941638,0.1988097861471428,0.1989149936599476,0.189503117307796,0.1892860265062768,0.2368626853733508,0.1965948049193295,0.2272841327558653,0.161038717787555,0.195811207219833
235,0.1821854489014771,0.1764104955723056,0.1982279773739057,0.1983503007451297,0.1889271511934443,0.18889032886554,0.2364905202964662,0.1961579586022546,0.2267348231770533,0.160636658522552,0.19530116632501285
236,0.1816241724309378,0.1758066837613651,0.1976802971800336,0.1977904515679628,0.1883973552616957,0.1884042184964846,0.2361538691695474,0.1957298593126618,0.2262356357402492,0.16017972331114,0.19480022662320778
237,0.1810879789315666,0.1753210372582968,0.1970874382580477,0.1970966115772222,0.1879070672409371,0.1879678163690528,0.2357936151696972,0.195316999495099,0.2257012047753244,0.1597883818454985,0.19430681509207426
238,0.1805093699557181,0.1748483546922389,0.1964487687650198,0.1964265833745671,0.1874267607554674,0.187485630337762,0.235433813677504,0.1948154764224685,0.2251081936871138,0.1594435590533069,0.19379465107211663
239,0.179995384106728,0.1743194244604316,0.195861863260373,0.1956957431102361,0.1868975651816156,0.1870623934538015,0.2350353664508407,0.1944438531248249,0.2244894173924815,0.159036840857631,0.19328378513989636
240,0.1795854214998909,0.1737760625631638,0.195243190060621,0.1949462882515929,0.1863607548089901,0.1866583824589678,0.2346639296187683,0.1939382830387693,0.2238765926497922,0.1587063611182292,0.19277552660687852
241,0.179117894629443,0.1732299869261868,0.1946797345167705,0.1942047262578574,0.1858737746319022,0.1862534661405027,0.2342162011724887,0.1935490600974461,0.2232899955337204,0.1583345341941751,0.1922749374100493
242,0.1785617915750296,0.1726829174070926,0.1941040663117579,0.1934203972032325,0.18539695880421,0.1858510182568048,0.2339115372760288,0.1931036561550087,0.2226932134256338,0.1579634433724747,0.19176889997872734
243,0.1779269862909945,0.1721305454483335,0.1935038644845398,0.1927386800650417,0.1849202816514862,0.1855095421602146,0.2335684945208828,0.192612157823589,0.222105251525064,0.1575584602494358,0.19125742642195814
244,0.1773484813597639,0.1715819315859467,0.1929727486512656,0.1921258853486828,0.1843960779628618,0.1850368081318937,0.2332791374672612,0.192166684881756,0.2215955715467036,0.1571128597929507,0.19076161867290858
245,0.1767461500972629,0.1709350181115775,0.1923604713674386,0.1915294904111455,0.1839248110724293,0.1846334543287238,0.2328579164722145,0.1917036970424497,0.2210606498258144,0.1566816541407115,0.19024333128697676
246,0.1761786574271705,0.1703735203212716,0.1917487440196507,0.1908875665690814,0.183456852706105,0.1842785645436346,0.2325569966917162,0.1912545212378515,0.2204977725326934,0.1562378062512593,0.18974710023004343
247,0.1756858851427982,0.1698839953305244,0.1911769426952276,0.1902507208012274,0.1830609726875654,0.183927075048581,0.2321222936879974,0.1907381414862642,0.2199497553852087,0.15584036884843,0.18926361511138243
248,0.1752020496361629,0.1693077416212571,0.1905942248789436,0.1896467306966406,0.1826290755754122,0.1835772110578394,0.2317307316776816,0.1902451570356936,0.219351858639082,0.1554870994003725,0.18877718802190854
249,0.1746791122800712,0.1688403230817023,0.1899876067547401,0.1890430202664352,0.1821457830322204,0.1832108191528246,0.2313949747137755,0.1897591078005922,0.2187988716562627,0.1551019493876025,0.18829615681262268
250,0.1741934356406672,0.1683687121824147,0.1893948748060226,0.1883620560778712,0.1816499995857394,0.1828576972519343,0.2310731003829968,0.189256838117941,0.2182470753991973,0.1546875302912222,0.18780913197360066
251,0.1737206386696,0.1678375130230765,0.1888272965156313,0.1877835515903352,0.1812376315181899,0.1824970828471411,0.2307083386813845,0.1887666806137247,0.2176003415521079,0.1542826489657301,0.18732617239769211
252,0.1731904673747247,0.1672964009159969,0.1882780608537128,0.1871529719417124,0.1808252156286673,0.1821339714834988,0.2303737362553126,0.1882962590108393,0.2170109570973837,0.1539191982052583,0.1868477238767107
253,0.1726728353283701,0.1667208533385326,0.1877180731056255,0.1865858039491665,0.1803353779306007,0.1817745356398184,0.2299615991048267,0.1878765149929984,0.2163778976104046,0.1535226720910937,0.1863546163091437
254,0.172177581341963,0.1662197083921144,0.187171926722454,0.1859566814197125,0.1798939819462451,0.1813615584250668,0.2295965203891359,0.1874272898394008,0.2158575794365136,0.1531398845206693,0.18588027124332757
255,0.1716971669264543,0.1657748036944069,0.1866344218021114,0.1854214531441839,0.179547561740256,0.1809488976135367,0.2291891460628863,0.1869565815331997,0.2153255951537775,0.1527255971661836,0.18542212248369966
256,0.1711562417357737,0.1652782792479415,0.1860936202094565,0.1848060143221187,0.1791920832981023,0.1805648950097698,0.2288090998390703,0.1865170991033881,0.2147333355444813,0.1523819158203574,0.18495325841304594
257,0.1706357679888755,0.1648380876494023,0.185538487098029,0.1841364117873651,0.1787871835664965,0.1802267701928984,0.228447600106514,0.1861346683146617,0.2141716076431438,0.1519852400186188,0.1844901824366005
258,0.1701043658100812,0.1644465503568596,0.1849305269948792,0.1834972287001245,0.1783942688929485,0.1797955995668128,0.2281028998832094,0.1857187551586709,0.2136010298864168,0.1516440460086247,0.18402352712586273
259,0.1696158126575973,0.1639867803164831,0.1844797606674345,0.1829217088922007,0.1780035494219285,0.1794690744238174,0.2276324033768632,0.1853344314118264,0.213086730836041,0.1513180960813711,0.1835848348085563
260,0.1690616165136904,0.1635515562101129,0.183878430025679,0.182280587262789,0.1775443445618887,0.1791277316893334,0.2272039865092195,0.1849325084802529,0.2125022882131597,0.1510928013394924,0.1831175850805618
261,0.1686207694086809,0.1631772126168316,0.1833114931975628,0.1816522067738431,0.1770816897974272,0.1788210097888874,0.2268408057737315,0.1845927403564685,0.2119731338448768,0.1507469963048464,0.1826818057863156
262,0.168110936331025,0.1627674538047601,0.1827473268642722,0.1810289428116993,0.1766510357137265,0.1785032195614663,0.2264375686115063,0.1842030353207273,0.2114663799670309,0.1504194294525828,0.1822335328438797
263,0.1676097067359096,0.1623755412512878,0.1822431891830169,0.1803710533908283,0.1762553861258074,0.1781295279159589,0.2260472255161053,0.1837348045920484,0.2109084344309647,0.150136263438993,0.18178111325809204
264,0.1671461121267287,0.1619281093625912,0.1817770191885621,0.1797600310438494,0.175847358379351,0.1777636363636364,0.2256824948530862,0.1832979065160357,0.2103568191166075,0.1498927627603579,0.1813452249710806
265,0.1666732116644723,0.1615368158077527,0.1812301975852854,0.1791387047936846,0.175402173955,0.177439380726412,0.225340817930946,0.1829099329579588,0.2098161678479573,0.149652216463083,0.1809139619732552
266,0.1662428255072987,0.1611267968812673,0.1806903406664233,0.1785391232817737,0.1750263582571274,0.1770805096690533,0.2250461245402522,0.1823830383872068,0.2092868787913562,0.1493671909398662,0.1804789186921625
267,0.165826325438751,0.1606730480409118,0.1802531892610498,0.1780016031711413,0.1746033124235006,0.1766775873875964,0.2247123612303973,0.1818933181444403,0.208775781114595,0.1490422894064461,0.18004588156188295
268,0.1654267714654663,0.1602265132736664,0.1797760637070092,0.1774608119430269,0.1742175177923408,0.1763303577748882,0.2243864066446551,0.1814478516549128,0.2082501254783864,0.1487076754079942,0.17962300951423463
269,0.1649612138144208,0.1597862053378034,0.1792958779269017,0.1769313675686741,0.1738433298333264,0.1759866009822978,0.224040202767956,0.180936867997742,0.2076706663491901,0.148380774930886,0.17918331075091984
270,0.1644533526618642,0.1593556292210252,0.1787841082774629,0.1762984160411217,0.1734470122949892,0.1756268443932292,0.2237253181994795,0.1804353302794285,0.207226691070464,0.1481023803611337,0.1787455082800198
271,0.1640369088599672,0.1589832536331701,0.1782170145607126,0.1757707711844666,0.1730678731501692,0.1753094914132313,0.2233259608921956,0.1799610269329085,0.20683369958835,0.1478279192335952,0.1783333919448766
272,0.1636273072468442,0.1586063014951,0.1777154684030033,0.1753231489724618,0.1726539474274771,0.1749843654458044,0.2229585174925299,0.1795713779863008,0.2063659421545857,0.1475847210203808,0.1779391097644488
273,0.1632531637255331,0.1582111381614485,0.1772403149156315,0.1748161533334078,0.1723041373403344,0.1747292981439149,0.2225878873337646,0.1792380338537363,0.2059843132742683,0.1473108154500424,0.17756752555320818
274,0.162876757864297,0.1577657693497768,0.176734306984613,0.1743539166509103,0.1719955316584777,0.1744229798850679,0.2222516749142775,0.1788523169411695,0.2054607918380127,0.1470526264381048,0.1771766672524707
275,0.1624779450860674,0.1573275685031977,0.17621156905925,0.1738052352619846,0.1716995905135012,0.1741486108400026,0.221866875324027,0.1784373748479971,0.2050254699587539,0.1467573308969383,0.17677575702917198
276,0.1620788451080595,0.1569046436825253,0.1756853675003152,0.1733516782371252,0.1713417144915973,0.1738421113254816,0.2215649272424804,0.178008232048805,0.2046332254584682,0.1464211139900854,0.17638318590849433
277,0.1616894850270198,0.1564205908436677,0.1752218471629267,0.1728681668496157,0.1709829629277114,0.1735257094931219,0.2212265652668979,0.1776410960684032,0.2042044593693113,0.1460799357812705,0.17598608187899462
278,0.1613164359009147,0.1560201740577901,0.1747345490643039,0.1724274638958918,0.1706211387269964,0.1732201148543262,0.2208913064911229,0.177213198115479,0.2037119531974137,0.1457841509149113,0.175594048521915
279,0.1609112804888887,0.155628762903313,0.1742480151685413,0.1719753151355763,0.1703253243807276,0.1729256394854971,0.220539155159328,0.1768451364958724,0.2033182309046137,0.1454825868266746,0.17521994469490326
280,0.1605885851441195,0.1552541381759738,0.1737822689969826,0.1715256918709229,0.1699633904822481,0.1726176891166768,0.2201579378776428,0.1764408687968531,0.2028951284941975,0.1452114648381004,0.17484371637937177
281,0.160219576850135,0.154850536197818,0.1733408803936082,0.1710217652432226,0.169652573846951,0.1724287466818955,0.2198224422244521,0.1760297336706058,0.2024235901691574,0.1449312691483881,0.17447211144262337
282,0.1598394988925511,0.1545670904808999,0.1729054569100991,0.1705273344481725,0.1693283378844238,0.1722397120786516,0.2195013144401976,0.1756628606554771,0.2019260281249539,0.1446545427543422,0.1741152176669769
283,0.1594430619099714,0.1542175095911665,0.1725010971933434,0.1700858764676728,0.1689954683318466,0.1719660379205919,0.2191844479928701,0.175226646732917,0.2014325281377648,0.144371375745861,0.17374240500240057
284,0.1590606598454792,0.1538672303529918,0.1721112957762622,0.1696200848555857,0.16877085710021,0.1717126050068959,0.2189091490722968,0.1748689584632306,0.2009546106347487,0.1441238578646212,0.1733999308972322
285,0.1587396376289231,0.153537357260526,0.1717443386703855,0.1691958521598326,0.1684785440002831,0.1714287696416802,0.2185913895333848,0.1744713544210188,0.2005059556332641,0.1438656606919549,0.1730558859641253
286,0.158409824297414,0.1532386047634205,0.1714156679998011,0.1686546213014627,0.1681353635456939,0.1711976872341822,0.2182793078280133,0.1741031813855249,0.2000567353246319,0.1435667313210755,0.172705772500122
287,0.1579975634315407,0.1528623329757144,0.1710152514077134,0.168203370936192,0.1677848398916232,0.1709418464608926,0.2180011286970307,0.1737546057479734,0.1996804475288014,0.1432901648671536,0.17235315519446354
288,0.157663819272614,0.1525311507027987,0.1706918627792865,0.1677341238398089,0.1674635832413012,0.1707437291342469,0.2176570213509021,0.1734276445678728,0.19926827074594,0.1430634543022267,0.17202446599369975
289,0.1572838037721445,0.1522002169624565,0.1703220748058289,0.1672053875564824,0.1671453631642697,0.1705321698928182,0.2173800845630727,0.1730330929030752,0.198801448880736,0.1428090477659553,0.17167126902668392
290,0.1569424853549101,0.1518597065866615,0.169913623548893,0.166713723006206,0.1668253979257944,0.1703041156462585,0.2170797052551051,0.1726641001192709,0.1982955161686217,0.1425392386027428,0.17131376122144643
291,0.1565310954648855,0.151548033924441,0.1695000921986061,0.166299120315473,0.1665380552419814,0.1701439898348157,0.2167163167976653,0.172329779847241,0.1977623435956828,0.1422586690285543,0.1709627496249346
292,0.1561039452823901,0.1512029873768483,0.1691095496469381,0.1658759191744422,0.1662642516263014,0.1699170877253381,0.2164204512914494,0.1719567914627035,0.197224281939074,0.1420191365833089,0.1706094402108794
293,0.1557389529153844,0.1509306538333434,0.1687484515450043,0.165391919564868,0.1659434194847351,0.1696783352441021,0.2160739889132489,0.171538742023701,0.1967783469740796,0.1417874254882639,0.17026102359867307
294,0.155380205794566,0.1505863786981848,0.1683095206187869,0.164954411589466,0.1656043193436071,0.1694571405607426,0.2156706996691234,0.1712005474918952,0.1963530357155389,0.1415765107604571,0.1699092770242368
295,0.1550196512648631,0.1502470621548917,0.1678776151271891,0.1645271823526619,0.165258634450856,0.1692059965573835,0.2152689993140659,0.1708186958211075,0.1958573525300531,0.1413270815299284,0.1695408271103
296,0.1546713075501566,0.1499352018479224,0.1674508190297045,0.164070283375655,0.1649451621960831,0.1689582634123648,0.2149641122627588,0.170469240008007,0.1953212840224536,0.1410730014659057,0.16918586751710113
297,0.1543193242387461,0.1496785413294449,0.1670552259676084,0.1636841344148943,0.1646525384037387,0.1687204190734702,0.2146388517625928,0.1700317499875392,0.19489712305026,0.1408163667828876,0.16884942750111825
298,0.1540024178235646,0.1493606740861895,0.1666591573574892,0.1632494582310364,0.1643305902726504,0.1684641637099858,0.2142903117596495,0.1696202008034787,0.1944095473483999,0.140626182440462,0.1685012703832906
299,0.1537150560150769,0.1490575055491594,0.1662205910570556,0.1628061813305937,0.1640449701135284,0.1682254790209675,0.2139167902214239,0.169242021714911,0.1939451771274548,0.1404114523481796,0.16815852244983506
300,0.1534419652169379,0.1487249433271428,0.1658128260490565,0.1623755107464372,0.1637134360764045,0.1679021903446832,0.2135749942800092,0.1688867549147066,0.1934924991353716,0.1402215893544014,0.16781467094451508
301,0.1531057504699264,0.1483720604933599,0.1653626103941634,0.1619311166253102,0.1634129743213792,0.1676753438097938,0.2132127245229857,0.1685525433705587,0.1930480700689297,0.139975028042537,0.16746482221189438
302,0.1527957183973095,0.1480649497108538,0.1649304629484906,0.1615320002899831,0.1631206008895704,0.1674080736709486,0.2128087835746465,0.1682442266909467,0.1926267800847918,0.1396954616529808,0.1671227057910522
303,0.1524306329521661,0.1477739247417159,0.1644677017646124,0.1611293933068127,0.162839439318175,0.1671657662320856,0.2124480658289597,0.1678869990136019,0.1922039845436519,0.1394242279147714,0.16677701356165525
304,0.1521064639515331,0.1474182343298727,0.1640749519200636,0.1606800774111717,0.1626069211369503,0.1669539048122447,0.2120951834940655,0.167517678922329,0.191868250394359,0.1391383315472245,0.1664459997919814
305,0.1517325868698718,0.1471065539249036,0.1636345058252236,0.1602168745705978,0.1623925728922984,0.1667092005471394,0.2117372704188294,0.1671369106256398,0.19151596244762,0.1388657710251536,0.16610482091472772
306,0.1513606780783534,0.1467790090549428,0.1632341584093616,0.1597678951328352,0.1621745201947865,0.1664796806223769,0.2113372941562905,0.1667837765036364,0.1911199186583987,0.1386343766715236,0.16576713074825056
307,0.1509829480034636,0.1465202610386896,0.1628669261258441,0.1593732152317453,0.1619183444464623,0.1662148329445358,0.210990399276741,0.1664291190187184,0.1906928192552709,0.1384253338233492,0.165441419916482
308,0.1506158981828753,0.1462704848467379,0.1625207226044409,0.1589561472099676,0.1616495643099232,0.1659314013404153,0.2106147065840896,0.1660743333545471,0.1902810801123125,0.1381444794644682,0.16510588180097777
309,0.1502307014368675,0.145965508660322,0.1621146843286526,0.1585187215138752,0.1613345199165743,0.1656506556848158,0.2102860126938218,0.1656811460522436,0.1898207142337624,0.1379289815819631,0.16475316461028983
310,0.1499074227948439,0.1456325404594515,0.1617509897465798,0.1581056755341566,0.1609876885590163,0.1653613584658335,0.2099363053076686,0.1653350626959742,0.189367045046647,0.1377074266226902,0.16440915152328617
311,0.1495940103524002,0.1453623594527245,0.1613973879699007,0.1576647118873691,0.1606756558230443,0.1650472102330691,0.2096629521464809,0.1649972631870343,0.1889342197203058,0.1375014107458092,0.16408371815181383
312,0.1492630940154981,0.1450881692344576,0.1609708376349206,0.157289868846227,0.1603372209178772,0.1648097087621531,0.2093095921332659,0.1646359653795774,0.1885081842928241,0.1372962230226642,0.1637508864239465
313,0.148930520076387,0.14483057984997,0.1605909781234777,0.1568945647783499,0.1599804941894551,0.1644970712861415,0.2090142047890054,0.1643207247933264,0.1881243550471528,0.1370470211828991,0.1634230514116165
314,0.1486225277643949,0.1445884736294978,0.1601558877722209,0.1564178398443516,0.1596049183950501,0.1642413523354825,0.2087425346412356,0.1639552271299457,0.1876966117248781,0.1367701051299349,0.16307954783669923
315,0.1483171597705958,0.1443483849230365,0.1597733856471785,0.1559978583103195,0.1592714007170262,0.1638481152410493,0.208483700988414,0.1635655595488907,0.1872857096711674,0.1365136644688121,0.162740493928649
316,0.1479754723458515,0.1441052078605932,0.1594360947211076,0.1555898425194394,0.1589435370931408,0.1635787091386966,0.2081969193547861,0.1632270963679521,0.1868419384422313,0.1362635836951206,0.1624158401538919
317,0.1476240106024332,0.1438437883236092,0.1590411839201524,0.1551829808256974,0.1586470977468015,0.1632666101814587,0.207848126553085,0.1629017824193667,0.1864297850786078,0.1360629432990603,0.16208483089502723
318,0.1472741072895309,0.1436047401437285,0.1586087657065773,0.1547884030247596,0.158319941665397,0.1629744551221273,0.2075472543759446,0.1625548277193262,0.1860030881446542,0.1358184527750071,0.16174940359670525
319,0.1469814096988395,0.1433949702550228,0.1582000982932436,0.1543986228333369,0.15796190971835,0.1627415186571258,0.2071734098455785,0.1622347719377506,0.1855799406951143,0.1355932745023307,0.16142599264366927
320,0.1466871740830542,0.1431759281950741,0.1578347691354198,0.1540210986796428,0.1575727723872306,0.1624911785247943,0.2068696883852691,0.1618665504834378,0.1851427593376777,0.1353478989927317,0.16110098182043323
321,0.1463879103126062,0.1429199924302314,0.1574628132853358,0.1536445237424867,0.1572305275068566,0.1622979000242072,0.2065349687048011,0.1614723207873629,0.1847675556874806,0.1351517246599149,0.16078702371412834
322,0.1460897286020035,0.1426916081980724,0.1570768906619585,0.1532977854074113,0.1569196916827248,0.1620484305230182,0.2062188839012446,0.1610743538419271,0.1843607208250225,0.1349354587937031,0.1604713552437086
323,0.145758894838858,0.14243967925912,0.1566840402257644,0.1529231285676529,0.1565566517198961,0.161745725134885,0.205879499933299,0.1607971332741739,0.1839316298255953,0.1347952523284519,0.16015116351076966
324,0.1454599018003273,0.1421986677577444,0.1562969248896513,0.1525837290885371,0.1562854405547614,0.161482098438384,0.205566408536952,0.1604508754368193,0.1835334624152899,0.1346208022952349,0.15984783112137013
325,0.1452230129431126,0.1419882900176311,0.1559587532922549,0.1522359584445348,0.1559652355208611,0.1612508015760103,0.2052830584310547,0.1601296430672388,0.1831540543904412,0.1344459387693588,0.15956347464524984
326,0.1449135771099003,0.1417526246050351,0.1555553417825838,0.1518890023884991,0.1556707228697385,0.1610138492629576,0.2049799555125481,0.159816279408833,0.1827950864140122,0.1342031580754047,0.15925895974295123
327,0.1445960268020113,0.1415654209097182,0.1552311800203467,0.1515487348194801,0.1553813730150611,0.1607743496493556,0.2046874765208244,0.1594730280614892,0.1824189782284392,0.1340290404148386,0.15897056084415642
328,0.1443504337188937,0.1413103706922724,0.1548359048392433,0.1511666522515858,0.1550380094783888,0.1605403339570187,0.2043138349635691,0.1591477631959914,0.1820378200393894,0.1338521865615882,0.1586593309697941
329,0.1440911482540295,0.1410778637591835,0.1544869243931163,0.1508155290761595,0.1547504256145276,0.1603465425156463,0.2040150330839733,0.1588262049717966,0.1816636309556663,0.1336431829313522,0.1583716485555451
330,0.1438399798434665,0.1408521136959457,0.1541502473717682,0.1504297361868926,0.1544863873909265,0.1601633400744452,0.2037199640761214,0.1584941915043417,0.1813123061645404,0.1334341928184699,0.1580882459126918
331,0.1435900922735756,0.1406291029896418,0.1538489206492764,0.1500727091457191,0.1541752241045455,0.1599502593639741,0.2034147963450424,0.1581261399775512,0.180970340105402,0.1332191468842521,0.157799673183898
332,0.1433499554557971,0.1404623234899604,0.153503099090874,0.1497418277793779,0.153894112293682,0.1597174836206571,0.2031298392998813,0.157782729512924,0.1806053660652798,0.1329780708759601,0.15751648074843935
333,0.1430752558005475,0.1402656517351818,0.153148578044379,0.1493829069440539,0.1535903400190797,0.1594660689787193,0.2028775036159938,0.1574460640468581,0.1802987145690238,0.1327547481212771,0.1572305831875114
334,0.1428047316374038,0.1400106962781615,0.1527872598382099,0.1490728668145207,0.1533241792095766,0.1592566272687068,0.2026029877910989,0.1570922518082777,0.1799778574441164,0.1325782567790996,0.15695077148691722
335,0.14253953511004,0.1398043834375072,0.1524546147643134,0.1487676064528885,0.1530223073324756,0.1590542782820615,0.2023211427388973,0.1567981549847401,0.1796565327825048,0.1324191740691216,0.156683772995455
336,0.1422698229780533,0.1395966966932197,0.1521219696062131,0.1484462826679029,0.1527439655046834,0.158875436798144,0.2020106500406351,0.156466717210443,0.1793272685929024,0.1322594497442278,0.15641182598364248
337,0.1419928255098038,0.1393535285939275,0.1517648934218839,0.148091869169941,0.1525035276492209,0.1586865421764327,0.2017343102619817,0.156091140102618,0.1789922058792835,0.1320513191510471,0.156126216191614
338,0.1417325728626988,0.1390923894141082,0.1514614125798645,0.1477495893279939,0.1522541122347119,0.158442911903621,0.2014417299856346,0.1557699436800456,0.1786429817289321,0.1318550575748253,0.1558442701292436
339,0.1414830455843994,0.1388490403895731,0.151124485334937,0.1473634482086446,0.1520097634961736,0.1581583016411708,0.2011830099884748,0.1554572115466589,0.1783322179746468,0.1316302282669995,0.15555907524316784
340,0.1411764788621454,0.1385644841779559,0.1507807421920018,0.1470083978405553,0.1517091561113537,0.1579581199292934,0.2009482774092043,0.1551719860666648,0.1780002213205459,0.1314614440078585,0.1552779307917579
341,0.1409538102220888,0.1383186272418255,0.1504759765148361,0.1466654284827835,0.1514383628329987,0.1577706863401123,0.2006768833615529,0.1548689951402333,0.1776480690734141,0.1312315072665563,0.15500483464764017
342,0.140725451293802,0.1380928884289906,0.1501569187284003,0.1463206091497261,0.1512161244292237,0.1575110868488586,0.2004444464251759,0.1545393043864656,0.1773603307335402,0.1310461226956948,0.15474132831198778
343,0.1404935849413914,0.1378118077844581,0.1498745588176598,0.145997662567445,0.1509328667032613,0.15725435536161,0.200185867331529,0.1542025480348856,0.1770410327110856,0.1308672059264542,0.154466149017978
344,0.140242219958758,0.137497648933714,0.1495526475785693,0.1457134266053366,0.1506661073254798,0.1570053611958988,0.199924141146751,0.1538493869913703,0.176687867126964,0.1306565925854116,0.15417953994482533
345,0.1400180895849352,0.1372120424724725,0.1492808891103517,0.1454466471288374,0.1504241961135483,0.1568371554584739,0.1996822710012912,0.1535019369705335,0.1763749898464787,0.1304271114021621,0.15392053290890842
346,0.139711229946524,0.1369871807420291,0.1489428616570458,0.14517594216765,0.150192027251485,0.1566568543594414,0.1994111732564138,0.153110287755419,0.1759715878210391,0.1302503223666258,0.15364094673236728
347,0.1394734528591131,0.1367540407432905,0.1486695421366954,0.144845127870571,0.1499319223075434,0.1563689579965901,0.1991211443062233,0.1527424391915607,0.1756245444409552,0.1300517325056132,0.1533582904358156
348,0.1392373243370538,0.1365555987666324,0.1483745730082357,0.1445680924662767,0.1496893979218629,0.1561619091759291,0.1988327237997623,0.1524311219079568,0.1752938178518822,0.1298342175771365,0.15309787768127284
349,0.1390270207568541,0.1362916103740781,0.1481144798541038,0.1442579425071575,0.1494047964063179,0.1559422854298826,0.1985365234323987,0.1520873525229622,0.1749793393750876,0.1296683411227333,0.15283096917815758
350,0.1387450591541326,0.136077563251757,0.147841003660047,0.1439652184471377,0.1491048158640227,0.1557250241884865,0.1982775481515976,0.1517781340453821,0.1746689225223374,0.1295020149683361,0.15256853042532367
351,0.1385135039870721,0.135831302836462,0.1475197149617351,0.1436465793208144,0.1488516900710574,0.1555269441773037,0.1980125771478154,0.1514648703770353,0.1743363991382398,0.1293045658554562,0.15230081478729912
352,0.1382695212744396,0.1355435792578137,0.1472298461002573,0.1433253208202913,0.148602592257438,0.1553269679077975,0.1977183818881802,0.1511015143733679,0.1739757157384562,0.1291440136456078,0.15202374532636495
353,0.1380478170814153,0.1352250146831846,0.1468659720251591,0.1430020268184686,0.1483332875054993,0.1550938968410594,0.1974314046652273,0.1507656193718398,0.1736099630746298,0.1289455415762077,0.1517320543642691
354,0.1377950303889353,0.1349976310608762,0.1465263777873576,0.1426379989002553,0.1480710118037836,0.1548908146284044,0.1971798666069242,0.1504253314762027,0.1732719057372436,0.1287445311807435,0.15145404995707262
355,0.1375602603074024,0.1347678092100085,0.1461958830032949,0.1423110511251882,0.147821569055944,0.1546830157736874,0.1968704542804074,0.1500747798574622,0.1729524028512301,0.1285454200496927,0.15117826455143177
356,0.1373677044410128,0.1345193009981875,0.1458558258782457,0.1419823161993348,0.147552109424346,0.1544920613581059,0.1965686024358713,0.149744862797888,0.1726576448163489,0.1283481868748235,0.15090886152241642
357,0.1371164367174415,0.134333978681925,0.1455727823068412,0.141643696808654,0.1473237065117402,0.1542455500371221,0.1962626733579736,0.1494286279373089,0.1723439724115645,0.1281771870423888,0.150644861181296
358,0.1368938512698896,0.1341100575430901,0.1453169188669276,0.1412837389573658,0.1470787577491913,0.1540120174838627,0.1959658293948321,0.1491272056943141,0.1720287656134175,0.127997749962671,0.15038148925355618
359,0.1366628898925071,0.1338574673967788,0.1450127734269511,0.1409467345534756,0.1468059614575807,0.1538341953732161,0.195696989519609,0.1487993117987223,0.1716613263383332,0.1278356297621277,0.15011132795193013
360,0.1364315086163776,0.1335894796431442,0.1447267500699813,0.1405993586066503,0.1465780930446303,0.1535888477691821,0.195480489641025,0.1484836845350403,0.1713447419950908,0.1276354122164548,0.14984583661375767
361,0.1362335269944735,0.133366741281151,0.1444203446758737,0.1402642453153792,0.1463536160990546,0.1533353577051826,0.1952218050146736,0.1481245928532055,0.171023470745412,0.1274870318325793,0.14958307325169848
362,0.1360092201456913,0.1331661815856709,0.1441094901440688,0.139931929430285,0.146117273533213,0.1530809021366394,0.1949806456456873,0.1478161383345907,0.1706803897178491,0.1273090417255652,0.14932012123992605
363,0.1357700670836473,0.1329045762765653,0.1438029507156925,0.1396324384007438,0.1458324239730438,0.1528748195422882,0.1947120096680488,0.1474843185855547,0.1702790923116833,0.1270873122072866,0.1490380008764554
364,0.1355542055321792,0.1326359715719769,0.1435510052834158,0.1393171083601438,0.145569042496465,0.1526690215610459,0.194450949620649,0.1472078725927009,0.1699610231955536,0.1268872481525926,0.14878034483667227
365,0.1353421170581819,0.1323836807517165,0.1432965563622306,0.1389696172901709,0.1452603717708029,0.1524553793085425,0.1941802786567851,0.1468711182145219,0.1696171710101519,0.1266624440269376,0.1485038734450042
366,0.1351259333297174,0.1321422734308905,0.1430128423369569,0.1386811184787015,0.144990749159913,0.1522760833374583,0.1939051102905851,0.1465616405658126,0.1693110791421378,0.1265052027359561,0.14825120328081293
367,0.1349227344934745,0.1318851744223995,0.142728076313948,0.138391842598604,0.1447572189338229,0.152051540769021,0.1936599949647532,0.1462346122812098,0.1689747657027032,0.1263028697881204,0.14799088302680566
368,0.1347604472267781,0.1316426790482684,0.1424902053339627,0.1381035253511316,0.1445549089651993,0.1518579240632185,0.1934372135405299,0.1459481840842831,0.1686717074822254,0.1261890553596342,0.14776558504552315
369,0.1345646978447271,0.1314221761566621,0.1422162113413514,0.1378097505621936,0.1443009941416652,0.1515936919264918,0.1932049796706509,0.145675154816661,0.1683404399495394,0.1260258904910608,0.1475153986901003
370,0.1343744993699075,0.1312057791329491,0.1420037394624034,0.1375157141750381,0.1440991614659511,0.1513684339178428,0.1930008513245688,0.1453746183636252,0.1680559575365654,0.125859932025106,0.14728586867739574
371,0.1341865353363495,0.1309064731509886,0.1418055072087284,0.1372440867854973,0.1438407883915391,0.1511400813143684,0.1927733872449917,0.1450734030683759,0.1677326197231079,0.1257393985568728,0.14704422807808198
372,0.1339942474095596,0.1306810034460694,0.1415696808662166,0.1370172401846686,0.1436555810753489,0.1508903689232003,0.192540260978981,0.1447239429307299,0.1674705779353085,0.125571704088075,0.1468114607838158
373,0.1338095936184088,0.130456571525184,0.1413376147262705,0.1367415451522129,0.1434430898396907,0.1506489882702058,0.1922845163335141,0.1444068357725062,0.1671869074348822,0.1253481444508101,0.14656638071236855
374,0.1335732031496063,0.130222736373294,0.1411232137709508,0.1364333035828127,0.1432376409679003,0.1504033494051235,0.1920371629853559,0.144126707348839,0.1669015870505114,0.1251511076899693,0.14632100123243635
375,0.133401177614276,0.1299522163274034,0.1408805779430215,0.1361237614450358,0.143040015684385,0.1501471799276832,0.1918455770272903,0.1438253460054957,0.16665348639791,0.1250216801505634,0.14608910185230645
376,0.1332290404015107,0.1297257125889228,0.140700256071137,0.1358116086722954,0.1428361288179762,0.1498965343033242,0.1916329895535298,0.1435516712741895,0.166353079109737,0.1248500053613031,0.14585870261539255
377,0.1330339317370352,0.1294910056925997,0.1404877572932154,0.1354906326645567,0.142583603734852,0.1497044527275474,0.1914067757034143,0.1432598837500626,0.1660915601477248,0.1246767743032776,0.14562263777542855
378,0.1328185370953488,0.1292734527514767,0.1402434891165336,0.1351846461431543,0.142365275086905,0.1495110357815443,0.1912153053342221,0.1430151756590022,0.1657676265361382,0.1245249100621389,0.1453919453566464
379,0.1325905534088286,0.1290999114848418,0.14002070923424,0.1348864697436721,0.1421545382282505,0.1492749425471514,0.1909982276938657,0.1427578668499235,0.1654546351187201,0.1243400886484136,0.14515779429579073
380,0.1324113408490295,0.1288754283622836,0.1398009410884684,0.1345902010584659,0.1419546124492721,0.1490489145355888,0.1908114170019195,0.1424363703155793,0.1651813312633417,0.1241740801572125,0.14492846370811613
381,0.132212811833899,0.1286960031590838,0.1395861676290676,0.1342747051002871,0.1417191423410004,0.1488642047504697,0.190588527508133,0.1421733110958791,0.1649336294599558,0.1240172740020746,0.144706577687985
382,0.1320829336206345,0.1284698204977425,0.1393895246611541,0.1339958150672498,0.1414391828339958,0.1486319541102534,0.1904019308571248,0.1418990391138631,0.1646568643838962,0.1238488047784919,0.1444815869924406
383,0.1319206998543197,0.1282086682630684,0.1391504014344457,0.1336750437528817,0.1411854249655542,0.1484236019374725,0.1901992923084138,0.1416035814684463,0.164368111230473,0.1237038075846149,0.14424386327996902
384,0.1317344573363817,0.1279698593635078,0.1388865059470903,0.1334013493642417,0.1409115657112087,0.1481652350194956,0.1899212237401643,0.1413280338175148,0.1640609416654099,0.1234978306864455,0.14398770026514604
385,0.1315802427898154,0.1277462279733643,0.138693553526442,0.1331075907265516,0.1406612552068317,0.1479217162962579,0.1897258072453296,0.1410179816370232,0.1637399516404782,0.1232950495237462,0.14374893765658403
386,0.131379671630616,0.1275656382156448,0.1384459539953736,0.1328256992955462,0.1404144211780855,0.1476880526363527,0.18952762025761,0.1408056040964449,0.1634429136058361,0.123123612944745,0.14352191878562548
387,0.1311675323133002,0.1273807583752608,0.138271171425319,0.1324988675290586,0.1401379083772607,0.1474467151714817,0.1893108641810028,0.1405311177308135,0.1631463314577435,0.1229648913381963,0.1432856157899437
388,0.1309807837764036,0.1271555985122835,0.1380430556138095,0.1322371064561093,0.1399510151609185,0.1472329195724958,0.1891190407129711,0.1402735108369933,0.162906582780855,0.1227909427500129,0.14306905561728525
389,0.1308083838106389,0.126988274702781,0.137832891364135,0.1320056292301364,0.1397371083266422,0.1470096401699663,0.1888951261020332,0.1400092861610841,0.1626466398008472,0.1226400053480577,0.1428572985016322
390,0.1306580891450427,0.126804245340391,0.1376125343967508,0.1317477246422878,0.1394788629648397,0.146795207193328,0.188680266380894,0.1397307706198908,0.1623748321768698,0.1225114435610818,0.14263939764213768
391,0.1305105531321638,0.1265943382269122,0.1373509533799875,0.1314833567177899,0.1392465586254027,0.1465547193689636,0.1884795593884352,0.1394677592427665,0.1620857101397061,0.1223444198250729,0.14241179280472005
392,0.130386792655633,0.1264033738622404,0.1371460038373302,0.1312061139583961,0.1390039371898976,0.1463187474716341,0.1883103355561699,0.1392142373335694,0.1618203519029398,0.1221572496715002,0.14219671434393108
393,0.1302262188572476,0.1261864946186783,0.1369146433059555,0.1309683605331434,0.1387946377666014,0.1461201092906671,0.1881822792174122,0.1389378133254432,0.1615831555177541,0.1219827514238539,0.14198964638567566
394,0.1300819781138383,0.126007002622678,0.1366917424433371,0.1307022851717954,0.1385755233151597,0.1459244624897955,0.1879869985750136,0.1386610808984808,0.1613056328319869,0.1218128613050917,0.1417749567767177
395,0.1298740377306664,0.1258578249832807,0.1364519414554935,0.1304497171116948,0.1383162506119633,0.1456888699525238,0.1877713452204309,0.1383951993548539,0.1610301308769796,0.121685029111662,0.14155203464095492
396,0.1296720941818705,0.1256761646638177,0.1362215684573719,0.1301651119892086,0.1380631564267302,0.1454783472766003,0.1875341287514042,0.1381619947640635,0.1607623262566582,0.1215270898580317,0.1413261982625757
397,0.1295054409500355,0.1254752395024068,0.1360010042235046,0.1299469006570583,0.1378136799181084,0.1452200775041113,0.1872765618046075,0.1378693197894855,0.1605139844671647,0.1214081409906583,0.14110303498071405
398,0.1293265939514596,0.1253020654126548,0.1357615358634021,0.1297005928432307,0.1376112574518231,0.1450074772193262,0.1870532573440137,0.1376213051277409,0.16027368658377,0.1212502143616595,0.14089079861590803
399,0.1291235795654067,0.125138022055095,0.1355542524935988,0.1295004512784648,0.1373849154994363,0.14482102913556,0.1868548820142596,0.1373296726479999,0.1600142945109078,0.1210979408123199,0.14068190400130487
400,0.1289624698551881,0.1249484007541428,0.1353154254850456,0.1292632265846224,0.137144439110866,0.1446483545959783,0.1866474099487121,0.1370569124693233,0.1597263863408787,0.1209736370581922,0.14046866622029494
401,0.1287559419885001,0.1247206523608385,0.1350883806303471,0.1289788126137764,0.1369442719909766,0.1444792045521205,0.1864149168880924,0.1368030387770321,0.1594296433403533,0.1207987392862001,0.1402413602428237
402,0.128558065040273,0.1245082051932554,0.1349059534407971,0.1287245726090347,0.1367004073454497,0.1442975440599758,0.1861722997451683,0.1365045853654002,0.1591897380626566,0.1206396266432716,0.14002009975052826
403,0.1284168128851254,0.1243200492823146,0.1346826839540681,0.1284927344658629,0.1364578052113273,0.1441216648231895,0.1859543223802397,0.1362533736745658,0.1589380423049151,0.1204998060844388,0.13981372950660473
404,0.1282082705326497,0.1241442064255753,0.1344751945685592,0.1282720261188295,0.1362474746525592,0.143979142086536,0.1857536109708819,0.1360135161669619,0.1587190116476472,0.1203737716714263,0.13961862248416262
405,0.1280534872962205,0.1239599120645729,0.1342420180927924,0.1280641232541128,0.136000178021803,0.143797759171246,0.1855135786299682,0.135741310606933,0.158466258184254,0.1202399715635772,0.139407859688548
406,0.127884697479493,0.1237563946265399,0.1340327118663904,0.1278251169877026,0.1357612577159233,0.1436541741591625,0.1853041533266085,0.1354846488810494,0.1581834471663829,0.1201406672496584,0.13920272694589111
407,0.1277694895857175,0.1235557351463252,0.1338508266401507,0.1275935178216039,0.1355502728308029,0.1434586873941279,0.1850891661868213,0.1352055084697245,0.1579100913051262,0.1199822353762465,0.13899655307566466
408,0.1276226757907903,0.1233696126536973,0.1336796260690226,0.127348074120629,0.1353619849604503,0.1432715671495805,0.1848807262542762,0.1349386647363337,0.1576235201150109,0.1198419563558879,0.13879384082056787
409,0.1275165315687519,0.1232160011420835,0.1335000429434609,0.1271210020294033,0.1351852863938047,0.1430858544825275,0.1846636056813048,0.1346902779801807,0.15737329086555,0.1196839974713587,0.1386035890558426
410,0.1273889755306905,0.1230345383407268,0.133326693688209,0.1268800118120239,0.13495347000605,0.142890008834448,0.1844938407534205,0.1344377473564226,0.1571219364427236,0.1195189946778624,0.13840462174425774
411,0.1272949038111043,0.1228564984842518,0.1331651308378423,0.1266573571674773,0.1347440567749541,0.14270793487043,0.1842978987175112,0.1342121423460469,0.1568603454785727,0.1193319766608208,0.1382128245149011
412,0.1271581435887246,0.1226479250762571,0.1329820319171709,0.1264423624104854,0.1345170597406652,0.1425538469592372,0.184107841516504,0.1339493780355904,0.1565949831752829,0.1191636233235946,0.13801171957435124
413,0.1270306522037745,0.1224622302158273,0.1328084650716516,0.126221783135593,0.1342965447759485,0.1424026445718176,0.1839084953735226,0.1337361627770822,0.156342165344446,0.1190033831221258,0.13782125265917894
414,0.1269013195717006,0.1222448245253592,0.132596466610661,0.1260069916774367,0.1340738449033271,0.142223832076138,0.1837610280015343,0.1335071288538366,0.156077026385181,0.118820867110834,0.13762133297160084
415,0.1267811646136618,0.1220325381770109,0.1323716564478796,0.125802604701554,0.1338612973150205,0.1420400070437321,0.1835689135764924,0.1333014925707375,0.1557788590079487,0.1186647449549612,0.1374203278408999
416,0.1266697007127588,0.1218299724826351,0.1321692984992067,0.1255962321906862,0.1336526112624886,0.141869756886125,0.1833701271316948,0.1331072546046181,0.1554876408938105,0.1185476253694378,0.13723002200334616
417,0.1265282282496346,0.1216526648477808,0.1319766401816117,0.1254199194638103,0.1334347446075257,0.1417279361408314,0.1831693628221151,0.1328783214914136,0.1552219180624507,0.1184375237413039,0.13704472596084777
418,0.1263899842928331,0.1214601656677217,0.1317491986018545,0.1252788379959303,0.1332218227964719,0.1415716173243159,0.1829494151047863,0.1327012101933466,0.1549600480256506,0.1183874599463064,0.13686697599492173
419,0.1262498532047887,0.1212586911653437,0.1315353816979151,0.1251088143168742,0.1330135599784734,0.1413841125273312,0.1827408887667087,0.1324820005228156,0.1546864229656594,0.1182974432063574,0.13667571683522678
420,0.1261165275960824,0.1210934238520148,0.1313865173497599,0.1248936868939874,0.1327793796005623,0.1412143482396021,0.1825128755465371,0.132274450542167,0.1544230415297831,0.1182110441498916,0.13649052953003876
421,0.1260196960947246,0.120912335305878,0.1311865460864567,0.1247703836930455,0.1325346195876103,0.1410589595555487,0.1823015691268737,0.132091022062015,0.1542016610076167,0.1180957204328332,0.13631725129526023
422,0.1258664560704683,0.1207455127578887,0.1309626062348316,0.1246006732217202,0.1323067071604828,0.1408874340910098,0.1820895896304134,0.1318907991421438,0.1539325810562538,0.1180035998200089,0.1361285959185221
423,0.1257589813302344,0.1205514468990591,0.1307395818216322,0.1243902673336204,0.132064334387387,0.1407233607689333,0.1818721296692263,0.1316798010124695,0.153679107099671,0.1178618783113449,0.13593208886335784
424,0.1256497635990675,0.1203733600973397,0.1305419138210513,0.1241622636522811,0.1318479598136362,0.1406018864390158,0.1816601919693664,0.1314943500972613,0.153461380929843,0.1177475837429707,0.1357540654161833
425,0.1255328168316724,0.1202150980461247,0.1303376633469895,0.1239669805415164,0.1316388871663581,0.140447771528048,0.1814556634304207,0.131291979553802,0.1532369361068622,0.1176188653730848,0.13557426619248786
426,0.1253806335262932,0.1200863625381624,0.1300840491517579,0.1237985988801556,0.1314296962829951,0.1402868483186341,0.1812606103639223,0.1311174217308031,0.1530064504447412,0.117467399441406,0.1353918070678871
427,0.1252404499160313,0.1199651038996884,0.1298249133786627,0.1236117586400509,0.1312094820218681,0.1401225255995085,0.1810448423482455,0.1309386424052142,0.1527630486010166,0.1173074742851341,0.135202824109542
428,0.1250827297573938,0.119805312557351,0.1296103648692994,0.1233991520013596,0.1309891394126847,0.139965922597952,0.1808305645936086,0.1307598621184794,0.1525158299437483,0.1172154497274124,0.13501743275792893
429,0.1249672361843752,0.1196467047861445,0.1294034422243551,0.123224539109423,0.1308112999202502,0.1397965613926707,0.180593189333065,0.1305542758794718,0.1522817478134372,0.117099226600726,0.13483782232439187
430,0.1248221439596325,0.1194562023489729,0.1292013839450977,0.1230123096927994,0.130615382934557,0.1396319381768953,0.1804280879324382,0.1303655950060874,0.1520803107648217,0.1169900917354156,0.13466034464967175
431,0.1246610464254965,0.1193098470035853,0.1289915764455047,0.1227891683579625,0.1304213530282194,0.139442206075189,0.1802158900931434,0.1301699940360497,0.1518710882462615,0.1168864250266976,0.13447585947381097
432,0.1244869571175893,0.1191400505477446,0.1288153821351464,0.1225721858044823,0.1302051293197131,0.1392585402805144,0.1800172294499959,0.1299680879971072,0.1516756041724195,0.1167629108863741,0.13429020777110867
433,0.1243230105505958,0.1189331405566373,0.1286215381205963,0.1223631561635353,0.1300481219436062,0.1390803736708424,0.1798232320946985,0.1297565435976663,0.151447672352523,0.1167033972107287,0.134110018626143
434,0.1241757999475967,0.1187745803357314,0.1284401029703656,0.1221651721579677,0.1299018577732232,0.1388757634632517,0.1796288645138288,0.1295908676848682,0.1512554689386438,0.1166365922339176,0.13394450700193947
435,0.1240374951927877,0.1185991084816515,0.1282468410918466,0.1219763408390522,0.1297496156309367,0.1387032127929286,0.1794604460648617,0.1294073081887036,0.1510368399888645,0.1165514253494967,0.13377686336211295
436,0.1238734155485524,0.1184281160071461,0.1280900277396396,0.1218170668236578,0.1295575849342292,0.1385193182546292,0.1793053338810656,0.1292286259913703,0.1508978111198285,0.1164821377985562,0.13361994380986747
437,0.1236834373308983,0.1183225847067886,0.1278744996711049,0.121656794788329,0.1293900592071392,0.1383312243567621,0.1791320239750487,0.1290270797611304,0.1507297428006155,0.1163728216097141,0.1334520268207531
438,0.1235627203414132,0.1181826231699581,0.1277258927001634,0.1214809187519098,0.1292257607593256,0.138107901379363,0.1789375032101456,0.1288237629559734,0.1505660315302475,0.1162492413160261,0.13328623561145256
439,0.1234025061201826,0.1180592526384397,0.1275451839433415,0.121311806064095,0.1290791290595901,0.1379175884721338,0.1787730255391372,0.1286377577923292,0.1504012199202611,0.1161485271661494,0.13312759967156595
440,0.1232830410338172,0.1179438659576585,0.1273830628563141,0.1211495364193673,0.128919629761299,0.1377565128248485,0.1785893317337598,0.1284579319795742,0.150269877904326,0.1160578222378733,0.13298106127088377
441,0.1231223674161182,0.1177837658017298,0.1272091398158252,0.1209751632308012,0.1287576067708222,0.1375952608353732,0.1783690356173488,0.1282476660417698,0.1500741277425307,0.1159513811590502,0.13280855144313694
442,0.1229942810031204,0.1176384769015555,0.1270442943165953,0.1207774151751307,0.1285473794336154,0.1373981443706547,0.1781624796690474,0.1280487837925162,0.1499389827050747,0.1158607362313171,0.13264109735986276
443,0.1228710797621624,0.1174611586224286,0.1268989661703861,0.1205635099330812,0.1283699050290658,0.1372149856947486,0.1779570200573066,0.1278843350999133,0.1497819865611415,0.1157598813847657,0.13247628283149998
444,0.1227013582741342,0.1173141008578429,0.1267211092136843,0.1204125153292204,0.1281801278877453,0.1370337050442496,0.1777538850820325,0.127704762497278,0.1496014842452783,0.1156495038906166,0.1323072552322082
445,0.1225733886803708,0.1171561855864067,0.1265708637213454,0.1202440749948424,0.1279524642042135,0.1368327932003764,0.1775666685669931,0.1275274022898158,0.1494197486194747,0.11554692398238,0.1321390513846219
446,0.1224198553719008,0.1169612667539638,0.1264114086997425,0.1201011482593186,0.1277050607894135,0.1366470272329317,0.1774027418412943,0.1273373702779096,0.1492579102605138,0.1154531010090208,0.13196968904960094
447,0.1222794905613716,0.116792657665527,0.1262300306439417,0.1199349569558943,0.1274977685616996,0.1364362324978823,0.1771922066702734,0.1271513386701788,0.1490602059575999,0.1153811642043396,0.13179560523887082
448,0.1221237869316488,0.1166054133329461,0.1260270482573334,0.1197603516703515,0.1272862277596394,0.1362552810775883,0.1770159326658819,0.1269789804275758,0.148890269837029,0.1152560256688271,0.13161993176288211
449,0.1219913778078512,0.1164551116260784,0.1258742011373179,0.1195815085208343,0.1270667053448703,0.1361195651724807,0.1768311653640039,0.1268249741494926,0.1486975128493192,0.1151674361773513,0.13146095581496
450,0.1218507356144574,0.1162974844857012,0.1256589295512361,0.1194073491828983,0.1268825457072043,0.1359759198771779,0.1765995574885963,0.1266641238835752,0.1485313455559949,0.1150522523458606,0.13129202436927023
451,0.1216797712578979,0.1161623512168209,0.125487547007094,0.1192136104463335,0.1266831406654695,0.1357822090303271,0.1764365955682439,0.126500567370396,0.1483349523623684,0.1149368504144192,0.13112175953393707
452,0.1215256365382737,0.1159943881249191,0.1252924347853058,0.1190476638958273,0.1265369979818157,0.1356037560206439,0.1762396580283425,0.1263228806619483,0.1481637016021714,0.1148446184163168,0.13095717360555642
453,0.1213842528124327,0.1158393771134456,0.12513832023217,0.1188873219300485,0.1263652353438817,0.1354259048663154,0.1760566527441173,0.1261460092060166,0.1479688175923054,0.1147428862756299,0.1307954778116363
454,0.1212201033474531,0.1157244665288209,0.1249993416193284,0.1187301847622579,0.1261707304053609,0.1353015624936239,0.1758629915927487,0.1259826950721695,0.1477976669094337,0.1146514907133456,0.13064412334445424
455,0.1210629060892432,0.115551201001072,0.124812889044866,0.1186015185510356,0.1259059000843687,0.1351427556688085,0.175631651622253,0.1257956234558564,0.1475806620936975,0.1145382115618873,0.13046233191730883
456,0.1209350759770637,0.1153683104231971,0.1246663575299361,0.1184522052562864,0.1257080117821527,0.1350142731553012,0.1754312932828438,0.1256294525109093,0.1473978159975872,0.1144322758794554,0.1303035071794733
457,0.1207879822581649,0.1152071796036476,0.1244741291815317,0.1182981055458486,0.1255425126127815,0.1348658189801837,0.1752117220199407,0.125480870347031,0.1472040417250765,0.1143121436346417,0.1301384505908848
458,0.1206283553784285,0.1150594904574555,0.1243134622671104,0.1181415626620082,0.1253634009565215,0.1347005384327867,0.1750278335249716,0.1253815021032167,0.147052143467478,0.1142209535943548,0.1299889242844332
459,0.1204855275630231,0.1149072222569729,0.1240616605641415,0.1179797590565093,0.1251957074931313,0.1345465209084093,0.174815431625903,0.1252372535391302,0.146893164019052,0.1140947628582155,0.1298217009884488
460,0.1203513363628746,0.1147413905891777,0.1238647004219751,0.1178203532717783,0.1249966019898585,0.1344111496926767,0.1746216067885338,0.1250794161537956,0.1467400637117045,0.1140077540550294,0.12966343730374044
461,0.1202090841610265,0.1146010087725463,0.1236924560573528,0.1176814290062151,0.1248067036310662,0.1342711565578258,0.1744375367174059,0.1248766160848263,0.1466235133949631,0.1139096931517193,0.12951091975349474
462,0.1200478918646362,0.1144445757456797,0.1235091531727032,0.1175369082741249,0.1246175118546368,0.1341157303752969,0.1742422905823492,0.1247088691417944,0.1464658787883792,0.1138341953822139,0.12935230051818145
463,0.1198696871342654,0.1143210244073974,0.123361325602263,0.1173866901529129,0.1244433323763078,0.133948672043558,0.1740603177529756,0.1245484589339113,0.1463217760116946,0.1137819372934608,0.12920432217087469
464,0.1197278330353702,0.1141738897337114,0.1231939675155388,0.1172378530096388,0.1242920189147454,0.1338066239380056,0.1738382761719647,0.1244339883234319,0.1462139255455712,0.1136907552599183,0.12906091314478962
465,0.1195909483251287,0.114057041175418,0.1230374542782723,0.1170779220779221,0.1241173285703439,0.1336352007881366,0.1736280384197611,0.1243013904088557,0.1460911184507077,0.1136229222460662,0.12891593647406124
466,0.1194594512237078,0.1139476074685538,0.122835723129768,0.1169458341988387,0.1239640836354432,0.1335148483461437,0.1733975717443884,0.1241310101888741,0.1459827825507498,0.1135232376742513,0.12877021501607186
467,0.1193172805754831,0.1138331430583943,0.1226792373894333,0.1167982167033088,0.1237771007087685,0.1333698344452681,0.1732052792737471,0.1239738632379183,0.1458420679135704,0.113456213813763,0.12862522371196547
468,0.1191942565121948,0.1136850467990699,0.1225301033619975,0.1166506303294487,0.1236076062338115,0.1331972818627838,0.1730284467879921,0.1237996654609975,0.1457089918888073,0.1134009856347752,0.12848030148718786
469,0.1190342916251927,0.1135400430812124,0.1223793281192692,0.1165184513006654,0.1234601748551281,0.1330343744959103,0.1728425725793299,0.1236273393747892,0.1455336518264307,0.1133447402452279,0.12833149675031558
470,0.1188995422588,0.1133595226216525,0.1222444755615416,0.1163874731799077,0.1232762982873697,0.1328753539964556,0.1726310939510939,0.1234256897074722,0.1453701859028089,0.1132777850838321,0.1281747420550934
471,0.1187422428712108,0.1132118313767216,0.1221044817346867,0.1162487807166552,0.1231194775637492,0.1327155544591093,0.172415500465248,0.1232575947144938,0.1452223874024909,0.1132285892494138,0.12802664405537795
472,0.1185827844981427,0.1130716869000841,0.1219384915167499,0.1160990491716327,0.1229550703915529,0.1325794996405913,0.1722258660716298,0.1231003347717553,0.1450925927791738,0.11317517251062,0.12788205482519327
473,0.1184601600556715,0.1129534501824507,0.12177567570221,0.1159513619509689,0.1227941842078966,0.1324220974213373,0.17200683734478,0.1229502762644261,0.1449829530606091,0.1131230384232425,0.12774200346135928
474,0.1183504970734858,0.1128195724247423,0.1216157775766764,0.1157962132033287,0.1226616281365387,0.1322650340310625,0.1717989355953631,0.1228490933079093,0.1448631428216164,0.1130162943406061,0.12760361885113292
475,0.1182496647420197,0.1126932214542341,0.1214839133289559,0.1156601530430472,0.1225087557136393,0.132083850522102,0.1716400729056904,0.1227071239852044,0.1447286417683201,0.1129890483027884,0.12747444457660015
476,0.1181256478175745,0.1125504165391809,0.1213589626614262,0.1155219062705251,0.122387972592826,0.1319305380879592,0.1714967874957891,0.1225774282844238,0.14461051662984,0.1129161958763468,0.12734763722558912
477,0.1180332497764261,0.1124065588022216,0.121180745316247,0.115381203469761,0.1222156927436101,0.1317589291401812,0.1713080461352515,0.1224159370565442,0.1444714025704033,0.1128248522397102,0.1271996617250356
478,0.1179105706589229,0.1122953715392547,0.121038417136371,0.1152682310594261,0.1220824580391214,0.13157644750246,0.1711311204559868,0.1222894081103874,0.1443121060358339,0.1127622568697796,0.12706663874075438
479,0.1177963701376923,0.1121831015705517,0.1208855854286433,0.1151219657237567,0.1218961700927684,0.131407514995024,0.1709670945251576,0.122159718825126,0.1441551866627821,0.1126834164285847,0.1269256124390087
480,0.1176949963488103,0.1120537569227168,0.1207239874487086,0.1150214734787226,0.1217229824770991,0.1312261709900372,0.1707898863190905,0.1219859085928911,0.1440354918437962,0.1126357470911004,0.12678904015129727
481,0.1175942171966305,0.1119445220606529,0.1205764162865244,0.1148773991277981,0.1215686807852966,0.1310624088086756,0.1705974715377534,0.1218475960800732,0.1438740112437123,0.1125770650763493,0.12665197882034662
482,0.1174640355858413,0.1117972146538079,0.1204500063421778,0.1147357909033588,0.1214196841907436,0.1308805528793414,0.1704223045634702,0.1216783527366193,0.1437736461752828,0.1125214894398462,0.12651430774704892
483,0.1173517836200433,0.1116494474222562,0.120328019725666,0.1145852235041914,0.1212768878149387,0.1307266603601563,0.1702451542980094,0.1215185576243224,0.1436814500926827,0.1124802651183537,0.126384344958062
484,0.1172165134918212,0.1115459234188436,0.1202081946516699,0.1144934762286705,0.1211284190032638,0.130590997827507,0.1700538621447687,0.1213591714351282,0.1435452443922029,0.1123815253182439,0.12625233279121198
485,0.1171122725760398,0.1114196875473987,0.1200708829405782,0.1143649439367081,0.120983067114554,0.1304378658987136,0.1698541841723131,0.1212176922326234,0.1434240810885822,0.1122977559767527,0.1261182433484264
486,0.1169582401137201,0.1112796895658802,0.1199297316437959,0.1142957844845322,0.1208281452153741,0.1302799866929531,0.1696696696994259,0.121064943624156,0.1432955369747833,0.1121810103751261,0.1259782738389747
487,0.1168231194514345,0.1111487553711241,0.1197571314619972,0.1142108935522691,0.1206675031462752,0.130118310390345,0.1694540461673507,0.120917870245149,0.1432038665896227,0.1120763385805827,0.12583778349561503
488,0.1166918976028432,0.1109834471436344,0.1196298106801266,0.1140809029382695,0.120505451616197,0.1299503035593676,0.1692758013996386,0.1207766015934399,0.1430738860031212,0.1120013728469184,0.12569694753835564
489,0.1165850346977772,0.1108687448697648,0.1194708851188507,0.113946413339957,0.1203686148668406,0.1297670219275689,0.1691037589191188,0.1206117682933631,0.1429691246363788,0.1119437229911635,0.12556350896607835
490,0.1164868435723046,0.110752813916094,0.1193210302598279,0.1138126178292485,0.1202306033103583,0.1295836540316222,0.1688800467248437,0.1205117026329068,0.1428354256476448,0.1118566320523989,0.12542713699772495
491,0.1163870641785095,0.1106507967375085,0.1191960082634365,0.1136835210605279,0.120056735923989,0.1294375935382253,0.1686943437394113,0.120417970926498,0.1427276425272022,0.111759654428117,0.12530113313234253
492,0.1162317820523966,0.1105152961192125,0.1190620882029411,0.1135679894992598,0.1199107786843016,0.1292799540673851,0.1685244565854573,0.1202882118490993,0.1425755255919522,0.1116761921350475,0.12516322747870529
493,0.1161075389868044,0.1103897166255642,0.1189303806832333,0.1134660525303863,0.1197332053671054,0.129140368823874,0.1683125984436161,0.1201762227787637,0.1424227850724843,0.111597250006789,0.12502761193186207
494,0.1159602994709911,0.1102717207619768,0.1188176661067335,0.1133731465005931,0.119582512866413,0.128960081129278,0.1681217472480455,0.1200642829036161,0.1422724748789902,0.1115361006134792,0.12489600324801164
495,0.1158154432323796,0.1101484781613795,0.1187026486905685,0.1132838517587011,0.1193886539652892,0.128831062791378,0.1679061692992139,0.1199204505843286,0.1421250668602429,0.1114264573877871,0.12475482827312682
496,0.1156857201509566,0.1099863482679769,0.1185536914936157,0.113194967764316,0.1192037633730038,0.1286867267786516,0.1677001759469487,0.1198018737197804,0.1420035222408161,0.1113427245667833,0.1246159514302849
497,0.1155429658211875,0.1098663448787208,0.1184192633719808,0.1130649965848441,0.1190418108788284,0.1285534396449398,0.1674894757575523,0.1196782303445176,0.1418780450698868,0.1112248206828854,0.12447593930353436
498,0.1154118109647178,0.109777302975428,0.118272723906503,0.1129593519979573,0.1189018666982002,0.1284242204682706,0.1673504557566369,0.1195405541341381,0.1417518998149992,0.1111657829754697,0.12435559696923208
499,0.1152702648581045,0.1097131435035386,0.1181428787817213,0.112856056190361,0.1187713921217628,0.1282850587240163,0.1671594393173697,0.1194028516933974,0.1416280326767069,0.1110853476371536,0.12423144655041322
500,0.1151264868654541,0.1095962487081571,0.1180102197852831,0.1127157597126617,0.118646228046295,0.128147128663204,0.1670035519141403,0.1192658394332725,0.1415043711181297,0.1109809156698682,0.12409967499164658
501,0.1150113266907577,0.1094889914396147,0.1178692059160476,0.1126141114044803,0.1184981454053587,0.1280004183206162,0.1668268412018974,0.1191404632270956,0.1413707335093741,0.1108792877385931,0.12396995248538353
502,0.1148814896787166,0.1093552633259322,0.117780520741022,0.1125008556842925,0.1183634199490926,0.1278755905339594,0.1666494910309963,0.1189978075007314,0.1412488810152483,0.1107868520415318,0.1238440171501523
503,0.114763988221964,0.1092291589302227,0.1176558080526075,0.1123973772314332,0.1182273306133784,0.1277677610137927,0.1664855830219083,0.1188347421359621,0.1410978804209135,0.1107205490032133,0.12371801786453958
504,0.1146301856902402,0.1091379636037351,0.1175415375847556,0.112301096200274,0.1180817553882866,0.1276431792405752,0.1663599554524221,0.1186562704502469,0.1409734521558422,0.1106176657221993,0.12359430614885773
505,0.1145365154411024,0.1090331742044462,0.1174250421469905,0.1121741351653896,0.1179416986036258,0.1274936448963629,0.166211101861877,0.1185001515714098,0.1408736587261261,0.1105448925418676,0.12347340151591976
506,0.1144329402612952,0.1089570338567711,0.1172902069607627,0.1120661854926019,0.11778589214028,0.1273673389748444,0.1660550751179127,0.1183632995668826,0.1407651802090633,0.1104742514991137,0.12335574040795276
507,0.1143263237716425,0.1088682498578917,0.1171730831340472,0.1119377386582746,0.1176394311210262,0.1272317905268376,0.1658631172032639,0.1182215051536081,0.1406617193021613,0.1103748759604829,0.12322978346892359
508,0.1142363411186934,0.108778780184755,0.11702081300342,0.1118029596204731,0.1174936357345599,0.1271099080591687,0.1656983839407287,0.1181321441235324,0.1405500107637831,0.1102873103919661,0.12311102869410803
509,0.1140923772724845,0.1086669643322379,0.116858759562496,0.1116483554889622,0.1173515573454281,0.1269744076220699,0.165509888292825,0.1179792397447681,0.1404320194362452,0.110175046037134,0.12296886151346509
510,0.1139255218974859,0.1085506223925044,0.1167046003446112,0.1115172971861336,0.1172162684279824,0.1268416099064553,0.1653026775101892,0.1178348118858951,0.1403061744864757,0.1100677683642931,0.1228267352402026
511,0.1137900340730602,0.1084286261235472,0.1165776449345735,0.1114041046393987,0.1170993344676818,0.1267072399225111,0.1651286974804848,0.1176959192162345,0.1401768798787614,0.1099908579269609,0.12269993386632141
512,0.1136669992269742,0.1083480921018569,0.1164407660159383,0.1113141674455869,0.1169642988267362,0.1265838165956931,0.1649689790524613,0.1175553355809596,0.1400218166299377,0.1099324440567278,0.1225796715532872
513,0.1135349218956844,0.1082790427952204,0.1163033179173985,0.1111874645808055,0.1168228348497115,0.1264151633284521,0.164802684386273,0.1174355158467922,0.1398819964244677,0.1098512368747344,0.12245141788995398
514,0.1134576609707383,0.1082177125576251,0.1161696460154857,0.1110689443680247,0.1166851291781388,0.1262345418200797,0.1646036248297493,0.1173129999314228,0.1397193052498177,0.109756625338513,0.1223226190259595
515,0.1133327270139031,0.1081209429480253,0.1160454277244066,0.1109719215203486,0.1165596429855122,0.1261178779698006,0.1644059923579915,0.1171304054907575,0.1395643617546129,0.1096651425335029,0.12219144422988612
516,0.1132034236534401,0.1080374093179862,0.1159267879663245,0.1108928322428165,0.1164131090956868,0.1259563091694535,0.164226937235243,0.1169802810441383,0.1394344894606622,0.1095820625484621,0.12206536417342131
517,0.1130790194311511,0.1079670789744241,0.1157874330198274,0.1108138260958399,0.1162437618805505,0.125782367455207,0.1640147931451352,0.1168283955555632,0.1393054145608424,0.1095043254275991,0.12193264155461399
518,0.1129407030016901,0.1078620382693307,0.1156741996900598,0.1107012745973382,0.1161275042735948,0.1256389111796258,0.1638261108164648,0.1166932311537382,0.1391989161908738,0.1094377123442808,0.1218100601516997
519,0.1127934110350354,0.1077626778772581,0.1155698940693692,0.1105712048431534,0.1159929268163618,0.1255082971886139,0.1636405688719027,0.1165770581268555,0.139064659646504,0.1093440744951917,0.12168247729702455
520,0.1126531421121251,0.1076701690149251,0.1154544965586076,0.1104508594757574,0.1158712602569022,0.125322954812258,0.1634295305458692,0.1164478609370472,0.1389170602706694,0.1092794134484425,0.12154967474326037
521,0.1124933741292703,0.1076493772662777,0.1153115981812294,0.1103267131025739,0.1157351727287097,0.1251779822961813,0.1632201307906891,0.1163494966076864,0.138777178961342,0.1091988795757053,0.12142399036396649
522,0.1123522213953165,0.1075866107733348,0.1152008407286314,0.110215681491484,0.1156209846729731,0.1250169749667218,0.1630103449723398,0.116253680587235,0.1386532740103994,0.1090739499058905,0.12129845635043264
523,0.1121988567185057,0.1074957696158985,0.1151031532983823,0.1101130298109389,0.1155220709361742,0.12490720639005,0.1628046941585262,0.1161036336612835,0.1385418032389405,0.1089930810891594,0.1211783298917859
524,0.1120567312331978,0.1074104183494415,0.1149713598310265,0.1099805084289984,0.1154129737917122,0.1247914230866116,0.1626006730617221,0.1159761842494648,0.1384233362366528,0.1088864596997521,0.12105100679685796
525,0.1119368007621327,0.1073654242058356,0.114839484395964,0.1098924386798331,0.1152942328754481,0.1246615948950599,0.1623847283539873,0.1158601031821655,0.1382940553706608,0.1088103759128902,0.12093392386339771
526,0.1118394662603216,0.1073394715717091,0.1146921354652701,0.109784914565277,0.1152056549909909,0.1245112677907934,0.1621873021271669,0.1157507264154821,0.1381993696807893,0.1087499177161028,0.12082602265839033
527,0.1117177327940768,0.107266895743904,0.1145575253526436,0.1096638695297673,0.1150724375100776,0.1243868367452619,0.1620141472563854,0.1156219163187641,0.1380517387525999,0.1086922817774483,0.12070453817809287
528,0.1115988394941069,0.1071829433164757,0.1144643885016817,0.1095444005614575,0.1149798961937716,0.1242356330253106,0.1618033538370093,0.1154836373623936,0.1379107086057293,0.108629368748424,0.12058331696463602
529,0.1114761414378732,0.1071229346764147,0.1143372029653723,0.1094058696409659,0.1148634921292604,0.1240484841193455,0.1616141752095585,0.1153796052609179,0.1377611887367898,0.1085723788736199,0.12045814730501181
530,0.1113332624469416,0.1070313432296869,0.114230855552563,0.1092616228881489,0.1147493746425298,0.1239094619856963,0.1614134857655234,0.1152848920569988,0.1376305480256777,0.1085032816528814,0.12033481282466478
531,0.111210733439838,0.1069165624254654,0.114107227151348,0.109167121007286,0.1146515018153812,0.1237957356208132,0.161202516243207,0.1151719981691502,0.137519882190078,0.1084382117095063,0.12021814897720735
532,0.1110833965818685,0.1068182627650485,0.1139785263259233,0.1090409794267178,0.1145520426805733,0.1236740345645613,0.1610160013426701,0.1150649940537715,0.1373767051601467,0.1083671127979535,0.12009720556992345
533,0.1109609230108588,0.1067154027411585,0.1138567326051564,0.1089192811375181,0.1144324148048733,0.1235560623259397,0.160792521939279,0.1149553337812334,0.1372390140805446,0.1082768576886977,0.11997045441152594
534,0.1108519475786859,0.1066098972489453,0.1137527263513629,0.1088126195158567,0.1143201599663804,0.1234319504989395,0.1605498122973665,0.1148276103123868,0.1370947533349826,0.1081859625464183,0.11984374396513249
535,0.1107545116142816,0.1065294638147258,0.1136503510840039,0.1086952351254431,0.1141884299098558,0.123301217477498,0.1603147928427392,0.1146739316799629,0.1369619436473239,0.1080977194378148,0.1197167596633649
536,0.1106357157377803,0.1064445242571054,0.113541792403613,0.1085714587705665,0.1140696135453897,0.1231798981408245,0.1600740582131178,0.1145116358646971,0.1368704112049595,0.1079984799943103,0.11958975881323644
537,0.1105266775755461,0.1063746237900274,0.1134130402975273,0.108461452781725,0.1139443055208954,0.1230673086998996,0.1598568351167144,0.1143624998535425,0.1367647007538043,0.1079208709330789,0.11946923153227611
538,0.110400759239957,0.1063218086590643,0.1133017006762297,0.1083665215524138,0.1138157845698275,0.1229170433386404,0.1596528439713938,0.1142319551810996,0.1366227611492289,0.1078271852848782,0.11934583636227332
539,0.1102822754335056,0.1062427577384397,0.1131732145791789,0.1082617109705741,0.1137370775423535,0.1227568630619076,0.1594341674299708,0.1140976206589611,0.1365121373511591,0.1077436380943299,0.11922414628603806
540,0.1101719633580256,0.1061756116046991,0.1130501433730539,0.108167463312369,0.1136445270387685,0.1226302096455073,0.1592271676320858,0.1139645180071529,0.1363889466533576,0.1076801239739253,0.1191100674598945
541,0.1100274426082865,0.1060717173194292,0.1129204452850434,0.1080188865551493,0.1135268288576479,0.122491309405285,0.1590274228218935,0.1138394179244218,0.1362954043523151,0.1076086223242516,0.11898274974537233
542,0.1098968031286763,0.1059739544105732,0.112798404870583,0.1079055516584827,0.1134002735293178,0.1223525825546056,0.1588052088009207,0.1137258377676317,0.1361874612759979,0.1075240627379719,0.11885701407347608
543,0.1098018803565987,0.1059133261685465,0.1127007048465552,0.107788845683961,0.1132873569192645,0.1222103837403965,0.1586040330451757,0.1135940158011416,0.1360628997757639,0.1074437718026456,0.11874072181400493
544,0.1096997438651574,0.1058176271888646,0.1126008873492369,0.1077086836830592,0.1131472614141901,0.1220668165729752,0.1584078576646143,0.1134485526170352,0.1359648473015453,0.1073801331401878,0.11862424107968661
545,0.1095935739011265,0.1057377818530405,0.1125174197953131,0.107598967497759,0.1130383376659804,0.1219534517263618,0.1581862845480766,0.1133640716117922,0.1358568179401241,0.107315430899486,0.11851621374390602
546,0.1094853397411104,0.1056654842933461,0.1123966561238155,0.1075101259510938,0.1129235779374741,0.1218275500573102,0.1579915770224497,0.113253987552658,0.1357405220266918,0.1072215503041465,0.11840163710100962
547,0.1094012266190122,0.1056048520330819,0.1122688579175506,0.1073979606175679,0.1128336659017593,0.1216961090383004,0.1577618423917363,0.113136537808843,0.1356471020310552,0.1071539457290335,0.11829021000879403
548,0.1093166089114591,0.1055351949771409,0.1121571073148665,0.1073033808900761,0.1127448198265476,0.1215302087256436,0.1575589567538395,0.1130403219604306,0.1355303218855586,0.107078030093815,0.11817949513393775
549,0.1092198304843515,0.105474439095541,0.1120195410005841,0.1071858256410932,0.1126346915657542,0.1213852261881409,0.1573735375086029,0.1129602448281042,0.135421436579511,0.1070319373052677,0.11807067101969508
550,0.1091061466651211,0.1053957472723162,0.1119142208824698,0.1070538173332894,0.1125231385071035,0.1212239498086074,0.1571735330879323,0.1128386835487597,0.1353178721142859,0.1069695534038059,0.11795166626236912
551,0.1089750877793255,0.1053206142828672,0.1118076240284834,0.1069548382652961,0.1123919138906711,0.1210864554827971,0.1569968818263588,0.1127056779055942,0.1352162353595055,0.1069067574141776,0.11783620862350766
552,0.1088432032520324,0.1052643673626384,0.1117017086037221,0.1068522307129541,0.1122866586340622,0.120951740475223,0.1568205442963095,0.1125787298691433,0.135097696182966,0.1068477585057559,0.11772446378948069
553,0.1087136153129675,0.105196395908692,0.111620916840348,0.1067571017645993,0.1121885497825897,0.1207979589567855,0.156634043017834,0.1124627586162209,0.1349711232888734,0.1067912479128949,0.11761337114018051
554,0.1086006030612972,0.1051158482577737,0.1115299175069046,0.1066528699281092,0.112083262973413,0.1206497286678784,0.1564611688669897,0.1123524628327912,0.1348376670405815,0.1067282979113959,0.11750118270471346
555,0.1085073530481329,0.1050411591219169,0.1114086958375212,0.1065405526760179,0.1119635742789873,0.1205226704661103,0.1562842562055789,0.1122313028887651,0.1347217282265573,0.1066519388328929,0.11738732315824807
556,0.1084082477353085,0.1049201628052598,0.1112883936007801,0.1064392893905396,0.1118461152849465,0.1204044830427356,0.1561263736729569,0.1121428939465909,0.13459400519362,0.1065897841948526,0.11727597488675905
557,0.108301974268825,0.1048251190040278,0.1111775593952131,0.1063358719253329,0.1117712212301118,0.1202751544403736,0.1559558763807668,0.1120276063761409,0.1344624366969405,0.1065183200377049,0.11716511397554372
558,0.108199111902245,0.1047654165184582,0.1110783061056858,0.1062408605663254,0.1116888467443918,0.1201665935602706,0.1557674109947113,0.111924575746593,0.1343392378880606,0.1064551622988884,0.11706255223256301
559,0.1081208623473408,0.1047040019711587,0.111007459287838,0.1061770203328603,0.1116205094073147,0.1200563206228949,0.1556170736228367,0.1118118709198314,0.1342326188673708,0.1063923008096922,0.11697400381891385
560,0.1080429808138511,0.1046495706998393,0.1109134937705449,0.1060876579704074,0.1115130551433182,0.1199527795422082,0.1554260990055055,0.111701418394403,0.1341299290237225,0.1062783489865755,0.11686953333503755
561,0.107931596195246,0.1046318005955264,0.1107925194369245,0.1059980192671288,0.1113980041101361,0.11982964509932,0.1552463005413678,0.1115960258566407,0.1340128697627838,0.1062112556293892,0.11676480364944633
562,0.1078308623124419,0.1045848691091882,0.110670229604994,0.105888581885631,0.1113154455014159,0.1196990439672309,0.1551004048013425,0.1114886136203819,0.1338811946829317,0.1061522823891809,0.11666115278747388
563,0.1077438272636018,0.1044963077581312,0.1105317875238003,0.1058036166110446,0.11119825420344,0.1196060787682209,0.1549359522918115,0.1113655301406447,0.133770765273631,0.106108543694194,0.11655606635285201
564,0.107627857056668,0.1044573846260047,0.1104037128051196,0.1057269588844047,0.1111206296544551,0.1194746164438551,0.1547751527060072,0.1112589552983831,0.133654940447203,0.1060585731933969,0.11645587811154974
565,0.1075410136101959,0.1043992469155584,0.1103154425839051,0.1056413663510375,0.1110037474693352,0.1193742358120424,0.1545996484376951,0.1111520383488243,0.1335647535649265,0.1060422918229556,0.1163633784916476
566,0.1074597148528005,0.104299686560481,0.1101989805165746,0.1055805444992834,0.1109075334789264,0.1192672660999451,0.1544262581024555,0.1110656063743812,0.1334626022155682,0.1059895511584517,0.11626577438588677
567,0.1073889153720604,0.1042222009416646,0.1101398667447884,0.1055217485265538,0.1107752395683694,0.1191348147394396,0.1542628764116473,0.1109867949467276,0.1333433688968101,0.1059199889137326,0.11616958150617937
568,0.1072995026458861,0.104139278978489,0.1100389926616146,0.1054480805158802,0.1106661249655124,0.1189928786433878,0.1540970291984328,0.1108979955092362,0.1332362412369782,0.105871219362088,0.11606873437175054
569,0.1071876685298302,0.1040225139579544,0.1099134358251463,0.1053457555002239,0.110567509319479,0.1189030686583805,0.1539384785828329,0.110796023413838,0.1331147297111731,0.1058112179049652,0.11596004014038237
570,0.107121809870394,0.1039329874415911,0.109794776921057,0.1052427391529643,0.1105023154951506,0.1187783127274106,0.1537677979702775,0.1107018206080806,0.1330108463692073,0.1057760709646152,0.11586294775207481
571,0.1070085454690688,0.103839332091774,0.1096776330000126,0.1051654028876916,0.1103855947588476,0.1186663406477259,0.1535703855476367,0.1106086050550477,0.1329106553159337,0.1057222150958733,0.11575547098696118
572,0.1068936304248936,0.1037342080265031,0.109545953125941,0.1050634979085819,0.1103106509578029,0.1185581473702771,0.1534188716588685,0.1105241003142229,0.132813300916122,0.1056565390898447,0.11565188997930578
573,0.1068146627785604,0.1036279288787085,0.1094239634252447,0.1049907327416947,0.1102172354210299,0.1184541337599034,0.1532251090759011,0.110423772625914,0.1327005651183763,0.1055937935441157,0.11554718973694489
574,0.1067316610553788,0.1035496888737733,0.1093161210360534,0.104897377208522,0.1101090397190221,0.1183552430377483,0.1530536777829353,0.1103483958806725,0.1325931157408382,0.1055124028160486,0.11544667231509924
575,0.1066613200538391,0.1034211113538113,0.1092068264548763,0.1048342007179002,0.1099840390300387,0.118256474315626,0.1528691468660135,0.110270288927671,0.1324988689464397,0.1054579313095365,0.11534602079757524
576,0.1065727692975924,0.1033041644644288,0.1090925233321485,0.1047542546661939,0.1098754567423573,0.1181240743402428,0.1526988166961584,0.1101801106443726,0.1324016804554324,0.1054053907150721,0.11524092413539991
577,0.1064557764569454,0.1032140212853549,0.1089967065760164,0.1046837023550465,0.109777754443814,0.1180490682077247,0.1525542146751668,0.1100836739582287,0.1322955575979898,0.1053467321170404,0.11514572076733276
578,0.1063454079630128,0.1031261453807468,0.108911635347741,0.1046092540587635,0.1096856405443453,0.1179550721457263,0.1523645408055723,0.1099906298152338,0.1322164635419846,0.1052523391286574,0.1150457128731784
579,0.1062661925539315,0.1030257667334069,0.1087969699054815,0.104548529962125,0.1095987563249292,0.1178716585681087,0.1521989481775152,0.1098783446560168,0.1321181268770755,0.1052001370280146,0.1149503430786605
580,0.1061798065880745,0.1029311697225217,0.1086968882520864,0.1044889711067952,0.1095060943494425,0.1177570681034149,0.1520252405107857,0.1098131422012358,0.1320174048733645,0.1051526404333019,0.1148568426141023
581,0.1060784574325062,0.1028735864297253,0.1085670200734645,0.1044315061181359,0.1094069459997511,0.117663635575804,0.1518686635870423,0.1097506886545316,0.1319515411464948,0.1050645599728169,0.11476566049902726
582,0.1059884444035486,0.1027801636261311,0.1084494692801271,0.1043655965619107,0.1092864150463056,0.117557519554177,0.1516778572612052,0.1096618138954588,0.1318830938979862,0.1049934438044709,0.11466438173313212
583,0.1058844724451873,0.1026912697258268,0.1083549343202749,0.1043184792410077,0.109182425261266,0.1174605345107204,0.1515173325027774,0.1095756776124693,0.1318014851571813,0.1049210771711712,0.11457076879478825
584,0.1058005518202276,0.1026236973837241,0.1082703310523854,0.104252776299068,0.1091112145543623,0.1173542499811509,0.1513347705776696,0.1094840396572311,0.1317067016343861,0.1048669593289886,0.11448052922891935
585,0.1056800528208209,0.1025440746633121,0.1082029379163427,0.1041940777097119,0.1090272126694038,0.1172377455911464,0.1511696047640673,0.1094154802333847,0.1316190997161838,0.1047894007724681,0.11438796868568417
586,0.1055753478447475,0.10246042468072,0.1081339257745894,0.1041464061465256,0.1089286781720758,0.1171056657336697,0.1510201728416734,0.1093172795407963,0.1315149107758921,0.1047056060649329,0.11429084175756228
587,0.1055018738426154,0.1023658199465552,0.1080528812462939,0.1040821124465423,0.1088333440978277,0.1169609838041938,0.1508713668821808,0.1092035427082717,0.1314436781572882,0.1046585946208699,0.1141974197752639
588,0.105422511933138,0.1023001050041772,0.1079691664898867,0.1039950058799273,0.1087294233393244,0.1168495392109703,0.1507157301495195,0.1091271119480023,0.1313388931020293,0.1046053126155901,0.11410527996725653
589,0.1053624503386431,0.1022069538501084,0.1078751795117281,0.1039255509213526,0.1086245229862783,0.1167344122223966,0.150550739147612,0.1090221577268765,0.1312338671983809,0.104529147278247,0.11400649811816235
590,0.1052841587179773,0.1021076267083695,0.1077715033468452,0.1038897055019431,0.108543626747157,0.1166284167802551,0.1503678446499859,0.1089080692029416,0.1311449782125835,0.1044735836951494,0.11391195135632075
591,0.1052028239438107,0.1019967119453789,0.1076740819770356,0.1038610000197458,0.1084526213292919,0.1165089076799036,0.1501976495726495,0.1088225616602896,0.1310509968579688,0.1043908038273949,0.11381581588134693
592,0.105098685794784,0.1018811146038422,0.1075741193629541,0.1038039285844239,0.108385992066152,0.1163850250522111,0.1500297324239575,0.1087353064903845,0.1309448322918574,0.1043314860539824,0.1137170222724549
593,0.1050020881123313,0.1017682354549182,0.107486732684726,0.1037389735091821,0.1082804346239463,0.1162986368594063,0.1498759949371552,0.1086423279947213,0.1308581369738907,0.1042715380175185,0.11362230991677957
594,0.1048991039458769,0.1017046035049637,0.1073859492864753,0.1036716395589654,0.1081739513142719,0.1161793083142708,0.1497076689087804,0.1085544366094936,0.1307303663329753,0.1042058578261108,0.11352128856021841
595,0.1048100356491832,0.1016356943133125,0.1072772735340565,0.103601107051687,0.1080948601033129,0.1160421586430869,0.1495475972425214,0.1084393618864925,0.1306174159314068,0.104147886053602,0.11342133904086618
596,0.1047272899739927,0.1015419444285028,0.107169616764835,0.1035561882056167,0.1079872594321933,0.1159240601910904,0.1493698604837523,0.1083447065384993,0.1304864983241334,0.1040642069949804,0.11331716313375964
597,0.1046445873225806,0.1014611736542833,0.1070495076139984,0.1034889491183183,0.1078871512292155,0.115808510893848,0.1491937182016568,0.1082599693365684,0.1303609586705113,0.104010102289921,0.11321646283309014
598,0.1045574179414137,0.1013814074979085,0.1069718114386485,0.1034064647809805,0.1078037547906572,0.1157111547366606,0.1490107483797138,0.1081571956245895,0.130244316458595,0.1039519120186128,0.113119618366778
599,0.1044989318429645,0.101295124313852,0.1068924274593064,0.1033360103708382,0.1077112259903826,0.1156185269393005,0.1488516244189611,0.1080343922406122,0.1301462013595313,0.1039048094427153,0.11302892743784643
600,0.1044217577118249,0.1012034001460075,0.1067905651671394,0.1032853962300801,0.1076321026713954,0.1155112895784716,0.1486874313680721,0.1079391014206559,0.130038904896914,0.1038400529913127,0.11293500021818734
601,0.1043598380056218,0.1011071234586189,0.1067099560280304,0.1032300000596612,0.1075520204456455,0.1154161202250941,0.1485283192906031,0.1078362793872759,0.1299334147887801,0.103796702107117,0.11284697737964482
602,0.1042746953025846,0.1010333847128126,0.1066206426146632,0.1031932825032122,0.1074568053530708,0.1152968616589267,0.1483784839721421,0.1077401894851101,0.1298543798182301,0.1037277038975375,0.112757642931829
603,0.1042051293395864,0.1009690281912935,0.1065302855468796,0.1031493734246444,0.1073486665462735,0.1151968208152563,0.1482319840864127,0.1076530552157355,0.1297396113602391,0.1036708055339735,0.11266947600602946
604,0.1041530835772204,0.1009103152894394,0.1064658778944856,0.1030794627320024,0.1072807239703058,0.1150943919139224,0.1480867672538707,0.1075706228802849,0.1296421674394405,0.1036048877021689,0.1125888300653141
605,0.1040595339035978,0.1008253775618277,0.1063940078096842,0.103038710155122,0.1071920256720244,0.1150327093747641,0.1479425322727063,0.1074692860998334,0.1295274283837758,0.1035410832355299,0.11250226944688654
606,0.1039671858704596,0.1007531504521615,0.1063000731363607,0.1029951158073996,0.1070975433815573,0.1148889284295673,0.1477564951119656,0.1073786969946751,0.1294037554677029,0.1034842017043106,0.11240251463561601
607,0.1038862388195625,0.1006516108598356,0.1061993916462645,0.1029598055650655,0.1070137668641122,0.1147705294962968,0.1476048123555342,0.1072868082805386,0.1293096342562154,0.1033987436585877,0.11230813418020129
608,0.1037947410495978,0.1005662806518377,0.1061377155044729,0.1029127587268524,0.1068831601907649,0.1146794818982157,0.1474376852079913,0.1072003757884847,0.1292249327392409,0.1033378100531859,0.11221749418106441
609,0.1037023348432131,0.1005054701820149,0.1060511360276289,0.102879513324177,0.1067764788368575,0.1145632170066788,0.1473020634661283,0.1071253185385813,0.1291495674327265,0.1032687137623676,0.11213238134203737
610,0.1036118040053412,0.1004499341286955,0.1059957261299339,0.1028283302752294,0.1066670472811601,0.1144857353945744,0.1471483321775048,0.1070284630780881,0.1290219757264947,0.1031971674031072,0.11204345156001294
611,0.1035047078077806,0.1003891761552736,0.1059199289960004,0.1027689714137511,0.1065508204628946,0.1143705810741208,0.1469775612501806,0.1069371814347461,0.1289153748526878,0.1031370845460098,0.11194713879934455
612,0.1033874496558608,0.1003150663633417,0.1058303752871044,0.1027286304407609,0.1064332645856423,0.1142511188231033,0.1468201971827136,0.1068566270452211,0.1288053154733268,0.1030576725528116,0.11184857174098865
613,0.1033071054300883,0.1002392044672583,0.105725842907716,0.1027010782584315,0.10632689227938,0.1141207884416323,0.1466755177263688,0.1067872441935274,0.1287059411514988,0.1029976110886733,0.11175872259445745
614,0.1032074212859957,0.1001852983173564,0.1056463253295358,0.1026760628054887,0.1062439835202202,0.1139911462441389,0.1464902097817471,0.1067019501783057,0.1286162194165362,0.102943809252844,0.11167024261321687
615,0.1031127065444837,0.1001441952073531,0.1055559130381372,0.1026664314039364,0.1061676253321265,0.1138817694132411,0.1463245086108233,0.1066198153993318,0.128495854714765,0.102871985750822,0.11158408054150201
616,0.1030202479713854,0.1000458811793232,0.1054682358711741,0.1026405984650496,0.1060649838170724,0.1137860451965113,0.146203890138111,0.1065304085729569,0.1284334729887966,0.102793933695203,0.11149876978955835
617,0.1029363842254736,0.0999563514619534,0.1053795599802984,0.1025802122170547,0.105970693013425,0.1136771351074392,0.1460604089037582,0.1064392654029116,0.1283408069067776,0.102719763810434,0.11140605810295257
618,0.1028127543279713,0.099894468292598,0.1052788125448189,0.102538262647086,0.1058838306102653,0.1135905889968012,0.1459478626729051,0.1063624229641104,0.1282785043382249,0.1026681516310473,0.11132556590258283
619,0.1026980751982256,0.0998164829274652,0.1052177309516272,0.1025161646496383,0.1057991100546432,0.1134838153256838,0.1457919959593113,0.10627652514203,0.1282092631152497,0.1025879851316287,0.11123971484555029
620,0.1026115682267077,0.0997277765003781,0.105159802526112,0.1024607802685149,0.1057073906136516,0.1133862956783129,0.1456622184655202,0.1061942557389782,0.1281323011869237,0.102528590101968,0.11115709793070674
621,0.1025243343564851,0.0996525317789576,0.1051040778912977,0.1024233981481614,0.1056394588083732,0.1132854281004752,0.1455186291346225,0.1060866398722991,0.1280451160181307,0.1024619697226458,0.11107415838314483
622,0.1024446868760573,0.0995803415367279,0.105018026085826,0.1023748984594593,0.1055384073108179,0.1131663620740604,0.1453686192206677,0.1059808418434852,0.1279476865638473,0.1023844813537722,0.11098043513247213
623,0.102324883350404,0.0995163661471407,0.1049126846583945,0.1023433256976858,0.1054603455793785,0.1130615377565982,0.1452178405488118,0.1058826808343239,0.1278783890108199,0.1023346843423682,0.11089327379259255
624,0.1022300622818502,0.0994704128799355,0.1048198034821682,0.1023200709543009,0.1053429344640949,0.1129645858317597,0.1450977771441471,0.1057891405280878,0.1277739606708397,0.1023013130129615,0.11081100612501456
625,0.1021444021880107,0.0993676735765703,0.1047823119673101,0.102274827351425,0.1052646804520172,0.1128663540947303,0.1449508745923511,0.1056877891319638,0.127694761941253,0.102249191483155,0.11072828667787864
626,0.102048415327299,0.0992878135959672,0.1047292300454535,0.1022078903101804,0.1051875339048189,0.1127490197307233,0.1448304297259945,0.1055903617521416,0.1276131453865809,0.102212139540028,0.11064559793191872
627,0.101961317304881,0.0991984996686244,0.1046694411312827,0.1021818593923289,0.1050798256893841,0.112653036996174,0.1446889991020157,0.1054867772021309,0.1275188554008094,0.1021480143899773,0.11055866262776085
628,0.1018648144858139,0.0991296493274283,0.1046218928229392,0.1021495740057406,0.1049901874510619,0.1125131069876495,0.1445604632134511,0.1053907097863954,0.1274139376704096,0.1020965167465449,0.11047308524974345
629,0.1017856147512139,0.0990483676522288,0.1045723795457951,0.1021043935592574,0.1049198310914702,0.1123999688310216,0.1444255268738402,0.1053165911406189,0.127299756802079,0.1020529258464277,0.11039253560939528
630,0.1016896638938848,0.0989893863400634,0.104518801212577,0.1020427844496508,0.104846171118997,0.1122729728430121,0.1442842946142512,0.1052231205456894,0.1271866811174634,0.1020007675899067,0.11030546437254958
631,0.101615716511974,0.0989122745059661,0.1044754619200401,0.1020002888217489,0.1047629407266696,0.112162367630097,0.1441388783394015,0.1051358723046765,0.1270638542640225,0.1019521571088245,0.11022198121334206
632,0.1015491157072241,0.0988678340995555,0.1044076082712797,0.1019493791651061,0.1046756751398147,0.1120849235296438,0.1439859531361376,0.1050478019489777,0.1269895579827431,0.101915419989522,0.11014732689700044
633,0.1014349185004815,0.0988217983836088,0.1043461377113119,0.1019200486520503,0.1045910182061859,0.1119807641715284,0.1438459330059653,0.1049530909466364,0.126921935753849,0.1018711984946176,0.11006868438262352
634,0.101371926289556,0.098765853906315,0.1042589024098653,0.1018869443462313,0.1045075058885625,0.1118962035200863,0.1436868862165417,0.1048731802303231,0.1268724452941194,0.1017928817876193,0.109991272988922
635,0.1012841991332946,0.0987061983599122,0.1041937210635887,0.1018500218676214,0.1043965682407302,0.1117559227985863,0.1435687749118531,0.1047980792360326,0.1267984268706251,0.1017463967050862,0.10990983091873303
636,0.1012245598909808,0.0986376559718554,0.1041234469378662,0.1018220152779356,0.1043119547959672,0.1116495043020202,0.1434232231888944,0.1047073348805187,0.1266975273843698,0.1016757698724266,0.10982729925028349
637,0.1011488872601279,0.0985709072023132,0.1040446491909604,0.1017894430700874,0.1041956273935065,0.1115464342393491,0.1432958801498126,0.1046088242140734,0.1265669576509631,0.1016165346378196,0.10973841450090131
638,0.1010842060334445,0.098525490657676,0.1039675008887408,0.1017555806179433,0.1041028438416597,0.1114400161215869,0.1431601120138309,0.1045236698831445,0.1264915664386028,0.1015444629019712,0.10965954493986008
639,0.1010018482549485,0.0984706758713305,0.1038933321925061,0.1017138652298484,0.1040099717690377,0.1113563677977852,0.1430627634294832,0.1044487358289951,0.1263883764434545,0.1014892256371773,0.10958351624545663
640,0.1009240231518501,0.0983943952275088,0.1038239667755107,0.1016713526630684,0.1039090705956287,0.111271260878871,0.1429519249221907,0.1043985365598128,0.1263093867614424,0.1014359037103162,0.10950898212461999
641,0.1008742055121258,0.0982996726869225,0.1037416500214558,0.1016563122206596,0.103794574210772,0.111191503560879,0.1428413325324771,0.1043349094772303,0.1262091195148791,0.1013686934305772,0.10943119731679785
642,0.1007862232517551,0.0982588268039802,0.1036680425087769,0.1016285562572196,0.1036883279361072,0.111100595567867,0.1427372223939723,0.1042537500017171,0.1261191531969674,0.1013081790226482,0.10935488769410111
643,0.1007208910556414,0.0981929041634131,0.1035772770518086,0.1015834440054565,0.1035868151836271,0.111013486514177,0.1425889475006279,0.1041722904635672,0.1260512877632503,0.1012456882480957,0.10927330319496646
644,0.100676079426592,0.0981211162893919,0.1034954792345152,0.1015612115401667,0.103493066148939,0.1109213163357699,0.1424430387727525,0.104084102604822,0.1259525689896533,0.1012009535332467,0.10919489328758492
645,0.1006052297857304,0.0980622672783492,0.1034412481675624,0.1015113644693838,0.1033850733912821,0.1108212033862807,0.142312136330608,0.1039785398106124,0.1258619401445082,0.1011523809782033,0.10911313837425204
646,0.1005388319383567,0.0979870155003932,0.1033563935198658,0.101482064764861,0.103266063781126,0.1107144625643734,0.1421680968630866,0.1038990015853482,0.1257755509712323,0.1011068831434243,0.10902943646320676
647,0.1004665016098499,0.097898700323746,0.1032911128849956,0.1014217024256559,0.1031884022982956,0.1106267739955426,0.1420359305761235,0.1038072506088026,0.1256849392788351,0.101052686338467,0.10894740003403139
648,0.100375718054087,0.0978319951948245,0.103191489361702,0.1013609114442485,0.1030928490964626,0.1105298830342013,0.1418962838496352,0.1037258811676295,0.1255944355474751,0.1010323627214903,0.10886318094717559
649,0.1002668547349407,0.0977551232312285,0.1031046812206605,0.1013156477427136,0.1030013197871842,0.1104412638194324,0.1417770089279373,0.1036415542003341,0.125511976703915,0.1009970127664503,0.10878124431347966
650,0.1001713209514783,0.0976989211290114,0.1030153760188058,0.1012782840808085,0.1029304381719913,0.110369082216693,0.1416478995051821,0.1035668872664595,0.1254320184475391,0.1009521795780281,0.10870624073659971
651,0.1000890739078923,0.0976191553110359,0.1029116633601336,0.1012369992618936,0.1028690328246878,0.110292088391761,0.1415116213240185,0.1034743176465654,0.1253653547034557,0.1008891534952653,0.10862584602267092
652,0.1000511225303182,0.0975334342220847,0.1028528175340662,0.1012040161213586,0.1027649889345731,0.1102310895759794,0.1413674972767461,0.103369759565262,0.1252997628565239,0.1008255980700931,0.10855000866870053
653,0.0999859689276262,0.097455676871106,0.1027886723216057,0.1011651245415595,0.1026848847815519,0.1101654861120552,0.1412336024822819,0.1033136760018767,0.1252209765543271,0.1007639301445598,0.108477799873855
654,0.0999259068419831,0.0973987513875744,0.1026876844449122,0.101120723369985,0.1026104064287028,0.1101067818051514,0.1410954250169658,0.1032271406997433,0.1251463552085772,0.1007009214706126,0.10840200966742079
655,0.0998698447239679,0.0973156858634182,0.1026115209423298,0.1010782147681868,0.1025194468335274,0.1099903657231128,0.1409879518241629,0.1031382977293921,0.1250557139318417,0.1006551474873731,0.10832221898273127
656,0.099806594851402,0.0972221935304998,0.1025389540507036,0.1010189142826874,0.1024138338599985,0.1099118207655773,0.1408713350021328,0.1030515398782799,0.1249962695586202,0.1006009650913361,0.10824324208712377
657,0.0997272022053593,0.0971454050584993,0.1024663335609042,0.100991028738952,0.1023272020029675,0.1098060899556784,0.1407467237776147,0.1029542474995213,0.124925193050193,0.1005562586492713,0.10816456844989611
658,0.0996576491474893,0.0970839953889772,0.1023748321569043,0.1009729835472565,0.1022316803370802,0.1097178828982474,0.1406353344715672,0.102864499500008,0.1248520507350114,0.1005024194597291,0.10808933276422705
659,0.0995859351172609,0.0970226626060238,0.1023115984163708,0.1009202738811406,0.1021521684768284,0.109625927526108,0.1405036265466565,0.1027840668705097,0.1247655588535838,0.1004649987213478,0.10801368170158303
660,0.0995184014914569,0.0969870602245018,0.1022266514035814,0.1008797272699058,0.1020845973226816,0.1095193148790879,0.1403725496753803,0.1027038107928048,0.1246897533378026,0.1004074476824713,0.10793893140796744
661,0.0994633359688431,0.0969464910081494,0.1021438104501,0.1008522962266413,0.1019999474596752,0.109428646740902,0.1402409761743459,0.1026328839794291,0.124596338360743,0.1003401344820618,0.10786448608508907
662,0.099377813569023,0.0968891961540272,0.1020840795563658,0.1008243687103048,0.1019207346596228,0.1093486645453668,0.1401036607974848,0.1025191526488355,0.1245325865453655,0.1003087409571985,0.10779089981435948
663,0.0992970931198299,0.0968261424473865,0.102006361365977,0.1007990779895176,0.1018085463475414,0.1092329063085755,0.1399517831099478,0.1024370396296355,0.1244319319699516,0.1002725360114067,0.10770634182997696
664,0.0992181513282884,0.0967786645027597,0.1019266582798404,0.1007796673115572,0.1017252150998125,0.1091574179494743,0.1398251078500438,0.1023422709176001,0.124372477534806,0.1002208751933898,0.10763465059675721
665,0.0991375245527524,0.096719965613007,0.1018503751055004,0.1007372111918552,0.1016436948341478,0.1090681995349426,0.1396945413145721,0.1022687799212187,0.1243036564095575,0.1001656299212598,0.10755895783988134
666,0.0990544875609259,0.0966444571593577,0.1017913747901771,0.1007193640815104,0.1015666455589666,0.1089912756820612,0.139563896873431,0.1022032247042635,0.1242097556014584,0.1001168199196568,0.10748613019318085
667,0.0989770007511521,0.0965890010917759,0.1017079533341625,0.1007031481417237,0.1014938536041472,0.1089058225090977,0.1394346329406742,0.1021190373962495,0.124139445029856,0.1000720847880886,0.10741419795869274
668,0.0988957341849059,0.0965185263654424,0.1016473634947064,0.1006869471384418,0.1014143502152346,0.1087991874898899,0.1393142982428406,0.1020372479047395,0.1240960821138311,0.1000309073693146,0.10734406445193467
669,0.0988358743721964,0.0964761954176212,0.101565896639518,0.1006710533666392,0.10132353781755,0.1087144445621095,0.1392099456157035,0.1019541799851664,0.124032040130852,0.0999737060000913,0.10727568739074475
670,0.0987640563093123,0.0964110913493532,0.1014910198128373,0.100663031886991,0.1012175830942402,0.1086272254021285,0.1390851102306541,0.1018970795811833,0.1239626974699272,0.099920476218373,0.1072039371355
671,0.0987010315362873,0.0963365433961864,0.1014198454317057,0.1006587361886237,0.1011223208205595,0.1085201602315864,0.1389598147061599,0.1018228006772582,0.1238853916042448,0.0998605453406364,0.10712871899332484
672,0.0986229458825994,0.0962758963088492,0.1013425559318167,0.1006577182718569,0.1010346045384562,0.1084034764648389,0.1388403132675869,0.1017313457596962,0.1237992340574946,0.0998196981710917,0.10705277886542866
673,0.0985556711772187,0.096227031735562,0.1012603619875947,0.1006249504301342,0.1009488290096597,0.1082807624077334,0.1387267172180475,0.1016512951462337,0.1237339601619609,0.0997939236333812,0.10698035029075259
674,0.098504377028789,0.0961705784927647,0.1011950014807293,0.1005819481196508,0.1008538418234769,0.1081934938813128,0.1386029191637138,0.1015907874674975,0.1236689185064604,0.0997615492988722,0.10691234152632675
675,0.0984616983485129,0.096135932116293,0.1011160189273198,0.1005739361779227,0.1007666317429898,0.1080876799769315,0.1384893268432643,0.1015126926516774,0.1236170552798665,0.0997041241654213,0.10684650962301992
676,0.098395376794982,0.0961109839455696,0.1010618227675294,0.1005150556760055,0.1006780555237993,0.108000660826098,0.1383931170108161,0.1014461853143949,0.1235524609516031,0.0996490795932,0.1067802798403998
677,0.0983336191073718,0.0960658269743496,0.1009988554438773,0.1004774164396445,0.100603516924082,0.1079254654814721,0.1382769214521309,0.1013584617178693,0.123482663836934,0.0995956935612005,0.1067118440938932
678,0.0982666355418952,0.0960220668457051,0.1009132275855003,0.1004625573770492,0.1005269999646365,0.1078415360415704,0.1381424523991684,0.1012678537008793,0.1234069539244546,0.0995699240600063,0.10664202074408653
679,0.0981987632325827,0.0959720425658939,0.10083373437416,0.1004410568866157,0.1004433357436786,0.1077654038680911,0.1380258292623681,0.1011719156630395,0.1233238440245614,0.0995499354987774,0.10657258611197684
680,0.0980933376076606,0.0959367361290846,0.1007638655231147,0.1004314029273139,0.1003779021190821,0.1076748935882534,0.137906498314593,0.1010844595335139,0.1232451570084492,0.0995112765572953,0.10650255293083606
681,0.0980246108974525,0.095887724166013,0.100698486498215,0.1003989752961524,0.1003071781784626,0.1075723160072581,0.1378051208108937,0.1009837466820111,0.1231652934020256,0.0994823023571264,0.10643257542956104
682,0.0979705216880385,0.0958579611792177,0.1006401797261303,0.1003377705605137,0.1002174852209985,0.1074646564123828,0.1376855256055279,0.1008879548436763,0.1230859146932631,0.0994541989658304,0.10636021688955792
683,0.0978942320927558,0.0958170989053307,0.1005811968818687,0.1002915641391658,0.1001240073114362,0.1073979144295084,0.13754732498703,0.1008171851783419,0.1229919973476006,0.0994300457984104,0.10628925670714484
684,0.0978097423271596,0.0957676470626439,0.1005138884914265,0.1002449606662379,0.100039182676095,0.1073214811638084,0.1374101671188033,0.1007340208166533,0.122896585829437,0.0993887032736915,0.10621263794259564
685,0.0977395228008268,0.0957505651318511,0.1004475362552222,0.1001881009085296,0.0999609777132046,0.1072403869095599,0.1372823243322689,0.1006601135990115,0.122811882824223,0.0993456065359859,0.10614270170106836
686,0.0976652525177526,0.0957191026949193,0.1003896520651137,0.1001252745601856,0.0998681182578836,0.1071459897813076,0.1371548746993706,0.1005890517659678,0.1227180050772497,0.0993090955728479,0.10606844169925984
687,0.0975766541838678,0.0956632932732087,0.1003097836569267,0.100067502653945,0.0997727671679858,0.1070344652487192,0.1370415686180506,0.1005194908674606,0.1226247354920811,0.0992887083134169,0.10598989694756625
688,0.0975099022535283,0.0956006038178117,0.1002503017786199,0.1000294154478545,0.0996718443749443,0.1069303359220883,0.1369129139909324,0.1004502779273379,0.1225330164531881,0.0992542560409957,0.10591428680073012
689,0.0974268302160345,0.0955690786590992,0.1001682094902359,0.1000039314965725,0.0995913249998713,0.1068517887301925,0.1367891749539398,0.1003693756203067,0.1224495781406409,0.0992023638438816,0.1058421656150775
690,0.0973477461159009,0.0955108449361347,0.1001004099363838,0.0999358503290172,0.0995165794469835,0.1067848420142243,0.1366780724794787,0.1002815219873633,0.1223505394368599,0.0991444389478094,0.10576508456301556
691,0.0972610039649579,0.0954718916648146,0.1000176019879892,0.0998810135690789,0.099423168421714,0.1067027812762653,0.136555563493859,0.1001902431732995,0.1222666100864937,0.0991009738782885,0.10568708515167606
692,0.0971809889229271,0.095416310196438,0.0999222270305531,0.0998130158901213,0.0993349329836979,0.1066333469366934,0.1364473531261062,0.1000920507648237,0.1221737219621026,0.0990749957851986,0.1056088943598662
693,0.0970953900103175,0.0953523885507337,0.099848212122261,0.0997633009519711,0.0992515349736213,0.106567703432443,0.1363284635531371,0.0999911298601107,0.1220783326711101,0.0990365762352456,0.10553130323609512
694,0.0970251876624944,0.0952950713193439,0.0997613683926238,0.0997076969117968,0.0991447255908455,0.1064756995207281,0.1362140099747733,0.0999231878613372,0.1219765795350059,0.0989771368939138,0.10545006636628626
695,0.0969604121577708,0.0952395216460523,0.0996799638603947,0.0996601569832252,0.0990617844450702,0.1064037423652398,0.1361154592909152,0.0998434719127993,0.1218781203649425,0.098922294009871,0.1053764927036281
696,0.0968833978449102,0.0951833184423476,0.0996107226702051,0.099623648236875,0.0989741162820874,0.1063099415649344,0.1360226237692633,0.0997533128498992,0.1217798205737868,0.0988867206794658,0.1053027622913775
697,0.0968154107051424,0.0951274060424975,0.0995360011821625,0.0995919398736674,0.0988906332162262,0.1062334859732789,0.1359312217289438,0.0996785082915212,0.1217164979045259,0.0988371593596348,0.10523582642776005
698,0.0967445392084206,0.0950909481323741,0.0994753694487299,0.0995601250738812,0.0987998851109642,0.1061368244715727,0.1358425752820336,0.0996021861784218,0.1216516182585611,0.098781789803327,0.10516858609682862
699,0.0966983188376715,0.0950508975578813,0.099416299349687,0.0995285221867432,0.0986900071406505,0.1060372777198961,0.1357485650989213,0.0995234810689392,0.1215614652789813,0.098711329298743,0.10509661635381144
700,0.0966109910419803,0.0949962252105268,0.0993613047524617,0.099491154395431,0.0986358637393308,0.1059457745671801,0.1356720990346417,0.0994307352280105,0.1214686282724147,0.0986666409807703,0.10502794172227478
701,0.0965567007860332,0.094948799935241,0.099282705042237,0.0994260222963663,0.0985652434014485,0.1058514627147926,0.1355810354548425,0.0993525522028747,0.1213541398758725,0.0986190440733915,0.10495377057830999
702,0.0964879574772993,0.0948932333106009,0.0992207518911028,0.0993725120866321,0.0984920826938247,0.1057822708213021,0.135478225882983,0.0993075425500001,0.1212447736185752,0.0985761990672132,0.10488555493995336
703,0.0964376649162845,0.094851987102778,0.0991405170488314,0.09932563818596,0.098407693517441,0.1057258319252733,0.1353750016224285,0.0992201720840111,0.1211471459573124,0.0985296322828011,0.10481612846431212
704,0.096379839037861,0.0948003704025453,0.0990634449461758,0.0992934868853574,0.0983255535847975,0.1056598015301378,0.1352600001036683,0.0991635106023905,0.1210836637573837,0.0985137085047951,0.10475433793551123
705,0.096312797203753,0.0947642731525071,0.099008949226912,0.0992626972958629,0.0982411898016286,0.1055625761466514,0.1351385366964406,0.0990857797039822,0.1210127891862447,0.0984650795608733,0.10468546679748558
706,0.0962491393053652,0.0947409187900088,0.0989444759149869,0.0992252322049455,0.0981458008031384,0.1054727380252801,0.1350041205153873,0.0990168142490617,0.1209437968386527,0.0984107766169975,0.1046153813263824
707,0.0961842993562325,0.0946944005814972,0.0988700696753999,0.0991730722697461,0.0980567484144873,0.1053963779237216,0.1348590951707275,0.0989539453856453,0.1208667452450835,0.0983722978008545,0.10454270518233955
708,0.0961345477393149,0.0946610559746925,0.0988156037959578,0.099131146966372,0.0979528147276265,0.1053229481628709,0.1347324231273353,0.0988707970757118,0.1208141321636615,0.0983301815082833,0.10447656512418264
709,0.0961062782423341,0.0946320513188951,0.0987560071210325,0.0990757970994566,0.0978450918716289,0.1052492182435503,0.1346101161553056,0.098784777504011,0.1207470245501869,0.0982914105502196,0.10440977726566206
710,0.0960316786047653,0.0945503312167068,0.0986831961734193,0.0990458418249868,0.0977579843790245,0.105165646180057,0.1344873390915974,0.0986972608010937,0.120667525654359,0.0982603529358468,0.10433471568618566
711,0.0959790871013733,0.0945074418089032,0.0986043385764654,0.0990143802414984,0.0976660637059473,0.1050882870747524,0.1343770606498999,0.0986294260469935,0.1206106257161565,0.0982259279182356,0.10427026388402254
712,0.0959299346614133,0.0944600611401722,0.0985344089553872,0.0989690084135662,0.0976011159158176,0.1049961061548711,0.1342527263608775,0.0985678069239037,0.1205236912029275,0.0981621029091512,0.10419969626380876
713,0.0958781473975703,0.0944198615098801,0.0984502632631712,0.0989178649253712,0.0975268825194883,0.1049157763778905,0.1341592971788796,0.0984917529065819,0.1204675458290147,0.0981271391378116,0.10413545310456593
714,0.095839355224583,0.0943491838139108,0.0983649728839293,0.0988581653538423,0.097444731892329,0.1048496794690103,0.1340652145909884,0.0984265868409798,0.1204098458734094,0.0980821479339486,0.1040689883876931
715,0.0957950348412867,0.0942990809831734,0.0982849577425715,0.0988110933162899,0.0973474693148327,0.1047868879488334,0.1339533974598954,0.0983423893153238,0.1203662582090822,0.0980621118767241,0.10400486810080131
716,0.095725305662609,0.0942676341879496,0.0982132094626761,0.0987481449602279,0.0972628695551408,0.1047013526297037,0.1338518343824175,0.0982466198932982,0.1202974500654203,0.0980298772074803,0.10393442980069234
717,0.0956456839315909,0.0941991967157672,0.0981441570467312,0.0986978667601822,0.0971800368024912,0.104629155774937,0.1337583763549099,0.098167177074693,0.120234208685603,0.0979891383371622,0.1038644997484068
718,0.0955702626321688,0.0941461573444715,0.0980648253043905,0.0986455578528953,0.0971307375417242,0.1045462066718678,0.1336500486045365,0.0980926202533183,0.1201794620692796,0.0979483290765244,0.10379742073511769
719,0.0955133391553531,0.094097475190013,0.0979757236503634,0.0985733358282726,0.0970490915137183,0.104473700944934,0.1335279524405474,0.0980279580114489,0.1201108373917492,0.0979326463055139,0.10372820604319137
720,0.0954525901852768,0.0940437565049846,0.0978717176086593,0.098543863142717,0.0969784066446371,0.1043943730592597,0.1334187425140622,0.0979633562240904,0.1200493084953403,0.0978888406347827,0.10366049550138101
721,0.0954100314802508,0.094011849123371,0.0978069660947071,0.0985022338414708,0.0968997689101587,0.1043078703082824,0.1332954661566971,0.0978968940435218,0.1199851880960658,0.0978344230620976,0.10359506911166232
722,0.0953551968809027,0.0939618062106869,0.0977395400693448,0.0984726099755623,0.0968416234155684,0.1042264523495913,0.1331702938024028,0.0978343299399621,0.1199151416904253,0.0978102142809889,0.10353272086154355
723,0.0952993555875276,0.0939114922238084,0.0976689714060623,0.0984321814043417,0.0967882415789127,0.1041318695744126,0.1330243476423831,0.0977925609804599,0.1198512976608451,0.0977435969805972,0.10346439150393508
724,0.0952428692323385,0.0938605778098633,0.0975886043171091,0.0983850930538601,0.0967309118542144,0.1040649367987329,0.1328970093411008,0.0977268876569311,0.1197862546988356,0.0976983847156613,0.10339815294786472
725,0.0951643090905803,0.0938292931042474,0.0975319933897199,0.0983144102299444,0.0966459025403325,0.1039954858607464,0.13279736295806,0.0976573461862406,0.1197290995023318,0.0976782151539465,0.10333434180161498
726,0.0951056039670695,0.0937866180131637,0.097449720411881,0.0982589246557319,0.0965567526092979,0.1039191560213402,0.1326623937400498,0.0975679553530511,0.11966154209644,0.0976512945554648,0.10326199614234899
727,0.0950369074645377,0.0937536349274108,0.0973732675470326,0.0982010110581443,0.0964812848356135,0.1038372902243648,0.1325606638091548,0.0975098225237657,0.1195897334122187,0.097622039176725,0.1031965654978968
728,0.094990495676853,0.0936919313176504,0.0972899268566573,0.0981525946618893,0.096372012916594,0.1037624256871525,0.1324602635909811,0.0974325610879211,0.1195091807777582,0.097592336007078,0.1031253728580535
729,0.0949582393669159,0.0936398345008895,0.0972078139318389,0.0980907190138573,0.0963065950918391,0.1036993544594577,0.1323703887341349,0.097366554885185,0.1194425391057629,0.0975451895633868,0.1030627228653268
730,0.0948905324771199,0.0936189881709897,0.0971341014717273,0.0980369315463973,0.0962418789639826,0.1036318412747286,0.1322699251814489,0.0973030068876042,0.1193670741374897,0.0975232148080155,0.10300174949195036
731,0.0948248770626943,0.0935776988342665,0.0970557942248082,0.0979898875575725,0.0961649424414835,0.1035585851744032,0.1321667809273997,0.0972124511246684,0.1192970470479784,0.0974994865036538,0.10293475508989285
732,0.0947746951357721,0.0935451184601807,0.097000695016754,0.0979496567920165,0.0960938094023551,0.1034775729232245,0.1320966453822697,0.0971524359797418,0.1192300316401595,0.097486925737239,0.1028807586469713
733,0.0947085029791755,0.0935199572246153,0.0969500572897779,0.0979065163662667,0.0960177163367977,0.1033900958447327,0.1319885987959893,0.0970796445470063,0.1191622000744672,0.0974641485085803,0.1028187437967409
734,0.0946543168466864,0.0934779994293852,0.0968963567506701,0.0978977041522699,0.0959333048659955,0.103316675911934,0.131890908191776,0.0970179237724076,0.1191100623026793,0.0974586233355047,0.10276538755593086
735,0.0945878657882642,0.093455577059467,0.0968508912815498,0.0978660061261486,0.0958515834025969,0.103231998758535,0.1317776679122211,0.0969484495697425,0.1190449896892975,0.0974268182542634,0.10270418478420862
736,0.0945216268269426,0.0934302929254008,0.0967855228010665,0.0978242140656117,0.0957730177995945,0.103161367951684,0.1316709149557442,0.0968718810156589,0.1189715497165686,0.0974026709705256,0.10264130590287975
737,0.0944730341509395,0.0933940097496191,0.0967193600620871,0.0977734533258858,0.0956969691180543,0.1030981296453883,0.1315630895899869,0.0968011445427728,0.118907611642797,0.0973774420069338,0.10258042438344646
738,0.0944375328875408,0.0933552919773551,0.0966570141146897,0.097752180475246,0.0956268107561598,0.1030483567154512,0.1314450834377841,0.0967264987676198,0.1188438011840945,0.09735041649915,0.1025242986815091
739,0.0943767327410724,0.0933233401256072,0.0965758980439639,0.097728123476149,0.0955412097756328,0.1029981819994209,0.1313392105618335,0.0966492028031589,0.1187843785592298,0.0973388417430788,0.10246551198291472
740,0.0943242398803992,0.0932717507914857,0.0965038260956654,0.0976990933404621,0.0954675475654433,0.1029219212671945,0.1312224043555176,0.0965733238107097,0.118742644025302,0.0972957651378212,0.10240225162700005
741,0.0942836564894753,0.0932357378111848,0.0964525697699476,0.0976701440280668,0.0953762340748267,0.102843501018701,0.1311313059646718,0.0964910197269264,0.1187055595556658,0.0972499970735933,0.10234397255130594
742,0.0942274856722997,0.093198040512884,0.0963664581505548,0.0976319371889732,0.0953048988608513,0.1027900396485971,0.1310328123549558,0.0964023754704916,0.1186608469244637,0.0972408613563253,0.10228557561403966
743,0.0941738686388448,0.0931831997214885,0.0962954299680801,0.0975848476170898,0.0952303196405389,0.1027204005266114,0.1309360064003355,0.096318944619785,0.1185738932557495,0.0972065123249999,0.10222234227135234
744,0.0940956064476122,0.0931495556636569,0.0962431548254035,0.0975586643616598,0.0951662548697788,0.1026388720375908,0.13081640903744,0.0962521528346191,0.1185007071102921,0.0971711971820315,0.10215925743700846
745,0.0940193191195491,0.0931455332590071,0.0961827712642943,0.0975241139079281,0.0950987575661038,0.1025550863655878,0.1307177770887669,0.0961674994928427,0.118440512359332,0.0971467913828505,0.10209981618062622
746,0.0939666288356501,0.0931068719268938,0.0961330126689988,0.0974869798136829,0.0950299843186137,0.1024678678184882,0.1306265047514632,0.096087270839251,0.1183681936775681,0.097120956409246,0.1020394271059856
747,0.0939256452034585,0.0930857637026518,0.0960807608658454,0.0974515798999581,0.0949536247842705,0.1023859480811317,0.1305192926902597,0.0960049646684389,0.1183074416558717,0.0970800486550229,0.10197950702069092
748,0.0938807953194563,0.0930614601988112,0.0960172209620879,0.0974290721364892,0.0949007938838754,0.1023005773577392,0.1304279426504554,0.0959239959933749,0.1182470892313054,0.0970632578646385,0.10192522055982334
749,0.0938251682819876,0.0930486391155753,0.0959609010719819,0.0974090772007369,0.0948279747234868,0.1022215783977463,0.1303271730656497,0.0958411871329033,0.1181755548466921,0.0970217933508868,0.10186590471876467
750,0.0937611994412772,0.0930235941005337,0.0959055118110235,0.0973905844320084,0.0947768982448907,0.1021564227870125,0.1302345234100997,0.0957707716859097,0.1181018207396128,0.0969700154984646,0.10180913421508328
751,0.0937062730550233,0.0930126284133426,0.0958594184434105,0.0973762315755591,0.0947102167993787,0.1020711068252337,0.1301423120863441,0.0956974543269508,0.118029188814087,0.0969374354417085,0.10175422657810382
752,0.0936400777714177,0.0929954601176615,0.0958037162902229,0.0973520972441849,0.0946430127217667,0.1020085663152967,0.1300629465886582,0.0956063885760703,0.11794465944319,0.0968871527617713,0.10169440778302401
753,0.0935770450984975,0.0929845602361651,0.0957579112609941,0.0973181385825,0.094558544848135,0.1019226207916509,0.1299937998654233,0.0955284600149549,0.1178582205372887,0.0968469063059227,0.10163462075415322
754,0.0935216576529946,0.0929557585789402,0.0957127689148559,0.0972818557207529,0.0945155713774988,0.1018691245363194,0.1299022115628032,0.0954528914020122,0.1177914581031788,0.0968026773494034,0.10158059751987594
755,0.0934585335463812,0.0929416853085994,0.0956482792566034,0.0972487857755267,0.0944451802710607,0.1018046123061299,0.1298130909979622,0.095377940471992,0.117699190088465,0.0967614562880628,0.10151987543107832
756,0.0933895550036173,0.0929191333348109,0.0955805304952049,0.0972288839017015,0.0943742633901875,0.1017317576891375,0.12973378083021,0.0953095920895658,0.1176362843723426,0.096708771841367,0.1014612552948145
757,0.0933347310080168,0.0928939735626988,0.0955337421029615,0.0971926170791196,0.0943156709599321,0.1016799991214452,0.129639063192461,0.095222990417414,0.117579845361194,0.0966611453073022,0.10140537781125454
758,0.0932709922874924,0.0928577701472711,0.0954795689883444,0.0971470303265751,0.094258622885526,0.1016126548554066,0.1295597074298365,0.0951333735936069,0.1174927044338676,0.0966226939462087,0.10134351188941353
759,0.0932138969344154,0.0928187526569981,0.0954147850752984,0.0971224430059366,0.0941941656203538,0.1015558957310788,0.1294812316282437,0.0950484015386162,0.1174419094845448,0.0965894958707205,0.10128809775462062
760,0.0931684795806624,0.0927974496199019,0.0953526873651627,0.0970910047312995,0.0941462761351697,0.1014661737216732,0.1293942651903477,0.0949832924292465,0.1173730089363751,0.0965265663709149,0.10122992040807537
761,0.0931219429612039,0.0927703687230557,0.095300545563452,0.0970493076428583,0.0940977675045969,0.1013771735544979,0.1292961749892822,0.0949207845021871,0.1173027361816474,0.09648686709599,0.10117236687187714
762,0.0930699898679637,0.0927535469155193,0.0952502941614579,0.0970249259739057,0.0940397497752282,0.1012927945608586,0.1292072184459802,0.0948358195037968,0.117245616656173,0.0964357728418406,0.1011155728702724
763,0.0930127529486915,0.0927428557898105,0.095191952235061,0.097006648516847,0.0939796436840012,0.1012126733962281,0.1291260285586739,0.094769541456081,0.1171577001265683,0.0963814789807254,0.1010581275692688
764,0.0929556625276369,0.0927422301681133,0.0951139218643852,0.0969823957755397,0.0939000299603627,0.10114464339256,0.1290372429922565,0.0946984804968177,0.1171011176308543,0.0963333106687744,0.10100090354773009
765,0.0929160339294996,0.0927044282321395,0.0950454611826576,0.0969382186191914,0.0938352875501354,0.1010799597744167,0.1289384973576957,0.0946356291347238,0.1170632353201612,0.0963023890599591,0.10094591401605799
766,0.0928537481882658,0.0926636562098148,0.0949715616195526,0.0968903449695818,0.0937589012526142,0.1010236715560191,0.1288335893539438,0.0945689994347088,0.1169948974539143,0.0962538763369407,0.10088132463753559
767,0.0928162450217618,0.0926327196794972,0.0948782847748778,0.0968424779553905,0.0936973314526471,0.1009652407361616,0.1287230795309672,0.094499070869093,0.1169503124017674,0.0962117942617752,0.10082165566839389
768,0.0927814075930096,0.0925902707923046,0.0948226561847096,0.0967957238007957,0.0936345378775686,0.1008907376663985,0.1286299082558024,0.094427061432335,0.1168776812050829,0.0961770898021239,0.10076270746101308
769,0.0927307716236164,0.0925713758828205,0.0947750838548299,0.0967566080115088,0.0935915741792969,0.1008266048853872,0.1285514945642605,0.0943552642984106,0.1167915919744456,0.0961160783122021,0.10070664475867783
770,0.0926784286172572,0.0925574205149087,0.0947088109046075,0.0967341523116692,0.0935288199099925,0.1007777235670886,0.1284665400821627,0.0942924276437149,0.1167243828929738,0.0960583099455891,0.10065270163899642
771,0.0926168512621639,0.0925428097546041,0.0946475404323038,0.0966869108919033,0.093464249587998,0.1007104835886239,0.1283903121565616,0.0942102811396448,0.1166600900629879,0.096019411482115,0.10059489403589064
772,0.0925719847075441,0.092523526741207,0.0945858752013478,0.0966422018453269,0.0934358234297343,0.1006558476971503,0.1282980030129529,0.0941506254154397,0.1165951153311598,0.0959811517444303,0.1005440155126293
773,0.0925146368212367,0.0924887571079682,0.094541716069494,0.0966008182922023,0.0933733478703365,0.1005786969038247,0.1282173708054513,0.0940731394454685,0.1165472663645765,0.0959704028746375,0.10049061525551961
774,0.0924717613123239,0.0924579853440685,0.0944681033416087,0.0965424339972473,0.0933170173564269,0.1005193138470529,0.1281174150874355,0.094012998103209,0.1164841555329164,0.095929835583239,0.10043210195055281
775,0.0924172059148486,0.0924228887482833,0.094411866061034,0.0964862531635216,0.0932535197897054,0.1004606642578615,0.1280291665018119,0.093946023773648,0.116433900988255,0.0958957161643518,0.1003757205363321
776,0.0923788889448953,0.0923968302944983,0.0943530859390034,0.0964460224372426,0.0931899980137771,0.1003951053002849,0.1279545296086269,0.0938789395606171,0.1163720993219594,0.0958447311185455,0.10032102305394504
777,0.0923471729897393,0.0923692611288335,0.0942958733589407,0.096387269355765,0.0931293275212318,0.1003247635963686,0.127877322419273,0.0938085926196338,0.1162957662118775,0.0957895911608361,0.10026249403624994
778,0.092309362241621,0.0923776756593483,0.0942580074910425,0.0963485893984298,0.0930770507650945,0.1002513215641575,0.127793679707253,0.0937300437107333,0.1162505998567299,0.0957257830521663,0.1002122113446576
779,0.0922506263204039,0.0923764859533487,0.0942015619751049,0.096293110946687,0.0930223366500419,0.1001706386949834,0.1277003400663933,0.0936768916609327,0.1161901369241437,0.0956777269442172,0.10015598561362567
780,0.0922114125059036,0.092357043408799,0.0941673111626707,0.0962265313028764,0.0929623584176215,0.1001012081431916,0.1275915852280474,0.0936244562537058,0.1161396123036377,0.0956304275763284,0.1001011946302782
781,0.0921496376021677,0.0923167494433978,0.0940933373804826,0.0961841651703139,0.0929054031338041,0.1000278178722567,0.127476108614513,0.0935574823506236,0.1160768682033457,0.0955880946212559,0.1000375664392161
782,0.0921036030982401,0.0923141695931372,0.0940483263278906,0.0961450616971468,0.0928605865000246,0.0999864559416467,0.1273642492753356,0.0934898635356943,0.1160092595474314,0.0955606851479412,0.09998822606644883
783,0.0920526711613079,0.0922961134665065,0.0940002645781436,0.0961191072126683,0.0927846096765613,0.099923962548352,0.1272637228881426,0.093419383283248,0.1159442767045108,0.0955228325173736,0.09993269440368145
784,0.0920174983855227,0.0922952315330196,0.0939509651027013,0.0961125670896981,0.0927300759330931,0.0998560999407021,0.1271565230577644,0.0933406712211163,0.1158765994914732,0.0954726615563748,0.09988088933114656
785,0.0919670850902848,0.0922721832217111,0.0938781862087469,0.0960855801603263,0.0926585719221211,0.0997990939006045,0.1270902991041673,0.0932805158958566,0.11583796516313,0.0954487244426043,0.0998318205109553
786,0.0919165400951081,0.0922614051227641,0.0938213294094924,0.0960485230722066,0.0925840915970725,0.0997353333059678,0.1269982770905741,0.0932077261237498,0.1157806904520632,0.0954133178358846,0.09977672341048831
787,0.0918711756601278,0.0922277335061974,0.093742941553555,0.0960176223857483,0.0925199850632975,0.0996636384786678,0.1268835402145799,0.0931477306899572,0.115715060047186,0.0953833220955439,0.09971727496948608
788,0.0918163392097854,0.0921703725364578,0.0936817893365693,0.0959668450033194,0.09246195276405,0.099582557977444,0.1267926975681025,0.0930957975677974,0.1156495019307756,0.0953155916095205,0.09965334455038219
789,0.0917704643559608,0.0921344977095152,0.0936161992813561,0.0959018130523726,0.0923886325150056,0.0995203422693852,0.126709150848695,0.0930256712210027,0.1155893815654587,0.0952804321754988,0.09959365849942506
790,0.0917245301839058,0.0921161320914328,0.0935376747346298,0.0958498564657186,0.0923236895896484,0.0994740294199743,0.1266072282898423,0.0929681150803625,0.1155236932463304,0.0952517273098155,0.09953766764116603
791,0.0916803978270027,0.0920993971852341,0.0934814310153099,0.0958025884789574,0.0922456421290877,0.099407387861634,0.1265158243650745,0.0928886199234284,0.1154550328999795,0.095190807718816,0.09947671294045242
792,0.0916530269715384,0.0920415035360537,0.0934279352692905,0.0957748891184626,0.0921804407971916,0.0993503274906176,0.1264099963197041,0.0927984073028227,0.115384168973416,0.0951404500816455,0.09941611458607427
793,0.0916151577215278,0.0920144589505703,0.0933783018763614,0.0957401177087245,0.0921484118412061,0.0993007266162624,0.1263030044554141,0.0927472943675829,0.115349908044411,0.0951209170084479,0.09937182985905084
794,0.0915661242760325,0.0919914910858994,0.0933307955023525,0.0957183559187919,0.0920732563642566,0.0992288899495805,0.1262165973468167,0.0926881157719124,0.1152810453663225,0.0950839280275009,0.09931785996094658
795,0.0915313715542025,0.0919503733496662,0.0932802077900311,0.09568241472717,0.092005187668297,0.0991735424898479,0.1261186617818552,0.0926026044278312,0.1152549352160897,0.0950571239224079,0.09926564229273986
796,0.0914844636169584,0.0919077160534718,0.0932385912518155,0.0956208060357766,0.0919417514622226,0.099135950058269,0.1260503998554195,0.09253852440448,0.1152208433021117,0.0950220679419203,0.09921611139824453
797,0.0914567013102613,0.0918617562583725,0.0931916296337841,0.0955878397964886,0.0918685380709213,0.0990822539631544,0.1259600671356689,0.0924861096528306,0.115176657298391,0.0949953733400367,0.09916669264599096
798,0.091415293432383,0.0918048569943714,0.0931261668694732,0.0955536830750264,0.0918178051858637,0.099041412440538,0.125875044773295,0.0924417699639275,0.1151282899892763,0.0949623443458087,0.09911666670699633
799,0.0913675254951711,0.091779814213707,0.0930910510718665,0.0955153511544283,0.091782486555026,0.0989914992861579,0.1257868156193338,0.0923954286220123,0.1151129963862327,0.0949340611603808,0.09907570295643164
800,0.0913014674007283,0.0917347167362321,0.0930432523014408,0.0954880747844129,0.0917403893913508,0.0989135109956008,0.1256927614760101,0.0923276585101864,0.1150915256143507,0.0948836125122214,0.09902169697225342
801,0.0912292298218253,0.0916786491323496,0.0929856606126232,0.0954655028182557,0.0916959196933555,0.0988649497903902,0.1256124035355348,0.0922424885080363,0.115059134513328,0.0948493662973661,0.09896833047230648
802,0.0911777735986503,0.0916373929889926,0.0929368711721444,0.0954140681113466,0.0916455712739758,0.0988115525472002,0.1255188782802328,0.0921654004637667,0.1150234320755838,0.0948136946788359,0.09891446351907293
803,0.0911284508039508,0.0916032399468029,0.0928887148395485,0.0953791364515085,0.0915950132155333,0.0987433173049824,0.1254360373420313,0.0921031869999345,0.1150057915360676,0.0947826481858685,0.09886655366262283
804,0.0910860679592814,0.0915734585768117,0.0928488082645294,0.0953498424797025,0.0915293589447088,0.0986561931009995,0.1253614163095882,0.0920294388816226,0.114994596402748,0.0947415108092065,0.09881706917291985
805,0.0910369821386474,0.0915290008017146,0.0927867953594025,0.0952861738613623,0.0914781682779678,0.098611565155348,0.1252656084420003,0.0919600249235324,0.1149530513284619,0.094712583298313,0.09876199535867503
806,0.0909857090489649,0.0914905269051578,0.0927426003326768,0.0952550949840286,0.0914181305705137,0.0985536967022147,0.1251824345098319,0.0918814207317268,0.1149072862165657,0.0946656327988411,0.0987082532800522
807,0.0909510422918073,0.0914733795528248,0.0927102221682125,0.0952185092211108,0.0913697254720459,0.0985077839701644,0.1250813166398762,0.0918060711467852,0.114877576673375,0.0946189462992168,0.09866145734354188
808,0.0909103380469849,0.0914308280299063,0.0926572627919928,0.0952040758688187,0.0913179203298513,0.0984806302634568,0.124986125367139,0.0917295830841092,0.1148504153891525,0.0945995895306832,0.09861667687020947
809,0.0908665053351822,0.0914059802863202,0.0926062769574372,0.0951895332022117,0.0912681118390897,0.0984239093616018,0.1248892803500076,0.0916726116765673,0.1148063970444401,0.0945729623894654,0.09857015684423232
810,0.0908330321222867,0.0913637328941523,0.0925537674497013,0.0951593810671197,0.0912315738907713,0.0983665315327408,0.124815045601628,0.0916089524242959,0.1147495848798593,0.0945393833665092,0.09852209852290646
811,0.0907957825824607,0.091343098416587,0.0925044354943148,0.0951284237496835,0.0911798371629478,0.0983052880619376,0.124727027738628,0.0915470920113539,0.1147241907574361,0.094518088051813,0.09847732640271625
812,0.0907216325520677,0.0913336798718744,0.0924702183039009,0.0951128601577924,0.0911100446138426,0.0982600145666424,0.1246428816049669,0.091482047072747,0.1146796663703382,0.094483835192688,0.09842968803068605
813,0.0906880363592596,0.0912901230970466,0.092432997080933,0.0950914742067775,0.0910674700966755,0.0982080448753605,0.1245453783236949,0.0914237700100083,0.1146363220241161,0.0944478504827569,0.09838314665566289
814,0.0906303638367309,0.0912473068561864,0.0923754237816479,0.0950717405269307,0.0909937750778115,0.0981614655887052,0.124464353980273,0.0913785863722613,0.1146112918915994,0.0944300202474404,0.09833643281595868
815,0.0905917412139386,0.0911986851339192,0.0923277434327971,0.0950578819947919,0.0909567282999486,0.0981071914753791,0.1243851575255354,0.0913260537754234,0.1145802722093687,0.094398421454171,0.0982929876515273
816,0.0905355523140167,0.0911301931614192,0.0922861267121709,0.0950285325108286,0.0908775965113061,0.0980539893197635,0.1242931908698877,0.0912574828507564,0.1145375604770542,0.0943625385593314,0.09823627632865348
817,0.0904879796919249,0.0910860491853786,0.0922284429275416,0.0949975519486166,0.0908420647100129,0.0980036092939319,0.1241978499319189,0.0911972558004792,0.1145117661422848,0.0943181748620845,0.09818707444941739
818,0.0904311244193797,0.0910466587261852,0.092179732538447,0.0949513819785197,0.0907857715328343,0.0979602322600939,0.1241092491483657,0.0911251906790805,0.1144954157667741,0.0942785400256553,0.09813632970753354
819,0.0903884811885477,0.0910117750723495,0.0921287935329358,0.0949084372650692,0.0907362966495056,0.0979142539968246,0.1240204280826226,0.0910579448560466,0.1144540583298865,0.0942333223854578,0.0980853791359246
820,0.0903431265466787,0.090973534122719,0.0920797509508885,0.0948665043871095,0.0907042163692835,0.0978706371161774,0.1239294733310822,0.0910076130601332,0.1144236993598973,0.0942082609664709,0.09804068162104403
821,0.0903109681743879,0.0909329669907225,0.0920505427426474,0.0948180664608035,0.0906515078974996,0.0978264093463504,0.1238452556337644,0.0909379816532987,0.1143972076288481,0.0941908129879838,0.09799617195163063
822,0.0902866425065602,0.0908792175632353,0.0920088263478021,0.0947576921928136,0.0905872247177075,0.0977595418435143,0.1237659046251059,0.0908717496099689,0.1143753449449782,0.0941728440243829,0.0979464988376069
823,0.0902446177781514,0.0908290953125981,0.0919611351332405,0.0947163040479139,0.0905402955998813,0.0976865265118163,0.1236662160823763,0.0908197540152774,0.1143478996439556,0.094153701143647,0.09789655452688578
824,0.0901959912526496,0.0908104829402523,0.091907785244154,0.0946887930383269,0.0904647475716144,0.0976191573143282,0.1235762435533044,0.0907542759347573,0.1143239142141419,0.094152681896155,0.09784940729596839
825,0.0901612649555801,0.0907823187786888,0.0918570599252522,0.0946441401763201,0.0904136555429315,0.0975644975336004,0.1234910608358126,0.090681651675405,0.1142855191033743,0.094140344004471,0.0978021512531436
826,0.0901197307576316,0.0907537103856849,0.0918058754389176,0.0946090476897934,0.0903701770370651,0.0975126075161405,0.1234074380407176,0.0906182174879141,0.1142330825432721,0.0941118557986338,0.09775417426957708
827,0.0900730950271956,0.0907117215818365,0.0917445777124116,0.0945780293339297,0.0903077084292152,0.0974615363612782,0.1233291816468393,0.0905564702213907,0.1142013759570187,0.0940773060316084,0.09770410023027239
828,0.0900363727705031,0.0906704218615409,0.0916738944407337,0.0945311124000812,0.0902597334982535,0.09741592641923,0.1232390697976129,0.0904725809917158,0.1141856400935667,0.0940513404587206,0.09765360927319584
829,0.0899966829321211,0.0906285522247046,0.0916337389061126,0.0944795554752171,0.090211226772828,0.0973587172375653,0.1231650663951622,0.0904022073435065,0.1141729801330241,0.0940429575247119,0.09760916849449533
830,0.0899322195102386,0.0905970113809433,0.0915758490732838,0.0944352498276559,0.0901521105602493,0.0973010724118597,0.1230733217890852,0.09034896191891,0.1141443248675176,0.0940352934093571,0.09755954147491006
831,0.0898859933497854,0.0905683732304545,0.0915298072132635,0.0943938179851359,0.0901139561441188,0.0972419225433333,0.1229863314751864,0.0902912526001927,0.1141028250418624,0.0940225895979406,0.09751368691812735
832,0.0898192406799384,0.0905271097337345,0.0914890812917069,0.0943635388180985,0.090047318909044,0.0971763806801287,0.1229150518532537,0.090228025506643,0.1140601361389744,0.0940071311196179,0.097463301473114
833,0.0897834478779583,0.0905054127903126,0.0914346780475173,0.094337817572243,0.090003484939523,0.097111988530454,0.1228135524054982,0.0901595304259059,0.1140264990862384,0.0939803170085741,0.09741567286842248
834,0.0897180585740062,0.0904664170485138,0.0913760603401883,0.0943121517511566,0.0899506121175373,0.0970329186077123,0.1227155107236579,0.0901164337785137,0.1139884593364871,0.093968670079368,0.09736452923571412
835,0.0896722966713692,0.0904305923312063,0.0913152578526914,0.0943060912784373,0.0899142852973854,0.0969607109603617,0.122621605180891,0.0900417450006787,0.1139759289950495,0.0939507016608156,0.09731892152288861
836,0.0896271396865532,0.0903909855071856,0.0912587824459686,0.0942896692400934,0.0898737421840276,0.0968958154093314,0.1225197166197146,0.0899896875237526,0.1139616006389158,0.0939425018752524,0.09727496411307952
837,0.0895813919634773,0.0903486151207062,0.0911914490658757,0.0942401813068153,0.0898336562971711,0.0968387209114314,0.122451320722472,0.0899345027440118,0.1139367000941285,0.0939215063777676,0.0972278044603857
838,0.0895504966870345,0.0903036016856198,0.0911516693312779,0.0942108230459986,0.0898008127591137,0.0967867675296538,0.1223559140518999,0.0898676912611691,0.1139176823555487,0.0939199831435267,0.09718654418508427
839,0.08951756341644,0.0902451508170997,0.0911057628797027,0.0941819421932257,0.0897666707799001,0.0967317447600341,0.1222707517312861,0.0898137761548763,0.1138687420867125,0.0938905096900757,0.0971392614509353
840,0.0894833806594667,0.0902182860334241,0.0910675039735718,0.0941486349848331,0.0897222348798673,0.0966839806727374,0.1221924208671896,0.0897719267770563,0.1138382760668315,0.0938859326699783,0.09710125775849561
841,0.0894291367900352,0.0901921594010907,0.0910029423085502,0.0941356709840432,0.0896746037656228,0.0966282412429215,0.1221086226679699,0.0897110795445848,0.1138097952984018,0.0938756973514979,0.0970567949354718
842,0.0893934224428875,0.0901440559324271,0.0909550535020613,0.0941271747584525,0.0896237936409396,0.0965712518960242,0.1220185190686777,0.0896460354667753,0.1137565208405905,0.0938526582029911,0.09700884857518269
843,0.0893580643938501,0.0901039100833419,0.0908908634458151,0.0941140445984231,0.0895962672686025,0.0965170752727097,0.1219339469197586,0.0895912228149406,0.1137128520102179,0.0938308373095039,0.09696490841171634
844,0.0893297919474143,0.0900679757994957,0.0908495971425854,0.0940944356338494,0.0895836755006806,0.0964668761939977,0.1218700693035674,0.08954225158831,0.1136788928240127,0.093799705764726,0.09692832716986391
845,0.0892944591546734,0.0900401264830647,0.0907643296981406,0.0940730156954272,0.0895573561978776,0.0964147117051504,0.121807400048615,0.0894772437485279,0.1136607808052571,0.0937605448956031,0.0968849968432337
846,0.0892625233094463,0.0900063337542047,0.0907071539531206,0.0940422310212856,0.0895078239420334,0.096355434739181,0.1217204741986657,0.089427495001683,0.1136398475352199,0.0937400965790263,0.09684094140338664
847,0.0892192170150994,0.0899553489822749,0.0906621719561358,0.0940135296980643,0.0894702878980578,0.0963191811978771,0.1216379184037019,0.0893646908964983,0.1136220837969368,0.0937134532643928,0.09679778831090392
848,0.0891810792016608,0.0899098622405406,0.0906100826028216,0.093988519365572,0.0894482388835805,0.0962561028694982,0.1215466882958979,0.089310824995601,0.1136000678824174,0.0937020081479172,0.09675534744855072
849,0.0891443925851356,0.0898540509915014,0.0905471869766429,0.0939631738498978,0.0894073862083017,0.0962239266276755,0.1214701683265225,0.0892700312679265,0.1135872453311593,0.0936719222111815,0.09671394843759447
850,0.0890926461343789,0.0898205968684315,0.090508870090275,0.0939178121113792,0.0893754512487702,0.0961580735839402,0.1213857760679866,0.0892188667826613,0.1135637092759321,0.0936732979489407,0.09667151001126957
851,0.0890445698046268,0.0897838538535761,0.0904544160361165,0.0938975849294828,0.0893283278723352,0.0961254165928659,0.1213101166340032,0.0891814624868664,0.1135416750063733,0.0936511579449916,0.09663185811612376
852,0.0890018800248374,0.0897385630305916,0.0904039838876967,0.0938757597570831,0.0892933753074355,0.0960863770284805,0.1212442820998307,0.0891216542515302,0.1135205869170441,0.0936256652402138,0.09659121275447437
853,0.0889534215560611,0.0896960442549806,0.0903583650869862,0.0938568858731938,0.0892269992715566,0.0960453721613841,0.1211525935485759,0.0890823671978151,0.113506247655356,0.0935842885725442,0.09654625851784535
854,0.0889330820838216,0.0896642084023909,0.0903111414693071,0.0938212421832186,0.0891844875847971,0.0959851730687519,0.1210731945259736,0.0890431192457995,0.1134950126572712,0.0935349858267018,0.09650456470480334
855,0.0888753176142452,0.0896121891445064,0.0902780302505389,0.0937964888768395,0.0891479332334036,0.0959376547692476,0.1209929294415009,0.0889993966140224,0.1134739825134985,0.0935104937544724,0.09646244162122755
856,0.0888292147061194,0.0895746955546796,0.0902349497332232,0.0937992336381749,0.089124910048485,0.0958933468339475,0.1209288183411227,0.0889527848490279,0.1134505408449996,0.0934825514069046,0.09642710459566844
857,0.088788751916269,0.0895164639270301,0.0901863396964331,0.0937909210130173,0.0890853665335697,0.0958374341437296,0.1208530243533958,0.0888998874263423,0.1134255224818554,0.0934545591453986,0.09638382706370409
858,0.0887562241821477,0.0894847398414145,0.0901312594655829,0.0937602758227028,0.0890515558687271,0.0957951067867907,0.1207744440126275,0.0888403211151161,0.113387145286006,0.0934229916500292,0.09634040640311445
859,0.0887207091062073,0.0894618646136818,0.0900657027692282,0.0937393715793588,0.0890130700185342,0.0957252747252746,0.1206983972469676,0.088781385650479,0.1133744290427527,0.0933795011492296,0.09629597059017139
860,0.0886846470116326,0.0894360149029147,0.0900352852077524,0.0937202873926116,0.0889673689663843,0.0956578102513007,0.1206293557708652,0.0887285920873884,0.1133670722419991,0.0933701838725875,0.09625966177054365
861,0.0886579994010603,0.0894071098915819,0.0899949288061003,0.0936954883552768,0.0889305782356494,0.0955889323772592,0.1205564423217264,0.0886767068293066,0.1133629110047667,0.093350388882506,0.09622214861052336
862,0.0886157789703756,0.0894057678410528,0.0899450947876153,0.0936706847514291,0.0888871824835166,0.0955314830207316,0.1204752977104287,0.0886383613902452,0.1133495462462949,0.0933184403978235,0.09618376375995133
863,0.088582219433657,0.0893806119577343,0.0898844957057194,0.0936391606152948,0.0888382409462541,0.0954693094103504,0.1204115110766028,0.0885846235359953,0.1133126908632677,0.0932862328156861,0.0961389096360562
864,0.088545386147466,0.0893587988473788,0.0898327794405196,0.0936107547291992,0.0888075661944033,0.0954265986560083,0.1203259672496287,0.088527553437119,0.1132830401305442,0.0932657433012205,0.09609841881334877
865,0.0885056353791584,0.0893428277126136,0.0897930746174951,0.093585416481393,0.0887699914589362,0.0953704681555798,0.1202524585706767,0.0884725592737896,0.1132571919372023,0.0932412523935741,0.09605908759804187
866,0.0884811552887026,0.0893192069652785,0.0897527445749112,0.0935625619502701,0.0887542201621504,0.09530835169533,0.1201803794994589,0.0884316964197458,0.1132301852332557,0.0932320609868357,0.09602525627759388
867,0.0884391847893624,0.0892822891072272,0.0897106343131912,0.0935370006694034,0.0887109678091113,0.0952555244416201,0.1201051043647356,0.0883620420719258,0.1132070675247136,0.093224702652522,0.09598345177438126
868,0.0884096941232542,0.0892563066978982,0.0896703194259835,0.0935164774861223,0.0886727504354834,0.0951972269659428,0.1200294142390771,0.0882973116874794,0.1131932535117539,0.0932007197715275,0.09594434743445221
869,0.0883755873479935,0.0892248949328595,0.0896135702665498,0.0935135537412831,0.0886422073051488,0.0951214810981859,0.119931749391882,0.0882381757072812,0.1131668181471566,0.0931779108872392,0.09590059488255795
870,0.0883310948141632,0.0891973557687481,0.0895749838768542,0.0934868437573766,0.0886091550876395,0.0950562617398304,0.1198432429777335,0.0881681134105585,0.1131367093141376,0.0931579121607799,0.09585616729078214
871,0.0883045449104344,0.0891876941801349,0.0895353291643115,0.093464293633061,0.0885803602030975,0.095003543628318,0.1197741931527723,0.0881228187016283,0.1131267032423669,0.0931234367813142,0.0958222917597439
872,0.0882658027734824,0.0891723842367294,0.0895042111184699,0.0934380282805123,0.0885458841722817,0.0949412620772108,0.1197077718927383,0.0880776460431371,0.1130920400793866,0.0930829734229914,0.09578280040969399
873,0.0882301828997515,0.0891710423405204,0.0894693195459322,0.093423355662514,0.088522823729602,0.0948791647276651,0.1196251256445334,0.0880074759945129,0.1130637569336126,0.0930586208628199,0.0957450868341464
874,0.0882019199968459,0.089153220489337,0.0894159839531649,0.0933991646998727,0.0885122465511901,0.0948299297191833,0.119551713394687,0.0879405455762449,0.113033355593612,0.0930231687875381,0.0957061248761676
875,0.0881683772614601,0.0891336109827852,0.0893711169322621,0.0933728648393912,0.0884895748638604,0.0947848951537952,0.1194835047950644,0.0878985561073443,0.1130047652466409,0.0929901848108178,0.09566974509934216
876,0.0881337376963108,0.089106516435593,0.0893211715780175,0.0933433703401213,0.088472639131662,0.0947280378478196,0.1194045067973667,0.0878667765871354,0.1129774572533857,0.0929634239069115,0.09563176375743235
877,0.0881081325259793,0.0890862782727623,0.0892754529007955,0.0933200312357753,0.0884573972978078,0.0946884476769045,0.1193375589825983,0.087803391053391,0.11298049661676,0.0929472123520038,0.09560043989147779
878,0.0880775757135865,0.0890585306492535,0.0892220693137434,0.0932964211313816,0.088418736459205,0.0946253349353155,0.11924728377865,0.087728106632182,0.1129604961376855,0.0929210519876478,0.09555556067386509
879,0.0880509655164981,0.0890289942285616,0.0891806833621083,0.093255068500773,0.0883883029475987,0.0945737456154402,0.1191708993188633,0.0876679225868194,0.112956262421399,0.0929090958860183,0.09551819403840797
880,0.0880178008094124,0.089004969178201,0.0891465731967234,0.0932388558294263,0.0883463551547392,0.0945139150647065,0.119108032672744,0.0876106286668998,0.1129293698670257,0.0928813621384108,0.09547978625782891
881,0.0880082926519382,0.0889891125596877,0.0891076364296381,0.0932122932716899,0.0883066292632511,0.0944610908770055,0.119025106958915,0.0875479404477093,0.1129199944743918,0.0928625661611742,0.09544406630954008
882,0.0879924259802835,0.0889622098229526,0.0890681885357346,0.0931798776261855,0.0882660960112781,0.0944121990004543,0.1189427063435502,0.0874885684801093,0.1128920569025024,0.0928352737871189,0.09540396024901694
883,0.0879681997402627,0.0889449754358153,0.0890377259715633,0.093148211875343,0.0882336574689145,0.0943736729841829,0.1188716159755152,0.0874338760033524,0.112891831256517,0.0928198183822534,0.09537235850937197
884,0.0879396235234543,0.088925875180643,0.0890307381117595,0.0931364041317105,0.0881995500346202,0.0943214743066904,0.1188025936990629,0.087369864814446,0.1128818193687735,0.0928180061771229,0.09534259493482831
885,0.0879011117271161,0.0888957947997964,0.0889898790591746,0.0930950473757158,0.0881603394704981,0.0942757930023209,0.1187389413637436,0.0873198612178386,0.1128579277730095,0.0928121926998342,0.09530468884890478
886,0.0878714067827894,0.088885490319658,0.0889698186984448,0.0930710851956256,0.0881166076563121,0.0942234827076812,0.118652015434597,0.08726639514972,0.1128293883271436,0.092790860028429,0.09526765503004006
887,0.0878458928334049,0.0888679686977459,0.0889480526348261,0.0930223192099708,0.088078992394787,0.0941747381944173,0.1185780389092585,0.0872084041544084,0.112803624320402,0.0927494460413261,0.0952277477390547
888,0.0878181550341918,0.0888437552497634,0.0888890845070422,0.0929989699142217,0.0880472217776095,0.0941385508204371,0.1185129429374144,0.0871415435518621,0.112799377884687,0.0927290521409992,0.09519186538182284
889,0.0878017339014913,0.0888230217705084,0.0888439024580858,0.0929638708689368,0.0879999249402202,0.0941015062925629,0.1184423108822994,0.0870879065982787,0.1127822427292501,0.092701352429794,0.09515477728714276
890,0.0877641484076937,0.0888134100672041,0.0888043366901392,0.092921903082871,0.0879586891119571,0.0940825831315393,0.1183758363540552,0.0870323375494389,0.1127440585119372,0.092673958986731,0.09511712618935667
891,0.087722378500941,0.0888090007753213,0.0887440895926155,0.0928901926295614,0.0879261554260242,0.0940510825177642,0.1183132078556148,0.0869807600342325,0.1127412509636387,0.092654531732392,0.09508326500281057
892,0.0876834681425266,0.0888026889605944,0.0887031979381203,0.0928607691269311,0.0879016488661132,0.0940089895727921,0.1182435744657127,0.0869234104627189,0.1127404004744492,0.0926357035442448,0.09505038515542033
893,0.0876356899813878,0.0887865065715003,0.0886570328676835,0.0928294848571891,0.0878603470538644,0.0939685434799204,0.1181787312995042,0.0868746863094698,0.1127335483160246,0.0926321075958922,0.09501566783324364
894,0.08759689501056,0.0887745079867404,0.0886159488889859,0.0928038898051194,0.0878355033094679,0.0939129769666202,0.118091466642039,0.086816865863894,0.112719549023354,0.0925933122536325,0.09497609157504135
895,0.0875621294553059,0.0887639536334013,0.0885785273039363,0.0927521002055613,0.0878143866148697,0.0938519593194196,0.1180194177260888,0.0867834175613208,0.1127137361868793,0.0925714107545449,0.09494110387613279
896,0.0875408030348262,0.0887418682332605,0.0885438861923907,0.092704363605565,0.0877667994505627,0.0938013556841487,0.1179317956911812,0.0867338287937298,0.1126988911653491,0.0925474882016146,0.09490110800526286
897,0.0875298211736326,0.0887283902609743,0.0884860174463881,0.0926714757037798,0.0877157159959836,0.0937499242672677,0.1178401315451009,0.0866732979790195,0.1126905510672972,0.0925440764336087,0.09486294018730525
898,0.0874971174214999,0.0887278806929025,0.0884485187615166,0.092630436239427,0.0876887585308392,0.093705998522678,0.1177615080953157,0.0866209746696873,0.1126724116474,0.0925225812619503,0.09482761858432165
899,0.0874648901795809,0.0887175463235978,0.0884033331210081,0.0926116140935984,0.0876387268844712,0.0936547937477693,0.117688364546488,0.0865680194532475,0.1126593408779012,0.0924934350620208,0.09479000642896832
900,0.0874330469958448,0.0887095980391207,0.088355311228198,0.0925874741782581,0.0875973426254538,0.0935950356995356,0.1175936115097702,0.0865215880705113,0.1126269814388631,0.0924701603719056,0.09474901501574612
901,0.0873989613671324,0.0887038474230035,0.0883040136174932,0.0925642292442303,0.0875631000231577,0.0935468089443928,0.1175177254693483,0.0864747381975874,0.1126160368111305,0.0924648280487677,0.09471542891462438
902,0.0873781124781254,0.0887074310811947,0.0882624148256702,0.0925283732538885,0.087512512800727,0.0934998585150968,0.1174315411284185,0.0864386811411775,0.1126084485576032,0.0924296263518753,0.09467970001337771
903,0.0873398476398649,0.0886979992836309,0.0882195318727969,0.0924946390727358,0.0874671440485434,0.0934456403317886,0.117349988166587,0.0863879550802077,0.1126038267187321,0.0924039504337568,0.09464105226486441
904,0.0873107959559382,0.0886714779720772,0.0881846188527931,0.0924647286978694,0.0874316612889327,0.0933949041913197,0.1172714076381518,0.0863508694302639,0.1126011935599963,0.0923420908479003,0.09460237484352425
905,0.0872698204799674,0.0886624456886596,0.0881281540281976,0.0924414003615912,0.0873932793585764,0.0933409521940699,0.1171855591735337,0.0863151253931788,0.1125835459838675,0.0923109349678684,0.09456312176295105
906,0.0872401797183172,0.0886473293311783,0.0880939684921517,0.0924325407324383,0.0873529479189053,0.0932987869273583,0.1171013573208543,0.0862620588916266,0.1125645511136713,0.0922756366846273,0.09452693571311285
907,0.08721344974657,0.0886322351573272,0.0880593810696315,0.0924098190519204,0.087305398904935,0.0932596230144588,0.1170209350002638,0.0862044363431942,0.1125337415455249,0.0922715455707376,0.09449105654045634
908,0.0871829072998613,0.0886090328760522,0.0880164312861769,0.0923834872247711,0.0872631697813302,0.093219853692846,0.1169534652209132,0.086161454548186,0.1124974365131068,0.0922425236612137,0.09445297621044572
909,0.0871579773305225,0.0885690407736163,0.0879789837037884,0.0923512115901569,0.0872271970151243,0.0931638101522399,0.1168676167406678,0.086116873616686,0.1124610229665204,0.0922230134886544,0.09441167473779769
910,0.0871297155714772,0.0885421719742112,0.0879512442056599,0.0923210925717569,0.0871773548780244,0.0931269312171816,0.1167873119688616,0.0860814228626991,0.1124589470253161,0.0922016902029884,0.09437778824781765
911,0.0871027936901948,0.0885261559120759,0.0879095528967673,0.092306869764657,0.0871195429758603,0.093082678960242,0.1167137292423898,0.0860310790758423,0.1124597485177216,0.0921838471614445,0.09434359981971954
912,0.0870558961393248,0.0885202807985639,0.0878478149535037,0.092301218355292,0.0870690691858375,0.093060694354297,0.1166422379382748,0.0859735719004851,0.1124622169762805,0.0921443445872543,0.09430773451891135
913,0.0870085036237782,0.0884965804372573,0.0878138096756559,0.092269275544868,0.0870273080089157,0.0930182717088605,0.1165739237220563,0.0859148734605494,0.1124665651725969,0.0921249074599494,0.09427140188144875
914,0.0869675366415685,0.0884886826460885,0.0877646771663246,0.0922392919878268,0.0869709309586615,0.0929664461350091,0.116499603745909,0.0858681790129786,0.1124634856195155,0.0920985756097927,0.09423274095236747
915,0.0869327626181558,0.0884688301215682,0.0877042738376678,0.0922243695686943,0.086930928901846,0.0929240971818177,0.116431354144491,0.0858257871678716,0.1124583020138814,0.0920821710570714,0.09419828766130653
916,0.0868944798482631,0.0884459420263668,0.0876693838566761,0.0922079551008842,0.0868975670764801,0.0928835307149937,0.1163568837725805,0.0857892962404588,0.1124446809568709,0.0920540723236287,0.0941643791917203
917,0.0868591993527096,0.0884223977187561,0.0876380549471204,0.0921862536414211,0.0868517816670626,0.0928299537798432,0.1162801105089705,0.0857482698077977,0.1124465389080651,0.0920335591809633,0.09412961195127097
918,0.0868232498971077,0.0884114079523772,0.0875756485135391,0.0921564821403158,0.0868064691098076,0.0927711722732671,0.1161967076872052,0.0856942867110547,0.1124354267235592,0.0920061306024767,0.09408769816107103
919,0.0867929718083785,0.0883922477152472,0.0875285628807402,0.0921390842317632,0.0867660929491913,0.0927260631070781,0.1161210628035139,0.0856334013862026,0.112416322758752,0.0919677972553864,0.09404836068962533
920,0.0867584511668882,0.0883609593599219,0.0874825130728427,0.092131009128461,0.0867237368817106,0.0927048919488332,0.1160470874855607,0.0855808580552599,0.1124031195100408,0.0919395267864798,0.09401321533959987
921,0.0867404917863164,0.0883229576988027,0.0874505140373175,0.0921167262457963,0.0866639782751693,0.0926718863938073,0.1159650905087569,0.0855432591852961,0.1123816291550977,0.0919160300937777,0.09397725633801378
922,0.0867054442562644,0.0882994472257874,0.0874212675134535,0.0920971717383483,0.0866161488354656,0.0926205794687145,0.1158801119174205,0.0854978423139186,0.1123795540354591,0.0919067132328737,0.09394242805377055
923,0.0866784343193857,0.0882820972397789,0.0874001898332299,0.0920648476719245,0.0865794657100275,0.092556436629807,0.1158090743291097,0.0854613528441605,0.1123645800487108,0.0918904727540213,0.09390869513801559
924,0.0866392911153469,0.0882445657243705,0.0873789502479311,0.0920243135836108,0.0865308736869074,0.0925129235857186,0.1157319123030033,0.0854181819019407,0.1123576401569828,0.0918796275766226,0.09387182798824348
925,0.0865958813928737,0.088231916331444,0.0873353838610307,0.0920071034250403,0.0864678365249456,0.0924644799590574,0.115660129144271,0.0853843187707983,0.1123449688523878,0.0918623273752324,0.09383543456370812
926,0.08656187469821,0.0882094292225423,0.087303165005949,0.0919890110923105,0.0864244132620456,0.0924219581403605,0.1155937338859074,0.0853408730534441,0.1123430951049759,0.0918496801113686,0.0938037233577114
927,0.0865238775876721,0.0881897738520281,0.0872571433105827,0.0919649641040278,0.0863765093529095,0.0923741978967069,0.1155155007892264,0.0853155824516655,0.1123410876598366,0.091817991867769,0.09376766288724245
928,0.0864891586674717,0.0881715681492431,0.0872057707334448,0.0919474328878101,0.0863317963385769,0.09233359544373,0.1154409737602941,0.0852792769906464,0.1123410141661641,0.0917912298183222,0.09373318169557034
929,0.0864508888987408,0.0881644735855844,0.087157017788954,0.091909954631171,0.0862937091218429,0.0922770425723463,0.1153719403007797,0.0852266208765287,0.1123374131752635,0.0917652856685586,0.09369543466197698
930,0.0864274261105103,0.0881394853701563,0.0871159758975842,0.0918760058987776,0.0862334404953597,0.0922335817609248,0.1153079709800597,0.0851801435805092,0.1123311581442438,0.0917236670677795,0.09365688553059051
931,0.0863914059569809,0.0881172084744875,0.0870998020685233,0.0918548849903262,0.0862004815839586,0.0921818278422294,0.1152386690574071,0.085120490846662,0.1123095098875607,0.0916865182902755,0.09362007989984113
932,0.086359535192832,0.0881002574342665,0.0870731778628611,0.0918271378917916,0.0861640922920705,0.0921431814993391,0.1151606604656366,0.0850766525904138,0.1123008112799801,0.0916590457594568,0.09358645522686482
933,0.0863372881496185,0.0880771540974065,0.0870380563521047,0.0917916397790303,0.0861322373322104,0.0921059443911792,0.115071550184557,0.0850414322954895,0.1122949280019587,0.0916225822920569,0.09355128128756117
934,0.0863043086949015,0.0880502180497289,0.0870074474065114,0.0917713507808926,0.0860931406487299,0.092057311186538,0.1149897852248952,0.0849926684948374,0.1122826053727692,0.0916025755088189,0.09351514113686231
935,0.0862873714000026,0.0880166375555198,0.0869664615956688,0.0917553397371722,0.0860556939983141,0.0920124621394336,0.1149207581072259,0.0849324560964626,0.1122701004641504,0.0916008789811368,0.09348181600750868
936,0.0862526996256946,0.0880049375555381,0.086943334688447,0.0917338792496949,0.0860309254581454,0.0919763903665199,0.1148428742352244,0.0848811614719295,0.112247411900729,0.091571046565153,0.09344846611170758
937,0.0862120687935141,0.0879943437779701,0.0869060271497221,0.0917167501701168,0.0859962268878457,0.0919387262549325,0.1147807532595317,0.0848219184919976,0.112240210836204,0.0915406898089916,0.09341477154308261
938,0.0861833858092072,0.0879738006250752,0.0868828011784964,0.0916863218919459,0.0859537045982564,0.0918930166389229,0.114706429998249,0.0847684872944043,0.1122188824629829,0.0915207304056602,0.09337875609032005
939,0.0861373197540683,0.087942554013382,0.0868585491936946,0.0916690069551026,0.0859059176769334,0.0918559127891751,0.1146319648879666,0.0847181828388886,0.1122061322802541,0.0915074694927311,0.09334330098821965
940,0.086105168104785,0.0879202934691184,0.086832251549096,0.0916475520632391,0.0858721827427011,0.0918249073073117,0.1145543927297929,0.0846755891923962,0.1121972075695853,0.0914844820423869,0.09331140267704126
941,0.0860673628567236,0.0878832130280876,0.0868192374934427,0.0916208378385872,0.0858337795856088,0.091788641504332,0.1144936294470286,0.0846379864850214,0.1121858889721933,0.091464489745405,0.09327950669564303
942,0.0860274536713039,0.0878530069673125,0.0867943572068301,0.0915885688069498,0.0857844423094007,0.0917389677701938,0.1144249123750506,0.0845958973396416,0.1121536812008577,0.0914401082404741,0.09324013958880148
943,0.0859956948429017,0.0878273835871104,0.0867547085415527,0.0915626734628769,0.0857556152433089,0.0917199098718079,0.1143498438105362,0.0845521419416016,0.1121368262971891,0.091404381348761,0.09320591789476465
944,0.08596490654579,0.0878112941809342,0.0867350047975858,0.0915288478276286,0.0857125919387249,0.0916735223236761,0.1142926087395447,0.0844919456778919,0.1121061458635409,0.0913902850457542,0.09317071529410711
945,0.0859349843853317,0.0877918394536817,0.0867112899538159,0.0915005381933264,0.0856854577765932,0.0916357344032913,0.1142151489574658,0.084435147290126,0.1120821539100241,0.0913745856543783,0.09313668799780343
946,0.0859011168826226,0.0877533795737633,0.0866949942175621,0.0914847712354033,0.0856484772950436,0.0915747662065739,0.1141252934138214,0.0843765236371476,0.1120590741199767,0.0913381154735748,0.09309565120554894
947,0.0858760044999425,0.0877397060322059,0.0866535135623424,0.0914533791809481,0.0856105359595216,0.0915201883642434,0.1140511906924319,0.0843431422511403,0.1120509326336579,0.0913173522523588,0.0930615945428793
948,0.085842422724729,0.0877053599920772,0.0866286982208072,0.0914306050050476,0.0855670963498909,0.0914845408289966,0.1139840441913283,0.0842944674764616,0.1120194844885792,0.0913039036436113,0.09302606229215289
949,0.0858057808886437,0.0876691116395117,0.0866161269471327,0.0913983759495455,0.0855285705199844,0.0914405105600172,0.1139121212149373,0.08424963723455,0.1120051569148685,0.0912883820683161,0.09299137739375071
950,0.0857666523544756,0.0876092000398895,0.086600607468774,0.0913760029275879,0.0855063592124632,0.091404969290091,0.1138578700936071,0.0842120553158234,0.1119725285396749,0.0912637227009915,0.0929569967943378
951,0.0857482923321863,0.0875865228115355,0.0865631131458469,0.091341417722907,0.0854711813119322,0.0913886111224025,0.1137743548186705,0.0841810100364141,0.1119509114884755,0.0912360653672408,0.09292414801576113
952,0.0857219693165065,0.0875709014627591,0.0865311798805412,0.0913013934960447,0.0854464242864374,0.0913512486849062,0.1136955382230314,0.0841355510175314,0.1119227427833193,0.0911974270608053,0.09288743762118823
953,0.0857108115932126,0.087541404323028,0.0864934219827945,0.091297529583182,0.0854042391154912,0.0913133403812928,0.1136146978320573,0.0840876500414368,0.1118855195398451,0.0911648438180425,0.09285134582103828
954,0.0856724811144198,0.0875132229109075,0.0864480246308942,0.0912783366941175,0.0853741907155674,0.0912633743818638,0.1135404014505809,0.0840380938648209,0.111870064581936,0.0911207968939325,0.09281189872390405
955,0.0856416466628633,0.0874823903616913,0.0864059053904117,0.0912684638982797,0.085341444925254,0.0912264296858489,0.1134650736990539,0.0839930074282183,0.1118305121750505,0.0910916310925762,0.09277465053192477
956,0.0856204302385594,0.0874661556693797,0.086361212801107,0.0912319022329818,0.0853230107282615,0.091196803302691,0.1134007319051657,0.0839516419087472,0.1118018882872135,0.091075728586284,0.09274295056603908
957,0.0855821206379438,0.0874594408368655,0.0863075106845029,0.0911988065218298,0.0852801009216938,0.0911644890202475,0.1133306064537275,0.0839103087817716,0.1117815886493129,0.0910564620444226,0.09270714345523179
958,0.0855394382289675,0.0874425989872756,0.0862660234457799,0.0911849534356771,0.0852503318930314,0.0911258950345914,0.1132646517577879,0.0838620088357726,0.1117449838560885,0.0910356041962089,0.09267164896711808
959,0.0855086686206114,0.0874280412789481,0.0862519388393519,0.0911607879542624,0.085226922534395,0.0911011539449805,0.1131929221521242,0.0838120044818998,0.1117058415905043,0.0910058281992434,0.0926394109596321
960,0.0854638931557829,0.0874042815005157,0.0862207669122089,0.09112532455196,0.0851969558271856,0.0910425141855546,0.1131218254084763,0.0837670731513257,0.1116837241713347,0.0909818625865506,0.0926008221450895
961,0.0854212262457106,0.0873823364604233,0.0861711565251522,0.0911031527428356,0.0851606471786338,0.0909949404131816,0.1130555540281207,0.0837148782333571,0.1116773657463234,0.0909633262692818,0.09256445838430201
962,0.0853860168790041,0.0873645832957176,0.0861463964105412,0.0910740495348547,0.0851239771548921,0.0909539360973103,0.1129769280342142,0.0836654906284454,0.1116548065768411,0.0909261498412111,0.09252723344530318
963,0.0853591677209591,0.0873499578412939,0.0861038898189339,0.0910703149937153,0.0850863174729822,0.0909071661136171,0.112914370387439,0.0836237036789045,0.1116444120546688,0.0909040049023308,0.09249633049848445
964,0.0853207755450387,0.0873283537453204,0.0860574236650275,0.0910413848262842,0.0850345061739425,0.0908698177965536,0.1128484953935212,0.0835810875029041,0.1116334178641871,0.090894598167156,0.09246098606799354
965,0.0852908014449144,0.0873122280860407,0.0860407240223624,0.0910219147862278,0.0849899684505986,0.0908226095339394,0.1127791431751418,0.083536518903334,0.1116134597478293,0.0908709615101723,0.09242783296605607
966,0.0852387750219315,0.0872906843173454,0.0860067973739448,0.0910079878349084,0.0849512172073456,0.0907799123565222,0.1127115257042048,0.0834863408753464,0.1116065591300709,0.0908348942197044,0.09239146940413244
967,0.0851889352707496,0.0872706838609814,0.0859714202099944,0.0909834512947023,0.0849038155852413,0.0907389957895391,0.1126354431854485,0.0834349952332965,0.1115845642707242,0.0908141175846427,0.09235264222853198
968,0.0851430598720595,0.0872624018827041,0.0859519073172427,0.090937809087151,0.0848628887997388,0.0907073568086311,0.1125847365554787,0.0833866553598272,0.1115670341678608,0.0907908334282829,0.09231946832789768
969,0.0851062315190012,0.0872202423506182,0.0859161247245776,0.0909031661692469,0.0848333525852341,0.0906742480317609,0.1125152886174949,0.0833478783625445,0.1115414105849458,0.0907642278933322,0.09228221708387563
970,0.0850893358130211,0.087209206488696,0.0858743861858241,0.0908612982797386,0.0847800921097827,0.0906310897710861,0.1124560702476902,0.0833162230223058,0.1115170587366081,0.0907430129095485,0.09224777735643012
971,0.0850517213725859,0.0871811254705401,0.0858434633918855,0.0908166262861514,0.0847436165676234,0.0905801688229655,0.1123887365649368,0.0832679167328778,0.1115052542021699,0.0907243180095483,0.09221029474212847
972,0.0850227995767554,0.0871558241165556,0.0858071331096177,0.090781762185324,0.0846960234644203,0.0905427550300035,0.1123102052009336,0.0832354839384889,0.1114892717776639,0.090724743339671,0.09217660017394338
973,0.0849948911085063,0.0871275872680323,0.0857727849240022,0.0907424417386342,0.0846587196768717,0.0905043078295484,0.11225426401019,0.0831978640047601,0.1114666792910927,0.0906966938054092,0.09214162336570472
974,0.0849603243617377,0.0871039421349756,0.0857501788395615,0.0907202917669107,0.0846220002933655,0.0904670864999133,0.112181640212309,0.0831668968434023,0.1114482317463217,0.0906770303627541,0.09210976230612514
975,0.0849352378545751,0.0870853333238396,0.0857151252203151,0.0906933309013581,0.0845835848930032,0.0904321110358597,0.1121131048752614,0.0831264935451034,0.1114395921385342,0.0906633982230138,0.09207873120108637
976,0.0849042035617343,0.0870547756430202,0.0856745015176196,0.0906659888335285,0.0845520083796739,0.0903846234946507,0.1120574296747315,0.083084711014707,0.1114215703706945,0.0906454731245502,0.09204452856149105
977,0.0848776245969482,0.0870522633291649,0.0856374453478983,0.0906367936463124,0.0845079027607259,0.0903472262447013,0.1119872053896294,0.0830623166017137,0.1113968691476415,0.0906236344139065,0.0920129281478642
978,0.0848550472419185,0.0870252116794537,0.0856139868423835,0.0906338731375778,0.084467249891789,0.0902952325680276,0.111918119702528,0.0830165263478019,0.1113732844180943,0.0905887441197235,0.09197872759492978
979,0.0848215390152455,0.0870033959317942,0.0855778612425152,0.0906133814177096,0.0844345494156284,0.0902460783601139,0.1118594673998343,0.0829757510400881,0.1113651525824264,0.0905813939279679,0.09194785703333236
980,0.0847872240168796,0.0869989996547481,0.0855585648337479,0.0905839831375367,0.0844027122786441,0.090214318267504,0.1117820339195867,0.0829433405867203,0.1113400080805146,0.0905669949385961,0.09191781797144781
981,0.0847465618141278,0.0869631446676582,0.0855343547664438,0.090557219304278,0.0843628635668486,0.0901869586796502,0.1117038111713016,0.0829128790953699,0.1113156123822341,0.0905503615482032,0.09188337669961154
982,0.0847096168363202,0.0869485580876852,0.0854959171584651,0.0905371122205171,0.084331955168774,0.0901369497135316,0.1116498795100942,0.0828693554815213,0.1112696982627027,0.0905216460329599,0.09184706884725713
983,0.0846840894937707,0.0869342824167213,0.0854638792535925,0.0905217187669515,0.0842815081198375,0.0900934358207992,0.1115872376711355,0.0828380316036735,0.1112327564675689,0.0905027708631742,0.09181397104772249
984,0.0846403118959187,0.0869133293669156,0.0854405855326123,0.090495548360096,0.0842352569974198,0.0900610406656163,0.1115240698528853,0.0828116002282757,0.1111965740112994,0.0904837552993555,0.09178020722103944
985,0.084617932789358,0.0869090947512265,0.0854130253567251,0.0904811118905183,0.0841958651277305,0.0900197924188511,0.1114417552702879,0.0827765558537279,0.1111511948985875,0.0904604177345062,0.0917466746091519
986,0.0845979023404041,0.0869003163763692,0.085375578199077,0.090461846789303,0.0841581228633224,0.089968414301469,0.111366204385024,0.0827383776559652,0.1111167845552434,0.090451211524733,0.09171347589909104
987,0.0845814475523386,0.0868831913362602,0.0853688927370069,0.0904416759102393,0.0841239953235611,0.0899301371040343,0.1112892224952015,0.0827030225915747,0.1110857585641432,0.0904495603881082,0.0916856904002468
988,0.0845389635612259,0.0868692414766394,0.0853348843454145,0.0904331996308266,0.0840787877522107,0.0898930795466667,0.1112138884765765,0.0826729640063456,0.1110531841455588,0.0904423965444498,0.09165305894859144
989,0.0844957816171317,0.0868479520679213,0.0853018680600914,0.0904176690250022,0.0840429092249357,0.0898527155688803,0.1111278185141878,0.0826217134354578,0.1110058616489034,0.0904326494972063,0.09161469386597179
990,0.0844636196244344,0.0868129263407537,0.0852730534275438,0.0903904895136729,0.084002470400778,0.089820976592009,0.1110706937591123,0.0825988851554463,0.1109581770765981,0.0904132256361232,0.09158045175264716
991,0.0844441986787289,0.0867769583398946,0.0852315654456768,0.0903735812360682,0.0839647874374178,0.089792079961067,0.111009268060626,0.0825625224781924,0.1109173093932265,0.0903881529617595,0.09154604239926577
992,0.0844196137075086,0.0867594011902785,0.0852010687555664,0.0903422693795114,0.0839465188236445,0.0897559381335764,0.1109355961089721,0.0825162351238478,0.1108661354881546,0.0903507040252769,0.09150934807363373
993,0.0843802784663955,0.0867432836133609,0.0851907782009392,0.0903312814050617,0.0839311888211155,0.0897203054162037,0.1108704337495933,0.0824573751515161,0.1108145286239437,0.0903207057133889,0.09147601591615186
994,0.0843559713635164,0.086709955124415,0.0851505779633343,0.0903078214598919,0.0838803263394798,0.0896864014227222,0.11082346869672,0.0824163007391777,0.110772408317418,0.0903074501772297,0.0914410681603905
995,0.0843396510732344,0.0866855567141335,0.0851232130218166,0.0902888302147711,0.0838348994679748,0.0896486349239137,0.1107514490631801,0.0823693723271424,0.1107354701221123,0.0902788190225115,0.09140558959507905
996,0.0843186442015411,0.0866432304401776,0.0851010496509806,0.0902528786525201,0.0837988062864084,0.0896109746461823,0.1106937411240674,0.0823236805191517,0.1106924870900856,0.0902756831641067,0.09137111757752216
997,0.0842971619665995,0.0866110063704897,0.0850833294479068,0.0902161309411569,0.0837667132635701,0.0895774488214944,0.1106315483785805,0.0822818136914592,0.1106580203287717,0.090236248354718,0.09133594215647468
998,0.0842737075366484,0.0865848856402816,0.085053242276075,0.0902005958240235,0.0837433989293653,0.089526432643985,0.1105617545919946,0.0822345120739527,0.1106198737791214,0.0902222399971256,0.09130206432925732
999,0.0842514389977803,0.0865640962699598,0.0850364538683231,0.0901705704237076,0.0837186658273047,0.0894841489865858,0.1104929853244101,0.0821942031145599,0.1105768233740478,0.0901915331453823,0.09126809193320615
1000,0.0842387710530744,0.0865622181188949,0.0850295390462812,0.0901392946699638,0.0836856456567905,0.0894470582796797,0.1104217294371268,0.0821304049910119,0.1105356481370441,0.0901744897288428,0.091236479911871
