Timestep,mc_1,mc_2,mc_3,mc_4,mc_5,mc_6,mc_7,mc_8,mc_9,mc_10,mean
0,0.0,0.0,0.0,0.0,0.0,0.0,0.0,0.0,0.0,0.0,0.0
1,0.3470149253731343,0.3117892156862744,0.3077142857142857,0.3471791767554479,0.3309308510638297,0.3351463414634146,0.3225184275184276,0.2878444444444444,0.325780487804878,0.2904398148148148,0.3206357970638951
2,0.3429683698296837,0.3115186915887851,0.3083816964285714,0.3473730814639906,0.33653452685422,0.3266206896551724,0.3326555023923444,0.2996478873239436,0.3212691853600944,0.2928285077951003,0.3219798138691906
3,0.3376158680282796,0.30301191362621,0.3045718432510885,0.3437931034482758,0.330989847715736,0.3196560846560847,0.3266046511627907,0.3031196581196581,0.3165396458814473,0.2933793604651163,0.3179281976354687
4,0.3326918604651163,0.2939462248777837,0.3015301724137931,0.3402532391048292,0.3222698612862547,0.3162764771460423,0.3107511467889908,0.3015382557517388,0.3129328018223235,0.290850267379679,0.31230403070365514
5,0.3274215867158672,0.2897408666100254,0.3024273504273504,0.3365616180620884,0.3143593593593593,0.3154617414248021,0.302757909215956,0.2992696629213484,0.3079550612800726,0.2880029523407845,0.3083958108357655
6,0.3245927775643488,0.2878834782608696,0.3001447979978549,0.334069033530572,0.3096988448844884,0.3184070315331642,0.2973334602207842,0.2969592134013109,0.3022651515151514,0.2840380622837369,0.3055391851192281
7,0.3223990734612839,0.2893441176470588,0.3020189370800244,0.3331852103120759,0.3089929328621907,0.3221020788085634,0.2955580939947781,0.2936168872085696,0.3012065605716141,0.2821302298173246,0.30505541217634835
8,0.3209785755645628,0.2930173292558614,0.3030388504523682,0.3320362663495838,0.30375,0.324002980222162,0.2973319027181688,0.2903771221820206,0.3004877353108957,0.2820464459840903,0.3047067208039714
9,0.3205195473251028,0.2957537012113054,0.3027961693071648,0.3316453674121406,0.2997388465723613,0.3249014186102428,0.2991855722661229,0.2887521771584971,0.2962645717181956,0.2822344280860702,0.30417917996672034
10,0.3193108640259439,0.2997222779225987,0.3026358985290983,0.3288738521024649,0.2994574780058652,0.3258986822207821,0.3005838150289017,0.2873040326234708,0.2886708286038592,0.2839479018852626,0.30364056309482473
11,0.3189869004859497,0.3038747961587243,0.3053738317757009,0.3265976069133615,0.2976676963812886,0.3260789525497145,0.3045459367706344,0.2882853867000209,0.2838574358974358,0.2884590851102607,0.3043727628743091
12,0.3189623374102116,0.308006958250497,0.3075301421630377,0.3261440329218106,0.3005394232708206,0.3260235081374321,0.3081539816082959,0.2910916442048517,0.281587286705419,0.2939362410521059,0.3061975555724482
13,0.3225941872981701,0.3112663622526637,0.3088095238095238,0.3246200345423143,0.3013555719829976,0.3262985274431058,0.3136625588981515,0.2949250669045494,0.2833017894012388,0.3001163146617692,0.3086949937194484
14,0.324363184079602,0.312560872624912,0.31168875192604,0.3257471575527883,0.3032582071780915,0.327400372150721,0.3181826583767435,0.2974975041597338,0.2839531941808981,0.3047446808510638,0.31093965830805936
15,0.3270073834794647,0.3148156139662613,0.3143102953828506,0.3266737758061764,0.3058303192325837,0.3309465349411593,0.3222113118617439,0.3013748055987558,0.2845519976498237,0.3107806519730763,0.31385026898918955
16,0.3317159466054255,0.3172371934935664,0.3165479999999999,0.3278203062046737,0.3095378887428822,0.3346956046956046,0.3271077490774908,0.3064329268292682,0.2862678375411636,0.3163501483679525,0.3173713601558027
17,0.3355298367674605,0.3194275846450006,0.3176921644107786,0.3306312900274474,0.3128673957621326,0.3393869559635384,0.3328208164971437,0.3103937168502652,0.2874813192476166,0.3210429234338747,0.32072740036052577
18,0.3373258145363408,0.3213174065049263,0.3203605852978748,0.3348670520231214,0.3143419536551017,0.3438631146550682,0.3376081223628692,0.3155406436840097,0.2876484789956542,0.3259663682026644,0.3238839539917631
19,0.3390974581234626,0.321732830488289,0.3220951240748803,0.3396006302233182,0.3175561187545257,0.3466765308445254,0.3439407045255109,0.3204315387370179,0.288235794487921,0.3303888946121355,0.32697556248715864
20,0.340731129476584,0.3247768649052376,0.3235095957533687,0.3446491683991683,0.3208478533196674,0.3505988378349295,0.3505362663495838,0.3274834176503654,0.2919374866195676,0.3345479292241882,0.3309618549532661
21,0.342765780730897,0.3268998242530756,0.3254647589782985,0.3505751448649981,0.3237256274911128,0.3565174103951803,0.3566458994109651,0.3331268561731014,0.2953301600162041,0.33769654665687,0.3348748008970703
22,0.3452085985701694,0.3290623182384711,0.3271741095642742,0.3556414742243993,0.3275559853420195,0.3612996407418196,0.3626105047011779,0.338076923076923,0.2992322815766759,0.3412224928242151,0.3387084328860145
23,0.3471318152365083,0.3300966373350094,0.3273866632644382,0.3592635573644263,0.3300896644812958,0.364866826967539,0.3672759118071296,0.3436532978521194,0.3026236451407231,0.3452366619938979,0.3417624681443087
24,0.3494517775431185,0.3304622536258831,0.3285683914961893,0.3624069453108754,0.3321784800876872,0.3687247285247638,0.372439408866995,0.3482324051545463,0.3058902924381381,0.3485872120357311,0.34469418950839276
25,0.3510724443700853,0.3310607130250618,0.3292989448113566,0.3663880714145576,0.3366349743856907,0.3709445334232487,0.3786338797814207,0.3518344155844156,0.3090894516155553,0.3517124309804507,0.3476669859391843
26,0.3531019402035623,0.3320606814058194,0.3309096151073952,0.3700409074005206,0.3402363997681543,0.3739280540801545,0.3830637034371063,0.3540912031047865,0.3126778177270596,0.352887863733144,0.3502998185967703
27,0.3541909874489641,0.332550850709991,0.332290782084646,0.3748227513227513,0.3438146449470188,0.3763505194305502,0.387226431338786,0.3562406015037594,0.3165162562309352,0.3535772192946899,0.3527581044312092
28,0.3552187994817907,0.3323655979519688,0.3340142316229273,0.3785128119243008,0.3467540276832312,0.3793893270435615,0.3901139448786507,0.3579879868947943,0.3203812295896635,0.3537111911036832,0.35484491481745717
29,0.3558791058081327,0.3319356058402652,0.3355014014325755,0.3811640780565511,0.3500796408919779,0.381614245416079,0.3930703959773727,0.3600405602163211,0.3245348363438816,0.3539576687116564,0.3567777538694813
30,0.3564959445316587,0.3328172814777722,0.3371168057210966,0.3819293005671077,0.3531149361465852,0.3828910737211973,0.3958788723901409,0.3605200422637521,0.3282192047817048,0.3537568105923019,0.3582740272193317
31,0.3570172263138185,0.3336110222790747,0.3382642339101136,0.3824556807579129,0.3553369738945124,0.3846347239343411,0.3980002169354255,0.3613179784485474,0.3313977625854568,0.3534025791982057,0.3595438398257409
32,0.3577924055167473,0.3340424279645836,0.3385166219398652,0.3818290516534572,0.3573695318495778,0.3855255619901613,0.4008867662382772,0.3621284801735567,0.3340484696915565,0.3533454242570799,0.36054847412748625
33,0.3583634802518602,0.3342290673091105,0.3395875854813256,0.3811488293223765,0.3588320854302196,0.387453847998082,0.4037154493256776,0.3627747633341029,0.3370132541133455,0.3532623729163441,0.3616380735482444
34,0.3586646167362178,0.3340532544378697,0.3403506953223767,0.380943707578305,0.3605910298023015,0.3882743311808118,0.4072362923442823,0.3630504536401858,0.3395153327116134,0.353772226085229,0.3626451939839193
35,0.3586869033176855,0.3340640259206863,0.3409012405740695,0.3792632017126546,0.3615671641791044,0.3891966812808702,0.4090676919276141,0.3628892128279883,0.3413307493540051,0.3535815365492183,0.36305484076438965
36,0.3595402444590962,0.3346635546943808,0.3408490919303502,0.3771918743598498,0.3630408653846153,0.3895476863959011,0.4103588601959038,0.3622407652386282,0.3424927778622472,0.3534996546166244,0.36334253751375967
37,0.3604459657701712,0.3352802109022876,0.3408039339529009,0.3755881711638048,0.3645978100652769,0.3901696658097686,0.4119276936267505,0.3609750976562501,0.3434923813244774,0.3527555190334473,0.3636036449305135
38,0.3604656423791121,0.3348012238695634,0.3411440271848043,0.3743616020077381,0.3655735204392922,0.3899120198265179,0.413506038713947,0.3590616942478084,0.3436320843532292,0.3508562920433609,0.36333141450653733
39,0.3604822427356646,0.3346924544045774,0.3413410010111224,0.3726865109269027,0.3665288688138256,0.389017118538708,0.4142380141542063,0.3582194593618845,0.3439090743936779,0.3484262931746818,0.3629541037515251
40,0.3608704915872249,0.3344326132082724,0.3418602422413441,0.3712682243893019,0.367724899121766,0.3889045242386432,0.4142104048022164,0.3572661620116592,0.3441360785861509,0.3469040964625089,0.36275777366490874
41,0.360309118682904,0.3338639154541734,0.3416986344620727,0.3693780215693566,0.3690181893344357,0.3886176010721465,0.4142261610060401,0.3561541046970842,0.3447017774572605,0.3453122105588144,0.3623279734294288
42,0.3598519156616622,0.3334704694598687,0.3416508604206501,0.3672291340344595,0.3699659712646235,0.3881023901110774,0.4137125304776019,0.3549858035207268,0.3451136736703874,0.3426571875815288,0.36167399362025865
43,0.3591450818369617,0.3334443355615441,0.3417281088899602,0.3648128503665373,0.370505409715936,0.3872777289653152,0.4136502472159327,0.3533283067643258,0.3452269294968603,0.3408765823926137,0.3609995581205987
44,0.3584164070612668,0.3332374528526283,0.3421699812653119,0.3621436881908086,0.3708065324534291,0.3865792245675161,0.4131276538685022,0.351172563859981,0.3455473538141309,0.3390640067081266,0.3602264864641701
45,0.3571144751052024,0.3320757300775449,0.342918664473454,0.3594873336540003,0.3702922840255849,0.3855438541339201,0.4119684647661893,0.3486296431838975,0.3460311669846972,0.3371405328452309,0.3591202149249721
46,0.3564966772609073,0.3305349239946123,0.3433297032398584,0.3563508805883491,0.369501432327434,0.384877174244736,0.4111706765026406,0.3461729051467461,0.3466449114642039,0.3355653675382338,0.3580644652307722
47,0.3553486334968465,0.3285636556390509,0.34337548831358,0.3535715354684227,0.3690671059146133,0.3844157286729857,0.4101144727745923,0.3440087583719732,0.3464804479140909,0.3342771546352219,0.3569222981201377
48,0.3538217080639673,0.3270522229635471,0.3433742667440211,0.3507709171286734,0.3684553928095873,0.3837505847637554,0.4091211738718839,0.3418650106553009,0.3465054465482285,0.3327716699276375,0.3557488393476603
49,0.3524380930340199,0.3255008701808207,0.3431167425074533,0.3482618688375031,0.3672429772253753,0.3827836079336761,0.4079852462157501,0.3393217054263566,0.3464073628247567,0.33114929517945,0.3544207769365162
50,0.3509632437989975,0.3242676129180553,0.3431216179033293,0.3464722401879021,0.3667698465410564,0.3824832317592183,0.406798518297904,0.3368434177096076,0.3459653916211293,0.3297944078947368,0.35334795286319365
51,0.3500015626953369,0.3229219651560136,0.3430752713825599,0.3453409053334655,0.3654387425658453,0.3818693895127364,0.4053375054261323,0.3343792472954442,0.34601380883005,0.3285395395395394,0.3522917937737124
52,0.3488160856604003,0.3209305881710447,0.3423499302000931,0.3434853838740764,0.364607369674517,0.3814907634672523,0.4034819514252574,0.3322539489671932,0.3455766916597241,0.3274259233449477,0.35104186364445067
53,0.3481654804270462,0.3192940863079381,0.3423834005567232,0.3418383065146071,0.3639096533058384,0.3803933043861305,0.4012013597075604,0.3290498200143989,0.3452514815149054,0.3260142643662546,0.34975011571014025
54,0.3475378963202962,0.3175046121865662,0.3421449174871723,0.3397671307837295,0.3635224415388484,0.3797393931956928,0.3995365415932733,0.3261966051371109,0.3449222143947399,0.3244893741056759,0.3485361126743105
55,0.3463812762834806,0.3157050892133008,0.3421552916293825,0.3385841402386663,0.3630261866797498,0.3792008380724334,0.397674365942029,0.3231167911057824,0.3441168637782422,0.3228528400424003,0.3472813682985468
56,0.3454656160458452,0.313997154521836,0.3419017184682295,0.3371919270607922,0.3628671496138417,0.3786623422159888,0.3960813535824563,0.3203049524921705,0.3433381761287438,0.3209370190002775,0.34607474091301815
57,0.3444528916278695,0.3122182068698784,0.3416690875136173,0.3358736634777715,0.3624706157534646,0.3781174724584736,0.3943965543715259,0.3172096119541894,0.3430196966390222,0.3193418782351492,0.34487696789009614
58,0.3432383542208559,0.3106895533668721,0.3413861474058099,0.3340384246180851,0.3618281674046565,0.377245210941639,0.3927972855559217,0.3141995263171155,0.3426978244641143,0.3176568105752329,0.34357773048703033
59,0.3419462708033696,0.3088852958839563,0.3410651137379556,0.3314533982139993,0.3613264622088151,0.3765969799389446,0.3911852144172586,0.3111019114539826,0.3419975244299674,0.3161101174366337,0.3421668288524883
60,0.3409154010292456,0.3073987433324292,0.3403410334346505,0.3288600975457082,0.3608254575252663,0.3758499693488633,0.3895490856180993,0.3084199165347532,0.3413913508557457,0.3146638056009388,0.34082148608256996
61,0.3398443560661854,0.3058760480499082,0.3395338378069674,0.3268907284768211,0.360283709742082,0.3747364991659716,0.3879667084552166,0.3059367094537619,0.3407025761124121,0.3132385378919174,0.3395009711221244
62,0.3387241246818117,0.3046126432548365,0.3387835193253035,0.3245110602403643,0.3594533682145193,0.37362971084706,0.3863304288631722,0.3034181010803881,0.3403249762212521,0.3116776772147717,0.3381465609943479
63,0.3374166705843636,0.3028740374620818,0.3382624825917216,0.3220383241391042,0.3587548678007788,0.3724584601566788,0.3847028991294625,0.3006714614885573,0.3397671141260211,0.3104183198205969,0.3367364637299367
64,0.3361326399116348,0.3015044183387046,0.3375531343684281,0.3197727920227921,0.3574729296170042,0.3712925792982199,0.3827236068473906,0.2979121648221863,0.3393811017722942,0.3085866672299439,0.3352332034228599
65,0.3351445158381241,0.299918493764773,0.3369140162316297,0.318002646731055,0.3566793480928771,0.3703769637263576,0.3809389312977099,0.2955824702559273,0.3389835719530103,0.3070871184687014,0.33396280763601655
66,0.3340199761347062,0.2986553874442867,0.3365837941347332,0.3157557109768835,0.3556988484746496,0.3693647521783941,0.3794600553022942,0.2932493507581469,0.3385534697368718,0.3058161152831337,0.33271574604241
67,0.3325896703249128,0.2973852851204016,0.3361239180916192,0.3138023459889365,0.354602176370831,0.3683568231378399,0.3778241259934662,0.2911573010664479,0.3384340914109074,0.304466056141748,0.331474179364711
68,0.3314030303673365,0.296469308379544,0.3352357669677633,0.3118470603583232,0.3534282055423521,0.3669962673981966,0.3761204220980758,0.2888630291098299,0.3382670971656409,0.3033775442434659,0.33020077316305285
69,0.3302728483158924,0.2950625566979136,0.334381485249237,0.3103195612820785,0.3524940026252659,0.3656176729836932,0.3744322327191095,0.2869170178409672,0.337883526958594,0.3022503307195306,0.3289631235392282
70,0.3290066968843153,0.2937784828917092,0.3332751113507899,0.3084393256551493,0.3513609539656129,0.3645466136491335,0.3727477828448335,0.2851542798663808,0.3376506729081333,0.3011228829506963,0.3277082802966754
71,0.3277464464002886,0.2923862269994534,0.3321846431514105,0.3066674164655842,0.3505619395838774,0.363357965267912,0.3708189655172413,0.2833349430903547,0.3371736721123061,0.2998630719195801,0.32640952905080084
72,0.3266880611119862,0.2908895211509555,0.3310665214961555,0.3047987532321754,0.3495522882097934,0.362054061927751,0.3687692443036861,0.2815358323735928,0.336919983875844,0.2987712833545107,0.32510455510364505
73,0.3256274775210286,0.2895398136755142,0.3298144290854005,0.3025951754213649,0.3482480711170748,0.3609345126235803,0.3664776521270867,0.2797519591762348,0.3363794878903697,0.2977797602055381,0.3237148338843192
74,0.3244542347132548,0.2881699820417185,0.3284252334709975,0.3007922012869417,0.3469486345769967,0.3595296558359558,0.3645500517303266,0.2781203034423531,0.3360590754257908,0.2964183290677698,0.32234677015921054
75,0.3233474528830005,0.2867656743270308,0.3274600750022867,0.298809496816129,0.3458477658993997,0.3582038166437143,0.3625925887589277,0.2761494151944083,0.3355219554194968,0.2952701538567563,0.320996839480115
76,0.3220340210912426,0.285441767738276,0.3264971202303816,0.2968037863195565,0.3446919657033979,0.3570625012078929,0.360576372678372,0.2741983449702612,0.335165258145269,0.2942485598102338,0.31967196978948836
77,0.3208168214189127,0.2842887152891748,0.3253455784721608,0.2950358586042448,0.3438106431539317,0.3557139873153317,0.3585083632019116,0.2729596123873417,0.3344876969506211,0.2929974013859275,0.31839646781795583
78,0.3195028089389831,0.2832257309375051,0.324351450222106,0.2933638151425762,0.342498082233814,0.354552843252524,0.3565280139141311,0.2715773175279702,0.334146343684546,0.2918373183002573,0.3171583724154413
79,0.3182707022467014,0.2820768619977767,0.3233943570228668,0.2917888264230498,0.3414208361633083,0.3534072891433605,0.3541805259826207,0.2699131103547584,0.3334254099095063,0.2906762903225807,0.315855420956653
80,0.3169426063702129,0.28075921875,0.3225369117324469,0.2901426351234674,0.3401918011500649,0.3522604668797053,0.3518786486384694,0.2683583242164876,0.3326809549838661,0.289301380733217,0.3145052948577937
81,0.3159931998042623,0.2796364754728587,0.3214684484161918,0.2885250992770594,0.3388736504231106,0.3512646107933349,0.3493184842883549,0.2668440041776118,0.3318034351145039,0.28797227645451,0.3131699684221798
82,0.3148902358020591,0.2785775163873624,0.3201967486589035,0.2871330841620503,0.3378284350665662,0.350297933349652,0.3469911424111518,0.2653280143224099,0.3311025895053294,0.2866794832359274,0.3119025182901412
83,0.3136512152465635,0.2774267950858778,0.3190267126377522,0.2856042558776723,0.3364913907284769,0.3494191328286304,0.3446680571897172,0.2641503868842412,0.3302738309428125,0.2855795607826495,0.31062913382043933
84,0.3129201210579694,0.276498215361114,0.317742631428662,0.2843530997304582,0.3350581991278817,0.3488511990509279,0.3428536380204683,0.2631691841076791,0.3295732070723792,0.2844366407427863,0.30954561357003263
85,0.3123092541480282,0.2752534375452309,0.3166265879154362,0.2828104403894103,0.3339341515949263,0.3481617156208277,0.3409678836644325,0.2622243526858706,0.3285717779009488,0.2832084810331386,0.30840680824982497
86,0.3115361469323954,0.273859029768782,0.3153056277988951,0.2815341690633987,0.3324282109512995,0.3474443567741723,0.3393179122182681,0.2612666061254083,0.3275635096508976,0.282137846064647,0.30723934153481636
87,0.3106724002525446,0.2724802518764231,0.3137423052430482,0.2801947432405399,0.3308625084835543,0.3467512632806426,0.3376433407824956,0.2601941229108334,0.3266818052346741,0.281020316317346,0.3060243057622102
88,0.3094172495941004,0.2712070255145856,0.31228571215132,0.278951408781582,0.3294857422193255,0.3461086099270399,0.3360576765256212,0.2593570229594014,0.3257894449556308,0.2800062678704734,0.304866616049908
89,0.3084849074101774,0.2699704440895004,0.3110177225624116,0.2774691745036572,0.3278478626994948,0.3453414902824769,0.3342253896470968,0.258569745258669,0.325054116380967,0.2789609406470073,0.30369417934814585
90,0.3074079508087942,0.2688592216673173,0.3100346068459161,0.2761269075832868,0.3264166824584676,0.3445190219077763,0.3323717581998474,0.2578373611476158,0.3244576934156066,0.2781261390887291,0.3026157343123357
91,0.3063023878079283,0.2677060931899642,0.308945870168512,0.2747148443157132,0.3248471632694311,0.3433701834862386,0.3306280219694242,0.2569428259534693,0.3238023620870085,0.2773080978062527,0.3014567850053942
92,0.3054413494363006,0.2666434033415388,0.3078317960001128,0.273194850581271,0.3233118673139654,0.3420577328911667,0.3288742681047766,0.2561894759519578,0.3233150674828527,0.2765085356094958,0.3003368346713438
93,0.304326259196378,0.2656375392406371,0.3067517770946068,0.2719282028932532,0.3218318370426254,0.3411061644344684,0.3271106846488766,0.2555797294064486,0.3227217621632636,0.2757575598073532,0.2992751515927911
94,0.3031691831095978,0.2645326221338533,0.3057049135328026,0.2703524131434587,0.320432102437501,0.3403441627937663,0.3254325737766156,0.2548105365290817,0.3221384460720953,0.2749263751103724,0.29818433286391444
95,0.3020992566079294,0.2633149133064262,0.3045959431828953,0.2691381100017756,0.3190223463687151,0.3392170347550657,0.3236242825607064,0.2538426159518727,0.3214486272731138,0.2739730055218889,0.29702761355303886
96,0.3010551293366827,0.2623168249239744,0.3034157357421561,0.2678373627853727,0.3174920506446204,0.3383759506856351,0.3220276424179139,0.252875132437228,0.3206083169036732,0.2731552293160351,0.29591593751932915
97,0.3000406079125121,0.2613480647414141,0.3023966206323453,0.2665883603507839,0.3162428911472513,0.3375719112988385,0.3201956903819499,0.2519682881657029,0.3198698448628058,0.2720964440394913,0.2948318723533095
98,0.2988956179091846,0.2604840661069035,0.3011778072951257,0.2653435939772772,0.3150707185738186,0.3368452025290071,0.3183306575408058,0.2509549066669983,0.3193130015395304,0.27099568726511,0.29374112594037605
99,0.2977306537909435,0.2595641056279125,0.300269425653952,0.2641200041362907,0.3136670364720565,0.3360612065773414,0.3165350548382618,0.2500319175055241,0.3186648820253437,0.270092833678063,0.29267371203056897
100,0.2968640901771336,0.258622083485773,0.2991805485017775,0.2628432547524639,0.3120411498434146,0.3351575634517766,0.3148520373944346,0.2491245848384203,0.3178241921768708,0.2691035808699831,0.2915613085492048
101,0.2958862289159691,0.257733421178446,0.2979955118722263,0.2615490822629546,0.310706191825172,0.334419832633746,0.3131713637836087,0.2483446253291836,0.3169985302030157,0.2680938931478889,0.2904898681152211
102,0.2948414831748583,0.2568970086651918,0.2969301199747421,0.2600478614439133,0.3093284277198211,0.3337437942325973,0.3115957135250267,0.2474235260744173,0.316062092562112,0.2670206258056956,0.28938906531783753
103,0.2934475446428571,0.2560176981071909,0.2957340784582273,0.2587377153640663,0.3079638383360907,0.3329756673230143,0.3101172623893689,0.2463897125779262,0.3151214875504064,0.2662341361741546,0.2882739140923302
104,0.2921314877621735,0.2551752667837362,0.2946839243641637,0.2574836103248906,0.3065088692226959,0.3321123015310918,0.3086270712148103,0.2453834624608005,0.3142180247631815,0.2654762231681084,0.28718002415956523
105,0.2907708910196727,0.2543924828092663,0.2935315778793702,0.2562234906381353,0.3051958326404789,0.3312790993512275,0.3070551080424498,0.2443503831657575,0.3132809884316518,0.2644861794132609,0.2860566033391271
106,0.2894466207258961,0.2535575548272145,0.2923166330538159,0.2549217128843614,0.3039615574112207,0.3304184994344602,0.3056492129413398,0.2432147758205664,0.3124183434143933,0.2635004300762966,0.2849405340589565
107,0.2881660550566968,0.2526407413446382,0.2911672689124606,0.2536866557987891,0.3025022447248965,0.3295442241068879,0.3042121529335526,0.2420316493676794,0.3116732537998,0.2625314939330705,0.2838155739978471
108,0.2868392372160249,0.2517673576410157,0.2900917531592346,0.2525634862216497,0.3012688295212406,0.3286800058903655,0.3027526610471912,0.2410137026911294,0.3106135361180071,0.2615987493315581,0.28271893188374164
109,0.2858274678309352,0.2509709104044706,0.2889842869342442,0.2510894406833567,0.2999247123500936,0.3278968470599653,0.3014908847836655,0.2399845910106995,0.3096193697448967,0.2605192871936486,0.2816307797995976
110,0.2846288579983378,0.2502853525004465,0.2878580595049136,0.2496752532788816,0.298617644938853,0.3270310851002589,0.3002560731054193,0.2388406434316354,0.3088321013230379,0.2595946954750504,0.2805619766656834
111,0.2836856499718627,0.249532963320965,0.286768763489909,0.2485942160765571,0.2973237740415989,0.3260919996680851,0.2991780984478093,0.2378459989401166,0.3079918795662897,0.2585496420626469,0.279556298558584
112,0.2826395394114702,0.248772168817149,0.2857097434317651,0.2475858100999474,0.2961628016038642,0.3255175869384311,0.2980584579302257,0.2366693555145826,0.3070616884983842,0.2577009049585054,0.27858780572043246
113,0.2816972093586034,0.247917942094719,0.2847147550614115,0.2464745415750539,0.2949143893143035,0.3246596479436339,0.2968356777049104,0.2359451535369442,0.3060896852828816,0.2567956333859307,0.2776044635258392
114,0.2806904953553636,0.2472492554133462,0.2837373835194869,0.2452758746199632,0.2937014949291454,0.323728614481992,0.2956220588740424,0.2349735674695462,0.3048654375807993,0.2559894212818918,0.2765833603525577
115,0.2798340416375275,0.2465349462365591,0.2827999872277922,0.2441639068468221,0.2925364335822584,0.3227993314826355,0.2944033447994931,0.2339457474292082,0.303569967539686,0.2551814621936942,0.27557691689756764
116,0.278948925303256,0.2458327750630516,0.2816525263157895,0.2430764363187566,0.2911331335472833,0.3219491354483005,0.2931735920809798,0.2330215211053111,0.3023485381402506,0.2542987677005732,0.2745435351023552
117,0.2780315403963334,0.2450095532398155,0.2802316101827269,0.2419728756750046,0.2896565197687657,0.32116444735179,0.2920517130786756,0.2322300129827655,0.3011520399178162,0.253458217242674,0.27349585298363677
118,0.2770713452970813,0.2441042904545104,0.2790006798446657,0.2409635552554303,0.2883837191509826,0.3203671002698138,0.2909939844689927,0.2312964197482452,0.3001296829971182,0.2527891422536863,0.2725099919740527
119,0.2760681710556116,0.2433254588666494,0.2780015593310163,0.2400337010424046,0.2870049060926323,0.3196168958742632,0.2899848534025749,0.2303805781916958,0.2989660270592239,0.2519868209703327,0.27153689718864044
120,0.2751205948258301,0.2426875183054146,0.276986787695411,0.2389470706625679,0.2858039416869736,0.3189876858935785,0.2888925923151824,0.2294883205161438,0.2978128847590685,0.2510077163153159,0.27057351129754864
121,0.2742544217687074,0.2420446253157452,0.2757793400057876,0.2379210010105212,0.2847506767044493,0.3182671098112204,0.287695738669432,0.2287603612167301,0.2967026880712932,0.2499970628920091,0.2696173025465895
122,0.2733952759989626,0.2413772022453176,0.2746006555370171,0.2368732237009742,0.2837070516844528,0.3175701623260415,0.2865755754917458,0.2279808742140733,0.2957891619018184,0.249119042929364,0.26869882260297673
123,0.2726811794562889,0.2406291159906811,0.2733884236958582,0.2359754536373422,0.2825851396393598,0.3168717179294823,0.2854142416271411,0.2272386641071995,0.2949326970141948,0.2483778863480151,0.2678094519445563
124,0.2720220275515491,0.2400014080284876,0.2722850718119831,0.2350713024452037,0.2813114351245084,0.3161708172209331,0.2843929984217753,0.2265826528258362,0.2938238618587705,0.247718217104174,0.2669379792393221
125,0.2711747142456181,0.2393478652008852,0.2711129036890935,0.2341753106121054,0.2799576528751468,0.3153900213332788,0.2833378619514964,0.2260703906121479,0.2925597479251764,0.2468698364986109,0.26599963049435593
126,0.2703947229703179,0.2388470860809124,0.2700452585185536,0.2331068403786319,0.2788644931023419,0.3143054334979848,0.2824010896940629,0.225398197252439,0.2916866749072929,0.2460986621922727,0.26511484585948103
127,0.2695396915776987,0.2381579690699808,0.2689300293733987,0.2320891752337534,0.2776088250466252,0.3133849353974159,0.2814171738936164,0.2248890980814057,0.2906729479712202,0.245317210690447,0.26420070563355613
128,0.2687357866446145,0.2375857561316836,0.2676897134787617,0.2310792330856148,0.2765448431593932,0.3125013616153214,0.2804363168137766,0.2242783230448105,0.2896084967826964,0.2443538480600396,0.2632813678816712
129,0.2679380670978548,0.2371640355589443,0.2664054839629497,0.2300762568941155,0.2754259268257131,0.3115239645434577,0.2794536768569149,0.2236998644867215,0.288732775496104,0.2435749986846951,0.26239950504074705
130,0.2669001418910203,0.2367023286165682,0.2652773274558735,0.2291824827399486,0.2744359896875481,0.3105507446168184,0.2785400369927941,0.2232057787542722,0.2877371971496437,0.2427764650694094,0.2615308492973897
131,0.2660172074011898,0.2360961666071155,0.2641704699197258,0.2282773319511716,0.273295135351304,0.3096334756355524,0.2776892111036916,0.2225886678013842,0.2866568509389229,0.2420102764485145,0.2606434793158572
132,0.2650554892817121,0.2355469369171879,0.2629021166383853,0.2273026624313156,0.2722653215161228,0.3088167931661698,0.276776197088635,0.2218640593033906,0.285505807942023,0.2410031029955841,0.25970384872805263
133,0.2640646960351634,0.2349698374900781,0.261780085262953,0.2263908799355076,0.2711735217789062,0.3078873564953258,0.2757902564966044,0.2213757210722768,0.2842190541201214,0.2400589099754225,0.2587710318662359
134,0.2631533644934413,0.2343455668634742,0.2605958335888428,0.2255155623448539,0.2699044326962179,0.3068360674115317,0.2748779109620764,0.2206506207395079,0.2831514163309674,0.2392617559187567,0.257829253134967
135,0.2622590536100226,0.2338131586723136,0.2594687220694024,0.2246442174589663,0.2688152125156766,0.3058763034447024,0.2739485368314834,0.2199905041148835,0.2820854180426502,0.2386008160489629,0.2569501942809064
136,0.2613817209917816,0.2332150383648361,0.2583039390110787,0.223505918419484,0.2678838567503107,0.3050416143431991,0.2730804528768219,0.2191785045108996,0.2809682232438099,0.2378889747341081,0.25604482432463294
137,0.2604842215111816,0.2326641664650375,0.2573953977567896,0.222578881652212,0.2667805721471235,0.3040511817100519,0.2721595705427612,0.2184227430058342,0.2800365287480804,0.2372043921670848,0.25517776557061567
138,0.2596416913059083,0.2320822938655408,0.2564313076936058,0.2217490282943954,0.2658380201473676,0.3031199902841875,0.2711955223614552,0.2176469610077789,0.2790161101682246,0.236443358066157,0.25431642831946216
139,0.2588094108879026,0.2314979822885366,0.2552958535361979,0.2209327944075406,0.2646882107156079,0.3023162144817996,0.2704046799116997,0.2169472101140402,0.2780815544131741,0.2356364421969017,0.25346103529534014
140,0.2580033402151837,0.2309590123340329,0.2542203757704289,0.2200211302856486,0.2635821449467737,0.3013806243652581,0.2696090646600753,0.216272846161207,0.2770633481819123,0.2349565324301386,0.2526068419350659
141,0.2571857714414047,0.2303776253750535,0.253109383721312,0.2190361803325338,0.2625017302235449,0.3003512118295564,0.2688274537683257,0.2154015588070225,0.2759924715544528,0.2342396373158858,0.2517023024369092
142,0.2564452496969997,0.2297921223691635,0.2520662740280975,0.2181251712301171,0.2615391407214373,0.2993664475623927,0.2678809016562435,0.2146556777130857,0.2750005086858103,0.2335967579705737,0.25084682516339213
143,0.2556998528690535,0.2292608235726989,0.2509072076864794,0.217282136468183,0.2606633658321161,0.2984396163498229,0.2669971055207933,0.2138951731317541,0.274163865263724,0.2329580208735987,0.2500267167568224
144,0.2550210722535154,0.2287752270913306,0.2497418785395349,0.2162987084929251,0.2596963181148748,0.2974911838361812,0.2660386750586369,0.2130647447105127,0.2733171038492615,0.2323336962104892,0.2491778608157263
145,0.2544437254318764,0.22805412740294,0.248625006927017,0.2155448469015509,0.2588005788784439,0.2966455995474157,0.2650883890119997,0.2123702541071878,0.2724511779229251,0.2317527332998799,0.24837764394312362
146,0.2537083223734028,0.2275561014274924,0.2474938595183351,0.2148532374100719,0.2578116811730767,0.2957803395619851,0.2642243358614115,0.2116068074406205,0.2714020562017566,0.2310804554365857,0.24755171964047382
147,0.2529194201157239,0.2269771211525478,0.246487160338242,0.2140384140887641,0.2569565929834336,0.2949065474856626,0.2632223335825249,0.2109191659718936,0.2705046742623429,0.2304673826868707,0.2467398812668006
148,0.2521887666700639,0.2263837899106472,0.245461294029632,0.2131975721995443,0.2560320463884873,0.2940925325476899,0.2622623951803305,0.2102239395180812,0.2695377015415311,0.2298805893743461,0.2459260627360354
149,0.2514343478328486,0.2258494870952432,0.2445907193001238,0.212320919728386,0.2552926020161679,0.2932105349055449,0.2613827331859192,0.2095306393824106,0.2685464907592786,0.2293376047930636,0.24514960789989865
150,0.2505920139424411,0.2253218329192411,0.2435115707743168,0.2114945594998346,0.2544957976485987,0.2924214274154394,0.26051832,0.208909213496321,0.2674848523200076,0.2286623789987005,0.24434119670149007
151,0.2497976383492918,0.2248168124357694,0.2426483415672208,0.2106224384864155,0.2536922322106862,0.2916242165996614,0.2596476247888128,0.2083216262007081,0.2666018229452646,0.2281387247233327,0.24359114783071636
152,0.2490924435408622,0.2243146406338023,0.2417195317451441,0.2098797575936737,0.2528489882068625,0.2907626444281759,0.2587698175526896,0.2076544274120829,0.2656089080415066,0.2275011315874555,0.2428152290742255
153,0.2483807162368593,0.2237467008201071,0.2406745785270629,0.2090941107487081,0.251952918932798,0.2900607383318467,0.257894574719456,0.2070439403155974,0.2646542920391525,0.2269410263356765,0.2420443597007264
154,0.2475443605879411,0.2231225908372827,0.2396479059127171,0.2082913370943352,0.2510682046138414,0.2892148482144254,0.2570971497080094,0.2063713559490507,0.2636732446076182,0.2264723197101777,0.24125033172353988
155,0.2468274935010109,0.2227669679631475,0.2387035798169006,0.2075153949322911,0.2502462892119357,0.2884925380087898,0.2563152988653016,0.2057385883347421,0.2626204488059396,0.2259060200011237,0.2405132619441183
156,0.246078818964757,0.2223156070803561,0.2377332717910253,0.2069037606030697,0.2494290071933712,0.2878494296519375,0.2554886585857663,0.2050415111744727,0.2616178361671566,0.2253274689120616,0.2397785370123974
157,0.2452866037708337,0.2218680786790703,0.2368337565721235,0.2061056727174707,0.2485464910630291,0.2871456295843521,0.2548031341526012,0.2043933026829488,0.2606245105570514,0.2247859767363009,0.23903931565157815
158,0.2445549798836435,0.22131361620071,0.2359472855125631,0.2052549868073879,0.2477386523949212,0.2863298472964268,0.2541101974176926,0.2038594511271986,0.2597311764314199,0.2242914207991866,0.23831316138711506
159,0.2438361254927868,0.2208968514322433,0.2351599002999451,0.2045474092794012,0.2470039541496356,0.2855421070832518,0.2532012213241412,0.2034085616134296,0.2588039114959821,0.2238119446547057,0.23762119868255221
160,0.2431590632104854,0.2203208188147462,0.2342882689056845,0.203890212648057,0.2461420827640914,0.2848458337062561,0.2523994973948545,0.2028691935932109,0.2579773648919207,0.2232934917970654,0.23691858277263717
161,0.242485890091237,0.2197098145852494,0.2334387735299825,0.2031635430197315,0.2453857504062256,0.2840745756189969,0.2515818639061906,0.2024103574936425,0.2572441593342291,0.2227388838871793,0.2362233611872664
162,0.2418733418492679,0.2191312301920749,0.2323387695607931,0.202402436196478,0.2446083109221827,0.2833035091455131,0.2507291742214357,0.2018743781675893,0.2564104567480001,0.222244424287696,0.23549160312910308
163,0.2412373299337498,0.2186722414178173,0.231419774986525,0.2015158364916079,0.2436753608217841,0.2824905092575726,0.2499320677595314,0.2013657332228666,0.2555718857793108,0.2218105520351204,0.23476912917058854
164,0.2405814821728579,0.2182126599449567,0.2304490243605194,0.200661914323513,0.2428200748679846,0.2817598912540491,0.2490224189633013,0.2009241297624531,0.254770656768448,0.2213011465236141,0.23405033989416973
165,0.2400779716391889,0.2177658306946144,0.2295365915932058,0.1998573599088382,0.2420456760306767,0.2810701187784835,0.2481237027959396,0.2004157875828734,0.2539353939665555,0.220820949099002,0.23336493820893778
166,0.2394453453985472,0.2173679489734901,0.2286360726787798,0.1991549062917454,0.2413694280908326,0.2803766642683631,0.2471974893868255,0.1998816324413349,0.2530891427618412,0.2203621328771029,0.2326880763168863
167,0.2389048727194009,0.2169178423236515,0.2277629767860452,0.19836343292887,0.2406418639269343,0.2795867862092372,0.2463538942243983,0.1991727753071482,0.2521564023528276,0.2199218523785318,0.23197826991570453
168,0.238303805289527,0.2164499984151636,0.2268853982620575,0.1976375272774647,0.2399600624089582,0.2788630302349738,0.2456284606866002,0.1986492176368736,0.251268239932105,0.2195326696740061,0.23131784098177297
169,0.2375665746556254,0.2159888069097502,0.226206894303005,0.1968814499650828,0.2392288611758256,0.2782842112597546,0.2449978019562589,0.198048138517156,0.2504542798714577,0.2191110659846937,0.230676808459861
170,0.2368470448077305,0.2155113746475703,0.2254734808024703,0.1962602468882198,0.2386324925856392,0.2777128962187142,0.2441944268351703,0.197356922921927,0.2496602380390437,0.2186477757541766,0.23002968995006617
171,0.2362016637207682,0.2150584189026435,0.2246111214634993,0.1956025401640336,0.2378894005793657,0.2771588169435877,0.2433804441197757,0.1968206428299019,0.2489291954823289,0.2180714294655933,0.22937236736714978
172,0.2356207800849364,0.2146411527505456,0.2239712243986473,0.1949844356007162,0.2370716554746873,0.2765852618799151,0.2425378594635233,0.1962094386123924,0.248156373158234,0.217567391142168,0.22873455725657657
173,0.2351069397484228,0.2141948708841846,0.2231418210609659,0.1943968214083798,0.2362477468189406,0.2760448862943749,0.2418134145366347,0.1956167824495004,0.2473148331419975,0.2170652731034057,0.2280943389446807
174,0.2343987254265191,0.2137066401474372,0.2223827896534158,0.1937773252586738,0.2354072389227447,0.2754319260823369,0.2410756738878783,0.1950783507173987,0.2464368794697823,0.2165968298951681,0.2274292379461355
175,0.2338321200510856,0.2131761336861565,0.221548976507762,0.1931521294908789,0.2346739394018835,0.2748522881316318,0.2403638674171029,0.1946482610625118,0.2456720590912637,0.2161231217324543,0.22680428965727312
176,0.2332664164151469,0.2126708005591854,0.2207353059718613,0.1925603578125481,0.2339487725051566,0.2741804246064898,0.2395830426249176,0.1940574092188046,0.2448074961589608,0.2156893149225452,0.22614993407956163
177,0.2327729144886828,0.2122407956996936,0.2200126544863387,0.1920675507363176,0.2331202963805142,0.2735594453479414,0.2388794431854968,0.1934536329731739,0.2439725645511699,0.2151389106041108,0.22552182084534395
178,0.2322121314469422,0.2118539831391494,0.2192406990680723,0.191514603076438,0.2323379384656827,0.2729467041590374,0.2382642014040682,0.1929758806539022,0.2431270522055642,0.2147358939273529,0.2249209087546209
179,0.231696672630585,0.2114760129154439,0.2185178977031179,0.190871330944998,0.2315503582232128,0.2724486064471709,0.2375850335793264,0.1924704396637899,0.242354154687964,0.2143670525378451,0.22433375593334537
180,0.2312317427603527,0.210953161428296,0.2177352669766769,0.1902002009184845,0.2307189466030161,0.2718869275732589,0.2368499524564184,0.1919642930589749,0.2415637116506681,0.2140300184629178,0.22371342218890639
181,0.2308664574188961,0.2105378291765362,0.2169987300141974,0.1896342289053592,0.2300166060811531,0.2713328890369877,0.2361865281712308,0.1915158970587377,0.240733133993646,0.2137495090769474,0.22315718089336914
182,0.2304572251624573,0.210056208290795,0.2162702030420604,0.1890965298344562,0.2293206404828562,0.2708220145881334,0.2356195564503522,0.191080847559844,0.2398706893885504,0.2133746286912458,0.2225968543490751
183,0.2300047495447093,0.209621520793577,0.2155183889158165,0.1885114830376868,0.228618440199387,0.2703433396346899,0.2349365406586855,0.1906016960870167,0.2389949876841996,0.2129878680535055,0.2220139014609274
184,0.2295607655272316,0.2091970584718402,0.2147520607782813,0.1879032013925679,0.2278406463672586,0.2698353926267455,0.23440743984654,0.1901040885597028,0.2381568384644946,0.2125204463104618,0.22142779383451244
185,0.2290427793436201,0.2088057223036317,0.2139232124007861,0.1873543735648472,0.2271614788487258,0.2693454331018215,0.2337844650678428,0.1897174672141403,0.2373115696621249,0.2122162202329914,0.22086627217405316
186,0.2285905452948959,0.2084618195720374,0.2131287762490949,0.186726325224366,0.2265222033487018,0.2688643662198856,0.2331770443523606,0.1893656592025043,0.2366024842477747,0.2117598857058459,0.22031991094174672
187,0.2282419843637606,0.2081494518756915,0.2124293918607863,0.1862160048409563,0.2257860882978531,0.2682912904775395,0.2324849058086195,0.1889703215446721,0.2357620117876314,0.2112885497993124,0.21976200006568222
188,0.2279574006797141,0.2077617931861591,0.2117054451907959,0.1856081161557439,0.2250690047279908,0.2676277631281089,0.2317922580025454,0.1885597163563733,0.235047030320305,0.2107931645796867,0.21919216923274232
189,0.227508792360545,0.207309024999862,0.2109542873367405,0.1850500377537105,0.224342400123638,0.2670560543159149,0.2310095646418328,0.1881991128361519,0.2343753318309991,0.2103285273833219,0.21861331335827167
190,0.2271208139925221,0.2069223197688127,0.2102170700062052,0.184483558875072,0.2236888643516358,0.2664909949629772,0.2303253954149636,0.1877075068324076,0.233738006904272,0.2098980112046369,0.2180592542313505
191,0.2266701753175041,0.2065367971266467,0.2095141406613358,0.1840905196156436,0.222928894831914,0.2659001764345811,0.2295786237533464,0.1873322783423864,0.2330083736584969,0.2094781339502093,0.21750381136920643
192,0.2263066047713513,0.2061663687090308,0.2087890581501525,0.1835926519779946,0.222136457635511,0.2652962640559974,0.2289020782789161,0.186802990564703,0.2323705190807896,0.2090937884968107,0.21694567817212568
193,0.225879481788738,0.2056747647046154,0.2081442181085896,0.1832203855538215,0.2213222700550849,0.2646814845096959,0.2282083471271177,0.1863850280683158,0.2316708627200772,0.2086460708707269,0.2163832913506783
194,0.2254148430926309,0.2052574037010478,0.2075306907831441,0.1827109933919501,0.2206488396024122,0.264153011416829,0.2274775978166165,0.1859459793592775,0.230842246218329,0.2082685024886387,0.2158250107870876
195,0.2249790071622622,0.2048326524532959,0.2069266806894856,0.1822521872218483,0.2200331840716455,0.2636277469634205,0.226708787838837,0.1854911069674999,0.2300678830584537,0.207934441217597,0.21528536776443458
196,0.224595022876911,0.204446415447494,0.2062845919547406,0.181806744445703,0.2193298793567204,0.2631452879124458,0.2260296638401831,0.1851037323461143,0.2292989537295932,0.2074981291026107,0.2147538421012516
197,0.2240992330003938,0.2040414198695545,0.2057038050370467,0.181371559977272,0.2186831717783454,0.2625532517365325,0.225362107693091,0.1846412262502441,0.2285203109946002,0.2070422770967177,0.2142018363433798
198,0.2236780386146365,0.2035512773627291,0.2049499131255497,0.1809304760128925,0.2180928713115396,0.2620650095053213,0.2246378477746358,0.1842322951378867,0.2278116198555032,0.2066214317408668,0.21365707804415615
199,0.2232312127323746,0.2031584469004487,0.2042689751475001,0.1805140038445041,0.2174343797676982,0.2615311015710632,0.2239298103510879,0.1837907289743027,0.2270415691870337,0.2061777494210501,0.21310779778970632
200,0.2228084512874157,0.2027107587780663,0.2036144173062763,0.1800982414956497,0.216888227220402,0.2609420010215084,0.2232150429020191,0.1834144172176844,0.2262998455509324,0.2058044044629385,0.21257958072428926
201,0.2223546406156079,0.2022413226703898,0.2030198285666146,0.1796997263341862,0.2162742153724299,0.2603018748730907,0.222485895802657,0.1830824933618622,0.2255400267664491,0.205363531598127,0.21203635559614145
202,0.2218792425000941,0.2017923632800538,0.2024204843428607,0.1792459483637422,0.2156710910422793,0.2598036555281453,0.2217211758194183,0.1827305346250448,0.2247545166333709,0.2048313299028133,0.21148503420378226
203,0.2214574938864184,0.2014029207747461,0.201863777556935,0.1787540521676189,0.215140611671638,0.2592277469404132,0.2209885750382557,0.1822929989859511,0.2240826984914862,0.2042706168506288,0.21094814923640914
204,0.2211426230206028,0.2009940265073734,0.2012192283822921,0.1782989844376375,0.2145920031538075,0.2586316906050417,0.2202619530806072,0.1818135352819005,0.2233534136546184,0.2036981853059266,0.2104005643429808
205,0.2208097898546124,0.2006218176710494,0.2006110362838136,0.1778316838765385,0.2141164613361247,0.2581317108088761,0.2195607572131544,0.1813562655171198,0.2226169083438584,0.2032224544352405,0.20988788853403878
206,0.2204740912199484,0.2002283881651138,0.1999439712216981,0.1773605904523889,0.2135720231361919,0.2575523903346742,0.2188955638695884,0.1810260473779874,0.2218500725643279,0.2027303286915383,0.20936334670334572
207,0.2200668738002207,0.1998120964462474,0.1992751705466126,0.1769364922256505,0.2129074886363034,0.2569059665845152,0.2182091197390717,0.1806559596945227,0.2211616985880198,0.2022448657187993,0.20881757319799635
208,0.2196463937256859,0.1994484117394671,0.1986261405696915,0.1765072826136072,0.2123024116586349,0.256201514127349,0.2174955517658301,0.1803528427431332,0.2205573231741779,0.2018130969302511,0.20829509690478282
209,0.2192770844431571,0.1991221018349118,0.1980806417606248,0.1760474612143841,0.211656884426324,0.255581791011079,0.2168479840889173,0.1799532590663628,0.2199719066050693,0.2014119324522032,0.20779510469030335
210,0.2189714973410547,0.1987420855974947,0.1974857259787187,0.1755306642980136,0.2110279823729801,0.2549637708264312,0.2162954413858938,0.1795257128870395,0.2192157608105382,0.2010461204557786,0.2072804761953943
211,0.2186491082708075,0.1983610811964568,0.1968519345570392,0.174962062722308,0.2104478983807408,0.2543342788241918,0.2156087254098785,0.1791106967596198,0.2185697134542313,0.2006103627248021,0.20675058623000755
212,0.2182898257322196,0.1980155459914309,0.1962193485361305,0.1743793803612679,0.2099445780155172,0.2537117471549652,0.2149773164306373,0.1786827683697872,0.2180065944177487,0.2001867736174946,0.2062413878627199
213,0.217923843488378,0.1976180444922167,0.1956306390285785,0.1738416997830168,0.2094080203528996,0.2531174494001523,0.2143125788033171,0.1783258059079857,0.2174153283187639,0.1997804482746907,0.20573738578499992
214,0.2175247006741121,0.197197331246182,0.1950739096497218,0.1733487199379364,0.2087685179059435,0.2525822844942342,0.2135618640483845,0.1778715891081286,0.2167892534628349,0.1994109031065552,0.20521290736340334
215,0.2171223491272569,0.1968184709445283,0.1944923229922137,0.1728118175638869,0.2081795045637611,0.2520453920220082,0.2129318187574399,0.1774275945485195,0.2161436668693376,0.1990326103129995,0.20470055477019514
216,0.2167282199796979,0.1965186657726486,0.1939080883949117,0.172422101206113,0.2076390481939833,0.2514801874425854,0.2123082889289563,0.1770003883421579,0.2156200318759336,0.1986647362415433,0.2042289756378531
217,0.2163232506693456,0.1961672647340636,0.1933655455936602,0.1720147965944951,0.2070921251413192,0.2509853846035419,0.2116395465856234,0.1765579681134164,0.2151006021223321,0.1983052203686027,0.20375517045264005
218,0.2159805861563148,0.1958075796437231,0.1928271925346716,0.1715849808741485,0.2065830236826789,0.250441240259442,0.2109081745917184,0.1762786731634183,0.2144762034132728,0.1978756860929779,0.2032763340412366
219,0.2156118362431091,0.1954207327273741,0.1922460990316963,0.171121427258199,0.2059798044249231,0.2498877533415201,0.2102844297301443,0.1758356399287984,0.2139503568393804,0.1974812058337092,0.2027819285358854
220,0.215238439623055,0.1949566445267181,0.1916957309477975,0.1706597324781636,0.2054640627997226,0.2493967927175109,0.2096810175162369,0.175458607583202,0.2133074007872554,0.1970947417620939,0.20229531707417556
221,0.2149540728826532,0.194502438844985,0.1912069418633027,0.17024822331238,0.2049818533989414,0.2489019751500431,0.2090084530605655,0.1750697111505567,0.21269291655943,0.1966618702025672,0.20182284564254246
222,0.2146683085761657,0.1940149384765223,0.1906337660034259,0.1699058441558442,0.2044968675823962,0.2484146365809714,0.2083532753555516,0.1747850724910218,0.2121214155326115,0.1962441786792828,0.20136383034337935
223,0.2142598434256511,0.193495869873731,0.1901840003714364,0.1694681047367741,0.2040208447215785,0.2479053071475013,0.2077005551901574,0.1743645608544302,0.2115880753861523,0.1958208697732406,0.20088080314806528
224,0.2138745350500716,0.1929686206381737,0.1896590001154601,0.1691305085990124,0.2035162001173991,0.247454698475223,0.20710243857869,0.1740551427702558,0.2110670867149769,0.1953877781692879,0.20042160092285505
225,0.2134703142195742,0.1925653316769738,0.1891716167978279,0.1687872501631727,0.202992554382674,0.2469535760574997,0.2065398925867651,0.1736913566868051,0.2104977692676831,0.1949485601391153,0.19996182219780906
226,0.2130419035934218,0.1921778786739025,0.1887410075230582,0.1684019794787977,0.2024877102814856,0.2465302534550959,0.2059538575681769,0.1733915455627681,0.2100372890968383,0.1945541808004274,0.19953176060339722
227,0.2126231782017883,0.1917759725940742,0.1881787763340941,0.1680090545758348,0.2019452727840732,0.2460687638440911,0.2054181230814346,0.1731164750889361,0.2095386557110423,0.1941212118481405,0.19907954840635095
228,0.2122898152083051,0.1913865017351493,0.1876154994233509,0.1675855904415398,0.2014282485662896,0.2455717308955974,0.2048900189103498,0.1728562344361437,0.209031186440678,0.1936906821829136,0.19863455082403172
229,0.2119249495916224,0.1910019139093583,0.187088957276032,0.1671227325529443,0.2009609872611464,0.245095168058139,0.2043177628685586,0.1725711978763411,0.2084894275975278,0.1932933148998796,0.19818664118915494
230,0.2115897850704876,0.190539268164268,0.1867291095951728,0.1667666982251677,0.2004728328977465,0.2446774085584509,0.2037656228188544,0.1723151319322774,0.2079383984902588,0.1929811835711274,0.19777754393238114
231,0.2113068892568064,0.1901444074840444,0.1862885227652232,0.1664139399540966,0.1999352466650295,0.2441819885288158,0.2031677965709525,0.1719623030733046,0.2074458799766266,0.1926744545466588,0.19735214288215583
232,0.2109787672173156,0.1896931436166053,0.1858917979046226,0.1660132245802977,0.199338427786586,0.2437888738011989,0.2025692654639175,0.1717190823193054,0.2069692982255399,0.1922990869385638,0.19692609678539527
233,0.2107311981203811,0.189367158902819,0.185444995835188,0.1655697216386555,0.1988643480333949,0.2432669553348708,0.2020432644989402,0.1714799757149981,0.2063456277001097,0.1919413827326742,0.19650546285120313
234,0.2104693524345434,0.1890012642225031,0.1850234139668258,0.1651745378535501,0.1983292897047087,0.2427883755449109,0.2014533284764593,0.1711214618570934,0.2057579304879429,0.1915665596422076,0.19606855141907453
235,0.2101538853399813,0.1886264441591784,0.1845700650834918,0.1647680726154112,0.1978090667440827,0.2423385041809331,0.2009346537254352,0.1708509788768675,0.205217668443031,0.1911926716711257,0.19564620108395375
236,0.2099560567247343,0.1881997837092166,0.1841342823662167,0.1643673074353016,0.197363414854255,0.2418964718204442,0.2004023392445214,0.1704861268342696,0.2046506354527039,0.1908226130263577,0.19522790314680208
237,0.2096820649262525,0.1878194622170622,0.1837524128252185,0.1639711351615685,0.1969519980605277,0.2414427036024364,0.1998614030448753,0.1701814255594096,0.2041349548842683,0.1904681585321415,0.19482657188137606
238,0.2094699652137599,0.1874462415462195,0.1833522456292617,0.163523230702256,0.1964983965053643,0.2410321865867813,0.1993740079542009,0.1699089032432729,0.2036064490375233,0.1900754201859909,0.19442870466046308
239,0.2091699090941247,0.1870883072417308,0.1829357301968028,0.1631759766927288,0.1960504259564578,0.240659279209367,0.1988538612684458,0.1696722067162576,0.2030507326629573,0.1896733427290634,0.1940329771767936
240,0.2090286072662456,0.1866870785226632,0.1825169021695195,0.162793765900082,0.1955878295320887,0.2402363476151759,0.198338010333523,0.169379077026206,0.2025381252140016,0.1892455400707167,0.19363512836502222
241,0.2087665028428254,0.1862182118875074,0.1820771588734398,0.1623960177456319,0.1951146962551034,0.2398495504820621,0.1977841767040067,0.1691281423692912,0.2020444132894835,0.1889353194924447,0.1932314189941796
242,0.2084844475445211,0.1857850086221512,0.18165847914288,0.1620715621822259,0.1947278179032611,0.2394795897712704,0.1971972412769246,0.1688839274598497,0.2014854694615357,0.1884656613752186,0.19282392047398383
243,0.2081927216878604,0.1854251702780007,0.1811855951033412,0.1617371226316885,0.1942510811764245,0.2390964880083794,0.1966443015704077,0.1686353873668471,0.2010086122664269,0.1881258563319632,0.19243023364213396
244,0.2079013273228149,0.1849464347142365,0.1806717196155642,0.1613463235751135,0.1937753722417707,0.2386671209813197,0.196147040008299,0.1682406269396614,0.2004569035605054,0.1877385541269801,0.19198914230862654
245,0.2076688901687397,0.1844678626884406,0.1801797641335164,0.16101597585065,0.1932755646781829,0.2382977384150287,0.1956257338362486,0.1679496647178433,0.1999303997945381,0.1873329744712973,0.19157445687544855
246,0.2073790576185037,0.184069851390376,0.1797164627974899,0.1606738310507718,0.1927940356146749,0.2378654042108327,0.195102272241003,0.167666693814391,0.1994334784423638,0.1869803199546792,0.1911681407135086
247,0.2071354554863219,0.1836539920884799,0.1793355780853005,0.1602879290346821,0.1923806382188289,0.2375105364825708,0.1945523150612027,0.1673674323026227,0.1990008562514836,0.1866923347239985,0.19079170677354912
248,0.2068575141286052,0.1831280627902118,0.1788825469304922,0.1598899680978603,0.1918502632216288,0.2371400077772389,0.1940277448322602,0.1671803846883233,0.1984211403238664,0.1863604086513042,0.19037380414417912
249,0.2065955148169717,0.182786133800311,0.1783967603752687,0.1595181707149386,0.1914804885062332,0.2368065949739741,0.1935257771933373,0.1669148884899453,0.1978863145081743,0.1860800395096912,0.18999906828888452
250,0.2063688345517184,0.1823253768644242,0.1779762435462039,0.1591558075706478,0.1909787749743313,0.2364239650284577,0.1930452332325447,0.1666056573377093,0.1973979766588973,0.1858176850792217,0.18960955548441566
251,0.2060881474728381,0.1819291744078721,0.1775237772561168,0.1587463154016212,0.1903781322615084,0.2360146419632896,0.1925159304776013,0.166296130508306,0.1968594278683481,0.1855035518172228,0.1891855229434724
252,0.205800561154613,0.1815467608877391,0.1770283060521647,0.1583386217233241,0.1899286395892974,0.2356687190745299,0.1920257621938559,0.1660373248417734,0.1962490538097857,0.1851154151712464,0.18877391644983296
253,0.2056216637379397,0.1811142776390785,0.1766557201527717,0.1579459514145946,0.1894458452912194,0.2353103008266437,0.1915135287020049,0.1657510447055112,0.1957356500691563,0.1847387140359244,0.18838326965748445
254,0.2053885173465136,0.1807814850854465,0.1762405113625067,0.1575813419898034,0.1889614401935007,0.2349614745846943,0.1909129576711963,0.1654514685973276,0.1952719101307725,0.1843558199697787,0.18799069269315402
255,0.2051187390902557,0.1804398898281677,0.175817582434978,0.1571832275918457,0.1884461410795199,0.2345850368034094,0.1904044444080737,0.1650978469759229,0.1947878942325334,0.1839138831904681,0.18757946856351743
256,0.204905460939257,0.1801213202117729,0.175340401060356,0.1567606273085832,0.1880564653639028,0.2342413746664759,0.1898532944615911,0.1647855892989073,0.1942838650510887,0.1835000333151732,0.18718484316771083
257,0.204717793808725,0.1797777777777777,0.1748323244836832,0.1564172872589037,0.1875971446710836,0.2338752843205837,0.1893781911013859,0.1644540380052103,0.1938089449281918,0.1830903444293584,0.18679491307849033
258,0.2044946739518142,0.1794161930019152,0.1744461245497859,0.1560980361747087,0.1871491583364385,0.2334919797690874,0.1889719143719047,0.164051592943198,0.1933242826077344,0.1826842060295848,0.18641281617361719
259,0.2042183212267957,0.1790188961817945,0.1740036820109683,0.1558435106842886,0.1867798509869693,0.2331525524328945,0.1885369343839184,0.1637054437788124,0.1928749964990056,0.1822834184492031,0.186041760663465
260,0.2039198939418287,0.1786533377961531,0.1736316082488575,0.1555095328481736,0.186330305048835,0.2328418369033452,0.1881036204843826,0.1633429356852414,0.1923653710585114,0.1819370333307674,0.1856635475346096
261,0.2035906271123394,0.1783120905751826,0.1732088937635897,0.1551959944307593,0.1858879152304761,0.2324851710776369,0.1876229605977342,0.162977112147437,0.1918819182340067,0.1815646169880146,0.18527273001571765
262,0.2033727922582187,0.1779351358279738,0.1727993931685489,0.1548515458422174,0.1854657486324895,0.2320963409440823,0.1871560083271987,0.1626769633587093,0.1914145306734545,0.1811943182381732,0.18489627772710665
263,0.2031993171300426,0.1775461008081012,0.1724299715882004,0.1544818737301756,0.1850502566253665,0.2317511831630095,0.1867620291465245,0.1623500007533864,0.1908986153392909,0.1808759499728444,0.18453452982569424
264,0.2029863940743548,0.1771627428998505,0.1720087731619448,0.1541445486721656,0.184610751315748,0.2313939828022091,0.186354693229279,0.1619287538390577,0.1903652986781453,0.1806250165458348,0.18415809552185894
265,0.2028024587489237,0.1768517085367305,0.1716044231801244,0.153821465598846,0.1842040111219611,0.231103643731239,0.1858866752799647,0.1615919689360987,0.1899366556519506,0.1802529207784727,0.18380559315643114
266,0.2026225821226819,0.1764387100836756,0.1712368034914781,0.1535224008975318,0.1837965052273242,0.2307578402468013,0.185436262472413,0.1612406747278154,0.189470950618958,0.1799424218796856,0.1834465151768365
267,0.2024000218275932,0.1760883435492317,0.1707827529891223,0.1532292535446205,0.1834031742207264,0.2304133462545752,0.1849923804661452,0.1609097586879373,0.1890109305213789,0.1795412919356644,0.1830771253996995
268,0.2021810447216637,0.1756351333489983,0.1703623701825368,0.1529748646845109,0.1830123875180861,0.2300362402621738,0.1845610556227234,0.1605892441978284,0.1885606281677161,0.1791591398009266,0.18270721085071642
269,0.2019972365547761,0.1751855026482101,0.1699496595709926,0.1527130074638435,0.1825668587185926,0.2296835814852598,0.1841571451021276,0.1602435159030045,0.1880723306017613,0.1787845086209128,0.1823353346669481
270,0.201800155476107,0.1747560957857195,0.1695712955194754,0.1523939712454428,0.1821178051520344,0.2293123616819475,0.1836971783963218,0.1599490440741363,0.187600410927631,0.1784321315967822,0.1819630449855598
271,0.201687681081661,0.1743235379375316,0.1692722926947747,0.1520784041801901,0.1816792877726673,0.2289074296280267,0.1832230072360549,0.1596533274166327,0.1870723781388479,0.1780738396314986,0.18159711857178854
272,0.2015390721602271,0.1739077428200318,0.1689581699729585,0.1517241881780361,0.1812840063994163,0.2285212817620703,0.1827760592939931,0.1593653656699119,0.1866122500537315,0.1777538026111567,0.18124419389215335
273,0.201385693274197,0.1735147728742437,0.1686004071967278,0.1513634649073493,0.1808600911790856,0.2282219132998241,0.1823557402722563,0.1590454114329196,0.1861653539759886,0.1774745612312436,0.18089874096438358
274,0.2012260701714545,0.1731504695465521,0.1683081165929059,0.1509731269770196,0.1804289878981683,0.2279322394526973,0.1819545222853544,0.1587395953777982,0.1856934752626601,0.1771986614418473,0.18056052650064575
275,0.2010580667292419,0.1727090056779727,0.1679299858531696,0.150619112677069,0.1799738993474837,0.2275927028406191,0.1815614039015507,0.1583858442264237,0.1852034315823159,0.176863025852617,0.18018964786884634
276,0.2008260791225126,0.1722745815138927,0.1676015355072542,0.1503440146076869,0.179579445533464,0.2272555103046353,0.1811866144598902,0.1580533342827642,0.1848014501291184,0.1765219921125789,0.17984445575737976
277,0.2006330493362394,0.1719023347815337,0.1671880907881001,0.1500603397565018,0.1792137646945103,0.2268867526772915,0.180760934691432,0.1577706550181181,0.1843365350212278,0.1761998511989927,0.17949523079639473
278,0.2004220666803179,0.1715377796538624,0.1668467144158465,0.1497568496433605,0.1788767297739539,0.2265074113085424,0.1803275887465017,0.1574639062781361,0.1838830494406616,0.1758885358146693,0.17915106317558524
279,0.2002456031711305,0.1710872245554182,0.1665211320714445,0.149451279875548,0.1784633135745671,0.2261893496296466,0.1798509323146186,0.1572245741852909,0.1834798897124699,0.1755839757894848,0.1788097274879619
280,0.2000533643548267,0.1706626018528854,0.1661292596528515,0.1491894356576482,0.1781472148297696,0.2258159063902576,0.1794126128888596,0.1569527833123815,0.1830408970255715,0.1752624540228463,0.17846665299878978
281,0.1998769641596045,0.1702094252657976,0.1657459038078272,0.1488894615783789,0.1778006155600719,0.2254863314666445,0.1789407816071901,0.1566482773050634,0.1826718964723286,0.1749374291767256,0.17812070863996324
282,0.19975430317508,0.1697693329367247,0.1654030884124814,0.1485785816543874,0.1774398216398216,0.2251247007257635,0.1785191725894938,0.1562808554084651,0.182314441700247,0.1746276914556906,0.1777811989698155
283,0.1995951952587575,0.1694017305996472,0.1650592583264244,0.1482056917127994,0.1770797146626843,0.2247459381492608,0.1780727351994841,0.1559812439258057,0.1821054931223591,0.1743393351462113,0.17745863361034336
284,0.1993944978807244,0.1690452256134379,0.1647769765375973,0.1479090839829479,0.1766260015881036,0.2243555457153594,0.1776520003013637,0.1556562509687219,0.1817927602717405,0.1740785374537564,0.1771286880313753
285,0.1991994611897279,0.1687039732655404,0.1644012856850453,0.1476325918261768,0.1761952904306324,0.2240274432496127,0.177260472892115,0.1553732011457779,0.1815130164029146,0.1738550459096907,0.17681617819972337
286,0.1990184242704053,0.168342226971546,0.1640697136065398,0.1473383229830732,0.1758127212274567,0.223641735697286,0.1768116563216959,0.155043010091486,0.1811780774231133,0.1735748883100754,0.17648307769026775
287,0.1989089112468559,0.1679766883807948,0.1637462408214106,0.1470716208773352,0.1753815683968568,0.2232726347391204,0.1763494014308989,0.1547742104511027,0.1807902109776287,0.1732580607472621,0.17615295480692658
288,0.1987300536198787,0.1676165744513498,0.1634163182783908,0.1468353453474941,0.1749300207950375,0.2229206402646543,0.1758960071660824,0.1545062339237967,0.1804237109007577,0.1728972531947953,0.1758172157942237
289,0.1985756951155583,0.1672261111055075,0.1630750986253873,0.1466165256609959,0.1745516664958528,0.2225736735839292,0.1754763560256491,0.1542601931457234,0.1799767412490264,0.1725847459071434,0.17549168069147736
290,0.1983758432414575,0.1668393560311805,0.1627538431211276,0.1463804444083906,0.1740995245652992,0.2222251259491557,0.1750538850754776,0.1539903842921023,0.1795788250912711,0.1722531378693383,0.17515503696448004
291,0.198239355377516,0.1664796707840888,0.1623933971748601,0.1461955277545853,0.1736355448708963,0.2219242142707377,0.1746574574476976,0.1537831556103311,0.1791592701740713,0.1719831773045807,0.17484507707693647
292,0.1980326903825275,0.166099582168076,0.1620640454211367,0.1459088775253583,0.1731980903589651,0.2215616640082956,0.174241473775466,0.1535770426613645,0.1787159350387902,0.1716684186055913,0.1745067819945571
293,0.19783629622087,0.1658116315998411,0.1617597356366616,0.1456670429610135,0.1727841110516401,0.2211907733132518,0.1738724232367151,0.153316945846528,0.1782619520022083,0.1713756161892074,0.17418765280579368
294,0.1975775979351517,0.1654637843537862,0.1614726699826396,0.1453991869891653,0.1723778634673829,0.2208117249557118,0.1734941151382993,0.1530666313594386,0.1778628917244294,0.1711465307746047,0.17386729966806094
295,0.1973628718441799,0.1650796912129607,0.1611325648414985,0.1451488501557426,0.1720054781202704,0.2204448725200372,0.1730782523214352,0.1528016861916271,0.177495293706916,0.1708684243824797,0.1735417985297147
296,0.1971759453653932,0.1647527324324943,0.1608609440749738,0.1448792333512662,0.171687646792204,0.2201000109843774,0.1726701085788552,0.1524801393773994,0.1771138715791483,0.1705773383621762,0.1732297970898288
297,0.1969405353272424,0.1643695104913324,0.1605666845170802,0.1446240663300194,0.1713200497919068,0.2197495782779624,0.172246674185702,0.1521598674504493,0.1767027272017409,0.1703153233534912,0.17289950169269272
298,0.1967457737433149,0.1640320696870894,0.1602557977194374,0.144403063279615,0.1709219561041402,0.2193836487935185,0.1718724561088912,0.1518419457740444,0.1763530257173292,0.1700288705270435,0.17258386074544235
299,0.1966025579448614,0.1636895751598079,0.1599765479962477,0.1441837580210022,0.1705566071979835,0.2190005251181516,0.1714868526138074,0.1514998182431905,0.1759797588576047,0.1697155660640325,0.17226915672166893
300,0.1964344550854815,0.1634224233956384,0.1596674334033633,0.1440123657399132,0.1702150305110861,0.2186493606575098,0.1711079898239325,0.1512292940495553,0.1756342311033883,0.16940658199067,0.17197791657605385
301,0.1962753380391515,0.1631129056051928,0.1593375635096033,0.1437981248624079,0.1698360683323461,0.2183037627779187,0.1707597964648812,0.1509430112064217,0.1751610704620627,0.1691046068132411,0.1716632248073227
302,0.1961338030796997,0.1627460968573592,0.1590792511316031,0.1436076782166722,0.1694582368183753,0.2179666177651064,0.17040333993773,0.1506636001039658,0.1747695748249513,0.1688453882314799,0.17136735869669428
303,0.1959576499454191,0.1624267556059092,0.1588042312661498,0.143360063226478,0.1691036368735976,0.217615542091441,0.1700935548177164,0.1503756617477813,0.1743853880067624,0.1685775164631448,0.17107000000443995
304,0.1957842655317773,0.1620819675249332,0.1585582699690123,0.1430984017870287,0.1687706591984779,0.217265077283308,0.1697668244848333,0.1501346978812034,0.1739950905134986,0.168264608791336,0.17077198629654086
305,0.1955741620374097,0.1617520598257398,0.1582752463567412,0.1428801896205993,0.1683983705897749,0.216865479716281,0.1693854175922177,0.1499153816866552,0.1736271685330439,0.1679543990332992,0.1704627874991762
306,0.1953107454146837,0.1614372386845904,0.15796452772828,0.1426228904260116,0.167998891169618,0.2164706743968987,0.169069645087376,0.149666407479755,0.1732166279031676,0.1676692704175156,0.17014269187078965
307,0.1950724181674708,0.1611165678396369,0.1577060578969639,0.1423995589738073,0.1676235845180376,0.2160864180775625,0.1686888283716844,0.1494576177250427,0.1728557233898836,0.1674028102150298,0.16984095851751194
308,0.1948597095333823,0.1607184824890576,0.1574636679736158,0.1421539618145195,0.1672871156163235,0.2157059741997844,0.1683234886580233,0.1491876829348633,0.1723950604042551,0.16712950575405,0.16952246493778747
309,0.1946589823674251,0.1603340486409156,0.1572059803392164,0.1419537989969002,0.1668503215455055,0.2153165240927958,0.1680016751938461,0.1489689207265999,0.1719214457300846,0.1668762555750692,0.16920879532083583
310,0.1944938830619267,0.1599960029992998,0.1569481446990052,0.1417739936917993,0.1664820277096497,0.2149365522236903,0.1676604604320262,0.1486957868745777,0.1715574447225161,0.1665763701820195,0.16891206665965106
311,0.1943178201481102,0.1597001571215577,0.1566952244813512,0.14158722117438,0.1660783882262333,0.2146167838709138,0.1673429295381538,0.1485015092712376,0.171159144427632,0.1663341255706616,0.1686333303830231
312,0.1940960712394327,0.1593830363046453,0.1563925881044886,0.1413446701453597,0.1656770782967476,0.214259095326207,0.1670589497828065,0.1482445189029459,0.170773999257524,0.1660931261364275,0.1683323133496585
313,0.1939349497897456,0.1590721505761811,0.1560821390121413,0.1411617568324528,0.1653436017815913,0.2138801299476232,0.1666943538556778,0.1479529748706578,0.1703608352594245,0.1658514963051503,0.1680334388230646
314,0.1937701619446338,0.1586976482942196,0.1557813304069092,0.1409284635071382,0.1649692256508359,0.2135311717733466,0.1663867917030914,0.1477155095703617,0.1699519024647406,0.1655809709002831,0.16773131762155602
315,0.1935991650416994,0.1583317518969633,0.1555189891402379,0.1407376404477121,0.1646742168551823,0.2131295688276824,0.1660951537971897,0.1474129814070936,0.1695884362888554,0.1653098916244587,0.16743977953270744
316,0.1934604651762295,0.1579700741405064,0.1552749893832434,0.1405273582190983,0.1643251370110942,0.2127975445243417,0.1657442730631264,0.1470795782305052,0.1691774350117244,0.1650175518009071,0.16713744065607766
317,0.1933063739340389,0.157640411961617,0.1549666723898992,0.140336973264805,0.1639753712033504,0.2124420761173367,0.1654362585929961,0.1467968287686821,0.1688520858321663,0.1647657707412863,0.1668518822806178
318,0.1931728071157754,0.157338401669664,0.1547333626609966,0.1400927225980562,0.1636074074540934,0.2121137555465914,0.1650958861641463,0.1465544522422223,0.1684695562952025,0.1645049205286473,0.16656832722753953
319,0.1930425716435613,0.1570214602048338,0.154458452547635,0.139889988432585,0.1632802011842493,0.2117354471976821,0.1647740424961082,0.1463028794880909,0.1680981297780104,0.1642149199628372,0.16628180929355932
320,0.1928712588168011,0.1567062743318445,0.1540984158367803,0.1397230913594849,0.1629564279011573,0.2114236864538128,0.1644661933875615,0.1460447891120523,0.1677051068691861,0.1639255829622952,0.1659920827030976
321,0.1926719380728498,0.1564178529459889,0.1537445126243629,0.1395591555604994,0.1625982785860972,0.2110808889289229,0.1641206364739984,0.1457939902609445,0.1673843020072568,0.1636906911266153,0.16570622465875362
322,0.1924509964759738,0.1561271718282635,0.1533993112209572,0.1393189110005362,0.1623005908304847,0.2107593717445308,0.1638099580043261,0.1455807995755625,0.1670335180379805,0.1634284435712068,0.16542090722898223
323,0.1922217384059634,0.1558974995273209,0.1530720708830992,0.1391260189903079,0.1620162425337238,0.2104390934844192,0.163508114722095,0.145326295813423,0.1666991519438968,0.1631809582722752,0.16514871845765242
324,0.1920193581939453,0.1556378211922089,0.152744623366687,0.1389956214974954,0.161707440726598,0.2100677931045454,0.1631604861508869,0.1450600117182645,0.1663313387724885,0.1629675745551824,0.16486920692783022
325,0.1918436252150321,0.1553739005943684,0.1524408417065224,0.138793535803845,0.1614177642387523,0.2097642705862956,0.1628658862233236,0.1448668581471608,0.1659676662328676,0.1627071759776953,0.16460415247258628
326,0.1916913807640732,0.1550855060643532,0.1521083429276804,0.1385957336200428,0.1610981348443867,0.2094449147991129,0.1626048495979954,0.1446557499889804,0.165550014119276,0.1624609150963861,0.16432955418222872
327,0.1915104741587805,0.1547578183258761,0.1517937504804821,0.1384355949216553,0.1607691838663456,0.2091222001183535,0.1623001118022584,0.1444123021241456,0.1652096897160974,0.1622344514894763,0.16405455770034708
328,0.1913698367667328,0.1545014919827696,0.1514904521843151,0.138239814252566,0.1604735786867567,0.2088083947271855,0.1619840182097013,0.1442101316058244,0.1648441032318739,0.1620203170930383,0.1637942138740764
329,0.1912428352752394,0.1541878062467097,0.1510757535280112,0.1380424373174774,0.160158870696779,0.2084794822758861,0.1616425838587035,0.1439561444577889,0.1645138052517923,0.1618305596244462,0.16351302785328337
330,0.1911525379503001,0.1539292529242547,0.150726940291958,0.1378909218039855,0.1598499344000241,0.2081694118379674,0.1612798370928445,0.1437180601803149,0.1642512719219489,0.1616368044277413,0.1632604972831339
331,0.1910513666251564,0.153683921005386,0.1504243078815652,0.1377248019698483,0.1595484187971257,0.2078333173048585,0.1609431866366465,0.1435235589392267,0.1638849096775348,0.1614400362265914,0.16300578250639394
332,0.1909013338863238,0.1534117537607167,0.1501007816789104,0.1375250309631567,0.1592572623799584,0.2075202631269822,0.1606417199015736,0.1433043866213805,0.1635307487981555,0.1612592919349062,0.16274525730520642
333,0.1907429347793049,0.1531425355953865,0.1498197667518648,0.1373916353757505,0.1589425983225271,0.2071617450925433,0.1603465384695205,0.1431296365357583,0.1632192681193747,0.1610159893211067,0.16249126483631374
334,0.1905905375848969,0.1529219774877103,0.1494612797526335,0.137193359621995,0.1586558222232794,0.2067832326654881,0.1600782597905981,0.1429343441130136,0.1629055084658254,0.1607775387026899,0.16223018604081302
335,0.1904311110037619,0.1526979136855766,0.1491599434357601,0.1369554856707509,0.1583773086289544,0.2063962691131499,0.1597561348970845,0.1427930645358927,0.1626288108187564,0.1605336682721825,0.16197297100618696
336,0.1902509012343449,0.1524636703019896,0.1488495050525881,0.1367767781196659,0.1580769298892988,0.2060132460622902,0.1594845247419323,0.1426099866235363,0.1623073745759633,0.160317030989201,0.16171499475908105
337,0.190051538662244,0.1522598984542988,0.1486089416412611,0.1366108182534557,0.1577755977314444,0.2056127691359411,0.1592051105154072,0.1424129029336171,0.1620297995072339,0.1600985523512838,0.16146659291861873
338,0.1898900453448992,0.1520423250295229,0.1483251116611191,0.1364599127885547,0.1574757739724822,0.2052385937310903,0.1589300946210497,0.1422202521503874,0.1617149082488741,0.1598194974690839,0.16121165150170633
339,0.1897143257205165,0.1518208401124921,0.1480370670688833,0.1362268466844311,0.1571534291230827,0.2048723243895085,0.1586807587792641,0.1420109034881039,0.1614307974176043,0.1596449981799153,0.1609592290963802
340,0.1895364335745313,0.1516151124237273,0.1477413516881267,0.1360491840211774,0.1569037167276029,0.2044948945719341,0.1584080775874291,0.1418177130622905,0.1611061793517039,0.1594263112844437,0.16070989742929667
341,0.1893004637041289,0.1513572467953702,0.1474684943465833,0.1359129847784412,0.156616737110516,0.204146100173911,0.158123765530883,0.141648735008072,0.1607867025165958,0.1592059485707667,0.16045671785352683
342,0.1891174978543178,0.1511396360737595,0.1472369119095938,0.1357838041231056,0.1563597071969192,0.2038531040078271,0.1578359109639821,0.1414070050998819,0.1604424543918385,0.1589990764907776,0.16021751081120034
343,0.1889185034069596,0.1508924709231753,0.1469913941913589,0.1355940577495734,0.1561072179801181,0.2035261533979947,0.1575511831769223,0.1412392865962104,0.1601437965491115,0.1588282580815351,0.15997923220529592
344,0.1887773050518191,0.1506233072390364,0.1467938128806299,0.1353861042487029,0.1558058865757358,0.2031925651658767,0.1572754477345701,0.1410314593939862,0.1597961114150256,0.1586592099852582,0.1597341209690641
345,0.1886114664563801,0.150397068133422,0.1465550979231456,0.1351580174830211,0.1555128667422187,0.2028623635472692,0.1570342131237538,0.1408249748487479,0.1595188924887202,0.1584534351996431,0.15949283959463217
346,0.1884304429467677,0.1501517800316317,0.1463509283650637,0.1350170070844446,0.1552906714736367,0.2025758609835524,0.1567819446767613,0.1406318716036901,0.1592146816873668,0.1582622664687799,0.1592707455321695
347,0.1882620524145456,0.14992682714325,0.146118565638494,0.1348669668215143,0.1550142127420075,0.2023049487359159,0.1565624205225589,0.1403819067959038,0.158901793847169,0.1581004504729134,0.15904401451342726
348,0.1880691067492755,0.149685459489679,0.145853134691429,0.1347004026816182,0.1547612720824031,0.2019629406711817,0.1562785863956919,0.1401991091873245,0.1585939577039275,0.157906301778416,0.15880102714309463
349,0.1878816290991287,0.1494513034704206,0.1455574311815896,0.1345023855418392,0.1544104958836349,0.2016456234348611,0.1560227489641698,0.1400256531627113,0.158352034642705,0.1577429482185769,0.1585592253599637
350,0.1876979569901743,0.1492115977275853,0.1452567543926787,0.1342789598752983,0.1541419285854977,0.2013762769909449,0.1557798817097804,0.1398009815352078,0.1580588767332081,0.1575492794661573,0.15831524940065328
351,0.1875139653601773,0.1489754195289235,0.1449588897788385,0.1340836667454361,0.1537867052169011,0.2010506007647674,0.1555409128427064,0.1396026988532711,0.1577618202355978,0.1573932201350065,0.15806678994616255
352,0.1873595544120461,0.1486956498446373,0.1447348384048486,0.1338776474346651,0.1534522658289407,0.2007339659789624,0.1552941601538616,0.1393725132603666,0.1575166725361388,0.1572313443416804,0.15782686121961476
353,0.187152246062062,0.1484921325753833,0.1444365732132756,0.1336968982248585,0.1531670014011493,0.2004101200582623,0.1550268979539827,0.1391295259575496,0.1572390538889718,0.1570767614610824,0.15758272107965773
354,0.1869744028417328,0.1483155182693126,0.1441939734822428,0.1335069479936088,0.1528968921612722,0.2000901870737587,0.1547374015704551,0.1388818620733952,0.15693033633584,0.1568963489964888,0.15734238707981069
355,0.1868034270458909,0.1480802089662327,0.143866320886874,0.1333395541397858,0.1525857288718071,0.1997624482807818,0.1545089880343009,0.1385879290016592,0.1566220267510047,0.1567215350545532,0.15708781670328903
356,0.1866321249365732,0.147877753592332,0.143582485969586,0.1331304154929201,0.1522860129291325,0.1994062210291031,0.1542763664990687,0.1383540366065067,0.1563200623871286,0.1565197118335612,0.15683851912759122
357,0.1864037527817114,0.1476634519814079,0.143352403724136,0.1329564667172867,0.151939203527174,0.199091727153947,0.1540318329583078,0.13812570733401,0.1560418791624167,0.1563588447149628,0.15659652700553603
358,0.1862411560071928,0.1474565437926087,0.1430686478138148,0.1327717519766074,0.1516471696976006,0.1987708678187869,0.153822081776484,0.1379021655270082,0.1557807577623207,0.1561949374267661,0.156365607959919
359,0.1860353588938897,0.1472597480173857,0.1427849675266939,0.132569970984412,0.1513742661314546,0.1984457351682508,0.1535523903175772,0.1377312332086603,0.1555080842671058,0.1560417277852749,0.15613034823007046
360,0.1858895742235013,0.1470380580272612,0.1424716061663495,0.1324291000068616,0.151082240772545,0.1981161171020251,0.1532530670154034,0.137512248530964,0.1551715972177219,0.155878481315555,0.1558842090378188
361,0.1857261718782517,0.1467899839626767,0.142229862475442,0.1322854658489677,0.1508043775501344,0.1977521806857939,0.1529886865982608,0.137347211751895,0.1548555596223612,0.155718254157588,0.15564977545313713
362,0.185505999634877,0.146583984968065,0.1420286071809755,0.1321842312332791,0.1505323418063818,0.1973684437915838,0.152708278411139,0.1371608503109334,0.1545685809551145,0.1555398791812229,0.15541811974735717
363,0.1853222888908497,0.1463569052140303,0.1417758487401565,0.1319944570816011,0.1502887743632732,0.1970125904976747,0.1524892863847247,0.1370205630915401,0.154267724030245,0.1553788090357731,0.15519072473298684
364,0.1851032718796472,0.1461541625937837,0.1415331584804518,0.131801598223501,0.1500173163778812,0.1966771749694719,0.1522740128474849,0.1368586930586245,0.1539979319020105,0.155207056141291,0.1549624376474148
365,0.184902064751257,0.1459848938714114,0.1412865535910998,0.1316781334441904,0.1497509219409905,0.1963846332180598,0.1520335254632036,0.1366819442971989,0.1537485753604437,0.1550045822314157,0.15474558281692707
366,0.1846852906144482,0.1457782636781232,0.1410555603149508,0.1315286505416172,0.1494590345107418,0.1960879474884525,0.151802794453594,0.1364693736563435,0.1534725690573353,0.154816775998935,0.15451562603145413
367,0.1844970927461633,0.1455508961837445,0.1408037669052683,0.1313563923869232,0.149210475899046,0.1958105684591548,0.1515878194095062,0.1363027657786605,0.153241859482861,0.1546274069428214,0.1542989044194149
368,0.184301994108624,0.1453187470225737,0.1405545035678722,0.131174111578438,0.14893553845705,0.195480722450296,0.1514027865403449,0.1360905919060573,0.1530681324754273,0.1544654741610816,0.15407926022677648
369,0.1840806299272266,0.1451067215258993,0.140296883157632,0.1310304548207302,0.1486539976628967,0.1951282404064896,0.1512265094357,0.1359324983846705,0.152825378670626,0.1542957659037291,0.15385770798956
370,0.1838655365829311,0.1448837774604236,0.1400076015310739,0.1308869053101239,0.1483789870101804,0.1948252932374116,0.1510110338965709,0.1357713146517703,0.1526261506276151,0.1541139668146955,0.15363705671227962
371,0.1836135601973136,0.1446339696371502,0.1397412178135582,0.1307081826389915,0.1480884779067935,0.1945310300392003,0.1508136110537176,0.13559682966761,0.1523998514096531,0.1539594164442593,0.15340861468082473
372,0.1834000665007722,0.1443686409220741,0.1394415767066082,0.1306164146692502,0.147814618702323,0.1942192129792046,0.1506263411912255,0.1354106070536552,0.1521488415122189,0.1537693475039862,0.1531815667741318
373,0.1831797159874675,0.144166524492438,0.1392191425211271,0.1305172623620417,0.1475740563316303,0.1939148604770653,0.1503750958501747,0.1352614814422351,0.1518962372903308,0.1536188071237246,0.1529723183878235
374,0.182994093690697,0.1439561363136093,0.139035469362534,0.1303892569776054,0.1473263736177942,0.193628396895799,0.1501713718559366,0.1351046616042076,0.1515787720403673,0.153481443632629,0.15276659759911793
375,0.1827988335481127,0.1437292839722904,0.1388057163631589,0.1302831834094924,0.1470464026649232,0.193336937606424,0.1499139441037114,0.1349798123678712,0.1513523118388907,0.153340537010639,0.15255869628855137
376,0.1826072231773186,0.1435559928497019,0.1386162200938872,0.1301358143205011,0.146798347363929,0.1930274521612381,0.1497063323219888,0.1347945136982534,0.151157527883426,0.1531636779139705,0.15235631017842147
377,0.1824241727941176,0.1433202171299682,0.1383951563727249,0.1300570306000742,0.1465768168703961,0.1927544612736477,0.1494715131938755,0.1346495391165194,0.1509313686612718,0.1530081393233902,0.15215884153359854
378,0.1822295790335704,0.1431043545306047,0.1381452595448303,0.129888080581981,0.146367839048728,0.1924660802423369,0.1492343705205389,0.1344778617455635,0.1506589515028629,0.152871334512133,0.15194437112631495
379,0.1820221116160144,0.1428794590612658,0.1378874855341393,0.1297452007980611,0.1461074438616137,0.1921490336646835,0.1490125803817494,0.1343399503476162,0.150423802937228,0.1527408108827681,0.15173078790851396
380,0.1818358856646313,0.142646904222107,0.1376815513267141,0.1296588665393413,0.1458966308324306,0.1918754259610602,0.1488034170639504,0.1341620390498398,0.1501966062855201,0.1525580827496048,0.15153154096951993
381,0.1816377092216718,0.1424429562580971,0.1374495330740263,0.1294861562691139,0.145676546769186,0.1916072576265939,0.1485994612678468,0.1340237925174257,0.1500041195113198,0.1523982060899052,0.15133257386051863
382,0.1814377263644311,0.1421805483325154,0.1372436924111203,0.1293357605118062,0.1454293545463086,0.1913428284497818,0.1484335385821396,0.1339015663141763,0.1497828913385827,0.1522233606302271,0.15113112674810886
383,0.1812048981942416,0.1420269816267854,0.1370428234180865,0.1292237469902654,0.1451845828281268,0.1910627921710542,0.1482181969444864,0.1337504407443683,0.1495932753518332,0.1520362885707263,0.1509344026839974
384,0.1810258273760875,0.1418235376937119,0.1368132705054564,0.1291115289635568,0.1449231594221184,0.1907767057166101,0.147954736813003,0.1335877685546874,0.1494085822203965,0.1518785460378441,0.15073036633034723
385,0.1808954396352532,0.1416052427748462,0.136566190104122,0.1290083711708624,0.1446462901980121,0.1905467877402618,0.1477588729966221,0.1333700240006621,0.1492086467479796,0.151708108108108,0.15053139734767296
386,0.1807193290102283,0.1413790536088794,0.1363947899902559,0.1289150235394899,0.1444660128423798,0.1902683821629722,0.1475476666333565,0.1331876826296731,0.1490162487457392,0.1515467512587918,0.1503440940421766
387,0.1805261680446068,0.1411173503642082,0.1361987416268758,0.1288217020872727,0.1442444119897767,0.1899741792078876,0.1473680572679653,0.1329772064605892,0.148840075665048,0.1513453422062562,0.15014132349204867
388,0.1803606958815589,0.140885774062593,0.1360256995447648,0.128664110838813,0.14405924622013,0.1896934404971304,0.147123750968434,0.1327772818621123,0.148639250374961,0.151125382891479,0.14993546331419763
389,0.180194462923456,0.1406496203331116,0.1358190625590076,0.1284852781070815,0.1438265402513721,0.1894485748738469,0.1468782802875759,0.1325807704797758,0.1484359014852231,0.1509608502291949,0.14972793415296454
390,0.1799807235345693,0.1403996507766879,0.1356288969620894,0.1283422592123514,0.1435955150860253,0.1891799056594141,0.1466319674983771,0.132409253471431,0.1482536460793575,0.1508075557069183,0.14952293739872216
391,0.1798148016745902,0.1401707291547741,0.1354640554969839,0.1282371075491534,0.1433388602521461,0.1888536116157992,0.1464359546082116,0.1322172382371441,0.1480922903701378,0.1506465882158876,0.14932712371748283
392,0.1796109703063366,0.1399347938993935,0.1352692796966133,0.1281287288324661,0.1430849323438686,0.1885302579037896,0.1461925894116925,0.1320516214269702,0.1478704448787216,0.1505044218246557,0.14911780405245076
393,0.179451021302974,0.1397265508614451,0.1350194330433534,0.1279687002906315,0.1429006935044452,0.1882353454490268,0.1459635140788729,0.1318513379513044,0.1476656001404693,0.1503309550686464,0.14891131516911688
394,0.1792981559050488,0.1395160529746986,0.1348005460047154,0.1278239071116453,0.1426851214547627,0.1879651831378048,0.1457737061394949,0.1317279401303247,0.1475061827166017,0.1501869463465789,0.14872837419216758
395,0.1791295720019843,0.1393040251273647,0.1346139230415963,0.1276999450592575,0.1424402219438155,0.187680703730617,0.1455992007413695,0.1315898874677525,0.1473726265247229,0.1500233736205486,0.14854534792590285
396,0.1789037600145893,0.13911173938729,0.1344312932271955,0.127556308416202,0.1421966572025499,0.187424734700631,0.1453975077549179,0.1314205108132834,0.1472068396819563,0.1498420982138586,0.1483491449412474
397,0.1787278791924909,0.1389088206005694,0.1342606481897722,0.1273805695015619,0.1419114476610373,0.1871161893144425,0.1451768302120415,0.131284971303487,0.1470604540686528,0.1496628219255188,0.14814906319695745
398,0.1785557884957885,0.1386999421916812,0.1340908769173054,0.1272296607391722,0.141657540547083,0.1868890686261069,0.1449956594501006,0.1311034914472203,0.1469262112763097,0.1495077688167568,0.14796560085075244
399,0.1783711140778683,0.1385012935212367,0.1339318864688208,0.1271240440602395,0.1414235578083514,0.1865934699517379,0.1448261289833919,0.1309668761455878,0.1467544036332072,0.1493478931165178,0.14778406677669592
400,0.178196389098139,0.1382912187501448,0.1337426383290238,0.1270026077025718,0.1411726285593269,0.1862918812038198,0.1446714597764814,0.1308064839509856,0.1465801365736091,0.149202678474282,0.14759581224183843
401,0.1779767961896693,0.1381004874486029,0.1335391402413202,0.12686585191889,0.1409232109264023,0.1860024876912396,0.1444802741841778,0.1306730107506882,0.146419245469263,0.1489833143062016,0.14739638191264548
402,0.1778071131936923,0.1379251775943059,0.1333361331205495,0.1267077254580053,0.1406808241858151,0.1856809505278246,0.1442937603257513,0.1305140745961712,0.1462839460382221,0.1488131281650817,0.14720428332054192
403,0.1776676168854864,0.1377250243642315,0.13318410043788,0.1265442840167337,0.1404384495924311,0.1853850158642842,0.1441233124852911,0.1303647680661465,0.1460992543771263,0.1486858933757466,0.14702177194653573
404,0.1774910371506442,0.1375003380848581,0.1330196110733419,0.1264045148349545,0.1402810750120127,0.1850556034356117,0.1439195544525118,0.1302021609955521,0.1459886846696898,0.1485159230900596,0.14683785027992363
405,0.1773094457067294,0.1372976491159899,0.1328609259417798,0.1262597727835061,0.1400351041977978,0.1847400194314114,0.1437596679336623,0.1300521878902019,0.1458613961998128,0.1483368093465095,0.14665129785474007
406,0.1771165988324088,0.1370928488556299,0.1326869334083981,0.1261286595827107,0.1398697073411877,0.1844190563346687,0.1435903331879736,0.1298969463460501,0.1457338698869287,0.1482000260565706,0.14647349798325268
407,0.1769234336443483,0.1369040864204267,0.1324773437877459,0.1259910887787602,0.1397081730417697,0.1841211538041513,0.1434222044101366,0.1297061204885412,0.1456398165387159,0.1480795895118086,0.14629730104264044
408,0.1768169413424011,0.1367308969723075,0.132260755753264,0.1258833404428054,0.1395418065235442,0.18383981483498,0.1432761150647427,0.129565103839969,0.1455330667414995,0.1479067257165466,0.146135456723206
409,0.1766567753745363,0.1365795173477185,0.1321325812259914,0.1257978729487106,0.1393303169331231,0.1835515817004818,0.1431011844513584,0.1294238197278447,0.1454024253731343,0.1477400611056241,0.1459716136188523
410,0.1765248761059183,0.1364136961467608,0.1319199425064452,0.1257111379758673,0.1391139555825839,0.1832871598944287,0.1429328439451617,0.1293167463724057,0.1452298631379434,0.1475421041245702,0.14579923257920852
411,0.1763516355839831,0.1362453761066424,0.1317434896870271,0.1256434447487919,0.1389020294303553,0.1830272820399633,0.1427859818059658,0.1291865469025748,0.1450469638181468,0.1474040449943653,0.14563367951178158
412,0.1761578844265643,0.1360685372646989,0.131540953141628,0.125582605341381,0.1386740209417752,0.1827489755348389,0.1426298913572691,0.1290482422491989,0.1448733044232437,0.1472528234685515,0.14545772381491495
413,0.1759819697049111,0.1359055776714228,0.1313675697203943,0.1254465449509395,0.1384277855598949,0.1824474449403307,0.1424155076937306,0.1288689772965091,0.1446726891977287,0.1471103874609924,0.1452644454196854
414,0.1757839652542493,0.1357288002908332,0.1311824012493483,0.1253287187079651,0.1382101363476587,0.1822098317292825,0.1422183817934468,0.128704149236045,0.1444451637830515,0.1469445823069533,0.14507561306988337
415,0.1756152967603738,0.1355643833910157,0.1310091779252667,0.1252399918967283,0.1380109654432876,0.1819340756044394,0.1420830123510162,0.1285618229026771,0.1442719433040527,0.1467766273868719,0.14490672969657295
416,0.1754679306457825,0.1354201319026502,0.1308267978110676,0.1251329929933975,0.137791349039357,0.1817006010260728,0.1419009501138623,0.1283915982444625,0.1441047923571133,0.1465789723953816,0.14473161165291473
417,0.1752991473134955,0.1352479048116322,0.1306025419195118,0.1250355338814552,0.1375925637156655,0.1814667116392506,0.1417462640825904,0.1282569520204831,0.1439259223779286,0.1463860158621187,0.14455595576241315
418,0.1751124258407844,0.1350770541144072,0.1304010143672259,0.1249196325292864,0.1374002515435627,0.1812080953680268,0.1415753059106614,0.1281412938240022,0.1437631836925939,0.1462251548982998,0.14438234120888507
419,0.1749590449286744,0.1349301713475851,0.1301781046988472,0.1248321859918175,0.1371999676176879,0.1809859913161172,0.1414425358077878,0.1280101656626506,0.1435414497723886,0.1460740985344726,0.1442153715678029
420,0.1747908103381358,0.1347835644159795,0.1299956701497906,0.1247290795769048,0.137007122649662,0.1807138245538523,0.1412650539549169,0.1278724567445004,0.1432790331591053,0.1458920626386182,0.14403286781814656
421,0.1746412997346243,0.1346206466300374,0.1298369637431459,0.12463422847041,0.1368065102861432,0.1804150522183161,0.141113833387628,0.1277361932373961,0.1430685673042222,0.1457200278841556,0.14385933228960787
422,0.174489849315419,0.1344389926012606,0.129681628830548,0.1244888291855203,0.136626675110543,0.18015999209054,0.1409476069824266,0.1276503490510688,0.1428197232394302,0.1455441418958064,0.14368477883025627
423,0.1743569039345676,0.1342646536876188,0.1294689291795435,0.1243194448729193,0.1364610213841017,0.1799334746971851,0.1407956271390094,0.1275719238802405,0.1425878861562481,0.1453604192223585,0.14351202841537927
424,0.174204030168425,0.1341040111545235,0.12930144708485,0.1241938262868495,0.1362312841923409,0.1796906082333261,0.1406185609809188,0.1274657734874865,0.142354002393495,0.1451907539947291,0.14333542979769445
425,0.1740335412210693,0.1339482691020472,0.1291183404726169,0.1241071553825381,0.1360016443199178,0.1794277602552773,0.1404443646227079,0.1273336014982351,0.1421731012051096,0.1450332704032682,0.1431621048482787
426,0.1738740357885822,0.1338067160438345,0.128918084948295,0.1239747026119427,0.1357892293615336,0.1791656714872468,0.1402792298523719,0.1271950360316086,0.1419753979095564,0.1448834450520374,0.1429861549087009
427,0.1737286986098583,0.1336481856207291,0.1287202353059129,0.1239322685531477,0.1355704775099784,0.1789132200682894,0.1401100282055107,0.1270169209948728,0.1417606096308179,0.1447191396714389,0.1428119784170556
428,0.1735776220222631,0.1335036345738026,0.1285493807702926,0.1238476412960255,0.1353904134430744,0.178662118157499,0.139951398109211,0.1268971353913177,0.1415144411082026,0.1445387814459718,0.14264325663176602
429,0.1734091967563421,0.1332995695384115,0.12838044201794,0.1236903437009847,0.1351825190063864,0.1784228609116158,0.1397991248388967,0.1267842233234881,0.1413008756211878,0.1444110993453985,0.14246802550606513
430,0.1732413911665388,0.1331071199486851,0.1282513629885619,0.1235371563583177,0.1349683526094712,0.1781689026957521,0.1396114310073306,0.1266922778967301,0.1410884521425269,0.1442884311136812,0.14229548779275952
431,0.1730981806868015,0.1329504120246362,0.12808094479086,0.1234446645604585,0.1347323407110506,0.1779370897602338,0.1394629226156513,0.1266172509052819,0.1408770503137613,0.1441287967003667,0.1421329653069102
432,0.1729420858428788,0.1327209371576853,0.1279196254364207,0.1233005234655485,0.1345011413238475,0.1776985697050908,0.1393022435693208,0.1265052218706243,0.1406610811343263,0.1439646953089892,0.14195161248147323
433,0.172790273933917,0.132549372147935,0.1277693383798072,0.1231710642134868,0.1342830188679245,0.1774566904603881,0.1391440468102824,0.1264124656963768,0.140480854668387,0.1438071173699161,0.14178642425484209
434,0.172618440266085,0.132353195090986,0.1276589365281148,0.1230290568825412,0.1340589458705051,0.1772178019429716,0.1389348669471613,0.126299566087051,0.1402914009236859,0.143642403484638,0.141610461402374
435,0.1724450592672171,0.1321434570928713,0.127528198297429,0.1228674110317814,0.1338652401746725,0.1769412991690185,0.1387729868770981,0.1262115520274692,0.1401024273278542,0.143522301829728,0.14143999330951393
436,0.1723024259896074,0.1319656313409839,0.1273657775279559,0.1227312018063307,0.1336844615371214,0.1767143164254507,0.1385696443052091,0.1260770971932866,0.1399064610745495,0.1433934138800137,0.1412710431080509
437,0.1721478785846051,0.1318209790356614,0.1272007874517399,0.1225746882236715,0.133450047780384,0.1764942143665953,0.138396835584389,0.125967720795131,0.1397460465277072,0.1432683809189066,0.1411067579268791
438,0.1720198880807567,0.1316881755561,0.1270556049822063,0.1224169998961637,0.1332245606130838,0.1762291096355727,0.1382309409088156,0.1258597583735235,0.1396010797064749,0.1431233953495332,0.14094495131022303
439,0.171851416825723,0.1315230497972554,0.1269359303224824,0.1223079020571051,0.1330254837615553,0.1759798733755414,0.1380725211010282,0.125752239195278,0.1394494505683479,0.1429684588058187,0.14078663258101354
440,0.1717124351526824,0.1313372431023381,0.1267759404486165,0.1222085697478034,0.132848166727,0.1757417295723594,0.1378972059130427,0.1256212114536057,0.1392363030218572,0.142814896192042,0.14061937013313472
441,0.1715533519682895,0.1311345016356509,0.1266542107354359,0.1220718954798219,0.132667443189877,0.1754862538171565,0.1377643393019622,0.1254994349100042,0.1390614681881169,0.142677898171742,0.1404570797398057
442,0.1713724884216846,0.1309666642480279,0.1265604258719071,0.1219700904816949,0.1324694931784324,0.1752391294287205,0.1376511968389667,0.1253543685976188,0.1388960484947763,0.1425684827859154,0.14030483883477446
443,0.1712318623586971,0.1308456413034936,0.1264475118242995,0.1218685310821952,0.1322917259057975,0.174993340483705,0.1375184881556249,0.1252202504654059,0.1387202232155203,0.1424068890099265,0.14015444638046656
444,0.1710789192798127,0.1306842044465347,0.126339117660561,0.1217482345966864,0.1321079478813469,0.1747806357988698,0.1373563318740097,0.1250955069366118,0.138564844287133,0.1422514872334825,0.14000072299950486
445,0.1709199111438261,0.1305063681817246,0.1262364824779608,0.1216478497254503,0.1319511095228371,0.1745209362217514,0.1372076051958643,0.1249451987245495,0.1383950387334377,0.1420931050779813,0.13984236050053828
446,0.1707830261657001,0.1303196602878276,0.1261138981868319,0.1215957919707194,0.1317801058784837,0.1742511981440215,0.1370326505363017,0.1247723651498587,0.1382314126531396,0.1419250707176532,0.13968051796905373
447,0.1706393907885873,0.1301453337209444,0.1259842598787436,0.1215178902609095,0.1315796557941875,0.1739791755464897,0.1368928902761429,0.1246512898318292,0.1380862858647012,0.1418226094372515,0.1395298781399787
448,0.1704888918364729,0.1299870832695154,0.1258529151651403,0.1214797630146586,0.1314028760272657,0.1737190543325019,0.1367470235083814,0.1245127372622236,0.1379514911422077,0.1416873858395122,0.13938292213978798
449,0.1703555455298695,0.1298215871774186,0.1257286867724933,0.1213870478138751,0.1312757823407153,0.1734471990567976,0.1366135998065581,0.1244006370615586,0.1377708614433093,0.1416095267810712,0.13924104737836665
450,0.1701921088046804,0.1296794052440454,0.1256111353298732,0.1212785224682581,0.1310673239294625,0.1731768517259905,0.1364814271062947,0.1242748528918315,0.1376084021601016,0.1414948622604394,0.13908648919209776
451,0.1700210643541919,0.1295202458365089,0.1254837783284375,0.1211878582290326,0.1308657995960747,0.1729044923871522,0.1363215721715263,0.1241598530462292,0.1374409834561889,0.1413578387843938,0.13892634861897363
452,0.1698742844471809,0.1293968787408198,0.1253677305682941,0.1210706111636552,0.1306381166921956,0.17265915110823,0.1361376374600922,0.124015111103872,0.1372435170995531,0.1412439812023555,0.13876470195862484
453,0.1697128399054288,0.1292163364758943,0.1253032814662687,0.1209544226453164,0.1304474603545165,0.1723979635529065,0.1359880341097599,0.1238981728964749,0.1370024473965301,0.1410866180168935,0.13860075768199895
454,0.1695548153542969,0.1290960975462529,0.1252583209949961,0.120829919264313,0.1302825116023753,0.1721317471909392,0.1358702106543864,0.1238169160760668,0.1368118211721869,0.1409267081970446,0.13845790680528583
455,0.1694162859572722,0.1289636138832465,0.1251981827491202,0.1207208033832653,0.1300909920560845,0.1718582211459617,0.1357278168394238,0.1236860322458721,0.1366176361340167,0.1407940485047477,0.13830736328990106
456,0.1692791646417883,0.1287870235961918,0.1251060718158692,0.1206084556326621,0.1298730781724249,0.1716289795588866,0.1355814904799682,0.1235444284714814,0.1364252691857221,0.1406311908261794,0.1381465152381174
457,0.1691069275859649,0.1286289844188475,0.1250000202213018,0.1205520409669792,0.1296806315137756,0.1713806898363768,0.1354280518088801,0.1234495843365375,0.13622982223445,0.1404762856490244,0.13799330385721378
458,0.1689439666599506,0.1285001135734182,0.1249302813960666,0.1204558019131553,0.1295043765387878,0.1711404966013999,0.1352929779444262,0.1232816810971877,0.1360467492995592,0.1403096797819098,0.13784061248058616
459,0.1687656474451057,0.1283427084099406,0.1248534647407709,0.1203560322287816,0.1292896539545122,0.1708812629253371,0.1351642995123511,0.1231216398522035,0.1358611838059691,0.1401664944928042,0.13768023873677762
460,0.1685937209812761,0.128187372728949,0.1247793876989617,0.1202883051480481,0.1290959674892002,0.1706472470813848,0.1350369665725625,0.1229543026907664,0.1356902426201179,0.1400343792898186,0.13753078923010853
461,0.168434132908914,0.1280361759405961,0.1246674626195933,0.1201812598652318,0.1288740450606727,0.1703875210523776,0.1349418773137848,0.1228025293766181,0.1355370014269627,0.1398936677311002,0.13737556732958514
462,0.1682879563339136,0.1278621603436471,0.1246169989087377,0.120089607238922,0.1287119604761933,0.1701204975544854,0.1348087936204823,0.1226590498632074,0.1353445290402376,0.1397991263031905,0.13723006796830167
463,0.1681073926879702,0.1276888825898498,0.1245469536365739,0.1199742027575537,0.128516413140271,0.1698596182618331,0.1346851441151621,0.1225112134732135,0.1352054805603536,0.1396454766743249,0.1370740777897106
464,0.1679534040440984,0.1275418227019851,0.1244520011139401,0.1198842847652878,0.1283346921557412,0.1696136298830909,0.1345773032747195,0.1223117044371596,0.1350809512375733,0.1394910657530896,0.13692408593666855
465,0.1678156463251652,0.127391366100307,0.1243519676132642,0.1197856367601158,0.128146066279185,0.1693474957338415,0.1344431935775959,0.1221752371935222,0.1349606473560257,0.1393376369295768,0.13677548938685993
466,0.1676615805084216,0.1272467478657868,0.1242777183812465,0.1196850522290118,0.1279634390721834,0.1690998997771906,0.1343510987083271,0.1220333499938998,0.1348468814008595,0.1392105567762497,0.13663763247131766
467,0.1675189339707597,0.1271346912431973,0.1242299213624969,0.1196154074021411,0.1277784980351735,0.1688443695819659,0.1342361291308869,0.1218877599095421,0.1347167583160552,0.1390755695189402,0.13650380384711586
468,0.1673553374304243,0.1270338270826768,0.1241710254035199,0.119524774011522,0.1276002851806478,0.1685922186075164,0.1341235473895655,0.1217224142489253,0.134566051536626,0.138941559589475,0.1363631040480899
469,0.1672101809155844,0.1268690696379046,0.1241163550703549,0.1194097037265628,0.127420893620602,0.1683666483752495,0.1339758413875387,0.12156427958842,0.1344341593731933,0.1388246717474962,0.13621918034429065
470,0.1670420006551015,0.126739939471274,0.1240363582502996,0.1193013211332291,0.1272092179658598,0.168119787609168,0.1338622710242296,0.1214460200585463,0.1342674040027765,0.1386594324665209,0.13606837526370053
471,0.16687331611169,0.1266051307312644,0.1239323901925361,0.1191913003327965,0.1270262623765337,0.1678755478027562,0.1337329174478632,0.1213162182446016,0.1341355675615617,0.1385036516504908,0.1359192302452094
472,0.1667318672847416,0.1264436887759133,0.1238236178588724,0.1190758459424431,0.1268586019313198,0.167603963102431,0.1336324830496514,0.1211851336751102,0.1340225040033729,0.1383575164401837,0.13577352220640396
473,0.1665713032220061,0.1262770416285347,0.1237328699067562,0.1189411801360766,0.1266943697604047,0.1673849697620849,0.1335047045875926,0.1211053256980072,0.13392275062059,0.1382122048511594,0.13563467201732124
474,0.1664039730505078,0.1261342187643863,0.1236774525259554,0.1188514126521882,0.1265876217642529,0.1671601295846349,0.1333482563246315,0.1210349065547782,0.1338062353956426,0.1380447674088407,0.13550489740258184
475,0.166260668928863,0.1259583166693137,0.1235847468474723,0.1187519987440619,0.1264346734809542,0.1669337399164156,0.1332440783409683,0.120918429462791,0.1336918141827744,0.1379069060854443,0.13536853726590586
476,0.1660738995083654,0.1258126734911283,0.123521378867276,0.1186631061540663,0.1262741747060225,0.1666707802306558,0.1331527492261524,0.1207816547896342,0.1335700838912355,0.1377564381217116,0.1352276938986248
477,0.1659154026462883,0.1256663581146328,0.1234385317274907,0.1185871064577678,0.126122787708454,0.1664129657351125,0.1330677442675509,0.1207005593276562,0.1334243887360756,0.1376319730219604,0.1350967817742989
478,0.165767197103986,0.1254763461067081,0.1233736394983722,0.1185005812968694,0.1259586833250982,0.1661881504528297,0.1329622290948859,0.1205871960330047,0.1333312708605781,0.1374763192717084,0.13496216130440405
479,0.1656149959066144,0.1253234276008234,0.1233071635749254,0.1184098939929329,0.1258259145584044,0.1659452585697015,0.1328193371786098,0.1204915273000736,0.1332424487904238,0.137303252144255,0.13482832196167643
480,0.165477285437815,0.1251596302026395,0.1232571156239751,0.1183481828929241,0.125658310207682,0.1657189588237764,0.13272050045645,0.1204137776719828,0.1331533341363807,0.1371650229134118,0.13470721183670373
481,0.1652966010697548,0.1250090197358614,0.1232161514644704,0.1182454003915211,0.1254784812886696,0.1654985824050631,0.1325858364713781,0.1202958376398346,0.133036168748728,0.1370110476799679,0.13456731268952488
482,0.1651484533935637,0.1248475495539253,0.1231321669002332,0.1181297527927873,0.1253085474999223,0.1653006291636562,0.1324936800288912,0.1202129168009402,0.1329670595334336,0.1368760043982068,0.13444167600655596
483,0.1649979823324237,0.1247054161063236,0.1230524705586522,0.1180178650945586,0.1251355763399232,0.1650767431516912,0.1323941705669032,0.1201107261265998,0.1328755161900351,0.1367315854582418,0.13430980519253524
484,0.1648516339400316,0.1245846420245422,0.1229911160614159,0.1179632069811421,0.1249794708029196,0.1648469976962496,0.1322895274429427,0.1199631024508426,0.1327848524114189,0.1365478773684191,0.13418024271799242
485,0.1646828060686803,0.1244421436224017,0.1229381058133427,0.1178677082090132,0.1248229728374489,0.1646492732716116,0.1321925484282745,0.119832485895382,0.1326847020946351,0.1363878691034607,0.13405006153442506
486,0.1645294171326999,0.1242867775717532,0.1228685003775027,0.1177570838877464,0.124661781372,0.1644406669728948,0.1320619117975236,0.1197256421092173,0.1325723802989125,0.1362406426076124,0.13391448041278625
487,0.1643668025040523,0.1241169354688622,0.1228163486863843,0.1176169801536794,0.1245543593651915,0.1642352398578415,0.1319204045987601,0.1196125217847571,0.1324487464121054,0.136055498122444,0.13377438369540778
488,0.1642160831207398,0.1239823698160853,0.1227515273337641,0.1175201731627794,0.1244039924081809,0.1640228406725255,0.1318161058866107,0.1194987818490838,0.1323702487507131,0.1358888918381896,0.13364710148386721
489,0.1640885290467466,0.1238178084551815,0.1226864982923862,0.1174332888435857,0.1242293377100047,0.1637917852515042,0.1317013866334495,0.1193797840050295,0.1322860920570916,0.1357339911168952,0.13351485014118744
490,0.1639323813342137,0.1236618278735186,0.1226143965522091,0.1173099845665137,0.1240724905645991,0.1635813177843476,0.1315861892154116,0.1192208535516257,0.1321768049099705,0.1355905434532324,0.13337467898056418
491,0.1637594461154749,0.1234983772220992,0.1225574049052889,0.1171976393462229,0.1239284450986433,0.1633663935352402,0.1314476897212755,0.1190949565365951,0.1320558858591927,0.1354252754950626,0.13323315138350952
492,0.1636162378949427,0.1233687636612523,0.1224788717140521,0.1171115273382945,0.1237770652297651,0.1631625572870709,0.1312935639158806,0.1189894204402283,0.1319862651026193,0.1352486919109841,0.13310329644950897
493,0.1634437526227957,0.1232206235188078,0.1223869810181769,0.1170435563245979,0.1236370700441621,0.1629579965058491,0.1311658863863968,0.1188808453370404,0.1319163158520407,0.1350726366834934,0.13297256642933605
494,0.163263555958858,0.123070130774021,0.1223567962518824,0.1169304534763051,0.1234866620711797,0.1627797811237094,0.1310545954920564,0.1187469751519802,0.131792608058015,0.1349135362603451,0.13283950946183523
495,0.1631083506885083,0.1229123754668849,0.1222748252474733,0.1168483014631922,0.1233430469740737,0.1625779841657691,0.1309254380261544,0.1186534069473199,0.1316795025922307,0.1347587827738768,0.1327082014345483
496,0.1629955262734516,0.12278801238363,0.1222112842915849,0.116787011450699,0.1232219301857314,0.1623989004746637,0.1308027764876659,0.1185595361605626,0.1316259270435253,0.1346053692274753,0.132599627397899
497,0.1628400931346101,0.1226620144659671,0.1221387434845087,0.1167244050484427,0.1230898876404494,0.1622131223127731,0.1306661820296598,0.1184270883719567,0.1315235700781835,0.1344525626761125,0.13247376692426632
498,0.1627123771889881,0.122521009928666,0.1220616162658684,0.1166309490727535,0.122955631833682,0.1619693351247851,0.1305594343419217,0.118303760280947,0.1314174019475224,0.134287764757773,0.13234192807429074
499,0.1625722780358315,0.1223875019242436,0.1219979421711474,0.1165672491424457,0.1228281523973849,0.1617582663433812,0.1304237522363196,0.1181905722603664,0.1313045137557291,0.1341415009910949,0.13221717292579444
500,0.1624191076490517,0.1222910545128611,0.1219165951012559,0.1164912801457035,0.1226887704719494,0.1615536844956818,0.1302938841903441,0.1180696370718212,0.1312004591859479,0.1339696847822477,0.13208941576068645
501,0.1622678025991545,0.1221866772934804,0.1218508847742653,0.1164220731970411,0.122548219660422,0.1613210655236928,0.1301823821501406,0.1179576807403962,0.1311007534265617,0.1338459088817303,0.1319683448246885
502,0.1621782483002302,0.1220653314069704,0.1217917440177748,0.1163531425986161,0.1223847281091458,0.1611141166573936,0.130049190727214,0.1178222961157571,0.1309772011066562,0.1337166983497259,0.13184526973894842
503,0.162006034060104,0.1219202238335718,0.1217263673790883,0.1162568644189657,0.1222110941048224,0.1609188711452805,0.1299121758297075,0.117716622849683,0.1308198428939691,0.133591048791618,0.13170791453068104
504,0.1618710277314075,0.1217860898289083,0.1216476963635602,0.1161867109586279,0.1220758438066677,0.1607246793211779,0.1297807139836729,0.117603236974614,0.130735335815262,0.1334454213311585,0.1315856756115057
505,0.1617488741968384,0.1216467191094381,0.121575525514076,0.1161065120712714,0.1219413143290907,0.1605317551919493,0.1296349404050137,0.117488978655765,0.1306210662071348,0.1333131960764279,0.13146088817570054
506,0.1616127192167891,0.1215188707344435,0.1215233295045673,0.1160059709805283,0.1218467196493802,0.1603192926601637,0.1294939837667411,0.1173698693125076,0.1305188861696959,0.1331483996526405,0.13133580416474572
507,0.1614407122584158,0.1214122820755589,0.1214344996520026,0.1159759090277539,0.121682685958296,0.1601006895360603,0.1293853595720794,0.1172346601000407,0.1304098120772469,0.1329737840233676,0.1312050394280822
508,0.1612845300219225,0.1212945256809601,0.1213825975895528,0.1158845035425875,0.1215629003565231,0.1598822808851129,0.1292856881378765,0.1171332360494145,0.130287068721655,0.1328074085083476,0.1310804739493953
509,0.1611327927205509,0.1211938254015508,0.1213133981498316,0.1157951956592045,0.1214395859660912,0.1596640442509297,0.1291525905065592,0.1169722396192985,0.1301654751195492,0.1326925928940252,0.13095217402875908
510,0.1609763349172661,0.1211156428542378,0.121260807239975,0.1157144329804494,0.1212960688632247,0.1594400671938011,0.1290562181665771,0.1168479493639333,0.1301037333842141,0.1325511559374092,0.13083624109010877
511,0.1607754199094124,0.1210003811278207,0.1211618421264903,0.1156417772402899,0.1211814151890264,0.1592313737818295,0.1289651529422889,0.1167073928993346,0.1300391501923962,0.1324014527304417,0.13071053581393305
512,0.1606127193892719,0.1208815637264481,0.1210645190140593,0.1155148051094943,0.1210399116783116,0.1590388416545565,0.1288504552167586,0.1165841821088867,0.1299687950680102,0.1322423141600552,0.13057981071258523
513,0.1604448836745088,0.120699907062054,0.121028913795904,0.115385053120909,0.1209098891628737,0.1588449430670289,0.128753880912338,0.1164369753547158,0.1299052460893134,0.1321056792513714,0.13045153714910168
514,0.1602646714477963,0.120547101938352,0.1209641079078383,0.115266240378754,0.1207858957173363,0.1586253150150393,0.1286483122644884,0.1163012777522854,0.1298251642407446,0.1319353693372374,0.1303163455999872
515,0.1600852541280603,0.1204190653617065,0.1208858473461552,0.1151459452749551,0.120662710981398,0.1584302389888874,0.1285434255968046,0.1161460516259461,0.1297817370055435,0.1317928478490181,0.13018931241584747
516,0.1599295725057585,0.1202923854625051,0.1208088759600546,0.1150668720547717,0.1204939320846756,0.1582477200236918,0.1284222477216849,0.1160062117258405,0.1297032099474279,0.131639429806908,0.1300610457293319
517,0.1597568675959669,0.1201536443727596,0.1207164806026739,0.114988345502865,0.1203652701274133,0.1580667608813354,0.1283307788944724,0.1159054516825325,0.129596527287897,0.1315144366190925,0.12993945635670084
518,0.1596118409764719,0.1200285046858923,0.120643718603616,0.1149069427312775,0.1202585644897841,0.1578890939956818,0.1282060300427648,0.1157944617764238,0.1294991460076753,0.1313588870564452,0.12981971903660328
519,0.1594353118114091,0.1198980023656652,0.1205660038142508,0.1148415698824521,0.1201247343842987,0.1577127836475735,0.1280916164219059,0.1156909297895484,0.1294181817533525,0.1311885963127264,0.12969677301831825
520,0.1592686584709541,0.1197620473378515,0.1204853064297121,0.1147636522828521,0.1199816951062717,0.1575417223542111,0.1279465113625016,0.1155538703320712,0.1293582554240016,0.1310015219383349,0.1295663241038762
521,0.1590998722547134,0.1196455451358306,0.1204106091959469,0.114684765289864,0.119837112888446,0.1574080775661774,0.127799988612363,0.11544146514058,0.1292843244471588,0.1308428411357214,0.12944546016668015
522,0.1589222395137089,0.1195061635844436,0.1203567662812163,0.1146251587755023,0.1196709737897533,0.1572291249868379,0.127701328816352,0.115310180542495,0.1292065942787695,0.130733757135398,0.12932622877044767
523,0.1587306180687586,0.1193757943052504,0.1202799689573986,0.1145492465649533,0.1195398532816754,0.1570607207876312,0.1275772012316763,0.115170709326685,0.1291326688458744,0.1305695798387139,0.12919863612086174
524,0.1585491047452598,0.1192448538307749,0.1201802975598695,0.1144920246636927,0.1194368333409934,0.1568796104992398,0.1274286565348899,0.1150382326924938,0.1290412071772959,0.1304088038203805,0.12906996248648903
525,0.1583714433109541,0.1191186675206444,0.1201359692256812,0.1144319462313502,0.1193389246886945,0.1566874775673341,0.1273108510709605,0.114939298231701,0.1289570100697133,0.1302119208074371,0.12895035087244702
526,0.1581954919243602,0.1190342410270257,0.1201016271107536,0.1143367765946018,0.1192061701056515,0.1565101613286396,0.12720582721821,0.1148426048899318,0.1288589550573839,0.130081314559228,0.12883731698157863
527,0.1579964156150421,0.118927969657073,0.1200518062410182,0.1142478448350387,0.1190724404746221,0.1563578340169675,0.1270901520567265,0.1147204516309562,0.1287935447451785,0.129965716253731,0.12872241755263542
528,0.1578303095484713,0.1188260187314171,0.1200006833330738,0.1141632993205495,0.1189225401855432,0.1561816262750073,0.1269494813885256,0.1146152614060542,0.128726277448881,0.1298221994261642,0.12860376970636872
529,0.1576562159573184,0.1187148966451934,0.1199277231363652,0.1140861131485517,0.1188018217178995,0.1559965077168192,0.1268432683243348,0.1144801844798938,0.1286549228279484,0.1296849409026036,0.1284846594856928
530,0.1575064772657853,0.1186000671170514,0.1199077159525967,0.1139915293551656,0.1187010101644746,0.1558353183630865,0.1267136828657891,0.1143668100669012,0.128566780890528,0.1295589989111084,0.12837483909524866
531,0.1573190546793623,0.1184868007117197,0.119867132770936,0.1138717672617036,0.1185497825697004,0.155677271116761,0.1266139891365111,0.1142424814973684,0.1284778791677024,0.129433407729112,0.12825395666408768
532,0.1571514032602006,0.1184059065690621,0.1198240736927364,0.1138069720921238,0.1184465816941894,0.155495391459454,0.126476481025461,0.1141437025763153,0.1283918425905525,0.1293092082616179,0.1281451563221713
533,0.1569758192639031,0.1183087969006611,0.1197681848150907,0.1137314541579573,0.1183724771978751,0.1553217783167046,0.1263615552703687,0.1140510642048806,0.128302743399447,0.1291801998938525,0.12803740734207408
534,0.1568181413351905,0.1181849608084733,0.1197003713634833,0.1136842230842121,0.1182471481705195,0.1551374161934582,0.1262848895165309,0.1139701633420846,0.1282145689117541,0.1290577586266,0.12792996413523067
535,0.1566610350852558,0.1180897704949933,0.1196267959231011,0.1136350006038164,0.1181437838846122,0.1549624181593195,0.1261990377026445,0.1138866943182566,0.1281278101122666,0.128941496721976,0.12782738430062418
536,0.1565050025451701,0.1179803241418912,0.119577287511893,0.113562526628836,0.1180147833176198,0.1547969727341744,0.1260955232883795,0.1138051557298615,0.1280385848770954,0.1288250445505008,0.12772012053254217
537,0.1563286454609171,0.1178766395517263,0.1194962996808401,0.1135160062951148,0.117899969383297,0.1546368487754632,0.1259826820244951,0.1137072245263701,0.127946960176353,0.1287260269305784,0.12761173028051548
538,0.1561449073918717,0.1177672097145038,0.1194497936143342,0.113441075630934,0.1177917946147653,0.154469286236733,0.1258605597929438,0.1136011076382072,0.1278508135464869,0.1286110043959107,0.12749875525766904
539,0.155992555306459,0.1176396094496155,0.119389267262817,0.1133688661227078,0.1176673266784052,0.1542890935535871,0.1257444275834193,0.1135026897338059,0.1277255459776992,0.1285051352259194,0.12738245168944354
540,0.1558108749788958,0.1174882316509229,0.1193051874162189,0.113290811000128,0.1175629752953261,0.1541329551448421,0.1256420912834134,0.1133951545530493,0.1276291580436188,0.1283657987404348,0.127262323810685
541,0.1556258017756204,0.1173705368091043,0.1192407296328247,0.1132147250191565,0.1174597688993208,0.1539561899915124,0.1255278042157475,0.1132886880197156,0.127522393370779,0.1282378427784846,0.12714444805122657
542,0.1554549227552439,0.1172459205069353,0.1191781319468499,0.1131283425150303,0.1173636549346724,0.1538112083929024,0.1254387693962729,0.1131718733879798,0.1274106708985071,0.1281184169927786,0.1270321911727173
543,0.1552712549758328,0.1171327482697277,0.1191273911431002,0.1130774908366667,0.1172875486097071,0.1536313383410625,0.1253529129973907,0.1131073809899445,0.1272858935338652,0.1280003163310976,0.1269274276028395
544,0.1550878343267081,0.1170283654305373,0.1190239078519441,0.1130196865453002,0.1171654801525203,0.1534436135280425,0.1252538216501119,0.1129631250103581,0.1272048083496341,0.1278629168352843,0.1268053559680441
545,0.154925540652472,0.1168761514252611,0.1189703802994394,0.1129474138678296,0.1170388349514563,0.153253213603072,0.125109340001218,0.1128778571664847,0.1270901639344262,0.1277263982893923,0.12668152941910518
546,0.1547598681697262,0.1167496215407678,0.1189385907260553,0.112915479882342,0.1169192379717296,0.1530917815660811,0.1249776476328268,0.1127729177636085,0.1269503387145698,0.1275839661910966,0.1265659450158804
547,0.1546036284243905,0.116620044521557,0.1188665146129706,0.1128557670594173,0.1167914313688811,0.1529458849202662,0.124849366026572,0.1126454581990921,0.1268282580619123,0.127420907519043,0.12644272607141022
548,0.1544488672322148,0.1165049145567914,0.118802020765937,0.1127739572234162,0.116667667334339,0.152791553388554,0.1247290849112754,0.1125440320992565,0.126706084624563,0.127289492356533,0.126325767449288
549,0.1542964177250138,0.116369697760099,0.1187303832479902,0.1127040521008014,0.1165380212756672,0.1526312470007541,0.1245992543486541,0.1124465579041479,0.1266027680826406,0.1271320004521246,0.1262050399897893
550,0.1541728905091639,0.1162358398937961,0.118663352244517,0.112615051988777,0.1164240035107643,0.1524647465772753,0.1245039199466846,0.1123589220958882,0.1264786593773555,0.126958477646403,0.12608758637906248
551,0.1540435517854135,0.1160795355837594,0.1185808034092035,0.1125461619299557,0.1163327070528433,0.1522881269147728,0.1243923974907842,0.1122881812878969,0.1263855057960137,0.1268081818527942,0.1259745153103437
552,0.1539048731378864,0.1159342634000907,0.1185042301072857,0.1124812264920171,0.1162556094208241,0.1521379759664108,0.1242769105314151,0.1121622542689051,0.1262818489758891,0.1266535473394334,0.12585927396401575
553,0.1537510290566224,0.1158138998986081,0.1184441323730969,0.1124095335910274,0.1161388839406859,0.1519695800427673,0.1241606588915072,0.1120690241580484,0.1261667380968992,0.1264865896340649,0.12574100696833276
554,0.1536060572935525,0.115691574003841,0.118389133569146,0.1123429299867856,0.1160093092110182,0.1517892947654476,0.1240358048025404,0.1119424843076274,0.1260578816835655,0.1263354523677907,0.1256199921991315
555,0.1534389498910823,0.1155866748701825,0.1183428010902397,0.1122499170598493,0.1158793834450077,0.1516033593131047,0.1239142196025911,0.1118382094332314,0.1259433787446103,0.1262072829729557,0.12550041764228545
556,0.1532876442031278,0.1154954902096317,0.118268071254478,0.1121737782997324,0.1158034360871896,0.1514132998168757,0.1238048966087676,0.1117222697577521,0.125818997046056,0.1260528454618447,0.12538407287454553
557,0.153105580678454,0.1153822211954359,0.1182192465176419,0.1121054773602659,0.1156792864775236,0.1512322974832079,0.1236850516417042,0.1116223349303304,0.1257215186744555,0.125941166850648,0.12526941818096676
558,0.1529686364460285,0.1152527705322016,0.1181644383610751,0.1120133125808276,0.1155394340639509,0.151064235743057,0.1235814157338175,0.1115042062292789,0.1256058517925247,0.1258287035828067,0.12515230050655685
559,0.1528525020583507,0.1151109520172077,0.118130350776757,0.1119316541980005,0.1154144372052628,0.150882954448144,0.1234812153960248,0.1114174732306504,0.125482868983628,0.1257203872993946,0.12504247956134204
560,0.1527174863074488,0.1149925517390971,0.1180894336657836,0.1118086524831875,0.1152722143702529,0.1507234730998473,0.1233582699455973,0.1112913394039071,0.1253568076655337,0.1255788379348071,0.12491890666154623
561,0.1525646079572148,0.1148589724407318,0.1180310213035525,0.1116842096763774,0.1151594327784094,0.150551079718942,0.12327877860745,0.1111798683039002,0.1252487793156321,0.1254622029396541,0.12480189530418644
562,0.1523821947297045,0.1147328724472289,0.1179622281189412,0.1115879633957264,0.1150427213482484,0.1504019514751209,0.1231738527730917,0.1110730940973032,0.1251101348176763,0.1253379672736399,0.12468049804766812
563,0.1522041375216125,0.1145920311878229,0.1178885255902302,0.1115101914762199,0.1149152502272123,0.1502604528383588,0.1230567950259487,0.1109666827765841,0.1249796159926539,0.1252465041407265,0.12456201867773697
564,0.1520517826271051,0.114463111459909,0.1178488104250898,0.11142781117809,0.1148063297426252,0.150104098104527,0.1229315791187677,0.1108504658614975,0.1248561795196776,0.1251349938866431,0.1244475161923932
565,0.1518804553699379,0.1143360884457408,0.1177918753979022,0.1113467577579245,0.1146875558661487,0.1499331665676911,0.1227828154301667,0.1107367261241823,0.1247316301494042,0.1250441917260853,0.12432712628351839
566,0.1517110430306829,0.1142302479049674,0.117744026701327,0.1112835394862035,0.1145934977811227,0.1497619662491681,0.1226617828796071,0.1106299584060791,0.1246018224045705,0.1249108586045225,0.12421287434482506
567,0.1515562246323773,0.1140983095959453,0.1176794786374614,0.1112088007673658,0.1144605475300927,0.1495879233437965,0.1225671003518904,0.1105226885329965,0.1244866526457256,0.1248165568691345,0.12409842829067859
568,0.1513974268520439,0.1139939335516668,0.1176445926913528,0.1111517348821057,0.1143321669396867,0.1494377706038112,0.1224596633497027,0.1104032644047823,0.1243805034386919,0.1246968726942141,0.12398979294080581
569,0.1512439445449544,0.1139035420362164,0.1175991565490313,0.1111015970935918,0.1141865232595822,0.1493061111321365,0.1223450689692975,0.1102949087022187,0.1242594874897228,0.1245657473107802,0.12388060870875317
570,0.1510777097128874,0.1137944285093165,0.1175476989819969,0.1110615635106785,0.1140439573347235,0.1491359524951226,0.122254631261032,0.1102031004385364,0.1241352911989183,0.1244377918535299,0.12376921252967421
571,0.1509002113718378,0.113685055102869,0.1175047370763654,0.1109815942660277,0.1139129754026359,0.1489917757524006,0.1221532659160511,0.110098678476361,0.1240372731526888,0.1243160879485979,0.12365816544658352
572,0.1507324375061752,0.1135917470070981,0.117447870223751,0.1109184531714412,0.1137992800520568,0.1488141114238841,0.122058643449494,0.1100186445805321,0.1239451275005478,0.1242091241588835,0.12355354390738638
573,0.1505756399468848,0.113497648785828,0.1173710724692766,0.1108654263419099,0.113693666528564,0.1486701077038096,0.1219528375533501,0.1099258375638488,0.1238482634875835,0.1240909134136831,0.12344914137947385
574,0.1504354030258099,0.1133993319944249,0.1173440545423793,0.1108033843953669,0.1135830039020838,0.1485340041185517,0.1218574749568111,0.1098263672021386,0.1237407969179932,0.1239588599885466,0.1233482681044106
575,0.1502881446935705,0.1133078074147282,0.1172789411898359,0.1107548737409862,0.113460051597729,0.148372291352653,0.1217629276687966,0.1097209945267987,0.1236310155155497,0.1238337596311734,0.12324108073318212
576,0.1501264515791743,0.1132074326716585,0.1172329685767563,0.1106880728186797,0.1133412802422562,0.1482067902887381,0.1216849841027982,0.1095949922697168,0.1235125586828381,0.1237300749332219,0.12313256061658381
577,0.1499986629402921,0.1131020623886056,0.1171995972464358,0.110616311138187,0.1132287607325346,0.1480354800364064,0.1216112632456244,0.1095069845281601,0.1234243958383495,0.1235975712373603,0.12303210893319556
578,0.1498783012296816,0.1130090995342418,0.1171310734605113,0.1105330050801093,0.1131177518092751,0.1479090218454251,0.1215150922201114,0.1094201855418661,0.1233387088613999,0.123474121028597,0.12293263606112186
579,0.1497235310837698,0.1129158967295222,0.1170962407051261,0.1104579507781114,0.1130118815889135,0.1477699956926521,0.1214214905698865,0.1093326512842165,0.1232228022116744,0.1233684520601176,0.12283208927039899
580,0.1495847389349903,0.1128230434489066,0.1170459277460985,0.1103639310974148,0.1129212816393267,0.1476481068504399,0.1213249359225263,0.1092679837540696,0.1231356898517674,0.1232645733177776,0.12273802125633175
581,0.149455202050273,0.1127319377629521,0.1170063096010784,0.1103105134398323,0.1127862448730145,0.1474889156723313,0.1212282462131713,0.1091993984702902,0.1230371466610917,0.1231299588386151,0.12263738735826499
582,0.1493134376801484,0.1126328445550548,0.1169390224531176,0.1102299737673688,0.1126647351409815,0.1473786671713679,0.1211136510851314,0.1090960763024909,0.1229600680280647,0.1230259742687725,0.12253544504524985
583,0.14917807424407,0.1125276593991604,0.116896535376035,0.1101911478471188,0.1125395573964682,0.1472628702425967,0.1210489888536156,0.109023555921906,0.1228863921077356,0.122938978306508,0.12244937596952143
584,0.1490474436469971,0.1124307127170605,0.1168484510905824,0.1101024609483066,0.1124304487671352,0.1471437804689036,0.1209423685648995,0.1089176758267349,0.122815410536582,0.122799171765524,0.12234779243327257
585,0.1488973026947367,0.112318842782745,0.1168105919466268,0.110013475051486,0.1123211927412762,0.1470251719166634,0.1208508541136119,0.1088079763889101,0.1227297360539124,0.1227066313843903,0.12224817750743588
586,0.1487553914185919,0.1122166547055673,0.1167593991006296,0.1099485177389378,0.1122152311424136,0.1469004633645904,0.1207468314139001,0.1087231231827097,0.1226108550787817,0.122625837200707,0.12215023043468291
587,0.1486075194366179,0.1121122933106786,0.1167005511631208,0.1098683266145454,0.1120908052025694,0.1467436355317174,0.1206526126777123,0.1086241872482526,0.1224964725261064,0.1225257926095143,0.1220422196320835
588,0.1484476793269147,0.1120341174816761,0.1166372020811577,0.109810226782868,0.111993033616723,0.1466138997118631,0.1205402017275388,0.1085293089002529,0.1224024022160939,0.1224158992902185,0.12194239711353065
589,0.148308830907779,0.1119015648479508,0.1165860543203194,0.1097270633702964,0.111891114478621,0.1464750009100937,0.1204498600587071,0.1084273784733815,0.122326748767329,0.1222981272855328,0.12183917434200106
590,0.1481748661069841,0.1118089832478962,0.1165385465326842,0.1096633410360806,0.1117902950888704,0.1463689330818253,0.1203479981107678,0.1083324294312537,0.1222414491087542,0.1222168575388766,0.12174836992839932
591,0.1480396289849922,0.1116932920074374,0.1165043757056045,0.1096143331589119,0.1116962675670038,0.1462490282497457,0.1202301243589624,0.1082535773745706,0.122143643673747,0.1221481124544756,0.12165723835354511
592,0.1479074278764692,0.1115938647766282,0.1164533352905019,0.1095495811704083,0.1116237429822938,0.1461237617373294,0.1201603169313932,0.1081363215136303,0.1220416297881183,0.1220241064642272,0.12156140885309999
593,0.1477844388037338,0.111483543473475,0.1164275487854205,0.1094716094681211,0.1115467468629391,0.1460382238951579,0.1200781051513215,0.1080297629897665,0.1219641002476693,0.1219134181821512,0.12147374978597561
594,0.1476524701417075,0.111415788773431,0.1163854625013712,0.1094253565018441,0.1114561048731727,0.1459483972539587,0.119990724930802,0.1079151229370158,0.1218799504362134,0.1218141588875464,0.12138835372370627
595,0.147528140572967,0.1113261048635484,0.1163409871368651,0.1093521731031631,0.1113382781034414,0.1458276245255703,0.1199104665129571,0.107821152036453,0.121800281035607,0.1217194573920448,0.12129646652826172
596,0.1474065456911304,0.1112390667079768,0.1163308648610079,0.109301021140866,0.1112508209395069,0.1457209429481972,0.1197983953698458,0.1077385657143713,0.1217218011339589,0.1216208753677219,0.12121288998745831
597,0.1472834950725355,0.1111470570305797,0.116276296208739,0.1092401306159895,0.1111571725444655,0.1455984008133148,0.1196927204400165,0.1076877116901566,0.1216697827628539,0.1215072777987367,0.12112600449773878
598,0.1471468515265657,0.1110309382392837,0.1162108831395137,0.1091954777820285,0.1110618770542434,0.1454896478414002,0.1195964625933355,0.1076075294496952,0.1215851542343082,0.1213741712840862,0.12102989931444603
599,0.147043503398703,0.1109446450951519,0.1161536684503605,0.109148753198565,0.1109647870170204,0.1453855157790084,0.1194870555311092,0.1075250079709648,0.1215152528054891,0.1212348151860214,0.12094030044323936
600,0.1469163182135075,0.1108352667355741,0.1161073046112572,0.1090859064552144,0.1108543908995452,0.145242477146153,0.1193787566774823,0.1074723119914693,0.1214438637704412,0.1211325637212581,0.12084691602219025
601,0.146782052140234,0.1107374842436819,0.1160380835750479,0.108997525512535,0.110783306688185,0.145133525646581,0.1192613697557897,0.1073790805624871,0.1213767416090924,0.1209911450390863,0.12074803147727205
602,0.1466612855109663,0.1106017060270784,0.1159922359548873,0.1089151444834345,0.1106536207966812,0.1450025487191527,0.1191632107367755,0.1072938040456843,0.121294752270289,0.1208769347626045,0.12064552433075537
603,0.1465158324377721,0.1104527193748657,0.1159502621960909,0.1088600531311563,0.1105253060589161,0.1448765658605776,0.1190704341570752,0.107184050331878,0.1211691400476578,0.1207572865285378,0.12053616501245275
604,0.1463933063589898,0.1103315651424705,0.1159019488127999,0.1087857220536335,0.1104299897729227,0.1447338725438146,0.1189687017281328,0.1071106135964699,0.1210916487900343,0.1206545078178985,0.12044018766171663
605,0.1462773360071315,0.1102309132652239,0.1158442349918591,0.1087271717422565,0.1103577139312396,0.1445982779170353,0.1188838989265349,0.1070327620990025,0.1210039129591979,0.1205332719218751,0.12034894937613563
606,0.1461394403879812,0.1101386043192191,0.1157787746265296,0.1086478731489508,0.1102721135464634,0.1444685484501501,0.1188074846537243,0.1069540130126316,0.120906088485063,0.1204178427404332,0.12025307833711463
607,0.1459924104717328,0.1100533793282657,0.1157257835256085,0.1085946124154484,0.1101794168651852,0.1443338760296055,0.118737636983424,0.1069016796888192,0.1207914678746634,0.120301067895165,0.12016113310779178
608,0.1458614123463162,0.1099802912379434,0.1156791509239133,0.1085309544059461,0.1100774529255419,0.1441898087693334,0.1186629090304579,0.1068440701816102,0.1207103279264201,0.1201789914119757,0.12007153691594583
609,0.1457388960874665,0.1098882398374397,0.1156533169391045,0.1084657191623061,0.1099786271772629,0.1440553327327025,0.1185537327222007,0.1067462133626743,0.1205982883036068,0.1200728609328452,0.11997512272576091
610,0.1456098550245502,0.1097825297889978,0.115587332138997,0.1084098606619954,0.1098975134383536,0.1438956040528347,0.1184595549613217,0.106678114853822,0.1204917861938976,0.1199613871053644,0.11987735382201344
611,0.1454793747259613,0.1097063870615227,0.1155286455600601,0.1083746763182674,0.1098021444527178,0.1437586775629469,0.1183688097500811,0.1065926970223586,0.1204175224484821,0.119863406457901,0.11978923413602989
612,0.1453702732293766,0.10960439356937,0.1154816916453469,0.1083365889050116,0.1097336891082338,0.1436037712395611,0.1182628379925481,0.1065183444180868,0.1203473623308805,0.1197643040564643,0.11970232564948795
613,0.1452405969031539,0.1095202068707549,0.1154070258949532,0.1082848740037883,0.1096386419954595,0.1434329476060497,0.1181646959822973,0.1064496278088663,0.1202841280982801,0.1196261677429987,0.11960489129066018
614,0.145120316996314,0.1094199665244701,0.1153377136623333,0.1082310047432345,0.1095333886292776,0.1432801286698078,0.1180985009881803,0.1063522123842474,0.1201897411337611,0.1195039507695922,0.11950669245012184
615,0.144992750886803,0.1093029278225893,0.1152809079461431,0.1081693866132172,0.1094533103873466,0.1431312915100227,0.1180218759612881,0.1062483137545521,0.1200842548670999,0.1193736632005782,0.11940586829496402
616,0.1448936704875051,0.1092082399586277,0.1151950761404958,0.1080795458191268,0.1093723416501619,0.1429660200894335,0.1179257721214017,0.1062099096508706,0.1199950957001219,0.1192439048660102,0.1193089576483755
617,0.1448229002650451,0.1091432051956768,0.1151211969644452,0.1080258237047021,0.1092792092714236,0.1428335628648537,0.1178280327612782,0.1061467082062266,0.119906567405101,0.1191206809666746,0.11922278876054268
618,0.1447240041569819,0.1090466828040028,0.1150506876853158,0.1079660200453105,0.1091683222041024,0.1427141730654489,0.1177544674115785,0.1060946843112383,0.1198398457964566,0.1190017933819831,0.11913606808624189
619,0.144621452101488,0.1089614469538378,0.1149841008452345,0.1079097088941983,0.1090542063893964,0.1425603821722768,0.1176631229626148,0.1060264801671826,0.11977274025721,0.11888690872097,0.11904405494644092
620,0.1444982949874585,0.1088604201346245,0.1149226812372165,0.1078441387299977,0.1089672006728066,0.1424162635117272,0.1175751961255672,0.1059257439308356,0.119697791471509,0.1187474557729437,0.11894551865746865
621,0.1443715684686144,0.1087764279042215,0.1148725092542974,0.1077952705252064,0.1088824030141522,0.1422624226612001,0.1175161910559231,0.1058468803929852,0.1196086408183642,0.1186401764051575,0.11885724905001219
622,0.1442395936593123,0.10870287293336,0.1148436168053582,0.1077192516610192,0.1088113739232004,0.1421110519172848,0.1174210590891961,0.1057848028878801,0.119538984873499,0.1185053735733683,0.11876779813234783
623,0.1441299538729667,0.108624170787601,0.1148003678880879,0.1076753017376748,0.1087233191326869,0.1419689965776214,0.1173351569038571,0.1057017578911015,0.1194548216823344,0.1183856853446158,0.11867995318185476
624,0.1440183756169469,0.1085760868949339,0.1147694541566734,0.1076087144108345,0.1086219064564514,0.1418492553513283,0.117254619555329,0.1056214154042525,0.1193800427741955,0.1182691938766531,0.11859690644975987
625,0.1438954351643212,0.1084971372494121,0.1147136378977612,0.1075572273588697,0.1085358982029841,0.141742016414917,0.1171795600138902,0.1055376272218042,0.1193192718260151,0.1181660633601437,0.11851438747101187
626,0.1437605270317078,0.1084368599285448,0.1146652824494309,0.1075137450838751,0.1084679300481741,0.141594547635792,0.1171029554885468,0.105449543954289,0.1192398291585101,0.1180762873142909,0.11843075080931616
627,0.1436296477110343,0.1083464992996626,0.1146277417694807,0.1074510308909587,0.1083702598507696,0.1414395426451133,0.117006547132987,0.1053654445973349,0.1191993878721262,0.1179853440433451,0.11834214458128126
628,0.1435093924877873,0.1082739511165816,0.1145889561748414,0.1074072857330583,0.108290124901405,0.1413056759430462,0.1169198078371124,0.1052994787061727,0.119135423665762,0.1178868829353257,0.11826169795010925
629,0.1433747822821268,0.1082076881272722,0.1145667571106443,0.1073719716522408,0.1082092915268462,0.1411956930655239,0.1168165004198249,0.1052312576257399,0.119071101016469,0.1178001704473958,0.11818452132740839
630,0.1432591267000715,0.1081288480301449,0.114545232868288,0.107291880181288,0.1081158492961579,0.1410630939999677,0.1167096940509588,0.1051698719123488,0.1189931206105816,0.1176940546064952,0.11809707722563026
631,0.1431360484285615,0.1080324072130469,0.1145159786580012,0.1072829980887148,0.1080274721800708,0.1409513691609314,0.1165985652777078,0.1050783842432191,0.1189203590340847,0.1176031174256942,0.11801466997100322
632,0.1430046088777514,0.1079524064970461,0.1145024865693895,0.1072200281447183,0.1079414473212364,0.1408117911545146,0.1165033824023235,0.1049856704742931,0.1188394277426273,0.1174948082612653,0.11792560574451653
633,0.1428726855555767,0.1078918349387693,0.1144586875938272,0.1071669456458012,0.1078523909893294,0.1406823620392798,0.1163971894338757,0.1049046758882028,0.1187451047651715,0.1173604230649634,0.11783322999147972
634,0.142778321607613,0.1078004817062984,0.1144424610926034,0.1071125050186326,0.1077931084266394,0.1405514853677151,0.1163089400549985,0.1048313359280933,0.1186324347307473,0.1172723052740048,0.11775233792073458
635,0.1426269525250072,0.1077251234895635,0.1143995694191129,0.1070618764756771,0.1076824294917987,0.1404181230262813,0.1162171132460635,0.1047930428170887,0.1185441999455895,0.1171848430352415,0.11766532734714238
636,0.1425122987624575,0.1076553981959531,0.1143806325918311,0.107041067634511,0.1076149535399521,0.1402909588325363,0.1161269100925851,0.1047215986069466,0.1184533324422743,0.1170942905328101,0.11758914412318573
637,0.1423796047827208,0.1075689907125888,0.1143327745322396,0.1069874224805929,0.1075455158222852,0.140192596617045,0.1160706771238631,0.1046524283907489,0.1183932404042698,0.1169784691525137,0.11751017200188678
638,0.1422516067263524,0.1074869875212957,0.1142739444380943,0.1069546577920071,0.1074646560718873,0.1400771716084843,0.1159945777674262,0.1045881747643018,0.1183031559437507,0.1168873068937607,0.11742822395273604
639,0.1421437494008384,0.1073788770658818,0.1142261732854528,0.1069082305409409,0.1073728991298925,0.1399568190152251,0.1159182275982918,0.1045173094489129,0.1182009952585183,0.1167863099779809,0.11734095907219355
640,0.1420215943544096,0.1072928156998938,0.1141896479946892,0.1068769777678252,0.107263536501694,0.1398229288862116,0.1158320477582873,0.104441869102409,0.1181155240315573,0.1166489601948039,0.1172505902291781
641,0.1419071150249827,0.1072105615074424,0.1141563910238949,0.1068373928303954,0.1071742900437362,0.1397147551077364,0.1157651474583862,0.1043700729664442,0.118044571657337,0.1165452914810764,0.11717255891014319
642,0.1417904912864246,0.1071597978146955,0.11410887147643,0.1067762557714573,0.1070497129073959,0.1395908829151234,0.1156631865055129,0.1043101033553543,0.1179682233889704,0.116429406107775,0.11708469315291392
643,0.1416591806326636,0.1070856004344058,0.1140549836834533,0.1067371148305302,0.1069835086425521,0.1394676159879348,0.1155588362845814,0.1042608210035713,0.1178922070642576,0.1163088536942719,0.11700087222582219
644,0.1415339342409342,0.1070184099135357,0.1139997834605793,0.1067033374948907,0.106918621559765,0.1393115197481397,0.1154746784289085,0.1041715431407935,0.1178049038732577,0.1161983479708318,0.1169135079831636
645,0.1414353999243947,0.1069414803476739,0.11395295303951,0.1066657691218681,0.1068201122019635,0.1391620586163992,0.1153861103549307,0.1041090860116045,0.1177451430587424,0.1161065022109741,0.11683246148880613
646,0.1413182529091874,0.1068667770899817,0.113914337193047,0.106637646498042,0.1067396381272672,0.1390504628758192,0.1152975513405989,0.1040480874766765,0.1176682412790697,0.115984508391288,0.11675255031809777
647,0.1412122245172158,0.106810442524164,0.1138617057802254,0.10659717466997,0.1066608521605921,0.1389142942959186,0.1152049601015849,0.1040035147025788,0.1176003861973512,0.1159119166963461,0.1166777471645947
648,0.1411148821107811,0.1067341793496589,0.1138213261243357,0.1065347817200559,0.1065952123815024,0.1387976109952197,0.1151296844656467,0.103923953530348,0.1175197295663534,0.1158303254591359,0.11660016857030378
649,0.1410188539730666,0.1066758395421074,0.1137803232354021,0.106502167993658,0.1065044949172751,0.1386867542003098,0.1150342165524489,0.1038527582154016,0.1174256063494446,0.1157470830985448,0.11652280980776589
650,0.1409070971750381,0.1065953610098762,0.1137705150460961,0.1064696931532417,0.1064077397878378,0.138564042652619,0.1149513566161124,0.1037820716365921,0.1173285564371498,0.1156425434817076,0.1164418976996271
651,0.1408018149254071,0.1065129882254882,0.1137465164132521,0.1064426470103228,0.106310343965985,0.1384493541596866,0.1148748439021476,0.1037068796630369,0.1172432144425982,0.1155484207063706,0.11636370234142952
652,0.1406605006120611,0.1064325775914238,0.113708083372054,0.1064297277793478,0.1062420126633324,0.138331047125517,0.1148069941396554,0.1036391750897084,0.1171771291732321,0.1154541170198733,0.11628813645662053
653,0.1405454633092424,0.1063691700393664,0.1136859794583627,0.1063733504085028,0.1061255308846925,0.1382299893772594,0.1147366686879259,0.103550964956762,0.1171026565978533,0.115353193555555,0.11620729672755223
654,0.1404087468210939,0.106291210751585,0.1136509821384395,0.1063185224890641,0.1060277731742348,0.138111457720945,0.1146475937750504,0.1034919203978484,0.11701994159803,0.1152388923348245,0.11612070412011155
655,0.1402754577305606,0.1062254781384957,0.1136332668740489,0.1062624587892398,0.1059527558512289,0.1379982898686653,0.1145837150899657,0.1034380333593242,0.1169542593502548,0.1151572673079472,0.11604809823597313
656,0.1401552473549563,0.1061593790593565,0.113587157094421,0.1062490425007018,0.1058745216792841,0.137870810848693,0.1145035167905051,0.1033794401879082,0.1168799681761906,0.1150559490945116,0.1159715032786528
657,0.140033782499553,0.106062607512044,0.1135417595553379,0.106196861022549,0.1057857468724579,0.1377715245224935,0.1143946219790919,0.103334810460756,0.116803492551236,0.1149398154139564,0.11588650223894756
658,0.13988873835066,0.1059880595537615,0.113529289674195,0.1061644420896759,0.1056986155542995,0.1376502297903251,0.1143129012240594,0.1032653357609855,0.1167085793245495,0.1148305229960792,0.11580367143185906
659,0.1397505903249839,0.1059351446778734,0.1134892038274303,0.1061077971821205,0.105619314867008,0.1375051072416154,0.1142253186208333,0.1032186331567889,0.1166419616367936,0.1147076919735101,0.11572007635089573
660,0.1396172129850229,0.1058677624798851,0.1134731596375826,0.1060678469192375,0.1055420382113354,0.1373566620960389,0.1141292724006442,0.1031614109958275,0.1165724115150844,0.1145868295043173,0.11563746067449758
661,0.1394904671015373,0.1057910103087294,0.1134511327441325,0.1060239982478886,0.1054729672549581,0.1372181997581888,0.1140432019931185,0.103117669413901,0.116501544591477,0.1144665950462871,0.11555767864602184
662,0.1393793003806739,0.1057087093392085,0.1134259245441212,0.1059685948673096,0.1053891293950282,0.1371033339853966,0.1139536496265761,0.1030952921717893,0.1164189749882328,0.1143535969138629,0.1154796506212199
663,0.1392639086700465,0.1056399988325304,0.1134208052554942,0.1058971681282373,0.1053273336226399,0.1370087009033315,0.1138862297295826,0.1030738746862086,0.1163235639637926,0.1142306219398894,0.11540722057317529
664,0.1391785851424373,0.105593867016704,0.1134024753733886,0.1058521002841276,0.1052682180186444,0.1369028754894803,0.113793572096462,0.1030242395671449,0.1162260030940568,0.1140982492131824,0.11533401852956282
665,0.1391103817273153,0.1055409168993055,0.1133882383758297,0.1057927798939468,0.1051729825593771,0.1367527985975954,0.113737439112088,0.1029812112944955,0.1161517152413709,0.113985191725428,0.11526136554267521
666,0.1390202625871546,0.105479857726046,0.1133772936784731,0.1057148517692618,0.1050800403924456,0.1366215720886265,0.1136558905282321,0.1029285120774741,0.1160612164366382,0.113842817315613,0.1151782314599965
667,0.1389266174182222,0.1054231480517289,0.1133421383106019,0.1056576472493945,0.1049990404899718,0.1364754129932086,0.113586234922936,0.1028926081465569,0.1159778515893242,0.1137151773277617,0.11509958764997066
668,0.1388094264051015,0.1053436967435861,0.1132987855763507,0.1056196853656254,0.104939163590441,0.1363282513821789,0.1134906506095667,0.1028500106505853,0.1158997079945909,0.1135978737998174,0.11501772521178437
669,0.1386972794418972,0.1052708796197147,0.1132855778158223,0.1055573340414657,0.1048704062651114,0.1361777052110922,0.1134076897571442,0.1028050491254117,0.1158042340279337,0.1134970072030029,0.1149373162508596
670,0.1385737673303809,0.1051805589259596,0.1132605672765073,0.1055030515628185,0.1047868374728184,0.1360549027336404,0.1133291976951666,0.1027694690738168,0.1157154162029809,0.1133831752783952,0.11485569435524848
671,0.1384480733793559,0.1050747528428475,0.1132183187790155,0.1054193102164053,0.1047349398237408,0.135933345539108,0.1132543252269754,0.1027358507957157,0.1156348015106152,0.1132907880871536,0.11477445062009328
672,0.1383350173596572,0.1050071259901203,0.1131755394300029,0.1053592547197497,0.1046566543165525,0.1358313543080458,0.1131514460185702,0.1026761353104117,0.1155519163408766,0.1131982168664455,0.11469426606604324
673,0.1382143865448554,0.1049526242064325,0.1131206185319598,0.1052793657527708,0.1045771096672309,0.135710638054488,0.1130591113348722,0.1026221860520062,0.1154710491445912,0.1131125672363856,0.11461196565255924
674,0.1380942966133234,0.1048765309806486,0.1130793846874716,0.1052200618121413,0.1045134987072508,0.1355886655473152,0.1129614553757144,0.102596127381723,0.1153815000226701,0.1130009982894033,0.11453125194176617
675,0.1379837135508229,0.1048000327921757,0.1130404110481141,0.1051687929316555,0.1044505721733516,0.1354521381998621,0.1128584926812081,0.1025517139402568,0.1152767574591247,0.1128852867039324,0.11444679114805041
676,0.137894689110515,0.104739204660614,0.113010883526889,0.1051064065588131,0.1043501875253052,0.1353638337023477,0.1127555246134269,0.1025226415192942,0.1151835520850639,0.1127952867089308,0.11437222100111999
677,0.1378040840445057,0.1046707376395275,0.1129807950906655,0.1050470258457737,0.1042751898454776,0.1352569683818635,0.1126442934450042,0.1024737090634921,0.1150919962102816,0.1127060392144463,0.11429508387810376
678,0.1377016057231327,0.1045769296022358,0.1129573169521859,0.1049882556712745,0.104190194180815,0.1351490668633155,0.1125278293505023,0.1024333200053659,0.1150129033112757,0.1126060254497909,0.11421434471098942
679,0.1376183645552305,0.1045239308259866,0.1129289636828049,0.1049422779717456,0.1041061163737288,0.1350430669492851,0.1124193321710076,0.1023897439365016,0.1149424925536585,0.1125251318808167,0.11414394209007658
680,0.1375430140379067,0.1044775798561485,0.112915288656803,0.1048987001579738,0.104028931962779,0.1349302546291622,0.112287222706834,0.1023301785134697,0.1148744480361708,0.1124187948799638,0.11407044134372116
681,0.1374171061655185,0.1043952323436487,0.1128995009940619,0.104837843497837,0.1039586707638325,0.1348221675082082,0.1121833303159527,0.1022979359674172,0.1147860593148836,0.1123397210605197,0.11399375679318799
682,0.1373149027196892,0.104334916375477,0.1128803937008909,0.1047634610660129,0.1039124585164589,0.1346935604627386,0.1120945389681668,0.1022592397972654,0.1146977434741863,0.1122342905681335,0.11391855056490194
683,0.1372259254016084,0.1042713161360788,0.11286959826005,0.1047158696525774,0.1038234922290436,0.1345761897936739,0.1119947721078982,0.1022163431033391,0.1146083942732869,0.1121272771869671,0.11384291781445233
684,0.1371286868828274,0.1042035799005212,0.1128552004413917,0.1046654825224746,0.1037381934072406,0.1344568531584494,0.1119301145688675,0.1021572376705683,0.1145358213028123,0.1120156567498567,0.11376868266050097
685,0.1370350192042531,0.1041455551086596,0.1128065887131387,0.1046294961923405,0.1036487245691573,0.1343441469491077,0.1118695947871,0.1021121296557517,0.1144608404303531,0.1119247094807586,0.11369768050906201
686,0.1369443013245744,0.1040877095607935,0.1127843467217847,0.1045643642785721,0.1035705111907338,0.1342206010940616,0.1117827297502428,0.1020679676085032,0.1143660144736119,0.1118192027753038,0.11362077487781816
687,0.1368387708217517,0.1040128059922186,0.1127362340052779,0.1045127978405345,0.1034975826131331,0.1340762749191927,0.1116917029516118,0.1020440378377128,0.1142977247535378,0.1116950274080382,0.1135402959143009
688,0.1367213258353338,0.1039484728761331,0.1126839527720071,0.1044695704628831,0.1034224669839481,0.1339572099091164,0.111592749680525,0.102012678288431,0.1142200777132846,0.1115821407172649,0.11346106452389271
689,0.1366093124976635,0.1038800791224233,0.1126620277347524,0.1044032796292323,0.1033597243163995,0.1338211700760394,0.1115009262158213,0.1020008615932947,0.114128828447799,0.1114732717911614,0.1133839481424587
690,0.1365145132802345,0.1037900623612377,0.1126244401766503,0.1043681171913108,0.1032893002807628,0.1337211648983786,0.1113912411535025,0.1019616842320549,0.1140458984273493,0.1113669596960922,0.11330733816975735
691,0.1364107014046192,0.1037381645429883,0.1125876035768786,0.1043229401533209,0.1032378716012398,0.1336157450375341,0.1113139279811819,0.1018932893794772,0.1139531580381117,0.1112655352097076,0.11323389369250594
692,0.1362956001918679,0.1036465864420478,0.1125367418137568,0.1042719947205724,0.1031813118835981,0.1335082727806707,0.1112034747185212,0.1018449274863682,0.1138703245867712,0.1111495483331725,0.1131508782957347
693,0.1361594277876383,0.1035711105489501,0.1125029309081226,0.1042320141389957,0.1031188358796683,0.1334106174957796,0.1111435290854488,0.1018011043748767,0.1137892697913541,0.1110600952372392,0.11307889352480734
694,0.1360504114872077,0.1034913657017435,0.1124681518592655,0.1041908320979168,0.1030720158298164,0.1333117334224522,0.1110543907823462,0.1017599158508792,0.1137061505710607,0.1109488034045607,0.11300537710072489
695,0.1359569887923328,0.1034232300268448,0.1124345232649389,0.1041419220515814,0.1029714324476229,0.1332220330544422,0.110975824820385,0.1017107820007407,0.1136109485645347,0.1108669079525806,0.1129314592976004
696,0.1358560399636694,0.1033575813428814,0.1123872363530158,0.1040849921374602,0.1028636536025449,0.1331385045184475,0.1109077306089805,0.1016686676874405,0.1135391007138233,0.1107548088349165,0.11285583157631798
697,0.1357668775537102,0.1032615046194456,0.1123529661136704,0.10403077818568,0.1027846411437035,0.1330345493163206,0.1108325058567312,0.1016478666632944,0.1134667816174656,0.1106455186895083,0.11278239897595299
698,0.1356540190438092,0.1032114608879439,0.1123210707918062,0.1040067702252832,0.1027153757921158,0.1329205233597942,0.1107516291964346,0.1016082431790862,0.113389148444335,0.1105499428111443,0.11271281837317526
699,0.1355502603239499,0.1031226785830647,0.1122818857702725,0.1039651170337452,0.1026478117910484,0.1328023379355893,0.1106721769876055,0.1015712524253851,0.1132963515110996,0.1104654427810587,0.11263753151428188
700,0.1354280522083348,0.103071204958872,0.1122386069952033,0.1039464802835138,0.1025560264214745,0.1327105367409808,0.1106102385167277,0.101531872896142,0.1131917442829888,0.1103626833795935,0.11256474466838311
701,0.1353098265835399,0.1030089176621682,0.1121887895812052,0.1038992319071894,0.1024841297469974,0.1326050571051625,0.1105416178719755,0.1015012651163492,0.113073715763699,0.1102760501314645,0.11248886014697508
702,0.1351857865631251,0.1029386207825643,0.1121624720960444,0.1038737529533231,0.1024221290788389,0.1324920792452192,0.110473003970399,0.1014826717171146,0.1129998037048791,0.110204831813107,0.11242351519246148
703,0.1350702866809024,0.10286872934067,0.1121158852260562,0.1038577518325733,0.10233392873091,0.1323713806975725,0.1103991219508461,0.101435811318863,0.1129227286147706,0.110117434736012,0.11234930591291763
704,0.1349780552580071,0.1027904661709861,0.1120732894593021,0.1038113103409951,0.1022567170947705,0.1322662767556677,0.1103145294224052,0.1014068551207566,0.1128370119449523,0.1100167070883986,0.11227512186562412
705,0.1348822813070833,0.1027008998136304,0.1120219046277507,0.103755526412025,0.1021862014756514,0.1321386299499846,0.1102253282340417,0.1013679161596145,0.1127356927558,0.1099263530292206,0.11219407337648021
706,0.1347747111148058,0.1026717455988098,0.1119771051561231,0.1036879687557049,0.1021143442747859,0.1320131269706266,0.1101452074555489,0.1013195772502554,0.1126578812037199,0.1098491462270203,0.11212108140074006
707,0.1346730049462962,0.1026088886027969,0.1119220901296621,0.1036382858895643,0.1020592195856758,0.1319103047828171,0.1100622590244205,0.1012849299097433,0.1125793949404261,0.109770510376081,0.11205088881874833
708,0.1345532228680488,0.1025608125145232,0.1118986233676334,0.10361547653716,0.1019801985838587,0.1317944764161807,0.1099938223938224,0.1012464072552612,0.112492938183058,0.1096908751160049,0.11198268532355511
709,0.1344256065383456,0.1025129527923481,0.1118628150876286,0.1035824813657551,0.1019232811188528,0.1316923316043541,0.1099239241440676,0.1012186639644438,0.1123868649212231,0.1096298353195746,0.11191587568565933
710,0.1343115015623931,0.1024499952555414,0.1118261194819326,0.1035480025680463,0.1018494054898634,0.1315948158113777,0.1098316618775578,0.1011951846161667,0.1123152000281969,0.1095628102376873,0.11184846969287632
711,0.1342067566662027,0.1023639028063509,0.1117915680558944,0.1035213444731297,0.1017954824985885,0.1314991196450408,0.1097525611997917,0.1011566767783074,0.1122219289646331,0.1094696814593247,0.11177790225472639
712,0.1340963770166996,0.1022980520214454,0.1117596996559603,0.1035049117163744,0.1017068159399283,0.131400004091224,0.1096779124125056,0.1011193764140097,0.1121308912218003,0.1093849493487698,0.11170789898387172
713,0.133993256002158,0.1022402960229733,0.1116952930674797,0.1034737537827867,0.1016357377955327,0.1312792781637777,0.1096074538733336,0.1010956364157083,0.1120293049012728,0.1093107008305318,0.11163607108555547
714,0.1338751082181679,0.1021812339473307,0.1116284989666304,0.1034390996973364,0.1015733075444907,0.1312051042829685,0.1095448308816428,0.1010615320140271,0.1119310586813674,0.1092391743352989,0.11156789485692609
715,0.1337775743062403,0.1021196754811954,0.111595069172579,0.1034270570143076,0.1015189967749006,0.1311060343258833,0.1094748000180321,0.1010291227124417,0.1118682398844941,0.1091540204440715,0.11150705901341455
716,0.1336840039279266,0.1020795905807189,0.111553264463274,0.1033895846486065,0.1014531668555049,0.1310107387257356,0.1094190195877396,0.1009619820552744,0.11179017072167,0.1090859774085358,0.11144274989749862
717,0.1336025152784462,0.1020146240114709,0.111508996013265,0.1033753255776797,0.101391495504135,0.1309005673024717,0.10932198375088,0.1009200481998083,0.1116865305908999,0.1090057154874865,0.11137278017165433
718,0.1334994283135825,0.1019435398357217,0.1114685730640485,0.1033212967817888,0.1013342052569764,0.1308003721158803,0.1092518049821495,0.1008992612705557,0.1116127554401272,0.108922321150644,0.11130535582114746
719,0.1333946375074133,0.1018843874142399,0.1114248651227748,0.1032825754638467,0.1012485824082938,0.1306999002247157,0.1091595495493253,0.100863234666174,0.1115364840004667,0.1088327273444861,0.11123269437017362
720,0.1333054556267305,0.1018127419922562,0.1113966784036685,0.1032400185437714,0.1011781281307409,0.1305954395091032,0.1090903995665314,0.1008323132069109,0.1114541960559763,0.1087487238410506,0.11116540948767398
721,0.1331955449093287,0.1017680544311345,0.111352179363931,0.1032178111772918,0.1011123763402292,0.1305090018141041,0.1089990966531495,0.1007948534650179,0.1113698293645441,0.10865399371394,0.11109727412326709
722,0.1331103873400017,0.1017079572765624,0.1113058720203857,0.1031816874277011,0.1010541887609872,0.1304273098142481,0.1088988239783529,0.1007499138184108,0.1112942772558109,0.108570887445223,0.11103013051376838
723,0.1329958412963822,0.1016722896428886,0.1112640607997194,0.1031287001223809,0.1009889701287725,0.1303106474109469,0.1088161203926492,0.100721936516586,0.111222329691045,0.1085004070383303,0.1109621303039701
724,0.1328802833798477,0.101607287214917,0.1112333172585357,0.103078953464571,0.1009102399055105,0.1302158069357372,0.1087388491288054,0.1006801655672975,0.1111676117080838,0.1084010709065491,0.11089135854698548
725,0.1327620075498723,0.1015506838851762,0.1111808837909266,0.103041256922559,0.1008562683963671,0.130117002842849,0.1086665449755548,0.1006263211191084,0.1111005384980602,0.1083339037642328,0.11082354117447064
726,0.1326257761082044,0.1014999145889321,0.1111450935978642,0.1030239336545018,0.1007909064146322,0.1300254205270757,0.1085942262434745,0.100576587976726,0.1110581519309467,0.10825775430571,0.11075977653480676
727,0.1324915817509706,0.1014514071488373,0.1111022070786137,0.1029580426065713,0.1007552523411384,0.1299525333453249,0.1085565070683023,0.1005423586382845,0.110999099882396,0.1081698848568754,0.11069788747173144
728,0.1323753088805753,0.1013738695516588,0.1110550446342638,0.1029135997270672,0.1007098997024354,0.1298457595410326,0.1085046279128592,0.1005024273515005,0.1109382629884044,0.1081023874628689,0.1106321187752666
729,0.1322823791963171,0.1013061388495989,0.1110028843422817,0.1028703987580783,0.1006457560050863,0.1297590145398213,0.1084059010460343,0.1004587210711146,0.1108643737491426,0.1080286798890814,0.11056242474465565
730,0.1321783384107245,0.101261784625541,0.1109436613520151,0.1028386192703961,0.1006035257501219,0.1296346203341403,0.1083484481409888,0.1004137239063885,0.1107859521565679,0.107942961488995,0.11049516354358793
731,0.1320561363491573,0.1012164569992762,0.1108887612649176,0.1027877719659181,0.1005520548698857,0.1295306114341615,0.1082645889331783,0.1003695643550788,0.110717683053182,0.1078689067790963,0.11042525360038517
732,0.1319450753394672,0.1011607422874158,0.1108315274226221,0.1027479068550496,0.100519706129385,0.1294067636945975,0.1081954905112536,0.1003174129759274,0.1106462015386881,0.1077887370969088,0.11035595638513149
733,0.1318338231631382,0.1010987298877057,0.110766088006348,0.1026901073195747,0.1004517650787458,0.1292994057033665,0.1081390855347582,0.1002708681875488,0.1105740567895112,0.1077045991242638,0.11028285287949609
734,0.1317247214761762,0.1010320179766731,0.1107168151486907,0.1026423279733134,0.1004216216347804,0.1291925753658934,0.1080880536589343,0.100218659241008,0.1105046246744767,0.1076169894815302,0.11021584066314764
735,0.1316114907310387,0.1009637288352909,0.1106560670319203,0.1025671842665084,0.1003360727164009,0.1290840957181016,0.1080074310959044,0.1001735728573443,0.110425146101752,0.1075414788472029,0.11013662682014644
736,0.1314983711739943,0.100902587118464,0.1106287026075324,0.1025119876498908,0.1002664675708899,0.1289753670732322,0.1079374425994024,0.1001105744622209,0.1103528510724794,0.1074611719832231,0.11006455233113295
737,0.1313830772125077,0.1008388336229468,0.1105897641282278,0.1024513229644503,0.1002323002951767,0.1288401949316299,0.107862481768095,0.1000619009322967,0.1102845456753044,0.1073742326205744,0.10999186541512099
738,0.1312778382640267,0.100798363628197,0.110546288543581,0.1024043149953834,0.1001510572190469,0.1287256994636657,0.1077785620023249,0.0999915711656537,0.1102126571283808,0.1072870607812036,0.10991734131914636
739,0.1311592202725197,0.1007534561858437,0.1104900986157123,0.1023483129093635,0.1000831690249748,0.1286007235047059,0.1077138943777991,0.099943607861399,0.1101325137500632,0.1072142483483307,0.10984392448507119
740,0.1310308494058655,0.1007016783993154,0.1104417359583455,0.1022956762425594,0.1000161470692194,0.1284995898176831,0.1076486263527522,0.0998981448640645,0.1100804065431802,0.1071245643224945,0.10977374189754799
741,0.1309289762347907,0.1006556835875207,0.1103934260372042,0.1022774461024226,0.0999547788209727,0.1283766683089456,0.107596916495856,0.0998669688853721,0.1100047199383165,0.1070504673878794,0.10971060517992806
742,0.1308389517294915,0.1006063503106641,0.110352207762878,0.1022722866539726,0.0998969745521731,0.1282635749851381,0.1075587354957568,0.0998483941598068,0.1099397207475034,0.1069595944187288,0.10965367908161132
743,0.1307357062350606,0.1005426408894887,0.1102958654765431,0.1022415161951355,0.0998154487158699,0.1281487778777219,0.1074963496287188,0.0998014953845063,0.1098759383505625,0.1068684363036594,0.10958221750572668
744,0.1306103247579408,0.1004782377396871,0.11023662759707,0.1022123921195166,0.0997200274407649,0.1280389844617092,0.1074231644047331,0.0997725149564988,0.1098135881398511,0.1067853408242905,0.1095091202442062
745,0.130501584607785,0.1004242882700729,0.110178377059416,0.1021540699022062,0.0996485886423158,0.1279100367085516,0.1073687065088813,0.0997319260007867,0.1097466427568554,0.1067139182291283,0.10943781386859992
746,0.1304062567147852,0.1003800109829764,0.1101377515431804,0.1021100744829223,0.0995869068175622,0.1278148681997859,0.1073201792349517,0.0996888022931533,0.1096966935104106,0.1066351000078195,0.10937766437875474
747,0.1302873678115381,0.1003346657659328,0.110072253921606,0.1020762839431544,0.0995174887132037,0.1277371753400162,0.1072385399518427,0.0996546039688273,0.1096219254659864,0.10655513150096,0.10930954363830676
748,0.1301852496530905,0.1002899307214247,0.1100059369622047,0.1020191501952894,0.0994793036635168,0.1276403686305916,0.1071752232728243,0.0995980272571603,0.1095733301159792,0.1064685828497987,0.10924351033218802
749,0.1301135349842356,0.1002475494045853,0.1099450516779425,0.1019803745442297,0.0994203199655199,0.1275354771844378,0.1071206378756839,0.0995481685007425,0.1094978006300192,0.1063746036838529,0.10917835184512495
750,0.1300175007645966,0.1002142709420159,0.1099054676858732,0.1019510408958349,0.099357361180956,0.1274339365255117,0.1070675707318696,0.0995066633919852,0.1094331889757246,0.1062740525605421,0.10911610536549096
751,0.1299216422884426,0.1001460552664124,0.1098679492287551,0.1019070117711392,0.0992988081388446,0.1273471453604956,0.1070084221820525,0.0994538040844258,0.1093578057653572,0.1061968919899473,0.10905055360758724
752,0.1298195800506514,0.1000853595807092,0.1098280055367878,0.101832825524373,0.099242203326944,0.1272503075570648,0.1069415052478881,0.0994016097790226,0.10928854366821,0.1061095505782908,0.10897994908499417
753,0.1297160049923097,0.1000295638251228,0.1097675896553069,0.1017834214135373,0.0991816647353138,0.1271812771608934,0.1068785873375416,0.0993392119987656,0.109223694908494,0.1060297568165589,0.1089130772843844
754,0.1295962985437624,0.0999466757850766,0.1097206922567413,0.1017427074006226,0.099101964640722,0.1270905077315632,0.1067925192737654,0.0992831594149645,0.1091657799569429,0.1059583926093752,0.1088398697613536
755,0.1294938812336551,0.0998906064346441,0.1096623154300697,0.1016794824321283,0.0990425157743413,0.1270059770186506,0.1067136616690227,0.0992396230424367,0.1091056436553444,0.1058669909961733,0.10877006976864663
756,0.1293982539537434,0.0998167978325376,0.1096156372845078,0.1016211135644805,0.0989722046091509,0.1269295191684619,0.1066514847845374,0.0991853028105241,0.1090315055182243,0.1057627540120061,0.1086984573538174
757,0.1293105322390602,0.0997628255490666,0.1095744547026714,0.101573463016106,0.098917215780102,0.1268363838656843,0.1065982055351686,0.0991213610275208,0.1089669140292728,0.1056718768579375,0.10863332326025901
758,0.1291940969765294,0.0997165426868771,0.1095539171372553,0.1015278105128055,0.0988411602323567,0.1267378290457895,0.1065413642926709,0.099063477344963,0.1088942917696182,0.1056084078651593,0.10856788978640249
759,0.1291002429849909,0.0996619087274004,0.1095156347453374,0.1014830030573058,0.0987608955854396,0.1266325367030026,0.1064907887435313,0.0990117971281878,0.1088269499165295,0.1055167918406917,0.1085000549432417
760,0.1290022577169554,0.0996071584435935,0.1094751574609567,0.1014169244676927,0.0986902408586779,0.1265466380456913,0.1064438398050575,0.0989808402039807,0.1087450381643719,0.1054280411279782,0.10843361362949558
761,0.1289057527729781,0.0995802757934352,0.109406370300921,0.1013495650274646,0.0986123695948253,0.1264634667400936,0.106375196970601,0.0989561081028803,0.1086652303141156,0.1053493939734639,0.10836637295907788
762,0.128811425907356,0.0995250946109726,0.109376970697386,0.1013013244111149,0.098551225291732,0.1263543614648587,0.1063114158515658,0.098939411360255,0.1085988174475412,0.1052711949545771,0.10830412419973592
763,0.1287115847124657,0.0994725080932359,0.1093401558170251,0.1012439237438542,0.0984802098780845,0.1262694736767366,0.1062408560733403,0.0989010861578029,0.108547376991974,0.1051887232948274,0.10823958984393467
764,0.1286128878088679,0.0994320624408381,0.1092975752121937,0.1012037498712985,0.0984305661063237,0.126173859869902,0.1061898907278866,0.0988664628854004,0.108481997458574,0.1050970716917895,0.10817861240730746
765,0.1284985119559914,0.0993689420886137,0.1092529071017796,0.1011559167424327,0.0983800493298585,0.126103710224001,0.1061289277634647,0.0988148287662998,0.1084322820252295,0.1050302405878474,0.10811663165855183
766,0.1283929060393376,0.0992940956638985,0.1091927103285436,0.1011113796536531,0.0983373647106934,0.1260061681483184,0.1060767318826692,0.0987528068819486,0.1083822144646606,0.1049384893348907,0.10804848671086136
767,0.1282905851899284,0.0992556688635049,0.109134614047046,0.1010689866512753,0.0982875444171048,0.1259320168343077,0.1060162462075172,0.0987136121021835,0.1083416762567877,0.1048461165427876,0.1079887067112443
768,0.1281629822664231,0.0991986739813296,0.1090952254165966,0.1010168789574436,0.0982282193919988,0.1258497767146447,0.1059614023790689,0.098670381965901,0.1082948149790776,0.1047875976002166,0.10792659536527002
769,0.1280417671223016,0.0991192167296165,0.1090623901784889,0.100963461160682,0.0982021614667988,0.125743225645995,0.1058888436566844,0.0986238728481646,0.1082347042222332,0.1047429150957449,0.10786225581267099
770,0.1279399641545384,0.0990862980861557,0.1090086808962563,0.1009140880342968,0.0981384291219606,0.1256501898334549,0.105821674021224,0.0985850176398825,0.1081750890843716,0.1046783699009338,0.10779978007730746
771,0.1278301027647893,0.0990254904106375,0.1089562209219219,0.1008596769795826,0.0980807529078452,0.1255714629972124,0.1057770312348634,0.0985557124901932,0.1080896220990408,0.1046018306374664,0.10773479034435526
772,0.1277260743753591,0.0989714309854394,0.1089277327292066,0.1008089481957401,0.0980045351343318,0.1254707730766534,0.105709043272968,0.0985090215624072,0.1080150771658281,0.104525672215401,0.10766683087133348
773,0.1276017641186386,0.0989170860998675,0.1088775031612829,0.1007380708665015,0.0979413855495831,0.1254025574236324,0.1056399182089695,0.0984664435457209,0.1079582085752521,0.1044585860611606,0.10760015236106091
774,0.1274979822673809,0.0988565591680512,0.1088404828814928,0.1006906693133463,0.097872276762588,0.1253442467701748,0.1055726921826891,0.0984170817909853,0.1078941275087088,0.1044114768779451,0.10753975955233623
775,0.1273981443682441,0.0988169345112886,0.1087739314049501,0.1006390544880375,0.0978189534536946,0.1252668504527768,0.1055105810063682,0.0983818332494078,0.1078206614773978,0.1043409762632822,0.10747679206754476
776,0.1272955357768589,0.0987548046815047,0.1087415315647402,0.1005689176583013,0.0977483689476963,0.1251767268765397,0.1054775123913182,0.09833838450463,0.1077665604695511,0.1042875590636957,0.10741559019348361
777,0.127199533922423,0.0987100881138096,0.1087293119276019,0.1005208783019253,0.097713653656539,0.1251022551577033,0.1054265098241926,0.0982967964654381,0.107717640190113,0.1042535471581374,0.10736702147178831
778,0.1271134846104301,0.098660064196168,0.1087042897508348,0.1004718156302257,0.0976602617553462,0.1250169336829718,0.1053771206039046,0.0982541982200783,0.107663843374468,0.1041929816620175,0.1073114993486445
779,0.1270231002106257,0.0986166887018225,0.1086827758085829,0.1004185256097974,0.0976110999580238,0.1249315862279549,0.1053251466016472,0.0981864922524141,0.1076098609631263,0.1041382564199925,0.10725435327539874
780,0.1269254099341155,0.0985807862694763,0.1086556089019238,0.1003816955396256,0.0975575596726334,0.1248404864752488,0.1052797970537488,0.0981373144838288,0.1075589032509349,0.1040809423049795,0.10719985038865154
781,0.1268383807692575,0.0985455382009932,0.1086228918100928,0.100337144664889,0.0975098392505334,0.1247592676532633,0.1052445074254103,0.0980842916167463,0.1075058313253012,0.1040259479013472,0.10714736406178342
782,0.1267304850708244,0.0984960580048337,0.1085852124349978,0.1003007745728002,0.0974471918178555,0.1246832345708873,0.1051751048550768,0.0980328565422358,0.1074577344056092,0.1039693019968669,0.10708779542719878
783,0.1266203065032198,0.0984493013841371,0.1085227648950307,0.1002709888012402,0.097408218453975,0.124623172103487,0.1051283165064883,0.0979745721642692,0.1074116005418743,0.1038884880646144,0.1070297729418336
784,0.1265325672267742,0.0983838330108534,0.1084642776268116,0.1002169921079458,0.0973632992147747,0.1245491429063658,0.1050618034092106,0.0979231894610896,0.1073604870573861,0.1038175900883207,0.10696731821095326
785,0.1264114570481761,0.0983429284142772,0.1084134411538239,0.1001640233042871,0.0972990570477087,0.124464033187254,0.1049974440114091,0.0978540186137458,0.1073265026737003,0.1037452019361482,0.10690181073905303
786,0.1263289909856177,0.0983083880979064,0.1083750701478835,0.1001319115988621,0.0972296372270392,0.1244026828419065,0.1049378938107268,0.0978017952199377,0.1072735022522522,0.1036869716745364,0.10684768438566686
787,0.1262116818701294,0.0982509856555658,0.1083513112448962,0.1000922866078802,0.0971639391970546,0.1243338647897182,0.1048793317738984,0.0977525485841199,0.1071892237467569,0.1036498285489473,0.10678750020189669
788,0.1261131151794592,0.0982271004167819,0.1082930770443438,0.1000349700432622,0.0971032919377094,0.1242490688741858,0.1048190332673347,0.0977052572744149,0.1071145037053507,0.1035979529879233,0.1067257370730766
789,0.1260084999931211,0.0981720038308692,0.1082289525411683,0.0999601779949198,0.0970451669435655,0.1241752379779232,0.1047646434279326,0.0976447061689839,0.1070509496424823,0.1035379680241112,0.10665883065450772
790,0.1259044761868782,0.0981189652992684,0.1081741743056936,0.0998933078743822,0.0969795963299453,0.1240730781146069,0.1047126850542541,0.0975927142430576,0.1069916208531231,0.1034782630473473,0.10659188813085567
791,0.1258118492910294,0.0980516576241488,0.1081505638743595,0.0998694283736807,0.0969126752664048,0.1239910523268841,0.104644245145356,0.097538738565621,0.1069233023172586,0.1034295367364021,0.10653230495211452
792,0.1256999700901633,0.0979999846507722,0.1081178302682374,0.0998067768615277,0.0968528533439672,0.1239092249346624,0.1045807716561361,0.0974775738513422,0.1068693049005078,0.1033775632422759,0.10646918537995922
793,0.1256009894895237,0.0979449944488605,0.1080795695268688,0.0997556464520718,0.0968012791974926,0.123819360795229,0.104531169431106,0.097407798169179,0.1067845755447675,0.1033263883577156,0.10640517714128146
794,0.1255047172818257,0.0978963456304691,0.1080385170424844,0.0997115420904124,0.0967613330443893,0.1237269185246431,0.1044681580669879,0.0973439338716453,0.1067163056273575,0.1032693844747079,0.10634371556549224
795,0.1253925054533591,0.0978377140348789,0.1079858071539796,0.0996772811470113,0.0966942028452005,0.1236327529868447,0.1044094045076046,0.0972898197042516,0.1066381759886475,0.1032238245117126,0.10627814883334903
796,0.1252941527019618,0.0977786483294676,0.1079479826092574,0.0996371313248504,0.0966620230757318,0.1235512685986398,0.1043558085728067,0.0972244035763483,0.1065895337150091,0.1031917588010713,0.10622327113051441
797,0.1251954187674562,0.0977425832714411,0.1079003148187288,0.0995848064936242,0.0966173522402871,0.1234601780092782,0.1042855609310045,0.097171325802922,0.1065384112027221,0.1031247257387687,0.1061620677276233
798,0.1250830393112355,0.0977045560090792,0.1078362926187648,0.0995392235987471,0.0965624461843226,0.1233713441268368,0.1042321031816565,0.0971167709961487,0.1064843878930993,0.1030636974514193,0.10609938613713096
799,0.124978986847281,0.0976382215193723,0.1077857967763515,0.0994934838695451,0.0964947264008378,0.1233025362074317,0.1041770034912784,0.0970674238551511,0.1064238420851205,0.1030005893587754,0.10603626104111448
800,0.1248787943092698,0.0975879867104733,0.107728724028902,0.0994582742867335,0.0964444610654034,0.1232318232721873,0.1041104059985774,0.0970386477013519,0.1063494604058278,0.1029335735822786,0.10597621513610049
801,0.1247804724643758,0.0975395305406398,0.1076780702113465,0.0994043602758766,0.0963888489296202,0.123144417897724,0.1040443473036799,0.0969834734152944,0.1062990873901432,0.1028664382960805,0.10591290467247809
802,0.1246932575416478,0.0974608715782915,0.1076366811368264,0.0993664618236447,0.0963358374137909,0.1230789587765019,0.103990444959075,0.0969362665099984,0.1062549656398653,0.1027945026822995,0.10585482480619413
803,0.1245980778417872,0.0974004740642146,0.1075867924528301,0.0993422739520809,0.096286103055103,0.1229933731422089,0.1039400193532227,0.0968908197590529,0.1062054520830376,0.1027181390801693,0.10579615247837071
804,0.1245110455065891,0.0973559025960784,0.107531806671853,0.0993027922045206,0.0962424150251381,0.1228859292822321,0.1038870095840872,0.0968341411649051,0.1061579701434813,0.1026580374255338,0.10573670496044185
805,0.1244111640075821,0.0972893414907992,0.1074829626173469,0.0992768515267555,0.0961698419703574,0.1227888826664822,0.103843163729157,0.0967852007329524,0.1060929812549649,0.1026017415070448,0.10567421315034424
806,0.12432452354966,0.0972346092177899,0.1074263081660508,0.0992435847580929,0.0961121015117959,0.1227090952841949,0.1037951876076941,0.0967139369515509,0.1060412185535538,0.1025442958838701,0.10561448614842532
807,0.1242363543274783,0.097193128291874,0.1073541458371517,0.099208648790173,0.0960686691934242,0.1226135439507565,0.10373947145179,0.0966807035100934,0.1059927001228865,0.1024839620527701,0.10555713275283977
808,0.1241430855172967,0.0971593449583407,0.1072805592728619,0.0991689727152687,0.0960318575650481,0.1225400463513324,0.1036899031611802,0.0966336713273504,0.1059473061888645,0.1024276788585034,0.1055022425916047
809,0.1240519599820734,0.0971068624886918,0.107232757856393,0.0991549265125105,0.0959888509859389,0.1224575342222577,0.1036359337957966,0.0965676584553533,0.1058872496537634,0.1023828820375189,0.10544666159902975
810,0.1239674804894069,0.0970616406975898,0.1071620623091233,0.0991213454136884,0.0959291967187843,0.1223617994409156,0.1035764409986566,0.0965182574306877,0.1058397557256567,0.1023173897263947,0.1053855368950904
811,0.123870283118506,0.0970144085626074,0.1071029420754338,0.0990958152193965,0.0958831384366776,0.1222844537141023,0.1035087256805835,0.0964435852123213,0.1057757641065831,0.1022418576017536,0.10532209737279652
812,0.1237673109588888,0.096980914616504,0.1070754064940941,0.0990865812407672,0.09582003517583,0.1221973304752329,0.1034504593286726,0.0963673344733601,0.105730900801894,0.1021818462748623,0.1052658119840106
813,0.1236708878302103,0.096933340655099,0.107042666695699,0.0990694140161585,0.0957500827569384,0.1221027017483848,0.1034075442200644,0.0962916069028062,0.1056862453483171,0.1021235127943389,0.10520780029680166
814,0.1235580324275251,0.0968854665613133,0.1069895318697376,0.0990435396917541,0.0957035330528408,0.1220213431801327,0.1033603518385631,0.0962309441427861,0.1056369927394428,0.1020535426605272,0.10514832781646229
815,0.1234388280818132,0.0968445107846567,0.1069299950488169,0.0990234498990531,0.0956510057493109,0.1219394647331533,0.1033118304555453,0.0961826608505997,0.1055768071033618,0.1019734866787698,0.10508720393850808
816,0.1233493989072245,0.0967949469618999,0.1068767715365714,0.0989849716479756,0.095598561647327,0.1218564219613858,0.1032631793546036,0.096110593872718,0.1055323230095193,0.1019026717967456,0.10502698406959705
817,0.1232481540976991,0.0967500853917519,0.1068242025746313,0.0989493072769836,0.0955347854814075,0.1217610249251542,0.1032190214213,0.0960356905616681,0.1054633119999827,0.1018290533709131,0.10496146371014917
818,0.1231529387542539,0.096727245279021,0.1067677091016055,0.0989212331345216,0.0954723808122743,0.1216928129359918,0.1031726406594916,0.0959923021960411,0.1054163090128754,0.1017611497466063,0.10490767216326824
819,0.123061525842657,0.0967148900240816,0.1067163485163485,0.0988885941245715,0.0954239045890588,0.1216080370384558,0.1031131282713748,0.0959529607813318,0.1053738121494602,0.1017011255055354,0.10485543268428754
820,0.1229539877266933,0.0966887068003517,0.1066790487777518,0.0988587106345139,0.0953825705513132,0.1215379435934319,0.1030555453680551,0.0959181976332944,0.1053125040330733,0.1016407164567165,0.10480279315751953
821,0.1228511960825377,0.0966511596491079,0.1066322872660136,0.0988458019617841,0.0953660921404075,0.1214733050750322,0.1030084196647,0.0958675366109507,0.1052397091440263,0.1015877181556307,0.10475232257501906
822,0.1227500517376741,0.0966040149120486,0.1065827181796471,0.0988205738350394,0.0953124620034626,0.1213931302286944,0.1029425455899011,0.095819317539039,0.1051988475466387,0.1015169510953302,0.10469406126674752
823,0.1226633690865809,0.0965536292296275,0.1065438547486033,0.0988019349585503,0.0952582811702441,0.1213166730538087,0.1028790626614939,0.0957896707853757,0.1051504231387252,0.1014434420652135,0.10464003408982232
824,0.1225797618800621,0.0964973265967356,0.1064828766792592,0.0987755229449047,0.0952154781989035,0.1212287574450873,0.1028215296599349,0.0957552125428546,0.1051091876613449,0.1013916065473354,0.10458572601564223
825,0.1225001554019348,0.0964443339678446,0.1064216677435496,0.0987571077002439,0.095181276038401,0.1211399660790952,0.1027879564601474,0.0956901019547929,0.1050392955435135,0.1013150186651373,0.10452768795546603
826,0.1223971013924554,0.0963849398007268,0.1063773453460137,0.0987594539615358,0.0951148226922265,0.1210551398828887,0.1027289144442197,0.0956075284339365,0.1049997439188735,0.1012593388457801,0.10446843287186566
827,0.1222869275082081,0.0963283771528386,0.1063154058583128,0.0987620709708765,0.0950760175403712,0.1209662091041795,0.1026936362499586,0.0955462843216588,0.104922971433686,0.1011997853979512,0.10440976855380413
828,0.1222291183578158,0.096268880405794,0.1062645035002651,0.0987389901812856,0.0950322955345684,0.1208779566217946,0.102650937727147,0.0954969765882631,0.1048674832132634,0.101140092540288,0.10435672346704852
829,0.122133405568155,0.0962164328845706,0.1062186688240743,0.0987212663790653,0.0949915980184971,0.1208243393717889,0.1025932141962511,0.0954436659481085,0.1048327029494315,0.1010788218453038,0.1043054115985246
830,0.1220416042510834,0.0961741810974336,0.1061642077674883,0.0987085031477448,0.0949488663166178,0.1207449071272714,0.1025521558015178,0.095375269228552,0.1047741863928091,0.1010124476818592,0.10424963288123774
831,0.1219526320002249,0.0961324827731346,0.1061019478220562,0.0986855010345222,0.0949093315354193,0.1206679233495266,0.1025090583947503,0.0952899557980168,0.1047162239511564,0.1009474635295109,0.10419125201883181
832,0.1218899849738419,0.0960921448437824,0.1060585804402001,0.0986551065511078,0.0948727226769021,0.1205842860769624,0.102490629267267,0.0952330589311381,0.1046406311528511,0.1008853210285119,0.10414024659425647
833,0.121801013643626,0.0960330293381662,0.1059905518323718,0.0986285721822162,0.0948243114960145,0.1204805798907467,0.1024569345821349,0.095179420979497,0.1045869897762315,0.1008337642138008,0.10408151679348057
834,0.1217105005160514,0.0959875434867443,0.1059346412981088,0.0985885977178153,0.0947743523036149,0.1203949485889865,0.1024238484732626,0.0951166301741216,0.104552430423582,0.1007690894855385,0.10402525824678258
835,0.1216041286293884,0.0959245287125901,0.1058819124655474,0.0985732627794686,0.0947323376263412,0.1203033035156572,0.1023920291257719,0.0950794313597674,0.1044924716897577,0.1007094430992735,0.10396928490035635
836,0.1215103717854771,0.0958711284016078,0.1058297463988938,0.0985476435476225,0.0947048531133378,0.1202220654056905,0.1023720406207843,0.0950152247839516,0.1044407478036899,0.1006464947816893,0.10391603166427447
837,0.1214418247041793,0.0958025288711061,0.1057703716831336,0.0985057172639011,0.0946487893928761,0.120150653780557,0.1023424054559343,0.0949469281691983,0.1043853295138582,0.1006072893329053,0.10386018381676494
838,0.1213478052131346,0.0957598716716248,0.1057072224598548,0.0984675408818614,0.094628302113479,0.1200600461671943,0.1023035244630273,0.0949001967644333,0.1043286576092893,0.1005641614634451,0.10380673288073439
839,0.1212630636569998,0.095709695915322,0.1056648905667842,0.0984527404546901,0.0945883487215759,0.1199814234556848,0.1022378332530038,0.0948484162591249,0.1042937624952536,0.1004997372218932,0.10375399120003323
840,0.1211595207430406,0.0956529718929273,0.1055844603469836,0.0984488597086601,0.0945374295826837,0.1199166478624982,0.1021858804784561,0.0947918039621804,0.1042442295323077,0.100437503905355,0.10369593080150927
841,0.1210644220629234,0.0955983165339897,0.1055237832369214,0.0984387044615606,0.0944987968604988,0.1198405589737265,0.1021588764445937,0.0947180471908556,0.1041893492300465,0.100373460167161,0.10364043151622773
842,0.1209722425049966,0.0955635529054488,0.1054729197870602,0.0984287297013651,0.0944529619866669,0.119760850733149,0.102093320558072,0.0946647384051495,0.1041468664451549,0.1003024243809207,0.10358586074079837
843,0.1208777515899021,0.0955120586077579,0.1054211329587231,0.0983935014665201,0.0944303220833839,0.119675193594626,0.1020283156155709,0.0946126738428084,0.1040937256727114,0.1002577344186036,0.10353024098506074
844,0.1207995092504587,0.0954794604775851,0.1053677459890001,0.0983748900810148,0.0943861907829783,0.1195912644252607,0.1019723730794888,0.0945696655928034,0.1040258584393224,0.1002061162979363,0.10347730744158486
845,0.1206937942808727,0.0954454051664051,0.1053089058258508,0.0983606456843506,0.0943575468012609,0.1195240877409858,0.101945141219692,0.0945176276730362,0.1039637647068619,0.1001563127330824,0.10342732318323984
846,0.120604644603633,0.0953920043341374,0.1052462060781995,0.0983278591182015,0.0943193680136454,0.1194469204358354,0.1019016426100279,0.0944611636630932,0.1039347283727312,0.1001071582850541,0.10337416955145587
847,0.1205043335998263,0.0953516262279148,0.1051772196980663,0.0982958666752375,0.0942720540046615,0.1193874832291219,0.1018738411023747,0.0944192279613817,0.103876449171168,0.1000659331585575,0.10332240348283102
848,0.1203828518252188,0.095304822714416,0.1051283292650838,0.0982580892015229,0.0942330001311164,0.1192986078338839,0.101827345045643,0.0943688059753458,0.1038202993938715,0.1000082054242389,0.1032630356810341
849,0.1203062058608267,0.0952661219036291,0.1050844893401541,0.0982377346313796,0.0941929623632557,0.1192172648322804,0.1017953930736084,0.0943208794490455,0.1037995306977711,0.0999531618215567,0.10321737439735072
850,0.1202047336279545,0.0952349109675634,0.105046133289624,0.0982019551779988,0.0941453945135438,0.1191343414051927,0.1017531896081145,0.0942806888521174,0.1037503102635172,0.0999059488605283,0.10316576065661547
851,0.1201173578859885,0.095208656502027,0.1050070453617689,0.0981849460635022,0.0941152743308889,0.1190653632902838,0.1017170871250596,0.0942363423432246,0.1036927794034257,0.0998511174024794,0.10311959697086485
852,0.1200268619536483,0.0951440769276034,0.1049620753918445,0.0981658571066455,0.0940924894212462,0.1189938546730789,0.1016635197957846,0.0941885784381648,0.1036508910776696,0.0997724820734129,0.10306606868590987
853,0.1199240861127803,0.0951021008910015,0.1049248145166375,0.0981512089594942,0.0940627756458579,0.1189263883946327,0.101618106817195,0.0941607791739974,0.1036057499626525,0.0997114300316792,0.10301874405059282
854,0.1198187297707041,0.0950604084986832,0.1048930980809882,0.0981166959614337,0.0940440194540352,0.1188326854146697,0.1015738390786557,0.0941187201339867,0.1035403127225133,0.0996607678065446,0.10296592769222143
855,0.1197007957754226,0.0950172642265616,0.104855989922387,0.0981022467699794,0.0939881501286279,0.1187593135653116,0.1015331484021325,0.094084122337618,0.1034914606813163,0.099594787874949,0.10291272796843058
856,0.1196057337543973,0.0949837163638933,0.1048043882913008,0.0980622299510092,0.0939623292681167,0.1186836990883233,0.101497514835802,0.0940252590837715,0.1034494827161508,0.0995402016792661,0.1028614555032031
857,0.119504185908469,0.0949342904589585,0.1047404544360883,0.0980503812259654,0.0939311827204649,0.1186207553653432,0.1014581117527376,0.0939760507838799,0.1034173678081742,0.0994820284133582,0.10281148088734393
858,0.1194148767403511,0.0948985381436156,0.104695796482897,0.0980385489151947,0.0938805056006576,0.1185479291786912,0.1013981714050902,0.0939326944175083,0.1033772414322643,0.099420489948713,0.10276047922649831
859,0.1193161281782146,0.0948372575585213,0.1046608269426629,0.0980123399025598,0.0938356712007645,0.1184608989172487,0.1013478816693839,0.093865355659437,0.1033240969472892,0.0993745736850184,0.10270350306611002
860,0.1192104052332214,0.0948144606006296,0.1046202771529135,0.097980251309862,0.0938030121000643,0.1183714777683846,0.1012923610712617,0.0938291508527177,0.1032992653321323,0.0993132162669243,0.10265338776881114
861,0.119129353337277,0.0947685359843316,0.1045907272152487,0.0979572242977891,0.0937567852572306,0.1182762430424121,0.1012462377024937,0.0937664923997461,0.1032569281750375,0.099254969640677,0.10260034970522433
862,0.1190358500419988,0.094733061955842,0.1045516815390887,0.0979174351332754,0.09372371319131,0.1181861630860436,0.1012157197848587,0.0937132829705016,0.1032178779599827,0.0991829468983083,0.10254777325612097
863,0.1189588289093559,0.0946915257664063,0.1045069635580429,0.0978940851645224,0.0936731652020282,0.1181014946501547,0.1011620068786616,0.0936788568259164,0.1031606853084956,0.0991248991085137,0.10249525113720977
864,0.1188730429631593,0.0946581758783771,0.1044643403172739,0.0978818591277013,0.0936407504569488,0.1180159406665008,0.1011218386632353,0.0936184825847679,0.103117840721453,0.0990571325823809,0.10244494039617982
865,0.118780658079543,0.0945995994396948,0.1044204397499417,0.0978728342164642,0.0936088396878288,0.1179380754250659,0.1010947647023481,0.0935677101342946,0.1030826691862476,0.0989944107305901,0.10239600013520186
866,0.1186890462137871,0.0945515568518934,0.1043935160614027,0.0978597749349215,0.0935593797149871,0.11787408192781,0.1010499418724693,0.0934923749893644,0.1030470580841867,0.098935274285242,0.10234520049360643
867,0.1186045270125987,0.0945063458437536,0.1043511325579174,0.0978709916311896,0.0935238370562909,0.1178173712965038,0.1010047357931284,0.0934296612651844,0.1030090908630752,0.0988660395036234,0.10229837328232654
868,0.1184993684566234,0.0944681188642778,0.1043043039946611,0.0978496263774017,0.0934847254684457,0.1177452528639915,0.100945682709838,0.0933651095568302,0.1029583438653253,0.0988097305772913,0.10224302627346862
869,0.1184053507892835,0.0944178426517984,0.1042725081037276,0.0978305428752231,0.0934481350008412,0.1176845216364002,0.1009031456584563,0.0933106545549192,0.1029151519557946,0.0987324614546013,0.10219203146810454
870,0.1183262155835561,0.0944027298843445,0.1042354449230992,0.0977946327857317,0.0934085253376908,0.1176213948229047,0.1008567370388624,0.0932623713660792,0.1028783037725992,0.0986706512922879,0.10214570068071557
871,0.1182304801468754,0.0943765833448966,0.1041879711859765,0.0977854443086329,0.0933606703250811,0.1175589664742462,0.1008207947472371,0.0932090759331988,0.1028267635951928,0.0986096911826699,0.10209664412440074
872,0.1181371990341215,0.0943537689059076,0.1041548050605931,0.0977653241109939,0.0933237269768103,0.1174763660103741,0.1007704623783786,0.0931672084825314,0.1027791996394373,0.0985600449629676,0.10204881055621154
873,0.1180409014931056,0.0943181703575457,0.1041115353639003,0.0977550355221143,0.0932680560038734,0.1174019122644108,0.1007305460946999,0.0931135374472333,0.102732272941933,0.0984996014678766,0.10199715689566928
874,0.1179363261192023,0.0942671603748337,0.104062860226377,0.0977415351585621,0.0932299734833524,0.1173168482115922,0.1006920827433975,0.0930693159585875,0.102679545757888,0.0984513264625105,0.1019446974496303
875,0.1178418546432443,0.0942282229054406,0.1040073350124932,0.0977200206021933,0.0932126469629336,0.1172270615238201,0.1006523107870253,0.0930156777110819,0.1026583838418261,0.0983921174952546,0.10189556314853129
876,0.1177392962385161,0.0941834943278377,0.1039827747582721,0.0977139374091704,0.093177755934595,0.1171467258709866,0.100618895305909,0.0929686794038408,0.1026266796941087,0.0983471130306709,0.1018505351973907
877,0.1176396426029212,0.0941359725425677,0.1039374071559038,0.0976885189198699,0.0931453775978927,0.1170799943144032,0.1005794768268467,0.0929192919780751,0.1025751852259206,0.0982924758970281,0.1017993343061429
878,0.1175569063066049,0.0941115769693074,0.1038906698777896,0.097669095680097,0.0930945644491009,0.117021621698361,0.100531035353586,0.092876282925588,0.1025241250036201,0.0982340590701885,0.10175099373342436
879,0.1174657489720628,0.0940777810280886,0.103867918486929,0.0976618275966616,0.0930575841416802,0.1169604421469691,0.1004702668293458,0.0928315252614595,0.1024715950179192,0.0981824356078708,0.10170471250889868
880,0.1173713154733886,0.0940653149067804,0.1038384137200424,0.0976357969103014,0.093010599441524,0.1169054198952032,0.1004266674930573,0.0927718118956715,0.102419474065927,0.0981274781644253,0.10165722919663212
881,0.1172732168131864,0.0940405708197209,0.1037946580528983,0.0976088185106139,0.0929631294514868,0.1168447155145067,0.1003703637140608,0.0927250741068613,0.102381704568634,0.098073318319343,0.10160755698713123
882,0.1171947685302302,0.0939851755343498,0.1037514331461021,0.0976048179432059,0.0929170358220392,0.11679953584582,0.1003166946559709,0.092672157723215,0.102333321407666,0.098010681521156,0.1015585622129755
883,0.1171307721149658,0.0939414441477852,0.1037131417214006,0.0975798689696247,0.0928716888852572,0.1167308041149012,0.1002539921591126,0.0926237614058472,0.1022789183845249,0.0979615436603821,0.10150859355638013
884,0.1170388499447379,0.0939012581304264,0.1036700229543022,0.0975475139277354,0.0928491938445735,0.1166574118528046,0.1001923342847166,0.0925635729682002,0.1022366777437622,0.0978994888663119,0.10145563245175708
885,0.1169447457449425,0.0938604143256853,0.103632687321817,0.0975043077325284,0.0928061614012764,0.1165775558846088,0.1001468108593634,0.0925004301663962,0.102174774489321,0.0978368613540986,0.10139847492800376
886,0.1168553122256497,0.0938275506280753,0.1036018029602202,0.0974850964244277,0.0927644773997275,0.1165127985020305,0.1000859344220972,0.0924438033564196,0.1021217926022916,0.0977765550554353,0.10134751235763746
887,0.1167640753689464,0.0937818614535959,0.1035703116019296,0.0974860126836776,0.0927262819470283,0.1164523960418279,0.1000209625528523,0.0923876396276206,0.1020587869257909,0.0977073891973829,0.10129557174006525
888,0.1166638815802687,0.0937636928604374,0.1035396510238764,0.0974601007534303,0.0926827348896731,0.1163964314509061,0.0999577309749791,0.0923262431587672,0.1020030857986181,0.0976583048061903,0.10124518572971467
889,0.1165855660858986,0.0937386850892923,0.1034923128329029,0.0974588528678303,0.092642716306605,0.1163231460530291,0.0998998996475305,0.0922653056459725,0.1019667338650082,0.0975912065611919,0.10119644249552613
890,0.1164954266200663,0.0937264922738012,0.1034380563259848,0.0974510981502557,0.0926120615289754,0.1162526438520262,0.0998458985441557,0.0922017555280479,0.1019274963538561,0.0975394342596042,0.10114903634367733
891,0.1164166100565567,0.0937036992240831,0.1033963605738033,0.0974223871232935,0.0925632234276059,0.1162019814152509,0.0998157444932444,0.0921412254815861,0.1019011023575609,0.0974691832047122,0.10110315173576971
892,0.1163378825062352,0.093673947983141,0.1033315472203617,0.0974094570171303,0.0925111239913492,0.1161542199103583,0.0997711873590054,0.0920919019087513,0.1018540244735746,0.097418019709423,0.101055331207933
893,0.1162654453130379,0.0936308297632861,0.1032849224721168,0.0973752943254061,0.092475989205357,0.1160865053143145,0.0997222279616866,0.0920739694890741,0.1018342309231118,0.0973537936888969,0.1010103208456288
894,0.1162008109869998,0.0935974252866471,0.1032348230489795,0.0973583308181672,0.0924432269084736,0.1160243066775504,0.0996890870925644,0.0920437117417111,0.1017948476852586,0.0973037580371179,0.10096903282834697
895,0.1161345322552063,0.0935642388697887,0.1031917678082655,0.0973321232432242,0.0924232409936655,0.1159703642428498,0.0996414672473309,0.0920020704613536,0.1017637224172271,0.097252358066332,0.10092758856052435
896,0.1160755845460104,0.0935324612239991,0.1031483478243822,0.0973132557682549,0.0924041001008542,0.1158896832449932,0.0995868673560217,0.091954994873615,0.1017287828376839,0.0972028914291374,0.10088369692049519
897,0.1159909013448373,0.093506234909923,0.1031077781345949,0.0972685875484444,0.0923709899159351,0.1158229654454369,0.0995420934827605,0.0919225307812429,0.1016943972454204,0.0971645479746494,0.10083910267832448
898,0.1159084011184167,0.0934805588263802,0.1030517833341645,0.097227742423134,0.0923271975093931,0.1157607414773149,0.0994801081188916,0.0918674342906021,0.1016626959486002,0.0971193456103247,0.10078860086572221
899,0.1158258640228874,0.0934473796458269,0.1030177220901985,0.0971674826462285,0.092284208879939,0.1157010525670837,0.0994213699122512,0.0918071889709146,0.1016165010164897,0.0970655771968003,0.10073543469486197
900,0.1157536006474586,0.0934248227846646,0.1029880782813994,0.0971160091769005,0.0922458045795205,0.1156430159150041,0.0993855829067733,0.0917570981430273,0.1015801568438291,0.0970199746595909,0.10069141439381683
901,0.1156720317477885,0.0933848600411576,0.1029494285399681,0.0970808041935615,0.0922204495276138,0.1155733768813605,0.0993269212030978,0.0916990020419315,0.1015309756002797,0.0969602585079323,0.10063981082846914
902,0.1155854375879,0.0933863637666125,0.1028875192828952,0.0970471091162527,0.092179916000109,0.1155117510132221,0.0992835954098252,0.0916490393039441,0.1014845112781955,0.0969091019529803,0.10059243447119366
903,0.1154949530794101,0.0933526714673321,0.1028418904783939,0.0970215203263147,0.092164509303174,0.1154519513420855,0.0992386696464242,0.0916153044293234,0.1014336310112133,0.0968689678949,0.10054840689785713
904,0.1154327317836784,0.0933327377668257,0.1027945372933474,0.0969800641673114,0.0921277441347035,0.1153948583350687,0.0991904241292059,0.0915463263668665,0.1013903118875366,0.0968098809796336,0.10049996168441774
905,0.1153337571425621,0.0933081393578058,0.1027327161768884,0.0969517824289475,0.0920879608825495,0.1153451987217914,0.0991443202789892,0.0914973640073957,0.1013397561873902,0.096780117689444,0.10045211128737638
906,0.1152321410858392,0.0932786669391984,0.1026890114498974,0.0968982556313976,0.0920524824950099,0.1152969027914565,0.0991027327464624,0.0914491829710351,0.1012797404678916,0.096734679288192,0.100401379586638
907,0.1151511666344603,0.0932537426109252,0.1026441456998874,0.0968538143975727,0.0920152739384491,0.1152425058118194,0.0990615061915446,0.0913804237442192,0.1012415568233983,0.0966781675292313,0.10035223033815074
908,0.1150809630131094,0.093240203513105,0.1026188847273275,0.0968185305633039,0.0919579446076122,0.1151903760004224,0.0990321684417227,0.0913400065975288,0.1011992263056092,0.0966194861387654,0.10030977899085065
909,0.1150069962024808,0.0932204753950966,0.1025553243504353,0.0967939179334028,0.0919100821334014,0.1151310784801029,0.0989852705546225,0.0913030566599218,0.1011574615722104,0.0965625131466728,0.10026261764283473
910,0.1149405804933968,0.0931910120759437,0.1025374841536481,0.0967682446603397,0.0918582567696509,0.1150770918127987,0.0989410732000774,0.0912438484497002,0.1011131190975689,0.0965048804688611,0.10021755911819856
911,0.114867319090121,0.0931504582785513,0.1025043572208538,0.0967331902807487,0.091805365906776,0.1150224257403075,0.0988907323348553,0.0911755158064445,0.1010867904171154,0.0964664304887053,0.1001702585564479
912,0.1147958628569645,0.0931157413045797,0.1024699434841321,0.0966819317794801,0.0917582372100902,0.1149762285407359,0.0988544835512553,0.0911269946997235,0.101035019496289,0.096420748054977,0.10012351909782273
913,0.1147320417429848,0.0930759129841925,0.1024229645591339,0.0966601489320721,0.0917121014601431,0.1149376818665116,0.0988169897596495,0.0910973166476713,0.101000754617965,0.0963651736502329,0.10008210862205566
914,0.1146641823343645,0.0930468337177902,0.1023891236113763,0.0966119396128029,0.0916657640347263,0.1148865577869933,0.0987787191579391,0.0910492724758475,0.1009560948921166,0.096313848215686,0.10003623358396427
915,0.1145986128245728,0.0930076055929897,0.1023582223738742,0.0965764023395749,0.091615744355162,0.1148392098077847,0.0987374357893122,0.0910050609186396,0.100918246462477,0.0962846360520644,0.09999411765164515
916,0.1145079261743728,0.0929760157276382,0.1023107053857693,0.0965471087322922,0.0915767898405496,0.1147888101431563,0.098684025627305,0.0909447072738025,0.100882224397915,0.0962149832253268,0.09994332965281277
917,0.1144265229154392,0.0929463693170991,0.1022677705359464,0.0965343424294423,0.0915538583432132,0.1147262327843543,0.0986380872250613,0.0909006207674943,0.1008510916123226,0.0961671478202228,0.09990120437505956
918,0.114335901356923,0.0929037422425327,0.1022237047706008,0.0965089595695138,0.0915256637320392,0.1146629733474264,0.0985855685342785,0.0908431661380751,0.100806764848681,0.0961082414733918,0.09985046860134623
919,0.1142723504380089,0.0928705349533711,0.1021798668218504,0.0964805604883146,0.0914957396331073,0.1146028572889916,0.0985427589818232,0.0907933721989672,0.1007503175846828,0.0960574149161043,0.09980457733052214
920,0.1141955311469901,0.0928262093737869,0.1021216013538365,0.0964452801204589,0.0914527083083014,0.1145330809811469,0.0984860972047698,0.0907569120320906,0.1007085276706963,0.0959943843554749,0.09975203325475523
921,0.1141145259747148,0.0927922879994019,0.1020740742150768,0.0964166386557813,0.0914166046750416,0.1144648695799523,0.0984127798214547,0.0906943759261669,0.1006705006284535,0.0959433305932216,0.09969999880692654
922,0.1140285551372181,0.0927679794680354,0.1020254075513456,0.0963830913246772,0.0913881758588866,0.1144113059341584,0.0983709156228022,0.0906535060981311,0.1006261695525499,0.0958861943021354,0.09965413008499399
923,0.1139547191846779,0.0927116425790863,0.1019823692124497,0.0963634731599734,0.0913660121774714,0.1143629837825791,0.0983156133564325,0.0906051234397837,0.100584039247937,0.0958274577849253,0.09960734339253163
924,0.1138893009884303,0.0926718851547762,0.1019350853580923,0.0963264476691095,0.0913234342103514,0.1143028278335421,0.0982672212145375,0.0905707377501828,0.1005499721618036,0.0957757657851452,0.0995612678125971
925,0.1138059661386506,0.0926461917056039,0.1019064146374506,0.096274677247547,0.0912999652036722,0.1142420262592247,0.0982243919993939,0.0905212626098396,0.1005050795928772,0.0957203266586728,0.09951463020529325
926,0.1137349007248418,0.0926210183479506,0.1018728525263422,0.0962376185279312,0.0912820917134742,0.1141712418976297,0.0981776256109454,0.0904948994454118,0.1004682634436893,0.0956533424797719,0.0994713854717988
927,0.11365707192989,0.0925891166233807,0.1018491719913797,0.0961919323933886,0.0912633497740115,0.1141172809526723,0.0981390819204368,0.0904469238170045,0.1004279685763268,0.0956117180355305,0.09942936160140214
928,0.1135883005426598,0.0925431549425789,0.101822443318611,0.0961494657765453,0.091221963751533,0.1140675022846441,0.0980778116040775,0.0904147802607975,0.1003821300681747,0.0955767792363214,0.09938443317859431
929,0.113517202253265,0.0925105814130027,0.1017859769898152,0.0960960337171671,0.0912039412214389,0.1140250316185854,0.0980451622511749,0.090359364320366,0.1003359872491748,0.0955176612975525,0.09933969423315425
930,0.1134457882817135,0.0924932173141118,0.1017487516755005,0.0960671630711172,0.091166386213983,0.1139763205655245,0.0980002494998234,0.0903021264455124,0.1002831786219501,0.0954724385211496,0.0992955620210386
931,0.1133607617973203,0.0924676098982045,0.1017232473505149,0.0960246424803547,0.0911533137726084,0.1139346936134335,0.0979593259836536,0.0902621698416091,0.1002321798256799,0.095412434142183,0.0992530378705562
932,0.1132906045537816,0.0924467767099034,0.1016750682748134,0.0960087905164428,0.0911185623831362,0.1138876606446793,0.0979335943444256,0.0902058997486322,0.1001858452663026,0.0953526178797328,0.09921054203218499
933,0.1132305033706327,0.0924077487289271,0.1016368130155785,0.0959867878869609,0.0910797635577567,0.1138254577664358,0.0979062872369371,0.0901676797326797,0.1001526697205912,0.0952862770322146,0.09916799880487143
934,0.1131543259691062,0.0923677718548438,0.1016001931479363,0.0959712737654679,0.0910446767481032,0.1137668758255961,0.0978677073541939,0.0901081094038401,0.1000954439193394,0.0952163361556743,0.09911927141441011
935,0.1130642625500199,0.0923465374027441,0.1015632983944077,0.0959416952364399,0.0910071385789765,0.1137123970417742,0.0978317164221017,0.0900688729841829,0.1000491881918475,0.0951589142973719,0.09907440210998664
936,0.1129778320154341,0.0923097615452718,0.1015183080778553,0.0959142056596394,0.0909733562526858,0.1136446732924308,0.0978006926348642,0.0900205485374114,0.0999926450847912,0.0951219776514786,0.09902740007518626
937,0.112892372948695,0.0922944749931655,0.1014791669781279,0.0959114369676447,0.0909371034245415,0.1135740367124194,0.0977734786506779,0.0899690330084884,0.0999619967467018,0.0950515780095422,0.09898446784400043
938,0.1128172223849431,0.0922500377991285,0.1014246069188993,0.0958791398113821,0.0909166658882215,0.1135212204846297,0.0977369606241774,0.0899263172771256,0.0999216201813035,0.0949947789027008,0.09893885702725115
939,0.1127319538984637,0.0922265465535831,0.1013857809531444,0.0958701633945888,0.090889685958063,0.1134478847691309,0.0977034100925619,0.0898831355495626,0.0998780055033155,0.0949234180807909,0.09889399847532046
940,0.1126355484004143,0.0921943779308276,0.101335861087729,0.0958717088604655,0.0908556803650584,0.1133802355343027,0.0976548325821082,0.089842570295833,0.0998386001215591,0.094855626420918,0.09884650415992158
941,0.1125547105436832,0.0921675735209508,0.1012885321711017,0.09585454552205,0.0908107377164408,0.113312113413698,0.0976149868735171,0.0898029156358747,0.099786525205921,0.0947982588452832,0.09879908994485205
942,0.112475736737133,0.0921309631537849,0.1012485205451454,0.0958384729212021,0.0907909365997184,0.1132643777840206,0.0975714017749111,0.0897652991963633,0.0997450332352015,0.094725899007291,0.09875566409547712
943,0.1123990816166477,0.0921176207411538,0.1012092106740556,0.0958438095626193,0.0907679017620776,0.1132136582728951,0.0975390285505986,0.0897203964627868,0.0997110596559883,0.094667381116655,0.09871891484154778
944,0.112321627420243,0.0920996856210304,0.1011710769379071,0.0958378919205459,0.0907370975568794,0.1131593484625068,0.0974994441088509,0.0896755283902975,0.0996562240805703,0.0946133618787091,0.09867712863775405
945,0.1122556732677534,0.0920714974088554,0.1011431170406307,0.0958177442055389,0.0907203537493651,0.1131174419443006,0.0974623840102315,0.0896409039967734,0.0996260170327323,0.094570548998076,0.09864256816542574
946,0.1121756095278206,0.0920436054035644,0.1010979286389387,0.0958110415901248,0.0907068872777972,0.1130870071894942,0.0974295199527468,0.0895959185826254,0.0995917619770369,0.0945106051422533,0.09860498852824023
947,0.1121092615773221,0.0920051216366015,0.1010578291839601,0.0957790310935628,0.0906954717211455,0.1130589893833683,0.0973923956549236,0.0895389170973631,0.0995503456896717,0.0944711283004753,0.0985658491338394
948,0.112033083494482,0.0919839526644376,0.1010012973244298,0.095742602983491,0.0906761070922817,0.1130183313472196,0.0973732974751722,0.089489401893342,0.0995113785040928,0.0944023020005481,0.09852317547794967
949,0.1119663433783088,0.091956891651672,0.1009682668423987,0.0957157196297107,0.0906494843838811,0.112977940422549,0.0973269928070278,0.0894422280969026,0.0994698695153847,0.0943351697934849,0.09848089065213203
950,0.1118882113309914,0.0919327674871075,0.1009270286418703,0.0956925883380049,0.0906319207492981,0.1129056353973864,0.0972921984588684,0.08941255308228,0.0994274484946277,0.0942720234926977,0.09843823754731323
951,0.1118133378368445,0.0919173192399775,0.1008780790147888,0.0956767392844946,0.0905977631926613,0.1128365519640064,0.0972712670766691,0.0893570397751727,0.0993877281748395,0.0942337314737264,0.09839695570331808
952,0.1117364921633357,0.0919080692245793,0.1008345572937477,0.0956558411251374,0.0905861701746108,0.1127790152860656,0.0972352484272457,0.0893128706468471,0.0993563764697698,0.0941898603875466,0.09835945011988857
953,0.1116580209872783,0.0919135427546177,0.1007904105139728,0.0956291750132584,0.0905571141180037,0.1127120599606782,0.097205538033744,0.0892606008007548,0.0993091095750779,0.0941199213041136,0.09831554930614994
954,0.1115782197496523,0.091882112437956,0.1007492952273419,0.0956068277847212,0.0905519514184752,0.1126521283793177,0.0971596741732264,0.0892080448977311,0.0992783855824134,0.0940598887689279,0.09827265284197631
955,0.1115062393379281,0.091851700489425,0.1006944235930822,0.0955851649155133,0.0905258596748189,0.1126027016818858,0.0971090860511208,0.0891549001023413,0.0992321507404582,0.0939972604775631,0.09822594870641367
956,0.1114359407709179,0.0918106142802739,0.1006532763485871,0.0955639427237967,0.0904944201772688,0.1125512908359387,0.0970684417040871,0.0891204136606558,0.0991988221402644,0.0939450110977142,0.09818421737395047
957,0.1113681227500868,0.0917760972817593,0.100612695803078,0.0955402617726561,0.0904733863636779,0.1124997413767623,0.0970132504624058,0.0890785232590825,0.0991610993561303,0.0939053038557138,0.09814284822813528
958,0.1112929207721586,0.0917332177896626,0.1005598546126013,0.0955106363209041,0.0904448257812507,0.1124432690462482,0.0969781541556439,0.0890422674576639,0.0991216569385598,0.093842907731921,0.09809697106066143
959,0.1112191128696223,0.0916917791296812,0.1005216052870437,0.0954818551340766,0.0904110438404788,0.112383066898037,0.0969326404576259,0.0889860604822378,0.099085008626169,0.0938045218800209,0.09805166946049931
960,0.111140488349266,0.0916491319840301,0.1004560407801014,0.0954395164918665,0.0903720169057578,0.1123251653465027,0.0969026800296617,0.0889487322703129,0.0990238624305033,0.0937487260540973,0.09800063606420997
961,0.1110704237658366,0.0916160382852386,0.1004097184589254,0.0954014657189367,0.0903258392594905,0.1122894861456556,0.0968541074594907,0.0888827102599017,0.0989908099376609,0.0936927859845688,0.09795333852757054
962,0.1109797656690668,0.0915665116967908,0.1003821156228542,0.0953797393735642,0.090298428805148,0.1122353897445788,0.0968239745663774,0.0888189634924505,0.0989519857526421,0.0936322581689239,0.09790691328923966
963,0.1109274413329491,0.0915190597646203,0.1003468430177333,0.0953622849015495,0.0902626989159206,0.1121872001174301,0.0968015139946571,0.0887715031989409,0.0989078746484895,0.0935663173530355,0.09786527372453258
964,0.1108687249840292,0.0914737384653457,0.1003153673206215,0.0953572727815695,0.0902271487875144,0.1121402375659116,0.0967707784196825,0.0887484216763869,0.098880650246768,0.0935154556129364,0.09782977958607655
965,0.110782225115097,0.0914453723826156,0.1002683798902909,0.0953238473345373,0.0902163178293167,0.1120816391539874,0.0967282833610949,0.0886984348089238,0.0988462044924666,0.0934570548409179,0.09778477592092481
966,0.1106864514724991,0.091421954053209,0.100229084385805,0.0952973873973117,0.090195623339173,0.1120239432975316,0.0967153111172166,0.0886446497601291,0.0988254704019531,0.0934095880651305,0.09774494632899586
967,0.1106054154473416,0.0913886862965348,0.1001951000766799,0.0952614883123536,0.0901666437553359,0.1119784095786946,0.0966681201182983,0.0885852117873042,0.0987913420053673,0.0933649337192076,0.09770053510971179
968,0.1105316309150308,0.0913529040560709,0.1001559730032325,0.0952303716904735,0.0901320237559647,0.1119321905561231,0.0966400275213555,0.0885381961076515,0.0987567727197948,0.0933183477652035,0.09765884380909008
969,0.1104715595327051,0.0913111484916225,0.1001077477639849,0.0951971076005359,0.0901065980228041,0.1118781763125113,0.0966011922133229,0.0884887065219702,0.0987310866111751,0.0932675962104586,0.09761609192810908
970,0.1104170626208342,0.091284563342914,0.1000574211865185,0.0951724950149326,0.090071757395911,0.1118051606185169,0.0965520348515507,0.0884320205327905,0.0987133379261843,0.0932101470002486,0.09757160004904013
971,0.110340094027841,0.0912420659564713,0.1000159375266936,0.0951376941417352,0.0900280840197515,0.1117491314827391,0.0965198580744426,0.088400813510534,0.0986906376961718,0.0931552427609631,0.09752795591973432
972,0.1102756463988652,0.0911990353289165,0.0999836400395548,0.0951117900765002,0.089995678230062,0.1116909335295025,0.0964697277503925,0.0883659104777598,0.0986579237799775,0.0931127083140697,0.09748629939256007
973,0.1102030293849249,0.091173983255381,0.0999442322150468,0.0951026751270446,0.0899621266911818,0.1116441323753538,0.0964346601481199,0.0883166939530157,0.0986260335750969,0.0930687387097748,0.09744763054349402
974,0.110123310980698,0.0911602592325168,0.0999130757794233,0.0950773930206641,0.0899375867722906,0.1116026141753404,0.0963906228866203,0.0882603857174577,0.0986007884416666,0.0930232872762758,0.09740893242829538
975,0.1100439894110459,0.0911288231423917,0.0998791856669943,0.0950548753390029,0.0899147313924561,0.1115552487938229,0.0963635192303563,0.0882043443246978,0.098560962771984,0.0929724067893937,0.09736780868621456
976,0.1099707283558882,0.0910973569594094,0.0998360680657766,0.095034871714252,0.0898756434090201,0.1115073085958056,0.0963348325292137,0.0881535161366893,0.0985300921697177,0.0929187752106921,0.09732591931464647
977,0.1098984910229818,0.0910737739018699,0.0998007156408432,0.0950139374065895,0.0898338384254007,0.1114610600453946,0.0963052231783336,0.0881055846077514,0.0984961318767007,0.0928627314886449,0.09728514875945102
978,0.1098261502119173,0.091040946654673,0.0997582767807591,0.0949908015897563,0.0897919099573535,0.1114032943863894,0.0962841768612716,0.0880466505036612,0.098469377230164,0.092817139314226,0.09724287234901714
979,0.10975569542474,0.0910228297785508,0.099721750352491,0.094966076824862,0.0897488926393427,0.1113488570352306,0.0962662151098409,0.0879877188109755,0.0984518492858666,0.0927499627266945,0.09720198479885947
980,0.1096909431581637,0.0909838386701415,0.0996854356519912,0.094952406788103,0.0897211444852953,0.1113108014439133,0.0962339614380376,0.0879369472657019,0.0984344649641629,0.0927074799957699,0.09716574238612803
981,0.109624955726437,0.09096967996882,0.0996498380967541,0.0949455613920361,0.0897125646542511,0.1112565473037922,0.0961999658646033,0.0878725213108477,0.0984157338225779,0.092657944101287,0.09713053122414064
982,0.1095653595005998,0.090929169627316,0.0995931403423522,0.0949160558870046,0.0896758307060557,0.1112149477725292,0.0961527160521232,0.0878276124642408,0.0983845083278517,0.0926136817280924,0.09708730224081655
983,0.1095053529656577,0.090909012826136,0.0995458264340338,0.0948841841244566,0.0896481680603567,0.111169498977138,0.0961150513437543,0.0877667517713669,0.0983617451041431,0.092563909668772,0.09704695012758152
984,0.1094446704200518,0.0908918809211053,0.099522975652607,0.094863212664674,0.0896287254837558,0.1111367382405848,0.0960673152319817,0.0877187218725794,0.0983168374558303,0.0925219693061419,0.0970113047249312
985,0.1093833995738295,0.090865824615382,0.0994797792017935,0.094842628496911,0.0896204583001164,0.1110814356889938,0.0960341537587366,0.087663624407817,0.0982879938653175,0.0924735544099938,0.09697328523188911
986,0.1093109294253208,0.0908372280405008,0.0994306031093472,0.0948209999399031,0.0896102467842048,0.1110202916307083,0.0959994810301948,0.0876341437967596,0.0982573963219148,0.0924363392032496,0.09693576592821038
987,0.1092478478238935,0.0908010194911921,0.0993818445751868,0.0948008243880433,0.089590559806885,0.1109713049622708,0.0959744905393769,0.0875801305155137,0.0982398460105207,0.0923724418186731,0.0968960309931556
988,0.109173686031909,0.0907782210677409,0.099344909025439,0.0947785201399042,0.0895768368947915,0.1109049148731126,0.0959303326737669,0.087526691564624,0.0982205356271104,0.0923095975800119,0.09685442454784103
989,0.1091095952653105,0.0907565353149158,0.0992983349334264,0.0947461262180311,0.0895400652161819,0.1108409044519335,0.0959078363917068,0.0874921313339295,0.0981952528064219,0.0922593885243613,0.09681461704562186
990,0.1090290628395581,0.0907209682723764,0.0992651363575519,0.0947299892196335,0.0895104624948402,0.110783114723155,0.0958685357158576,0.0874406667861251,0.0981520751726202,0.0921915607195369,0.0967691572301255
991,0.1089479892408697,0.0906940602002987,0.0992176928794802,0.0947022995851621,0.0894745309633775,0.1107253887392788,0.0958332644559064,0.0873982446659029,0.0981230410306271,0.0921455199678918,0.09672620317287951
992,0.1088946291723603,0.0906595283827105,0.0991739381062096,0.0946897755094156,0.0894478593211611,0.1106765446115495,0.0958038664570359,0.0873487170096841,0.0980792493083453,0.092094230866231,0.09668683387447029
993,0.1088222668825973,0.0906276727997094,0.0991203665505104,0.0946649265456038,0.089425222630455,0.110632164833546,0.0957506819555739,0.0872895302187136,0.0980549380561322,0.0920429101965469,0.09664306806693884
994,0.1087620042382491,0.0905997152544009,0.0990799973345328,0.0946426931516261,0.0893999223649532,0.1105838796835719,0.0957103604345829,0.0872344570469746,0.0980208137615343,0.0919833553601536,0.09660171986305793
995,0.1086849613281181,0.0905803466117964,0.0990345711277832,0.0946362215077238,0.0893558290281575,0.1105424315490923,0.0956733830157557,0.0871966794820363,0.0979955320664585,0.0919305029680175,0.09656304586849393
996,0.1086106180609574,0.0905479701813953,0.0989948784170862,0.0946155874182071,0.0893339575732984,0.1104864942798158,0.0956312072119976,0.0871485565103434,0.0979653016376859,0.0918743781773029,0.096520894946809
997,0.1085636538948877,0.090525643867345,0.0989499667901839,0.0945961030645608,0.0893075453760782,0.1104373723816988,0.0955816704318913,0.0871086796303644,0.0979333268291152,0.091844766173578,0.09648487284397031
998,0.1084980705878202,0.090516060262244,0.0989138470187887,0.0945904701321207,0.0892843476321853,0.1104015966249343,0.0955567956911927,0.0870670565067979,0.0978957269925358,0.0918062536344022,0.09645302250830218
999,0.1084370740672541,0.090492660209091,0.0988841288735987,0.0945830460398831,0.0892521623977764,0.1103592172407347,0.0955143558500404,0.087030103995152,0.0978689381697881,0.0917463213716053,0.09641680082149238
1000,0.1083702965417399,0.0904807484780694,0.0988565792373623,0.0945710357246729,0.0892216375876407,0.110324491063054,0.0954683796497057,0.0870035686428626,0.0978314162073552,0.0916936933596932,0.0963821846492156
