Timestep,mc_1,mc_2,mc_3,mc_4,mc_5,mc_6,mc_7,mc_8,mc_9,mc_10,mean
0,0.0,0.0,0.0,0.0,0.0,0.0,0.0,0.0,0.0,0.0,0.0
1,0.3472716049382716,0.3523880597014925,0.3373690773067332,0.338002421307506,0.359455205811138,0.3363089005235602,0.3429427083333333,0.3174220623501199,0.3460173697270471,0.3210049019607842,0.3398182311959986
2,0.3447719087635053,0.3409999999999999,0.3359770808202654,0.3329448909299655,0.3518037602820212,0.3274368686868686,0.3392574257425743,0.3205466970387243,0.3499401913875599,0.3173013048635825,0.33609801285150664
3,0.338755905511811,0.3313214013709063,0.3305396825396825,0.3162295081967212,0.3425076219512195,0.3173114754098361,0.3348862713241267,0.3082105263157895,0.3445501183898973,0.319878431372549,0.3284190942382539
4,0.3324136922176711,0.3259561304836896,0.3237017543859649,0.3005682436106579,0.340952515545506,0.3095341981132076,0.3209928443649373,0.304537088678193,0.3400988372093023,0.3145603751465415,0.3213315679755671
5,0.3302105506709857,0.3274610591900311,0.3198670088660756,0.2940012970168613,0.3371559838637383,0.3037724965389939,0.3178154425612052,0.302235736399823,0.3314792626728111,0.3125209302325581,0.3176519768013083
6,0.3279425287356322,0.3238041085840058,0.3157674328009349,0.2860220014194463,0.3285505368382081,0.300130336229694,0.3149145299145299,0.3020482809070958,0.3190083745717548,0.3143764523625097,0.31325645823638115
7,0.3263462804476629,0.3226807039597738,0.3110233722871451,0.2826463524467126,0.319640378548896,0.2997321428571429,0.3138229442970822,0.300358596930786,0.3073246753246754,0.3141327551701134,0.309770820226999
8,0.3238978649740335,0.3231645569620254,0.3080870712401055,0.2809025787965616,0.3139759202878494,0.2986686879823594,0.3160283586364938,0.302401596476741,0.3018819031435854,0.3128781636256622,0.30818867021254176
9,0.3199041947177627,0.3265611918246738,0.3068393511250654,0.2779753966429064,0.3127146371463715,0.2961900746807998,0.3160643127364439,0.3005400440852314,0.2964624306606153,0.3126902678334659,0.3065941901453336
10,0.3178954802259886,0.3262001781340459,0.3078918791312559,0.2747865727310402,0.3080407663176653,0.293828308744922,0.3194328965205604,0.2998555040811824,0.2925528769615647,0.311078953741826,0.3051563416590052
11,0.3148508108108108,0.3283496232946447,0.3063131313131313,0.2745064983989452,0.3064810306350172,0.2912002297090352,0.3211671763506626,0.3004682173651494,0.2924057095228173,0.3083259275716507,0.30440683549718645
12,0.309394,0.3283958372398275,0.3065063341250989,0.2759130284130283,0.3043304656816906,0.2904360313315927,0.3219083472764454,0.3030963766783152,0.2904302213666987,0.3057871419740367,0.3036197784086734
13,0.3059621099554235,0.329257252708843,0.3071283659166359,0.2790368294635708,0.3041335301267581,0.2940551306564691,0.3226330652062296,0.3059329247531495,0.2898044293623861,0.3049846449136277,0.3042928283063093
14,0.3050295292687163,0.3304727746984024,0.3063297688858226,0.2829124629080118,0.3037800129785853,0.2958077994428968,0.3254067742956631,0.307230695900858,0.2894257095158598,0.3038307249505307,0.3050226252845347
15,0.3060441701851251,0.3312881097560975,0.3041684193496198,0.2880716063035665,0.3044682309919244,0.2984070434070433,0.328270477312905,0.3100341854934602,0.2914674509803922,0.3052709109380291,0.30674906047181627
16,0.3102531549338604,0.331610387752182,0.3014782740808265,0.2935738276708436,0.3048034151241211,0.3012549546093849,0.3312498276575211,0.3120818754373688,0.2935703714666272,0.3086572890025576,0.3088533377735293
17,0.3149328571428572,0.3335660275452337,0.3005261274158911,0.2987230063940161,0.3083672362354217,0.3044068816169394,0.3361278390655418,0.3135763384005287,0.2979487538504621,0.3127422758100979,0.31209173434769893
18,0.3188984186545161,0.3352146416251437,0.2986319481921208,0.3036061496721682,0.310754376930999,0.3068195166026655,0.3393340276926846,0.3165177677677677,0.3012779255319148,0.3158665906499429,0.31469213633199233
19,0.324035552193646,0.3353915626136501,0.2976487107480214,0.3080023414218816,0.3143312179643641,0.3090927011188066,0.3427571610808303,0.3192909651410956,0.3024191912789961,0.3214792340884574,0.317444863764975
20,0.3284819106171672,0.3374293915040184,0.2970481490442778,0.3122204376631198,0.3193807977736548,0.3117874396135265,0.3449527056753189,0.3228912407115514,0.30659532135536,0.3282545663558563,0.3209041960313851
21,0.3329677956690727,0.341026707530648,0.2990337001375516,0.3173077654215379,0.3249900651286013,0.3130068532267276,0.3475138381201044,0.3256115879828326,0.3112135476463834,0.3342773272000968,0.32469491880635565
22,0.3371652391894714,0.3449832950511589,0.3010731388767958,0.3211905191059842,0.3310425218398063,0.311665167730911,0.3474901107594937,0.3298141719420053,0.3162509568069983,0.3407128099173553,0.328138793121998
23,0.3425473372781064,0.3484146827373244,0.3041750544775345,0.3270253489766208,0.3357427882199216,0.3097239211688753,0.3483508442776735,0.3337518241074035,0.3203630586519429,0.3470611020185488,0.3317155961913952
24,0.3466360414140472,0.3523259132420091,0.3090487514863258,0.3323644676681907,0.3414908565928777,0.3102124668648083,0.3476228342958684,0.3378830251788534,0.3252404849448475,0.3543754561568137,0.33572002978446414
25,0.3517300044189129,0.3546926842534675,0.3144553191489362,0.3375134398130113,0.3467394903872688,0.3106734942511231,0.3468139691633668,0.3424951076320938,0.3316489714664897,0.3617800318217979,0.33985425123564683
26,0.3570484359233097,0.3584802904564316,0.3201180034361154,0.3421430700447094,0.3526826795945351,0.3118023088023088,0.3473193277310925,0.3482787304837471,0.3382023540063377,0.3690136960243484,0.3445088896502935
27,0.3606552661019658,0.360456637895602,0.3261927002248745,0.3468648783619891,0.3587119675456389,0.3130050799752865,0.3465497254423428,0.3532318271119842,0.3443651753325272,0.3754394104803494,0.34854726684725595
28,0.3640423586774341,0.3620873786407768,0.3320384169564497,0.3512389713425894,0.3638433168517467,0.3144863909971211,0.345589605473868,0.3578231132075471,0.3489571663920923,0.3823262497822678,0.3522432968321893
29,0.367979327413015,0.3646301830407172,0.338361897960803,0.3540846456692914,0.3684403490999766,0.3157464735988016,0.3428095106058505,0.3612090813093981,0.353196682650735,0.3879644137011417,0.355442256504973
30,0.3717839510465197,0.3663848021711184,0.3433857218966436,0.3563537200504413,0.3735339135654261,0.3167960181211253,0.3423682468220339,0.3651627839675879,0.3573949800856693,0.3922118840348215,0.35853760217613867
31,0.3738939847125291,0.367531559194814,0.3484576568670469,0.358002362634034,0.3776137184115523,0.3174684192557187,0.3419704246713853,0.3692873035739118,0.3600093457943925,0.3949793562198945,0.36092141313352794
32,0.3758669637173774,0.3668839634941329,0.3532340559882129,0.3588792149554481,0.3814953336119236,0.3183089838639337,0.3421268814604364,0.3736579651941097,0.3626271769807944,0.3976567076742824,0.36307372469406507
33,0.3777837821334798,0.3654797507788161,0.3566860974459194,0.3602600347086155,0.3853293232072047,0.3179994772608468,0.3422827978192785,0.3781694412182216,0.3652347355927732,0.3999438517686692,0.36491692919338253
34,0.3803427549404797,0.3646627067040773,0.3592733329021409,0.3613782793729461,0.3880251828834077,0.3176794498544322,0.3425982629996659,0.3811914244819217,0.3688077166350411,0.4015928220321864,0.36655519328062985
35,0.3826495147822162,0.3636513834895952,0.3603812216491643,0.3619543120883679,0.3912546021840873,0.3179560810810811,0.3434496331601778,0.3849501321797645,0.3712427219796215,0.4035236894835499,0.3681013292077625
36,0.3844126268932196,0.362612627425189,0.3620011954572624,0.3629625925185037,0.3942073721616575,0.317996280799628,0.3438481162706797,0.3883580404192484,0.3734322404053345,0.4053962240715439,0.36952273164222665
37,0.3859790685504971,0.3619423097168123,0.3631698482060717,0.3637750180853629,0.3967889961614517,0.3177663961985027,0.3442233636047838,0.3909973158865962,0.3754503192561891,0.4062032947355856,0.37062959304018533
38,0.387593584238444,0.3613818053025703,0.3649424046076314,0.3643925450827291,0.3990299932599416,0.31750919157403,0.3445801855216601,0.3930753454231434,0.3766498516320474,0.4065166637985429,0.37156715704407406
39,0.3883227678353733,0.3603913508780463,0.3664457895578902,0.3644447932550004,0.4005592355304593,0.3176939457202505,0.3448367158671587,0.3946949629784127,0.3782078023407022,0.406657010428737,0.37222543743920306
40,0.3881084643630543,0.359702380952381,0.3673690978294414,0.3642632719393283,0.4010209973753281,0.3179089587204136,0.3454898249988868,0.3963379039169229,0.3795685763017959,0.4064802998883394,0.37262497762858915
41,0.388136102760317,0.3588625485414974,0.368603854177014,0.3637562856185049,0.4008771261741559,0.3183625376461845,0.345634947948034,0.3982202479742263,0.3803821594427244,0.4058888319672131,0.37287246422498715
42,0.3883657913288685,0.3583408863131291,0.369585154936344,0.3629007540744344,0.3994155015943095,0.3186878787878788,0.3459457267623206,0.4002324866373397,0.3809325758638425,0.4057939256034824,0.37302006819019495
43,0.3881512282497441,0.3578778311021301,0.3711253137491866,0.3616406403264409,0.3979529183063866,0.3188273011207054,0.345527227323989,0.4014688087271393,0.3806889932704033,0.404488183337312,0.37277484455134374
44,0.3877925213587023,0.3574774004397753,0.3723654390934844,0.3605046359629122,0.3966009174311927,0.319273434156085,0.3457622915609014,0.4024508495685437,0.3811649168853893,0.4038997600147683,0.37272921664717545
45,0.3874778973476817,0.3569913214990137,0.3735899782135076,0.3594106057816241,0.3951731178977272,0.3202064252012212,0.3460644024108259,0.4032502911867477,0.3808625947731797,0.4033095386811814,0.372633617299271
46,0.3873091854957682,0.3560686585412448,0.3752586206896551,0.3582080325877224,0.3938154838709677,0.3207446521357717,0.3464168997497424,0.4040042745788282,0.3805136044650552,0.4027972903003106,0.37251367024150667
47,0.3868273001508295,0.3552220327674401,0.3761127973748974,0.3566984468173623,0.3928950223223599,0.321058765594222,0.3465231005976452,0.4045072747279619,0.3800531343283582,0.4021706074024563,0.37220684820835326
48,0.3869918579916379,0.354140824319954,0.3766110668789809,0.3558513864088137,0.3910430316266278,0.3213911167918198,0.3467992971223772,0.4053573978579928,0.3793130286994476,0.4015852374007454,0.37190842450983974
49,0.3865003924926853,0.3534401075306357,0.3765100100486975,0.3545105421686748,0.3893471606294886,0.320947265321352,0.3466636766746775,0.4057447013859399,0.3786626903743716,0.4008498800770652,0.37131764267035877
50,0.3859986790878754,0.3525941812756434,0.3766150234741783,0.3532459658168623,0.3873840883136658,0.3203695237518545,0.3464862905351964,0.4060744608911262,0.3781959626876549,0.4007205123303384,0.37076846881643954
51,0.3856755841517101,0.3514223782678931,0.3764077102803738,0.351496282527881,0.3850044311509915,0.3197040608687959,0.3461764516957862,0.4058283937065496,0.37712507525054,0.4000068729799012,0.36988472408804224
52,0.3852721514811638,0.3506588824020016,0.3763559322033898,0.3502881918262706,0.3833104858967918,0.3190280013799447,0.3450431884330109,0.4059016685681688,0.3768957737746701,0.3994211515523909,0.36921754275178026
53,0.3849687892145821,0.349627089517263,0.376189142461964,0.3485355107795335,0.3816722460508421,0.3183749159004261,0.3439384282272574,0.4060397914856646,0.3757976282201601,0.3981153589374188,0.36832589007951116
54,0.3847683470399899,0.3484198278222248,0.3757236221533486,0.3474075028636884,0.3802066929133858,0.3181206896551724,0.3428945647002854,0.406218122626153,0.374847051917558,0.3969748948250505,0.3675581316516857
55,0.3839784419402254,0.3473093578525879,0.3753908045977011,0.3458064245810056,0.3786444738146373,0.3176822032765855,0.342243360905529,0.4062760183990205,0.3737458326718526,0.3958665378464818,0.3666943455885627
56,0.3833952611739364,0.3461069011395847,0.3748235670829331,0.3442166802943581,0.3770570638188368,0.3172034163924149,0.3411379603399433,0.4063824289405684,0.372723124516628,0.394641651519086,0.365768805521829
57,0.3824349833440477,0.3447370722487093,0.3738271662763466,0.342355046433038,0.3754746686718676,0.3165723479237959,0.3404822026163676,0.4060142550775829,0.3715081279971046,0.3932362986622814,0.36466421692511414
58,0.3813226101104673,0.3437007299270073,0.3724677262209231,0.3404469411611897,0.3739633383192405,0.3162092058573641,0.3398031006914433,0.4057119312405656,0.3704309254082683,0.3917954489393191,0.36358519578757886
59,0.3803605601584512,0.342833445445984,0.371369305695789,0.338721166290253,0.3727051816557475,0.3156431261309727,0.3386881697724753,0.4052523184391184,0.3688670686190066,0.3898081026658251,0.3624248444873623
60,0.3791792712506472,0.3421214751683502,0.3702594995366079,0.3371947468935241,0.3712015571436872,0.3150825556353194,0.3369924191635294,0.4050126612095872,0.3674211676990778,0.3879826823336361,0.36124480360339667
61,0.3778049007857237,0.3411218765279601,0.3689474427804465,0.3357459863219672,0.3698148778619457,0.3145773096839194,0.3355684252980767,0.4045495910609377,0.3657919518204215,0.3859981991252894,0.35999205612666885
62,0.3765666197696837,0.3404730665592183,0.3672334381377903,0.3344314865345829,0.3679114625162702,0.314069970176646,0.3336274847895164,0.4037280714104694,0.3640129960423575,0.3836469439017583,0.35857015398382935
63,0.3753132173646891,0.3398792032343949,0.3657410302719897,0.3325435786737227,0.3661821673970676,0.3134445792880258,0.3321025875776996,0.4028252245302772,0.3628912844636091,0.3817677125644031,0.35726905853658786
64,0.3740881162895249,0.3389480036691932,0.3642972930230105,0.3307879070190188,0.3646119276726234,0.3127179656538969,0.3305149901008768,0.40151028052494,0.3614139077080404,0.379588867889371,0.35584792595504966
65,0.3730605156303507,0.3379151300236407,0.3628967855025391,0.3287563372765277,0.3632216594744049,0.3118286213366111,0.3289252681351631,0.4001926528027024,0.3597567864820277,0.3775211985642199,0.35440749552281875
66,0.3714659115400273,0.3370995806399295,0.3616727213098211,0.3265051025959049,0.3617901546548064,0.3108505285412262,0.3277862741997424,0.3990838589597766,0.3584187155963303,0.3757439719198291,0.3530416819957393
67,0.3700448146410136,0.3360600040865439,0.3605592324599312,0.3241488999169347,0.3598005634638197,0.3097872759299554,0.326702716464832,0.39785258196929,0.3568424077000431,0.3742608814672871,0.3516059378099651
68,0.3686897915995767,0.3350551822348805,0.3595775295028052,0.3218467735203272,0.357932168948667,0.3085504654282346,0.3252373668337347,0.3966763551448303,0.3555872833454511,0.3727084704448507,0.3501861387003358
69,0.3671859290818511,0.3340959465945285,0.3584800634935676,0.3194210052942499,0.3560880325888733,0.3070599489795919,0.3240675856787287,0.3956,0.3540254042631385,0.3711903852580322,0.3487214301232561
70,0.3660522242858406,0.3328889816181977,0.3573085854949954,0.3172552654255426,0.3541354159419282,0.3059413076215995,0.3228500615699288,0.3943404494113713,0.3524824970171765,0.3693323983169705,0.3472587186703551
71,0.3642673675083992,0.3319004643735159,0.3561552124607186,0.3154548045362527,0.3522176145788361,0.3049314489803755,0.3218069808885884,0.3930047294607947,0.3509448488859475,0.3675882676191784,0.3458271739292607
72,0.3626771971597432,0.3310923216607169,0.3547160016968452,0.3133639096585216,0.349672153024911,0.3036646682879927,0.3208234974765245,0.3912910819687191,0.3496128055375297,0.3660303356668462,0.344294397213835
73,0.3608975267965132,0.3302042243528671,0.3535926039454382,0.311273249659761,0.3476584292189679,0.3022091473011759,0.3196631265175593,0.3894565780289554,0.3482361924153728,0.364607032057911,0.3427798110294522
74,0.3589965206713057,0.3295280388720726,0.3523792244599991,0.3094335423081203,0.3457411757169396,0.301166903176509,0.3183322992806872,0.3876426015110679,0.3473077243389548,0.3630167001100395,0.34135447304456956
75,0.3572518685204532,0.3287682719214136,0.3511908975979773,0.3076121631463946,0.3436682291884652,0.2997293819039788,0.3166908460894068,0.3862693766937669,0.3461617782319877,0.361519834045976,0.33988626473398204
76,0.3553578403329848,0.3277975927243362,0.3500281247415004,0.3059117073955559,0.3416938909523712,0.2986263659042198,0.3153642997474039,0.3848593257853068,0.3450238816753295,0.360016199376947,0.3384679228635955
77,0.3537404550563975,0.3268204154145641,0.3487139030379285,0.3041013011641995,0.3395589744621762,0.2975752548816313,0.313757421465728,0.3831946562493471,0.3437416735643057,0.3580591951095262,0.3369263250405804
78,0.3522133645732137,0.3261425545356571,0.3476326384183044,0.3024042061314976,0.3373508855061304,0.2965976200594986,0.3119385101580135,0.3816862278397899,0.342191804674199,0.3560644935506449,0.3354222305446949
79,0.3506326377842238,0.3255482656529844,0.3466825906492286,0.3011560904449307,0.3354535499001803,0.2952172968274664,0.3101565687926904,0.3799016842614232,0.3406103308690777,0.353829254891187,0.33391882700733927
80,0.3490226925835341,0.3250222897305458,0.3455825112021385,0.2997597204383579,0.3330544510188161,0.2941520655446424,0.3085794007882529,0.378158436417615,0.3389898037311621,0.3517154283511612,0.3324036799806226
81,0.347357003398655,0.3243726128165228,0.3445538752362948,0.298269527277499,0.330349271572656,0.2929248522147541,0.3068277469326205,0.3766265681221433,0.3376017991554984,0.3496039257254263,0.330848718245207
82,0.3457038847897591,0.3235684203198691,0.3438596230343135,0.2967079783113865,0.3277168075082947,0.2918912561595994,0.305175423814499,0.3751778304682869,0.336016417102652,0.3476190564774164,0.3293436697986077
83,0.3443051327805185,0.3226975521181288,0.3428177497486518,0.2949253944569669,0.325240122401224,0.2907897464894919,0.3035265792570737,0.3733350875873995,0.3344641083841679,0.3456541851025706,0.3277755658326194
84,0.3429779557392576,0.3220099667774086,0.3418646627355099,0.2936379401931069,0.3227938264620607,0.2896999659579735,0.3018647370566653,0.3718193078458922,0.3329717425431711,0.3437772525477649,0.32634173578588105
85,0.3416361986806627,0.3213406206392452,0.3408674732894644,0.2919562543245945,0.3203703189050233,0.2884945433483722,0.3002166867228238,0.3702666703034931,0.3318479305374426,0.3415455573619849,0.32485422541131065
86,0.3403851679836944,0.3204382320225086,0.3397538643642946,0.2901784984639597,0.3181317977700753,0.2872689807377602,0.2985512292169959,0.3687524593096047,0.3305726660250241,0.3396422675216795,0.3233675163415597
87,0.3391054762727766,0.3195767848219611,0.3383779871520342,0.2884581291062676,0.3161834458665054,0.285970656964534,0.2970214783041153,0.3671342600739046,0.3293436357593884,0.337801654163605,0.3218973508485092
88,0.3374532369436249,0.3187576643263335,0.3367955805761095,0.2868702049318605,0.3137566871408758,0.2848104189435336,0.2955701297906208,0.3653878840328862,0.3282099795501023,0.335803724494941,0.32034155107308876
89,0.3360381274747733,0.3181579689041288,0.3353267757024848,0.2855349116188989,0.3118356075373619,0.2836314353414231,0.2940398938576123,0.3633433817017507,0.3270971405557793,0.3341779009180382,0.31891831436122514
90,0.3345117654460803,0.3173955358658907,0.334008474991427,0.2841096368217992,0.3098013620885358,0.2827235519048294,0.2923649270799299,0.3614295293013276,0.3257144216737517,0.3322593641646725,0.31743185693382436
91,0.3329174481144504,0.3163690439968356,0.3326772761632115,0.2826876131150301,0.3077990306387398,0.2817573040612257,0.2908735569959178,0.3596186475646591,0.3243925335832553,0.3302794553464157,0.3159371909579741
92,0.3312743750668072,0.315540305403054,0.3312278701504354,0.2813749740753543,0.3061110594651545,0.2809540176050032,0.2893403924056107,0.3579173032539088,0.3233527257056668,0.328414299458999,0.31455073225899943
93,0.3295866369777483,0.3145786063985564,0.3301849135509643,0.279927362424705,0.3045847006211939,0.2798239690196345,0.2877839343051175,0.3563270468444814,0.3222403173688123,0.3266207442842942,0.3131658231795508
94,0.328001986892441,0.3136451829375036,0.3287346841514596,0.27878098951331,0.3028531056460826,0.2789798667613902,0.2864058429735861,0.354786304567247,0.3211371317481681,0.3248062157780428,0.3118131310969231
95,0.3265295665521526,0.3127121718102256,0.3273463297888455,0.2775542130323488,0.3011932053788282,0.2780937516533517,0.284843734901506,0.3528963225245371,0.3199230587819114,0.323081333152526,0.3104173687576233
96,0.3251166311054726,0.3117590094567347,0.3260353682387543,0.2762245485475006,0.2995999941626291,0.2770596411092985,0.283483231707317,0.3511103463044541,0.3187003617976549,0.3212988959458657,0.3090388028375681
97,0.3235683830531118,0.3107997029314501,0.3245462236805321,0.2749279488669379,0.2981391753318664,0.2760910589841687,0.2821850747871855,0.3495917306040004,0.3174717362335039,0.3193715567505954,0.30766925912233517
98,0.3221954126125115,0.3098834925946924,0.3230403190717911,0.2735029230828016,0.296769567744588,0.2749675787011138,0.2807884281760273,0.3480435557668311,0.3160599039276631,0.317527425066943,0.3062778606744963
99,0.3207406254754693,0.3087464346639372,0.3215830044047822,0.2721825870584243,0.2952087991949911,0.2740383842948234,0.2791338104504317,0.3465007248817491,0.3148156277436348,0.3157638287911246,0.3048713826959368
100,0.3193303388580946,0.3075571588321679,0.3201071750902527,0.2708971146450989,0.2932430570861802,0.2731075386102779,0.2779168707307643,0.3450503949287394,0.3135026598303757,0.3141949425158745,0.30349072511278263
101,0.3179747210693688,0.306449716732718,0.3186583500222518,0.2696106186021453,0.2913708976309497,0.272165905668923,0.2765950101094876,0.3436181699048486,0.3121445807632345,0.3128933428973433,0.302148131340127
102,0.3165779465152462,0.3051546195545171,0.3170243842229415,0.268405227651909,0.2895871510475271,0.2712933942757645,0.2754050610666901,0.3422968490878938,0.310926579975384,0.3112972689790308,0.30079684823769043
103,0.3152718204488778,0.3039170835385293,0.3155107701466689,0.2672107788147123,0.2878254924497642,0.2703036543581295,0.2743342256593297,0.3408197471302611,0.3098365331291097,0.3097770110621844,0.29948071167375667
104,0.3136565888159173,0.3028045628446765,0.3138904756820244,0.2661621793662769,0.2862150129714368,0.2691733183988681,0.2731880812530592,0.3394229322022302,0.3086398587272418,0.3083587654811576,0.2981511775742889
105,0.3123765815092939,0.3015182574867694,0.3125066844039355,0.265144979854205,0.2844162057877812,0.2681232749082862,0.2721615562189535,0.3379853628237327,0.3074965254542647,0.3068010668340132,0.2968530495281235
106,0.3108772705454362,0.3005232724959144,0.3110286204476331,0.2639793265303774,0.2830753313360077,0.2670297958009779,0.27087041103738,0.3365352630737246,0.3062596854914514,0.3051870871180843,0.29553660638769874
107,0.3096443143958772,0.2995591570125708,0.3096985446985447,0.2628245745660403,0.2816641179272481,0.2661080798435866,0.2696919503913986,0.3350010523961745,0.3051106289039961,0.3037074587324231,0.29430098788678605
108,0.3084105927606272,0.2983556540372066,0.3083917142965769,0.2617325342350338,0.2799845335313041,0.2652701882892194,0.2685607375397481,0.3334653934539034,0.3038540002229571,0.3023661573288059,0.2930391505695383
109,0.3070584437731436,0.2973067019612561,0.3070094346705373,0.2606678768499705,0.2787059118175266,0.2644250716300557,0.2676332447145208,0.3317669828249167,0.3028024371146129,0.3009699490872967,0.29183460544438367
110,0.3056269177546477,0.2959980270038984,0.3054967570572611,0.2597362818261632,0.276977975587398,0.2636203148672683,0.2666943079443079,0.3301980104036147,0.3016810912739184,0.2994980259447264,0.2905527709663204
111,0.3041879584824454,0.2949525582160009,0.3039669935597189,0.2587257007723683,0.2756405872049379,0.2626288995506155,0.2654806330508283,0.3287637527505501,0.3006654164974559,0.2981908966486199,0.2893203396733541
112,0.3027641670092195,0.294011143354614,0.3024628699454341,0.2578055084836654,0.2743468561270499,0.2615924677749991,0.2644503272258581,0.3270906340680373,0.2994507790368271,0.2969381050968753,0.28809128581225796
113,0.3013928434682725,0.2930217750447433,0.3010307641061635,0.2569436165586585,0.2729618730808598,0.2607762775194785,0.2632288726593816,0.3256232771448784,0.2983568179167153,0.2954094058118365,0.2868745523310988
114,0.2999449125824018,0.2921803423748426,0.299490347444981,0.2560085690611791,0.2714486775890989,0.2599275058005858,0.2620939410059602,0.3240795609268251,0.2971031883256103,0.2940291160085491,0.28563061611200335
115,0.2983209086274287,0.2910475469582282,0.2981226856419841,0.2551297542862477,0.2699347774258369,0.2593005816368924,0.261118029759732,0.3226572210977497,0.295852774993165,0.2926464073099819,0.2844130687737246
116,0.2966995095953602,0.2901242583864707,0.2967047604848791,0.2543072811400314,0.2683211449593971,0.2586196867549124,0.2601346015031208,0.3213862312444837,0.2946661487186416,0.2911259844314516,0.2832089607218749
117,0.2951752075262867,0.2890628016144599,0.2951582805542652,0.2534254269796328,0.2667733105786919,0.2578076954364272,0.2590462342788754,0.3199080760509332,0.2935167256459906,0.2895168845499893,0.2819390643215552
118,0.2937006564551421,0.288201930899821,0.2937031916441837,0.2525840091536855,0.2652991644857153,0.2570374768537155,0.2580573380682407,0.3185613462378445,0.2924040132896213,0.2882198145860461,0.28077689416740154
119,0.2920859874333545,0.2872007187684386,0.29212888593871,0.2517055891493651,0.2637617955155397,0.2562362191393373,0.2569250480132279,0.3169713701431493,0.2913345083447571,0.2868859475398292,0.2795236069985709
120,0.2908235023583644,0.2863306729779353,0.2907026004417908,0.2509840624140234,0.2621981776765376,0.2553186226199394,0.2557379713914174,0.315503639140983,0.2904182628158223,0.2855070272387086,0.27835245390755226
121,0.2894829774407462,0.2853558789864432,0.2892670960491053,0.2502667250097238,0.2605770369117584,0.2544288389513109,0.2546050119571552,0.3139435345066903,0.2894532314373296,0.2843604019408492,0.27717407331911115
122,0.2882135684699385,0.2843015668509205,0.287949579562574,0.249574884759366,0.2592377398720683,0.2535927935582289,0.253467640130016,0.312443755146857,0.2884168939050968,0.2831332127467149,0.2760331635001781
123,0.2868230998386363,0.2833448843187661,0.2867250671006192,0.2487081594940084,0.257761991361673,0.2527521357720315,0.2522619539348163,0.3110964593218314,0.2874894796050165,0.2818723959429317,0.274883562669033
124,0.2854126971132691,0.2823726787077079,0.285527052872506,0.2479170084962328,0.2563535301931132,0.2520807747258466,0.2510827591576161,0.3096919054725833,0.2865540693720244,0.2807288587250697,0.2737721334835969
125,0.2839884012793004,0.2815517519211207,0.2843395768081785,0.2472484571791352,0.2548054034392871,0.2513232938310928,0.2498800308107067,0.3083305368236606,0.2857357095507623,0.2796188544005272,0.2726822016043772
126,0.2828207092709992,0.2806709870388833,0.2830949312714776,0.2463050831792976,0.2532630501024027,0.2505653762682941,0.2487713931770535,0.3069724597189253,0.2847746584051506,0.2784599199111482,0.27156985683436324
127,0.2814054495912806,0.2795370653665084,0.2819305728423545,0.2452025302560443,0.2518680140337007,0.2497489758803755,0.2475588657031809,0.3056343136236101,0.2838283114781931,0.2773812644953111,0.27040953632705594
128,0.2802101985780828,0.2786649700569553,0.2809434311869636,0.244181753140311,0.2502300142720287,0.2489033396391153,0.2465390506790204,0.3044023728255952,0.2828151127626351,0.2763432746436699,0.26932335177843775
129,0.2788591111973608,0.2778325852261734,0.2799781901816163,0.2431530570152627,0.2487552220331114,0.2481963396290991,0.2456895467450915,0.3032024724016889,0.2818775132818692,0.2755763073639274,0.26831203450752006
130,0.2775499836748804,0.2768597613529715,0.2788434289415066,0.2422901810690086,0.2470787656163308,0.2474844315971664,0.2447202842022378,0.3018877566432721,0.2809797189319025,0.2746637997671255,0.2672358111796401
131,0.2762296741206771,0.2759568334408072,0.2778660112304972,0.2413058349746764,0.2457129805826161,0.2467727023634853,0.2438745456028863,0.300777833150603,0.2801252133228509,0.2736628368821809,0.266228446567128
132,0.274860587189449,0.2750910030052591,0.2769554217331075,0.2405142742679974,0.2442520728908043,0.246073874284113,0.2429668534080299,0.299568001104907,0.2792340692090127,0.2728485432795158,0.26523647003721956
133,0.2734829692534034,0.2741532753040955,0.2759104589917232,0.2397384902047048,0.2429601127450071,0.2452736885935615,0.2421842959405984,0.2984499931644631,0.2783998045333233,0.2719705030161972,0.26425235917470774
134,0.2722106980860714,0.2733185327118301,0.2749244674531104,0.2390217409882578,0.2417391064938878,0.2444234272946029,0.2415679123279947,0.2974888557974027,0.2775960813515148,0.2710055505903382,0.2633296373095011
135,0.2710318561453151,0.2725259829730544,0.2739288348254712,0.2382190545540757,0.2405445112754628,0.2437232919175318,0.2407461533762142,0.2963245838239376,0.2767598200540206,0.2702012859938496,0.26240053749389325
136,0.2698006218141064,0.2717124364977492,0.2728163533174347,0.2374641341007097,0.2392465950594628,0.2430941208244011,0.2399098596664158,0.2951266098691256,0.2760996347031964,0.2694810271462724,0.2614751392998874
137,0.2685204561117724,0.2710799856688611,0.2717016574080005,0.2366024372807528,0.2380824254625464,0.2423102975364185,0.239164846179547,0.2941373226218184,0.2752627794009896,0.2686127439776935,0.26054749516484
138,0.2671274860850144,0.2703615997727797,0.2707936817295925,0.235849940272686,0.237038513787689,0.2413998508328499,0.2382428142136805,0.2930846633636676,0.274418089929927,0.2677241529183796,0.25960407929062657
139,0.265825485980078,0.2694567292045984,0.2698097628433652,0.2350745403481271,0.2359899528219465,0.2405956272483861,0.237610974183834,0.2921176638517714,0.2735120790954434,0.266664440001076,0.2586657255578626
140,0.2646065100589452,0.2685032946344525,0.2687901346567764,0.2342613089314466,0.2349693655024404,0.2396762273733559,0.2369326252959417,0.2909962231101866,0.2725831750720968,0.2655039830199905,0.25768228476556326
141,0.2632345444055011,0.2676279061733513,0.2679008750209283,0.2334369336861519,0.2338379708206895,0.2388524272784472,0.2360547578526461,0.2897100604549028,0.2716254649349744,0.2643816029063784,0.25666625435339707
142,0.2620796467727486,0.2666038309126233,0.2670729907888419,0.2326031665288994,0.232617943753821,0.2379572746606118,0.2353001522867576,0.2887730138262053,0.2708230536156695,0.2633262311224979,0.2557157304268677
143,0.2609846480290131,0.2657270676436664,0.2660763774759968,0.2317594416171674,0.231431257729877,0.2371496164088258,0.2346007336114131,0.2877342897447499,0.2697290143254223,0.2623607129287417,0.25475531595148737
144,0.2598482944645489,0.264818684644094,0.2651450927290802,0.2310076995759766,0.2303305320027013,0.2361738874268431,0.233851868237944,0.2865448097661297,0.2687746930058729,0.2615452942887949,0.25380408561419854
145,0.2586079684581864,0.2638748927378305,0.2643489596602972,0.2303131048792951,0.2293400029740759,0.235287067179639,0.23318470372438,0.2855287954923493,0.2677398985658146,0.2606611948650986,0.2528886588536966
146,0.2573885777262372,0.2630431371901372,0.2634795016415523,0.2295879996008565,0.2282105547550432,0.2343352375805767,0.2324827425336253,0.2845096795353133,0.2666762226530969,0.2599314987896718,0.25196451520061103
147,0.2561486618639371,0.2620357820991292,0.2625296797176777,0.2289249448123619,0.2270193719528518,0.2334670616512807,0.23189387761503,0.2833603318508382,0.2657570808795631,0.2591015494835055,0.25102383419261753
148,0.2549959615213757,0.2610521768757148,0.2618011215138783,0.228137345178163,0.2259779750560876,0.232568474177513,0.2312979262726558,0.2822229332836061,0.2648279455637745,0.2583849723775155,0.2501266831820284
149,0.2536466412146534,0.2601593678368922,0.2610055094160182,0.2274600911560654,0.2250550817058588,0.2317155125049862,0.2306555505853681,0.2811451157632985,0.2637043262026455,0.2576213004190675,0.24921684968048535
150,0.2525412164199235,0.2593063429414344,0.2601134932180386,0.2268193422937339,0.2240726985381272,0.2307334009955298,0.2300098681190905,0.280062406847684,0.2626663000104376,0.2567793392184863,0.24831044086024862
151,0.2513463368220742,0.2583720397129035,0.2593268851164627,0.2260952209210749,0.2231042234545853,0.229662059678744,0.2293937600534158,0.2790668075342127,0.261673113812014,0.2558546128666447,0.24738950599721318
152,0.2502095546962704,0.2574714513006607,0.2585005472601043,0.225404266035959,0.2222031838477965,0.2286917602171838,0.2286984281059767,0.2781572659503956,0.2605291834013241,0.2550205720300129,0.24648862128456836
153,0.2490531392005935,0.256535609346579,0.2577009213267739,0.2246579587581094,0.22130917279341,0.2276126309662397,0.2279410930690704,0.2773197942360119,0.2593510907057323,0.2541949253023476,0.24556763357048678
154,0.2479682016703701,0.255801091767028,0.2568934585899208,0.2239018005271587,0.2203990961556077,0.2265442847967438,0.2272392853706732,0.2764499714398346,0.2583496165685796,0.2533589892307934,0.24469057961167096
155,0.2469843482885688,0.2550054297119958,0.256115464913374,0.2231204978945643,0.2195031598864712,0.2256744637143818,0.2265177673544589,0.2755211856295066,0.2574283287077256,0.2526149092463757,0.24384855553474227
156,0.2459898356678395,0.2542684222105893,0.2552794280107847,0.2224089257693775,0.2186287701971497,0.2248553801152982,0.2259136383163076,0.2746099725533311,0.2563367430940911,0.2519154915460706,0.2430206607480839
157,0.2449453037435552,0.2535234909430242,0.2544674583413139,0.2216377098144798,0.2176872213912021,0.2239812245587842,0.2253188615184569,0.2737236946342152,0.2552902055622732,0.2512568922401597,0.24218320627474643
158,0.243953604695107,0.2526372933228827,0.2536113432926551,0.2208664320195879,0.2168251402421022,0.2232027739929427,0.2247187580631289,0.2728259246295648,0.2543220910623945,0.2505527237973877,0.24135160851177537
159,0.2430362091397573,0.2518072610389417,0.2526711327465638,0.2201811386647709,0.2158187673839847,0.2224308949853366,0.2241120405143962,0.2718304366943602,0.2534242568406343,0.2497944143913687,0.24051065524001145
160,0.2420516017088782,0.2509188966773942,0.2517561972662527,0.2194164418085441,0.2149296444467033,0.2215931072435853,0.2234510601055871,0.2709734953402605,0.2526419275153928,0.2491344768643959,0.23968668489769937
161,0.2410021549386421,0.2501823689371351,0.2509644466848534,0.2187141575538443,0.2139719801195707,0.2207929151593748,0.2227989465426425,0.270066568496478,0.2517343549979884,0.2483490789551619,0.23885769723856906
162,0.2399486451205692,0.2493978849297629,0.2501293347552679,0.21810818831782,0.2130072166053374,0.2200950245858337,0.22207642696801,0.2692000692645906,0.2509357811479573,0.2475697056058291,0.23804682773009783
163,0.2389773471072028,0.2487322432220969,0.2494024459654704,0.2174703905303258,0.2120649315670472,0.2193440683889352,0.2213395375459454,0.2682945218268046,0.250036245185905,0.2468939150970902,0.23725556464368233
164,0.2379952645433566,0.2479599185121341,0.2486446507182576,0.2167964020123211,0.211196965222405,0.2186712195382215,0.2206153604028958,0.2673482957113118,0.2491018224926443,0.2462760556045768,0.23646059547581247
165,0.2370990610624488,0.2472066059612012,0.2479531102953325,0.2161293290507251,0.2103170605798476,0.2179163964154764,0.2199967063936708,0.2664467863074503,0.24830078581703,0.2456785427193385,0.23570443846025216
166,0.2362319001695338,0.2463468500070155,0.2472716741165315,0.2155140040067564,0.2094385537498962,0.2172265581373959,0.2193788673344208,0.2656655827585703,0.2474612442613384,0.245102710942063,0.23496379454835217
167,0.2353556382942048,0.2455099085047419,0.2467799632092825,0.2149280580214981,0.2085207196072373,0.2164534440147893,0.2186242975648916,0.2648487906872427,0.2466832477535301,0.2444519327956799,0.2342156000453098
168,0.2344951354014149,0.2447877589948443,0.2461689479117653,0.2144185431318149,0.2077102211563355,0.2156170961854589,0.2179169931602363,0.2640470344124467,0.2458685327370031,0.243755305193302,0.23347855682846216
169,0.2337287444993752,0.2440823522954913,0.245495908095975,0.2137304342256949,0.2068262203984505,0.2149252834794899,0.217185695451549,0.2632816485912582,0.2451996028555919,0.2430768936202803,0.23275327835131562
170,0.2329330633041064,0.2434163068499121,0.2448791720587115,0.2130461830920546,0.2060641652743949,0.2142373038093354,0.2163394574647665,0.2623497426179432,0.2446082069191312,0.2424285516812385,0.2320302153071594
171,0.2321180012040939,0.2427368403259069,0.2442399115153679,0.2124405085023923,0.205209669150204,0.2135784108895219,0.2155257962279836,0.2614431578947368,0.2439741419585486,0.2418561783413268,0.2313122616010083
172,0.2311771519991502,0.2421970887214814,0.2436147992062355,0.2119036337883403,0.2042983314059144,0.2128606761912543,0.2147600412610406,0.260531605192779,0.2431618497109826,0.241379721480351,0.23058848989575292
173,0.2303214328074961,0.2415738148562896,0.2430466835456748,0.2113305578373534,0.2034602519790388,0.2121737488844648,0.2138966894283136,0.2597330650848302,0.2424869888971922,0.2408034512382383,0.22988266845588917
174,0.2294948649179041,0.2409121740108658,0.24248047583843,0.2107968891937487,0.2026749378360433,0.2114673734563503,0.2131766260498329,0.2588864718718692,0.241697154740774,0.2402131132126162,0.22918000811284345
175,0.2287011877934577,0.2402993317519663,0.2419372735582793,0.2102871468198444,0.2019495786371626,0.2107204020619825,0.212296881405102,0.2580568232906012,0.2409703317946896,0.2396965331412488,0.22849154902543342
176,0.2278747711272146,0.2395354791991492,0.2414392182842,0.2096447854330948,0.2011556228506903,0.2101370783496841,0.2114341046435169,0.2572271657696156,0.24015651106934,0.2392846733701628,0.22778894100966682
177,0.2270926511437385,0.2388429345150172,0.2408147473378891,0.2090696604732796,0.2003232370192522,0.2095009554429918,0.2106354037769169,0.2564026915461288,0.2394683622225822,0.2388785203507687,0.22710291638285654
178,0.2264263016066706,0.2382479429758818,0.2401584481745151,0.2085450692795527,0.1995669146979055,0.2087929538772952,0.2098151349215658,0.2555184898973412,0.2386489181053335,0.2384042163991402,0.22641243899352012
179,0.2256407699589776,0.2375113554330397,0.2395544503093104,0.2080675758788088,0.1988499921544013,0.2081493457932742,0.208955627738792,0.2546745779300219,0.237912060895164,0.2380027253260658,0.2257318481417856
180,0.2247686310881607,0.2369321440353236,0.2390904699957495,0.2075312288693547,0.1981881041262878,0.2075188063745588,0.2082154051208394,0.2539186687064601,0.2372225815246682,0.2375021267271601,0.22508881665685626
181,0.2239999626642772,0.2362432122563656,0.2386047076883714,0.2069914093295388,0.197356017054561,0.2068780467652648,0.2074804491557178,0.2531101520327536,0.236558179070646,0.237059595442325,0.22442817314598212
182,0.2231538347472026,0.2356179497606906,0.2381599143599549,0.2064563737569432,0.1965216843709106,0.2061837847344354,0.2068674174435567,0.2524034315312399,0.2359141331399057,0.2365145677976338,0.22377930916424735
183,0.2224700370049892,0.2350321919085203,0.2377597849272362,0.2059997790158061,0.1957086513296363,0.2055110857515487,0.2062196968793598,0.2516574077646181,0.2351592091700507,0.2359124778984592,0.22314303216502246
184,0.2216974853423371,0.2345382668025068,0.2372683565885641,0.2055382793089501,0.1950944596592424,0.2049257361319166,0.2054453446090798,0.2509262452657866,0.2344224543531747,0.2353803764874138,0.22252370045489717
185,0.2209594700110767,0.2340878529669777,0.2366604513618676,0.2051022528936248,0.1944032167806921,0.2042659132563069,0.2046756317944374,0.2501525800006343,0.233668405871654,0.2348183789307099,0.22187941538679815
186,0.2202770948175845,0.233601107948832,0.2361111935729261,0.2047316355172178,0.1936004421606118,0.2035933442531261,0.2041595081986372,0.2494288207241091,0.2328916637269331,0.2341809467228586,0.22125757576428368
187,0.2194766095138027,0.2331606801172282,0.235393375758618,0.2043454388779599,0.1929201334077125,0.2028648251776005,0.2035705328789629,0.2487367354089498,0.2321756675123836,0.2336140464115567,0.22062580450647745
188,0.2186028505027509,0.2324886921374266,0.2348127345394637,0.2039553769104665,0.1921177649416479,0.2023166225426688,0.2030173274037157,0.2480589441630674,0.2314578470843058,0.2330091594663083,0.21998373196918214
189,0.2178607518903257,0.2318614656532338,0.2342543700147889,0.2035263971069822,0.1913059576984095,0.2016448436013654,0.2024206008091783,0.2473827659640134,0.2306493135011442,0.2324440596131333,0.21933505258525748
190,0.2171864396864397,0.2312109843403104,0.2336490798210813,0.2031101122595431,0.1904305713820609,0.2010111410082501,0.2016855672450698,0.2467167889835133,0.2299139860057066,0.231726374453984,0.21866410451859591
191,0.2164739797045182,0.230621029534073,0.233072748150496,0.2026033121807769,0.1896562099354346,0.2003460036563879,0.2011547773943542,0.2461256547691557,0.2291011166581402,0.2311797557763678,0.21803345877597047
192,0.2157685111936204,0.2300223279691511,0.2325007426595529,0.2021396633928768,0.1889337303089755,0.1996347164758947,0.2005520267117859,0.2454645575901339,0.2283126003796174,0.2305787814813713,0.217390765816298
193,0.2151192654761153,0.2294569635141901,0.2319222233371306,0.2016306436119116,0.1883209097695942,0.1989394170692079,0.2000442423497604,0.2448629255770052,0.2274954463715993,0.2299985228078468,0.2167790559884361
194,0.2143547725174132,0.228909408109062,0.2312967871321093,0.2011548725848621,0.1876623527347045,0.198372466586847,0.1995157458241507,0.2441856492707575,0.2267742539570956,0.2294027055273078,0.21616290142443098
195,0.2136548776826829,0.2284463702442839,0.2305951715137956,0.2006024323712385,0.1869377843769157,0.1977606348044228,0.19895610033264,0.243521839230509,0.2260374177890477,0.2286930866919841,0.21552057150375203
196,0.2129894760538015,0.2279250981490264,0.2299782930838871,0.2001366339816749,0.1862422398426454,0.1971985428635619,0.1984405973160248,0.2428440540062496,0.2253038160386209,0.2281413812894585,0.2149200132624951
197,0.2124101930346478,0.2274576338565684,0.2293213724960172,0.1996265596625856,0.1856453744371089,0.1966312275404537,0.1979266511926946,0.2421845325616407,0.2245993198662328,0.2275054732330099,0.21433083378809595
198,0.2116333492604979,0.2268747425036825,0.2286963839722011,0.199122722051966,0.1851281853196631,0.1960379277370681,0.197374645324785,0.2414412047140986,0.2239397000718391,0.2268698367807273,0.21371186977365286
199,0.2107906938234806,0.2263620656771341,0.2281016385993808,0.1986835819324967,0.1846012372558804,0.1954225034127901,0.1968652989171384,0.2406482370219606,0.2232725062184199,0.2261954376084421,0.21309432004671242
200,0.2099687918211535,0.2258732433638188,0.2275345713156855,0.1981587066679914,0.1840993333442352,0.1948851504367519,0.1963203550048949,0.2398696531360225,0.2226078644338295,0.2255602505327777,0.21248779200571608
201,0.2091705042754141,0.2252061752822439,0.2270497385723582,0.1977175466960558,0.183495633708206,0.1942848659609889,0.1957569441490493,0.2391601356249536,0.2219157658823464,0.2249343879201869,0.21186916980718032
202,0.2084041850339547,0.2246460659611857,0.2264727575806568,0.1973137475836546,0.1829347118071069,0.1937741140565231,0.1951886104446535,0.238485314304514,0.2212410594576846,0.2242716595868198,0.21127322258167536
203,0.2076083563840664,0.2241308061698853,0.2259701802705443,0.1969038419048695,0.1822554295495881,0.193224626169661,0.1945964111426875,0.2377363882313155,0.2205615080875874,0.2236228205938968,0.21066103685041018
204,0.206842784952274,0.2235603957809489,0.2253820859679658,0.1965102687238173,0.1815458634145304,0.1926533091549977,0.1940666478690853,0.2370537264610662,0.2199036122433534,0.2230223602895371,0.2100541054857576
205,0.2060196457703405,0.2231007590471604,0.2248467198038012,0.1961492980067862,0.1808112784854937,0.1920629905311661,0.193556055068732,0.2363397752383708,0.2193092803447552,0.2224576187606158,0.20946534210572215
206,0.205193964037705,0.2226868670026516,0.2242732931420985,0.1958110196845024,0.1801753837750971,0.1914689835669527,0.192971722696664,0.2356293249843733,0.2187960762110277,0.2219638489904188,0.2088970484091491
207,0.2044651592450294,0.2222074418306175,0.2237242822837116,0.1953824867666408,0.1794793895679585,0.1908755484842572,0.1924800188781844,0.2348891723106693,0.2182102698053705,0.2213970894758782,0.20831108586483174
208,0.2037169254204749,0.2216910333974843,0.2232297026296123,0.1949367869179877,0.1787140204752668,0.1903528314556442,0.1918605202633443,0.2342156380624538,0.2176193001620043,0.2208371405970004,0.20771738993812733
209,0.2029734396714443,0.2212908102850376,0.2227050836045337,0.1944542105811858,0.1780088709968401,0.1898149851404609,0.1912878684169163,0.2335833315228018,0.2170148130274911,0.2203304089656832,0.20714638222123946
210,0.2022587437820561,0.2208366450093568,0.2221512279601995,0.1939864301193102,0.1773730932605053,0.1892399587040951,0.1907414398838656,0.2329892979983692,0.2164027861775562,0.2197302593445395,0.20657098822398537
211,0.2015569276491083,0.2202805494430825,0.2216077124569594,0.1935136521367815,0.1768036561078598,0.1887419534583632,0.1902796696385168,0.2323841016941874,0.2158276065798065,0.2192142993085072,0.20602101284731728
212,0.2007948566451553,0.2197679283230866,0.2210741868584779,0.1930907870652836,0.1762495885680141,0.1881216409279542,0.1898199176823495,0.2317799739588892,0.2152996079077939,0.2185696943580256,0.20545681822950299
213,0.2000354692523861,0.2193680905496551,0.2205692964643116,0.192698080236876,0.175700971039954,0.1876002715461217,0.1893069902941482,0.2311924668435013,0.2147366749644017,0.2179731240660821,0.2049181435257438
214,0.1994351976317419,0.2188839407317561,0.2200158809242074,0.1923035074677299,0.1751497235219055,0.1870714124424074,0.1888443613504579,0.2306142673304924,0.2141821250897463,0.2174452004986494,0.2043945616989094
215,0.1988237193446168,0.2184818987063568,0.2194742463802515,0.1918943449308899,0.174570629676803,0.1864651087247296,0.1883088883663512,0.2300184565693851,0.2136552839519922,0.2169451259510245,0.20386377026024008
216,0.1981330655797263,0.2180464794746152,0.2189091827783791,0.191446864585621,0.1740220832673738,0.1859889786223277,0.1877992108724244,0.229458752137465,0.2131685731971838,0.2165223509593656,0.2033495541474482
217,0.1974431975616514,0.2177249149380425,0.2183290659539632,0.1910136828911635,0.1734190878104203,0.1854346039199384,0.1873003371308998,0.2289450397349964,0.2126830732893644,0.2160529729288059,0.20283459761592457
218,0.1968131416736767,0.2173008547008547,0.2177835982109351,0.1905887019094566,0.1727851508824091,0.1849891011758515,0.1868000529852364,0.2284424953477703,0.2120928820912899,0.2155400313812312,0.20231360103587112
219,0.1960583074124068,0.2168423170957306,0.2172819959459867,0.1901952571026062,0.1721700333017331,0.1844695950365346,0.186300201187967,0.2279409985801935,0.2115731785147109,0.2150340294046368,0.2017865913582506
220,0.1954602972357849,0.2163724466455835,0.2167739873351082,0.189793806487774,0.1716157683328258,0.1839310356042689,0.1857209477354571,0.2274225296120364,0.2110053623259703,0.2144858215660781,0.20125820028808872
221,0.1947715777767033,0.2159628937256124,0.2162601581429667,0.1893676660503749,0.1710744532564287,0.1833980721599941,0.1852583503103236,0.2269113755943269,0.2105260299973584,0.2139967154523491,0.20075272924664384
222,0.1941546783344551,0.2155232172103934,0.2156838068702933,0.1889400786444687,0.1704858565632332,0.1827990404235372,0.1846931072828709,0.2264258709426999,0.2100825829112969,0.2133890165635067,0.20021772557467554
223,0.193479250334672,0.2151244092639159,0.2151743721714437,0.1885471564558311,0.1699216811930311,0.1823009887141231,0.18417523502451,0.2258442619663517,0.2095756004102723,0.2128968800438303,0.19970398355779811
224,0.1927498193504222,0.2147766801304199,0.2146323987233479,0.1882104810760888,0.1694024461710052,0.1818540122755172,0.1836565988487264,0.2253577785422618,0.2090726537878605,0.2124139225781752,0.1992126791483825
225,0.192078318663553,0.2144092473628411,0.2141059622023287,0.1878062563388864,0.168876355911492,0.181309344547695,0.1831831415564065,0.2249025684252281,0.2085662023323587,0.2120015913151292,0.19872389886559189
226,0.1913791960663567,0.2140768185956005,0.2136333921747396,0.1874648795385137,0.1683264464741462,0.1807646741330454,0.1827996734859525,0.2243276072046663,0.2080014419027405,0.2115871798357186,0.19823613094114798
227,0.1907268018102254,0.2136967147128727,0.2130542438610284,0.1870606371582633,0.1678436814310684,0.1802335194331114,0.1822810683597961,0.2237107861885009,0.207482665593866,0.2112155897960859,0.19773057083448184
228,0.1900958574158718,0.2132852512155591,0.2125126647861378,0.1867108927915745,0.1673853995700317,0.1797197006105267,0.1818261986574853,0.223180497176684,0.2069589070112265,0.2107932955527806,0.1972468664787878
229,0.1894984160018499,0.2129301988086656,0.2119762681781748,0.1863408679847109,0.1669366067651333,0.1792194761394718,0.181442664778041,0.2226198674147822,0.206426029712659,0.2103535363185601,0.19677439321020485
230,0.1888360599942048,0.2125502231616293,0.211360211431337,0.1859266612893218,0.1665614251738017,0.1787731579318118,0.1809119624657373,0.2220449470175997,0.2059501033885359,0.2099284645173553,0.19628432163713344
231,0.1882131795535751,0.2121534710390823,0.2108147097553722,0.1855676732671084,0.1661382062037651,0.178309595760522,0.1804805467834025,0.2215069830593044,0.2054595124165628,0.2095268561542498,0.1958170733992945
232,0.1875783070034944,0.2117653238458091,0.2103194196040877,0.1852438446658156,0.1657177185059146,0.1778449624223941,0.1800395959957096,0.2208548898909646,0.2050408704907684,0.2091768122075662,0.19535817446325243
233,0.1869621997637484,0.2114336512153996,0.2098014903978597,0.1848228578411263,0.165245951079862,0.1774066488958239,0.1795435953977201,0.2203804706452027,0.2045408504670327,0.208733025218339,0.19488707409221145
234,0.1862903007985882,0.2111258192440307,0.2093509319510823,0.1844726649007772,0.1647744226240048,0.1769204467057606,0.1790272876033789,0.2197509750408431,0.2041119560856402,0.2082826867949815,0.19441074917490875
235,0.1856706694605631,0.2106951099502441,0.2088227345175671,0.1841606750894415,0.1643292085382367,0.1765159626950828,0.1785778520832417,0.219258389387847,0.203684419407365,0.2077260018423622,0.1939441022971951
236,0.1850541563676041,0.2103074857135013,0.2083311578182954,0.1838887359979359,0.1638278743730171,0.1760603454530711,0.1780773136758796,0.2187164031251168,0.2032727764992555,0.2072247957783446,0.19347610448020214
237,0.1844060449807523,0.209880808779684,0.2078919827172347,0.1835670700397096,0.1633189628571681,0.175628843213861,0.1777218875633202,0.218300604826525,0.2028245645537798,0.2066906072792897,0.19302313768113247
238,0.183757138324873,0.2094656377929935,0.2073924276331349,0.1832633820210365,0.1628903001701724,0.1751852845607467,0.1772405439606157,0.217951240495088,0.202385319666823,0.2061578645209205,0.19256891391464043
239,0.1831481302901326,0.2091011233423603,0.206913652592187,0.1829826081797493,0.1624600729595755,0.1747525247853617,0.1767537179890735,0.2174738539687213,0.2019424498791411,0.2057495704759444,0.19212777044622467
240,0.1824999672970345,0.2087179429698709,0.2063606590586805,0.1826109691403317,0.1619818554427159,0.1742989780423424,0.1763153129960956,0.21696495195543,0.2014859118195723,0.2052940009021199,0.19165305496241936
241,0.1819238244391711,0.2083521616918751,0.2059315315153904,0.1822693205089469,0.1614717494600431,0.1738913492274906,0.1759783351266416,0.2164641744548286,0.2010850253528063,0.2047869848506604,0.19121544566278542
242,0.1812405213525819,0.2079866491437603,0.2054876287924703,0.1819459339814908,0.1610808080808081,0.1734150608970775,0.1755477764372015,0.2159684304981509,0.2007609171261047,0.204302213452146,0.19077359397617918
243,0.1806530083856091,0.207579877003552,0.2049754829156266,0.1816082005029199,0.160670063852263,0.1729336459303331,0.1750529239197517,0.2154322852325089,0.2003864072766222,0.203826259593519,0.19031181546127054
244,0.1800447448794344,0.2072879981005896,0.2045389359177389,0.1812709200261423,0.160312547878045,0.1725058528325249,0.1746453644152993,0.2149689571950223,0.2000518644332174,0.2032785939950953,0.18989057796731093
245,0.1794733296784092,0.2069550872525511,0.2040550942667556,0.1808778487682782,0.159888779731784,0.1720820498802564,0.1742185923864136,0.2144163062930384,0.199663498853033,0.2028223824492757,0.1894452969559795
246,0.1788510716565963,0.2066765736930345,0.203553115872108,0.1805618288270939,0.1594555114560422,0.1716299520124718,0.1737852055479194,0.2138800575468012,0.199301056353136,0.2023231008796294,0.18900174738448325
247,0.1782305071198703,0.2063424046107512,0.2031011563957983,0.1802201432276798,0.1590772213721257,0.1711796976625811,0.1733933730420257,0.2133398421968739,0.198985114904737,0.2018780708587742,0.1885747531391217
248,0.1777311962091022,0.2060059819807387,0.2026498785411101,0.1799325777932927,0.1585855054567299,0.1707862891878201,0.1729062035967662,0.212856025107913,0.1986226852835447,0.2013867394702542,0.18814630826272716
249,0.1772101325513,0.205686125120721,0.2021393982660153,0.1796516119387305,0.1581314636829759,0.1703940977362386,0.1724742524064609,0.2123410308556933,0.198213495879266,0.2009784650649753,0.18772200735023767
250,0.1766580381753746,0.2053142539831702,0.2017345270599916,0.1793182247744975,0.157695683072753,0.1699334442926938,0.1720558296843343,0.2118887689642866,0.1978072538118705,0.2005961737176765,0.18730021975366484
251,0.1760954005304383,0.204961825570916,0.20120819316101,0.1790875900720576,0.1572910773026315,0.1695142793740613,0.1716127668569012,0.2114080676315949,0.1974272369302949,0.2001504744189222,0.1868756911848828
252,0.1755142570998181,0.2045973023743843,0.2007400870416435,0.1787859485393446,0.1568315138222826,0.169121416712347,0.1711687702265372,0.2109223133585335,0.1970862694408539,0.1997708089196854,0.18645386875354303
253,0.1750068626329634,0.2042868543513508,0.2002311851083389,0.1784857632470428,0.1564297466137794,0.168679744410952,0.1707452033397476,0.210459399647457,0.1966783353184567,0.1993420285446295,0.18603451232147178
254,0.174413259187896,0.2039770245515784,0.1997634294442743,0.1782592771027243,0.1559969198346438,0.1682441954938907,0.1703085722299016,0.2099738794185182,0.1962805789869381,0.1989497882968301,0.18561669245471954
255,0.1738629568946335,0.2036204839133645,0.1992228847992851,0.1779940404588375,0.155621878907668,0.1678016872715963,0.1698094835560942,0.2095305716737321,0.1959059362382719,0.1985429097451776,0.18519128334586607
256,0.1733769441682,0.2033255528051434,0.1987244546021192,0.1777540445982013,0.1552829109274195,0.1673442511946449,0.1693922581771714,0.2090965088061961,0.1954867368903512,0.1981863139088898,0.1847969976078337
257,0.1729084770892189,0.2029360781184758,0.1981967599483972,0.1774478831866544,0.1548658243729747,0.1669333446299833,0.1689382963764623,0.2086439561919107,0.1950442710348507,0.197809006925535,0.1843723897874463
258,0.1723987805412993,0.2026253415412976,0.1977236254104634,0.1771811778577634,0.154401095208364,0.1664730346122887,0.1685367426208111,0.2082000636478598,0.1947009558710263,0.1973604946623326,0.18396013119735063
259,0.1719389043020611,0.2022809051360407,0.1972689054981059,0.1769318041396354,0.1539894471844644,0.1660672262495231,0.1681468175698944,0.2078536357649569,0.1942954376734879,0.196899047540849,0.18356721310590188
260,0.1714823600516696,0.201957479171849,0.1968308108086074,0.1766589773164167,0.1536003293620777,0.1657135722288687,0.1676942914352049,0.207374815417033,0.1938658924441017,0.1964400362859233,0.18316185645217523
261,0.1710281351240838,0.201587127286013,0.1963901352568419,0.1764098275320937,0.15320548514603,0.1653082657875634,0.1672862394428459,0.206952258671797,0.1934301593582503,0.1959938262064926,0.18275914598120116
262,0.1705767266579791,0.2012541523540109,0.1959640218049666,0.1760270527719565,0.1527895944643268,0.1648220131702727,0.1668591752609151,0.206484919460881,0.1930094368147169,0.1955436595317509,0.18233307522917763
263,0.1700230762939277,0.2008979279822974,0.1955978247763282,0.1757133644888174,0.1523916404759776,0.1643980402879637,0.166390382960413,0.2059469043198011,0.1926182423735996,0.1950798120930832,0.1819057216052209
264,0.169576574760413,0.2005388978118854,0.19515075015003,0.1753600885209746,0.1520202867838138,0.1639917188356406,0.1659813850843542,0.2055331210891222,0.1922163615434347,0.1945728367139064,0.18149420212935746
265,0.169047517065472,0.2001774969795808,0.1946685489908725,0.1750535056946152,0.1516628812084722,0.1635844245501513,0.1655686184167939,0.2050487862199189,0.1918126378413167,0.1942277842762298,0.18108522012434233
266,0.1685155076722168,0.1999015038429777,0.1941623991248237,0.1747748501559276,0.1512706356627171,0.1631694002194724,0.1652206451025885,0.2046172134949283,0.1914227982108326,0.1938230174311853,0.180687797091767
267,0.1680830140778295,0.1996506893716598,0.1936958751701418,0.1744555911305262,0.1508890847085212,0.162809121640262,0.1648754793610533,0.2042435355469644,0.1910519878508344,0.1935259030352429,0.18032802818930355
268,0.1676409500066607,0.1992953059754653,0.1932064846014279,0.1741375797454824,0.15055285914482,0.1624641279746863,0.164471077609854,0.2037903986318009,0.1906060424223888,0.1931880381606623,0.17993528642732487
269,0.1671653702910877,0.19899731965469,0.192755109220834,0.1738312566512948,0.1502845854285605,0.1621018768026896,0.1641174776095951,0.203334089119072,0.1901758635174245,0.1927810805193583,0.17955440288146066
270,0.1667342289675565,0.1986509478497329,0.1923648877421162,0.1734919744388729,0.1499931116514722,0.1617422803928332,0.1637399342982502,0.2029173695089211,0.1896708736932962,0.1924704242509429,0.17917760327939944
271,0.1662610241527031,0.1983368423097093,0.1919215689313166,0.1732169074551635,0.1497476276852504,0.161398979182406,0.1633838335144194,0.2024440494115235,0.1892777760804142,0.1921155236621754,0.17881041323850816
272,0.1658196470086939,0.1979749537828451,0.1914410839079927,0.1729434357287191,0.1494296646754399,0.1610445413778458,0.1630458323026542,0.2020142284238862,0.1889518790588736,0.1916993567762959,0.17843646230432464
273,0.1653874047860919,0.197645613683797,0.1909725805460856,0.1726552608352976,0.1491313990638234,0.1606652871091999,0.1627423493300494,0.2015697442748985,0.1885603858150874,0.1913041208314871,0.1780634146275818
274,0.1649676940119073,0.1973252898417372,0.1905400426530502,0.1723725476013959,0.1487854191863712,0.1603101487329692,0.1624309035339763,0.2011906039850802,0.1880927330007084,0.1909280713532176,0.17769434539004134
275,0.1645485596252443,0.1969608771340439,0.1900556804735979,0.172125632484019,0.1484306725242028,0.159981066257442,0.1620843294460641,0.2008184479440544,0.1876687575735975,0.1905060707097325,0.17731800941719986
276,0.1641182810704016,0.1966542490914896,0.1895898683836757,0.1718709810461383,0.1480986189172047,0.1596391041534767,0.1617554287870869,0.2004583837807408,0.1872904333080592,0.1901531745307413,0.17696285230690145
277,0.1637149626682853,0.1962820192569715,0.1891362395559979,0.1715274266123847,0.147796757107971,0.1593404253820443,0.1613676174096529,0.2000873360769017,0.1869204537002603,0.1897842022164755,0.17659574399869454
278,0.163290003021775,0.1959649760866533,0.1887091034669148,0.1712194688251277,0.1475351226977139,0.1589817993722712,0.1610298779193397,0.199734484182199,0.1865252009522787,0.1894366619293014,0.17624266984535747
279,0.1628552993119848,0.1956620804059328,0.1883104610704369,0.1709667359667359,0.1472226283976981,0.1586719655803428,0.1606661650902837,0.1994039924171481,0.1860928848946852,0.189000097580748,0.17588523107159965
280,0.162463028137239,0.1953134624009568,0.187921232914944,0.1707123607078983,0.1469303007039131,0.1583414478077008,0.1603372506207724,0.1990790481172341,0.1856084805601837,0.1886073794781153,0.17553139914489574
281,0.1620744462895469,0.1949925560898628,0.1875347264677003,0.1703931388220415,0.1466027320560768,0.1580381964885549,0.1599932855386845,0.1987196689199135,0.1851512433084245,0.1882369761531792,0.17517369701339852
282,0.1616405511811024,0.1947301865601103,0.1871439902604589,0.1700944749641344,0.146346726376623,0.1577286459716441,0.1596255028143451,0.1983516345174612,0.1847490940315234,0.187831802015412,0.17482426086928146
283,0.1612755727585076,0.1944718344955903,0.186719919771363,0.1698646039534948,0.1460667497108284,0.1573930074013016,0.1593110160623752,0.1980014444053615,0.1843691330606448,0.1875044084553805,0.17449776900748476
284,0.1608117100906099,0.1941366620835692,0.1863224600573535,0.1696212292131633,0.1457471753214534,0.1570926470034923,0.1589936492342239,0.1976822888527046,0.1839363336952718,0.1870470005729986,0.17413911561248402
285,0.1604403053650951,0.193826314113008,0.186009667220328,0.1693398150548786,0.1454239534399452,0.1567823650639552,0.1586251052692271,0.1973193615884605,0.1835265264042704,0.1866563530900499,0.17379497666092178
286,0.1600761065808876,0.1935887183526417,0.1856295136911519,0.1690883049633669,0.1451227733490797,0.1564231390268392,0.1583086474748037,0.1969880366069482,0.1831289549462538,0.1862533231363123,0.1734607518128285
287,0.1597098673489057,0.1932749904668519,0.185200241271951,0.1688051998820391,0.1448115598559131,0.1561601390545237,0.1580556864974281,0.1967145548405137,0.1827387491361929,0.1858818953606022,0.17313528837149217
288,0.1593720224072038,0.1929872170959585,0.1848423129354468,0.16851820799082,0.14448125113302,0.1558591770607968,0.1576975782512046,0.1963949755961715,0.1823428332233645,0.1855259584549158,0.17280215341489025
289,0.1590532658530566,0.1927145553978398,0.1844906238246199,0.1682470814738216,0.1441447398113463,0.1556271279590359,0.1573427944821233,0.1961291870568443,0.1819476227652156,0.1851936929323297,0.1724890691556233
290,0.1586603526699482,0.192409270648687,0.184082445100809,0.1680184377075174,0.1438668448476759,0.1554025727808597,0.1570549567932512,0.1957997979335434,0.181582520719884,0.1847863913568177,0.17216635905589936
291,0.1583068555963524,0.1921365569493585,0.1837415009484834,0.1677255210952026,0.1435525726761203,0.1551015903409393,0.1567412090460212,0.1954798925770292,0.181194534944824,0.1843064583415044,0.17182866925158355
292,0.1579639600043951,0.1918593529187713,0.183386541005993,0.1674993361857738,0.1432977045042202,0.1547911769185434,0.1564594746977967,0.1951149126980693,0.1808107382082053,0.183849246784232,0.17150324439260003
293,0.1576167930264449,0.1914954740622816,0.183050211209797,0.1672519702437946,0.143085001725039,0.1544873181654789,0.1561767073843167,0.1948034105187578,0.1804552592721272,0.1834576738002891,0.17118798194083268
294,0.1572320458547184,0.1911730897584851,0.1826859167777699,0.1670252126063032,0.1427682028182813,0.1542078284263325,0.1558243574236978,0.1944778091223403,0.180116972723089,0.1830636870013449,0.17085751225123624
295,0.1568423328844582,0.1909052932630238,0.1823632828196356,0.1668443766694574,0.1424941042530699,0.1539493626155014,0.1554623076794013,0.194127019173243,0.179772656783078,0.1825916478199127,0.17053523839607815
296,0.1564281370876476,0.1906628333964036,0.182062872813581,0.1665775277180208,0.1421959936016414,0.1536849532947871,0.1551308124475697,0.1937289488245392,0.1794468318065276,0.1821827508660184,0.17021016618567364
297,0.1560662660331903,0.1904264142249775,0.1816422198961589,0.1664087191034944,0.1419241629214805,0.1533702931790661,0.1548433713281312,0.1933884313580011,0.1790929197489505,0.181760534972841,0.16989233327662917
298,0.1557241723696469,0.1901676060206739,0.1812787221409041,0.1662451429603717,0.141713413633639,0.153086721165164,0.1545536102130481,0.1930857354028086,0.1787567672475434,0.1813800466174632,0.16959919377712632
299,0.155390318316554,0.1899359065388839,0.1809215136168443,0.1660089098446748,0.1414794732119328,0.1528084102365882,0.1542899588099477,0.1927770104223999,0.1784208295180927,0.1809124679230706,0.1692944798438989
300,0.1550559567507181,0.1896782312291487,0.1805477106816594,0.1657767857433901,0.1412350892815608,0.1525678797640973,0.1539853222298629,0.1924925620181025,0.1780530560959792,0.1804488839730422,0.16898414777675613
301,0.1547825654953135,0.1894534566013094,0.1801840863207289,0.16558176539738,0.1409737676487526,0.152275449867357,0.1536847185215046,0.1921456295822261,0.1776808854201708,0.1800169513559373,0.168677927621068
302,0.1544584679135475,0.1892861887381619,0.1798213539667605,0.165356885212491,0.1407388486101356,0.1519990767271569,0.1533905794475512,0.1918246297739672,0.177394137298989,0.1795614997495647,0.16838316674383252
303,0.154168038753652,0.1890885151959614,0.1794782102720586,0.1651470569277575,0.1404326408365133,0.1517197480510748,0.1531473784854339,0.1914930386625951,0.1770283174734565,0.1792119625165882,0.16809149071750912
304,0.1538808936089412,0.1889054848936901,0.1791613370623714,0.1648776513947612,0.1401294514790015,0.1514239542524958,0.1528831624917387,0.1912281108762523,0.1767116002885859,0.1788008457817396,0.16780024921295777
305,0.1534953062894743,0.1886463618976694,0.1788079415742856,0.1646226246138299,0.1398178847325533,0.1511154543394516,0.1526105597779606,0.1909118812118473,0.1764080574920103,0.1784430849416169,0.16748791568706994
306,0.1531834982769429,0.1883584661347865,0.1785176437156278,0.1644265178161798,0.1395926200004544,0.150846557611446,0.1522922848426203,0.1906493269535739,0.176110048131006,0.1780614934703432,0.1672038456952981
307,0.1528699944027255,0.1880725667759445,0.1781646442177052,0.1642288403243981,0.1393657768465706,0.1505510122481874,0.1520008198768903,0.1903140277150224,0.1757378818797504,0.1776536631969962,0.16689592274841908
308,0.1525444765305728,0.1877948724812452,0.1778338137681905,0.1640562105476212,0.1390939324930666,0.1503440521874989,0.1517865552868201,0.1900227426560172,0.1754055717419059,0.1772612480119251,0.16661434757048635
309,0.1521861506605242,0.1875637409822512,0.1775491841738313,0.1638626029965497,0.1388494268954807,0.150081422821955,0.1514956705278014,0.189726838132419,0.1750767010712714,0.1768455383717923,0.16632372766338763
310,0.151888987674536,0.187316304434466,0.177221772401876,0.1636473810607606,0.1386011124608401,0.1498439840972207,0.1511996947164409,0.1894029404653162,0.1747404069805216,0.1764302692959086,0.16602928535878866
311,0.1516015050050018,0.1870918490578523,0.1768526070778763,0.1634462502815104,0.1384136506531024,0.1496064925951914,0.1509181059234065,0.1891553531879587,0.1743820101094434,0.1760318316343308,0.1657499655525674
312,0.1513068578537786,0.1868903042050713,0.1765208595268031,0.1632131014709548,0.1381642914488986,0.1493270589894616,0.1506497508997469,0.1888891518080319,0.1740182108904284,0.1755828518271032,0.16545624389202784
313,0.1510062419761831,0.1866753216466469,0.1761908781860472,0.1629409965564247,0.1379259255746608,0.1490825797384822,0.1503819825010804,0.1885903284065707,0.1736446126524228,0.1752223331604002,0.1651661200398919
314,0.1507623615771152,0.1864261777363245,0.1759028804023748,0.16267901616521,0.13765195945648,0.1488028533423433,0.1501377761138149,0.1883086494066597,0.1732608264441657,0.1748755680377586,0.16488080686822468
315,0.1504955774989171,0.1862308705704345,0.1756176187616631,0.1624610407026392,0.1373118293065579,0.1485654560618697,0.1498261766954921,0.1880214106374426,0.1729255403915169,0.1745338218769531,0.1645989342503486
316,0.1501787132644956,0.1859581021195856,0.1752922947777395,0.1622057278708465,0.1370106346065476,0.1482973657333825,0.1495964195007124,0.1876843806929149,0.1725851710724775,0.1741938876236314,0.16430026972623335
317,0.1498586347308373,0.1857143851335385,0.1750125925617372,0.1620161364373733,0.1367444775598802,0.1481156474874296,0.1493452849344405,0.1873773660182871,0.1722878294156727,0.1737865320903986,0.1640258886369595
318,0.1495723801630831,0.1854892193068748,0.1747055321648254,0.1617864331723026,0.1365532552640887,0.1478791928791929,0.1491727317731634,0.1870891709783784,0.1719753382169379,0.1734263598647818,0.16376496137836288
319,0.1492944973109716,0.1852876830761616,0.1743780885691934,0.1615420978255915,0.1362352388371604,0.1476676211855362,0.1489586754577318,0.1868515404343732,0.1716450295978771,0.1731291499499295,0.16349896222445262
320,0.1490462192641892,0.1851012032295359,0.1740837261759935,0.1613613100555699,0.1360288514552012,0.1474512595381197,0.1487792357267373,0.1865958210693146,0.1713045219339136,0.1727612485662268,0.16325133970148015
321,0.1487612363689949,0.1849180547578019,0.1737590860742793,0.1611950102155681,0.1357512966088691,0.1472462249815997,0.148555113415109,0.1863033656448993,0.1709553692477911,0.1723673382183044,0.16298120955332168
322,0.1485066210276129,0.1846855047948516,0.1734638002930947,0.1609918682561259,0.1354374161078955,0.1470621447204197,0.1482783645160117,0.1860491535872999,0.1706380184074225,0.1720193041427283,0.16271321958534626
323,0.1482440529708478,0.1844691653333755,0.1731416042887983,0.1608016973736259,0.135143969049396,0.1468374023034575,0.1480817328894984,0.185780928065932,0.1703514598912778,0.1716473576246109,0.162449936979082
324,0.1479513727562321,0.1842816821367682,0.1728488524549223,0.1605962541134874,0.1348877581062747,0.1465827278974292,0.1478606301037531,0.1855745763360238,0.1700295940072135,0.1712454233087365,0.1621858871220841
325,0.1476645465438568,0.1840528607336892,0.1724983050004043,0.160402280038209,0.1346454988055278,0.1463172485831239,0.1475940589307994,0.185289668183825,0.1697330138837695,0.1708950328606882,0.16190925135638928
326,0.1474108144288867,0.1837803341378553,0.1721789516738761,0.1602056114672723,0.134383901535124,0.1460566410691482,0.1472917538343833,0.185007278688317,0.1694645562530415,0.1705346814524897,0.1616314524540394
327,0.1471406125134441,0.183495665046785,0.1717990812886655,0.1599962031113803,0.134174302011408,0.1457771322333255,0.1470292915064756,0.1847000873378968,0.1691380687934761,0.1702040642631433,0.16134545081059998
328,0.1468974879365878,0.1832660368022556,0.1714291184675526,0.1597851039145362,0.1339438637845728,0.145559214240018,0.1467371758540775,0.1844492983101007,0.1688205183526244,0.1698973147657049,0.16107851324280303
329,0.1466416365659199,0.1829944804490061,0.1711256810840959,0.1595470604633419,0.1336450443683361,0.1453534275345177,0.1464968862919966,0.1841742450092505,0.1684861765872475,0.1695755369158448,0.16080401752695567
330,0.1463933200769228,0.182726701127442,0.1708262160024672,0.1593344485322072,0.1333238635519848,0.1450800013798297,0.1462022923818082,0.1838618484668892,0.1681221057394977,0.1692231181808162,0.1605093915439865
331,0.1461637956567582,0.1825111692710338,0.1705462821534847,0.1591837534720096,0.1330801127047361,0.1448306449071726,0.1459370357103009,0.1835849141642241,0.1677426927655072,0.1689336186411983,0.16025140194464255
332,0.1458858364741264,0.1822849953973612,0.1702518607224605,0.1589788128946803,0.1328471488990214,0.144554503776698,0.1457022097119649,0.1833865771645763,0.1673796374222416,0.168637200848596,0.15999087833117265
333,0.1455602477311893,0.1820457519937375,0.1699534311133936,0.1587622128620435,0.132596701481747,0.1442972803823396,0.1454581717451523,0.1831071653475248,0.1670212296104422,0.1682914846004536,0.1597093676868023
334,0.1452913750864483,0.181803024162215,0.1696789949155757,0.1585322662542987,0.132325877639948,0.1440786716904958,0.1452031737175966,0.1828624510159762,0.166698117134905,0.1679466497310311,0.15944206013484902
335,0.1449948897649291,0.1815946023098252,0.1693987844899477,0.1583495978906872,0.1320243298920941,0.1438547823826584,0.1449511488844166,0.1825718975182597,0.1663847060984788,0.1675846557108976,0.15917093949421943
336,0.1447452477679351,0.1814213766427157,0.1691442919917496,0.1580864140930789,0.1317238311235171,0.143599412092646,0.1446823120319736,0.1822761728496864,0.1661313267312699,0.1672746441750132,0.15890850294995856
337,0.1444782603651887,0.1812568285406605,0.1688702499501053,0.1579448455492597,0.1314240926291877,0.143440167702177,0.1444025760403516,0.1819616489549477,0.1657677371524059,0.1669779570421967,0.1586524363926481
338,0.1441898835878524,0.181068382492206,0.1685810417705587,0.1577712907982305,0.1312012070110594,0.1432281079569291,0.1441872752024073,0.1816826685428184,0.1654360228198858,0.166674512381162,0.15840203925631094
339,0.1438678451905741,0.180848471501892,0.1682796883642376,0.1575296891224049,0.1309262339187007,0.1430462160278746,0.1439465250722634,0.1813865955080628,0.1651037001983448,0.1663032475998578,0.1581238212504213
340,0.1435809406821495,0.1806041324534949,0.1680423620404049,0.1573206096078264,0.1306976580802968,0.1428293772503001,0.1437360405368859,0.1810964599238077,0.1648235114326051,0.1659609507640067,0.15786920427717782
341,0.1433576215387519,0.1803594393941648,0.1677078401541362,0.1571483865331669,0.1304994498663961,0.1426321035785089,0.1435175339799765,0.1808575296087977,0.1645249490923648,0.1656541671080353,0.1576259020854299
342,0.1430806295765293,0.1800796790302109,0.1674043712648455,0.1569508722065097,0.1302469461050556,0.1423674944812361,0.1432705542392146,0.18058004109503,0.1642026928591249,0.1653320480302608,0.15735153288880172
343,0.1427655165753466,0.1798030109141204,0.1671226234882045,0.1567105428895327,0.130064333095851,0.1421225658837345,0.1430316633695731,0.1802820904108037,0.1638942854755957,0.1650320249654474,0.15708286570682095
344,0.1424788626746111,0.1795808935282821,0.1668283404245426,0.1565242410461441,0.1298755233676587,0.1418843598570394,0.1428373558101454,0.1800126234874092,0.1636286877433136,0.1646619408265415,0.15683128287656875
345,0.1421788398176566,0.1793459742211602,0.1665665881794143,0.1563209635525298,0.1296353476517787,0.1416451602329469,0.1425714645616392,0.1797830218561925,0.1633353599395736,0.1644053875239038,0.15657881075367958
346,0.1419010604084202,0.1790887430121021,0.1662909761546053,0.1561071320669994,0.1293790212462281,0.1413959794398222,0.1423911296622843,0.1795334462370033,0.1630421795825955,0.1640830957159464,0.1563212763526007
347,0.1416141260191074,0.1788221617098692,0.1660367788122747,0.1559129763315735,0.1291602544717359,0.1411804594519789,0.142174943758047,0.1793575228421619,0.1627291562457368,0.1637746256440996,0.15607630052865848
348,0.1414038756875995,0.1785704863350824,0.1657902800909271,0.155708680064105,0.128976207219878,0.1409530893315013,0.1419695735080542,0.1791428772407,0.1624035468365401,0.1634689282411528,0.15583875445555403
349,0.1411213340680504,0.1783357078529998,0.1655297665130656,0.1555110322472629,0.1287513037238525,0.1407240022105702,0.1417692218440593,0.178907976141097,0.1621492777067294,0.1631293734813554,0.15559289957890426
350,0.1408564870674711,0.178103398517766,0.1652833707250965,0.1553011301614398,0.1285473722142144,0.1405369786670322,0.1415854679436694,0.1786816716981022,0.1618879028241656,0.1628233574352172,0.15536071372541743
351,0.1406130330692292,0.1779146843089313,0.1650421374617642,0.1550902092429022,0.1283532067256422,0.1403352724389877,0.141357737324052,0.1784049578144765,0.1615968187019046,0.1625108943144896,0.15512189514023794
352,0.1403440214681077,0.1777398831334905,0.1648139999208149,0.1549119297177401,0.1282132137093887,0.1401137919895778,0.1410998024634612,0.178163271797719,0.1612755199016099,0.1622505347858731,0.15489259688877827
353,0.1400471464973749,0.1775497492176448,0.164538552603763,0.1546940450966472,0.1280421870282435,0.1399083961543681,0.1408896903421099,0.1779382722454238,0.160974264040139,0.1619492228974179,0.15465315261231322
354,0.1397851526687265,0.1773275621414369,0.1642775691036125,0.1544801774964146,0.1279102593213709,0.1396766904131679,0.1406403997792897,0.1776768764938407,0.160705709708142,0.1617129911066081,0.15441933882326098
355,0.1395040054333151,0.1771145295650841,0.1640044804121979,0.1542982541156833,0.1277250961250034,0.1394767766172034,0.1404981222870705,0.1773773488746303,0.1603832380404159,0.1614620066758296,0.15418438581464336
356,0.1391849439448474,0.1768871790227916,0.1637531887577102,0.1540839123119158,0.1275743952160913,0.1392465861718219,0.1402967962533827,0.1770494558486992,0.1600966967795324,0.1612038453043617,0.1539376999611154
357,0.1389099687865781,0.1766483231320339,0.1635244934805528,0.1539365225440205,0.1273758923854292,0.1389893414441319,0.1400587969244685,0.1767402234716308,0.1598164327974134,0.1609388062196957,0.15369388011859547
358,0.1386530754439787,0.1764060966935713,0.163249685993218,0.1537354096498316,0.1272086325301042,0.1387940938521917,0.139871909099204,0.1764205986808726,0.1594903506536565,0.1606749610463194,0.1534504813642948
359,0.1383862606186544,0.176174728335491,0.1631021740452276,0.1534808837875698,0.1270113059746692,0.1385875794682283,0.1396679916860827,0.1760782912318566,0.1592365498010362,0.1604180957521903,0.15321438607010063
360,0.1381195338405571,0.1759330585182889,0.1628969741884472,0.1533112997808568,0.1267961308325954,0.1383698751300728,0.1394806043217644,0.1757632551814237,0.1589750151085364,0.1601631745366053,0.1529808921439148
361,0.1378710898851767,0.1756881663558165,0.1626959473189914,0.1530519470228064,0.1266211792144989,0.1381455924986644,0.1392976142380233,0.1755271621534395,0.1587037469169133,0.1599134275326847,0.1527515873137015
362,0.1375939124177084,0.1754445227505417,0.162419046706718,0.1528434522038396,0.12648368759532,0.1380038156493324,0.1390590276857861,0.1752424301758017,0.1584492486287068,0.1596474993284395,0.15251866431421943
363,0.1373751590816704,0.1751716436692913,0.1622013891162252,0.1526191338630212,0.1263275157224346,0.137763779081154,0.1388822730886147,0.1749735974885551,0.1581968855062265,0.1593584097391456,0.15228697863563387
364,0.1371426206713897,0.1749245151934539,0.1620046526552222,0.1524296315485115,0.1261202206788365,0.1375550580443958,0.1386557877250577,0.1746985773719036,0.1579614250660473,0.1590761951445338,0.1520568684099352
365,0.1368783297868408,0.1747169798357065,0.1618370760322692,0.1521789320471921,0.1259232065638035,0.1373432582413784,0.1384802256921664,0.1744470745645989,0.1577287681949583,0.1588199017399092,0.15183537526988236
366,0.1366104821604324,0.174497382256328,0.1616004923219927,0.1519264213351084,0.1257415453975677,0.1371902221087566,0.1383095691576756,0.1741817981002872,0.1574877284065355,0.1585598948046255,0.15161055360493095
367,0.1363942860141143,0.1743085234224786,0.1613488591952553,0.1516773204347566,0.1255992134748868,0.1369790704362276,0.1381136856216599,0.1739063536405795,0.157205116601001,0.1582562736822232,0.1513788702523183
368,0.1361516100939145,0.1741118292978438,0.1611226900638178,0.1514492697447983,0.1254591621762377,0.1368014943738978,0.1379150578648632,0.1736358024691358,0.1569331887915547,0.1580126804143111,0.15115927852903746
369,0.1359216783289709,0.1739462269272529,0.1609301703189063,0.1512462742511792,0.1252985144717686,0.1365906647814793,0.137702168858336,0.1733815594807382,0.1566737210791134,0.1577127767893506,0.15094037552870954
370,0.1356648769598199,0.1737223967507921,0.1606834461361157,0.1510437790858939,0.125138523319566,0.1364173895501311,0.1374906645303839,0.1731108906249147,0.1564542165211359,0.1574664474791207,0.15071926309578737
371,0.1354596265890172,0.1735208374358988,0.1604882177267299,0.1508312508961307,0.1250261896859312,0.1362462195584896,0.1372830900823146,0.1728932381247385,0.1561659406211303,0.1571738817910511,0.15050884925114316
372,0.1352603184769303,0.1733063290798833,0.1602490953674862,0.150639079896473,0.124853772902105,0.1360775843703398,0.1370827490561676,0.1726484879673894,0.1559268655777577,0.1569175264845127,0.15029618091790448
373,0.1350517478412654,0.1731529432582282,0.160030707109145,0.1504063447798563,0.1246985072242307,0.1358541131555013,0.1368826731393076,0.1724151906253375,0.1556737609961672,0.1566566405299302,0.15008226286589693
374,0.134841258841767,0.1729688606749081,0.1598056614360112,0.1502012338350861,0.1245634493512365,0.1356281244940406,0.1367127198748202,0.1721934013048814,0.155401891868663,0.1564097844488863,0.14987263861303005
375,0.1346311050728809,0.1727713591405184,0.1595301306695238,0.1500222296405323,0.1244112901986693,0.1355020028956929,0.136542633054932,0.1719570805661769,0.1551323038418999,0.1562144402585828,0.1496714575339409
376,0.1344593567378255,0.1725694924079013,0.1592724607329843,0.1498313907020954,0.1242136208366734,0.1353182589103333,0.1363497145756692,0.1717133338504706,0.1548862474603031,0.1559806542237316,0.1494594530437988
377,0.1342591160965636,0.1723700560931814,0.1590219178511215,0.1496367470878935,0.1240095496981358,0.1351611000024685,0.1360794465803319,0.171496237473801,0.1546107632250456,0.1557540736908933,0.1492399007799436
378,0.1340621656567705,0.1721666666666667,0.1587623553715782,0.1494371046801856,0.123833062674448,0.1350186075818511,0.1358797964540849,0.1712632452003593,0.1543618515308104,0.1555556467177696,0.14903405025345245
379,0.1338795336951274,0.1719678533537974,0.1585581938871063,0.1492625777049311,0.1236402388120114,0.134838804666297,0.1356858103946319,0.171007251062747,0.1541220341503816,0.1552984171660625,0.14882607148930935
380,0.1336872298872299,0.1717480058898101,0.1584020989148537,0.1490485965104576,0.1234564205259096,0.1346546797439028,0.1355072727136007,0.1707766216883895,0.1538937373303578,0.155067921207258,0.14862425844117697
381,0.1335157054776968,0.1714979419668674,0.1582086179201377,0.1488537713354661,0.1232753149836945,0.1344700626626631,0.1353687366134913,0.1705708750088905,0.1536092968377704,0.1548205314128087,0.14841908542194865
382,0.1332957070182074,0.1712688747665112,0.1579856336094882,0.148619501854796,0.1231167151308532,0.134271546692607,0.1351663273671437,0.1703727670481703,0.1533610113989426,0.1545881298248953,0.14820462147116148
383,0.1330838205215931,0.1710816684310599,0.1577780155457543,0.1484596001372877,0.1230186295508563,0.1340446829712999,0.1349660130134383,0.1701739323959887,0.1531525345598775,0.1543559414179803,0.1480114838545136
384,0.1328364388718479,0.1708849874225254,0.1575398845112167,0.1482282667835258,0.122814018388857,0.1337729425158993,0.134741446147825,0.169932850605976,0.1529287636920062,0.1540924824312267,0.1477772081370906
385,0.1325895572220443,0.1706734660106062,0.1573264102061143,0.1480494923608655,0.1226464172945685,0.1335309223068154,0.1345618907431236,0.1696758424349356,0.1527279592792302,0.1538635402172306,0.14756454980755343
386,0.1323368047993346,0.1704881579388343,0.1571445062774152,0.1478545552898442,0.1224743389047964,0.1333282912869113,0.1344239620555228,0.169424783353225,0.1524432950364648,0.1536012561103263,0.14735199510526747
387,0.1321540986033657,0.1703204368623842,0.1569354487439221,0.1476611458501129,0.1222786137102808,0.1331464036378098,0.1341999518738505,0.1691743426583374,0.1521509165371981,0.1532852453701828,0.14713066038474443
388,0.131931715861621,0.1701276886370567,0.1567165106202466,0.1474517942540065,0.1220925457213483,0.1328769834160975,0.1340462958429222,0.1689298423864832,0.1519026257305128,0.1530018532919919,0.1469077855762287
389,0.1317149100862347,0.1699466091235923,0.1565080787686234,0.147266776035587,0.1219437932498877,0.132676312279699,0.1339261895694798,0.168678944039655,0.1516669567942067,0.1526709984168094,0.14669995683637746
390,0.1314869881203323,0.1697537145361161,0.1562714421257135,0.1470560299871988,0.1217573157240339,0.1324559987082189,0.1337654284928453,0.1684290372109595,0.1514321983051435,0.1523545005407223,0.14647626537512842
391,0.1312339087185488,0.1695675515714658,0.1560525130381685,0.1468622097498473,0.1215590088485208,0.1322405041113533,0.1335879583565899,0.1681596701361825,0.1511842342687505,0.1520581319725849,0.14625056907720124
392,0.1309711821025689,0.1693207247088857,0.1557967884952683,0.1466890791281396,0.1213530834399833,0.1320089658786702,0.1334286073793023,0.1679007544122031,0.1509596741203664,0.1518171048628049,0.1460245964528193
393,0.1307417675626945,0.1690717894593318,0.1556267755946842,0.1465191923360213,0.12115677236226,0.1317797236541674,0.1332243556645063,0.1676504059258054,0.1507179044301014,0.1515643788883197,0.1458053065877892
394,0.1305455041872648,0.1688678656301607,0.1553961754055261,0.1463489240044499,0.1209841837759118,0.1315918164726758,0.1330584673199391,0.1674129328663075,0.1504916611139418,0.1513161287123803,0.14560136594885578
395,0.1303302159521263,0.1686428440548891,0.1551954441699372,0.1461635951571538,0.1208017541235895,0.1313739995319447,0.1328437125173918,0.1671798416726639,0.1502650450270015,0.1510152193308734,0.1453811671537571
396,0.1301078227656533,0.1684513274336282,0.1550447823395813,0.1459474523050573,0.1206603079232139,0.1311927431926591,0.1326498743024443,0.1669439905534729,0.1500020942408376,0.1507762658906266,0.14517766609471744
397,0.1299154722440454,0.168248599483462,0.1548497153886819,0.1457274534267566,0.1205232364319239,0.1309801327739423,0.1324640866452168,0.1667396608944072,0.1497589184044596,0.1505232673838965,0.14497305430767923
398,0.1296911374871635,0.1680488266088099,0.1546529633570493,0.1455541745212173,0.1203990605837391,0.1307804404370495,0.1322825644916179,0.1664770056393941,0.1494825290778597,0.1503046241131971,0.14476733263170974
399,0.1294604086997519,0.1678593225511137,0.1544220385095809,0.145363340039577,0.1202776644940031,0.1306109000374841,0.1320833244405237,0.1663031085819824,0.1492459289794874,0.1500461279173434,0.14456721642508477
400,0.1292798363679964,0.1677036094143144,0.1541588614212493,0.1451797583152625,0.1201359681143773,0.1303961800957053,0.1318637414814779,0.1660642872607549,0.1489963277495553,0.1498157646697792,0.14435943348904728
401,0.1290517035273063,0.1675033800453962,0.1539337033625841,0.1449961772176242,0.1199660307560972,0.1301892763713419,0.1317171414693496,0.1658002640087143,0.1487942602102029,0.1495983180379862,0.14415502550066028
402,0.1288533363859733,0.167296273334711,0.1537142822525928,0.1448329022390397,0.1197915124832417,0.1299913618457429,0.1315065832784726,0.1655666287297738,0.1485961917158573,0.1493432433217752,0.14394923155871803
403,0.1286337856473832,0.1670995265314133,0.1535109734910996,0.144648709977588,0.1196136942374799,0.1298120522670645,0.1313142198662205,0.1653086168488518,0.1483732102509287,0.1490520919092882,0.14373668810273177
404,0.1284226279170724,0.1668889193314807,0.153285767980667,0.1444396898561375,0.1194637482835807,0.1296293904781896,0.1311506000294579,0.1650682830598485,0.1481417709292394,0.1488132437162521,0.14353040415819257
405,0.1282082782502895,0.1667094488285013,0.1530481242312423,0.1442690823407176,0.119291421564605,0.1294722214005683,0.1309638030359195,0.1648149283601563,0.1479486020663559,0.1485757887080862,0.14333016987864416
406,0.1280389103151883,0.1665021941560526,0.1528202794120464,0.1440516266452047,0.1191256563597342,0.1293153774591,0.1307456518656117,0.1645781019969969,0.1477707146507182,0.1483408171569448,0.14312893300175977
407,0.1278789137298424,0.1663040599052519,0.1525979820756339,0.1438413762246536,0.1189693156280014,0.1290922522750824,0.130571995928805,0.1643503747884652,0.1475300173145059,0.1480731614181215,0.14292094492883634
408,0.1277036182035428,0.1661352415693237,0.1524042916042425,0.1436465302517703,0.1188082131275209,0.1289027851734189,0.1303585275574349,0.1641276479856829,0.1472777607903093,0.1478373300588502,0.14272019463220964
409,0.127536502640961,0.1659586906441848,0.1522210439313799,0.1434269856195959,0.1186387239152306,0.1287214367355754,0.1301634017065248,0.1639310837320168,0.1470289090277972,0.1476049588659482,0.14252317368192147
410,0.1273448826382063,0.165715027950699,0.1520503513629377,0.1432582998822063,0.1184801946438271,0.1284736849190288,0.1299330424367265,0.163735005162504,0.1468274328935582,0.1474281732266323,0.14232460951163264
411,0.1271476752478892,0.1655397599840725,0.1518343497135083,0.1430768950038319,0.1182927301563883,0.1282764376071129,0.1297038043166787,0.16351163867309,0.1466412177243118,0.1471896737232546,0.1421214182150138
412,0.1269516257430149,0.1653289264382609,0.151641128965782,0.1429367718951825,0.1181343763936718,0.1280853121702092,0.1295318354628607,0.1632701351156416,0.146484546537159,0.1469639693478296,0.1419328628069612
413,0.126773345259801,0.1650896865265076,0.1514156978792362,0.1427622071431326,0.1180106486628993,0.1278978471177721,0.1293789842317899,0.1630441943650626,0.1463006668599594,0.1467271701362413,0.1417400448182402
414,0.1265741410343859,0.164839290556774,0.1512351577320312,0.1425906166001466,0.1178973347172623,0.1276752679106299,0.1291696034340853,0.1627793954520244,0.1460943770687848,0.14644759805917,0.14153027825652945
415,0.1263898045210618,0.164631252446416,0.1510449338486869,0.1424454901766111,0.1177321393964956,0.1274789199211447,0.1289884182052752,0.1625421344966507,0.1458805408634717,0.1461859468563311,0.1413319580732145
416,0.1262078219641115,0.1643900869614587,0.1508793677262787,0.1422701516719924,0.1175829517499784,0.1272681881765268,0.1288013137217215,0.1623554392862831,0.1457180730540878,0.1459169843533031,0.14113903786657417
417,0.1260140127503811,0.1641780773441039,0.1506550598148075,0.1421037004120546,0.1174295982223834,0.1270683706520208,0.1286150150055354,0.1621159453270563,0.1455277259724678,0.1456469867893721,0.1409354492290183
418,0.1258443770615335,0.1639617796181491,0.1504848653994473,0.1419185299581458,0.1172924538327782,0.1268728111367606,0.1283870126365967,0.1618967709909227,0.1453253795599232,0.145397831607284,0.1407381811801541
419,0.1256597125345381,0.163711816211042,0.1503430258343496,0.141790410072103,0.1171759533833807,0.1266390070549516,0.1281663093882016,0.1616689532592194,0.14509473321639,0.1451511440734641,0.140540106502764
420,0.1255079322338157,0.163462767612537,0.1501604662412752,0.1416424579761772,0.1170674353905356,0.1264222583996019,0.1279929827856864,0.1614741273308207,0.144910763029553,0.1449199457259159,0.14035611367259185
421,0.1253245881389385,0.1631958072628695,0.1499699759715885,0.1414904271052152,0.1169223625890501,0.1262313762530087,0.1277955006166135,0.1612811374549819,0.1446637889187803,0.1446744469772369,0.14015494112882831
422,0.1251450844038172,0.1629339977295144,0.1497925434305992,0.1413286477100834,0.1167774481774293,0.1260575470551465,0.1276215317549459,0.1610573552965382,0.1444726353529299,0.1444005556762442,0.13995873465872483
423,0.124977253859833,0.1626753983056352,0.149586689817459,0.141191806783944,0.1166410347943463,0.1258566382101854,0.1274372066612841,0.1608132279388618,0.1442574730896591,0.1441063256329396,0.13975430550941476
424,0.1248120377522663,0.1624191384327822,0.1493253181687696,0.1410403296696033,0.1165254750211949,0.1256524972423157,0.1272386940508975,0.1606014203594151,0.1439996311008938,0.1438423625717696,0.13954569043699078
425,0.1246120564659838,0.1621505094802309,0.1491232056274793,0.1408668726228431,0.1163892532106548,0.1254735229721612,0.1270640939945246,0.1604193693516107,0.1438085544511813,0.1435522807049369,0.13934597188816067
426,0.1244145618872481,0.1619055337123242,0.1488684095445904,0.140696087411959,0.1162421652295543,0.1252771205400276,0.1268774531373756,0.1602363298279535,0.143619667583831,0.1432872978149429,0.13914246266898064
427,0.1242586998403699,0.161674612880208,0.148625459837125,0.1405727983878195,0.1161208675747683,0.1251270092125042,0.1266583066735125,0.1600371217764943,0.1434185022321278,0.1430585598181507,0.138955193823308
428,0.1240611262620274,0.1614281791722345,0.1483888126480218,0.1404348380570773,0.1160075270071836,0.1249802866656273,0.126435320737541,0.1598615427079619,0.1431991950143397,0.1427826352907311,0.13875794635627453
429,0.1238819398366827,0.1611820625510572,0.1482032335054813,0.1402871926120339,0.1159440023539124,0.1248247419166548,0.1262350453277697,0.1596423434686363,0.1430034083873844,0.1425494894629549,0.13857534594225676
430,0.1236575645208489,0.1609185131749322,0.1479838787397939,0.1401655316010931,0.1158915191351143,0.1246519956231209,0.1260438626465588,0.1594700229932392,0.1427993617746382,0.1423407039267085,0.13839229541360482
431,0.1234823155327119,0.160682740903634,0.1477695182659272,0.1400508068302032,0.1157612743973699,0.1244803471980877,0.1258078758069207,0.1592786570283763,0.1425987949281039,0.1421070575403331,0.13820193884316678
432,0.1232621472460594,0.1604010473716133,0.1475476732935925,0.1399051717999124,0.1156452315696364,0.1243030539997886,0.1256364057514211,0.1591007411992545,0.1423912277805294,0.1418756979201423,0.138006839793195
433,0.1231005545446667,0.1601228143824748,0.1473061325673275,0.139776253368576,0.1155241233645591,0.1241328727936573,0.12542684295979,0.1589147753064003,0.1421675078538858,0.1416773673981914,0.13781492445395288
434,0.1229684343570741,0.1598586129824411,0.1471066997793718,0.1396470506145671,0.11538903421984,0.1239455890299208,0.1252427695627176,0.1587098606980039,0.1419311407071373,0.1413971175524417,0.13761963095035154
435,0.1228105848381675,0.1595984179147362,0.1469061025180572,0.1395241659331975,0.1152754389795225,0.1237762976881522,0.1250917537597133,0.1585217890917957,0.1417383524284288,0.1411510778667725,0.13743939810185432
436,0.1226538680593614,0.1593496783090293,0.1466919968412647,0.1394179802066489,0.1151378274020623,0.1235705979058862,0.1249174619495946,0.1583070431794949,0.1415128722185686,0.1409366554871876,0.1372495981559098
437,0.1224819833917095,0.1591064200766649,0.1465122973992744,0.1392921153444609,0.1150264044001599,0.1233691205584101,0.1247209237737139,0.1581087438332386,0.1412738514596463,0.1406958688786517,0.13705877291159302
438,0.1223156345336106,0.1588457188277178,0.1462999124468153,0.1391432293548345,0.1148979418961491,0.1231914442063211,0.1245613541640031,0.157903960546826,0.1410366635478394,0.1404555423978496,0.13686514019219667
439,0.1221454705950081,0.1585820149875104,0.1461087960885846,0.1390169704574985,0.11475070579177,0.1229773217313346,0.1243691796338721,0.1576555715383378,0.1408120175048276,0.1402310396017989,0.13666490879305426
440,0.1219867960198793,0.1583296870951956,0.1458176287347765,0.1389154659753616,0.1145931757970315,0.1227769843290424,0.1242127548176081,0.1574723871985314,0.1405752063694487,0.1400274141429977,0.1364707500479873
441,0.1218242373337915,0.1580803544810315,0.1455981035740335,0.138796113105508,0.1144782148031683,0.1225554252659524,0.1240684688798961,0.157287320438613,0.1403471010818846,0.1398133975863844,0.13628487365502634
442,0.1216451382248661,0.1578183848502068,0.1453977892153669,0.1386721164547694,0.114345416194514,0.1223202185072241,0.1239234656110878,0.1570696441116308,0.1401002905232847,0.1395813388320201,0.13608738025249706
443,0.1215202831731429,0.157563114089714,0.1451622925858301,0.1385482286872705,0.1141919784115562,0.1221162954047871,0.1237699809209682,0.1568449704926729,0.1398705522363821,0.1393727411183961,0.135896043712072
444,0.121358370796922,0.1573512297290784,0.1449159273588186,0.1384075018421758,0.1140184699243596,0.121951155306173,0.123597013923275,0.1566665013304057,0.1396580611888261,0.1391543685910488,0.13570785999910828
445,0.1211917508544748,0.1570942311137914,0.144703723492495,0.1382692468322182,0.1138721646184817,0.1218216705765033,0.1233812272162255,0.1565301955869256,0.1394584141937376,0.1389062748485982,0.1355228899333451
446,0.1210318939520857,0.1568623712059135,0.1444933064013581,0.1381407597816101,0.1137319340562861,0.1216516241072302,0.1231821597106416,0.1563650121065374,0.1392673275512994,0.1386926466868722,0.13534190355598344
447,0.1208756467376433,0.1566000765046087,0.1442996011376472,0.1379795558769321,0.1135833965299804,0.1214876250658241,0.1229846116694839,0.1561739664956009,0.1390573446387414,0.1384828248966842,0.1351524649553146
448,0.1207444410181187,0.1563581009607047,0.1441038174499169,0.1378657270183438,0.1134498834011752,0.1212880888111931,0.1228026598561061,0.1559538926780735,0.1388475830943142,0.1382653831473588,0.1349679577435305
449,0.1205809158814018,0.15613051035431,0.1439318529290723,0.1377185720606539,0.1133315234496313,0.1210966793161203,0.1226510317317311,0.1558139312187967,0.1386542340936198,0.1380494250160042,0.13479586760513415
450,0.1204352314849366,0.1559053664763416,0.1437514728715145,0.1376044019280866,0.1132011222196581,0.1208978120157542,0.1224910135849805,0.1556233732402773,0.1384479886365782,0.1378105842373435,0.1346168366695471
451,0.1202572034757002,0.1556657419056529,0.1435283542386579,0.1374886938343847,0.113114964029672,0.1207231960101195,0.1223532817896324,0.1554539470265213,0.1382129314963002,0.1376112319515209,0.1344409545758162
452,0.1200972553970041,0.1554341475029011,0.1433524256478833,0.1373483665188183,0.1129629702409147,0.1205610250644932,0.1221967628945658,0.1552966554714413,0.1380153429358,0.1374445785776997,0.13427095302515213
453,0.1199416264752844,0.1552039995464299,0.1431458243641367,0.1372666374539028,0.1128139197101675,0.1203980122915119,0.1220098315614652,0.1551363597190503,0.1377871814675029,0.1372210598106368,0.13409244524000882
454,0.1197721120198671,0.1549761427169134,0.142940103602077,0.137150737509524,0.1126997939960445,0.1202314348722373,0.1218694047938018,0.1549675270947817,0.1375693391858277,0.13702519951541,0.13392017953064844
455,0.1196035327066069,0.1547274017822746,0.1427842653128924,0.1370209557654846,0.1125797164224144,0.1200743160709623,0.1216923723488464,0.1547795250946959,0.1373400148693342,0.1368570899015475,0.13374591902750593
456,0.1194504529525644,0.1544812100781825,0.1426160618549792,0.1369077384037776,0.1124760881895825,0.1199102531992797,0.1215376389163053,0.15459316286101,0.1371081800135917,0.1366532903285106,0.13357340767977832
457,0.1193091850620513,0.1542816458242461,0.1424312804326528,0.1367751122917658,0.1123406958361758,0.1197469890507331,0.121388292873049,0.1544255501571878,0.1368884438510606,0.1364451964310272,0.13340323918099495
458,0.1191404122672258,0.1540471725209927,0.1422052631030638,0.1366425102205535,0.1122181146590767,0.1196159202129973,0.1212289003904035,0.1542714418834222,0.1366969091615337,0.136224854567485,0.13322914989867543
459,0.1189951592010655,0.153836178020839,0.141989854024307,0.1365561134397394,0.1120920468078706,0.1194749003512372,0.1210225243785194,0.1540835570362982,0.1364594185696098,0.1360046334207499,0.1330514385250236
460,0.1188293169726542,0.1535814394257761,0.141783829279113,0.1364314848555005,0.1119512546168847,0.1193190049524049,0.1208335045793191,0.1539216775785901,0.1362549945811095,0.1358032870956267,0.1328709793936979
461,0.1186705270526245,0.1533444620491927,0.141572201348638,0.1363037409548904,0.1117961646018307,0.11916215218531,0.1206872379849915,0.1537519742231906,0.1360233989695642,0.1355743588897323,0.13268862182599647
462,0.1185170991337243,0.1531054215922988,0.1413884540097234,0.1361820546007525,0.1116922704534452,0.1189923847130164,0.1205358420891195,0.1535809333653469,0.1357949886985305,0.1353646532070223,0.132515410186298
463,0.1183995025764453,0.1528993275295835,0.14116461186463,0.1361001754940017,0.1115662136656861,0.1188191384811368,0.1203968974544086,0.1534311364916084,0.1355823977790224,0.1352036371846712,0.1323563038521194
464,0.1182755620435617,0.1526890789511999,0.1410038012122008,0.1359919560353663,0.1114259363333467,0.1186901009841126,0.1202579697191571,0.1532650201931923,0.1353678744939271,0.1350004299578232,0.13219677299238877
465,0.1181526652750172,0.1524738010518999,0.1408386345814044,0.1358522272924382,0.1112766564489035,0.1185164542440769,0.1201347698970442,0.1530942574969477,0.1351632720642426,0.1348158847640813,0.1320318623116056
466,0.1180156829141923,0.1522532378031366,0.1406220448961335,0.1357325712924927,0.1111801469266446,0.1183569580380245,0.1199680050350127,0.1529172089026811,0.1350032227071949,0.1346716455010177,0.13187207240165305
467,0.1178638874697593,0.1520112688441952,0.1404117007102081,0.1356522772089045,0.1110655215080865,0.1182060952012383,0.1198356741489578,0.1527440211693044,0.1347927452812183,0.1345282395673057,0.13171114311091783
468,0.1177486653498647,0.1517846060393908,0.1402257439103202,0.1355390041223307,0.1109484590385513,0.1180512122616014,0.1197199641162033,0.1525567222095412,0.1345725075801147,0.1343535312985332,0.13155004159264513
469,0.1176169670183574,0.151532653614532,0.140036520321841,0.1354017285342139,0.1108333201138987,0.1179064287956431,0.1195697023457521,0.1523677292758098,0.1343407746632311,0.1341790105978481,0.1313784835281127
470,0.1174669067942962,0.1512885275726707,0.1398406001079854,0.1353004299439126,0.1107215060165889,0.1177596773232971,0.1194216943286399,0.1521912216514428,0.1341029483015414,0.1339971573886711,0.13120906694290463
471,0.1173398905662085,0.1510276091798991,0.1397016971239871,0.1351858316825857,0.1106175415953758,0.1176194208920439,0.1192917034508465,0.1520088957453251,0.1338719884490089,0.1338421976288084,0.13105067763140893
472,0.1172431441260761,0.1507625674466389,0.139529873422816,0.1350640620505726,0.1104980085956218,0.1174411559455867,0.1191715401899304,0.151859837471876,0.1336729345384999,0.1336606974363093,0.13089038212239276
473,0.1171133119606199,0.1505454316238099,0.1393680941444769,0.1349659140824036,0.1103958736362476,0.1172918820356517,0.1190164292938956,0.1516861324341775,0.1334850433904947,0.1334475031240988,0.1307315615725876
474,0.1170006842485972,0.1502929555582149,0.1391962447632551,0.1348392220333008,0.1102889417453472,0.1171634200967025,0.1188987600689608,0.1515462635780656,0.1333076264009176,0.1332810879923285,0.13058152064856904
475,0.116854384459354,0.150057794989145,0.1390192427559974,0.1347240871401949,0.1102076667324716,0.1169978928584987,0.1187487562189055,0.1514090145925092,0.1331306040620033,0.1330928133986739,0.13042422572077533
476,0.1167321612029513,0.1498106071308917,0.1388561235675136,0.1346105774357084,0.1101375068007512,0.1168284569305271,0.1186155515013096,0.1512490841894465,0.1329404854052312,0.1329041976879416,0.13026847518522722
477,0.1165859985985399,0.1495797186648762,0.1387060093687617,0.1344690410980101,0.1100561852400908,0.1166486012103257,0.1184854905814019,0.1511217230289445,0.1327575357311535,0.1327448546123061,0.13011551581344102
478,0.1164498731578845,0.1493629940694595,0.1385448601986733,0.134343092738146,0.1099724087197374,0.1164806437384784,0.1183428012395752,0.1509724967995981,0.1325526470128245,0.1325917356320246,0.12996135533064015
479,0.1163349716672559,0.1491546428929179,0.1383701599513992,0.1342068763693632,0.1098833408214169,0.1163272217834442,0.1181575046729152,0.1508338099039112,0.1323769037092222,0.1324496242916609,0.12980950560635068
480,0.1162170022975035,0.1488794168075489,0.1382352981822991,0.1340684094772528,0.1098244088676612,0.1161584936880554,0.1180163604483904,0.1506971174200728,0.1321825935711311,0.1322648419808999,0.12965439427408149
481,0.1160883180364625,0.1486447687109409,0.1380475329504541,0.1339391210029474,0.1097862310389563,0.1160004716380814,0.1178438408865352,0.150564266822209,0.1319762011971212,0.1321294626545501,0.1295020214938258
482,0.1159834439627057,0.1483826871797319,0.1378759495262684,0.1338021062372614,0.1096922094606549,0.1158326160223315,0.1176882672039084,0.1503922296510927,0.1317862017956407,0.13196765583171,0.12934033668713057
483,0.1158671303509019,0.1481475809810962,0.1377003865423667,0.1336483094091278,0.1096037200770571,0.1156647517286599,0.1175523239959037,0.150208986415883,0.1316037684826594,0.1318149584823322,0.12918119164659878
484,0.1157491655145547,0.1478951601892471,0.1375092740161329,0.1335256725019317,0.1095184330121099,0.115494894944006,0.1174614003009968,0.1500398808168677,0.1314100923759937,0.1316309925745615,0.12902349662464022
485,0.1156170078188108,0.1476618081614202,0.1373719075498606,0.133387749134107,0.1094366159522981,0.1153589017118106,0.1173225746442192,0.1499007782333744,0.1312632596801913,0.1314464498353919,0.1288767052721484
486,0.115469219247759,0.1474274867182053,0.1372368958872647,0.1332279332360798,0.1093545682512824,0.1152257174729855,0.1171914492685004,0.1497907241168192,0.1310592176928152,0.1312725146312347,0.12872557265229462
487,0.1153078343880196,0.1471979884888129,0.1370944182505961,0.1331066092035499,0.109279891485159,0.1150661509696543,0.1170702510179595,0.1496409809439384,0.1308743284404512,0.131067323258534,0.12857057764466748
488,0.1152203759276147,0.1469781503218664,0.1369156450513003,0.1329700887342405,0.1091936364929584,0.1148830132602158,0.1169790019022337,0.1495230110539321,0.1306681121689405,0.1308662377930395,0.1284197272706342
489,0.1150937852190115,0.1467353728863258,0.1367513311879705,0.1328528310407767,0.1090825498834287,0.1147338237482569,0.1168358525629932,0.1493762620131812,0.1304805350597419,0.1306810359115489,0.12826233795132352
490,0.1149673594081373,0.1465090476162616,0.1365905891699479,0.1327231438785166,0.1090003662803101,0.1146094066493256,0.1167305829980181,0.1492590674391401,0.1303147356623163,0.1305157834424785,0.1281220082544452
491,0.1148385838978512,0.1462470625311255,0.1363812135564657,0.1325615211270771,0.1089266937794445,0.1144690396587924,0.1166273743895496,0.1491320078194839,0.1301003958981239,0.1303588774648967,0.12796427701228105
492,0.1147501696783797,0.1459890841346387,0.136217862469122,0.1324506245409162,0.1088476877075537,0.1143279588041977,0.1164971611555657,0.1489609272094335,0.1298783369885805,0.1302044712109817,0.12781242838993695
493,0.1146392982009806,0.1457702865948566,0.1360571890887852,0.1323345169315465,0.1087649584669328,0.1142089725874018,0.1163818428547995,0.148766519220766,0.1296602915935797,0.1300295069447759,0.12766133824844245
494,0.1145272170740129,0.1455377641987516,0.1358826732181475,0.1322200553785691,0.1086892213978096,0.1141088053159235,0.1162891574556093,0.1486031933697776,0.1294492405653987,0.1298609992057098,0.12751683271797093
495,0.1144285783453818,0.1453359119854336,0.1357058395245736,0.1321163133551564,0.1086459871386837,0.113981306276915,0.1161649953981354,0.1484479093876581,0.1292522081115835,0.1296796409120105,0.12737586904355316
496,0.1143127839246398,0.1451292165501756,0.135559979005779,0.1320030068306745,0.1085789661890092,0.1138711681293979,0.1160511114855045,0.1483300058457612,0.1290469385614648,0.129498815098489,0.12723819916208953
497,0.1142298579736636,0.1449083476689929,0.1354163061791357,0.1318696611808114,0.1085116838711475,0.1137860857576971,0.1159278101043686,0.1481836307620763,0.1288721527738849,0.1293334209685137,0.1271038957240292
498,0.1141355521807732,0.1447466879434252,0.1352818157208762,0.1317365322473551,0.1084459332929138,0.1136436735252388,0.1158009060531947,0.1480527744322674,0.1287113630770837,0.1291767532090112,0.12697319916821392
499,0.1140341751149351,0.1445789672623422,0.1351386199953535,0.1316121570142991,0.1083443277380877,0.1135174226950431,0.1156572700023905,0.147890845898958,0.1285247750889507,0.1290201802629572,0.1268318741073317
500,0.1139594808361278,0.1443820209738797,0.1350199583870457,0.1314864393396867,0.1082438922203212,0.1134245715924571,0.1155094432396531,0.1477168257389162,0.1283423884302581,0.1288716270542001,0.12669566478125455
501,0.1138540307733013,0.1442106188299904,0.1348622280805007,0.1313238055803404,0.1081617424995764,0.1133294908415146,0.11539841031283,0.1475121430518705,0.1281748312077324,0.1287360552989864,0.1265563356476643
502,0.1137261760715726,0.1439939428408929,0.1347010411781258,0.1311686763727304,0.1080546440055121,0.1132233180031089,0.1152462576436121,0.1473506729343616,0.1279731097496781,0.1285737581066222,0.12640115969062166
503,0.1135977848303868,0.1438048979777117,0.1345453430890839,0.1310429579905511,0.1079801592830794,0.1131033939322709,0.115114279986879,0.1471840859919115,0.1277945409447571,0.1284228482190002,0.12625902922456317
504,0.1134805145502066,0.1436142860647369,0.1343952597146714,0.130954364927685,0.1079263348919573,0.1129402713517124,0.1149896355910168,0.1470139776129365,0.1275794311076137,0.1282732481728724,0.1261167323985409
505,0.1133823055392163,0.1434065411675223,0.1342468844565686,0.130866140659652,0.1078306660047019,0.1128275006205014,0.114834795008654,0.1468811869885597,0.1273821997211827,0.1281276722200553,0.12597858923866143
506,0.1132921426715388,0.1432016397907529,0.1340522411645503,0.1307671597102273,0.1077899627711116,0.1127197004675551,0.1146856796336187,0.1467522884576688,0.127190136488915,0.1279959804526576,0.1258446931608596
507,0.1131803676687899,0.1430062369516898,0.1339097606986315,0.1306479822047002,0.1077196480107006,0.1126208372020772,0.1145732905612392,0.1466264713347804,0.1270238903861464,0.1279007879199173,0.12572092729386725
508,0.1131307014528414,0.1428105559575696,0.1337523227836387,0.1305150206073204,0.1076241348233924,0.1125163633545405,0.1144590161866192,0.1464969608310086,0.1268597503766575,0.1277770223271038,0.1255941848700692
509,0.1130533595232378,0.1426081635698828,0.1335604359483835,0.1304014411909811,0.1075556787936578,0.1124212655860567,0.1143500857824183,0.1463481999735984,0.1266739920747446,0.1276536510829444,0.12546262735259056
510,0.112949030656545,0.1424016769498497,0.1334083698443874,0.130275899241798,0.1075018009673768,0.1123176527949264,0.1142156180188585,0.1462059820230723,0.1264971843119474,0.1275540568094771,0.12533272716182386
511,0.1128318732002976,0.1422144066789471,0.133239549248134,0.130139555938007,0.1074364767093277,0.1121900801859221,0.1140862346163073,0.1460792173266546,0.1263053029288612,0.1274209932073037,0.12519436900397624
512,0.1127337955946472,0.1420162866570204,0.1330556105792158,0.1300078260698461,0.1073593301994481,0.1121066399374144,0.1139687080760209,0.145941083247006,0.1261305674411886,0.127305736863955,0.12506255846657627
513,0.1126337468076691,0.1418146547581199,0.1329318415981465,0.1298830314367516,0.1072946061812767,0.1119978131888237,0.1138574560621724,0.1457744613722555,0.1259649295041421,0.1272161292147441,0.12493686701241016
514,0.1125250870165425,0.1415907812600849,0.1327738093933849,0.1297436187436436,0.1072471755255169,0.1118640136591405,0.113738368122252,0.1455956585793409,0.125769974568427,0.1270906526722909,0.1247939139540624
515,0.1124013404687185,0.1413963393767225,0.1326362467070144,0.1296455713300584,0.1071753947274416,0.1117509008985563,0.1136275108348803,0.1454496297123293,0.125566604800459,0.1269394705810744,0.12465890094372549
516,0.1123044976607469,0.1412143497033424,0.1324779728675899,0.1295320616386487,0.1071435064217502,0.1116254737217519,0.1135451824565443,0.1452964407062886,0.1253707580303771,0.1267918879181721,0.12453021311252122
517,0.1121891551407507,0.1410180599311304,0.1323222256684278,0.1294135010494052,0.1070659562283694,0.1115379538866065,0.1133999151748635,0.1451364429607288,0.1251364040458857,0.1266563794569366,0.12438759935431046
518,0.1120756943473127,0.1407716444204032,0.1321469910654015,0.1292823995592474,0.1069933982856838,0.1114561758585794,0.1132704644281668,0.1449874490522093,0.1249242281207362,0.1265273591070068,0.1242435804244747
519,0.1119428005101987,0.1405478188255972,0.131962480633593,0.1291921540502869,0.1068945351581936,0.1113607368464512,0.1131960965103675,0.1448622577337082,0.1247137363203708,0.1263773446252382,0.12410499612140051
520,0.1118094231626895,0.1403372517773071,0.1317830392487194,0.1290990945842104,0.1068226989203611,0.1112478112489786,0.113074961987,0.1446965151696405,0.124535672172425,0.1262626977907821,0.1239669166062114
521,0.1116825560717168,0.1401265516071011,0.1316414303949946,0.1290173963701703,0.1067498968512295,0.1111498930216544,0.1129625304639277,0.1445746380484365,0.1243595729660775,0.1261471311409258,0.12384115969362344
522,0.1115438844375016,0.1399262261239923,0.1314851264903109,0.1289254270765481,0.1066680830249895,0.1110472689416796,0.112858883756386,0.1444245586389497,0.1242018374051771,0.1260147474360649,0.12370960433315996
523,0.1113871968839866,0.1397261965632063,0.1312693719011223,0.1288236198623794,0.1066017859462951,0.1109668037051568,0.1127395948190434,0.144301042338964,0.1240152912309255,0.1259100260007429,0.12357409292518222
524,0.1112479859637841,0.1395389615774274,0.1311098479909841,0.1287348800956932,0.1065138677921382,0.11086957631966,0.1126012388385279,0.1441492183609021,0.1238590320913702,0.1257891862224305,0.12344137952529177
525,0.1111179369319727,0.1393399565804691,0.1309675642922064,0.1286195424459029,0.1064098650694582,0.1107331421640408,0.1125076353250615,0.1439986638414376,0.1236879277143087,0.1256846438351293,0.12330668781999873
526,0.1109934541126686,0.1391401837457353,0.1308208493384549,0.1285366099305065,0.1063716404239542,0.1106259037686624,0.1123733726271994,0.1438530429491312,0.1235276365640886,0.1255608372102926,0.12318035306706936
527,0.1108634890980876,0.138948947174258,0.1306805526473625,0.1284512081212644,0.1063052327352815,0.1105301839712413,0.1122857834826834,0.1437207993576719,0.1233395671594357,0.1254447363947987,0.12305705001420848
528,0.110780581578888,0.1387437907842731,0.1304960515598993,0.128350419280142,0.1062300777171013,0.110415615810282,0.1121937556536089,0.1435791689574351,0.1231749245534189,0.1253453984564934,0.12293097843515419
529,0.1106426468325389,0.1385572560185275,0.1303184125396856,0.1282750182072973,0.1061598278654132,0.1103334939328749,0.1120650370791452,0.1434429093218993,0.1229849889947112,0.1251997852643381,0.1227979376056431
530,0.1105564297125978,0.1383492960001423,0.1301612459651046,0.1281916740435586,0.1060968640512132,0.1102210355731358,0.1119662923279763,0.1432807184981767,0.1228152881601157,0.1250789721829325,0.12267178165149532
531,0.1104592126602415,0.1381660791559726,0.1300168087775067,0.128091198768044,0.1059877191195334,0.1101118425246517,0.1119010728487272,0.1431354448940865,0.122679096933229,0.1249494068204241,0.12254978825024168
532,0.1103399991410042,0.1379806369115404,0.1298412045041645,0.1280157760953906,0.1058775505633077,0.1100324105695956,0.1118153953344254,0.1430145716550286,0.1225146172062437,0.1248467483961837,0.12242789103768845
533,0.1102250798897316,0.1377809557133036,0.1296984630205368,0.1279483501699638,0.1057720582546639,0.1099360558264794,0.1117516874606002,0.1429105922520681,0.1223451929938259,0.1247466409339304,0.12231150765151037
534,0.1100895159041491,0.1376065789125662,0.1295598295528033,0.1279088396515999,0.1056835338361344,0.1098337670955382,0.1116487094684441,0.1428135714285714,0.122183962410179,0.1246653739399553,0.12219936821999408
535,0.109959034655367,0.1373910905460206,0.1294033938802026,0.1278272302182188,0.1055995822561591,0.1097296535085894,0.1115534547112483,0.1427007078144713,0.1220343247464259,0.1245373934358021,0.12207358657725051
536,0.1098515654415385,0.1372055428670741,0.1292388633246778,0.1277367437935826,0.1055171400453787,0.109643481581722,0.1114261534178109,0.142593093146495,0.1218543984272248,0.1244174976547027,0.12194844797002072
537,0.1097434842482871,0.1369903554606554,0.1291014067384509,0.1276608739645884,0.1054416187572887,0.1095597487924305,0.1112774835581487,0.1424688263592275,0.1216839487143558,0.1243208690767619,0.12182486156701951
538,0.1096311964209672,0.1367817992421593,0.1289416343019356,0.1275877676742519,0.1053319404650909,0.1094284426805572,0.1111570882975,0.1423633145567008,0.1215136122279857,0.1242306587655176,0.12169674546326661
539,0.1095249261003679,0.1365908591480026,0.1287972509779642,0.1275358206885823,0.105211125920015,0.1093069748098859,0.1110356294456667,0.1422609307240732,0.1213523540691511,0.1241218685953937,0.12157377404791025
540,0.1094113239614606,0.1363887211542309,0.1286383576111397,0.1274634871135455,0.1051364116170987,0.1092011215507373,0.1109420243493018,0.1421682770563991,0.1211898342380092,0.1240111704024825,0.12145507290544051
541,0.1092692865331444,0.1361925995381223,0.1285014921620593,0.1273901184499278,0.1050860499052249,0.1090936007954835,0.1108431066812734,0.1420398899054799,0.121035943077984,0.1238752901528568,0.12133273772015563
542,0.109142857383191,0.1359848935060614,0.1283579355450693,0.1273217110228451,0.1050311164809352,0.1090069513813368,0.1107208658136411,0.1419273674338882,0.1209052918668216,0.1237643214174792,0.1212163311851269
543,0.1090478984613059,0.1358056499226333,0.1282226650250192,0.1272255810130276,0.1049716249235893,0.1089071398288091,0.1106238077389039,0.1418159791655348,0.1207618089841759,0.1236646757240855,0.12110468307870847
544,0.1089602880465378,0.1356373174804714,0.128067904910537,0.1271426382961624,0.1048940625273077,0.1088059065112769,0.1105652099852372,0.1416817131674079,0.1206049849629377,0.1235285804610468,0.12098886063489227
545,0.108842535852287,0.1354770938161135,0.1279265497938844,0.1270628701092114,0.1048110141408179,0.1086807714567523,0.1104508607902938,0.1415819181429444,0.120451925565201,0.1234018253938478,0.12086873650613535
546,0.1087605020632851,0.1352610483501119,0.1277721942192276,0.1269877062849367,0.1047174836784525,0.1085761445022566,0.1103646975074762,0.1414799899671143,0.1202876132535352,0.1233006909697402,0.12075080707961364
547,0.1086630880239531,0.1350535767539274,0.1276308182046973,0.1268891296532991,0.1046225822668111,0.1084971065416191,0.1102744040594173,0.1413853664556973,0.1201531708525222,0.1231894920631685,0.12063587348751122
548,0.1085485682947501,0.1348469739387108,0.1275031648039858,0.1268058547523149,0.1045180206831609,0.1083594970347084,0.1101910812198717,0.1412983986107761,0.1200160320105811,0.1230750240266047,0.12051626153754647
549,0.1084507532788026,0.1346463505368564,0.1273828772609579,0.1267101749558674,0.1044318342472884,0.1082826897637998,0.1100686389906498,0.1411865643605666,0.1198856642406809,0.122970542313073,0.12040160899485426
550,0.1083604445040293,0.1344201042777015,0.1272350620972635,0.1265994904922209,0.104327231744198,0.1081641267387196,0.1100033739360552,0.1410841950671677,0.119736614515681,0.1228704855735873,0.12028011289466242
551,0.1082524323163581,0.134207760807548,0.1270979022158361,0.1265155697688432,0.1042587463327441,0.1080627759139687,0.1099050465135424,0.1409685111871327,0.1195866542295576,0.1227317953314106,0.12015871946169417
552,0.108165987204236,0.1339975788484949,0.1269592781960961,0.1264255348598094,0.1041837078846735,0.1079633743321353,0.1097898492738096,0.1408511864815101,0.119433013767607,0.1226209946553373,0.12003905055037092
553,0.1080444553390168,0.1338392793695159,0.1268441096888945,0.1263322106869576,0.104101581513534,0.1078852132400358,0.109682231634666,0.1407478267738712,0.1192738600185795,0.1224745176602053,0.11992252859252765
554,0.1079825416919108,0.1336457747679756,0.1266766028482789,0.1262631696432235,0.1040024798042502,0.1078303811005872,0.1095782574542597,0.140611519175204,0.1191246471914709,0.1223366899801246,0.11980520636572853
555,0.1079051467600058,0.1334652749696724,0.1265627038472989,0.1261713308478086,0.103887482992303,0.1077338647952049,0.1095118336188775,0.1404970036120841,0.1189753790030108,0.1222137387997099,0.11969237592459761
556,0.1078219683031852,0.133277490643379,0.1264146913854314,0.126064328231084,0.1037854482721299,0.1076293009963895,0.1094142747705897,0.1403599548040341,0.1188069797586014,0.1221161119894334,0.11956905491542576
557,0.1077537809667131,0.1330665889320437,0.1262691551735625,0.1259765660052895,0.1037286528135325,0.1075525345336072,0.1093237813586837,0.1402330833983437,0.1186637362853564,0.122038667541036,0.11946065470081683
558,0.1076412125457106,0.1328663199908922,0.1260917229446151,0.1258644076076336,0.103680960952328,0.1074518977992042,0.1092192494703432,0.1401244492343677,0.118513086332489,0.1219112336594521,0.11933645405370356
559,0.1075139475001788,0.1326503854237322,0.1259430475703901,0.1257958408903276,0.1035875339672252,0.107363368009867,0.1091147506719875,0.1399890245598797,0.1183701599721759,0.1218061097453222,0.11921341683110862
560,0.1074332409684683,0.132447863438804,0.1258041225849919,0.1256885623459193,0.1035027177317148,0.1072378212116369,0.1090297730315711,0.1398719758798326,0.1182303944334449,0.1217148224682219,0.11909612940946057
561,0.107355716608053,0.132255966086806,0.1256955044968248,0.1255732646982646,0.1034080240950162,0.1071626073265522,0.1089493797951693,0.1397666281458654,0.1180929714434398,0.121608176030012,0.11898682387260033
562,0.1072643826761474,0.1320686014078894,0.125565278393756,0.1254792294071269,0.1033290661723241,0.1070710481645339,0.1089023879515161,0.1396371863160185,0.1179461951308971,0.1215267489440664,0.11887901245642758
563,0.1071575085076528,0.1318599910204987,0.1254299359127294,0.1253786050036684,0.1032812232131016,0.1069860472066885,0.1088255985184137,0.1395413347334269,0.1177885224315004,0.121417212301832,0.11876659788495122
564,0.1070423520246463,0.1316838172929235,0.125285041050903,0.1253016178562921,0.1031969692567447,0.1069358951210895,0.1087346930916746,0.1393779084315335,0.1176286881774656,0.121311301444627,0.11864982837478996
565,0.1069293989885683,0.1314968717207516,0.1251662389422588,0.1251955713333386,0.1030848534251805,0.1068386310750354,0.1086330517634813,0.1392741209655928,0.1175005283101656,0.121187996356774,0.1185307262881147
566,0.1068278821656306,0.1313198669553691,0.125042066285475,0.125099802959298,0.1029954467184056,0.1067817153528412,0.1085690038197829,0.1391675379007746,0.1173513719757609,0.1211130784800357,0.11842677726133735
567,0.106753374983197,0.1311364319787303,0.1248992692079794,0.1250152337305518,0.1029021250579685,0.1066909615985014,0.1085256574885986,0.1390253424486013,0.1172251357270131,0.1210182977869369,0.11831918300080783
568,0.1066724539440268,0.1309609850168165,0.1247748284170381,0.1249390217608305,0.1027926341598563,0.1066327420943073,0.1084593456909823,0.1389021273334354,0.1170758160082743,0.1209155736930728,0.11821255281186402
569,0.1066009749736568,0.1307773792029012,0.1246573073990188,0.1248584932729707,0.1027065978326886,0.1065473709746645,0.1083879883878533,0.1387763285449898,0.1169313817120323,0.1208170172584443,0.11810608395592204
570,0.1065031446440816,0.1305719612034825,0.1245569067694843,0.1247711119985616,0.1026235595880709,0.1064887352254119,0.1083073196260497,0.1386386357149021,0.1167870410891515,0.1207124296021385,0.11799608454613346
571,0.1064315681491926,0.1303990269820961,0.1244275335208786,0.1246561498566033,0.1025577624483986,0.106406918560518,0.1082087029193337,0.138533959742215,0.1166274699210008,0.1205843195026793,0.11788334116029157
572,0.1063290055914087,0.1302065264774198,0.1242981818123043,0.1246032468108848,0.1024835670307845,0.1063427437810021,0.1081276836408099,0.1384460635615985,0.1164770541641677,0.1204953749707148,0.1177809447841095
573,0.106222199725398,0.1300334563800878,0.1241423202245378,0.1245002863552514,0.1024331372713821,0.1062433098961065,0.1080224000025226,0.1383497658856255,0.1163308787105133,0.1203863296985412,0.11766640841499662
574,0.1061379782887382,0.1298875967610759,0.1240051821645961,0.1244100416097526,0.1023656579405526,0.106144950216877,0.107955245019356,0.1382309799969702,0.1161962286574495,0.1202745851969761,0.11756084458523441
575,0.1060637942499141,0.1297228326162214,0.1238565841965144,0.1243062512412012,0.1023133960559322,0.1060418111128363,0.1078896330315576,0.1381251489320442,0.1160598289787274,0.120136719816743,0.11745160002316916
576,0.1059615363444351,0.1295735015508154,0.1237007533119751,0.1242034067348139,0.1022641091493282,0.105987052284954,0.1077734746696639,0.1380494921859623,0.1159204794403793,0.1200525090507966,0.11734863147231238
577,0.1058533275567883,0.1293869592036243,0.1235606381872155,0.1240897257746688,0.1022097458427221,0.1059134838499204,0.1076671370860492,0.1379832474121319,0.1157894910950294,0.1199794843235908,0.11724332403317408
578,0.1057751832319642,0.1291903742421613,0.1234346974728042,0.1239947954784445,0.1021201482516823,0.1058584318239842,0.1075923514061774,0.1378829264546573,0.1156184688572474,0.1199006933496888,0.11713680705688116
579,0.1056952930376866,0.1289947386572348,0.1233089231573612,0.1238873559982168,0.1020754084073445,0.105784344243534,0.107509516015899,0.137776127970672,0.1154836619355891,0.1198058053542021,0.117032117477774
580,0.1056155404572265,0.1288400370137937,0.1231954441029165,0.1237762812576598,0.1020300990681461,0.1057057870271653,0.107418525778649,0.1376427697195386,0.1153321652041563,0.1197198991866193,0.11692765488158711
581,0.1055503885388819,0.1286570763904089,0.1230791735539814,0.1236493835548131,0.1019612478879662,0.1056358130172765,0.1073267221420819,0.1375176124688319,0.1152082854736197,0.119652807775378,0.11682385108032393
582,0.1054655592510873,0.1284957639618636,0.1229560063391441,0.1235336553789972,0.1019081441165101,0.1055661511193123,0.1072434806597296,0.1374090211228902,0.1150792193795027,0.1195661008996899,0.11672231022287269
583,0.1053945779673274,0.1283141567640773,0.1228156198200706,0.1234189799399891,0.1018243888627885,0.1054987920235687,0.1071530441777008,0.137265401125848,0.1149379650674056,0.1195165643589419,0.1166139490107718
584,0.1052921348662707,0.1281389450077507,0.1226678658304616,0.1233111005757277,0.1017760107573964,0.1054239791722102,0.1070493684975939,0.1371158737361585,0.1147932701719278,0.1194355437230176,0.11650040923385152
585,0.1052201861246098,0.1279851915023127,0.1225227611805093,0.123212680214208,0.1017434302293142,0.1053304691366967,0.1069234550172264,0.1369813425137964,0.1146541650449758,0.1193710508937253,0.11639447318573745
586,0.1051465452452271,0.1278329960907279,0.1223932226682579,0.1231446608835241,0.1016813520675322,0.1052080013495236,0.1068067788425308,0.1368642042036245,0.1145119188192453,0.1193243783223394,0.11629140584925331
587,0.1050659554608103,0.1276683140177472,0.1222394722511248,0.1230256697443039,0.1016302375816604,0.105126582468779,0.1066960672949988,0.136752459303287,0.1143604529931559,0.1192607683901116,0.11618259795059789
588,0.1050017987768318,0.1274722229663397,0.1220796080372414,0.1229051518935176,0.1015598439115807,0.1050485581850402,0.1065957052376123,0.1366522387102978,0.1142381322369344,0.1191806513289868,0.11607339112843826
589,0.1049157564579043,0.1273118671896378,0.1219555633375648,0.1227606738175885,0.1015318407256079,0.1049474284892654,0.1064935972523389,0.136560589629658,0.1140984582717872,0.1191122135649268,0.11596879887362795
590,0.1048145388436131,0.1271449244880854,0.1218612761681251,0.1226555833850349,0.1014600415184959,0.1048544062333685,0.1063996410081078,0.1364585754607338,0.1139787061522726,0.1190527332314287,0.11586804264892656
591,0.1047123905642581,0.1270016636667402,0.1217568447333049,0.1225341810164246,0.101412698801939,0.1047956110925413,0.1063343246335566,0.1363770416049206,0.1138332188904353,0.1189852292136792,0.11577432042177997
592,0.1046235719920473,0.126824941566411,0.1216543027744138,0.1224079811246463,0.1013530261283823,0.1047317908364723,0.1062275032504808,0.1362946230470831,0.1136907184007391,0.118903448940959,0.1156711908061635
593,0.1045518775967735,0.1266567425022626,0.1215383672468742,0.1222821147908317,0.1013064558492963,0.1046368353367081,0.1061297062238648,0.1362196663015351,0.1135541844920194,0.1188247271744919,0.11557006775146576
594,0.1044501704108405,0.1264732796372085,0.1214533534876085,0.1221573318493717,0.101249786598378,0.1045598440013533,0.1060203855931304,0.1361518635720432,0.1134202522000838,0.1187262908324552,0.1154662558182473
595,0.1043672113387279,0.1263069252146449,0.1213427566207251,0.1220267784649239,0.1011791921761462,0.1044795764800682,0.1059383099503104,0.1360395450023486,0.1132709614422317,0.1186211781882973,0.11535724348784242
596,0.1042492749452895,0.1261363784432772,0.1212353462135449,0.1219109119662624,0.10111847250803,0.104427927195304,0.105853814445127,0.1359454574157392,0.1131307874938519,0.1185512805272478,0.11525596511536737
597,0.1041942627882437,0.1259800160391876,0.1211213190847783,0.1218111585711585,0.1010596092247101,0.1043681721712384,0.1057871404746013,0.1358369468622174,0.1129980121483191,0.1184493608955936,0.11516059982600482
598,0.1040912369383983,0.125815488045885,0.1210196235765759,0.1216966347416367,0.1010074721157526,0.1043035466467878,0.1057337228275172,0.1357175332896129,0.1128718214331621,0.1183387935781368,0.11505958731934654
599,0.1039935282538334,0.1256788686909813,0.120902805906396,0.1215720376005543,0.1009653956242306,0.1042434786189289,0.105680942087724,0.1356323866213952,0.1127500792416947,0.1182330928646983,0.11496526155104365
600,0.1039122620817592,0.1255150188168111,0.1208022188053246,0.1214940656009359,0.1009428901406411,0.1041806809040358,0.1056143887802575,0.1355213118658302,0.1126373735638937,0.1181347357097212,0.11487549462692101
601,0.1037913344356849,0.1253650248409228,0.1206542428221382,0.1214124097890173,0.100907800671252,0.1041300072827876,0.1055372146794808,0.1354118771249925,0.1124798057259714,0.118057394113589,0.11477471114858366
602,0.1036732144782718,0.1251917038227303,0.1205643118706133,0.1213198403435251,0.1008790663155159,0.1040448260680692,0.1054540046367829,0.135294402757333,0.1123480837115481,0.1179862997384536,0.1146755753742843
603,0.1036006392259923,0.1250189146423204,0.1204603741229827,0.1212584764394617,0.1008600128373555,0.1039743765695263,0.1053261625940423,0.1351964147988874,0.1122251783408384,0.1178990770600033,0.11458196266314102
604,0.1035012571343305,0.1248632568184491,0.1203643328367738,0.1211670229791705,0.1008279165855776,0.1039046861860045,0.1052219842491578,0.1350684442578207,0.112094903236707,0.1178041449137794,0.11448179491977709
605,0.1034180126184844,0.1247164695821055,0.1202430596121546,0.1210968765414988,0.1007977916618723,0.1038209535198707,0.105130629587401,0.1349548590198135,0.1119862588447399,0.1176920303003156,0.11438569412882563
606,0.1033386507846833,0.1245698811844128,0.1201300792076209,0.1210417677039664,0.1007951563700372,0.1037445216679107,0.1050385739922674,0.1348508202715852,0.1118984956245289,0.1176098890273142,0.11430178358343271
607,0.1032557219792565,0.1244187067185032,0.1200296376810499,0.120960217105605,0.1007614545021367,0.1036574647862823,0.104956052246202,0.1347720133689468,0.111789129707424,0.1175229731160834,0.11421233712114898
608,0.1031516846026796,0.1242483891454702,0.1199212332281098,0.120872105519839,0.1007403595035978,0.1035673026557584,0.1048591249832046,0.1346659760902051,0.1116854725592786,0.1174700344469832,0.11411816827351262
609,0.1030424262228181,0.1240944354177445,0.1198304677556615,0.1207960622301402,0.1007007770502359,0.103502212060242,0.10478699853941,0.1345272918900927,0.1115671728028705,0.1173634371127866,0.11402112810820017
610,0.1029339617489968,0.1239308147611282,0.1197160906994295,0.1207135366276965,0.1006573624925016,0.1034392220982239,0.1047136686689115,0.1344185077179577,0.11147437745944,0.1172807717076635,0.11392783139819493
611,0.102856641965851,0.1237892392901548,0.1196044201929613,0.1206375190758092,0.1006180082621899,0.1033602761058482,0.104606000088107,0.1342910194569732,0.1113670916157067,0.1171945585485457,0.1138324774602147
612,0.1027751634525171,0.1236251961136774,0.1195175429398318,0.1205382502763333,0.1005746821916635,0.1032914340391417,0.1045135925845038,0.1341979263559061,0.1112492652074435,0.1171060056368433,0.11373890587978615
613,0.1027081984683744,0.1234835240401723,0.1194228647130771,0.1204727479221365,0.1005422938202048,0.1032235490010197,0.1044408321164893,0.1340750751026351,0.1111414239158568,0.1170166250168345,0.11365271341168007
614,0.1026271775012418,0.123360985434878,0.119325947926539,0.1203972330305693,0.1004927851912207,0.1031710808876162,0.1043757768465761,0.1339463085608899,0.1109933886141483,0.1169316277360705,0.113562231172975
615,0.1025163623333601,0.123215644244735,0.1192016568865371,0.1203085915482647,0.1004453238899385,0.103120988568268,0.1042669382304228,0.1338148949626254,0.1108834725553603,0.1168495683421056,0.11346234415616174
616,0.10242481444497,0.1230643687496827,0.1190872105990989,0.1202101628778744,0.1004321552211854,0.1030480626569276,0.1041865357439643,0.1336973413204258,0.110771303124351,0.1167596462400352,0.11336816009785151
617,0.1023348431060513,0.1229015545199706,0.1189804495185849,0.120104672400915,0.1003734184252724,0.1029605763452374,0.104076508717746,0.1335936126307925,0.1106509863119292,0.1166807465560481,0.11326573685325476
618,0.1022443187603828,0.1227722970369787,0.1188615581998981,0.1200081114693554,0.1003354131431125,0.1029021499934607,0.1039894778666867,0.1334817983127555,0.1105367179769665,0.1166040939939726,0.11317359367535693
619,0.1021969905988888,0.1226156369105683,0.1187621041921764,0.1199020588359283,0.1002673268192832,0.1028473662027596,0.103898235283048,0.1333976010614878,0.1103999997090753,0.1165156822279925,0.11308030018412081
620,0.1021032273494857,0.1224597554649869,0.1186617564349917,0.119818223901021,0.1001986692319559,0.1027815697241182,0.103820478733012,0.1332998989644231,0.1102797064708256,0.1164388608279567,0.11298621471027767
621,0.1020204515694969,0.1223266783336266,0.1185310421449389,0.1197317232867664,0.1001531488341686,0.1027113797453317,0.103762818487761,0.1332189666141039,0.110127158683138,0.116329086103031,0.11289124538023632
622,0.1019068581150365,0.1221783074392466,0.1184131199284597,0.1196555000260295,0.1001059436021259,0.102631419939577,0.1037163499062535,0.1331307625053985,0.1100166871367997,0.1162234852389015,0.11279784338378285
623,0.1017926614604131,0.122038568163027,0.1183077827678295,0.1195563360153821,0.1000528599988129,0.1025692308993181,0.1036526021631505,0.1330411130722144,0.1098978003428074,0.1161041281160757,0.11270130829990307
624,0.1016738667434162,0.121909586808227,0.1182061082126736,0.119475992852614,0.1000225077133174,0.1024935674242264,0.1035651945562143,0.1329191993402804,0.1097600632470772,0.1160218088188907,0.1126047895716937
625,0.1015682855074295,0.1217551962878937,0.1180803776488521,0.1193895643217989,0.0999545306355612,0.1024359997022752,0.1035029416862802,0.1328437999051101,0.1096343495206812,0.1159215128029384,0.11250865580188207
626,0.1014823482176144,0.1215878821544726,0.1179853671073132,0.119310262385898,0.0999099033583374,0.102384792675182,0.1034521582692659,0.132758527956398,0.1094782131665944,0.1158538617856464,0.11242033170767222
627,0.1014020778521799,0.121436557966297,0.1178623442952218,0.1192154255890992,0.0998795606796814,0.1023251265515422,0.1033685618595407,0.132661661121244,0.1093556044863414,0.1157370869683234,0.11232440073694709
628,0.1013057689807081,0.121312612988864,0.1177446498641823,0.1191334680310052,0.0998223144824854,0.1022583349166787,0.1032977725774338,0.1325463757608959,0.1092264247058722,0.1156451316849467,0.11222928539930724
629,0.1011996650757288,0.1211839696347777,0.1175926038880126,0.119059534216676,0.0997753678208673,0.1022200712426742,0.1032155986797177,0.1324457351151424,0.109078722972722,0.1155518150010615,0.11213230836473802
630,0.1010943787395093,0.1210464811745859,0.1174756997951607,0.118961359339039,0.0997312306213746,0.1021848245153583,0.1031432824119575,0.1323383074983311,0.108951816298569,0.1154665618571891,0.11203939422510745
631,0.1010029905436847,0.1209044592647673,0.1173769521527222,0.1188652248056277,0.0996931890379275,0.1021537149600585,0.103066153900684,0.1322527293538246,0.1088129881367125,0.1153553926185681,0.11194837947745773
632,0.100919875937668,0.1207643714237252,0.1172651427712958,0.1187859049015679,0.0996262745176287,0.1020816901955669,0.1029640082089024,0.1321730907661177,0.1086989099752958,0.1152530893037693,0.11185323580015379
633,0.1007961457788957,0.1206037177238708,0.1171598584522031,0.1187213630547587,0.0995999669911587,0.1020403878787878,0.10289152430297,0.1321081315172468,0.1085769801801188,0.1151627428472417,0.11176608187272521
634,0.1007285087961136,0.120470497574025,0.1170610093664578,0.118636389383338,0.0995426177118102,0.1020143040682856,0.1028665289978954,0.132021416998085,0.108459096706249,0.1150831263702445,0.11168834959725042
635,0.1006617852535785,0.1203041748069755,0.1169499210421572,0.1185570285740135,0.0994967891319667,0.1019567786524703,0.1028038195177866,0.131947506175744,0.1083500493851234,0.1149987049931148,0.11160265575329305
636,0.1005651359214409,0.1201539735790348,0.116825134433086,0.1184837996773906,0.0994298716188481,0.1018979575522602,0.1027449343083752,0.1318620462898812,0.108228889559666,0.1149199929904092,0.11151117359303922
637,0.1004847851525141,0.1200050857100168,0.1167296394878175,0.1183866509634647,0.0993897900095945,0.1018364901196211,0.1026838910125793,0.1317712138462373,0.1080974764619497,0.1148519165386871,0.1114236939302482
638,0.1004218029573802,0.1198589297186912,0.1166228473257457,0.1183123036376778,0.0993447209656282,0.101781534674681,0.1026250908841292,0.131677319985724,0.1079828698966684,0.1147637148317002,0.1113391134878026
639,0.1003295566668161,0.1197366168249719,0.1165036831269554,0.1182427051978975,0.0993115281818462,0.1017320619040175,0.1025760139741801,0.1315905878573723,0.1078735969244584,0.1146581903708593,0.11125545410293747
640,0.1002407335121363,0.1195967650896038,0.116409184911723,0.1181583978158404,0.099265169992479,0.1016641478335982,0.102522282286978,0.1314881387060803,0.1077513775165763,0.1145838878689713,0.11116800855339866
641,0.1001615583907708,0.1194463685588921,0.1162972833868163,0.1180764656665631,0.0992303671093384,0.1015856585084532,0.1024634458401917,0.131374545470419,0.1076261480877671,0.1145233219648693,0.1110785162984081
642,0.1000556015648744,0.1193201141413695,0.1162069579731269,0.1179943139043265,0.0991888217205219,0.1015361269487841,0.1024088925187028,0.1312826876064893,0.1075102901336147,0.1144592147162515,0.11099630212280616
643,0.0999836667942517,0.1191984111077469,0.116092182423807,0.117904641726739,0.0991560732043329,0.1014709239293283,0.1023643973981634,0.1311848363222977,0.107369921417823,0.1143812213502121,0.1109106275674702
644,0.0998864387939418,0.1190903292452603,0.1159764465954059,0.1178292557989331,0.0991033907416068,0.1013974345377462,0.1023010834990334,0.1311057240665552,0.1072684686789786,0.114279694213951,0.11082382661714123
645,0.0998147459735979,0.1189699054072812,0.115868537641149,0.1177752702815374,0.0990731840585205,0.1013555669581104,0.1022384485479361,0.1310336047996948,0.1071358139534884,0.114179804568553,0.11074448821898686
646,0.0997236188558697,0.1188111606309632,0.1157663296398502,0.1177125813298557,0.0990129101742414,0.1012886229102973,0.1021809056059345,0.1309663492191714,0.1070141257541381,0.1140975747161654,0.11065741788364869
647,0.0996344882116159,0.1186720391937116,0.1156594219822333,0.1176310993174969,0.0989907063971661,0.1012302740526674,0.1021142140523596,0.1309091818939806,0.1069031556927402,0.1140188298407659,0.11057634106347373
648,0.0995514710854196,0.1185479684831679,0.1155341553845289,0.1175758763579348,0.098929973123126,0.1011794016343621,0.1020429844653213,0.130820826648726,0.1067913300729377,0.1139214319183095,0.11048954191738339
649,0.0994481163980201,0.1184235696562899,0.1154584896004935,0.1175018634363422,0.0989214668239489,0.1011294855181024,0.1019834327223327,0.1307454649827784,0.1066779238756232,0.1138502075475673,0.11041400205614986
650,0.0993543296583003,0.1182857762669598,0.1153745225568698,0.1174022273237115,0.0989242710958201,0.1010742917685894,0.1019440940244972,0.1306483649043986,0.1065522817796201,0.1137867131494216,0.11033468725281884
651,0.0992660195907497,0.118160340994783,0.1152729997275451,0.1173189715653501,0.0989018247606063,0.1010184617700504,0.1018552270590717,0.1305336414968049,0.1064499159174341,0.1137312331651482,0.11025086360475433
652,0.099173604972281,0.118038277545435,0.1151708064138185,0.1172704555661306,0.0988587151943988,0.1009561549577932,0.1017656245083459,0.1304102210832149,0.1063457592714505,0.113654435575731,0.11016440550885993
653,0.0991146859538508,0.1179098108780066,0.1150389161944278,0.1171837895348772,0.0988452449888794,0.1009113548618721,0.1017025552704073,0.1303066911054163,0.1062350065238136,0.1135596328867197,0.11008076881982706
654,0.099038286322352,0.1177794168497841,0.114910071942446,0.1171146912684615,0.0988326311800021,0.1008333723404398,0.1016456544534028,0.1301798448553557,0.1061161360421492,0.11347098004421,0.10999210852986033
655,0.0989704071404706,0.1176942933061631,0.1148252503163644,0.1170400962572544,0.0988263790349668,0.1007899157083211,0.1015908425731184,0.1300977659979432,0.1060039442861059,0.1134207803765609,0.1099259674997269
656,0.0988806847962969,0.1175692907313616,0.1147233303414115,0.1169703145889607,0.0988314571675736,0.1007225178486689,0.101518085142527,0.1300133792021826,0.1058708105038222,0.1133487215366825,0.10984485918594875
657,0.0987981909493099,0.1174438168739406,0.1146231095673144,0.1168999716710794,0.0988306231747597,0.1006659728894578,0.101440779146423,0.1299468979693534,0.1057409064027354,0.1132574856772241,0.10976477543215976
658,0.0987184439803903,0.1173253862535551,0.1145154566311529,0.1168258456375747,0.0988000911368088,0.1005895634521543,0.1013887297388448,0.1298801577262544,0.1056305535988882,0.1131871308621069,0.10968613590177304
659,0.0986476478564722,0.1172268667692337,0.1144270673272375,0.1167582777096764,0.0987898630969164,0.1005277520979703,0.1013080234960678,0.1298253524346245,0.1055527214686486,0.1131327526887957,0.1096196324945643
660,0.0985542569506617,0.117120625440716,0.1143376753631083,0.1166598453411249,0.0987614209815619,0.1004647525874763,0.1012296653301473,0.1297377547513198,0.1054376859817129,0.1130768536022712,0.10953805363301002
661,0.0984815175845881,0.1170107476075483,0.1142465110913029,0.1165721582183857,0.0987698132009715,0.100391740283503,0.1011765296536555,0.1296442312019078,0.10534642977222,0.1129998678517792,0.1094639546465862
662,0.0983995002102675,0.1168790318255514,0.1141582558523774,0.1164872056709998,0.098769658984476,0.1003495806615964,0.1011320941322743,0.1295605279560653,0.1052640135451014,0.1129275012986441,0.10939273701373535
663,0.098314992511616,0.116770331972423,0.1140455762460372,0.1163977137416881,0.0987428635222636,0.1002969997588421,0.1010835331654072,0.1294546003663418,0.1051537678920368,0.1128520293927188,0.10931124085693747
664,0.0982274202562118,0.1166411465221294,0.1139195068692318,0.1163197018264945,0.0987442547292933,0.1002631655121145,0.1010008181495067,0.1293327154059783,0.1050617482991003,0.112794568844133,0.10923050464141937
665,0.0981418934323994,0.1165328237465436,0.1138078384295857,0.1162427502873002,0.0987016769828605,0.10020792638472,0.1009088194572765,0.1292500841519232,0.1049397242929607,0.1127189911774519,0.10914525283430217
666,0.0980463599213766,0.1163979425711851,0.113703143066093,0.1161922222744077,0.0986659246720613,0.1001586322127458,0.100843847167748,0.1291524416941126,0.1048406862088727,0.1126460341534735,0.10906472339420761
667,0.097969673799858,0.1162864037958115,0.113624991672343,0.1161195096627255,0.0986070547998612,0.1001094165107439,0.1007798365937183,0.1290473754470071,0.1047508996219716,0.1125815697370143,0.10898767316410544
668,0.0979028362178601,0.1161863481693208,0.1135107275340719,0.1160656030432043,0.0985789668654445,0.1000394451147535,0.1007001989205264,0.1289513714982948,0.1046215649277691,0.11250716402557,0.10890642263168153
669,0.0978349847251254,0.116068683827206,0.113405845607664,0.1159921787470772,0.0985325647086568,0.099977246121661,0.100632742262227,0.1288545028233694,0.1045227127097656,0.112413644143777,0.10882351056765296
670,0.0977603773860971,0.1159679878565741,0.1132907211892893,0.1159509060946733,0.0984953992941748,0.0999218816165444,0.100552008413985,0.1287977494161613,0.1044334082086187,0.1123439146550356,0.10875143541311535
671,0.0976779126684178,0.1158532052072006,0.1131773557337179,0.115883449939301,0.0984577227389532,0.0998541669918674,0.1004906458109327,0.1287232361031019,0.1043460189833335,0.1122850722846051,0.10867487864614311
672,0.0976305685447572,0.1157361581661209,0.1130734998719279,0.1157904032618171,0.0983920025814468,0.0997555903012704,0.1004393837112337,0.1286286124115233,0.1042453685478771,0.1122436886182214,0.10859352760161958
673,0.0975764051681119,0.115618980521724,0.1129669772086751,0.1157124945269275,0.0983251109883454,0.0996838264179614,0.1003531227617629,0.1285556226319394,0.1041202720494347,0.1121812039776286,0.1085094016252511
674,0.0975175431409292,0.115522900475364,0.1128809259552878,0.1156337700735583,0.0982801811727587,0.0996101921760144,0.1002663936589021,0.1284778576333131,0.1039982972506344,0.1121116521860986,0.10842997137228605
675,0.0974542762975609,0.1154278438852733,0.1127809332043737,0.1155661056086842,0.0982056062117867,0.0995528921764369,0.1002256890933183,0.1284130468829424,0.1039035732089774,0.1120623457969321,0.10835923123662858
676,0.0973841214013317,0.115323840859493,0.1126748720709572,0.1154952598500052,0.0981685552820735,0.0995005322065605,0.100175084330061,0.1283419515359831,0.1037882721746561,0.1120111118423791,0.10828636015535002
677,0.0973376151953273,0.1152118616798773,0.112591632416764,0.115434420372963,0.0981169373930386,0.0994508392791127,0.1001233843309646,0.1282742535141834,0.1036884536974115,0.1119785355465617,0.10822079334262043
678,0.0972645176115287,0.1151003079913104,0.1125035071912437,0.1153654674819753,0.0980710067062696,0.0993964827623459,0.1000556355217861,0.1281852881747066,0.1035993932029279,0.1119471174122784,0.10814887240563727
679,0.0972063913244116,0.1149935056952112,0.1123970698762812,0.1152965269838766,0.0980414962210846,0.0993263677196839,0.0999969897494425,0.1280953716556045,0.1034962274014205,0.1119053593223012,0.10807553059493177
680,0.0971430702982867,0.1148763633647094,0.1123000915326936,0.1152095009445844,0.0979990391955566,0.0992489510274354,0.099934448914843,0.1280187041576452,0.1034000905152568,0.1118376510972694,0.10799679110482804
681,0.0971134842414215,0.1147549242878261,0.1121954154590783,0.1151536986437739,0.0979391018691896,0.0991901640099629,0.0998826708796519,0.127933384845389,0.1032932778947258,0.1117738754668759,0.10792299975978947
682,0.0970505323694452,0.1146614500924091,0.1121034618108137,0.1150858268632981,0.0978687847152073,0.0991380442811029,0.0998055615251864,0.1278410447528077,0.1031891133243199,0.1117149282860629,0.10784587480206534
683,0.0969867268452485,0.1145584953798652,0.1120243162341677,0.115030447719881,0.0978151555476387,0.0990823174426987,0.0997573432930151,0.1277688523434237,0.1030770141902498,0.1116626020633839,0.10777632710595723
684,0.0969252441944087,0.1144410430929151,0.1119339519145617,0.1149516518411145,0.0977667898908244,0.0990252198038771,0.0996948269638763,0.1276852372062421,0.1029852661590781,0.1116050587785935,0.10770142898454915
685,0.0968615032252033,0.1143325439403059,0.1118404342077134,0.1148668514686552,0.0976991000823804,0.0989606563298488,0.0996517081745808,0.127615712957256,0.1028820128726911,0.1115455390494551,0.107625606230809
686,0.0967854040978868,0.1142060793854574,0.1117363557555748,0.1148014693270825,0.0976400323261816,0.0989268397993522,0.0996055702323799,0.127528115815298,0.102780637489832,0.1115021635406709,0.10755126677697162
687,0.0967182513078434,0.114093159134933,0.1116521940427681,0.1147252895512474,0.0975765293506749,0.0988760662031818,0.0995517695043527,0.1274689208980099,0.1026953198753345,0.111451970570144,0.10748094704384896
688,0.0966573865288322,0.113988993166311,0.1115544234347689,0.114659854782264,0.097514610765061,0.0988294300620464,0.0994770101223846,0.1273909616253793,0.1026133640457794,0.1114144057945802,0.10741004403274071
689,0.0965943713650226,0.1139017180739486,0.111459448014191,0.1145680948846398,0.0974662650383597,0.0987696411845826,0.099420263809822,0.1273050404966768,0.1025209542397045,0.1113695876729542,0.10733753847799017
690,0.0965354979319654,0.1138051532579869,0.1113835050898661,0.1144626417082059,0.0974109262581193,0.0987174299885154,0.0993463715175057,0.1272155003774334,0.1024076848234004,0.1113141921718657,0.10725989031248642
691,0.0964662410765612,0.1136953907264292,0.1112878503744689,0.1143692004088634,0.0973961582429406,0.0986581570292713,0.0993023835208301,0.1271286749007109,0.1022944931342455,0.1112735918356638,0.1071872141249985
692,0.0963912685083894,0.1135937363075736,0.1112039797554634,0.1143007055104976,0.0973399305120699,0.0985763341540156,0.0992346869430303,0.1270579929784047,0.1021921522244728,0.1112139178768256,0.10711047047707427
693,0.0963202579189581,0.113496452085526,0.1110992686999949,0.1142239521696727,0.0973017901824215,0.0985160858380312,0.0991937003660255,0.1269942651966285,0.1020871911257859,0.1111607003916492,0.10703936639746936
694,0.096273102166612,0.1133950704197809,0.1110073817918402,0.114170296265031,0.09724563367955,0.0984338308881993,0.0991521338700337,0.126911092757137,0.1019964029466937,0.1110785693582374,0.10696635141431152
695,0.0962012487476742,0.1133152904669364,0.1109217925695669,0.1140919990316295,0.0971910013454419,0.0983528002714686,0.0991360482747002,0.1268553178471913,0.1019300467529549,0.1110225258108249,0.10690180711183887
696,0.0961424258894919,0.1132103379535655,0.1108545938209763,0.1139794882222571,0.0971258625158132,0.0983027735130998,0.0991065639368328,0.1267968217798511,0.1018338066516088,0.1109798828844424,0.10683325571679389
697,0.0960773953974229,0.1131078212718145,0.1107821485382645,0.1139130345956519,0.097069550379573,0.0982542239587559,0.0990474078974992,0.1267214506837783,0.1017473243487445,0.1109306049035839,0.10676509619750887
698,0.0959730008852169,0.1130045466026774,0.1106883778450611,0.1138414161503352,0.0970136091836408,0.0982202160305324,0.0990107727682711,0.1266140445623383,0.1016430046184828,0.1108930659202769,0.10669020545668331
699,0.0959148007802181,0.1129077337306114,0.1105828025354442,0.1137685067675164,0.0969515911105207,0.0981716984912615,0.0989745859885538,0.126533726440652,0.1015442054162528,0.1108306210871097,0.10661802723481406
700,0.0958300483960334,0.1127855675587041,0.1104933559695801,0.1137284933355871,0.0968949358889354,0.0981051060678356,0.0989093724077228,0.1264376923036326,0.1014463908934556,0.1107647949184007,0.10653957577398873
701,0.0957728279720987,0.1126686822386899,0.110406229865338,0.1136561201621316,0.0968397253263468,0.0980418729296162,0.0988318351430057,0.1263229627853734,0.1013518952416959,0.1107229033941479,0.1064615055058444
702,0.0957153817568678,0.1125617276800996,0.1102989711371418,0.1135638225757608,0.09679826523764,0.0980017962217404,0.0987823134920033,0.1262200857511113,0.1012450528016765,0.1106708192374213,0.10638582358914628
703,0.0956667928695377,0.1124500187590261,0.1101995943886152,0.1134728746209481,0.0967580445583821,0.0979498295575422,0.0987181638155647,0.1261310415646252,0.10116576020167,0.1105942324234948,0.1063106352759406
704,0.095620390357128,0.1123523865478951,0.1101108292418199,0.1134055234228851,0.0967414047412678,0.097894733267054,0.09865912288783,0.1260343462311967,0.1010799212717333,0.1105314553145531,0.10624301132833629
705,0.0955393035076241,0.1122652021445276,0.1100003322615768,0.1133423088467873,0.0966941149678325,0.0978483048109482,0.0986068451681572,0.1259350408645161,0.1009758636503558,0.1104679964210113,0.10616753126433369
706,0.095471725725024,0.1121649719190203,0.1099143664983725,0.1132554998847828,0.0966412846308151,0.0978008510261069,0.0985891821762375,0.1258497778358598,0.100892014421159,0.1104168525154959,0.10609965266328739
707,0.0954091960942938,0.1120636555026855,0.1098452799229521,0.1131848184818481,0.0965826546918019,0.0977539194799351,0.0985533781591352,0.1257486433554754,0.1007899746510766,0.1103778444393537,0.10603093647785573
708,0.0953577520243852,0.1119319698323495,0.1097396624993163,0.1130800729076703,0.0965499789702738,0.0977107041371819,0.0985082096814949,0.1256545930158333,0.100687853711359,0.110342254127635,0.10595630509074991
709,0.0953247087774404,0.1118326486877201,0.1096401321771641,0.1130145717891865,0.0965115865334445,0.097669009225203,0.0984786942250333,0.1255826736626873,0.1005931970631967,0.1103022539545637,0.10589494760956394
710,0.0952713355406734,0.1117277426043735,0.1095597260190599,0.1129660921496581,0.0964764954072929,0.0975975632738674,0.0984445541936675,0.1254953552732226,0.1004955271617264,0.11024816108559,0.10582825527091318
711,0.095225424907813,0.1116057742316034,0.1094896902452642,0.1129113455857729,0.0964374686653965,0.0975278374801902,0.0983952522853809,0.1253910387071009,0.100392902699911,0.1102000539328358,0.10575767887412688
712,0.0951781188853317,0.1115052533726449,0.1093959474918311,0.1128275689122998,0.0964137077023386,0.0974692314449265,0.0983638499987566,0.1253073644745597,0.1002965200871251,0.1101722403566483,0.10569298027264624
713,0.0951305125423037,0.11138204437948,0.1093039762329654,0.1127510267790964,0.0963623862782999,0.097403544781801,0.0983260663907215,0.1252161939981154,0.1002183859278254,0.1101462059502023,0.10562403432608111
714,0.0950605842495842,0.1112756138421741,0.1092197628000282,0.1126837905137651,0.0963144861072298,0.0973379515603087,0.0983179654948844,0.1251356647923278,0.1001139144867221,0.1101217377980445,0.10555814716450689
715,0.094996691683487,0.1112047362801784,0.1091161018249891,0.112609749918345,0.0962808152374972,0.0972702614081428,0.0982958721757138,0.1250568769722998,0.1000077229483483,0.1100845953194088,0.10549234237684102
716,0.0949461449669112,0.1111431849160331,0.1090314441944686,0.1125276054525186,0.096248067597702,0.0972134079648442,0.0982608066920288,0.1249568879562883,0.0999090386021059,0.1100478130002878,0.10542844013431885
717,0.0948786564877951,0.1110715955302431,0.1089463614026858,0.1124765092693822,0.0962132828662896,0.0971537731348632,0.0982205910301438,0.1248630191534265,0.0998241675604373,0.1100061332832416,0.10536540897185083
718,0.0948049508491926,0.110991103805664,0.1088764891294955,0.1123979070213069,0.0961683308514186,0.0970957186880782,0.0981706021738836,0.1247868970408494,0.0997487654290596,0.1099512190823397,0.10529919840712883
719,0.094728068511809,0.1108868954181632,0.108809160601237,0.1123031603945926,0.0961140521160379,0.0970407897198799,0.0981114687257395,0.1247027300432812,0.0996531742891062,0.109892671871445,0.10522421716912915
720,0.0946344525518723,0.1107841247524925,0.1087422782091937,0.1122252560694403,0.0960456821544542,0.0969759974543851,0.0980554214499376,0.1246032509057994,0.0995716466370046,0.1098680570547804,0.105150616723936
721,0.0945734433068672,0.1106735583377563,0.1086564618006255,0.112141280271707,0.0959658489266699,0.0969228612142131,0.0979918947693787,0.1245218631724736,0.0994610463356933,0.1098385160193061,0.10507467741546908
722,0.0945273295184297,0.1105538528487227,0.1085899184850593,0.1120762529642326,0.0959384546188302,0.0968780344181128,0.0979237096130248,0.1244495765973826,0.0993893342205989,0.1098127132240858,0.10501391765084793
723,0.0944577994722179,0.1104477061935885,0.1085163769908095,0.1119976285671171,0.0958785550381111,0.096825804810383,0.0978597457259235,0.1243569984181705,0.099289483069437,0.1097757547735679,0.1049405853059326
724,0.094395334114688,0.1103438153755125,0.1084333073574595,0.1119087882325415,0.0958107281369125,0.0967611453177623,0.0978014554156847,0.1242603576610987,0.0992163792325496,0.1097264172014459,0.10486577280456551
725,0.094342972791249,0.110247605241536,0.1083579189035488,0.1118597886898427,0.0957668218750613,0.0966911017876817,0.0977566073575202,0.1241747136149162,0.0991531710120645,0.1096791741006907,0.1048029875374111
726,0.0942736326773304,0.110142286749562,0.1082826910158854,0.1117933370135516,0.0957232318481666,0.096633789861608,0.097684130183911,0.1241008557186199,0.0990749134342294,0.1096244319235042,0.10473333004263682
727,0.0942015840090515,0.1100599432552856,0.1082140951336288,0.1117184655214254,0.0956571745127963,0.0965593152410397,0.0976050059617934,0.1240143898450217,0.099000772087343,0.1095863137312386,0.10466170592986239
728,0.094136150998954,0.1099449972449204,0.1081448038028234,0.1116218460586844,0.095609550904784,0.0965103364574363,0.0975408720916826,0.1239178444783448,0.0989413517320294,0.1095263654068,0.10458941191764592
729,0.0940587885697651,0.1098431819779855,0.1080538119077087,0.1115296549946566,0.0955545090896234,0.0964518902795815,0.0974912385725779,0.1238143203531544,0.0988756547797713,0.10948386992893,0.10451569204537545
730,0.0939905935839692,0.1097507907494629,0.1079744818155883,0.1114607000735667,0.0954999269593163,0.0964074364364007,0.0974359663133439,0.1237232515715115,0.0988103450151123,0.1094216872684998,0.10444751797867717
731,0.0939175531368165,0.1096624590625619,0.1078647653845351,0.1113747219646417,0.0954457296498341,0.0963504104046654,0.0973790986602294,0.123651187230282,0.0987388094551431,0.1093693317658217,0.10437540667145309
732,0.0938552271893051,0.1095707426690899,0.1077727128407492,0.1112936716766195,0.0953606621444323,0.0962888562615815,0.0973227082116885,0.1235873027826937,0.0986652441287175,0.1093330624586134,0.10430501903634906
733,0.0937930494035835,0.1094588383141761,0.107683621835594,0.1112151050157895,0.0953082421291308,0.0962233277845035,0.0972713545926633,0.1234957640925382,0.0986092780962577,0.1093007907445212,0.10423593720087579
734,0.0937414664212478,0.1093688370766366,0.107589907483226,0.1111399100974446,0.0952327998664114,0.0961683750624195,0.0972093914139561,0.1234104047689358,0.0985336684865848,0.1092617016855541,0.10416564623624167
735,0.0936925211885034,0.10925747923318,0.1075126698825938,0.1110614305354899,0.0951696102998566,0.0961179728858392,0.0971602474028704,0.1233201043492601,0.0984510618596517,0.1092138819589045,0.10409569795961496
736,0.0936242170162664,0.1091513390018538,0.1074381132020295,0.1110180646496439,0.0950918076454897,0.0960661385625839,0.0971060066603429,0.1232525025199852,0.0983725073144326,0.10918785186057,0.1040308548433198
737,0.093557837037179,0.1090585388085564,0.1073597830940367,0.1109461018060976,0.0950337168793997,0.0960087232672172,0.0970623102050981,0.1231851293613523,0.0983062639462551,0.1091402465375419,0.10396586509427339
738,0.0934956454311131,0.1089564501626183,0.1072761713050756,0.1108870302122922,0.0949838343404795,0.095928804886779,0.097006511573407,0.123114010865996,0.0982130674254028,0.1090868405482453,0.10389483667514088
739,0.093415612315979,0.108846862224598,0.1071865853140788,0.1108036767779857,0.094916338895928,0.0958640809237988,0.0969767755615676,0.1230414341620083,0.0981273992265251,0.1090534090798121,0.10382321744822816
740,0.0933716571319489,0.1087576257513541,0.1070874321440423,0.1107439407875929,0.0948595748150847,0.0957946286798819,0.096941895495822,0.1229761575540969,0.0980250601417213,0.108990921800477,0.10375488943020221
741,0.0933233481572197,0.1086574727373813,0.1069901026978129,0.110675757344124,0.0947923329761056,0.0957099651466981,0.0968990738315754,0.1229161331705395,0.0979497486242675,0.1089636376471332,0.10368775723328572
742,0.0932693309668992,0.1085450767626875,0.1068785154165126,0.1106011969077894,0.094717989399644,0.0956448662245597,0.096858862267975,0.1228486983896954,0.0978700868698376,0.1089276777217777,0.1036162300927378
743,0.0932114527084012,0.1084387309775849,0.1067899416310275,0.1105292491050566,0.094661415771786,0.0955691577853478,0.0968059330865962,0.1227918407562154,0.0977927876685058,0.1088866687135698,0.10354771782040913
744,0.0931682339210141,0.1083315930418888,0.1067099780523541,0.1104333931461418,0.0946126850388256,0.0955182980030292,0.0967534023805403,0.1227255876170457,0.0977141935903731,0.1088629023755655,0.10348302671667783
745,0.0931231656619014,0.1082501179847246,0.1066258544126522,0.1103617876187524,0.0945446191788909,0.0954683626648081,0.0967274965379289,0.1226589175534402,0.0976507486034576,0.1088098701223268,0.10342209403388831
746,0.0930701955645543,0.1081661305213352,0.1065342612753842,0.1102904031272267,0.0944620311461908,0.0954094622089313,0.0966886130018591,0.1226237330432164,0.0975740038342427,0.1087658627831496,0.10335846965060902
747,0.0930268284070766,0.1080911681424639,0.106431738996511,0.1102172857834588,0.0944037979295457,0.095336338374683,0.0966429268592051,0.1225746245297031,0.0974877043145339,0.1087386993855554,0.10329511127227364
748,0.0929734497412894,0.1080099800925498,0.106343477922653,0.1101536262655399,0.0943359474986491,0.0952754629120926,0.0965865312659464,0.1225129714046869,0.0974049042661187,0.1087068313161839,0.10323031826857096
749,0.0929345860199608,0.1079035632011967,0.1062706345166139,0.1101136135580735,0.0942825675632501,0.0952223687766657,0.0965216536869282,0.1224765974217996,0.0973207110363563,0.1086742225516573,0.1031720518332502
750,0.0928862006567924,0.1078070399747633,0.1062019306493569,0.1100643882059479,0.0942343466424682,0.0951475993481547,0.0964666629065348,0.1224292583122705,0.0972633775263187,0.1086404720392108,0.10311412762618184
751,0.0928175348133329,0.1077205510375503,0.1061330360930135,0.1100000706284519,0.0941987078139969,0.0950699963493184,0.0963992035593435,0.12238120228076,0.0971822727884902,0.1086215829651618,0.10305241583294196
752,0.0927711006512348,0.1076342758225484,0.1060677347623257,0.1099282496873266,0.0941544012394041,0.0950042893629549,0.0963500125363495,0.1223367057693761,0.0971030228117095,0.1086038707775705,0.10299536634208
753,0.0927470195171289,0.1075189973401345,0.1059984139524661,0.1098471840739958,0.0941470225259088,0.0949557208114482,0.0963061571651863,0.1222902373193211,0.097012905124217,0.1085810539162898,0.10294047117460965
754,0.092727979426033,0.1074306607230455,0.1059178232186687,0.1097748964175413,0.0941237672323154,0.0949058907980075,0.0962383436880092,0.1222412611460943,0.0969185764520432,0.108559755626902,0.102883895472866
755,0.0926753432157043,0.1073081046528314,0.105848023804842,0.1097010755708484,0.0940587477653748,0.094850890682557,0.096217146516997,0.1222004276138564,0.0968267578479721,0.1085044343239222,0.10281909519949055
756,0.0926130897222951,0.1072294010373492,0.1057645522546946,0.1096438042211727,0.094004803564547,0.0948010757483243,0.0961602941741816,0.1221538785906256,0.096742235335284,0.1084843115901449,0.1027597446238619
757,0.0925900576872039,0.1071478376540838,0.1056669123326695,0.1095655081306031,0.0939567489549243,0.0947430375801116,0.096099822252829,0.122081086901812,0.0966638923326229,0.1084471697170312,0.10269620735438914
758,0.0925606526964762,0.1070637587458411,0.1055754710973046,0.1094907414960437,0.0938924524092888,0.0946713633223042,0.0960315687497603,0.1219896365169611,0.0965991366919817,0.10842569158783,0.10263004733137918
759,0.0924996140573655,0.1069798493535216,0.105485455643865,0.109434416204787,0.0938247142054082,0.0946176708674559,0.0959858695853903,0.1219386738278611,0.0965132648821202,0.1083876674458062,0.10256671960735811
760,0.0924460296982995,0.1068807520889397,0.105408331491089,0.1093641170147866,0.0937796098142705,0.094556197511832,0.0959336624419987,0.1218898579706304,0.0964374527575709,0.1083492814462782,0.10250452922356956
761,0.0923805734603574,0.1067996917937439,0.1053405206678432,0.1093076085834,0.093744556072022,0.0945033195284544,0.0958816137221904,0.1218295270688857,0.0963356115373606,0.1083192650411814,0.10244422874754391
762,0.0923262767597705,0.1066947302445791,0.105242397666304,0.1092460232855633,0.0936781552467935,0.0944362192727487,0.0958269732738907,0.1217584264264265,0.0962549929815908,0.1082840857531761,0.10237482809108434
763,0.0922569353073971,0.1065985462966544,0.1051611902414809,0.1091715533360485,0.0936160965869429,0.094358186889566,0.0957691952819276,0.1216946429278274,0.0961882080270298,0.1082611011930397,0.10230756560879144
764,0.0922167258309897,0.106515694080695,0.1050831427783156,0.1091078870775605,0.0935746922271729,0.0942990392734697,0.0957159252276604,0.1216464838111939,0.0961126778043617,0.1082358628295904,0.10225081309410097
765,0.0921840906762855,0.1064358264243104,0.1050234053978333,0.1090369564841149,0.0935287187005707,0.0942149778084801,0.0956578349639283,0.1216059512147276,0.0960245517887142,0.1081948767128123,0.10219071901717773
766,0.0921343965962103,0.1063483147378468,0.1049649592356776,0.1089990643954058,0.0934586751334968,0.0941360813354523,0.0956189510919186,0.1215545748718004,0.0959405973494423,0.1081588440230066,0.10213144587702574
767,0.0920767696428694,0.106255416349657,0.1049125238187805,0.1089477811234698,0.0933858226412093,0.0940606994807863,0.0955562417640642,0.1215133295241594,0.0958575142190586,0.1081289777527456,0.10206950763168002
768,0.0920364576528753,0.1061683361837283,0.1048437234841353,0.1088866720055702,0.0933374529278286,0.0939816539230572,0.0955055803379697,0.1214598255392191,0.0957914655394019,0.1080797776481037,0.10200909452418894
769,0.0919959922454182,0.1060838827349454,0.1047784968801069,0.1088320687585979,0.0932789671595739,0.0939044482903364,0.0954605060007823,0.1213971175989189,0.0957046691590449,0.1080455296502076,0.10194816784779323
770,0.0919589956915763,0.1059933275486861,0.1047036413747702,0.1087594951501694,0.0932251597091084,0.0938414621845349,0.0954153114178947,0.1213328340533496,0.0956338804786686,0.1080128833603075,0.10188769909690658
771,0.0919291957732703,0.1059068079516838,0.1046106200220816,0.1087028740103427,0.093171563047712,0.0937811033527212,0.0953826910290288,0.1212720358504397,0.0955476420981021,0.1079792870062431,0.10182838201416253
772,0.0918621996318941,0.1058286306156463,0.1045446828820686,0.1086455691285412,0.0931262934744785,0.093728604908731,0.0953230839489835,0.1212199066862975,0.0954723783298059,0.1079230645531549,0.10176744141596014
773,0.0918122737396279,0.105736969150988,0.104459346553666,0.1085758144820127,0.0930789897505123,0.0936744840609083,0.0952814572360826,0.1211714962274662,0.0954021236046828,0.1078810510147086,0.10170740058206555
774,0.0917885096425401,0.1056393095876255,0.1043903834519316,0.1085164704957497,0.0930083296809657,0.0936160435173637,0.0952117228330861,0.1210894979779273,0.0953203962020067,0.1078306004325075,0.1016411263821704
775,0.0917561886862688,0.1055487652493974,0.1043189101734255,0.1084356373350445,0.0929665207014537,0.0935700946852505,0.0951538925632581,0.1210436307193667,0.0952569277043696,0.1077851244656309,0.10158356922834658
776,0.0917215282980163,0.1054745897595425,0.1042561375688734,0.1083831191701602,0.092919615937501,0.0935153158239249,0.0950879694326606,0.12097169057978,0.0951843907221781,0.1077578770496552,0.10152722343422922
777,0.0916782826196444,0.1053954560905474,0.104171278388913,0.1082994117613691,0.0929002061752558,0.0934782263694042,0.0950175509424019,0.1208977091228143,0.0951132577304238,0.1077044128504277,0.10146557920512016
778,0.0916462132788412,0.1053032784159387,0.1040915028261275,0.1082451615607627,0.0928710718700095,0.0934395994352374,0.0949691820887971,0.1208361727042203,0.0950301071490117,0.1076816542418636,0.10141139435708095
779,0.0915998352163067,0.1051952079695416,0.1040183192010077,0.108180956820118,0.0928136404644141,0.0933919834347632,0.0949031864458768,0.1207455751978861,0.0949357110641977,0.1076283805226502,0.1013412796336762
780,0.0915593991335043,0.1051029395454561,0.1039437015574729,0.1081106732674609,0.0927627175424954,0.0933414398553536,0.0948385674565055,0.1206469633408521,0.0948556930976623,0.1075902169077905,0.10127523117045537
781,0.0914917568565306,0.1050130730744902,0.1038695460706152,0.1080615585784089,0.0927151730708591,0.0932859264998184,0.0947460072556504,0.1205722309997976,0.0947899545120134,0.1075719053537724,0.10121171322719562
782,0.091455296559925,0.1049271465266906,0.1038124596267489,0.1080169108442802,0.0926624547717879,0.0932188460902628,0.0946813863936762,0.1204989407843567,0.0947432640984116,0.1075563097490167,0.10115730154451566
783,0.0914135018255568,0.1048495460765852,0.1037408986657443,0.1079616185665724,0.0925868807454213,0.0931565778018928,0.094598373037367,0.1204339688211366,0.0946644377865084,0.1075140507951883,0.10109198541219733
784,0.0913780523070094,0.1047420520329788,0.1036687653295737,0.1078978076518132,0.0925114958439401,0.0930873075536563,0.094533891994011,0.1203701993564787,0.0945900788013615,0.1074845671583628,0.10102642180291854
785,0.091340809042037,0.1046472490145859,0.1035825412113312,0.1078427254885899,0.0924627786543673,0.0930357058580129,0.094494862965825,0.1202990414347198,0.0945121937619327,0.1074688239340618,0.10096867313654634
786,0.0913089175534292,0.1045649053831607,0.1035233511037199,0.1077872857074022,0.0924518672315591,0.0930001337233965,0.0944456028277706,0.1202262120555853,0.0944422975838352,0.1074492989527155,0.10091998721225741
787,0.0912878788724438,0.1044799721051761,0.1034691796279767,0.1077308647777628,0.0924215019971936,0.0929590596930297,0.094415487876013,0.1201620182735136,0.0943650475914044,0.1074067189096325,0.10086977297241462
788,0.0912557979584943,0.1044131153657006,0.1033788400145501,0.1076643855363524,0.0923676199514945,0.0929247590990331,0.0943609810156542,0.1200950427243535,0.0942936416980939,0.1073722141790449,0.10081263975427716
789,0.0912220780001469,0.1043205541869974,0.1033226578645754,0.1075980636132939,0.0922982611426458,0.0929058812484102,0.0943136777290614,0.1200333615489934,0.0942272897142369,0.1073384795084626,0.10075803045568239
790,0.0912090682200964,0.1042452728084455,0.1032657179903412,0.1075386084681203,0.0922411126128187,0.0928652103097684,0.0942636103629244,0.1199526909682127,0.0941540834676919,0.1072938203812025,0.1007029195589622
791,0.0911799712463432,0.104151678562583,0.1031832713871739,0.1074636229585732,0.0921933482823492,0.092826732134303,0.0942048993770963,0.1198972597605822,0.0940916067676656,0.1072461014447503,0.10064384919214198
792,0.0911700679291638,0.1040834431338336,0.1031212057894428,0.1073935323692715,0.0921306944334696,0.0927753085560706,0.0941719510290522,0.1198202050259219,0.094019512135866,0.1072157807610322,0.10059017011631241
793,0.0911304262141168,0.1040225558845026,0.1030313050033485,0.1073290841128134,0.092080384858612,0.0927310393349924,0.094134952536651,0.119748764348848,0.0939629302054751,0.1071858234727962,0.10053572659721559
794,0.0910884736580241,0.1039547049656363,0.1029558138544918,0.1072695720120366,0.092020050564803,0.0926814958580908,0.0940977706886762,0.1196747382552185,0.0939000423992467,0.107130368608046,0.100477303086427
795,0.0910680794587915,0.1038934407874995,0.1028973604577667,0.1072287637041833,0.0919902401503766,0.0926484008623442,0.0940392540560097,0.1196140790087834,0.0938351898753666,0.1070936889854519,0.10043084973465735
796,0.0910332403802365,0.1038455969417476,0.1028266892480661,0.1071821932026568,0.0919437846835619,0.0925883233273931,0.0939968770138303,0.1195444873277827,0.0937748400735799,0.107056237073525,0.100379226927238
797,0.0909859778402746,0.1037960794953991,0.1027543910144849,0.1071409229349433,0.0919094540406474,0.0925413427958679,0.0939303570976751,0.1194856884383259,0.0936982956495799,0.1070104711806035,0.10032529804878017
798,0.090949424857589,0.1037384855894943,0.1026804514209958,0.1070840021342834,0.0918654698373629,0.092483492557497,0.09387856453096,0.1194505626922422,0.0936195605153787,0.1069794615373368,0.100272947567314
799,0.0909087534566413,0.10368255838296,0.1026047318608478,0.107003705632319,0.091818033016367,0.0924327837427442,0.0938282928242136,0.1193648464455786,0.0935495068671133,0.1069515389211604,0.10021447511499453
800,0.0908658258389998,0.1036184648744821,0.1025419556761404,0.1069402205640644,0.0917727938659396,0.0924036300201548,0.0937759225173108,0.1192981249159959,0.0934838221722249,0.1069110740720384,0.10016118345173512
801,0.0908278562752792,0.1035547207274035,0.1024931124280314,0.1068559303146446,0.0917038954472509,0.0923537359729168,0.0937286859703792,0.1192463958358453,0.093411169389538,0.1068632654021323,0.10010387677634211
802,0.0907708230111048,0.1034713798889062,0.1024291007647832,0.1067794852228523,0.0916555143931286,0.0923106251159777,0.0936834145925711,0.1191856238313882,0.0933705967631083,0.1068290060965378,0.10004855696803583
803,0.0907232237261772,0.1034011211343346,0.1023745862882853,0.1067054875511857,0.0916222671905008,0.0922515922816383,0.093638532642677,0.1191184925197725,0.0933057419754831,0.1068098933313075,0.09999509386413621
804,0.0906942533976632,0.1033326771871233,0.1023019937101219,0.1066390035142043,0.0915682980789334,0.0921953031484565,0.0935920495001923,0.119065053913272,0.0932374978682914,0.1067764128997707,0.0999402543218029
805,0.0906707327037276,0.1032469153798668,0.1022555476588813,0.1065597603493213,0.0915280198000319,0.0921406565303176,0.0935297884959652,0.1190183348399293,0.0931680285236082,0.106768112227843,0.09988858965094921
806,0.0906380468285061,0.1031677565919342,0.102196749279234,0.1064894484723647,0.0914628154028717,0.0920870885287314,0.0934687637543267,0.1189593862173457,0.0931055183410313,0.1067361220842634,0.09983116955006091
807,0.0906084058777256,0.103095708491502,0.102144102371642,0.1064219645499817,0.0913989874267797,0.0920436712346864,0.0934200358799097,0.1189047262281005,0.0930450698374785,0.1067157405874201,0.09977984124852263
808,0.0905730301478311,0.1030255997994069,0.1020781900693192,0.10637828770289,0.0913517041507988,0.0919966346731867,0.0933568218101969,0.1188456814606817,0.0929622553864933,0.1066720512749368,0.09972402564757414
809,0.0905387182765869,0.1029389089982603,0.101990776005321,0.1063249235681587,0.0912943312531257,0.0919373074826622,0.0933138397128668,0.1187787257697527,0.0928953369954992,0.1066548216261031,0.09966676896883367
810,0.0905158367270078,0.1028690304502558,0.1019356044413753,0.1062625446988784,0.091241884068671,0.0918843131741324,0.093281606039511,0.1187006524607186,0.0928293742667314,0.1066292599988487,0.09961501063261305
811,0.0904783055115727,0.1028066977198575,0.1018652053744902,0.1061956071998768,0.0911994899386495,0.0918339188165292,0.0932506614791873,0.1186374022371133,0.0927396661183378,0.1066083529554825,0.09956153073510969
812,0.0904304390578772,0.1027125742084793,0.1017968330693496,0.1061354663124441,0.0911570788913734,0.0917956025627728,0.0932197728034739,0.1185872158769331,0.0926758553039427,0.1065819560825356,0.09950927941691817
813,0.0903874280195152,0.1026462088105928,0.1017442403758821,0.1060863417068706,0.0911059084587917,0.0917545726841703,0.0931557717257307,0.1185216349920533,0.0926199923390311,0.1065340725541929,0.09945561716668308
814,0.0903424515962342,0.1025723647326502,0.1016939834115369,0.1060266537493905,0.0910593759381769,0.0916921742948548,0.093120819874494,0.1184479266680153,0.0925510798890751,0.1064759452025835,0.09939827753570114
815,0.0903132519239577,0.1024817799300933,0.101627827599835,0.1059674896081816,0.0910029549425188,0.0916432309646408,0.0930854061495605,0.1183666964691332,0.0925077073548658,0.1064261162150125,0.09934224611577992
816,0.0902640078165683,0.1024192492195233,0.1015703947175285,0.1059054403030042,0.0909541569558305,0.0916036734796998,0.0930289594274175,0.1182980017143768,0.092458158917566,0.1063740271919546,0.09928760697434695
817,0.0902055684643832,0.1023363445864252,0.1015070826881857,0.1058599791103412,0.0908956752937076,0.0915406268036295,0.0930044897320941,0.1182338302919525,0.0923845163796562,0.1063228160796634,0.09922909294300386
818,0.0901610595739987,0.1022695111248046,0.1014357450186069,0.1058148513013345,0.0908329636619274,0.0914823408365529,0.0929519324872852,0.118179640765161,0.0923200139403867,0.1062912782668028,0.09917393369768608
819,0.0901099226044765,0.102218184654788,0.1013669321829073,0.1057602399347541,0.0907593586386733,0.0914276974211914,0.0929139449551084,0.1181313886036248,0.0922553502416616,0.1062433401476843,0.09911863593848698
820,0.0900848462322248,0.1021550371660734,0.1012981883380139,0.1057104425214464,0.0907253148081692,0.0913837727633988,0.0928507961061474,0.1180874391159294,0.0922006011891981,0.1062137514733174,0.09907101897139187
821,0.0900566124275344,0.1020759821930241,0.1012348526164031,0.1056483224360351,0.0906785392582892,0.091336111201162,0.0928144363946303,0.1180283659829657,0.0921290504400327,0.1061783225823343,0.09901805955324108
822,0.0900230518816471,0.1020128129592821,0.1011660842931711,0.1056042206416255,0.0906270065202225,0.0913101789140249,0.0927885340775964,0.1179734188777055,0.0920643338704206,0.1061358072574785,0.09897054492931742
823,0.0899699947127716,0.1019300715653533,0.101084577275175,0.1055391021786687,0.0905743408691532,0.0912769674617312,0.0927390358124672,0.1179110961902469,0.092002508945396,0.1061033109556399,0.0989131005966603
824,0.0899220973631564,0.1018649759740853,0.1010286229635501,0.1054840651893619,0.0905096430474161,0.0912308152240714,0.0926884977803814,0.1178490540650827,0.0919410860482425,0.1060617117870904,0.09885805694424381
825,0.0898675744727806,0.1017787421918997,0.1009659027437635,0.1054155338195404,0.0904617834564351,0.0911751512579165,0.0926331534037012,0.117780789479481,0.0918742299258089,0.1060107714044495,0.09879636321557764
826,0.089829876107845,0.1017200931645352,0.1008920179483796,0.1053567783966316,0.090409425957729,0.0911318970855306,0.0925882359167602,0.1177243878830543,0.0918146510320947,0.1059626090942884,0.09874299725868488
827,0.0897840801221643,0.1016531322319276,0.1008277207803546,0.1053009732316232,0.0903560747088254,0.0911020918504991,0.092552334671277,0.1176773079834042,0.0917674861607054,0.1059034806033666,0.09869246823441474
828,0.0897487708573771,0.1015801691128693,0.100752089881486,0.1052244677707535,0.0902991627830071,0.0910563877984986,0.0925152185067176,0.1176190256788302,0.0917178495410682,0.1058613725365151,0.09863745144671227
829,0.0897157724744302,0.1015238484688123,0.1006653977771105,0.1051632087495967,0.090268218639552,0.0910188505647199,0.0924811317372719,0.117542518087442,0.0916666351598864,0.1058075787964688,0.09858531604552907
830,0.0896828687232842,0.101478183161509,0.1006086607670623,0.1050882260666195,0.090225264270613,0.0909903747660102,0.0924375309988826,0.1174699012682823,0.0916120044345108,0.1057643014772865,0.09853573159340603
831,0.0896340379837453,0.1014305851744434,0.1005384571123521,0.1050175862989333,0.0901543936473216,0.0909396394387599,0.0923911790596002,0.1174073483231023,0.0915516388969484,0.1057053556816909,0.09847702216168974
832,0.0896001045093579,0.1013759018182786,0.1004849299733003,0.1049541372847123,0.0901133056965976,0.0909017831736697,0.0923595793577769,0.1173530772588389,0.0915081840824905,0.1056430274891994,0.09842940306442222
833,0.089558009425324,0.1013163055430891,0.1004069664874883,0.1049015229793744,0.090082748962874,0.0908809816772121,0.0923192118309279,0.1173045436117855,0.0914530428414271,0.1055963514066381,0.09838196847661405
834,0.0895120617312304,0.1012585829491251,0.1003354856717726,0.1048505669942213,0.0900392124285205,0.0908552198593228,0.0922628452597338,0.1172425688317031,0.0914052982481767,0.1055663902261679,0.09833282321999741
835,0.0894830818602098,0.1012172413756526,0.1002604618774623,0.1048097094266829,0.0899937041793957,0.0908148369525029,0.0922001736819527,0.1171681622733221,0.0913364321796538,0.1055180996977493,0.0982801903504584
836,0.0894623727338438,0.101146265659063,0.1001799791696656,0.1047604567599977,0.0899325737346956,0.0907742211427411,0.0921451037186577,0.1171110225827041,0.0912551379948344,0.1054714707615819,0.09822386042577849
837,0.0894186879840872,0.1010826872236909,0.10011374927592,0.1047209500010991,0.0898709354755932,0.0907154490865845,0.092113814647728,0.1170501306875651,0.0912091525004494,0.1054392029758077,0.09817347598585249
838,0.089378011397664,0.1010182819760255,0.1000435241583886,0.1046824651685064,0.0898202703084352,0.090669320740549,0.0920672097335143,0.1169783358324897,0.0911586797446676,0.1054138851517514,0.09812299842119918
839,0.0893521383160857,0.1009384733230356,0.0999804277122088,0.1046314147912318,0.089772873997405,0.0906240063917871,0.092017179734055,0.1169204128678441,0.0910864742827585,0.1053786045589819,0.09807020059753935
840,0.089325068297125,0.1008808560409686,0.0999066155111219,0.1045828922957557,0.0897285091004693,0.0905995387613906,0.0919649525132231,0.1168642729874197,0.0910260440983584,0.105338176640602,0.09802169262464343
841,0.0892988332510459,0.1008306726076094,0.0998249459281278,0.1045321792129179,0.089686380273751,0.0905569778154631,0.0919199247078171,0.1168138101282613,0.090957750366761,0.1052934606097706,0.09797149349015252
842,0.0892841674936986,0.1007651617703936,0.0997725702356625,0.1044790935312112,0.0896414672621401,0.0905128905880233,0.0918690546058593,0.1167497466188015,0.0908797486520922,0.1052574648569014,0.09792113656147836
843,0.0892614204250907,0.1006990614103406,0.099708452975982,0.1044441091316692,0.0895989086416007,0.090464697241551,0.0918085842314506,0.1167018454614299,0.0908300113630973,0.105216281480759,0.09787333723629711
844,0.0892461375968189,0.1006268423590582,0.0996473642260363,0.104413454046309,0.0895582116536432,0.0904070182990716,0.0917625296576774,0.1166488153685173,0.0907796559028611,0.1051689849785248,0.09782590140885178
845,0.0892160002730175,0.1005689761852166,0.099586684490692,0.1043593691714676,0.0895217095668452,0.0903817419307738,0.0917080261585357,0.1165841695697562,0.090719239894728,0.1051406663677964,0.09777865836088288
846,0.0892009219198159,0.1004988095823134,0.0995282532028514,0.104307911139259,0.0894618171654538,0.0903446121252751,0.0916431764325999,0.1165087494093305,0.0906479891373565,0.1051070107116307,0.0977249250825886
847,0.0891729486957311,0.100422830033615,0.0994592805569263,0.1042398490653398,0.0894082085023278,0.0903041384186076,0.0915899553352943,0.1164539251484318,0.0905931370587951,0.1050688547480142,0.0976713127563083
848,0.0891646714359892,0.100368422370043,0.0994019204561082,0.1041821181833289,0.0893648825294424,0.0902683138712674,0.0915597755842958,0.1163772144701516,0.0905255574280197,0.1050250143766838,0.097623789070533
849,0.0891154397412904,0.1002975285893887,0.099348194357008,0.1041150364018366,0.0893241587754332,0.0902308775667916,0.0915118329785889,0.1163076603688598,0.0904657905937433,0.1049884713978114,0.09757049907707518
850,0.0890722438187779,0.1002252259749771,0.0993119388094446,0.1040548392178504,0.0892964237750368,0.0901770919499811,0.0914668610732185,0.116245203008673,0.0903989833192837,0.1049567288752554,0.09752055398224985
851,0.0890322380351753,0.10014427397562,0.0992618261529311,0.1040088396562858,0.0892576177114362,0.0901300406735589,0.0914134222188506,0.1161862349729801,0.0903369131954862,0.104923777928858,0.09746951845211822
852,0.0889948730195988,0.1000907923107732,0.0991973268761519,0.1039507149804399,0.0891925277615129,0.0900829084645124,0.0913530324763013,0.1161108441241546,0.0902922747017324,0.1048837663759691,0.09741490610911466
853,0.0889479266050537,0.1000237309142308,0.0991471418869675,0.1038958695759207,0.089152758341917,0.0900403310802265,0.0913046608029154,0.1160541522608925,0.0902360362121017,0.1048461789615012,0.09736487866417269
854,0.088903871635272,0.0999534059601455,0.0990903521714361,0.1038468977556314,0.0890956511582156,0.0900043258362197,0.0912512216418252,0.1159904713424431,0.0901774322918943,0.1048056036320767,0.09731192334251597
855,0.0888593560455987,0.0998860881959855,0.0990313585216225,0.1037933449496246,0.0890479579546698,0.0899556938197635,0.0911947059705465,0.1159383059421135,0.0901378347891332,0.1047530732753176,0.09725977194643753
856,0.0888224246930049,0.0998333156117507,0.098964989501388,0.1037453657340228,0.0889881613022566,0.0899083441750975,0.0911554509070499,0.1158859665546462,0.090082846596901,0.1047102979795188,0.09720971630556365
857,0.0887849504422057,0.099766915448276,0.0989381292088886,0.1036745319364995,0.0889401037839073,0.0898577298500143,0.0911149985655191,0.1158265615293923,0.0900282909854701,0.1046818895047067,0.09716141012548797
858,0.0887592063608323,0.0996971126025292,0.0988556612585328,0.1036158531861715,0.0888775318810589,0.0898145842747514,0.0910757244145853,0.1157642328234368,0.089966405074993,0.1046442424683603,0.09710705543452516
859,0.0887134589965567,0.0996208893646645,0.0987921019322917,0.1035886065961811,0.0888377304167404,0.0897713793553491,0.0910423218567872,0.1156940093341046,0.0898943903123945,0.1046097955656557,0.09705646837307255
860,0.0886729841950173,0.0995507463682905,0.0987529486970325,0.1035405040998276,0.0887963224692573,0.0897400482599069,0.0910063366384801,0.1156265305972104,0.0898114423835474,0.1045613702964135,0.09700592340049836
861,0.0886290162392677,0.0994844297613565,0.0986871241024316,0.1034867835772694,0.088766984592512,0.0896949324015439,0.0909905956906195,0.115534590071238,0.0897403631087915,0.104501944049902,0.09695167635949321
862,0.0885884858968532,0.0994151809265281,0.0986475847754265,0.1034363611282697,0.0887260627427195,0.0896700017370157,0.0909558674101298,0.1154865375531412,0.0896908029784664,0.104436986084511,0.09690538712330611
863,0.0885526645666617,0.0993540710973978,0.0985905550444648,0.1033947211663924,0.0886705428319642,0.0896358843601481,0.0909361127604829,0.1154152880692088,0.0896188763963645,0.1043787453381874,0.09685474616312725
864,0.0885126143917548,0.099290900433838,0.0985253487035466,0.1033267939204706,0.0886152608060957,0.089592657720008,0.0908949731668917,0.1153351952382696,0.0895512784484385,0.1043417763585661,0.09679867991878796
865,0.0884739019203095,0.0992148261909986,0.0984752203294439,0.103276314007797,0.088563272160007,0.0895512412916751,0.0908561830123297,0.1152681117367504,0.0894860347067408,0.1043219163185178,0.09674870216745698
866,0.0884452321553926,0.0991414470834628,0.0984261092171023,0.1031988848240192,0.0885305585772496,0.0895051179033781,0.0908197409088714,0.1151958028229023,0.0894215977679023,0.104283261868852,0.09669677531291328
867,0.0884055349788857,0.0990796549081237,0.0983677517642284,0.1031380773592037,0.0884897819113071,0.0894708080317862,0.090781368072415,0.1151318590319212,0.0893689127211317,0.1042421980390221,0.09664759468180248
868,0.0883549404080763,0.0989962814319638,0.0983166010851923,0.1030718364076359,0.088444611537904,0.0894366722396658,0.0907502807700375,0.115074818552251,0.0893128347799688,0.1042015966219143,0.09659604738346098
869,0.0883266805542176,0.0989024519005757,0.0982649982754773,0.1030218975900585,0.0884081358549443,0.0893921854951075,0.0906957556389997,0.1149914386946038,0.089244291344865,0.1041643684019975,0.09654122037508468
870,0.088299932851602,0.0988245844925901,0.0982125720839192,0.102953033342772,0.0883458637557531,0.0893466266471679,0.0906534070999353,0.1149137188574943,0.0891928906605628,0.1041070192043727,0.09648496489961694
871,0.0882886086086085,0.0987311995528296,0.0981553763011096,0.1029147832976467,0.0883173122723066,0.0893172823218996,0.09060943391887,0.1148308519347438,0.0891528491713482,0.1040451938963941,0.09643628912757568
872,0.0882697400848421,0.0986650623635338,0.0981092765627178,0.1028462364428205,0.0882951013904315,0.0892772759848198,0.0905776217993404,0.1147623195194161,0.0890919306793951,0.1039983304144536,0.09638928952417707
873,0.0882454991996469,0.0986076768925573,0.0980597356141666,0.1027913778390475,0.0882663033584007,0.0892296028725329,0.0905500868846996,0.1146685678683461,0.0890516021474432,0.1039561446029033,0.09634265972797441
874,0.0882111048832203,0.0985510311550773,0.098020976567698,0.1027350223669051,0.0882138236666303,0.0891899345727669,0.09050406295083,0.1146135991755569,0.0889749055986679,0.1039118459125298,0.09629263068498825
875,0.0881959883291777,0.0984928594602328,0.0979770014720185,0.1026873608459567,0.0881485042020831,0.0891421591610598,0.090478262427121,0.1145390658469988,0.0889151837062758,0.103861903322248,0.09624382887731722
876,0.0881738449537742,0.0984128495943181,0.0979331273826871,0.1026593982309353,0.0881060849149675,0.0890864511760993,0.0904387767880747,0.1144746349354622,0.0888553069825518,0.1038106818325074,0.09619511567913777
877,0.0881516225971093,0.0983327738862145,0.0978681001157994,0.1026033465938731,0.0880557952472374,0.0890379458717885,0.090375688803341,0.1144010737917783,0.088801928384176,0.1037552672354095,0.0961383542526727
878,0.0881094904131126,0.0982491131993279,0.0978247216685741,0.1025420225930165,0.0880008160928338,0.0889973666001991,0.0903352805811603,0.1143366565126979,0.0887602735267954,0.1036875893030081,0.09608433304907257
879,0.0880781416355557,0.0981779814784741,0.0977694576434534,0.1024905206539507,0.0879480676652241,0.0889597303694056,0.0902975865685225,0.114274957271278,0.0887114985131785,0.1036279518228481,0.09603358936218907
880,0.0880383326319957,0.098112633638306,0.0977221006520763,0.102431697349627,0.0879233596076404,0.0889130181530119,0.0902580781400372,0.1141917490493126,0.0886432041915101,0.1035674503667303,0.09598016237802474
881,0.0880087797198163,0.0980378310163935,0.0976485069607875,0.1023759364826494,0.0878760990953695,0.088883349041419,0.0902087227291228,0.1141204847297625,0.0885820354410083,0.1035095777428229,0.09592513229591516
882,0.087990214525804,0.0979612336983986,0.0975969841783143,0.1023195143841289,0.0878351392469171,0.0888430957440009,0.0901652782067208,0.1140521509837849,0.0885160038702105,0.103465907485662,0.0958745522323942
883,0.0879775615665862,0.097893248256181,0.0975413192658429,0.1022597417742936,0.0878110257613555,0.0888105942917502,0.0901326398367933,0.113978215571518,0.0884597554473533,0.103428609291812,0.09582927110634859
884,0.0879482754033486,0.0978273058201648,0.0974828507653188,0.1022202129003727,0.0877782020919676,0.0887706476530006,0.0901036427028803,0.1139239059988263,0.0883873187597154,0.1033604133514906,0.09578027754470857
885,0.0879222865241526,0.0977556278574591,0.0974288168997837,0.102177767611716,0.0877480650448491,0.0887448300752112,0.0900593877472769,0.1138686515707395,0.0883311759288408,0.1033142216936796,0.09573508309537085
886,0.0879018321442123,0.0976790439857578,0.0973821862653765,0.1021247423705747,0.0876861118575895,0.0887075968155444,0.0899979771516331,0.1138001124016486,0.0882901605504139,0.1032481686599892,0.09568179322027401
887,0.0878859289718084,0.0976081579746593,0.0973388475086025,0.1020829366359537,0.0876525439642603,0.0886801738968036,0.0899521194170377,0.113738405094132,0.0882445121499265,0.1031853679863783,0.09563689935995623
888,0.0878630744050625,0.0975374874232383,0.0972823546661673,0.1020237677742576,0.0876116855022668,0.0886403136820527,0.0899074737105046,0.1136759914525053,0.0881951873090211,0.103126910457388,0.09558642463824642
889,0.0878319452593101,0.0974892181206857,0.0972328439909441,0.1019581538274368,0.0875590899461767,0.0885888455565937,0.0898624564122432,0.1135998017931933,0.0881442436412315,0.1030594409616668,0.0955326039509482
890,0.087816475634047,0.0974255351128567,0.0971860052339049,0.10189983889871,0.0875345080418357,0.0885504746959893,0.0898350781733269,0.1135361996405465,0.0880814720669143,0.1029785262497465,0.09548441137478778
891,0.087789919365871,0.09736323753953,0.097122151901233,0.1018432838523341,0.0875050583124608,0.0885004689402525,0.0898131822653944,0.1134803211274675,0.0880345450045855,0.1029165922441603,0.09543687605532891
892,0.0877711112650996,0.0972995377704477,0.0970529956052232,0.1017992195221137,0.0874537863574845,0.088465841350156,0.0897764016814719,0.1134042179048728,0.0879862812133173,0.1028424697126136,0.09538518623828003
893,0.0877419339115923,0.0972364987148201,0.0969838033958716,0.1017414580611648,0.0874253219659074,0.0884267411099982,0.089754264849075,0.1133334561395186,0.0879379576883904,0.1027890580206408,0.09533704938569793
894,0.0877280826365974,0.0971736786018965,0.0969320550844123,0.1017063257932231,0.0873879123107337,0.0883817588593989,0.0897160155721945,0.1132766438994883,0.0878856539207201,0.1027255256748024,0.09529136523534673
895,0.0877013992624404,0.0971061450317914,0.0968944553245738,0.1016508447963157,0.0873573908657712,0.0883538197506733,0.0896813251712997,0.1132176189071327,0.0878341601967861,0.1026809236983682,0.09524780830051525
896,0.0876632909080842,0.0970558708459052,0.0968534377473874,0.1016041045447691,0.0873408832310579,0.0883188805488312,0.0896538541020872,0.1131530575713205,0.0877800719007395,0.1026322094882201,0.09520556608884023
897,0.0876591810083032,0.0970075878261465,0.0968204950084702,0.1015628856442675,0.0872953615842861,0.088301621091019,0.0896200233539578,0.1130851234796688,0.0877192090036243,0.1025651531374835,0.09516366411372269
898,0.0876248984899963,0.0969529931978783,0.0967761478842916,0.1015234531955161,0.0872650191659721,0.0882642998496078,0.0895977902638036,0.113037909728137,0.0876817758866394,0.1025106197754365,0.09512349074372786
899,0.0875971579761444,0.0968981665758772,0.0967322826949616,0.101487197806086,0.0872462726051742,0.0882319034076621,0.0895448604482322,0.1129923847313864,0.0876490632697762,0.1024471589539291,0.09508264484692294
900,0.0875596726836441,0.0968556469416063,0.0966637901243486,0.1014447110287476,0.0871945594059597,0.0882030265892864,0.0895122275038936,0.1129294870704278,0.0875958630990663,0.1023860518909445,0.09503450363379248
901,0.087529217559408,0.0968086534540253,0.0965878116840444,0.1013979896367845,0.0871547426514302,0.0881735601192122,0.0894749166266436,0.112876387749125,0.0875481234329981,0.1023406104929084,0.09498920134065797
902,0.0874920622673174,0.0967483778113633,0.0965372659768715,0.1013509985269614,0.0870993795536571,0.0881232429294013,0.0894480064733024,0.11280118160545,0.0874845224289515,0.1022768438999996,0.09493618814732754
903,0.087459683945251,0.0966846842287614,0.0964794663377883,0.1013108660122836,0.0870604615234768,0.0880741484101609,0.0894189418547368,0.1127468223919783,0.0874367425800342,0.1022156855804861,0.09488875028649574
904,0.0874072857081002,0.0966016936466864,0.096420855377047,0.1012626529337845,0.0870238448409381,0.0880413404490364,0.0893907009821823,0.1126930124998381,0.0873779694405328,0.1021789223941951,0.09483982782723409
905,0.0873587786993167,0.0965490789058517,0.0963654622370566,0.1012316766210577,0.086976051072574,0.0879876752600632,0.0893735318991261,0.1126306808404396,0.0873274538523561,0.1021238083094668,0.09479241976973084
906,0.0873383165764025,0.0964887508072538,0.0963024092380776,0.1011931654845722,0.0869356410194815,0.0879399031561312,0.089342660996879,0.1125705778561976,0.0872760209328279,0.1020645369853352,0.09474519830531586
907,0.0873374220129036,0.096428615701979,0.0962418467030143,0.1011387247266434,0.0869025701069118,0.0879102293781943,0.0893193813297578,0.1124908389106912,0.0872148090540706,0.1020039644878942,0.09469884024120602
908,0.0873194820865934,0.0963765305155145,0.0961854207067494,0.1010998506527825,0.0868637278198963,0.0878720182904787,0.0892706797843898,0.1124355355666864,0.0871532555247515,0.1019407522500073,0.09465172531978497
909,0.0873192316706284,0.0963284735708143,0.0961199019002008,0.1010558819359016,0.0868437523038287,0.0878391805927694,0.0892314012948199,0.1123626745645538,0.0870919643484552,0.101889846240335,0.09460823084223072
910,0.0873052014439218,0.096272055822158,0.0960799907802724,0.1010118774778636,0.0868154216309828,0.0877836426685951,0.0891863669851545,0.1122901270147914,0.0870277190010688,0.1018207632694839,0.09455931660942922
911,0.0872993743945561,0.0962152392591443,0.0960154603425357,0.1009699720710439,0.0867853997726773,0.0877578486454625,0.0891648619176348,0.112223109859422,0.0869826489442627,0.1017553589735851,0.09451692741803244
912,0.0873021623883795,0.0961406964890613,0.0959570609401758,0.1009160400811092,0.0867599706164347,0.0877345383248804,0.0891305786304239,0.1121635524388619,0.0869325985795686,0.1016905041362255,0.09447277026251208
913,0.0872912314246482,0.0960676761849822,0.0959055956857359,0.1008686964523249,0.0867220872849725,0.0876876814367456,0.0890946330061042,0.1120926292230461,0.0868844885985605,0.1016348323282514,0.09442495516253716
914,0.0872705638863895,0.0960013693447311,0.0958657442734353,0.100806347770185,0.0866859931703714,0.0876587752225063,0.0890585414782786,0.1120146434190213,0.0868364543942486,0.101561535402136,0.09437599683613032
915,0.0872623598707961,0.095946287856118,0.0958079539528176,0.1007489795355375,0.0866549455104073,0.0876263520844101,0.0890358061118965,0.1119517790616429,0.0867832242005968,0.1014909867053177,0.09433086748895406
916,0.0872373575194434,0.0959003766817518,0.0957474316880241,0.1006941702280488,0.0866376510088143,0.0876024047298352,0.0890077045179937,0.111877988786896,0.0867489116094054,0.1014154773931589,0.09428694741633717
917,0.0872116984937578,0.0958450604496285,0.09569434043827,0.1006481447211459,0.0866030967286701,0.0875562050129937,0.0889781114136994,0.1118039323909529,0.0866867607000963,0.1013617727450214,0.0942389123094236
918,0.0871918075373382,0.0957920322730787,0.0956439188782572,0.1006047891363839,0.0865674158474179,0.0875001693661622,0.0889518597203824,0.1117413435374315,0.0866421679615938,0.1013101579499139,0.09419456622079597
919,0.0871881882355165,0.0957405176454416,0.0955960722354521,0.1005572713355027,0.0865367380248373,0.0874553576394424,0.0889405635947059,0.1116707806775795,0.0865981589047265,0.1012455708334016,0.09415292191266061
920,0.0871842407022938,0.095687828720284,0.0955578596273883,0.1004884998231615,0.0865006436028149,0.0874149622702653,0.0889247835737754,0.1116014155965686,0.0865474665184534,0.1011891944467984,0.09410968948818035
921,0.0871761072391928,0.0956240226283559,0.0955182014437794,0.1004384698869266,0.0864666457734699,0.0873654242391734,0.0888878377690798,0.1115354554261958,0.0864995478298642,0.1011390617635459,0.09406507739995837
922,0.087164766285648,0.0955768096586152,0.095482705378679,0.1003849840557012,0.0864363932942352,0.087338682040003,0.0888657535071686,0.1114755959469178,0.0864411492165665,0.1010739052655243,0.09402407446490589
923,0.0871548775907302,0.0955193778563216,0.0954162401262622,0.1003351093754858,0.0863893364850801,0.0873056787817948,0.0888209385114181,0.1114251390171804,0.0863867877566383,0.1010096192600156,0.0939763104760927
924,0.0871437719087093,0.0954630028565192,0.0953773196541244,0.1002787522531638,0.0863561542940512,0.0872718303979149,0.0887978646189844,0.1113733016013751,0.0863422277861786,0.1009538757342002,0.09393581011052211
925,0.0871398576308564,0.0953970335516905,0.0953367760040701,0.1002374456098652,0.0863245897388196,0.0872510298483419,0.0887680292237784,0.1113258003528747,0.0863077423370505,0.1009059097680439,0.09389942140653913
926,0.0871510060250797,0.0953366333634082,0.0952774045067586,0.1001725025214725,0.086283827853214,0.087213215518787,0.0887332048079004,0.1112678728344555,0.0862585833654424,0.1008725351439227,0.09385667859404409
927,0.0871466961182236,0.0952600523111662,0.0952316524947919,0.1001284523805057,0.0862481393299712,0.0871955560780409,0.0886964648132847,0.1112177562714639,0.0862128722305526,0.1008049513868525,0.09381425934148532
928,0.0871183910854247,0.095192180909041,0.0951880766166034,0.1000732870487486,0.0862062366465245,0.0871656167234984,0.088666479427178,0.1111645754936519,0.0861619636572977,0.100761058299592,0.09376978659075602
929,0.0871213435952196,0.0951348244433101,0.0951297568473611,0.1000341215798872,0.0861641351655154,0.0871412496265928,0.0886384420986986,0.1111071872456977,0.0861202783051284,0.1007255290986383,0.09373168680060491
930,0.0871085700088916,0.0950703543158688,0.0950892748654236,0.0999939005409589,0.0861162236333032,0.0871070884303307,0.0886101511576944,0.1110509425019282,0.0860617927827364,0.1006699465847353,0.09368782448218711
931,0.0870997178693915,0.0950081697808465,0.0950424494219653,0.0999525530236184,0.0860882710503162,0.0870764578695471,0.0885855411452182,0.1109989451497135,0.0860209578622056,0.1006098592807939,0.09364829224536161
932,0.0870858957452856,0.0949548559470379,0.0950096133696317,0.0999165650076663,0.0860594110800158,0.0870461423538371,0.088555163555945,0.1109384146288611,0.0859793794900279,0.1005578830223221,0.09361033242006304
933,0.0870602559925529,0.0948906528620403,0.0949636653760413,0.0998618888496591,0.0860199378008378,0.0870018662996095,0.088530905224968,0.1108995122795879,0.0859423316236286,0.100511997799613,0.09356830141085386
934,0.0870416954914344,0.0948308438860512,0.0949164095482122,0.0998301294070464,0.0859878860738662,0.0869686845126374,0.0884987315499225,0.1108414838857837,0.0858851533900727,0.1004591262055905,0.09352601439506172
935,0.0870292551264738,0.0947697515407509,0.0948654524171836,0.0997992229725019,0.0859415815985379,0.08693022324557,0.0884805829158588,0.1108002251627535,0.0858619022268723,0.1004061301558134,0.09348843273623161
936,0.0870185775862869,0.0947402224338976,0.0948249258715355,0.0997583432594299,0.085898398837137,0.0868847002419009,0.0884669676108373,0.1107421141029672,0.085814177593419,0.1003661323554429,0.09345145598928542
937,0.0870214283265016,0.0946740801523756,0.094791445354142,0.099717888702287,0.0858541625937768,0.0868431843647451,0.0884442288887223,0.1106855867682811,0.0857655325647684,0.1003138222649353,0.09341113599805353
938,0.0870212008638829,0.0946240946129998,0.0947520211508077,0.099674975453417,0.0858115701943944,0.0867880549040521,0.0884233684768878,0.110637467708414,0.0857179622735716,0.1002689218420849,0.09337196374805122
939,0.0870192725584732,0.0945674734676903,0.0947154770138836,0.0996450057273556,0.0857590717280076,0.0867522401608222,0.088388739708805,0.110591745257784,0.0856827918592317,0.1002154760761088,0.0933337293558162
940,0.0870225896019108,0.0945106034217805,0.094676331772503,0.0996207600234012,0.0857081074293481,0.0867283598702339,0.0883571096637136,0.1105259649983254,0.0856412487065137,0.1001706902682839,0.09329617657560141
941,0.0870161596888009,0.094443197907306,0.0946255498823507,0.0995757545265128,0.0856681385894626,0.0866938992258222,0.0883407259364322,0.1104636567592346,0.0856035191640499,0.1001183316857918,0.09325489333657636
942,0.0870185271206374,0.0943783751639962,0.0945752972148474,0.0995360580425396,0.0856479148568465,0.0866623193940724,0.0883121188452915,0.1103889423566627,0.0855542059259651,0.1000637660048542,0.0932137524925713
943,0.08701240467942,0.0943194285772621,0.094518722233975,0.0995052069420982,0.0856179520423721,0.0866253688486151,0.0882838052423994,0.1103387829695223,0.0855075734484879,0.1000239105713693,0.09317531555555214
944,0.086997745082081,0.0942423811249712,0.0944744187986265,0.0994810247473692,0.0855829967775201,0.0866001747574564,0.0882717646130092,0.1102628674812075,0.0854579495817928,0.0999944002142527,0.09313657231782865
945,0.0869844643213107,0.0941837310996571,0.0944121093804238,0.0994503019591732,0.085565253715996,0.0865673074067974,0.0882465711723574,0.110198794134973,0.0853989857375026,0.0999439312040691,0.09309514501322602
946,0.0869596900362908,0.0941247790908762,0.0943722782420241,0.0994151468582056,0.0855448479574047,0.0865390754833485,0.0882280442087928,0.1101227808534446,0.0853404956152357,0.099898309629404,0.0930545447975027
947,0.0869460741674969,0.0940589263346917,0.0943315558642166,0.0993742176861391,0.0855187505725015,0.086523432449903,0.0882161912917462,0.110062120265743,0.0852919786931767,0.0998530261248524,0.0930176273450467
948,0.0869330894841169,0.0940151095757951,0.0942947208300701,0.0993352595861533,0.0854826521714863,0.0865011685281209,0.0881973640802473,0.1100104641863929,0.0852309308731676,0.0998102058736346,0.09298109651891848
949,0.0869220286774671,0.0939621739887765,0.0942524051684976,0.0992792641956874,0.0854351044579701,0.0864771070047764,0.0881663321165385,0.1099525081010038,0.0851783184810122,0.0997707438522853,0.0929395986044015
950,0.0869110502476662,0.0939049478171773,0.0942210512752073,0.0992257704279231,0.0854060814079801,0.0864477044354369,0.0881387482937869,0.1098861937747264,0.0851310143678577,0.0997509007341658,0.09290234627819277
951,0.0868845725653379,0.0938670559989259,0.0941969046725947,0.0992002294878149,0.0853757270496669,0.0864195915448898,0.0881223342389596,0.1098448053354936,0.0850811336467282,0.0997073397538025,0.09286996942942141
952,0.08686983503091,0.0938149298612839,0.0941529851911305,0.0991736025501681,0.0853564571774143,0.0863872070164286,0.0880928728885184,0.1097802433544219,0.0850457638829304,0.0996628417977811,0.09283367387509871
953,0.0868531957223439,0.0937796359512999,0.0941154442042153,0.0991376647057269,0.0853169315192116,0.086360211529801,0.0880808965727828,0.1097263127523982,0.0849813257289055,0.0996377788179462,0.09279893975046313
954,0.0868426464315176,0.0937444914341743,0.0940807602408303,0.0990885453625767,0.0852735990418717,0.0863241275366863,0.0880532396984705,0.1096803401569363,0.0849368860037233,0.099602747690738,0.09276273835975249
955,0.0868261875256656,0.0936926737556258,0.0940499825645409,0.0990455808610909,0.0852206049868253,0.0862902861291682,0.0880358336257731,0.1096370992695665,0.0848918902863273,0.0995542390843969,0.09272443780889804
956,0.0868268660942547,0.093635533705939,0.0940219265446127,0.099001997013557,0.0851860501803292,0.0862537194577856,0.08802255498803,0.1095708722478842,0.0848619738494748,0.0995291639300801,0.09269106580119472
957,0.0868204226533185,0.093590222353733,0.0939800497318444,0.0989568538412993,0.0851448414387425,0.0862195555003174,0.0880040298866673,0.1095200334163128,0.0848259830158993,0.099485130545424,0.09265471223835585
958,0.0868143990263365,0.0935309931491228,0.0939317143649391,0.0989064273247572,0.0851212497297571,0.086167428831374,0.0879638175286382,0.1094475113857861,0.0847847612315453,0.0994527320082652,0.09261210345805215
959,0.0868063828651703,0.0934679013189367,0.0938990457065907,0.0988730777964855,0.0850944041506021,0.0861255283567706,0.0879440738543982,0.1093866125204051,0.0847436301808683,0.0993851872718134,0.09257258440220409
960,0.0867859611553109,0.0934248738522924,0.093865783948533,0.0988281495700078,0.085070805677451,0.0860763159873832,0.0879082361895279,0.1093282743061705,0.0847137770633193,0.0993270744446079,0.09253292521946038
961,0.0867694683579949,0.0933786034494201,0.0938340728498795,0.0987809309131745,0.0850367207214679,0.08603276820979,0.0878857041197321,0.1092768121367206,0.0846660897055352,0.0992828591215278,0.09249440295852426
962,0.0867419363563826,0.0933188340782742,0.0938045449303577,0.0987402793207427,0.0849923272897231,0.0859900497995569,0.087838914652515,0.1092053348785425,0.0846265777680933,0.0992276905349281,0.09244864896091161
963,0.0867309860727846,0.0932568501941518,0.0937675236187905,0.0987004807246268,0.0849674274426269,0.0859445066621987,0.0877981819587175,0.1091514314223546,0.0845682470758134,0.099175894869962,0.09240615300420268
964,0.0867325894917532,0.0932106060441333,0.0937286307459952,0.0986565227053722,0.0849495910676449,0.0859032388770953,0.087756808439008,0.1090987660966112,0.0845237653985491,0.0991266740688328,0.09236871929349952
965,0.0867183370224682,0.0931713342974481,0.0936774804255519,0.0986131367836773,0.0849249550322582,0.0858623345953607,0.0877028915066252,0.1090522932769229,0.0844726522867486,0.0990637728862374,0.09232591881132984
966,0.0867113434824216,0.0931302289506346,0.093631264186197,0.0985664774497279,0.08489108332108,0.0858130106309675,0.087686251096227,0.1090031074620756,0.084411866678994,0.098999954336857,0.09228445875951823
967,0.0866946708503306,0.09309285169283,0.0935957964368043,0.0985277601162937,0.0848624745095124,0.0857671035408492,0.0876505948631313,0.1089613594932284,0.0843692163289445,0.098961618002702,0.09224834458346262
968,0.0866849365994364,0.0930406076994262,0.0935560208564643,0.098485064151545,0.0848367385643192,0.0857362075633354,0.0876204451785729,0.1089160689275432,0.0843300762297073,0.0989161959401029,0.09221223617104528
969,0.086672730787059,0.0929926033037375,0.0935173493051088,0.0984528072614951,0.084805691900359,0.0857169831815947,0.0875847689539873,0.1088731328545615,0.0842796760717497,0.0988663094984535,0.09217620531181062
970,0.0866467076841114,0.0929509897002776,0.0934706569484954,0.0984243209447289,0.0847757780290852,0.0856931333326332,0.0875566063650276,0.1088207534560363,0.0842245120841697,0.0988144871666651,0.09213779457112305
971,0.0866257628995316,0.0929040638303992,0.093422188621441,0.0983705318081334,0.0847538540545697,0.0856595247939121,0.0875410948225557,0.1087814213788759,0.0841713925283794,0.0987604031575467,0.09209902378953445
972,0.086610140993816,0.0928585775689069,0.0933861078609996,0.0983341627692098,0.0847334911457609,0.0856157071372503,0.0875070481696117,0.1087191694833413,0.0841211126868267,0.0987267538273405,0.09206122716430637
973,0.0865827679148196,0.0928062876858901,0.0933407558099379,0.0982871701350686,0.0846987841947992,0.0855835429480492,0.0874884879883937,0.108673236336309,0.0840729341326871,0.0986781449836392,0.09202121121295936
974,0.0865694696873949,0.0927536174756863,0.0933116785371565,0.098233188693148,0.0846735727583342,0.0855613420631912,0.087449413977344,0.1086321113142302,0.0840416731644697,0.0986481981496786,0.09198742658206337
975,0.0865341488005377,0.0926875616316756,0.0932859232129686,0.0981975365271718,0.0846551825146662,0.0855234016406996,0.087420834146428,0.1085737307587946,0.0839985487361507,0.0985926533040512,0.0919469521273144
976,0.0865186679538565,0.0926302612644016,0.0932549165465619,0.0981485191243146,0.0846209692292414,0.08549703804551,0.0873974364540626,0.1085225523599879,0.0839683738382171,0.0985411291145597,0.09190998639307132
977,0.0864929050172771,0.0925765510874777,0.0932460992971142,0.0980990922589217,0.0845858206179211,0.0854703802190893,0.0873625970954562,0.1084666361786294,0.0839435598037046,0.0984986346180042,0.09187422761935955
978,0.0864692352206675,0.0925317843090391,0.0932051085324499,0.0980423649824395,0.0845389408981611,0.0854435723134258,0.087332884189977,0.1084194422517505,0.0839048723124469,0.098456773880767,0.09183449788911244
979,0.0864506290051441,0.0924878804021514,0.0931667860809308,0.0979958270828078,0.0845020338045444,0.0854295374365543,0.0873042125046809,0.1083893039763523,0.083870990214489,0.098427002854373,0.0918024203362028
980,0.086413535018048,0.0924306614677968,0.0931315204774146,0.097951378666801,0.0844723410941395,0.0853951768513798,0.0872876204491356,0.1083562177689088,0.0838336100823595,0.0983967903436965,0.091766885221968
981,0.0863900246887408,0.0923641693197311,0.0930977413724268,0.0979089386925336,0.0844518968021141,0.0853639188923929,0.0872511384096371,0.108322800544184,0.0837977154468772,0.0983514585500185,0.0917299802718656
982,0.0863639744647434,0.0923209444042962,0.0930600444457866,0.0978751338676866,0.0844293201095716,0.0853340260897957,0.0872116172673548,0.1082698229039603,0.0837721158456753,0.0982958525626763,0.09169328519615468
983,0.0863355661811691,0.0922702667709558,0.0930230059444592,0.097833698146327,0.0843947493680642,0.0853153328834946,0.0871840717925718,0.1082407525197271,0.0837255606758296,0.0982307708852172,0.09165537751678157
984,0.0863080196266776,0.0922186031184725,0.0929836130953435,0.0978022928386641,0.0843716207189915,0.0852817321450119,0.0871521898393702,0.108212904408728,0.0836923897470221,0.0981914571735232,0.09162148227118046
985,0.0862800329979306,0.0921668989439127,0.0929452276721096,0.0977631725878282,0.0843525285966755,0.0852485048552382,0.0871256191675405,0.1081691967046339,0.0836438340780824,0.0981443013662128,0.09158393169701644
986,0.0862552525114978,0.0921046281614101,0.0929016534640682,0.0977228332375968,0.0843207749041893,0.0852377927684231,0.0871128382772904,0.1081314013267298,0.0835957447548585,0.0981043208360314,0.09154872402420954
987,0.0862295996229929,0.0920645426445152,0.0928677931966539,0.0976832968203429,0.0842970314550478,0.0852145137676477,0.0870923468110108,0.1081021928189612,0.0835420470476643,0.0980543394374679,0.09151477036223046
988,0.0862080485726609,0.0920030946209684,0.0928454975006948,0.097650404423461,0.0842870650645342,0.0852014994228037,0.0870511414374914,0.1080663061073055,0.0834946544432934,0.0980099655456987,0.0914817677138912
989,0.0861809036425221,0.0919400300219879,0.092798598563307,0.0976180397663848,0.0842689387019031,0.0851705370661554,0.0870284024040869,0.1080209766596966,0.0834600430580208,0.0979518339354166,0.09144383038194812
990,0.0861503034480587,0.0918823459533185,0.0927477977980181,0.0975782934862267,0.0842449030915015,0.0851292076854892,0.0870043324463047,0.1079685831577732,0.0834186276037608,0.0978880737697629,0.09140124684402144
991,0.0861467059772402,0.0918368637605796,0.0927064833389472,0.0975406443339046,0.0842175518752186,0.08510254729991,0.0869737943372473,0.1079303220168733,0.0833733648812025,0.0978490864856367,0.091367736430676
992,0.0861326911124922,0.0917913982119996,0.0926770756005746,0.0975194083930827,0.0841880242087965,0.0850527769873193,0.0869358204288798,0.1078941836461054,0.0833353158817243,0.0978039001000844,0.09133305945710588
993,0.0861090154921754,0.0917372815576555,0.0926392010327146,0.097486326507484,0.0841594381515891,0.0850111057237585,0.0868918046620471,0.1078403665766255,0.0833134397393237,0.0977591255755416,0.0912947105018915
994,0.0860736960197059,0.0916881136550206,0.0926052004337493,0.0974536369399683,0.0841288520325655,0.0849756976480439,0.0868521598654086,0.1077990600329006,0.0832914819776252,0.0977212267746524,0.09125891253796402
995,0.0860532667426542,0.0916319147260364,0.0925548925878477,0.0974157389872411,0.0840933092475509,0.0849422990924074,0.0868244769413198,0.1077509985585595,0.0832557564798071,0.0976695025049413,0.09121921558683654
996,0.0860148910484225,0.0915754216218673,0.0925149005550861,0.0973642433769468,0.0840722665484504,0.0849064109240293,0.0867885268731237,0.1077058670680787,0.0832408190334793,0.0976283541150437,0.09118117011645278
997,0.0859895144633031,0.0915114577275259,0.0924742615289041,0.097330646148344,0.0840589452630082,0.0848659261752496,0.0867567745489697,0.1076698304380826,0.0832110855622693,0.0975875611191656,0.0911456002974822
998,0.085975420641804,0.091465525362698,0.0924286464892964,0.0972897020810191,0.0840340871709102,0.0848459704473148,0.0867198647068951,0.107633960543433,0.0831668845431846,0.0975510399266608,0.09111111019132159
999,0.0859429208592455,0.0914290127033614,0.0923994707726109,0.0972443575546746,0.0839975095338158,0.0848145909933292,0.0866960885491485,0.1076202112874817,0.0831331488140865,0.0975048143089981,0.0910782125376752
1000,0.0859262608918415,0.0913849527019263,0.0923614169058834,0.097192699193914,0.083973083401719,0.0847740274308721,0.0866765254150215,0.1075843604876809,0.0831002022236897,0.0974593370791656,0.0910432865731714
