Timestep,mc_1,mc_2,mc_3,mc_4,mc_5,mc_6,mc_7,mc_8,mc_9,mc_10,mean
0,0.0,0.0,0.0,0.0,0.0,0.0,0.0,0.0,0.0,0.0,0.0
1,0.303090692124105,0.3796590909090909,0.3307553956834532,0.3079245283018867,0.3456561679790026,0.3379145728643216,0.3566971279373368,0.3389401496259351,0.335,0.330873417721519,0.3366511143146651
2,0.2977023945267959,0.3680344827586206,0.3261019929660023,0.3129152348224512,0.3347215189873418,0.319690366972477,0.348480934809348,0.3278902439024389,0.3328057553956834,0.3217654320987654,0.3290108357239924
3,0.2916443452380952,0.3617649687220732,0.3187412858249419,0.3113636363636364,0.322059301380991,0.3017328918322296,0.3424523809523809,0.3189408473221422,0.3166537867078826,0.31435170178282,0.3199705146127193
4,0.2903087100330761,0.3509210526315789,0.3187833140208574,0.310002829654782,0.3121647962197282,0.2836568787384448,0.3349645808736717,0.3070855301698887,0.305304054054054,0.3113701923076922,0.31245619387037743
5,0.2911975524475524,0.3333787956767885,0.3169703977798335,0.3078701180744776,0.30682966775854,0.2826386481802426,0.3250420757363254,0.3058833100883309,0.2938364918466284,0.3114529914529915,0.30751000490417113
6,0.2912060210373595,0.3164464882943143,0.3132423076923076,0.3019090909090909,0.3035493230174081,0.2799461979913917,0.3164618069018999,0.3050540331918178,0.285944625407166,0.3090500390930414,0.3022809933535797
7,0.2912875939849624,0.3088589065255732,0.310582001956309,0.2983495618305744,0.2997927631578947,0.2762335072108008,0.3089880755216959,0.3047490921096071,0.2735744876108901,0.3052702702702703,0.29776862601785775
8,0.2901536772777167,0.300722525804493,0.3082684044686336,0.2980051223676722,0.2906786941580756,0.2745099623047926,0.3072968299711816,0.3049941995359628,0.2663146037635833,0.300734664764622,0.2941678684416733
9,0.2884954998783751,0.2972757697456492,0.306563543003851,0.2943328240387063,0.2880951169888098,0.2731809478219243,0.3033106196965801,0.3044832041343669,0.2624541176470588,0.3006187374749498,0.2918810380430271
10,0.2880643044619422,0.2937497000239981,0.3048307050092764,0.2926065801668212,0.2833993588275704,0.2726080380293864,0.3014211015570532,0.3029390555943243,0.2613226218344329,0.3010125307675095,0.29019539962723145
11,0.2916421617325651,0.2918216380621334,0.3038518675721562,0.2920718348430587,0.285741127348643,0.2726855721393035,0.3008462190213937,0.302347239780868,0.2611255832037325,0.302580971659919,0.29047142153637734
12,0.2952814841893621,0.2924750896771621,0.3039212999216915,0.2915980582524271,0.2889030465606438,0.2740193548387097,0.3013457415708439,0.3028146078242436,0.2632485673352435,0.3027738712065136,0.2916381121376841
13,0.2964208481162359,0.2935979419331129,0.3026237982949392,0.2918752247393024,0.2924203257790368,0.2755968101526325,0.301929904002898,0.3037570721357849,0.2665640599001663,0.3060559428668594,0.2930841927920968
14,0.299563000156912,0.2963033135089209,0.3008647375504711,0.2940030211480362,0.29384495488105,0.277061690906185,0.3009999999999999,0.3064363099146422,0.2703856898960112,0.3103488372093024,0.29498115551715304
15,0.3014450951683748,0.297533185840708,0.3019373040752351,0.2986,0.2968361408882083,0.2792177684714327,0.3027310659738623,0.3080729325602685,0.2752658338175479,0.3147104839888872,0.2976349810784525
16,0.304240662197291,0.298552554315913,0.3028007629107981,0.3011885790172643,0.2973785642642212,0.2830699790062981,0.304676800472255,0.3113429222443749,0.2797639134576133,0.3181284916201117,0.300114322950614
17,0.3088817480719794,0.2983132777246,0.3037565265182742,0.3042786657400972,0.298486744718073,0.2869463440294582,0.3079000969932104,0.3153080821552415,0.2854044399081398,0.3227011201629328,0.30319770460220064
18,0.3135431263590238,0.2982347316078031,0.3037383900928792,0.3076651779850256,0.3008400707427994,0.2862561637080867,0.3107120500782473,0.3200400701227147,0.2915931695626124,0.3264876823726381,0.30591106326318307
19,0.3193029612756264,0.2986761722944756,0.3047354433438027,0.3124109911921597,0.3033955756422455,0.2871851851851852,0.3147262796121272,0.3242446382276691,0.2975781338147354,0.3298549910071942,0.30921103715952214
20,0.3251941643424157,0.3015029711851105,0.3042163967840561,0.3167892271662764,0.3073058823529412,0.2871209150326797,0.3196655092592593,0.3280275127579321,0.3043110803028688,0.334524315141219,0.3128657974324759
21,0.3306742822482815,0.3054367597292725,0.306765955187427,0.3218336651183366,0.3112743014979284,0.2894961957639317,0.3237527280663465,0.3323335427135678,0.3118076728924785,0.3398433734939759,0.3173218476711547
22,0.3363339703774487,0.3105358928214358,0.30936207413328,0.3273182341249084,0.3151523405972558,0.2930338719096748,0.3268471863706763,0.3351813701330705,0.318242131445518,0.3449733561709011,0.32169804280841696
23,0.341451875282422,0.3159025543992432,0.3115837338610875,0.3327180275821014,0.3194032289064001,0.2977579511834319,0.3307559162918052,0.3382913752913752,0.3245034495279593,0.3497965932771587,0.32621647056029845
24,0.3464724558091642,0.321053127524006,0.3147057512260366,0.3386267672007539,0.3232300722979775,0.3019860121404065,0.3333487854626368,0.3416025414754676,0.3301055579491598,0.3544705070714039,0.3305601578157013
25,0.3511644951140064,0.3252548150673257,0.3182259972954699,0.3432614531138154,0.3270419897203589,0.3069193020719739,0.3344892496709083,0.3441923752194633,0.3344244309808417,0.3578579634036268,0.334283207165779
26,0.3560162790697674,0.3285009718172983,0.3230427962352183,0.3479851127179922,0.3307044416770444,0.3103808039638775,0.3373825782811458,0.3469518589132507,0.3387465007776049,0.3616314553990609,0.338134279885226
27,0.3603638176848636,0.3323965955480243,0.3265527807568562,0.3515406411917098,0.3347762792542642,0.3134329156479218,0.3405038882717029,0.3500086812108403,0.3420549466824644,0.3647545828656939,0.34163851291143416
28,0.3649062852311161,0.3360886298658455,0.3297873039036848,0.3549283126493486,0.3380313588850174,0.3160421980905181,0.3428626473254759,0.3522215035216328,0.3453972573690535,0.368684586788676,0.3448950083630368
29,0.3689932705248991,0.3388341497550735,0.3328951399526528,0.3572679882525698,0.3405234369339999,0.3197674418604652,0.3455492451473759,0.3542388325568649,0.3488622044576925,0.3727694733955019,0.3479701182837095
30,0.3723491726224969,0.3407274549098196,0.3354203245544028,0.359820476858345,0.343685670689416,0.3231549840085287,0.3482324480131769,0.3558032390779077,0.3517450165573663,0.376396526772793,0.3507335314064253
31,0.3756380352955695,0.3422034980211924,0.3371363173957273,0.3623847702113384,0.3467867588407338,0.3263420935127894,0.3500344104345547,0.3567590165980281,0.3544437523358664,0.3794318110037268,0.35311604636495264
32,0.3788482946470866,0.3441016173329264,0.3401408536585366,0.3642450160771704,0.3496479142747799,0.328787934410181,0.3524734993414037,0.3587164339419978,0.3570487191764424,0.3825991497115092,0.35566094325720343
33,0.3813635846696235,0.3452331560801729,0.3419516119595108,0.365485263287705,0.3525981382815848,0.3309832169473622,0.3550126391814625,0.3583930814019865,0.3588130529702401,0.3846698802220274,0.3574503625001676
34,0.382948507707445,0.3468993442806703,0.344729000337344,0.366987445220893,0.3563782731776362,0.3331847905744405,0.3580925808130458,0.3581756276322266,0.3604464137816797,0.3864953323585648,0.3594337315883946
35,0.3838277637662883,0.3472072823105469,0.3473051948051948,0.3682025734456843,0.3593839427662956,0.3349897097053725,0.3607639468268536,0.3574618850526536,0.3623507502394381,0.3879678013876843,0.3609460850306012
36,0.3841753151420037,0.3465532277207286,0.3494174048983845,0.3688682450948153,0.3613984002629705,0.3361112268820005,0.3622951962256058,0.3568344654088051,0.3638264861260707,0.3890727975351193,0.3618552765296504
37,0.3837103697200273,0.3463979348689436,0.3518632573093539,0.3693369553750396,0.3635184010152283,0.3373523814293584,0.3635669250645995,0.356140634813276,0.3652721694378463,0.3901575080515297,0.36273165370852023
38,0.3832796761743387,0.3457291219023062,0.3536390101892286,0.3695722563920093,0.3648815782757388,0.3381996525264225,0.3651441827978447,0.3543059233449477,0.3664659660855027,0.3912561983471074,0.3632473566035446
39,0.3824937548258164,0.3453928423570541,0.3558925472538811,0.3690594253267414,0.3650625461708939,0.3382888620304946,0.3669243175581339,0.3521427933160575,0.3673516929606052,0.3914828039842135,0.3634091585783891
40,0.3816008771929824,0.3445004436557231,0.357729210120613,0.3688566778317686,0.3648611111111111,0.3381699009546004,0.3680388692579505,0.350570192431874,0.3684656733728866,0.3924431611495089,0.3635236117079018
41,0.3808340396677402,0.3433341902313624,0.3592269895586558,0.3680262380064572,0.3643050139914675,0.3381616725039997,0.3686254944264653,0.3490889848094962,0.3694959834153926,0.3927921963665156,0.36338908029775524
42,0.3803601443036937,0.3422827346465817,0.3604290078927268,0.3677174962689842,0.3637064037225792,0.3376632115690045,0.3690845989816789,0.3472363359512742,0.3702824976981669,0.3925348124174935,0.3631297243452184
43,0.3798221939990475,0.3406366764011682,0.3610999835823345,0.3664838518267356,0.3631293638894838,0.3368336025848142,0.3691507207283149,0.3458082997832146,0.3709583451747797,0.3920482821125484,0.3625971320082441
44,0.3790666615349088,0.3389786402507448,0.3619091921119593,0.3656885528095414,0.3626787861199784,0.3359994918500567,0.3688962418300654,0.3442811435841784,0.3717141111067302,0.3908997885666413,0.3620112609764805
45,0.3784769943232746,0.3377570706124743,0.3623910698462842,0.3649662832209441,0.3618946269375954,0.3349996213842193,0.3685512906935247,0.3423570626787848,0.3720351085416746,0.3897067238912732,0.3613135852130049
46,0.3777919463087248,0.3365734049892879,0.3629624023619988,0.3636916103257529,0.3599204373030386,0.3342478444322143,0.3672634615384615,0.3404701424461441,0.3725491217624293,0.3886579510072401,0.3604128322475292
47,0.377506960843055,0.3357136818373961,0.3635738139315401,0.3628480494341871,0.3585403304912096,0.3337492877492877,0.3657975666193924,0.3388921238124425,0.373216161396646,0.3877285318559556,0.3597566507971112
48,0.3771291825062502,0.33482074438971,0.3637039322870745,0.3618679354302841,0.3565668337663288,0.3323379381799344,0.3646395711077302,0.3373065481109312,0.3734111326404791,0.3869652463193658,0.35887490647380876
49,0.3765190590430494,0.3336416184971098,0.3635084803837587,0.3606141150085854,0.3546658508034478,0.331190204629319,0.3636929599268198,0.3358908571611951,0.3737702443041449,0.3860332611013655,0.3579526650858796
50,0.3760650925955957,0.3323484016790442,0.363404758731005,0.3593080486392588,0.3529914647577092,0.3299302795334593,0.3627667213787444,0.335053686247581,0.3737918296392872,0.3853212528862564,0.3570981536087941
51,0.3753439011284256,0.3310971014037622,0.3628779135734432,0.358108851199152,0.3515042117930204,0.3287133984028393,0.3618137857688856,0.3339350586234129,0.3739848460159687,0.3847853420195439,0.35621644099284533
52,0.3743921375315793,0.3297224429907684,0.3625896351470774,0.357055845747082,0.3499907380325631,0.3274008382901347,0.3607981562348374,0.3328426733698063,0.374101452038255,0.3842759879384225,0.3553169907320526
53,0.3737289382790209,0.3285360119047618,0.3618149149210639,0.3556081144686058,0.3490954249193191,0.3257925128235894,0.3596322186535676,0.3318204463642908,0.3736467889908257,0.383273643842395,0.3542949015167439
54,0.3728362453095685,0.3268277731080259,0.3608793593773387,0.354031184142207,0.3479875531456035,0.3242631210023657,0.3581956675155717,0.3311406021795304,0.3728778261395236,0.3822027255185721,0.35312420574383074
55,0.3722814254612123,0.3254786527648272,0.36012725468449,0.3525786406612356,0.346585625581186,0.3223852414695922,0.35710628626114,0.3300345148742673,0.3725586508100451,0.381133168637139,0.3520269461205135
56,0.3716675064382487,0.3241015291362447,0.3592551737880383,0.3505246010830848,0.3454100974054465,0.3212136434280638,0.3557000087537568,0.3290992327639212,0.3717664687914241,0.3802307294954944,0.3508968991083723
57,0.370815703768576,0.3233349472778137,0.358187652811736,0.3487563537783802,0.3441391993613139,0.3199910641754671,0.3546880875064092,0.3276462759016649,0.371179417891122,0.3795465504191079,0.3498285252891591
58,0.37024567788899,0.3221844048025641,0.3568848948167425,0.3472040760121179,0.3431604876419506,0.3188198979456944,0.3537937699902656,0.32617518155179,0.3699616304975658,0.3787225097910333,0.3487152530938714
59,0.3697843732816632,0.3206553192581001,0.3556942201276179,0.3455155359638748,0.3423243265283932,0.3175712145864001,0.3523745079408171,0.3242516295964572,0.3688324463796161,0.3778703034198334,0.34748738770827736
60,0.3688921480722428,0.3192994636322622,0.3546963505159972,0.3439395807644883,0.3415537293221103,0.3163242089846216,0.3515341436874651,0.3226127495076706,0.368287573964497,0.3770343156516044,0.346417426410296
61,0.3682706248275516,0.3180085243974133,0.3535206995905575,0.3426309987694831,0.3402530939470202,0.3148654752795399,0.3507245925464549,0.3212849328100844,0.367077855249955,0.376162069319114,0.34527988667371734
62,0.3676852875426831,0.3166976159099077,0.3523827825700091,0.3413969041178238,0.3390230876569833,0.3133217863608932,0.3498339932988121,0.3194010234938358,0.3658889728096677,0.3751030979556001,0.3440734551716216
63,0.366850800144387,0.315529129058727,0.351427673260144,0.3406469002695418,0.3375261591867097,0.3117692961537552,0.3486772848027409,0.3175615942853242,0.3650426370918053,0.3741359449834213,0.3429167419236557
64,0.3660905446828578,0.3142192950247843,0.3505678401477307,0.3393611563908332,0.3363166638372178,0.3103966237904994,0.3470965979456545,0.3153348909657321,0.3644710923355461,0.3729773875390906,0.3416832092659947
65,0.3652927709171639,0.3129944740211604,0.3497020635288662,0.3382802308666885,0.3352478397113285,0.3090317840672755,0.3458576724732052,0.313405471932385,0.3637549668874172,0.3720693311966819,0.34056366056021725
66,0.3644300224454169,0.3118875294324758,0.348487167840109,0.3370235607504536,0.3341761779678747,0.3077596360335629,0.3442129317362484,0.3116441979522185,0.3628855963643109,0.3710504784357232,0.33935572989583934
67,0.3637669557482766,0.3106010952524686,0.3472394836412196,0.3355189782334952,0.3328240572053197,0.3058976388196266,0.3424936265137031,0.3100244432373709,0.3622451602629724,0.3701941901568023,0.3380805629071255
68,0.3629569352938609,0.3094289187189514,0.3464401379250142,0.3339743194432208,0.3315478394717469,0.3043283930694751,0.3411827753117262,0.3085352997768817,0.3609217951863666,0.3691701484576406,0.33684865626548843
69,0.362427659620039,0.3078750544007625,0.3454473363155755,0.3327939652939654,0.3302170491803278,0.30264253017062,0.3393982604514958,0.3072652077896005,0.359540302818134,0.368212245431948,0.3355819611472468
70,0.3617510672751362,0.3066580279285322,0.3445834471168995,0.3314057805425077,0.3285978745286253,0.3008338771514804,0.3378916747026679,0.3057510138194416,0.3581980676328503,0.3673917371294017,0.3343062567827543
71,0.3611828623368038,0.3055920475392837,0.3435746097857688,0.329922799153281,0.3274051776671079,0.2992822866054825,0.3360946726909741,0.3039618762667696,0.3569203860580772,0.3664812090129477,0.33304179271164963
72,0.3602390903004606,0.3046405990016639,0.3425690775490375,0.3285533036241173,0.3263582843592122,0.2976611891128716,0.3346541126969721,0.3023545955569022,0.3557286754364193,0.3655680128840435,0.33183269405217003
73,0.3592058589079315,0.3032443232028278,0.3413729076378672,0.3271486629520899,0.3251029718193037,0.2962577442567438,0.332703727675411,0.3009739776951673,0.3546256271709764,0.3646911776641506,0.3305326978982469
74,0.358192997571865,0.302067557115098,0.3404824912602777,0.3252991653932055,0.3236417350201584,0.2948745892040948,0.3309322639561661,0.2994889091738932,0.3532097202002273,0.3635729951748614,0.32917624240698473
75,0.3572284052836292,0.3006105243653881,0.3392788092680681,0.3237722840823862,0.3224333073322933,0.2935052397292034,0.3294076356120578,0.2980287763334827,0.351679197258933,0.3626176101615179,0.327856178942696
76,0.3561410399591133,0.2994042007171067,0.3379653145430224,0.3222372196632183,0.3209855272226051,0.2918905604021345,0.3277939121278835,0.2965501268141469,0.35004634080683,0.3617141507797289,0.326472839303579
77,0.3551567444804348,0.2983191999427508,0.3367620493077663,0.3204718100890207,0.3198623024830699,0.290439010861202,0.3263555242125059,0.2952561172008935,0.3486855626286858,0.3608292419388471,0.32521375631451765
78,0.3541918618492134,0.2970701600140671,0.3358356981736156,0.3191992675060585,0.3187059769647446,0.2893081794195251,0.3247600133018031,0.2940045464607421,0.3473353638153251,0.3598211056213293,0.3240232173126424
79,0.3532989384135681,0.2958510159965412,0.3347750478336283,0.3179324951193739,0.3174506632745775,0.2879957988278211,0.32300555676618,0.2927963688741499,0.345766843728894,0.3586291446596245,0.3227501873494359
80,0.3523919982975101,0.2943982788530222,0.3337195314973092,0.3165796795210424,0.3162993673826799,0.2867559614926693,0.3212249304118192,0.2914969359515024,0.3441037972866269,0.3576341049744691,0.32146045856686506
81,0.3516461156909319,0.2931684957173448,0.3328438224405771,0.3152097793163132,0.3150771840990207,0.2854338880990215,0.3199601866142836,0.290331712456439,0.342379582906948,0.3566001491318397,0.3202650916472719
82,0.3507809006157762,0.2919169108206867,0.3319810517713955,0.313842114222487,0.3139556447427603,0.2843447424716143,0.3183608677657446,0.2891028381806289,0.3409175633460604,0.3554511540948087,0.3190653788031963
83,0.3501092169256579,0.2907924665856622,0.3308296617693866,0.3123043638372307,0.3128870121909692,0.2832352941176471,0.3170425474162793,0.288029774804485,0.3397446801243296,0.3542514748628335,0.31792264926344815
84,0.3490676947726817,0.2894161724379823,0.3297966487449285,0.310882827683895,0.311982533190291,0.2818610429741008,0.315522556202747,0.2867527669572745,0.3382481935809107,0.3531601273432341,0.31666905638880455
85,0.3480237030705503,0.288026970205689,0.3285057872437136,0.3097687144316357,0.3111249484195758,0.280197461212976,0.3138793627330213,0.285580420325364,0.3368882345156167,0.3521284420501359,0.31541240442082785
86,0.3469746027632453,0.2865346481135427,0.3271749344754842,0.3087158775262603,0.3101775725250422,0.2784546576187539,0.3124378615986295,0.2844360350098915,0.335481845281728,0.3509359290290783,0.31413239639416557
87,0.3458779771406679,0.2851359179019384,0.3259066591137965,0.3076269933633189,0.3091276629825404,0.2770943688494715,0.3109270864814137,0.2833017892996338,0.3343583591455488,0.3499594548662253,0.31293162691445553
88,0.3448369915820942,0.2837263607097402,0.3245872391193195,0.306768425947454,0.3083592689624696,0.2755973586993913,0.3095152905438204,0.2821722020977901,0.332970785380043,0.3487547239009456,0.3117288646943068
89,0.3436069921826529,0.2823481217091194,0.3232998763490924,0.305922674978228,0.3073456962911126,0.2742568851951726,0.3080707653391739,0.2812024408782572,0.3317214289051186,0.3475622652775813,0.31053371471055086
90,0.3426777381699126,0.2809237464219811,0.3219460609614893,0.3050841867469879,0.3061245921227997,0.2731814881505576,0.3067302814441288,0.2802360351189719,0.3304650199447683,0.3464127758420441,0.30937819249236415
91,0.3415836325779293,0.279617741381285,0.320696549476273,0.3039213343032318,0.3050750335914972,0.2720501424256739,0.3052800885750194,0.2791820817709131,0.3291741877938531,0.3454786917286344,0.308205948362431
92,0.340815604948564,0.2784179698526506,0.3193534067346164,0.3027975354173983,0.3040946986050528,0.2710008183767919,0.303964261492643,0.2778883972130224,0.3279820220029218,0.3441581275673724,0.30704728422110333
93,0.3398111045828437,0.2771080313908832,0.3180168393782384,0.3016402124036824,0.3032243717707844,0.2697523719429064,0.3025580617969363,0.2767821124545898,0.3267329161525354,0.3428005517159552,0.3058426573589355
94,0.3388461538461538,0.2758671012006861,0.3167646975371694,0.3003886747364977,0.302324859206926,0.2684471551404945,0.3013253927301915,0.2756645362285897,0.3255832259185772,0.3412336447231847,0.30464454412684705
95,0.3382318494472966,0.2743806147851499,0.3155020984890879,0.2992933890673437,0.3011831112634419,0.2672909990670507,0.3000006359255543,0.2746074137589869,0.324370001142596,0.3397741786677046,0.3034634291614212
96,0.3374025460806729,0.2730994943902666,0.3143145600794713,0.2980801261655093,0.3002121408541998,0.2662173101286925,0.2986789810337379,0.2734395455669351,0.3231618423832664,0.3383286429018136,0.3022935189584565
97,0.3366896325916431,0.2720541554254129,0.3130028305481465,0.2970874396003385,0.2994176829692259,0.2651622026941696,0.2974126412448794,0.2723048771091764,0.3221268345563709,0.3368652573735561,0.30121235541129193
98,0.3359066897775576,0.2711021571708722,0.3115906193383883,0.2961142984121854,0.2988132103442596,0.2641812918635443,0.2961376335919274,0.271224638507648,0.3211167484847654,0.3355606261754619,0.300174791366661
99,0.3349947038933173,0.2699086178611709,0.3103626143721614,0.2950237857949638,0.2982932216711386,0.2632506758228383,0.2949363091415114,0.2699740479019448,0.3200064287357722,0.3340557852085294,0.2990806190403348
100,0.3338805920126553,0.2688803420966069,0.3090339780449555,0.2938437479509539,0.2976322408026756,0.2622698641572437,0.2937650375691629,0.2687856490283711,0.3189674290600118,0.3327240729524194,0.29797829536750564
101,0.33293879792993,0.267756747305449,0.3077049444666606,0.2926000673156587,0.2969997886337816,0.2612425725270884,0.2924769619791192,0.2676129979648789,0.3179055239653284,0.331404558555926,0.2968642960643821
102,0.332064714341744,0.2664308429992481,0.3067264482600499,0.2912936178368363,0.2962753717714584,0.2602289643614137,0.2912974545080173,0.2662667821567778,0.3167080381329444,0.3300177021321235,0.29573099365006134
103,0.3310565216829982,0.2653048743382218,0.305496359360656,0.2902773045618019,0.2955797848354055,0.2591413244453095,0.2901279022506732,0.2651703836602783,0.3156065242828303,0.3285845198032616,0.2946345499221436
104,0.3299950907259349,0.2639373693191376,0.304306229899045,0.2893297941279098,0.2947972843999338,0.2581335342932975,0.2889583437829162,0.2639729812170771,0.3144968825000953,0.3274507585924817,0.2935378268857829
105,0.3288852291763757,0.2627634732670448,0.3031909362891756,0.2882215400893197,0.2941762517127377,0.2568629276101262,0.2876664520761631,0.2625380569521999,0.3133679305630464,0.3261956933329968,0.2923868491069186
106,0.3277080819515107,0.2616633079870183,0.3019575745834947,0.2872134324912204,0.2935097766404134,0.255814536340852,0.2864571439050331,0.2613423398679346,0.312168326890673,0.3247758004012911,0.2912610321059442
107,0.3264401749837181,0.2604125255984543,0.3007505381487682,0.2862176709912029,0.2928460367911445,0.2548188129121833,0.2854745914213585,0.2601645916024924,0.3108982171481712,0.3234991875523167,0.290152234714981
108,0.3252277555876604,0.2593126228683765,0.2993266414737836,0.2850612769790568,0.2922954258828095,0.2537807610099555,0.2842131319638298,0.2591524865088321,0.3097912234042553,0.322116142210982,0.2890277467889541
109,0.3240222307535421,0.2579033969676786,0.2981757198189369,0.2838834638846933,0.2916246480138997,0.2527438921080275,0.283300521066654,0.2578980227204981,0.308616322533647,0.3206613248119939,0.2878829542679571
110,0.3227427805965195,0.2565561156213756,0.2968229070625115,0.2828430669181546,0.2910654262060143,0.2515791559231601,0.2821802159656132,0.2567210038188762,0.3074853963346275,0.3191983382789317,0.28671944067257843
111,0.3213701005083992,0.2553265468006346,0.2955916182667122,0.281827714756198,0.2904928208371396,0.2503520365385464,0.2811651374034376,0.2554450052848422,0.3063456805962141,0.3177687869406135,0.28556854479327376
112,0.3201831993885634,0.2542118328506413,0.2943983633682646,0.2810164182817341,0.2895887009965623,0.2493165334234952,0.2801538496552038,0.2542665899256037,0.3052875193101381,0.3161972655118475,0.2844620272712054
113,0.3190051753552332,0.2530547665160318,0.2929997108122837,0.2800618208648214,0.2888227181688125,0.2484381334368396,0.2791272091165784,0.2531183549172296,0.3042669697694823,0.3147236753242293,0.2833618534281542
114,0.317649206007855,0.2519651100946707,0.2917662386208717,0.2788662112721203,0.2880907013057547,0.2474491710645557,0.278122803505494,0.2518609641264948,0.3030659877892175,0.313193189400708,0.2822029583187743
115,0.3163381897120861,0.2508864434952764,0.2903721415529084,0.2778176264221467,0.2873650259038369,0.2464540797503978,0.2770492803659193,0.2504340081138408,0.3019271720850457,0.3116700939906344,0.28103140613920924
116,0.3149026397893479,0.249574994799251,0.2891738850080601,0.2767708783608542,0.2865914875722096,0.2453417867975859,0.276034981459935,0.2491523939474166,0.3007252975961061,0.3101843093922652,0.27984526547230315
117,0.313687636761488,0.2484511098767717,0.28782013960456,0.2757505530559682,0.2858222402241975,0.2445157414950553,0.2751139833971354,0.2478596021423106,0.2995672600577059,0.3088097891401726,0.27873980557553646
118,0.3122428041406613,0.2472566700232928,0.2865497589007132,0.2746054411702532,0.2850864300490636,0.2435874011731701,0.2740855338019631,0.2466122930500661,0.2982829778299398,0.3074860911555954,0.27757954012947184
119,0.3109102673796791,0.2461284269832487,0.2851303584597965,0.2735197884217348,0.2843082603616252,0.2426641598950183,0.2731067379094179,0.245426061954745,0.2968853698536772,0.3062027135302601,0.2764282144749203
120,0.3094590736040609,0.2448966107429299,0.2836358687837644,0.2725113234472917,0.2836374339718703,0.2419518625786477,0.2722520084918619,0.2442754738297914,0.2956790676118349,0.3047853211203025,0.27530840441823556
121,0.3080479487876822,0.2438094488188976,0.2823593223093488,0.271598796758615,0.2829294238661531,0.2409279022886279,0.2713588243774844,0.2431526336580242,0.294461245076176,0.3035003396206698,0.27421458855616787
122,0.3068275130632727,0.2429021919142718,0.2811383870254627,0.2705846272191745,0.2820998255596628,0.239938063998905,0.2704504688136975,0.2421483186988149,0.293480067644208,0.3023256691513228,0.27318951330887925
123,0.3055860430829716,0.2418730960552191,0.2797508401439678,0.269560769192248,0.2810519448496927,0.239036827743696,0.2696354649989914,0.2411116194824674,0.292558851752792,0.3010339503016668,0.27211994076037127
124,0.3044033328268247,0.2408229345544742,0.2784164289227742,0.2687078339826132,0.280102638401708,0.2382370379594064,0.2688455164427051,0.2399878191067344,0.2916186650497701,0.299757950315585,0.2710900157562595
125,0.303304207898457,0.2397027282167469,0.2771459097944918,0.2677557378496924,0.2792526387812805,0.2374894030629178,0.2681514851974496,0.2388648141818551,0.290683818822023,0.2983828650336215,0.27007336088385353
126,0.3022333647595892,0.2384593574544808,0.2760185774026324,0.2668580752943005,0.2782835374962653,0.2367753051643193,0.2673558247392418,0.2378580573769741,0.2898385882539399,0.297089974852979,0.2690770662794722
127,0.3013047557297653,0.2373700731344249,0.2749225538165136,0.2659085840086906,0.2772823847223181,0.2361914106093296,0.2664862783466206,0.2368107100184656,0.2890438680818505,0.295778439594028,0.2681099058062007
128,0.3003345394064952,0.2361324121522693,0.2737548619765114,0.2648866372869095,0.2761644905049085,0.235307717805646,0.2657793254288016,0.2358081133867297,0.2883460578333381,0.2945822183439985,0.2671096374125608
129,0.2992731816299606,0.23502925618637,0.2727159789863336,0.2639642173908946,0.2750705136873829,0.2343723162760167,0.2650509215276459,0.2350514535631592,0.2875181537514547,0.293290663084157,0.26613366560833757
130,0.2983218897217295,0.2338775912775267,0.2715556614510562,0.2630339846593135,0.2741250884473427,0.2334642467027163,0.2641736602438657,0.2340855993535694,0.286551581293032,0.2919304993636863,0.2651119802513838
131,0.2974089217926683,0.2329181053995756,0.270368443231161,0.2620353602084469,0.2731660182319029,0.2326253821809794,0.26346345963879,0.2332403646263711,0.2856455720079222,0.290565612986305,0.2641437240304122
132,0.296608534201345,0.2318054322506921,0.269297377468545,0.2612376581902033,0.2722024484668959,0.2317394172281593,0.2627404254533367,0.2323952033907065,0.2846660563827601,0.2891569835052888,0.2631849536537933
133,0.2957125120450671,0.2308098330968073,0.2683544207111598,0.2604632382264438,0.2711840236851142,0.2310201745537476,0.2620755761296166,0.2314090901332969,0.2837491442633263,0.2878261990716864,0.26226042119162657
134,0.2947554953880042,0.2298995083239886,0.2674189657167784,0.2596514551511723,0.2701282569734846,0.2301837692240854,0.2613812718125368,0.2305886380928227,0.2827516630930782,0.2864893869214778,0.2613248410697429
135,0.2936674424312949,0.2289457445171877,0.266413314754879,0.2589658025372311,0.2689963232952012,0.2293184361388951,0.2607000026949093,0.2296066860440765,0.2818856237918485,0.2852370677981403,0.2603736444003663
136,0.2926272087033268,0.2280534926455021,0.2654165319868261,0.2582700953858631,0.2678552885395446,0.228627446799437,0.2599136718819529,0.2285039990707554,0.2810757604366161,0.2838769417779446,0.2594220437227769
137,0.2916899843854561,0.2270361637858701,0.2642332190950947,0.257610914047074,0.2667188894840207,0.2277926176935362,0.2592454494144208,0.2275429914839048,0.2801514530584609,0.2826530052226255,0.2584674687670464
138,0.2907257287347379,0.2261565191367671,0.2632146317206376,0.2568844268966353,0.2655655672473251,0.2271203316027465,0.258469517950152,0.2265206149887214,0.2792041792836775,0.2812566732412886,0.2575118190802689
139,0.2896963697526105,0.2252723947004152,0.2622112085074576,0.2561293491784289,0.2644024452190362,0.2263321826585566,0.2577490126108647,0.2255495853099687,0.2782184662222455,0.2797826577651991,0.2565343671924783
140,0.2886026106125565,0.2243785462947087,0.2611211952908704,0.2554194448224248,0.2632384835603366,0.2254631868041508,0.2569531605470325,0.2244894851689326,0.277350136535044,0.2783466310151232,0.255536288065118
141,0.2876794361254698,0.2235191898430989,0.2601427356555669,0.2548505185060281,0.2621282941671967,0.2246233856182522,0.2560825917544367,0.2235352139446112,0.2763517343249486,0.2769379943971867,0.25458510943367957
142,0.2867230708903058,0.2226174362099658,0.2591215496087973,0.254056441369167,0.2610544177134341,0.2238340521070569,0.2552094139277551,0.2224586857923068,0.275621111139484,0.2754139925955286,0.25361101713538015
143,0.2859341964051818,0.2216694747550208,0.2580855383809275,0.2531847094193356,0.2601856947515911,0.2229197848550091,0.2543253128892827,0.2215324550078551,0.2747997300489287,0.2741625455274502,0.25267994420405826
144,0.2850463222790897,0.220804406216278,0.2571019707750849,0.2524298543729169,0.2591196149439226,0.2220533872759003,0.2534802678467837,0.2206411758810242,0.2738624942514319,0.2730908315882698,0.2517630325430702
145,0.284300902008339,0.2200827378860645,0.2559827458673699,0.2517784486687064,0.2581831030280925,0.221130262175229,0.252595728952772,0.219694442109446,0.27302183138282,0.2718340468106743,0.2508604248889513
146,0.2833519957844816,0.2193160070605722,0.2549868514371778,0.2511300524405001,0.2571344318312497,0.2205514588383857,0.2518497724071104,0.2187061443373932,0.2721838357942828,0.2706984388840581,0.24999089888152115
147,0.2825050411866994,0.2185075629091299,0.2538860805484688,0.2504239253891315,0.2562067379322135,0.2197911160569388,0.2510850469477883,0.2176317883877556,0.2713444241673727,0.2695994120252909,0.249098113555079
148,0.2816349111276588,0.2178161286886119,0.2528870956374656,0.249730815285917,0.2553367014236369,0.2189967817325006,0.2502712297188047,0.2166971889702817,0.2705270597738287,0.268564653658225,0.24824625660169305
149,0.2808603086949891,0.2169941751675016,0.2517464333949112,0.2491749893836208,0.2545321351982844,0.2181206174837234,0.2494544271246705,0.2156961964584917,0.2697169826433108,0.2676948771529888,0.24739911427024924
150,0.2800015121128196,0.2164322916666667,0.250746608075973,0.2486492062872966,0.2536853566243842,0.2173402187669499,0.2486661131267658,0.214722567802936,0.2689898665014811,0.2666934907992309,0.24659272317645034
151,0.2791298256415113,0.2156974828579061,0.2496862052389419,0.2480322251272451,0.2526564306216333,0.2165165324448295,0.2478336169083559,0.2137195002503101,0.2683023765074713,0.2655997153102419,0.24571739109084464
152,0.2782819557406437,0.2150234079984689,0.2486871491473618,0.2474246981019165,0.2518573656710597,0.2158200997428619,0.2470183599857578,0.2126490011438107,0.2676334705868565,0.2646443333950274,0.24490398415137649
153,0.2772956406971779,0.2142714873981483,0.247749660466268,0.246812405354194,0.2509637957965388,0.2149856691408834,0.2461530343615444,0.2116619582664526,0.2669227073355961,0.2635220635454572,0.2440338422362261
154,0.2764840513191738,0.2135527211623426,0.2468219165847995,0.2461859903381642,0.2501292491967456,0.2141982008908068,0.24530660090123,0.210622085906933,0.2661610032051528,0.2625649015861462,0.24320267210914945
155,0.2756088656707298,0.2126714149228857,0.2460284465510494,0.2455399597145574,0.2492333019040087,0.2134109561306464,0.2444282155797101,0.2097923815939984,0.265369319914608,0.2615659937596331,0.24236488557418268
156,0.2747637753517232,0.211909855340982,0.2452559726962457,0.2447925255721703,0.2483157148673714,0.2127104925299269,0.2436127583108715,0.2089703865618756,0.2646589559970054,0.2604323822588702,0.24154228194870422
157,0.2739408891060088,0.211066442834423,0.244287504449465,0.244105553262984,0.2473527608279492,0.2120633401410404,0.2428049613784908,0.2080740385213013,0.2639507279423347,0.259430585643202,0.2407076804107199
158,0.2731142162637756,0.2103338522383036,0.2433428686717297,0.2434166008714214,0.2464708957825025,0.2113873199661112,0.2419680024165801,0.2072204410465092,0.263073311906675,0.2584634110573398,0.2398790920220948
159,0.2722033584849829,0.2094903523781701,0.2425014653952278,0.2428227690164956,0.2455864699262223,0.2108083589032267,0.2411963593829958,0.2063574802079439,0.2623350898168239,0.2575369682069782,0.23908386717190672
160,0.2713770477364805,0.2085683381751185,0.2415946206593344,0.242217475798035,0.2448476368386103,0.2102690743508637,0.240362195873672,0.2055364150002022,0.2615444374478305,0.2564864640664787,0.23828037059466262
161,0.2705429977934912,0.2078339346473242,0.2406809100374258,0.2415343960690207,0.2441933335263965,0.209638784056961,0.2397193938129196,0.2047862375807045,0.26063171964898,0.2553810518634051,0.23749427590366284
162,0.2697693708274327,0.2070971390913847,0.2398026632608194,0.2408626164117538,0.243436748091274,0.2090622838791846,0.2389842204848095,0.2039727809865232,0.2597788293125941,0.2544237920853915,0.23671904444311673
163,0.2690316741108235,0.2063951481316665,0.2389284057469274,0.2402081868054578,0.2426391313953405,0.2084913892702287,0.2383501523634044,0.2032016312869774,0.2590195854017941,0.2535519237269039,0.2359817228239524
164,0.2683575956797369,0.2057619780513918,0.238017895785388,0.2396132473262405,0.2417390950808544,0.2080473504527238,0.2375830772152166,0.2024856133926236,0.2582035347978848,0.2525354543041176,0.2352344842086178
165,0.2676748349281452,0.2051432527744018,0.2372370609729493,0.2390643449097813,0.2409749473684211,0.2076032086277925,0.2369868631379091,0.2016694790402451,0.2575536861684139,0.2515702957669353,0.23454779736949946
166,0.2668564729467346,0.2044124625950776,0.2363652382723982,0.2384855645211217,0.2401816675254501,0.2070786311372387,0.2361455584415584,0.2009792214149533,0.2568347039243657,0.2505992572469998,0.2337938778025898
167,0.2661874052121162,0.2037323225055273,0.2354526356766044,0.237888494366678,0.2394367355400456,0.2065454491440944,0.2354750577494225,0.2001206321199801,0.2561028590070174,0.2496758936980467,0.23306174850195321
168,0.265496498957283,0.2030487076437629,0.2346296123617956,0.2372693780715133,0.2386670119144791,0.2060433392097623,0.2347657326909691,0.1993584178898005,0.2553329727793202,0.2487909528001625,0.23234026243188483
169,0.2648399281561917,0.2024076222144891,0.2338459326347799,0.2367349871121011,0.237899378476075,0.2055241956476467,0.2341107453020635,0.1985197117716345,0.2545105540626474,0.2478802715144998,0.23162733268921287
170,0.2641798626753134,0.2018457650972364,0.2330732861295763,0.2361472934511003,0.23720295691659,0.2050341812965631,0.2333751378540495,0.1978149723255886,0.2536238837165115,0.2469406688097747,0.23092380082723038
171,0.2634926120355919,0.201128741355112,0.2323426518768441,0.2354577681976455,0.2364522348522952,0.2045886086102787,0.2326340576082241,0.197086112042522,0.2527626305828153,0.246064622675854,0.2302010039837183
172,0.262967071673454,0.2004398950859362,0.2316352843804154,0.2347875366231029,0.2358819946073699,0.204115002517094,0.2319513957002359,0.1964363755194652,0.2518541766939408,0.2450899255765681,0.2295158658377582
173,0.2623514755845713,0.1998472310032488,0.2308649975926817,0.2341753163564108,0.2352511021659957,0.2036035562867809,0.2312668035294814,0.1957393758340781,0.2509820451061966,0.2442098074879557,0.2288291710947401
174,0.2618829355758606,0.1991761718580033,0.2302006526949161,0.2336226075895146,0.2345818595830407,0.2031455347437339,0.2305846073435253,0.1950697183911889,0.250069527241109,0.2433123689727463,0.22816459839936387
175,0.2613474969940275,0.1985722927262851,0.229534604090725,0.2329944840740526,0.2339724461008202,0.2026528619297512,0.229893038762908,0.1943688289114743,0.2492531486640247,0.2424646277159426,0.22750538299700113
176,0.2608057022037471,0.1979878934624697,0.2288733859059348,0.232325582883321,0.2332770466984978,0.2021071158541876,0.2291246579311676,0.1936604975637237,0.2483413823544684,0.2416223358473965,0.22681256007049141
177,0.260225107271101,0.1974129366862068,0.2282097155584948,0.2317827799841143,0.2326684227433344,0.201600333614423,0.2284012940018156,0.1929657495922571,0.2475562407768993,0.2407114379374502,0.22615340181660964
178,0.2597192537467168,0.196878559595642,0.2274830406096087,0.2312484540245842,0.2319951581109615,0.2010435388621941,0.2276480968945992,0.1922917725784141,0.246789582786838,0.2398263319575582,0.22549237891671167
179,0.2592109840080311,0.1963305267456594,0.2267158587598425,0.2306914910285094,0.2312340796098672,0.2004698192372382,0.2268789242756638,0.1916812455236059,0.2460565572624811,0.2389640268925173,0.22482335133434161
180,0.2586515134194515,0.1957736312769181,0.2259545188008502,0.2301595853954617,0.2305941711791601,0.2000100414322158,0.2261774465181216,0.1910198120248145,0.2452496782821528,0.2382204250470623,0.2241810823376209
181,0.2580980842380163,0.1951256065552402,0.2252994091885138,0.2295973351469997,0.2298387620522555,0.1995405800487667,0.2254132961095325,0.1904291191733853,0.2443890500021922,0.2374287268904204,0.22351599694053226
182,0.2575656163044296,0.1946084374576979,0.2245311012854957,0.2289874980043474,0.2291422697929392,0.1991067390321121,0.2246406298240197,0.1897683235531009,0.243536168254521,0.2365744719814431,0.22284612554901068
183,0.257070556444533,0.1940733897750128,0.2238303887137208,0.2284543646921049,0.2284729594915818,0.1984891020980013,0.2240174743466286,0.1892925156459863,0.2426914432493177,0.2357615607024009,0.2222153755159288
184,0.2564621941262339,0.1935180947513315,0.2232042109141474,0.2278497691832358,0.2278574312543969,0.1979372974115656,0.2233048534580964,0.1888137955702922,0.2419834971759381,0.23491711559876,0.22158482594439977
185,0.2559686776011357,0.1930587403710221,0.2225399443995206,0.227210361634274,0.2273421129396894,0.1974107153274451,0.2226425278036619,0.1883537335153367,0.2411643493565733,0.2340740419732571,0.22097652049219157
186,0.2553599968255325,0.1925526523967302,0.2218053446527089,0.2265606618526135,0.2267582643131383,0.1969235004346566,0.2219006466501598,0.1878042855782,0.2404776206982076,0.2331669752866605,0.22033099486886076
187,0.2547789207450583,0.1920779342829966,0.2210886784430893,0.2260743193087681,0.2261331266379211,0.1964294433664039,0.2212411872511387,0.1873985656935728,0.2396273696860447,0.2323687095519326,0.2197218254966926
188,0.2542781895980232,0.1914823836278354,0.2203854743431748,0.2254460176991151,0.225455907317509,0.1959209645584828,0.2206328982559345,0.1868891974728083,0.2389233932824372,0.2315418678842158,0.2190956294039536
189,0.2537765858683869,0.1910184633375686,0.2197169345012299,0.2248908487651607,0.224786437067282,0.19546089393414,0.2199380279698859,0.1863723862711901,0.2382102301365638,0.2307101167880665,0.21848809246394746
190,0.2532375944145849,0.1904195501488519,0.219065456580202,0.2243043341525631,0.2241715409350365,0.195012200219152,0.219310533491717,0.1857943659818025,0.2375854644209979,0.2300406851506419,0.21789417254955495
191,0.2527621881247856,0.1898035799496187,0.218393926675439,0.2236974561362899,0.2235649118913142,0.1945483016411108,0.2187510537484375,0.1852119612109898,0.2368650921369092,0.2292856159353772,0.21728840874502722
192,0.2522256930771627,0.1892182004608548,0.2177478051144495,0.2231142880140747,0.2229746747292796,0.1941718164376227,0.2181809490800913,0.1846542632064229,0.2360908298212469,0.2284954809149864,0.21668740008561915
193,0.251812404350518,0.1887043062882435,0.2170697723888534,0.2225610968294772,0.2222967160943662,0.1936864449050622,0.2176157598714417,0.1840224250800895,0.2354422550503008,0.2276958697522756,0.21609070506106282
194,0.2513200241492611,0.1882153957531583,0.21636533007063,0.2220662465940054,0.2217497737089955,0.1932752504805812,0.2171146103044336,0.1835192500159706,0.234733645476506,0.2269226551031771,0.21552821816567186
195,0.2507795957929232,0.187730990387684,0.2157531831645961,0.2215440873680707,0.2211386589545355,0.1927945169484103,0.2165337273814313,0.1829455873717843,0.2340535894497374,0.2261457722200803,0.2149419709039253
196,0.2502693474309501,0.1872215950630026,0.2152372270790317,0.2210466498124925,0.2205131823812567,0.192283711517433,0.2159993579779684,0.182460308281112,0.233464606859351,0.2253798733200473,0.2143875859722645
197,0.2498367223653315,0.1866755445613323,0.2147667463462021,0.2205318485175982,0.2198915853603705,0.1918147238998437,0.2154178279216054,0.1820264042096242,0.2328966394882653,0.2247307732615542,0.2138588815931727
198,0.2494490834107543,0.1862170408016952,0.2141895380876961,0.219990338137503,0.21930392967249,0.1913818752485677,0.2147687922356016,0.1815705945597805,0.2322046909269951,0.2239749730111846,0.2133050856092268
199,0.2490148776339944,0.1857752973283993,0.2135391950237439,0.2195008750784268,0.2187150896900807,0.1909227247717693,0.2142270440599259,0.1811114381008435,0.2315928248926847,0.2233062614690139,0.21277056280488824
200,0.2484225580744473,0.1852314831817919,0.2129872930159801,0.2190249126089311,0.2181640752119403,0.1904336098042755,0.2136858518196955,0.1805894699030122,0.2308354467447938,0.2225538614697066,0.2121928561834574
201,0.2479299409126821,0.1847679767194442,0.212416920922456,0.2185415227830134,0.2176403705937174,0.1900394008328803,0.2131762418204262,0.1800762363863596,0.2301530559017807,0.2218709575091536,0.21166126243819136
202,0.2474377724185234,0.1842062866739928,0.2118213213928451,0.2180361148800224,0.21705859117482,0.1895962380964873,0.2126245628895983,0.1794321800150079,0.2295162962801256,0.2212981367787163,0.21110275006001392
203,0.2470518996321163,0.1837730978120845,0.2112172982129423,0.2175559627309168,0.2165925201860747,0.1891409452679232,0.2121599613497363,0.1788205588259011,0.2288557053351053,0.2205782464636166,0.21057461958164173
204,0.2466209153185464,0.183318007407673,0.2106923583800518,0.2170409918379556,0.2161326015923172,0.1887416260499844,0.2115789953749906,0.1782885442029639,0.2282402834095418,0.2198349497145389,0.21004892732885638
205,0.2461202234794754,0.1828545382319687,0.2102150425821747,0.2165501978173708,0.2156933050788502,0.1883746932799967,0.2110602779762983,0.1777448275175072,0.2275792948944699,0.2191618727483441,0.20953542736064562
206,0.2457556336125371,0.182351044008344,0.2097896635857991,0.216013033769552,0.2151746220865291,0.1879731128787568,0.2104960132326745,0.1773011325650841,0.2269524798891908,0.2184125697727142,0.2090219305401182
207,0.2453353750268644,0.181877878618565,0.209297901206652,0.2155790073110694,0.214583132848645,0.1875286237662608,0.2099226836723937,0.1767525600630169,0.2263461487542034,0.2177032766675989,0.20849265879352696
208,0.2448185363247863,0.1815295631106839,0.2088134528139943,0.2151121830827911,0.2140701317269582,0.1870399975685369,0.209506552918551,0.1762153841635912,0.2258227378263548,0.2169306535715573,0.20798591931078053
209,0.2442706474636757,0.1809972623195619,0.2082012554341201,0.2146262865205842,0.2135932282221861,0.1865698479606379,0.2090144319691562,0.1757043309002433,0.2252008196077815,0.2162909002532681,0.20744690106512148
210,0.2437441059840432,0.1805674185389226,0.2076093081024315,0.2141624759517435,0.2131182033096927,0.1861314840777088,0.2084146316198368,0.1751404102961099,0.2245769364832455,0.2155399137439987,0.20690048881077333
211,0.243199633574642,0.1801143276177727,0.2070304288245598,0.2137351028696846,0.2126267369182292,0.1857032043494712,0.2079062474252286,0.1747063450445726,0.2240154692760833,0.2147920521765509,0.2063829548076795
212,0.2426366160864822,0.1797881368374687,0.2064498864742134,0.2132726341067959,0.2121319549296932,0.1853352790609017,0.2074465301566331,0.1742158766910962,0.2234348152451657,0.2140872034579814,0.20587989330464315
213,0.2420088956704968,0.1793510250558391,0.2059317913454191,0.2127533392472436,0.2115881740249263,0.1849088196776195,0.2070001120140119,0.1737308186272177,0.2228962594943826,0.2134124850731727,0.20535817202303294
214,0.241496046737268,0.1788557609952724,0.2053150111235528,0.2123399702598483,0.2110558232095807,0.1845135002815108,0.2065879195990076,0.1732798384274106,0.2223442819540848,0.2127926251943549,0.20485807777818912
215,0.2408951566132732,0.1783581927971708,0.2047684068036019,0.2118181772618833,0.2104994952554007,0.1841046389343304,0.2060717054458685,0.1728568371143525,0.2217734536434045,0.2121391319807985,0.20432851958500842
216,0.2403780157300273,0.1779494289282416,0.2042502157915527,0.211339499282411,0.2100461257390658,0.1837125965952007,0.2055678519230385,0.1723773773773773,0.2211909952630442,0.2114922496796272,0.20383043563095865
217,0.2399370076342077,0.1776097239472544,0.2037345141754389,0.2108950738110694,0.2094894700069866,0.1833631845348462,0.2050865981844242,0.1718622115550097,0.2207300278234286,0.2108693190139126,0.20335771306865782
218,0.2394575977707215,0.1772629060427779,0.2031077471918237,0.2103807451793959,0.2089885563423966,0.1829249828766303,0.2045437179563315,0.1713079968732221,0.2201954225089777,0.2103219692373403,0.20284916419796178
219,0.2390384914717239,0.1769090635209053,0.2024395674452715,0.2099387363014369,0.2083453897699573,0.1824620005049134,0.2040353204033523,0.1707864279537048,0.2196178844121337,0.2097770897384539,0.20233499715218534
220,0.2385765683439945,0.1764526541484674,0.201747419191871,0.2095410500867598,0.2077578609562691,0.1820025346440839,0.2035056109939265,0.1702487350516502,0.2190611079186865,0.2091805520895322,0.2018074093425241
221,0.2381135636659846,0.1760218971305121,0.2011541341446654,0.2090297588755603,0.2070998340977847,0.1816380654858666,0.2030463042727055,0.1697552985285151,0.2185273691613432,0.2086950991948916,0.2013081324557829
222,0.2376026903259908,0.1755596461980179,0.2005283411017848,0.2086324633880625,0.2064923424822392,0.1812609017588093,0.2025443742588156,0.1692395937983654,0.2180126813441933,0.2081439812815315,0.20080170159378102
223,0.2370691230655857,0.1752728738597622,0.1998960827776241,0.2082125032960183,0.2059515697015032,0.1808411591717272,0.2020808601591497,0.1688284225024982,0.2175226548159598,0.2075903901607932,0.20032656395106216
224,0.2366307853178015,0.1749330455345358,0.1993401651567684,0.2076862760991565,0.2055540781844015,0.1804153224311194,0.2015678373913668,0.1683635997313634,0.2170365103766333,0.2070641118907376,0.1998591732113884
225,0.2361943468392941,0.1745479368378826,0.1987620839551029,0.2072394047602111,0.2051492009988111,0.1800063620269971,0.2011135849505893,0.1678668572650029,0.2165697966087118,0.2065951587457175,0.19940447329883207
226,0.2358158924004428,0.1741912971713085,0.1981382615909299,0.2067271320900661,0.2047866702126649,0.1796489904664076,0.200576214341882,0.1673603931626203,0.2160931226032703,0.2061480623430165,0.1989486036382609
227,0.2353912016888756,0.1738704838978884,0.1976567749801754,0.2062999071059273,0.2043278287403993,0.1791941266626525,0.2001262843978347,0.1669346936257771,0.2156737186395174,0.205609306749656,0.1985084326488704
228,0.2349403469159307,0.1734738559304919,0.1970964425580027,0.2059005544458341,0.2038334366895929,0.178806328074307,0.1996183440409748,0.1664799524942699,0.2152515915481038,0.2049816325031224,0.198038248520063
229,0.2344858983692833,0.1731627732533219,0.1965911265491581,0.2055276645527897,0.2034002093673181,0.1783338599952149,0.1991540842536092,0.1660250843556276,0.2147475014381054,0.2044509906009371,0.19758791927353653
230,0.2340182582474544,0.1728210248095417,0.1960782818942107,0.205104278754012,0.2028579861853542,0.1779512231269114,0.1987298801270607,0.1655139635732871,0.2143528965648801,0.2038689075630252,0.19712967008457372
231,0.2335803629034157,0.1725413364684666,0.1955132737804139,0.2046643098988841,0.2023025531009867,0.1775130235093331,0.1982611373292553,0.1650408506599947,0.2139331969375757,0.2032931876612491,0.19666432322495747
232,0.2331389563049936,0.1722317576749033,0.1948842413883893,0.2041572525363312,0.2018691120188415,0.1771334145300664,0.1978409873234136,0.1646490430006008,0.2134778333970371,0.2028344787906847,0.19622170769652614
233,0.2326546156284376,0.1719715533424056,0.1943578816531272,0.203772357353944,0.2014183666932081,0.1767301518514915,0.197423017732294,0.1643127698002997,0.2130320891385321,0.2022914663864607,0.19579642695802005
234,0.2321110925624509,0.171717579187983,0.1938219034119761,0.2033319461909371,0.20099988162771,0.1762807439699807,0.196937324525936,0.1639791106409553,0.2124730062943532,0.2017857714753398,0.1953438359887622
235,0.2316432124170641,0.1713770407301363,0.1933379088900504,0.202889400880185,0.2004932039802346,0.1758663512584961,0.1965547228826352,0.163677282449718,0.2119829509386052,0.2012412329803663,0.1949063307407491
236,0.2311182767072733,0.1711175765726157,0.1928814429610855,0.2024313918610377,0.200072660337144,0.1753639775839622,0.1961468325171225,0.1632900874451627,0.2114651062083027,0.2007050102564554,0.19445923624501615
237,0.230591594251871,0.1708357853019139,0.1924074476641811,0.2019691355275463,0.1995801075003699,0.1749051340252629,0.1957620206611754,0.1629951614996002,0.2109491540636359,0.2001531219896664,0.19401486624852232
238,0.2299857819044071,0.170477691240798,0.191955161897346,0.2015805799773113,0.1991051382799851,0.1744862600420646,0.1954498268355873,0.1625386992391335,0.2104194012125758,0.1995991566695416,0.19355976972987504
239,0.2294664985493099,0.1700605110958241,0.1914757986072255,0.2011257770136225,0.1986763302817432,0.1739933193832222,0.1951145937613508,0.1621633756708037,0.2099137682157149,0.1991196966413868,0.19311096692202034
240,0.2290387270266259,0.1696685285965387,0.1910082570654012,0.2007120987481027,0.1982025148235959,0.1735970788655109,0.1947561298114005,0.1618540595374078,0.209404696150906,0.1986120908973308,0.19268541815228202
241,0.228525742844487,0.1692452247108337,0.1905353482842521,0.2002446603297633,0.1977358188040045,0.1731968528677457,0.194399123749545,0.1614811068757103,0.2089543042543556,0.1981617312659281,0.19224799139866253
242,0.2280245696198586,0.1689156576095597,0.1901495236358856,0.1998696958774303,0.1972694809168312,0.1728897330369895,0.193953594930964,0.1611259223265291,0.2084516873983099,0.1977000708668812,0.19183499362192394
243,0.2275032447828763,0.1684871434043333,0.1896663685491661,0.199528498394548,0.1967135961383749,0.172598863048661,0.1935855353149358,0.1607790437337212,0.2079410408045151,0.1972300474469142,0.1914033381618046
244,0.2270198520790909,0.1680897950052201,0.1891965529978677,0.1991096302794943,0.1961951677527108,0.1722554844702564,0.1932344781691844,0.1604464394031299,0.2074864686983105,0.1966835499207607,0.19097174187760255
245,0.226561529554187,0.1676872526385224,0.18874452338291,0.1987576717312218,0.1957182803290898,0.1719281633604824,0.1928605427113207,0.1601289852622767,0.2070567287267275,0.1961225382196134,0.19055662159163517
246,0.2261694915994081,0.1672175773413687,0.1882905100145053,0.1983328790401921,0.1951658128298265,0.1716265774259723,0.1925192020505008,0.1597516991953604,0.206556331990054,0.1955761330644824,0.1901206214551671
247,0.225723879105891,0.1667487079417696,0.1878759021444672,0.197868132287309,0.1946744564684621,0.1712796376656162,0.1921178559566695,0.1593646864686468,0.2061482886165161,0.1950320093905311,0.18968335560458788
248,0.2252721161951282,0.1662936148083142,0.1873950809349186,0.1974922803050755,0.1941438119431215,0.1709848329323272,0.1918054666807924,0.1589684642694221,0.2057372970586237,0.1945036447978793,0.18925966099256025
249,0.2247843676203011,0.1658514535236324,0.1868872839116848,0.1971918469658099,0.1935476609408557,0.1706728140541291,0.1915106029421689,0.1586743299103388,0.2052744576124385,0.1940352681276198,0.18884300856089792
250,0.2243396060838259,0.1653996700599525,0.186428367649696,0.1968716148445335,0.1929807030213459,0.1703725455107452,0.1911239044292958,0.1583174964337503,0.2048425700109327,0.1935854268780377,0.18842619049221154
251,0.2238741075840447,0.1649758545990381,0.1859695514445522,0.1965212797817116,0.1924292923807057,0.1700214939727824,0.190688866421287,0.1579963584020778,0.2043721674722239,0.1930976929858934,0.1879946665044317
252,0.2234314141097272,0.1645824748636078,0.1855719833519701,0.1961753722847123,0.1918681124538059,0.1697315744516254,0.1903083914746409,0.1576881163640894,0.2039422700505585,0.1926295670401273,0.18759292764448648
253,0.2229646286514673,0.1642689689642041,0.185092643927524,0.1958218777299774,0.1912679324894514,0.1694084020740514,0.1898915171052468,0.1574523614830431,0.2034552292931594,0.1920999195533798,0.18717234812715047
254,0.2224966829022506,0.1638711982440071,0.184664203573085,0.1954594768641381,0.1907259704441608,0.1691983535085758,0.1894735660775988,0.1571029244999189,0.202980575317043,0.1916114153065042,0.18675843667372824
255,0.2220837860880323,0.163492172641969,0.1841593545434648,0.1950700551132884,0.1901577252823325,0.1688646732478102,0.189113878390897,0.1568175535060167,0.2025169418824678,0.1911223149760775,0.18633984556723562
256,0.2216170799585669,0.1631255182340149,0.1837208533189687,0.1946781861400622,0.1896068968328374,0.1685457429722052,0.1886599595287052,0.1565036826675738,0.2021078199052132,0.1906594225420582,0.1859225162100206
257,0.2211660352359067,0.1627314807605462,0.1832245901186971,0.1942464047106783,0.1890971582726517,0.1681632994578078,0.1882669279028688,0.1562301949682663,0.2017199801548571,0.1901526159044132,0.1854998687486693
258,0.2207830376867025,0.1623594658792804,0.1827040059638247,0.1938663666081579,0.1885780209132383,0.1677931095302487,0.1877834701524209,0.1558856405846947,0.2013277407864644,0.189767645189685,0.18508485032947175
259,0.2203718442061388,0.1619925441354013,0.1823190488837507,0.1935176695013746,0.1881158080848669,0.1674939720490351,0.1874374139970548,0.1556081677287981,0.2009380338436744,0.1893390184777014,0.1847133520907796
260,0.220001919432828,0.1616406091019739,0.1819001912670273,0.193166857498494,0.1875965549374298,0.1671679405322272,0.1870224273613809,0.1552853775001502,0.2005516518070212,0.1888765374161632,0.18432100668546955
261,0.2195727049890041,0.161265015574538,0.1814353041324872,0.1928258573102202,0.1870702955517961,0.1668083267931911,0.1866581888922552,0.1550523994618029,0.2001924013638577,0.1884502020257066,0.1839330696094859
262,0.2192229155538289,0.1609544238679213,0.1809689047732752,0.1925172176580822,0.1865164444233161,0.1664993341595399,0.1862828072793073,0.1547729742200523,0.199734156287011,0.1880038862562913,0.18354730644786255
263,0.2188221609928821,0.1605854357863319,0.1805341164383035,0.1921415190869736,0.1860044560116723,0.1661577366356057,0.1858696442113246,0.1544420386223962,0.1993634960829311,0.187547380844023,0.1831467984712444
264,0.2183709428439686,0.1602677164166724,0.1801059071375685,0.1918233602607598,0.1854621259993955,0.1658170731242108,0.1854857525941012,0.1540797975923521,0.1989315296721821,0.1870728654791155,0.18274170711203266
265,0.2179509099616858,0.1599473344394476,0.1796802908726178,0.1915136888254406,0.1849030389211614,0.1655317322882488,0.1851241691393497,0.1537632197414805,0.1985327493451699,0.1866507878273696,0.18235979213619716
266,0.2174838211165713,0.1595978214158928,0.1793062626232063,0.1911903504411581,0.1843720180578832,0.1652876922611575,0.1847586657054341,0.1534754866829503,0.1981438664975114,0.1862199046687943,0.18198358894705594
267,0.2170245651082137,0.1593250503194026,0.1788561515668357,0.190832618092123,0.1837677398630735,0.1650350844171733,0.1844420326121114,0.1531640410248195,0.1978288716848553,0.1857222975378113,0.18159984522264191
268,0.2165793700155094,0.159039815075496,0.1784463073538066,0.1904997266939203,0.1832994502425174,0.164728963976794,0.1840809654208171,0.1528646696124665,0.1975701439057705,0.1852563387290122,0.181236575102611
269,0.2161524596202224,0.1587445276742016,0.1780460076797635,0.1902412289106755,0.1827835429106123,0.164403793127894,0.183748822455061,0.1525347474113133,0.197259187918946,0.1847802428736547,0.18086945605823443
270,0.2157474779786379,0.1583744588506152,0.1776515857949036,0.1899407742093052,0.1822497442474768,0.1641257086388932,0.183399934158395,0.1521611584057726,0.1968647786198643,0.1842746692768361,0.18047902901807
271,0.2153506264515577,0.1580208386648631,0.1772513092878065,0.1896619272521401,0.1817511845549987,0.1638905123529173,0.1830211207487919,0.1518517484919391,0.1964666305186226,0.1838068355089441,0.1801072733832581
272,0.2149733182781395,0.1576675306048902,0.1768133249875734,0.189307785427858,0.1812437354615428,0.1635253539386261,0.1826938255115051,0.1515290563456551,0.1960941052135368,0.1833071905345421,0.1797155226303869
273,0.2146152617090496,0.1573054646413025,0.1764095101244849,0.1890546425033243,0.1807229940886328,0.1631207603346997,0.1823576358848619,0.151237237386387,0.1957209092835947,0.1828556554365093,0.17934000713928466
274,0.2142472706084396,0.1569675752151065,0.1760249448002773,0.1887981468977418,0.1802420863241935,0.1628213787614368,0.1820713218946441,0.1509579398808073,0.1953600633078343,0.1823875394437513,0.17898782671342323
275,0.2138822768237149,0.1566459358344504,0.1756766332589593,0.1885770666088899,0.1797544892749988,0.1624664815030246,0.1817346755314167,0.1507067469726926,0.1949767757717647,0.1819290027066417,0.17863500842865535
276,0.2135622417914872,0.1563251408163411,0.1753118045730372,0.1883624746563494,0.1792464537030845,0.1621370551760834,0.1813445315471884,0.1504116789804276,0.194616789684437,0.1814982817244576,0.17828164526528933
277,0.2131863555695143,0.1560155907560179,0.1749205242660383,0.1881391152934202,0.1788184071320238,0.1618144677323434,0.1810420380273321,0.1500424884709033,0.194218151995626,0.1810675609623635,0.1779264700205583
278,0.2128476453145546,0.1557211471925224,0.1745234337448795,0.1878650381668124,0.1783787835259626,0.1615146153073091,0.1807299859849199,0.1497777272143038,0.1939380970194861,0.1806489391612777,0.1775945412632028
279,0.2124976458362252,0.1554763587532687,0.1741571992357006,0.1876415607318687,0.1778732833385284,0.1612222730554502,0.1804972416383711,0.1495109522887031,0.1936354130166165,0.1802071033524866,0.1772719031247219
280,0.212066595444256,0.155209834011901,0.1738093917150335,0.1873645976254505,0.1773897168895088,0.1608713718790596,0.1801981252819229,0.1491684953923004,0.1932691523705638,0.1797870257212895,0.1769134306331286
281,0.2116526183444058,0.1549050362334075,0.1734277736265993,0.1870639888651649,0.1769001897753961,0.1605402057690467,0.1799412744324655,0.1488697956873038,0.1929285048181535,0.179327250474093,0.17655566380260362
282,0.2113272102266623,0.1546486410094461,0.1730283930025987,0.1868480473441485,0.1763421506987653,0.1602500467657512,0.1796148894618744,0.1485565138059816,0.1925195624706425,0.1789067327041351,0.17620421874900058
283,0.2109979565414649,0.1544428593769005,0.1727209344790171,0.1865503590232832,0.1758726051292402,0.1599144303263563,0.1793445538243112,0.1482836410038281,0.1920825658801178,0.1784236509677897,0.17586335565523087
284,0.2106649513503983,0.1542290706970723,0.1723764375552906,0.1863251208303192,0.1753294424130642,0.1596376146949578,0.1791019360563898,0.1480488077647793,0.1916972238569937,0.1779449451699696,0.17553555503892346
285,0.2103211529317093,0.1539664906524017,0.1719648036153849,0.1861027796197064,0.1748331987681931,0.1593592836919987,0.1789314470493128,0.1477527940079457,0.1912745859492423,0.1774648537496328,0.17519713900355277
286,0.20993698642112,0.1536506552616585,0.1715970548769282,0.1858337379160657,0.1743930371619338,0.1590433769579877,0.178728593975356,0.1475104304296228,0.1909249020632954,0.1770214781179485,0.17486402531819167
287,0.2095952190946025,0.1534016778741457,0.1712605873314572,0.1855345544135579,0.1739377286782442,0.1586896927359812,0.1785151119762143,0.1472541012426791,0.1906133093204472,0.176586655987018,0.1745388638654347
288,0.2093100527074429,0.1531208183944677,0.1709323473482595,0.1852081179453044,0.1734576400301891,0.1584121585551082,0.1782838560993711,0.1469807891138312,0.1902818609606676,0.176222742105354,0.17422103832599958
289,0.2090160165778056,0.1528524022532039,0.1705904894319411,0.1849344784903956,0.1730165820357767,0.1581257396297478,0.1781139039911143,0.1467304817524068,0.1899887171506384,0.1758205041797192,0.17391893154927493
290,0.208637620874849,0.1525368241862539,0.170281540019987,0.1846730765853573,0.172537863290006,0.1577985719654265,0.1779139520871578,0.14644414223034,0.1896554900710543,0.1753621384522142,0.1735841219762646
291,0.2083416352964265,0.1522314586178824,0.1699592540380794,0.1843768561564051,0.1721142601421591,0.1574567300985673,0.1776785313193137,0.1461747103101889,0.1893018070957715,0.1749359656301145,0.17325712087049086
292,0.2080246095346399,0.1519844184565894,0.1695787367345627,0.1841570735718367,0.1716633372869717,0.1571695638914303,0.1774522418789347,0.1458870229157982,0.1889076600576469,0.1744482660274475,0.1729272930355858
293,0.20770007963897,0.1517085100914859,0.1692667434933214,0.1839031763219635,0.1711755066943395,0.156944776371308,0.1772800139275766,0.1455859581897482,0.1885531013173552,0.1740247473364237,0.17261426133824917
294,0.2073749206796868,0.1514571177802379,0.1689784383223242,0.1836245760573069,0.1707478118820394,0.1566745793713771,0.1770489955326174,0.1453652872859442,0.1881787765059761,0.1735774651681156,0.1723027968585626
295,0.2070102171585064,0.1512168641982667,0.1686307167691896,0.1833523995151381,0.1703120590693022,0.1563785030295113,0.1768578160736866,0.1451915820688268,0.1878381106873521,0.1731754869514775,0.1719963755521257
296,0.206689926600949,0.1509250952388805,0.1682609506430193,0.1830570981672744,0.1699069615158997,0.1561213840045377,0.1766115378262306,0.1450316421943328,0.187454633891465,0.172733504741552,0.17167927348241407
297,0.2063320028977027,0.1506105044611766,0.1679562929987859,0.1828740380803979,0.169496905759838,0.1558949717662464,0.176393761548403,0.1448260589570621,0.1871246409460195,0.172295896141555,0.17138050735571872
298,0.2060345246272436,0.1503140072906237,0.1676109396580778,0.1826713312659774,0.1690137593733193,0.1556315921896829,0.1761696006283402,0.1446339362756576,0.1867599140723565,0.1719419806977684,0.17107815860790473
299,0.2057110229636437,0.1500316644448862,0.1672614831685514,0.1824572569870669,0.1685612068210453,0.1553809002437101,0.175923084249807,0.1443771289071237,0.1863592816608196,0.1715558986132552,0.1707618928059909
300,0.2053505940171528,0.1497033270998909,0.1669523061741669,0.1822210662144725,0.1681103498258588,0.1550868871091722,0.1756467113757358,0.1441497034959782,0.1860307817203937,0.1711610231577148,0.17044127501905365
301,0.2049845064870515,0.1494015510193521,0.1666336140600661,0.1819856989030216,0.1676950582133644,0.154802535787321,0.1753544217480394,0.1438719675567013,0.1857006496044421,0.1708113312501022,0.17012413346294616
302,0.2047081017222305,0.1491244084493884,0.1663048682511441,0.1818063806675697,0.1673226950944727,0.154565346353929,0.1751239259471002,0.1436120043211008,0.1853456758634345,0.1704119617677058,0.16983253684380756
303,0.2044180268487876,0.1488375290814279,0.1659554495060923,0.1815994368191975,0.1669322886797519,0.1543013650591612,0.1748876987969164,0.1433920592566487,0.1849829513545316,0.1700549867888884,0.16953617921914035
304,0.204090228391569,0.1485365557367092,0.165622390169288,0.1813852233962892,0.1664823289353778,0.1540507227859525,0.1746311267473997,0.143152549385928,0.1846392478614264,0.1696196298786954,0.1692210003288635
305,0.2037620950458827,0.1482855623284224,0.1653032884374296,0.1811338143283919,0.1660422586161536,0.1537788798020223,0.1743746259326745,0.1429370046281549,0.1842416961013548,0.1692361424210024,0.16890953676414894
306,0.2034092490679324,0.148009664380128,0.1649875751336154,0.1808970911757516,0.165601621968635,0.1534906096429706,0.1740712187107694,0.1427367847920102,0.1838639321841283,0.1688225293196808,0.16858902763756217
307,0.2031492682273351,0.1476956518990742,0.1646766804799229,0.1806662882340359,0.165203148193459,0.1532247574709188,0.1738423678644143,0.1424702813622683,0.1834379503919027,0.1684302968335623,0.16827966909568934
308,0.2028919694391619,0.1474376712113101,0.1643687040414889,0.1804057686885708,0.1647343384455419,0.1529166998461534,0.1736416388311722,0.1421847331638939,0.1830344365303868,0.1680891082176129,0.16797050684152928
309,0.2026115618155653,0.1472221246266971,0.1640333558090137,0.1801408834816689,0.1642843041432297,0.1526390440168553,0.1734137641903089,0.1419751249903854,0.182644285551039,0.1677501521838381,0.16767146008086015
310,0.2023019977354143,0.1470032943368038,0.1637171021512496,0.1799548977878439,0.1638447080821431,0.1523895341118157,0.1731618755506248,0.1416580842911877,0.1822010758213382,0.1674303915004358,0.16736629613688567
311,0.2019734589747057,0.1467122234055141,0.1633980899723548,0.1797971338715429,0.1634419229793397,0.1520741938633149,0.1729288217357665,0.1413364205164848,0.1818198663997252,0.1670669030591537,0.16705490347779023
312,0.2016562838836866,0.1464303620737798,0.1631173970600662,0.1795881896885902,0.1630927623959407,0.1517877804829075,0.1726826487715458,0.14104603407836,0.1814438198077252,0.166749267298801,0.1667594545541403
313,0.2012876585883184,0.1461254570913688,0.1628194895649517,0.1793636708893352,0.1626727495235485,0.1514982230432377,0.1724553480672611,0.1408137377925692,0.1810838142390972,0.1664130964276792,0.1664533245227367
314,0.2009828020243654,0.1458751566739242,0.1625494319134793,0.1791190278441395,0.162227220204688,0.1512657187167174,0.172184835585962,0.1405368935996739,0.1807306836197095,0.1660950862511471,0.16615668564338062
315,0.2006507388890513,0.1455588518625327,0.1622490066717003,0.1788442244772761,0.1617906188438929,0.1509995283487241,0.1718906976222736,0.1402318550206675,0.1803562848747618,0.165769810081075,0.1658341616691955
316,0.2003810503967791,0.1452877805592999,0.1619700332963374,0.1785651434792851,0.1614138819505035,0.1507571738606221,0.1715966477736928,0.1399256240952155,0.1799354347625721,0.1654405467237637,0.1655273316898071
317,0.2000616782414124,0.1450310334850999,0.1616775710551455,0.1783346867565424,0.1610987388563413,0.1505012674524974,0.171346930468904,0.1396219566457331,0.1795709283070483,0.1651242610466225,0.1652369052315347
318,0.1997374169239121,0.1447941206813892,0.1614224875359994,0.1781074033805737,0.1607502055464722,0.1502277218608077,0.1711189807084855,0.1392731078310905,0.1792290415383838,0.1647625978196258,0.16494230838267399
319,0.1993478650448496,0.1445328312223911,0.1611926166269219,0.1778391302294091,0.1603728600836501,0.1499584957578537,0.1708530933611989,0.1389648236588019,0.1788675260680187,0.1644198572078301,0.1646349099260925
320,0.1990132627686028,0.1443073745672785,0.1609465347557511,0.1775254841918004,0.1599700933187729,0.149688438598522,0.1705626539336233,0.1386948315482906,0.1785134720508951,0.1640906547541213,0.1643312800487658
321,0.1986563938216825,0.1440518061763937,0.160723027082671,0.1772913299423829,0.1596026413309884,0.1494098589027251,0.1703312981118828,0.1384139004821078,0.1781886381643386,0.1638451049904554,0.16405139990056286
322,0.1983199270936833,0.1438003756958299,0.1604949842361708,0.1770070522345055,0.1592433013308043,0.1491624003217525,0.1701035667437067,0.138127505638144,0.177878689462054,0.1635126082638241,0.1637650411020475
323,0.1979906966333224,0.1435279820218825,0.1602802046817031,0.1767817904184926,0.158876536165461,0.1488841700237733,0.1698658741519885,0.137848559589005,0.1775624740659081,0.1631678236702479,0.16347861114217843
324,0.1976552213679079,0.1433130189956877,0.1599508408874403,0.1765034201672357,0.1585242354034343,0.1487013094247959,0.1696192559700081,0.1375462762100825,0.1772157807698478,0.1628221753372273,0.16318515345336673
325,0.1972998717026003,0.143082742701567,0.1597022000656736,0.1762264630572836,0.1581440952291046,0.1484935923329413,0.1694021406633336,0.1372614450385732,0.1768755475495906,0.1624741855534652,0.1628962283894133
326,0.1970188569237149,0.1428720009908231,0.1594460639231376,0.1759612432611659,0.157789848806197,0.148284972733805,0.1692097581702968,0.1369363464234611,0.1765195266199698,0.1621434394525438,0.1626182057305115
327,0.1966835450902425,0.1425838015091324,0.1591951116854785,0.1757360975997748,0.1574618775243669,0.1480764271219274,0.1689893408117428,0.136624478650598,0.1761754133826433,0.1617960796637001,0.1623322173039607
328,0.1963673787754041,0.1423672915501659,0.1589503065962499,0.1755181464027264,0.1570953551344725,0.1478418864785004,0.1687627809985079,0.1363650910280733,0.1758918554911362,0.1614393693251969,0.16205994617804337
329,0.1960481060442508,0.1421964522764074,0.1586126897980686,0.1753023436645729,0.1567721150498781,0.1475948894664946,0.1685536066892567,0.1360956412309804,0.1755528831590554,0.1610763032589567,0.16178050306379213
330,0.1957197932384549,0.1420195438792362,0.1583540984760496,0.1751131162824487,0.1564243852262942,0.1473315027899127,0.1683334547961095,0.1358216960590964,0.1751579396913641,0.1607564987904112,0.16150320292293774
331,0.1953885064791906,0.1418176642551478,0.158109834867748,0.1749033809138843,0.1560743067907248,0.147151619112352,0.1681057593967672,0.135594322877469,0.1748536585365853,0.1604151644588837,0.16124142176887526
332,0.195055896944585,0.141578739941504,0.1578770434747151,0.1746514780768467,0.1557131024901143,0.1469172919160365,0.1679243684302574,0.1353505678650368,0.1745341038834166,0.1600586701054635,0.1609661263127976
333,0.1947374565974861,0.1413241860679225,0.1576426496155666,0.1744213912970541,0.1554142606967057,0.1466727614426145,0.1676547311042799,0.1351155497142986,0.1742485024396944,0.1597751743261901,0.16070066633018126
334,0.1944325394541108,0.1411360821195091,0.1574281432968457,0.1741606389616127,0.1550833854062276,0.1464667961671716,0.1674151602171562,0.1349041820905674,0.1739644818987425,0.1594568984204517,0.1604448308032395
335,0.1940835650307471,0.1409303262528074,0.1571468496594109,0.1739755550465129,0.1547816586191096,0.1462213056731339,0.1672064822634504,0.1346822111048241,0.1736262538806178,0.159122607681341,0.16017768152119552
336,0.1937613787460365,0.1406673680853548,0.1569238636428929,0.1737824576175708,0.1544155796645488,0.1460375956737331,0.166961483446387,0.1344239364389864,0.1733073377553884,0.1587838776429799,0.15990648787138786
337,0.1934787496177989,0.1404369367324237,0.1566765299549065,0.1736102295895753,0.1540896471274423,0.1458088214193473,0.1667275399944283,0.1341638567088438,0.1730140971134481,0.1584836962272946,0.1596490104485509
338,0.1931918846744371,0.1401835210017023,0.1564089787300817,0.1734448966729789,0.1537380528247496,0.1455698318589891,0.1665183117726977,0.1339096908359906,0.1727123726585605,0.1581553822784232,0.15938329233086107
339,0.1928768503552622,0.1399683637952172,0.15612437307373,0.1732031738391596,0.1534062155220094,0.1453493953923251,0.1662859976923801,0.1336358712173552,0.1724030724427498,0.1578351329399001,0.15910884462700886
340,0.1926093037604825,0.1397329303506623,0.1558709449829568,0.172955751979432,0.1530782182874853,0.1451365465042276,0.166094403163493,0.1333715408705424,0.1721050660760857,0.157531612253215,0.15884863182285827
341,0.1922960230329472,0.1395112245212186,0.1556704317623471,0.1727806929322081,0.1526984788797193,0.1449210571769162,0.1658394014423147,0.1331273247849874,0.1718123433629449,0.1571927563372178,0.1585849734232821
342,0.1920607644310368,0.1392784680157696,0.1554180714008319,0.1725994828287524,0.1523329665732575,0.1447001825883521,0.1656097163066847,0.1329090205177173,0.1715174408677457,0.1569131241304684,0.15833392376606165
343,0.1917876122303974,0.1390309062190631,0.1552206235011991,0.1724097304873352,0.1520019587016605,0.1444594647804137,0.165367371467889,0.1326498483790742,0.1712226067895359,0.1566040613402423,0.15807541838968103
344,0.1915160399330548,0.1387940505588861,0.154996198048145,0.1722354144958825,0.1516289762704148,0.1442477259667269,0.1651700231481482,0.132344041746504,0.170957352619899,0.1563420465679774,0.15782318693556388
345,0.1912420393309538,0.1386016851992541,0.1547601567005942,0.1720032017628393,0.1512853432534507,0.1439816757510316,0.1648895005320237,0.1320626958992878,0.1707321391734855,0.1560603059254272,0.15756187435283478
346,0.1909585937931375,0.1383588576557824,0.1545417080905753,0.1717474898648454,0.1509635816981644,0.1437428125913653,0.1646180538592624,0.1318363437033356,0.1704348775786994,0.1558037952221458,0.15730061140573137
347,0.1906902918610813,0.1381936131031284,0.1543480601509586,0.171543105098772,0.1506331634233574,0.1435518190724382,0.1643783689344859,0.1315519004647883,0.1701520929319259,0.1555522272576544,0.15705946422985903
348,0.1904254010957606,0.1379739629495891,0.1541405476239741,0.171310643388112,0.1502980584104673,0.143376698459768,0.1641565394881456,0.1313497403210576,0.1698882813076107,0.1552841334714021,0.15682040065158873
349,0.1901419225280796,0.1377773202960119,0.1539301594023169,0.1710748340065801,0.149989357566197,0.1432144186521012,0.1639681977391002,0.1311258736771178,0.1696685700555468,0.1549958555878203,0.15658865095108718
350,0.1898680701714141,0.1375933837757919,0.1537227295649886,0.170889706298455,0.1495941410931794,0.1429978839468513,0.1637166071124723,0.1309288459590709,0.1694468956734399,0.1547136862721498,0.15634719498678135
351,0.1896623413741854,0.1373626552239776,0.1535723730401785,0.1707047403884935,0.1493010890098899,0.142766569065964,0.1634663547835427,0.1307346787499103,0.1691813602015114,0.1543912429494047,0.15611434047870582
352,0.1894443273241106,0.1371543720937768,0.1533877406529967,0.1704803467054269,0.1489100677495895,0.1425658631139261,0.1632294489866063,0.1304984043750579,0.1689334714097792,0.1540842894909157,0.15586883319021858
353,0.1891464294130841,0.136949269784192,0.1531835256311084,0.1702818910436049,0.1485737011007083,0.1423215767691307,0.1629821575994474,0.1302034812356962,0.1687070439665585,0.1537538620258271,0.15561029385693576
354,0.1888590846188458,0.1367477603651028,0.1529580419580419,0.1701130386200154,0.1482457539490474,0.1421153168106838,0.162733424018764,0.1299752276608228,0.1685031349487702,0.1534675591061211,0.15537183420562153
355,0.1886317913971639,0.1365381076932128,0.1527588336173609,0.169890699351519,0.1478997105770916,0.141885935033197,0.1624594929363715,0.1297165347929052,0.1682357293693154,0.1531829602251024,0.155119979499324
356,0.1883919901036028,0.1363139310764013,0.1525977110049699,0.1697092014732126,0.1475455752284906,0.1416861228108469,0.1621919985095917,0.1294723999027586,0.1680077624309392,0.1528567004421468,0.15487733929829606
357,0.188111173380035,0.1360801883533432,0.1523755857349918,0.1695744292338508,0.1471974213641289,0.1414916408801788,0.1619682733695306,0.1292063150873737,0.1677705024561093,0.1525843905254915,0.15463599203850337
358,0.1878072213781392,0.1358326402169939,0.1521613974839307,0.1693556838929247,0.1468753951392111,0.1413113825688097,0.1617763715877791,0.1289671982131726,0.1675726393913277,0.1523619435786781,0.15440218734509667
359,0.1875275095410019,0.1355918337711713,0.1519538181421312,0.1691448515140018,0.1465848233000045,0.141118209455582,0.1616146995158544,0.1287591839904729,0.1673666411294735,0.1520887722913192,0.15417503426510126
360,0.1872140253139271,0.1353955859440795,0.1517293404657284,0.168976705308449,0.1462808319989648,0.140908493497648,0.1614382015994202,0.1285756534126099,0.1671154758723007,0.151807271803368,0.15394415852164958
361,0.1869625736621895,0.1351555630174503,0.1515450751053379,0.1687709504074658,0.1459620438191559,0.1407235489902271,0.1612578955434651,0.1283466921495947,0.1668687732251058,0.151558868608421,0.1537151984528413
362,0.1867018619843709,0.1349654292319118,0.1513008154731616,0.1686031764619378,0.145650376674817,0.1405631108772839,0.1611093210743858,0.1281708655461108,0.1666196494232473,0.1513164689765427,0.15350010757237695
363,0.1864685210930932,0.1347175722947153,0.1510354583275295,0.1684464775349532,0.1453276798154999,0.1403649685053896,0.1608835767882445,0.1279014126986966,0.1663226798750105,0.1510511403844439,0.15325194873175763
364,0.1862059210165964,0.1345176499629721,0.1508406340057637,0.1682974355504431,0.1449986165539955,0.1401808647035332,0.1606823154019449,0.1276712614976941,0.1660272934551162,0.1507694437913107,0.15301914359393698
365,0.1859499059593646,0.1342629842210503,0.1506383537172988,0.1681434877515063,0.1446577363984227,0.1399549518875683,0.1604509611045202,0.1274235943726648,0.1657290981924138,0.1505127216854604,0.152772379529027
366,0.1856990424932723,0.133980120310846,0.1504687919017503,0.1679257874492293,0.1443458840568985,0.1397822250071799,0.1602170293925117,0.1272119990682695,0.1654245623606051,0.1502640296155533,0.15253194716561158
367,0.1854337779417109,0.13372844627912,0.1502530314985153,0.1677098287905399,0.1440752941982292,0.139598220211711,0.1599242517816002,0.1269972992756001,0.1651253031958845,0.1499760241802546,0.1522821477353166
368,0.1852021141420422,0.1334637664056808,0.1500357973613192,0.1674802459235498,0.1437853134789242,0.1394369597878463,0.1596195065938272,0.1267875753923421,0.1648467256844074,0.1497479653824822,0.15204059701524214
369,0.1849507103742669,0.1332044082334077,0.149816478975687,0.1673304168920846,0.1434918509910461,0.1392612344363185,0.1593746514724206,0.1265979752525289,0.1645683216983231,0.1494591978154497,0.15180552461415334
370,0.1847029147078576,0.1329539347898131,0.1495981790459147,0.1670811613609433,0.1432245389937698,0.139114050064218,0.1591190927080451,0.126402621694749,0.1642707238908805,0.1491570251746746,0.15156242424308658
371,0.1844729244777718,0.1327092603934504,0.149393930072798,0.1668668333655605,0.1429813473982065,0.1389082702784698,0.1589130492422233,0.1261836151642747,0.1639296042227467,0.1488980669095592,0.1513256901525061
372,0.1842389058270105,0.1324546454095657,0.1491906112644383,0.1667026350398504,0.1427306007103783,0.1387108775275341,0.1587059641369393,0.1260196047242216,0.163669850987428,0.1486503598734712,0.15110740555008376
373,0.1840025549582158,0.1321895520578667,0.1489823452984485,0.1665532965788878,0.1424466891858714,0.1385187248308428,0.1585353314430871,0.1258042260395993,0.1634013890959109,0.1483680557318615,0.15088021652205916
374,0.1838191953388661,0.1319390432118191,0.1487523111463285,0.1663952987807279,0.142203281315618,0.1383485854043795,0.1583454526348973,0.1256211726344132,0.1631331498078718,0.1481103664539839,0.15066678567289055
375,0.1835984082018076,0.1316853818371655,0.1485294207008304,0.1662252337598103,0.1419883853535249,0.1381697175818566,0.158164265567425,0.1254085673545079,0.1629233372143792,0.1478331420065345,0.15045258595778419
376,0.1834164989992694,0.1314366763496794,0.1483078983171493,0.1660787413901064,0.1417353470591699,0.1379662635102967,0.1579993498915181,0.1252282631913634,0.1626743601569099,0.1475670445085498,0.1502410443374012
377,0.1831857996472125,0.1312432277375904,0.1480952303057908,0.1659060215014605,0.141468610809776,0.1377723269741559,0.1578151720942581,0.1250374036757433,0.1624104571483181,0.1473570828579667,0.1500291332752272
378,0.1829321189059146,0.131009574137395,0.147887809479843,0.1657352552166268,0.1412300625986054,0.1375667980727114,0.1576849701156703,0.1248249360563875,0.1621526156016901,0.1470710229261025,0.14980951631109468
379,0.182725697982474,0.1307748315475807,0.147630991833723,0.1655640824093993,0.1409945253854174,0.1373847507272493,0.1575039393304302,0.1246120790344559,0.1619117375278499,0.1468604083239678,0.14959630441025473
380,0.1825043367732323,0.1305158522238589,0.1473727714748784,0.1653957249027507,0.1407818380478329,0.137189682569473,0.1573359215787436,0.1243783978515753,0.1616365322859226,0.1466337284265914,0.1493744786134859
381,0.182265199610516,0.1302761275856546,0.1471529022490597,0.1651928622463928,0.1405367201722668,0.1369888125706387,0.1571521507104738,0.1242064582451472,0.1613471398180789,0.14639395260363,0.14915123258118584
382,0.1820683620850332,0.1300181165205472,0.1469352328267356,0.1650092250686114,0.1403069807194389,0.1367955280943034,0.1569596787840561,0.1240314730850857,0.1610796031033615,0.1461770937511575,0.14893812940383305
383,0.1818417602440453,0.1297433253824037,0.1467242478532155,0.1648401923312758,0.1400964239798105,0.1366031297274509,0.156788296164504,0.1238269933634701,0.1608108125236066,0.1459313517931346,0.1487206533362917
384,0.1816104010724771,0.1295160368789616,0.1464838064360363,0.1646349385068421,0.139823731040875,0.1363983226852859,0.1565762149432669,0.1236486408730634,0.1605656136041425,0.1456792256493825,0.14849369316903333
385,0.1813739144935158,0.1292891711155093,0.1462768413761256,0.1644139713258917,0.1395766219921942,0.1362209617622117,0.1563856807064354,0.1234863993956881,0.1603239476362756,0.145454054979875,0.14828015647837225
386,0.1811241725750181,0.1290756939910339,0.146080147138057,0.1642646250699567,0.1393337099437568,0.136044242045918,0.1562044215412055,0.1232777794991454,0.160072074991146,0.1452265059535571,0.14807033727487945
387,0.1808659299075906,0.1288700957377811,0.1458705896715908,0.1640884874193588,0.1390858285162583,0.1358551084016152,0.1560803443763484,0.1230998685877099,0.1598313959603143,0.1449926791599274,0.1478640327738495
388,0.1805959589796779,0.128638254440868,0.1456202727934427,0.1638696050591102,0.1388647487270367,0.1356078979833637,0.1558892773393717,0.1229226158038147,0.1595818905363334,0.1447568078760396,0.14763473295390583
389,0.1803290162334782,0.1284105239354215,0.1453518475820641,0.1636589243986857,0.1386135690311913,0.1354029423585147,0.1557246708039591,0.1227435915609422,0.1593426986987386,0.1445251104239749,0.14741028950269702
390,0.1800659008555993,0.1282028542303771,0.1451079047031351,0.1634496246246246,0.1384034853566443,0.1351870214269581,0.1555329407139763,0.1225625821589608,0.1590706947890818,0.1443153402448518,0.14718983491042095
391,0.1797920172512822,0.1279689555065594,0.1449042593490698,0.1632729711184579,0.1381499695467231,0.1349924455754558,0.155366788088812,0.1224167124742186,0.1588299419863192,0.1440736450502758,0.1469767705947174
392,0.1795486260237949,0.1277290088165593,0.1446606797471156,0.1630801966477334,0.1378889967369195,0.1347750432748368,0.1551624101628333,0.1222341437248339,0.1585895506926083,0.1438639609331569,0.1467532616760392
393,0.1793139435007876,0.1274888513834743,0.1444607515081735,0.1628887141425467,0.13766147093511,0.1345436349850156,0.1549380673539245,0.1220793489888679,0.1583261198342535,0.1436399080705811,0.14653408107027344
394,0.1790253654395886,0.1272998833857939,0.1442641659710545,0.1627135253321725,0.1374295471572766,0.1343599331803649,0.1547815707599358,0.1219079754887003,0.1580741507139494,0.1434191445320222,0.14632752619608586
395,0.1787557682830304,0.1270831491954256,0.144067884525953,0.1625736806538648,0.1371592807393743,0.1342027617235643,0.1545843493025597,0.1216947371354652,0.1578357293191912,0.1431610502991253,0.14611183911775538
396,0.1784927288068294,0.1268787143294766,0.1438697829597094,0.1623849619326789,0.1368950646746022,0.1340061779802371,0.1543585616977715,0.1215264242704955,0.157585192027864,0.1428933821440073,0.14588909908236716
397,0.1781829102038493,0.1266498556200116,0.1436650701253127,0.1621634855870611,0.1366669470668537,0.1337930296079868,0.1541550954609138,0.12137837825355,0.1572997667185069,0.142658777753643,0.14566133163976888
398,0.1779209425323649,0.1264384845332809,0.1434720117452085,0.1619547740659329,0.1364374209194433,0.1335801250723578,0.1539509290114848,0.1212539694967634,0.1570010417549937,0.1424328625235405,0.14544425616553708
399,0.1776752803378566,0.1262543333426774,0.143306957884935,0.161772000058514,0.1362059218480448,0.1333743666409617,0.1537403173116099,0.1210948310901579,0.1567451587111797,0.1421755963487939,0.14523447635747308
400,0.1773871124375571,0.1260317171914818,0.1430859801045545,0.1615943531780088,0.1359839850190121,0.1331861624717251,0.1535645231133016,0.1209330161070936,0.1564497783150985,0.1419255630106178,0.14501421909484508
401,0.1772083276276922,0.1258245784778049,0.1428613300706217,0.161419258332606,0.1357910365503119,0.1330097508660773,0.1533542879044054,0.1208035536901333,0.1561970676021908,0.1416904749126733,0.1448159666034517
402,0.1770175015116936,0.1255714014401419,0.1426672579857289,0.1613112645545626,0.1355780135964185,0.1328573087016785,0.1531894335040311,0.120665298798067,0.1559642330383481,0.1414385139206521,0.14462602270513222
403,0.176795159165058,0.1253687049944342,0.1424352526620227,0.161198079908962,0.1353738074936285,0.132667447777809,0.1530324294074228,0.1205532037626667,0.155718789467527,0.141201154771377,0.14443440294109078
404,0.1766102514623993,0.1251520765448872,0.1422388919873581,0.1610101072027042,0.135121994013344,0.13248443924133,0.1528532770796852,0.1204141008771432,0.1554687280544095,0.1409775405646084,0.14423314070278692
405,0.1763529996156663,0.1249388037218359,0.1420540444090153,0.1608851595485791,0.1348497098695998,0.132265332319434,0.1526598046199491,0.1202973618774235,0.1552220571200699,0.140753987656485,0.1440279260758058
406,0.1761370450711014,0.1247099965881952,0.1418597084731349,0.1607469873756694,0.134607479961879,0.1320461533467205,0.1525016024874432,0.120119978200113,0.154976615606006,0.140506010215181,0.14382115773254434
407,0.1758925803358351,0.1245030904154879,0.1416301617949982,0.1606077514056397,0.1344030906747366,0.1318630846815683,0.1523377825269766,0.1199811352958614,0.1547318773541268,0.1402226512698689,0.14361732057550997
408,0.1756456297418152,0.1242951239947906,0.1414069302858823,0.1604053752012193,0.1342045311663213,0.1316952646213864,0.1521360853577901,0.1198182821973218,0.1544221573795181,0.1400191950209556,0.1434048574967001
409,0.1754265370003106,0.12412433617971,0.1411647287931725,0.1602103585959653,0.134001158662453,0.1315053526100871,0.151914604471134,0.119683682563508,0.154155515824693,0.1398134577632259,0.14319997324642594
410,0.175186193340878,0.1239157968619105,0.1409349205297559,0.1600777703162833,0.1338301328436696,0.131370006557798,0.1516837964200155,0.11958133027993,0.1539087080623274,0.1396335418978155,0.14301221971103834
411,0.1749487552296037,0.1237240744002059,0.1407507803066548,0.1599090154521638,0.133611122656802,0.1312376056492627,0.1514402327067607,0.1194529389285841,0.1536923464555172,0.1394279061542088,0.14281947779397636
412,0.1747521458032754,0.123521751464582,0.1405320686129728,0.1597943314449124,0.133400272638933,0.131080452089752,0.1512300737204735,0.1193285404382518,0.1534533657783072,0.1392085402992971,0.1426301542290757
413,0.1745712766962766,0.1233623080049125,0.140351089259213,0.159674564401091,0.1332008225047589,0.1309409320509351,0.1509882849779933,0.1191779335522622,0.153211725568253,0.1389901926523802,0.1424469129668076
414,0.174344838147293,0.1231632433739471,0.1401854077932054,0.1595074207922529,0.1330085273589917,0.1307822468887714,0.1507488612875167,0.1190364661389001,0.1529681304394094,0.1388050325777571,0.14225501747980446
415,0.1741432773336278,0.1229296486899831,0.1400478068346986,0.1593112606108391,0.1327903567579416,0.1306259175064182,0.1505132647208323,0.1189139800545565,0.1527684345059715,0.1386008825131895,0.14206448295280583
416,0.1739351762914373,0.1227007031121283,0.1398831397648412,0.1591313658390194,0.1325892204524495,0.1304561019625535,0.1503216363391168,0.1187640384164294,0.1525682701819771,0.1383979970351291,0.14187476493950815
417,0.17371736469313,0.122550610299032,0.1396623744492799,0.1589538061761908,0.1323446319986557,0.1303196817019093,0.1501118000468393,0.1186390290616827,0.1523346318230933,0.138200173028126,0.1416834103277939
418,0.1734869478519746,0.1223252407513612,0.139452015303614,0.1587491034118937,0.1321011368756637,0.1301411078180842,0.1498700659035726,0.1184863501658391,0.1521137176310713,0.1380090770414449,0.14147347627545195
419,0.1732374954702149,0.1220873301888458,0.1392664426104922,0.1585634770087091,0.1318791139311964,0.1299358671746878,0.149675247104621,0.1183742740935684,0.1518588108611241,0.13777529913696,0.14126533575804195
420,0.172963029025458,0.1218749518300188,0.1391100363186977,0.1583679704491318,0.1317027500540463,0.1297900922188529,0.1494482670597624,0.1182534035593117,0.1516027377937941,0.137567756430669,0.14106809947397428
421,0.1726825045564058,0.1216575025417272,0.1389246367944812,0.1582016379106539,0.1314908317145199,0.1296074644069908,0.1492382490001101,0.1181529697357831,0.151367854112501,0.1373687576637056,0.14086924084368788
422,0.1723964742386304,0.1214483619481428,0.1387330759911212,0.1580487849543098,0.1312807338956402,0.1294342702426792,0.1490394823205468,0.1180437766239819,0.1511080858515131,0.1371602475565447,0.14066932936231102
423,0.1721185576364275,0.1212451025355434,0.1386180351582828,0.1578862406684473,0.1310384016652484,0.1292614442445128,0.1488647161191585,0.1179212547243722,0.1508197072651307,0.1369795712910181,0.14047530313081416
424,0.1718416567787098,0.1210767952395576,0.138481306509896,0.1577184616330349,0.1308384116462643,0.1291024061946102,0.1486918797071153,0.117818232363239,0.1505511462059345,0.1367887297448641,0.1402909026023226
425,0.1715842727428473,0.1208868609808972,0.1383493616461194,0.1575701147859259,0.1305988165601614,0.1289649349905997,0.1485060810304971,0.1176785611054847,0.1502810226428893,0.1365842216972386,0.14010042481826607
426,0.1713095802163157,0.1206998236576097,0.1382027706733934,0.1573971157068963,0.1304218703620842,0.1287985728400482,0.1482887752562391,0.1175691094411665,0.150055138792249,0.136424496899815,0.1399167253845817
427,0.1710553240982631,0.1205085686877765,0.138068712984502,0.157214171983513,0.1302063906543749,0.1286063897343815,0.1480983258452575,0.1174499671985891,0.1498019554555961,0.1362188221408362,0.13972286287830898
428,0.1707762383818521,0.1202879626277774,0.1379236267240084,0.1569781581003988,0.1299859765622417,0.1284669229257213,0.1478819017783598,0.1173120145816692,0.1495624485436461,0.1360236941186653,0.139519894434434
429,0.1705009205398994,0.120079473899121,0.1377797242265579,0.1567907400377801,0.1297857775355902,0.1283146504307669,0.1476590443869855,0.1171665338848018,0.1493342009901495,0.1358395197071975,0.139325058563885
430,0.1702633357513933,0.1198714420438958,0.1376323811833276,0.1565835855299265,0.1295824850821004,0.1281759412348758,0.1474603348703944,0.1170085842170441,0.1490990800593967,0.1356406269168766,0.13913177968892312
431,0.170017558207198,0.1196856034937933,0.1374581834357603,0.1563587602426972,0.1294137998863488,0.1280309071485376,0.147260245224551,0.1168148439327801,0.148859120240817,0.1354423317992925,0.13893413536117757
432,0.1697412748166687,0.1195120726598227,0.1372573662911281,0.1561507843674596,0.1292422505122726,0.1278647534163383,0.147076933354116,0.1166736917122681,0.1486022500445651,0.1352460128872049,0.13873673900618438
433,0.1694703461312443,0.1193645615810895,0.1370870979244804,0.1559715663507371,0.1290519475437207,0.1276940437492995,0.1468998432065808,0.1165582936838286,0.1483546441575201,0.1350469928624653,0.13854993371909663
434,0.1692178903529003,0.1192008326670159,0.1369123120137641,0.1557848821745837,0.1288737494416666,0.1275390661953783,0.1466960921770447,0.1164475596875229,0.1481545664679151,0.1348553212150122,0.13836822723928038
435,0.1689655494268608,0.119027880608381,0.1367331335870766,0.1556544087086476,0.1286896600940267,0.1273987947802403,0.1465162815358106,0.1163300481305847,0.1479256089015213,0.1347050171301616,0.13819463829033113
436,0.1686994270896821,0.1188650308042872,0.1366049674824303,0.1555046627165698,0.1285158627621416,0.1272622734817501,0.1463230051251768,0.1162218242662498,0.1477100097537186,0.1345164403092104,0.13802235037912167
437,0.1684655629724592,0.1187187567737061,0.1364224511838345,0.1553172197796638,0.1283468932922304,0.1271095986857545,0.1460955571622271,0.1161394176176172,0.1474727603562759,0.1343432203837483,0.1378431438207517
438,0.1682674714412313,0.1185534145650325,0.1362663033104998,0.1551265256341636,0.1281706725714605,0.1269639626986053,0.1459364143097941,0.1160250134592288,0.1472261466499199,0.1341648648079071,0.13767007894478428
439,0.1680586323801651,0.1183884281948913,0.1360993357871135,0.1548990159745527,0.1279674576662907,0.1268403528844868,0.145723860120902,0.1159217035321916,0.1470024879651165,0.1339986358696909,0.13748999103754012
440,0.1678394726051577,0.1182183792836305,0.135901814008245,0.1547178218253864,0.1277774267907453,0.1267103056635414,0.1455054110689778,0.115845372804668,0.1467794817670751,0.1338133617608275,0.13731088475782544
441,0.1676165039944538,0.1180685628829819,0.1356692745212328,0.1545507452031897,0.1276201895954544,0.1265832270273466,0.1453345403930012,0.1157951560592421,0.1465748577861033,0.1336059266569924,0.1371418984119998
442,0.1673923299909915,0.1178586149013611,0.135525587770429,0.1543310728969041,0.1274308938255666,0.1264490097309915,0.1451639290920449,0.1156648119940054,0.1463467640511547,0.1334007499384783,0.1369563764191927
443,0.1671541028614191,0.1177081969115489,0.1353634155788415,0.1541436471265811,0.1272611833926011,0.1263385141723546,0.1450073996183354,0.1155634620851287,0.146094742645409,0.1331995436458825,0.13678342080381017
444,0.1669126514193222,0.1175269689559877,0.1351963363905177,0.1539415542904532,0.1270985573012724,0.1262109625567559,0.1448372874918536,0.1154593543701599,0.1458725322830551,0.1330010954038679,0.13660573004632456
445,0.1666650869698819,0.1173727241051565,0.1350258903855646,0.1537646161667514,0.1269479892783991,0.1260941737604891,0.1446447204166845,0.1153562438314628,0.1456562321970631,0.1328209839756323,0.13643486610870853
446,0.1664087215513613,0.1172049645375486,0.134835188920906,0.1535799923938523,0.1268119102620964,0.125972645771713,0.1444526547190712,0.1152242362732162,0.1454145227116129,0.1326270892586615,0.13625319264000396
447,0.1661416627920994,0.1170357019057014,0.1347103671804734,0.1533817661253337,0.1266487813674182,0.1258604276127555,0.1442618850826741,0.1151073331133082,0.1451986171022582,0.1324564170132168,0.1360802959295239
448,0.1658934402473191,0.1168796623277778,0.1345130900333839,0.1531883923208303,0.1264908382082585,0.1257322186588618,0.1440509447623196,0.1150516900776865,0.1449875987565012,0.1322739406757908,0.13590618160687296
449,0.1656314664770976,0.11673687486607,0.1343528312858008,0.1530051299764609,0.1263197253649387,0.1256046959438474,0.1438361887150995,0.114936728755773,0.1447675548665175,0.1320621162282947,0.13572533124799
450,0.1654307043715415,0.1165466070643411,0.1341768678941046,0.1528414845536237,0.1261574480660293,0.1254847687481025,0.1436469900767089,0.1148382891819584,0.1445735109287038,0.1318903751945839,0.13555870460796976
451,0.1652144859494555,0.1163412814270834,0.1339768291056793,0.1526628776789161,0.1259645919784442,0.125375279167319,0.1434577968526466,0.1147323548283606,0.1443653401421052,0.1316961922402147,0.13537870293702245
452,0.1649721672767911,0.1161860891825004,0.1337757695306186,0.1524457517722992,0.1258035052408817,0.1252135822968985,0.1432946396861101,0.1146254905647545,0.1441583410222902,0.1315200760932305,0.13519954126663747
453,0.1647512905932915,0.1159711709200215,0.1335694137433435,0.1522827023101864,0.1256627146825847,0.1250496491555338,0.1431110066168749,0.1145565023047912,0.1439552947349352,0.1313747919500639,0.13502845370116265
454,0.1645336444765733,0.1158164096033016,0.1333866344172713,0.1521646058992975,0.1254610325794708,0.1249041151354535,0.1429326344660479,0.1144226696180459,0.1437397197115704,0.1312198715083911,0.13485813374154235
455,0.1643011920172372,0.1156616773508783,0.133177994756498,0.1519846357421157,0.1253160947297678,0.1247796676553505,0.1427813748363489,0.1143129043403666,0.1435592656810285,0.1310408905061491,0.13469156976157406
456,0.1640573909240205,0.1155291779794585,0.1330298404659407,0.1518196208167379,0.1251353667386928,0.124636442812898,0.1426063256460325,0.1142075065813321,0.143419884570798,0.1308635161943238,0.13453050727302346
457,0.1638262744390707,0.1154142854571021,0.1328725906645703,0.1516424160091958,0.1250059510662838,0.1244486812805371,0.1424514544357523,0.1141223965537683,0.1432280850011336,0.1307062837417464,0.13437184186491602
458,0.1636099651900323,0.1152652347343362,0.1326921743372447,0.1514653811915349,0.1248645781480786,0.1242769813307414,0.1422825242657792,0.114000480983414,0.1430671265124024,0.1305518963114819,0.13420763430050459
459,0.1633924755863451,0.1151376323023849,0.132543122343185,0.1513219947008738,0.1247546203300628,0.1241031239774255,0.1421254437550243,0.1138956777729488,0.1428574768271676,0.1303868981645128,0.13405184657599306
460,0.1631820774117274,0.115028278712127,0.1323958962282128,0.1511857804684241,0.1245744581502805,0.1239531861391964,0.1419469108148933,0.1137963713197716,0.1426858041763493,0.1301934190317395,0.1338942182452722
461,0.1629712822897764,0.1149161773213195,0.1322255338051589,0.1509912993807742,0.1244498506404738,0.123825323060781,0.1417685200496072,0.1136955781380892,0.142510671727065,0.130055016464201,0.1337409252877246
462,0.1627843727283834,0.1147381220120988,0.1320620420107512,0.1508155782380339,0.124276628928378,0.123727963233289,0.1415571025931264,0.1136011107379142,0.1423270399928355,0.1299172723055512,0.13358072327803616
463,0.1625757525677785,0.1145359560618068,0.1318904097587007,0.1506485527990477,0.1241316290646003,0.123624224844969,0.1413947339735217,0.1135053751709573,0.1421459431365065,0.1297573403049833,0.13342099176828717
464,0.1623678072100474,0.1143603239184855,0.1317382909493974,0.150448946555351,0.1239819243318878,0.1235112722236523,0.1412643779571503,0.1133822960620555,0.1419679405391174,0.1295758676264329,0.13325990473735777
465,0.162171748938838,0.1142361608342635,0.1315943937457269,0.1502646430781715,0.1238502436774231,0.1234253109720164,0.1411284274474164,0.113304150718028,0.1417797538117162,0.129406207999874,0.13311610412234742
466,0.16199453764799,0.1141011990144872,0.1314116605119365,0.150076922447945,0.1237064858776052,0.1233207941400788,0.1409929759364567,0.1131873451315451,0.1415780473796113,0.1292832436549518,0.13296532117426077
467,0.1618013114727274,0.1139667390268852,0.1312806131102407,0.1499062463676202,0.1235661734619537,0.1232292508757747,0.1408510239582187,0.1130788839916326,0.1414089986128144,0.1291127745194991,0.13282020153973667
468,0.1615974688916046,0.1138046139075466,0.1311365031519797,0.1497405028012515,0.1233861859685313,0.1231098256412688,0.1407044278320874,0.1129848981917875,0.1412208888416501,0.1289839067615825,0.132666922198929
469,0.1613573552366745,0.1136282924516939,0.130994252715631,0.1495648613599972,0.1232591111614334,0.1229955118838454,0.1405822400959995,0.1128900955790832,0.1410840538885976,0.1287948211247595,0.13251505954977152
470,0.161163757577234,0.1135001918731079,0.1308461541474037,0.1494177321549691,0.1231359912486176,0.1229108256447582,0.1404308547532238,0.1127908752752422,0.1409108181357346,0.1286628105922152,0.13237700114025064
471,0.1609565437498734,0.1133652946317393,0.1306934286607283,0.1492464007562047,0.1229716107349379,0.1228009679014671,0.1402508568327749,0.1126959227570384,0.1407358214095869,0.128538252955963,0.1322255100390314
472,0.1607471069338649,0.1132395298057188,0.1305671489374971,0.1490614403236628,0.122862906327476,0.1227040790354728,0.140073843547066,0.1126051563874004,0.1405284941986788,0.1283931798568946,0.13207828853537323
473,0.1605606534122392,0.1131071277373666,0.1304306511726473,0.1488713684189369,0.1227096070255666,0.1225802015782483,0.1398966047492959,0.1125096631274847,0.1403307828553994,0.1282409916691759,0.1319237651746361
474,0.1603454693825045,0.1129503063857235,0.1302876666627874,0.1486952699085501,0.1225749920007223,0.1225003118033144,0.13975040605955,0.1124076598815129,0.1401746922108442,0.1281078624684207,0.13177946367639298
475,0.1601480374288985,0.1128204013467601,0.1301453036108208,0.1485505054748102,0.1224555837563451,0.1223859960184148,0.1395588913995961,0.1123024271771089,0.1400029576348386,0.1279331650598081,0.1316303268907401
476,0.1599157576412139,0.1126591541330398,0.1299914771136855,0.1484196205676518,0.1223341812562154,0.1222789131480533,0.1393836591184964,0.1122147015461384,0.1398494558300828,0.1277767014106477,0.1314823621765225
477,0.1596799341613048,0.1125231491188276,0.1298655628718181,0.1482498068944647,0.1222108077132236,0.1221718020071756,0.1392490669137663,0.1120909001761353,0.139655773604306,0.1275979895462522,0.13132947930072741
478,0.159438528962201,0.1123908950881396,0.1297161524228923,0.1480925990288273,0.1220871892799013,0.1220587542523081,0.1390905718615852,0.1119937160166318,0.1394819580414105,0.1274157358014849,0.1311766100755382
479,0.1592371397256792,0.1122527835270594,0.1295339262439623,0.1479368397276884,0.1219390415662721,0.1219661940902261,0.1389592016053384,0.11190225685287,0.1393186092336295,0.1272671108810971,0.13103131034538223
480,0.1590538538332329,0.1121154523121879,0.1293839275811824,0.1477973907886934,0.121765210794114,0.1218291853312348,0.1387878982312678,0.1117958124988295,0.1391527773177759,0.127084732411476,0.13087662410999945
481,0.1588600512576299,0.1119747216893493,0.1292148938483755,0.1476659632792316,0.1216277484727488,0.1217172317532383,0.1386062842321077,0.1116546342538876,0.1389772318660578,0.1269216843970959,0.13072204450497224
482,0.1586583985980487,0.1118397981346861,0.1290545704721105,0.147542240481995,0.1214958460225642,0.1215913781659522,0.1384246037047806,0.1115284693031102,0.1388177224320739,0.1267420322544691,0.13056950595697903
483,0.1584659230577116,0.1117212181237631,0.1288621852377127,0.1474142919961366,0.1213448751652676,0.1214638719416196,0.138268172685843,0.111414389013703,0.1386637480751224,0.126564841618044,0.13041835169149235
484,0.1582578223244992,0.111586434614346,0.1286925105025702,0.1472904886785838,0.1211759676071135,0.1213046996374934,0.1380881409755029,0.1113031812243929,0.1384967981255813,0.1264275722547699,0.1302623615944853
485,0.1580537218145913,0.1114535107772086,0.1285238519940591,0.1471561639017527,0.1210269156762008,0.1212167886497771,0.1379005458042518,0.1111779195509336,0.1383194057209753,0.1263191008032294,0.13011479246929797
486,0.1578469705726156,0.1113560006943369,0.1283824979310526,0.147005216608152,0.1208432081945127,0.12112942904525,0.1376924005012882,0.1110683054961374,0.1381562892000452,0.1261657284445975,0.12996460466879883
487,0.1576445707919181,0.1112004257007022,0.1282539064557143,0.1468929605735324,0.1206782626242628,0.1210438417506444,0.1374857262111608,0.1109874854857437,0.1380127201396782,0.1260379222137162,0.1298237821947073
488,0.157451716706923,0.1110626193714281,0.1280953135994745,0.1467283004369794,0.1205178091870107,0.1209357612782841,0.1373006232399957,0.1108804631858463,0.1378400953741254,0.1258892295827411,0.12967019319628087
489,0.1572728233243703,0.1109387726729259,0.1279446630696476,0.1465680865151181,0.1203802879350004,0.1208146272044996,0.1371281339846044,0.1107942056109062,0.1376731855457907,0.1257485280342567,0.12952633138971198
490,0.1570899177185565,0.1107943728187875,0.1277777424970301,0.1464372857129059,0.1202407409858007,0.1207184417516208,0.1369116351601157,0.1107017057260915,0.1374967742181047,0.125617967735954,0.1293786584324967
491,0.1568746020168339,0.1106613142511292,0.1276116375494992,0.1462927452552381,0.1200701813284848,0.1206043630694392,0.1367618596135612,0.1106129278566705,0.1373479409972147,0.1254717028255548,0.12923092747636253
492,0.156687190672085,0.1105951922846775,0.1274800362925792,0.1461674249387549,0.1199159903429821,0.1205063080512721,0.1365831037367326,0.1104975176064039,0.1372036283868132,0.1253530187021463,0.12909894110144468
493,0.1565033800652966,0.1104852179599994,0.1273458945083891,0.1460448926654912,0.1197758523580654,0.1203656757623919,0.1364044957800617,0.1104142805443359,0.1370192318595711,0.1252353643174434,0.12895942858210457
494,0.1563502509086937,0.1103467651323109,0.1272204743062521,0.1459022920518976,0.1196116759445871,0.1202406096623553,0.1362427573457796,0.1103274226444949,0.1368649334585346,0.1251236103709965,0.12882307918259023
495,0.1561837763852621,0.1102347700765771,0.127089988514619,0.1457798232596693,0.1194394509059378,0.1201510261233873,0.1360509438851333,0.110237471007552,0.1367027948809114,0.1250175825545857,0.1286887627593635
496,0.1559866289304098,0.1101116622140469,0.1269754669496552,0.1456225895211817,0.1192861564219353,0.1200489257821547,0.1358527514887939,0.1101787353206864,0.1365561186186185,0.124885856024936,0.12855048912724182
497,0.1557782071553198,0.1100362342590366,0.1268751619941875,0.145470901382208,0.1191588462561547,0.1199473191852823,0.1356911318464572,0.1101181505491098,0.1363947770528885,0.1247716284952447,0.12842423581758888
498,0.1555911442266622,0.1099169210086476,0.1267522343330748,0.1453289899252408,0.1190246211066691,0.1198559575131388,0.1355157256981104,0.1100458407006422,0.1362389302822637,0.1246338454422789,0.12829042102367286
499,0.1554085517257053,0.109815094107048,0.1266003096133857,0.1451637892202694,0.1188905184641993,0.119746488646424,0.1353152084241844,0.1099483931061588,0.1361048498190894,0.1245091194162992,0.12815023225427635
500,0.1552290386461381,0.1096926649809543,0.1264641525004427,0.1450188086353541,0.1187585523264729,0.1196306516097871,0.1351470125652892,0.1098412507968798,0.1359704232477513,0.1243673607372483,0.12801199160463178
501,0.1550567276676048,0.1096084558591303,0.1263183972661131,0.1448432559944831,0.1185946769014094,0.1195189504373178,0.1349579609264006,0.1097340416027901,0.1358151074624318,0.1242487412101745,0.12786963153278558
502,0.1548714553347729,0.1094672349589807,0.1262009072915928,0.1446741580426548,0.1184489551184664,0.1193805753883002,0.134794206431049,0.10965151728552,0.1356770820797005,0.1241101499173541,0.12772762418483913
503,0.1546572897704881,0.1093350970651383,0.1260579134055316,0.1445164987282699,0.1182971709279216,0.1192514507969578,0.1346385044064524,0.1095832377109695,0.135538410096875,0.1239676342601177,0.1275843207168722
504,0.1544689953977105,0.1092167799949446,0.1259222237300402,0.1443649979694159,0.1181545856837102,0.1191510361298402,0.1344698735812184,0.1095067539619279,0.1353767533592612,0.1238129607541638,0.12744449605622327
505,0.1543065615022912,0.1090967062215814,0.1258016508186392,0.1442214599423373,0.1179703811272159,0.1190210110286103,0.1343291890301361,0.1094173123456658,0.1352420086033608,0.1236399994264853,0.12730462800463233
506,0.1541182769244533,0.1089836656892019,0.1256647584702484,0.1440916611392245,0.1178235628591372,0.1189039322044956,0.1341851474717144,0.1093223513149963,0.1350964119841528,0.1235070500612465,0.1271696818118871
507,0.1539423405932934,0.1088938811126544,0.1255168280031776,0.1439296071564013,0.1176729034838896,0.1187505583152351,0.1340452688935568,0.1092053922113287,0.134929748434582,0.1233476130662232,0.12702341412703422
508,0.1537633215579173,0.1087862474967259,0.1253882239859982,0.1437828999840485,0.117551366414665,0.1186400199926741,0.1338803492318933,0.1091100786653291,0.1347856832306078,0.1231893420968305,0.12688775326566898
509,0.1536128965374248,0.1086885267702783,0.1252803688149859,0.1436238280830714,0.1174265863892921,0.1185271760266178,0.1337394503573914,0.1090220141855927,0.1346684656900539,0.123035663535731,0.12676249763904396
510,0.1534476714332682,0.1085469876789594,0.1251733816109438,0.1434884223354753,0.1172887683921146,0.1184217258824881,0.1335792175651937,0.1089137862757534,0.1345441517202748,0.1228943254706028,0.1266298438365074
511,0.153283314320887,0.1084330031406847,0.125052250531769,0.1433463194530169,0.1171278689410937,0.1183088447520755,0.1333980480850141,0.108832044678046,0.1344169086158089,0.1227428995333258,0.12649415020517216
512,0.1531468024191249,0.1083093817930714,0.1249129921630735,0.1431861066223984,0.1169962237347263,0.1181915232347228,0.1332353221545777,0.1087175393784589,0.1342810042150088,0.1225839970639404,0.1263560892779103
513,0.1529855760057535,0.108190007945269,0.124760842769861,0.1430130971925416,0.1168063287982388,0.1180550017402789,0.1330725930505433,0.108633179197192,0.134123079257608,0.1224086391020065,0.12620483450592926
514,0.1527989386608968,0.1080704454605887,0.1246297587468212,0.1428649649398642,0.1166734843670279,0.1179028897101385,0.1328932624767091,0.108518675832165,0.1339615139203817,0.1222529848740617,0.12605669189886545
515,0.1526355526493157,0.1079872262071042,0.124503051192225,0.1427557778078119,0.116536937699729,0.1177829720080256,0.1327563643845744,0.1084193866017626,0.1338379521712855,0.1221063807412211,0.1259321601463055
516,0.152474679910694,0.1078831318083455,0.1243621107342642,0.1426491332303027,0.1163952738109667,0.1176742105440493,0.1325776954968769,0.1083076098050409,0.1337204980536925,0.121990004984391,0.12580343483786238
517,0.152320824233078,0.1078000982985976,0.1242402368403472,0.1425142162469835,0.1162530389609466,0.1175870392326885,0.1324168619922667,0.1082169786567051,0.1336120423498735,0.1218529182852216,0.12568142550967082
518,0.1521425642216733,0.1077204581780361,0.1240916075660486,0.1423598514953891,0.1161309173120194,0.1174706333173226,0.1322689074870265,0.108121936934221,0.1334615315886815,0.1217156605820414,0.12554840686824595
519,0.151996340842964,0.1076291656687458,0.1239653482416818,0.1422247068537201,0.1159984630040833,0.1173425977646248,0.1321318962763221,0.1080603383070892,0.1333449262079798,0.1215859366855474,0.12542797198527583
520,0.1518642732745102,0.1075617019360493,0.1238374412284562,0.142064407318611,0.1158627748240577,0.1172157712244079,0.1319776316974335,0.1079596076386268,0.1332392649607321,0.1214589517046242,0.12530418258075088
521,0.1516961520573676,0.107473183317751,0.1237040351632417,0.1419145815793601,0.1157266601314565,0.1171046878454298,0.131831182461393,0.107891672487229,0.1331363518537588,0.1213429732048939,0.12518214801018812
522,0.1515597906248875,0.1073584058053489,0.1235924149433303,0.1417510662371138,0.11561261220052,0.1169918588161142,0.1317046610009917,0.1077749903907751,0.1330002799214803,0.1212350883735062,0.12505811683140683
523,0.1514231792287231,0.1072433692354552,0.1234483814819249,0.1415814078298126,0.1154923089346969,0.1168817544313262,0.1315927177264504,0.1077021092701853,0.1328425420957263,0.1210969668571388,0.12493047370914398
524,0.1512845097312292,0.1071527666874449,0.1232842211166658,0.141432798289196,0.1153899166141125,0.1167699582487121,0.1314345035828886,0.1076215095251218,0.1327058960500133,0.1209787388390938,0.1248054818684478
525,0.1511313001163387,0.1070403379200438,0.1231675343817336,0.1412566369941721,0.1152273466205657,0.1166590737116764,0.1312716841280023,0.1075173842183892,0.1325372367202818,0.1208431765396055,0.12466517113508091
526,0.1509807510891488,0.1069470797053371,0.1230195554758609,0.1411099321639763,0.1150894831953,0.1165750252566456,0.1311175393368299,0.1074151431829078,0.1323819079149578,0.120680379692672,0.12453167970136363
527,0.1508417606978444,0.1068648041718428,0.1228823976725901,0.1409642751009411,0.114955109337223,0.1165048996935634,0.1309735803800792,0.1073254882137236,0.1322118348670478,0.1205118492154036,0.1244035999350259
528,0.150710576970885,0.1067569470577917,0.1227546013744465,0.1408179471061818,0.1148646848233346,0.1164533906802104,0.130803268589394,0.1072318331511249,0.1320553518311588,0.1203691606862572,0.12428177622707848
529,0.1505853901862907,0.1066902664942489,0.1225984774643134,0.140716872807173,0.1147551699630778,0.1163467071942147,0.1306477785000636,0.1071472382308918,0.1319011894811963,0.1202025691867642,0.12415916595082344
530,0.1504492551169266,0.1065844332456116,0.1224357269465663,0.1405832655515082,0.1146499291624212,0.1162359291374231,0.1304671068634743,0.1070868898955546,0.1317741194087023,0.1200290250271923,0.12402956803553804
531,0.1503045250425684,0.1064931214782475,0.1223016969504696,0.1404386364237885,0.1145165388691909,0.1161477879648383,0.1303121740583418,0.1069764431267859,0.131645064104012,0.1198503832484773,0.12389863712667201
532,0.1501532033426184,0.1064231943478172,0.1221757837764236,0.1403341820608584,0.1144062119419079,0.1160350632386267,0.1301535271311706,0.1069037092199174,0.1314973396001684,0.1197049888571433,0.12377872035166519
533,0.1499877360545939,0.1063517626301181,0.1220677414533398,0.1402249475456274,0.1143186576682813,0.1159521585613696,0.130017320187037,0.1068129181376986,0.1313116030280802,0.1195635944280901,0.1236608439694236
534,0.1498618416438741,0.1062512886056151,0.1219382504288164,0.1401301557239057,0.114228592013174,0.1158535228002131,0.1298742382910457,0.1067296711721471,0.1311624440489487,0.119412126922171,0.12354421316499109
535,0.1497217746238861,0.106141431585095,0.121799071111081,0.1400079187994924,0.1141340363250424,0.115779746024607,0.1297045693918404,0.1066659237353256,0.1310031073928044,0.1192507659635191,0.12342083449526935
536,0.1495859143126506,0.1060515323716548,0.1216629310766769,0.1399030335946463,0.1140416130679963,0.1156983797752427,0.12952599654435,0.106646533879356,0.1308281384009061,0.1191180333581274,0.12330621063816069
537,0.1494302209709901,0.1059601929511973,0.1215130426581153,0.1397442354072855,0.1139204416630725,0.1155767224223258,0.1293698236256237,0.1065682500028991,0.1306569999674137,0.1189783443472795,0.12317182740162025
538,0.1493149912117066,0.1058831585198233,0.1213573294073752,0.1395631923880137,0.1138199798575054,0.115497257119637,0.1292043208047667,0.1064930313300819,0.1305154708869382,0.1188398621393753,0.12304885936652235
539,0.1491814178867544,0.1057709043935391,0.1212359266955469,0.1394371469968159,0.113685474862232,0.1154081525752222,0.1290510526761679,0.1064213280049895,0.1303685925627357,0.1187266355918095,0.12292866322458132
540,0.149035432457419,0.1056824630535325,0.1210914178792229,0.1393118689383011,0.113578718559506,0.1153145767673548,0.1288869718249107,0.1063675973679529,0.1301952580432951,0.1186188691532271,0.1228083174044722
541,0.1488790981163824,0.1056039515154328,0.1209534228089279,0.1391878408548935,0.1134737248775474,0.1151830050181237,0.1287364132072321,0.1062999378806453,0.1300264793216395,0.1184711578151653,0.12268150314159898
542,0.1487427615371487,0.1055139727659292,0.1208010020233806,0.1390881247197599,0.1133562515185055,0.1150845395416324,0.1285744230478468,0.1061930889142182,0.1298547305897327,0.1183363055112119,0.12255452001693659
543,0.1485780381524826,0.1054140199430999,0.1206494405045438,0.1389962239536272,0.1132701882649685,0.1149685950911815,0.1284160421499491,0.1061232867295397,0.1296792411931461,0.1182073468889134,0.12243024228714516
544,0.148409991348293,0.105316744169185,0.1205188020839383,0.138882450942505,0.1131647816728528,0.1148523450199682,0.1282817608664037,0.1060519532494262,0.1295269193526309,0.1180785248542876,0.12230842735594907
545,0.1482678686137639,0.1052060670642966,0.1203652549812014,0.1387602306404144,0.1130667360891021,0.114749908619173,0.1281434117924254,0.1059834742674928,0.1293743127930115,0.1179634050108502,0.12218806698717313
546,0.1481309798746288,0.1050864034029648,0.1202270480938008,0.1386437313445601,0.1129619281907105,0.1146345692584449,0.1279776500333937,0.1059159449622782,0.1292286934615015,0.1177940546792332,0.12206010033015166
547,0.147996078083498,0.1049684246556273,0.1200702794353894,0.1385365422728878,0.1128368014963759,0.1145399302813845,0.1278445366363736,0.1058472162685268,0.1290722995564826,0.1176827782889286,0.12193948869754748
548,0.1478581594331689,0.104884495757871,0.119929059103149,0.1383987652932938,0.1127118443508173,0.1144605884851219,0.1276766420533981,0.1057846610346655,0.1289109129910176,0.1175629831979453,0.12181781117004484
549,0.1476811509261193,0.1048081797629649,0.119778840862988,0.1382643350271239,0.1125752954188253,0.1144006642912019,0.1275522047656055,0.105733923586288,0.1287488774689411,0.1174265058355099,0.12169699779455678
550,0.1475241704570305,0.104743548421229,0.1196805518218118,0.13812033359742,0.1124411066130888,0.1143093322845886,0.1274284480850495,0.1056637104572009,0.1285999452624482,0.1173008706999932,0.12158120176998606
551,0.1473823251265862,0.1046676522671518,0.1195606025162644,0.1379814757129022,0.1123153663190534,0.1142142702831067,0.1272560195309141,0.1056145721227275,0.1284536101359587,0.117147762388907,0.1214593656403572
552,0.1472476309138518,0.1045643559540505,0.1194446149501189,0.1378420467561603,0.112198419717169,0.1141158294231981,0.1271099149970049,0.1055541914102261,0.1282872553109103,0.1170380451076643,0.12134023045403541
553,0.1470990285504409,0.1045094575941512,0.1192970716409399,0.1377306630789022,0.1120939825499391,0.1140220603090183,0.1269627205502085,0.1055161596820867,0.1281088339820331,0.1169518408237004,0.12122918187614203
554,0.1469630607303786,0.10443098569712,0.1191363596458427,0.1375957083104795,0.1119730165785877,0.1139238599482018,0.126817712627268,0.1054830444261824,0.1279623671929302,0.1168611363100752,0.1211147251467066
555,0.1467920748220559,0.1043710569158109,0.1190145859867443,0.1374795615621363,0.1118664951316252,0.11380111960503,0.1267125159287861,0.10541796170523,0.127808009010467,0.1167403126686373,0.1210003693336523
556,0.1466289743538222,0.104316023848671,0.118885124359018,0.1373368231966432,0.1117679126321054,0.1137253238854829,0.1265836098186211,0.1053546757940591,0.1276873676316678,0.1166136753840514,0.1208899510904142
557,0.1464753276528475,0.1042209848236707,0.1187266272839498,0.1372048489753872,0.1116752749410839,0.1136585495022642,0.126434952707868,0.1052987858093861,0.1275473574096643,0.1165019363988436,0.12077446455049654
558,0.1463370544611007,0.1041430956818266,0.1185839634157156,0.1371035678104289,0.1115713903053307,0.1135794902902753,0.1262960371255613,0.1051889809334291,0.127387968320407,0.1163934915742704,0.12065850399183457
559,0.1461957375565008,0.1040464675929479,0.1184927348013396,0.1370146478047448,0.1114746010813877,0.1135042801632208,0.1261895270656971,0.1051238899869606,0.1272355960994436,0.1162796208530805,0.12055571030053233
560,0.1460770068894956,0.1039450340036165,0.118389323619356,0.1368842634767171,0.1113929772388223,0.1134130288283968,0.1260795162929923,0.1050603207926246,0.1271087279920223,0.1161851881383907,0.1204535387272434
561,0.1459570294045978,0.1038425239368777,0.1182716465951004,0.1367637758437051,0.1112638393908152,0.1133475312723821,0.1259432924108986,0.1049908193529934,0.1270058636577216,0.1160503715516678,0.12034366934167598
562,0.1458306711907924,0.1037582646960166,0.1181414584983082,0.1366614895519423,0.1111648688020663,0.1132607299548034,0.1258171210717077,0.1049515495623373,0.1268701814658926,0.1159153807666955,0.12023717155605622
563,0.1457051694817309,0.1036778553624664,0.1180024842023252,0.1365765502995249,0.1110650199558836,0.1131943887485083,0.1256643407854785,0.1048622674090059,0.1267248585082717,0.1157873087128957,0.12012602434660913
564,0.1455713485367782,0.1035908648250635,0.1178639896496891,0.1364496938950535,0.1109493640241511,0.1130908399731887,0.1255356658953138,0.104794817653223,0.1266018299585161,0.115676073939902,0.12001244883508791
565,0.1454351865707843,0.1035124416243253,0.1177329725879059,0.1363238525541318,0.1108665326451846,0.1130021818648526,0.1254167786686947,0.1047336143335184,0.1264438474112677,0.1155576430617084,0.11990250513223737
566,0.1453232339478525,0.1034549330498329,0.1175898571584998,0.1361863808173677,0.1108067202572347,0.1129229394641021,0.1252812883385405,0.104673487913481,0.126313432498308,0.1154210909446145,0.11979733643898335
567,0.145176305255089,0.1033642597726446,0.117433986199382,0.1360495735799935,0.1107084956581455,0.1128505834934171,0.1251515967780379,0.1046171846686411,0.1261631618399735,0.115296324718048,0.11968114719633723
568,0.1450450182426866,0.1032709642345939,0.1173133532170342,0.1359315457150009,0.1106296121915596,0.1127621336923303,0.1250288230454016,0.1045320678230363,0.1260306283000473,0.1151821486192111,0.11957262950809015
569,0.1449245624081297,0.1031802928040947,0.1171950111447108,0.1358122589221267,0.1105326606580879,0.1126644543606414,0.12489277386245,0.1044883757845315,0.1258726158727202,0.1150590685310874,0.11946220743485805
570,0.1448003972841395,0.1030695348691624,0.117080109196877,0.1356885957692326,0.1104384825836916,0.1125785616910664,0.1247633306068395,0.1044127313761336,0.1257262247561544,0.1149536927745407,0.11935116609078378
571,0.1446657929759163,0.1029768424077897,0.1169264858613965,0.1355893319321374,0.1103712127605032,0.1125087735991182,0.1246292840945902,0.1043497322654958,0.1255761339248303,0.1148268690064939,0.11924204588282716
572,0.1445552632773932,0.1029012730611774,0.1167897169954821,0.1354488599094682,0.1102791969324012,0.1124322018607095,0.1245011323572914,0.1042898911107569,0.1254345570796078,0.1147072037349355,0.11913392963192233
573,0.144442020141854,0.1028175325584652,0.1166674622614193,0.1353129684033814,0.1101903498351301,0.1123869118896938,0.1243718470957385,0.1042216035892723,0.1253106945508588,0.1146058085804477,0.11903271989062611
574,0.1443150034328177,0.1027267553184054,0.1165453226217124,0.1351909000637195,0.1101035844149265,0.1122897200682406,0.1242680688410405,0.1041310071604196,0.1251552167056668,0.1144685602153123,0.11891941388422614
575,0.1441937733278516,0.1026325639861185,0.1164153795304415,0.1350407226453739,0.1100008531749166,0.112210671425469,0.124143233623384,0.1040441703670195,0.1250145168506524,0.1143270518439618,0.11880229367751889
576,0.1440582544737176,0.1025648167772536,0.1162944506427283,0.1349024761143803,0.1098726483745382,0.1121350731557908,0.1240131572616729,0.1039670328320251,0.124884523670035,0.1141935827786328,0.11868860160807745
577,0.1439225474593337,0.1024654785598811,0.11615968250172,0.1347789042641959,0.1098029379502021,0.112061295005534,0.1238770567898072,0.1039184184629156,0.1247303494364106,0.1140717915108524,0.11857884619408528
578,0.1437862516869636,0.1023759377870383,0.1160395480225989,0.1346428239054462,0.1097246800696801,0.1119915721018733,0.1237698331554766,0.1038229822169795,0.1245794688043604,0.1139480966408412,0.1184681194391258
579,0.1436889520607003,0.1022479145740624,0.1159414014276033,0.1345041285255814,0.109620269933418,0.1118932013056991,0.123626752254493,0.1037506891154124,0.1244532021022575,0.1138317898413703,0.11835583011405977
580,0.1435834262047471,0.1021667485491448,0.1158428552017194,0.1343862373311553,0.1095149030118963,0.111828129896004,0.1235013367281986,0.1036912813571309,0.1243165533741887,0.1137409545828069,0.11825724262369922
581,0.1434391567695394,0.1020690659123437,0.1157285288719229,0.1342754638122737,0.1094126139829495,0.111750944488358,0.1233592953411324,0.1036314227895866,0.1241856016657364,0.1136269358301289,0.11814790294639714
582,0.1433093952526738,0.1019920530773677,0.1156167218606711,0.1341585879026313,0.109285057392432,0.111676368222177,0.1232277459689436,0.1035797622229782,0.1240539745431442,0.1135147338439334,0.11804144002869524
583,0.1431861544493351,0.1018975723835154,0.115501875258107,0.1340539406690779,0.10915625875105,0.111614114149029,0.1230785081800448,0.1035476205275453,0.1238981518211605,0.1133991518887394,0.11793333480776044
584,0.1430601661230096,0.1017801929754263,0.11538655959205,0.13391947401894,0.1090282852311528,0.1115332875326097,0.1229250353696124,0.1034827987985261,0.1237498772509832,0.1132819448268936,0.11781476217192037
585,0.1429417177914111,0.1016624342132274,0.1152521372096224,0.1338070118230328,0.1089340362318728,0.1114659649881465,0.12280660737897,0.1034219501180365,0.1236159796139976,0.1131767079127864,0.11770845472811034
586,0.1428084954612598,0.1015511411152073,0.1151201671014132,0.1336525326925174,0.1088221349070686,0.1113865690001202,0.1226512233293748,0.1033894759536305,0.1234681159622816,0.1130636522767055,0.11759135077995789
587,0.1426671906551536,0.1014661843213534,0.115015127809423,0.1335172430105491,0.1087246412838894,0.1112965173884413,0.1225253462442972,0.10334003509395,0.1233265430099444,0.1129545176080147,0.1174833346425016
588,0.142566162853217,0.1013914913177329,0.1149023841381827,0.1333774889676489,0.1086478914047232,0.1112273144692913,0.122405661116491,0.1032936161008012,0.1231801069115071,0.1128549019252602,0.11738470192048556
589,0.1424537968347418,0.1012703911693729,0.1147981269605678,0.1332548164903434,0.1085437936386584,0.1111550995007718,0.1222938501072137,0.1032462903651456,0.1230448502213796,0.1127515555280959,0.1172812570816291
590,0.1423509760559321,0.1011733293565073,0.1146860274014102,0.1331326265519636,0.1084624277989148,0.1110769908634164,0.122168247000384,0.1031788370384006,0.1229059411585244,0.112654273264515,0.11717896764899685
591,0.1422446950535106,0.1010824097421763,0.1145739289639709,0.132995774813192,0.1083339258923248,0.1110001771454837,0.1220454548995716,0.1031282840038664,0.1227873641440169,0.1125594695667447,0.11707514842248579
592,0.1421370527961504,0.1009936157184793,0.1144750375749235,0.1328650160330751,0.1082296354308475,0.1109050335191953,0.121898593231462,0.103051499317001,0.1226580845501948,0.1124470335967106,0.11696606017680393
593,0.1420279155602968,0.1008752280605045,0.1143457907325626,0.1327467838591197,0.1081589554426422,0.1108201720688579,0.1217673569234446,0.1030096551908931,0.1225240795978741,0.1123473615253227,0.11686232989615183
594,0.1418752195525324,0.1007557271996005,0.1142431326445932,0.1326321362605831,0.1080810071104852,0.1107552721214983,0.1216135648886891,0.1029599305776381,0.122427584878077,0.1122313840467315,0.11675749592804283
595,0.1417313089440605,0.1006579616969392,0.1141001138868424,0.132516222117992,0.1079964224545733,0.1107258579161418,0.1214944393243067,0.1029164305822952,0.1223085259012791,0.1120913208671683,0.11665386036915985
596,0.1416085207397462,0.1005731345996004,0.1139786211182915,0.1323819802363883,0.1079137149398621,0.1106661603033337,0.1213810927612286,0.1028709578076626,0.122215474124732,0.1119647424839089,0.11655543991147543
597,0.1414846702286985,0.1004974500037171,0.1138324013411122,0.1322575120443342,0.1078055766025156,0.1105742035061436,0.1212539534353484,0.1028234826405925,0.1220841195960751,0.1118066419875496,0.11644200113860867
598,0.1413762148653235,0.1003835639411752,0.1137261691975781,0.1321516924117504,0.1077003946255897,0.1105114057779627,0.121130587278327,0.10274766986596,0.1219636073620004,0.1116606617194987,0.11633519670451656
599,0.1412443952402655,0.1002746311858491,0.1136105203902927,0.1320183520882108,0.1076147233595419,0.1104491582937447,0.1209814418053568,0.102675118949971,0.1218785581622233,0.1115310006165967,0.11622779000920525
600,0.1411109984078096,0.1001925431307259,0.113498479393779,0.1319075259222794,0.1075169601605752,0.1103909356228848,0.1208240901438827,0.1025993814339032,0.1217906049077305,0.1113877971784923,0.11612193163020626
601,0.1409781773333271,0.1000919091873767,0.113395233905678,0.1317900408005319,0.1074221143621221,0.1103327175922524,0.1206946217554632,0.102543792460859,0.1216982416421402,0.1112826308881435,0.11602294799278941
602,0.1408479033426171,0.1000065407811814,0.1132881239217196,0.1316860863447628,0.1073323875152006,0.1102358902137326,0.1205808420699232,0.1024961880587002,0.1215811333602492,0.111158099965594,0.11592131955736806
603,0.1406896720359446,0.0999156844061735,0.1131910581724331,0.1315568365751492,0.1072304457804604,0.1101583589409573,0.1204636428855388,0.1024519525293182,0.1214662268026356,0.1110141856253504,0.11581380637539611
604,0.1405606945586397,0.0998044912486699,0.113113337002439,0.1314398932303915,0.1071199842649471,0.1100602655771194,0.1203609485627583,0.1023758648921995,0.1213739567246143,0.1109024286635026,0.11571118647252812
605,0.1404247140988728,0.0997121570167175,0.113010504207869,0.1313118794526226,0.1070061868013908,0.1099783208279315,0.1202487177152569,0.1022998754434141,0.1212523800321481,0.1107875729410199,0.11560323085372433
606,0.1403147187910325,0.0996229799231672,0.1129063254367059,0.1311830728996304,0.106900982485735,0.1098986732434961,0.1201276415917408,0.1022450269104531,0.1211666392523363,0.1106809926256507,0.1155047053159948
607,0.1402108131722775,0.0995592142139804,0.112825827914669,0.1310801923109046,0.1067899098916855,0.1098169218790552,0.1199936652021541,0.1022202003603059,0.1210446129390956,0.1105665662545301,0.11541079241386579
608,0.1400881132306872,0.0994740239303885,0.112737420020156,0.1309627796151852,0.1066996847898872,0.1097367267871445,0.1198429185844715,0.1021768727692189,0.1209264528855092,0.11043105303255,0.11530760456451983
609,0.1399412207407138,0.0993938501456598,0.1126446324494887,0.1308713857112381,0.1065896342249602,0.1096326617467556,0.119697391233617,0.1021239663921952,0.1208351352878715,0.1102977045621428,0.11520275824946427
610,0.1398257615296663,0.0993059852412345,0.1125354881647736,0.1307606812824032,0.1064821345625283,0.1095514474315005,0.1195636334659437,0.1020664515970651,0.1207142136116607,0.1101737069209008,0.11509795038076767
611,0.1397082160225237,0.0992361440195929,0.1124298754993283,0.1306228255823067,0.1063638632282757,0.1094759393248699,0.1194442760303565,0.1019938677722167,0.1206029652986562,0.1100468794954797,0.11499248522736064
612,0.1395878604811926,0.0991589383280749,0.1123174367050413,0.1304791641277249,0.1062469931018218,0.1093918875223403,0.1193113969784211,0.1019166359691028,0.1205063289267003,0.1099198425858179,0.11488364847262378
613,0.1394539427302864,0.0991030861737337,0.1122097380995234,0.1303493212710455,0.1061224152009357,0.1093213745486663,0.119204192395676,0.1018392438282023,0.1203959142575786,0.1098126135288177,0.11478118420344656
614,0.1393371587276634,0.0990272172188332,0.1121007985767022,0.130211833219658,0.1060372568917687,0.1092631661425937,0.1190482532917269,0.1017802707686307,0.1202856587068137,0.1096750847245607,0.11467666982689513
615,0.1392302777781928,0.0989431127686913,0.1119658266124659,0.1300777874199533,0.1059271762967479,0.1091625147655638,0.1189183126284743,0.1017192522936436,0.1201782065633914,0.1095580738495454,0.11456805409766697
616,0.1391204497921992,0.0988537363767457,0.1118621897721712,0.1299708762224519,0.1058010593390835,0.109082011184272,0.1187628268219216,0.1016445354078709,0.1200649886497456,0.1094380027361741,0.11446006763026358
617,0.1389917747557665,0.098755094960165,0.1117554260667337,0.1298765819529525,0.1057006682002409,0.1089976488445979,0.1186335265468208,0.1015592455994729,0.1199410297335602,0.1093145969087687,0.11435255935690791
618,0.1388850509794595,0.0986634128121059,0.1116349329175679,0.129750996282727,0.1056105629326381,0.1089185394688051,0.1184848027017419,0.1014993885276686,0.119823589653558,0.109170663195396,0.11424419394716678
619,0.1387694967960939,0.0985629156101568,0.1115270581276318,0.1296198601091143,0.1055023298862852,0.1088676117509413,0.1183599959784254,0.1014109105068982,0.1196909121708945,0.1090458194718508,0.11413569104082924
620,0.1386539694716404,0.0984585730683949,0.1114234868559651,0.1294885465624861,0.1053845874491574,0.1087587084284837,0.1182246310507673,0.101359074613441,0.1195690492086213,0.1089040484194838,0.1140224675128441
621,0.1385828933926852,0.0983911236370882,0.1113113208626836,0.1293589550063117,0.1052673972809317,0.1086764035842657,0.1181119036675623,0.1013172407737344,0.11944199669991,0.1087917602953722,0.11392509952005452
622,0.1384642504021369,0.0983014018226821,0.111202004018318,0.129249871477448,0.1051360117875917,0.1085934691237346,0.1179781098536538,0.1012790188039021,0.1193284767904114,0.1086771340478471,0.11382097481277258
623,0.1383682656783081,0.0982218684178799,0.111092715231788,0.1291166417211658,0.1050387060421302,0.1085094202564339,0.1178755687989901,0.101226482734481,0.1192148514693579,0.1085560373785247,0.11372205577290595
624,0.1382775904486145,0.0981329756883533,0.1109982982259433,0.1289891665133394,0.1049401194150394,0.1084481533222359,0.1177161159495035,0.1011794406112669,0.1191067407274474,0.1084396878260341,0.11362282887277775
625,0.1381894807920966,0.0980499625457578,0.1109040906966868,0.1288683258177843,0.1048327910860301,0.1083649148204638,0.1175822119455766,0.1011442665008819,0.1190060184395974,0.1083054547196825,0.11352475173645578
626,0.1380904345889297,0.0979854591527198,0.1108164376414275,0.1287414915102101,0.1047239738114261,0.108276284740242,0.1174502621928431,0.1011228579131538,0.1188849401195446,0.1081670872401657,0.11342592289106623
627,0.1380099190647614,0.0979058268932016,0.1107209517582221,0.1286272678293256,0.104607155409234,0.1082118410601712,0.117304205082471,0.1010810367546048,0.1187848018908391,0.1080396256191942,0.11332926313620251
628,0.1379289579664561,0.0977946523222104,0.1106288048645754,0.1285282640531052,0.1045282802708307,0.1081354957606234,0.117182084498192,0.101054398159486,0.1186731635475412,0.1079219925549688,0.1132376093997989
629,0.1378395493616345,0.0976855139544218,0.1105215490494725,0.1284429905505814,0.1044276316165665,0.1080634923124972,0.1170939613102196,0.1010206343995138,0.1185586165748264,0.107802229472235,0.11314561686019686
630,0.1377499574388829,0.0975762389886355,0.110435321246864,0.1283204644450236,0.1043399756265323,0.1079942712174232,0.1169762994227042,0.100997006977675,0.1184473393350055,0.1076887159370055,0.11305255906357517
631,0.1376653623024208,0.0974900987329733,0.1103503631375987,0.1282101586747785,0.1042636563330684,0.1079171617311813,0.1168453456559889,0.1009467019388074,0.1183286980333083,0.1075597468495594,0.1129577293389685
632,0.1375744009859717,0.0973921328832413,0.1102605529375949,0.1281187019666117,0.1041564481518507,0.1078094403734154,0.1166968665922439,0.100920135775853,0.1182024046781089,0.1074642482922531,0.11285953326371448
633,0.1374853087620569,0.0973005129934652,0.1101580033806351,0.1280371049612348,0.104027038843496,0.1077411295485318,0.1165781651381436,0.1008468408337485,0.1180818175215641,0.1073639025596361,0.1127619824542512
634,0.1373958843562479,0.0972278303501123,0.1100394145482249,0.1279291104938101,0.1039588272387821,0.107649025349261,0.1164682012052978,0.1007704588302274,0.1179514083365792,0.1072657306198513,0.11266558913283939
635,0.1373115190118072,0.0971384745715634,0.1099541093644248,0.1278100488179474,0.103893888746642,0.1075609561595537,0.1163410957270923,0.1007262219862099,0.1178292057851896,0.1071603942032194,0.11257259143736495
636,0.1372256218719224,0.0970329617008769,0.1098243981534363,0.127725102161972,0.1038222219084066,0.1074633883107478,0.1162027661398784,0.1006482074617304,0.11770135506883,0.1070470802480991,0.11246931030259
637,0.1371227543920419,0.0969470808526185,0.1097195376661373,0.1276372956154874,0.1037413549563976,0.1073911306769434,0.116076148016688,0.1005725411773461,0.1175989790290877,0.1069383123197431,0.11237451347024911
638,0.1370212056213547,0.0968829164640347,0.1096201042483637,0.12752692325365,0.1036714158654388,0.1073129973772738,0.1159524265325656,0.1005089570720969,0.1174829660704732,0.1068384771608551,0.11228183896661066
639,0.1369376738403718,0.0967748575637084,0.1095188471787084,0.1274306662462014,0.1035917151117867,0.1072536077908098,0.1158339263533334,0.1004307251918882,0.1173954109023478,0.1067308834202019,0.11218983135993577
640,0.1368278310822499,0.0966917315489836,0.1094054505667183,0.1273494959468257,0.1035097269770567,0.1071920313429181,0.1156743527582952,0.1003796999698325,0.1172920162659491,0.1066071144357791,0.11209294508946084
641,0.1367488146653231,0.096623488726269,0.1093097684476228,0.1272655969875275,0.1034402394203508,0.1070943492155723,0.1155690699908483,0.1003263269717541,0.1171750930913053,0.106485597513823,0.11200383450303963
642,0.1366412251806596,0.0965203108791226,0.1092035174390154,0.1271724887871592,0.1033808376336932,0.1070132352818144,0.1154730715104467,0.1002919068074004,0.1170737016500244,0.1063753584012535,0.11191456535705893
643,0.13655297330356,0.096428407053341,0.1091168999510129,0.1270549047076025,0.1033059753973924,0.106940092621334,0.115349597663873,0.1002696691763382,0.1169576915758132,0.1062718748080558,0.1118248086258323
644,0.1364404369598521,0.0963504451160309,0.1090359519322171,0.1269574990015733,0.1032264366455172,0.1068601022157869,0.1152324315612682,0.1002316026928137,0.1168291679644887,0.1061569905600733,0.11173210646496212
645,0.1363374682159248,0.0962660083794421,0.1089653652107969,0.1268456022564754,0.1031325783700803,0.1067876335509359,0.1151169830812742,0.1001696179533243,0.1166919241564221,0.1060305789474399,0.11163437601221157
646,0.1362377590219952,0.0961808582261436,0.1088427945804829,0.1267402161088787,0.1030308113878311,0.1067142714706297,0.1150072979229096,0.1001285978060171,0.1165879371945779,0.105926239491833,0.11153967832112988
647,0.1361351928572135,0.0960922889169762,0.1087325685641033,0.1266360124652878,0.102951970687402,0.1066617704593494,0.1149127147321667,0.1000589313208855,0.1164710254871231,0.1058056861759016,0.11144581616664091
648,0.1360190340961166,0.0960309050113004,0.1086343444954535,0.1265257459842474,0.1028590124925639,0.1065939722821031,0.1148012417476573,0.0999866108458238,0.1163366842673923,0.1057036415551375,0.11134911927777957
649,0.1359170733492581,0.0959604719716014,0.1085587493002711,0.1263913841133228,0.1027808667934498,0.1065103552415487,0.1146733096095384,0.0999186382339512,0.1161939922410856,0.1056034148522702,0.11125082557062974
650,0.1358233564908494,0.0959138742768033,0.1084772026720728,0.1262835577785966,0.102660090745778,0.106418426937857,0.1145416439314445,0.0998381858910126,0.1160759432436691,0.1055148164481252,0.11115470984162086
651,0.1357302932619606,0.0958634639371976,0.1083691447341631,0.1261995910979553,0.1025574111872846,0.1063474870552761,0.1144572209915891,0.0997596223107548,0.1159612410160039,0.1054044329981569,0.11106499085903421
652,0.135641897095933,0.095785534561497,0.1082713875538441,0.1261081485718131,0.1025176123832884,0.1062651405071967,0.1143369751320361,0.0996932213937871,0.1159042772270136,0.1052962746934775,0.11098204691198868
653,0.135546603926042,0.0957081566162992,0.1081968697793018,0.1260361669701223,0.1024425725311161,0.1062028586248,0.1142199717735088,0.0996272099623593,0.1157848405882798,0.1051947822820304,0.11089600330538599
654,0.1354352825757185,0.0956592766794538,0.1080979543772653,0.1259630669712402,0.1023640869306797,0.1061187816620852,0.1141059072644513,0.099559161997851,0.1156614639101665,0.1050740926264978,0.11080390749954092
655,0.1353285117433091,0.0955812125743479,0.1080166709806839,0.1258869036410932,0.1022775174043104,0.1060221197176183,0.1139915671507233,0.0994997726239199,0.1155490736172778,0.1049861345655786,0.11071394840188624
656,0.1352242156208278,0.095488101316031,0.1079122769239052,0.1258092083918733,0.1021797636563654,0.1059354438997822,0.1138932242628325,0.0994152384513182,0.1154258325945869,0.1048748378244178,0.11061581429419402
657,0.1351393937206182,0.0954567832527077,0.1078248601993351,0.125735810081959,0.1020780550616224,0.1058497669366821,0.113743885633883,0.0993464008286552,0.115305189324724,0.1047698933213232,0.11052500383615098
658,0.1350381293737551,0.0954045688458882,0.107745641673608,0.1256473395493546,0.1020036482648296,0.1057912129371274,0.1136226208906292,0.0992894465058586,0.1152013281907184,0.1046587163285666,0.11044026525603359
659,0.1349422322829525,0.0953463830922061,0.1076423737483295,0.1255374602761207,0.1019323572108535,0.1057057183385968,0.1135175741998047,0.0992227091178213,0.1150959945775925,0.104552135344736,0.11034949381890136
660,0.1348794503366329,0.0952831016309028,0.1075476692083114,0.125421761557716,0.1018485813098125,0.1056289892591796,0.1134118264236769,0.0991396861022236,0.1149799994293314,0.1044445357719546,0.11025856010297416
661,0.1347827052282029,0.0951955423832434,0.1074606182573278,0.1253133995170823,0.101754711618496,0.1055566200667333,0.1132906717365492,0.0990539788941755,0.1148744747172493,0.1043387984578713,0.11016215208769312
662,0.1346658314633038,0.0951327514648437,0.1073897386021477,0.1252494783296626,0.1016876055614856,0.1054780116527051,0.1131936421927953,0.098994471018459,0.1147876526826097,0.1042207768185794,0.11007999597865918
663,0.1345683731081534,0.0950794688476553,0.1073176986348014,0.1251619778580726,0.1016062289394237,0.1053943490233129,0.1130994713685316,0.0989110022345794,0.1146871818790177,0.1041109839032188,0.10999367357967667
664,0.13445945093046,0.0950106727961403,0.1072125924342354,0.1250479956262715,0.1015170924056497,0.1052941599317438,0.1129885683067573,0.098831554395952,0.1145520804794867,0.1039897860697107,0.10989039533764074
665,0.134345870943882,0.0949271832802776,0.1071214386841225,0.1249750674741623,0.1014493844821744,0.1052347531202043,0.1128750685140696,0.0987672207838679,0.1144147224104689,0.1039047220297852,0.10980154317230147
666,0.1342634041814182,0.0948299195535173,0.1070519671992292,0.124888769772323,0.101353152945156,0.1051681847219488,0.1127631177754909,0.0986815463642656,0.1142955800919195,0.1038193745414839,0.10971150171467522
667,0.1341603368154341,0.094770737703192,0.1069351079530214,0.1247825457010779,0.1012582181518973,0.1051093591013807,0.1126428454953118,0.0986280822025585,0.114180995068031,0.1037113667481182,0.10961795949400228
668,0.1340832295224517,0.0946991762031768,0.1068413245728471,0.1247000421668579,0.1012010336795432,0.1050572666583903,0.1125581385883943,0.0986039391634383,0.1140903545977596,0.1036236458434162,0.10954581509962753
669,0.1340069056544723,0.0946201905671365,0.1067336927607077,0.1246009438602084,0.1010969928166331,0.1049557160067378,0.1124741717907738,0.0985396817720172,0.1139623330844153,0.103518486113215,0.10945091144263171
670,0.1339180792418689,0.0945412853648187,0.1066507343419057,0.1245353101196953,0.1010048058395484,0.1048728772969894,0.1123690067485981,0.0984787465467134,0.113843760270843,0.1034223721194612,0.10936369778904423
671,0.1338121506874024,0.0944505572086747,0.1065309710469635,0.1244537193202589,0.1009388733493182,0.1047789962052536,0.1122674785904816,0.0984653455026351,0.1137359148918007,0.1033301077018188,0.10927641145046074
672,0.1337129187445077,0.0943950659182874,0.1064521131688294,0.1243935149909569,0.100868884142135,0.1046938061077003,0.1121864155052675,0.0984190702532822,0.1136299687999776,0.1032397884601641,0.10919915460911081
673,0.133593299909027,0.0943331091858755,0.106362855591677,0.124281528955543,0.1007745093875904,0.1046009775328944,0.1120489937274466,0.0983831699961817,0.1135282840771613,0.1031376955696605,0.10910444239330575
674,0.1334744362921389,0.0942668735403371,0.1062680189799269,0.1241773282525268,0.1007215994233828,0.1045066895930999,0.1119484454103775,0.0983171774694419,0.1134278281413838,0.1030309022813452,0.10901392993839606
675,0.1333701871454226,0.0941959263733551,0.1061798623815528,0.1240676761108697,0.1006501126368938,0.1044150346891436,0.1118421567851783,0.0982263543252452,0.1133321142251374,0.1029390420336905,0.1089218466706489
676,0.1332864144659856,0.0941320672008217,0.1060751939306445,0.1239739279874798,0.1005743091543975,0.1043195502835426,0.1117233051301273,0.0981701233122277,0.1132117744801155,0.1028388997528186,0.10883055656981608
677,0.1331775334489925,0.0940478625949256,0.1059807919736961,0.1238565666072808,0.1004710050340038,0.1042599738283587,0.1116384298211028,0.0981043368634034,0.113083113212531,0.1027345516821021,0.10873541650663968
678,0.1330628105909589,0.0939759387357527,0.1058621875210828,0.1237438303630035,0.1003743793472023,0.104163609530387,0.1115577342629349,0.0980404864819598,0.1129909702379147,0.1026285865354803,0.10864005336066769
679,0.1329664283477296,0.0939053858891279,0.1057587134110563,0.1236344607071927,0.1003060637123482,0.1040965686756465,0.111428587604791,0.0980003550259323,0.1128710657506223,0.1025319749594774,0.10854996040839242
680,0.1328788514470484,0.0938544751213201,0.1056727874618528,0.1235365230397914,0.1002005746824814,0.1040117688324878,0.1113316708561092,0.0979315572702019,0.1127740030279773,0.1024407794429363,0.10846329911822065
681,0.1327933778792192,0.0937883310282718,0.1055783012449343,0.123413760586839,0.1001215147922793,0.1039411617128423,0.1112281720924117,0.0978806630797716,0.1126467061311669,0.1023286597980377,0.10837206483457737
682,0.1327138275741747,0.0937190372452204,0.1054904330117484,0.1233148488683293,0.1000493955357002,0.1038937912824079,0.11115510046081,0.0978383817692997,0.1125394820086214,0.1022189091225128,0.10829332068788249
683,0.1326270402159387,0.0936536589619913,0.1054012703527313,0.123210374965885,0.0999764322777257,0.1038116279160637,0.1110406820308456,0.0977855083060215,0.1124452790513379,0.102103627181017,0.10820555012595576
684,0.1325535126380629,0.0936075855357508,0.1053199398739666,0.12309824830965,0.0999126717819962,0.1037354259156673,0.1109204987196393,0.0977221155858674,0.1123362769237999,0.1020117610489143,0.10812180363333149
685,0.1324698578011867,0.0935304040449237,0.1052011015114358,0.1230074391768337,0.0998473304300517,0.1036501350228499,0.1107963413411565,0.0976816970110911,0.112224748669542,0.1019017900067916,0.10803108450158627
686,0.132369362622182,0.0934805672201871,0.1051105870873313,0.1229036948420063,0.0997732198826335,0.1035612273599861,0.110710449514558,0.0976389615148265,0.1121185022473577,0.1017874529243411,0.10794540252154095
687,0.1322776368632423,0.0934208299563154,0.105041333249806,0.1227987148522133,0.0997106841864906,0.1034970868609794,0.1106168119112859,0.0975671020306541,0.1120121904479791,0.1016932803257532,0.10786356706847193
688,0.1321788311107653,0.0933353117878995,0.1049601502089497,0.1227013496381596,0.0996432489776673,0.1034245616891297,0.1105127769252681,0.0974932114932178,0.1119018129180626,0.1015893733380416,0.10777406280871611
689,0.1320793446802011,0.0932657137812285,0.1048959721878847,0.1225922617595755,0.0995732616531026,0.1033594242833535,0.110415697971572,0.0974035758604097,0.1118057573520842,0.1014947061031131,0.10768857156325248
690,0.1320061604234206,0.0931664400726454,0.1048103343418638,0.1224624431530244,0.0995363021154122,0.1032989703999649,0.1103050565156921,0.0973555581964559,0.111712609648414,0.1014004243863176,0.1076054299253211
691,0.1319152986852415,0.09309299745993,0.104721519341087,0.1223452365933916,0.0994776517695652,0.1032575809208081,0.1102020806336997,0.0973180014238757,0.1116267997857359,0.1013166532525716,0.10752738198659062
692,0.1318015771514831,0.0930103896563625,0.104642404196386,0.1222303053997959,0.0994071280552945,0.1031933222486856,0.1100873154872674,0.0972445216606611,0.1115355858816252,0.1012521237089546,0.10744046734465158
693,0.1317174623774643,0.0929391323007787,0.1045771002535018,0.1221302339776461,0.0993102393613602,0.1031187740593229,0.1100024737521873,0.0971960884490708,0.111442747345209,0.1011491900551681,0.10735834419317092
694,0.1316303768567233,0.0928791571778387,0.1045286594570265,0.1220274048558747,0.0992215373719541,0.1030531387982338,0.1099053351583856,0.0971699278407898,0.1113469408201484,0.1010763573320564,0.10728388356690313
695,0.1315446664119379,0.0928113132523147,0.1044705830377542,0.1219307321098425,0.0991692468311055,0.1029618730481627,0.1097959333313434,0.097130613852741,0.1112435063394541,0.1010084407514071,0.10720669089660631
696,0.1314549094152187,0.0927499676488436,0.1044097935058633,0.1218432448639065,0.0990995972574111,0.1028684097050171,0.1097118235153877,0.0970914033043979,0.1111367983591571,0.1009606949245315,0.10713266424997345
697,0.1313583978078658,0.0926727689189053,0.1043095582018038,0.1217508827460723,0.099022787868263,0.1027994428614553,0.1096240708495791,0.0970607437127605,0.1110199640294666,0.100894958675211,0.10705135756713827
698,0.131297188942664,0.0926090123105787,0.104222591136755,0.1216425062079558,0.0989632244106483,0.1027275779449692,0.1095307767713805,0.0970159974024514,0.1109306007379207,0.1008289492862401,0.10697684251515638
699,0.1312171232938841,0.0925515045558114,0.1041369289505634,0.1215275671355789,0.0988987158728703,0.102666940933574,0.1094466695207245,0.0969690665216919,0.1108363755213132,0.1007275673873891,0.10689784596934009
700,0.1311287363638246,0.0924754735781418,0.1040452254384482,0.1214134869707811,0.0988295133054912,0.1025897596478706,0.1093374216779679,0.0969267563899852,0.1107460816243448,0.1006451006031345,0.10681375555999899
701,0.1310401766511965,0.0923970850583998,0.1039534505737411,0.1213207132363591,0.0987771215670548,0.10251456529416,0.1092313308328856,0.0968644470217651,0.1106638074152545,0.1005576949542563,0.10673203926050727
702,0.1309341655597539,0.0923036345531491,0.1038874464170247,0.1211943944491929,0.0986943372416257,0.1024274716262,0.1091399228710946,0.0967970514787288,0.1105690802239137,0.1004892997024119,0.10664368041230951
703,0.1308445008111657,0.0922354495381831,0.1037848677077231,0.1210992983681872,0.098615925271856,0.1023439225003186,0.1090439282776435,0.0967535471605984,0.1104678187451646,0.1004163937262851,0.10656056521071253
704,0.1307407690695859,0.0921538351770391,0.1037034778821626,0.1209869885007175,0.0985416637720773,0.1022817690276545,0.108948606619453,0.0966795395938407,0.1103690055093562,0.1003341502451353,0.10647398053970222
705,0.1306274875470235,0.0920801094739033,0.1036046329609604,0.1208771784424306,0.0984361498475344,0.1022242871571946,0.1088303617043015,0.0966611520213501,0.1102655447526559,0.100282735711663,0.10638896396190171
706,0.1305258032107929,0.0920061270613733,0.1035248970144421,0.1207721730094483,0.0983665070517236,0.1021446709432407,0.1087113528264113,0.0966010199826794,0.1101718949273353,0.1001987693095019,0.1063023215336949
707,0.1304470965306788,0.0919284192454718,0.1034472679713954,0.1206652120842625,0.0982849659119052,0.1020768173656598,0.1085949467326652,0.0965437354342502,0.1100794927063003,0.1001090214112352,0.10621769753938244
708,0.1303757957226752,0.0918681918353202,0.1033577968264646,0.1205518627309311,0.0982117972965679,0.1020125081845918,0.1084853255405126,0.0964907755885174,0.1099791700692237,0.1000166356192338,0.10613498594140383
709,0.1302962844861673,0.0917982795836621,0.1032771358936813,0.1204635268642576,0.0981566625936021,0.1019541711927139,0.1083875882514941,0.0964375607887058,0.1098858627342267,0.099925437645938,0.1060582510034449
710,0.1302114390796165,0.0917238032243508,0.1031924464200744,0.1203808911318952,0.0981052341804621,0.1019111852492551,0.1082923289021684,0.0963871817383669,0.1097852349665728,0.099851596024304,0.10598413409170662
711,0.1301479163540837,0.0916545915217014,0.1031296732322181,0.120305768146452,0.0980413348075686,0.1018567914281227,0.1082024983679893,0.096334645013737,0.1096903229194802,0.0997616263457265,0.10591251681370795
712,0.130049010335271,0.0915984696110047,0.103074254864442,0.1202099289752691,0.0979707620284334,0.1017903807605256,0.1080992441237697,0.0962797203908562,0.1095889234303406,0.0996592098704647,0.10583199043903771
713,0.1299773865206424,0.0915153365674089,0.1030023461101444,0.1200956270633344,0.0978985794244464,0.1017167286799555,0.1080290773567415,0.0962190450848086,0.1094917834976882,0.0995825748578771,0.10575284851630473
714,0.1298969668435987,0.0914440865523258,0.1029090783233421,0.1199710546983861,0.0978368493573162,0.10166470261339,0.1079363549244622,0.0961571635939056,0.1094082685215954,0.0995214696273689,0.1056745995055691
715,0.1298183395485374,0.0913868781013339,0.1028458237405408,0.1198693007196428,0.0977834233563046,0.1016145181786879,0.1078357465813019,0.0961043489795346,0.1093110998444203,0.0994261358467221,0.10559956148970262
716,0.1297471008101708,0.0913293972031669,0.1027750376814142,0.119749706406031,0.097742191452008,0.1015625150724031,0.1077403937893564,0.0960652171007303,0.1092032982712116,0.0993352093605157,0.1055250067147008
717,0.1296764070027616,0.0912625712186601,0.1026862483490188,0.1196460158581466,0.0976918220151185,0.1014845458463142,0.1076466894290355,0.0960167511138288,0.1091106990134432,0.0992463436016808,0.1054468093448008
718,0.1295957637907004,0.0911831815382896,0.1026058049652471,0.1195308271168859,0.097629477491554,0.1014131758822716,0.1075627294866757,0.0959577634740006,0.1090226713336879,0.0991453582221278,0.10536467533014407
719,0.1295124173713832,0.0911283961756189,0.1025164921204988,0.1194214916023683,0.0975438316076341,0.1013407947429131,0.1074641422439914,0.0959041928409246,0.1089486534148727,0.0990630292772837,0.10528434413974888
720,0.1294367416808272,0.0910894577897467,0.1024383996659294,0.1193090187889868,0.0974751639407902,0.101265169533713,0.107381973044154,0.0958529391159822,0.1088596709716718,0.0989665614716707,0.1052075096003472
721,0.1293518678517138,0.0910320552115713,0.1023447677364148,0.1192073123366552,0.097403969207143,0.1011797052286387,0.1072957146095912,0.0957915572691979,0.1087466851502117,0.0988896333248807,0.10512432679260182
722,0.1292824135719349,0.0909538342669499,0.1022545975147522,0.1191102760340958,0.0973408309876286,0.101102979110323,0.107218593127329,0.0957426915796014,0.1086492036351165,0.098809623805004,0.10504650436327352
723,0.129206375759331,0.090892254634044,0.1021755556387988,0.1190226194044764,0.0972760764646274,0.1010444113260138,0.1071412657410397,0.0956934083639949,0.1085329182575654,0.098718701514979,0.10497035871048706
724,0.1291232011866402,0.0908431361692447,0.1020878910067541,0.1189186920899375,0.0972156290845569,0.1009703678906883,0.1070614173228347,0.0956358611217166,0.1084242912548786,0.0986270895288497,0.10489075766561014
725,0.1290181630593193,0.0908131512842393,0.1020053658254504,0.1188347148188131,0.0971333046309502,0.1009091530137972,0.1069566097514773,0.0955830358191849,0.108316102241347,0.0985256423272485,0.10480952427718271
726,0.1289329576309624,0.0907568185800455,0.1019292587870185,0.1187495819569511,0.0970658201815501,0.1008439407042888,0.1068423547765416,0.0955279797168449,0.1082203319431109,0.0984429811223095,0.10473120253996233
727,0.1288292215075536,0.0906972520710428,0.1018437608094085,0.1186777979291656,0.0969649293514575,0.1008133951214172,0.1067289520066749,0.0954942946690478,0.1081246988679264,0.0983654763279824,0.10465397786616766
728,0.1287423144155116,0.0906502765848738,0.1017865357724494,0.1186004417446186,0.096912871224444,0.1007474095340805,0.106638547654024,0.0954433858556247,0.1080419622152503,0.0983023565500677,0.10458661015509445
729,0.1286623352526796,0.0905874980585191,0.1016970810567444,0.1184937781930462,0.0968320351772538,0.100671790568399,0.1065522418180654,0.0953843380573098,0.1079575519078901,0.0982383619604807,0.1045077012050388
730,0.12857774426581,0.0905143514983775,0.1016202617153173,0.1183711880176395,0.0967531893715936,0.1005892053682563,0.1064625470442742,0.0953474104875314,0.1078686432548866,0.098168998140116,0.10442735391638022
731,0.1284753821394878,0.0904466327736378,0.1015373719816682,0.1182702917431555,0.0966919340059439,0.100527054229358,0.1063955128936522,0.0953032712173986,0.1077648271179865,0.0981059991833014,0.104351827728559
732,0.1283880746981364,0.0903947858273655,0.101448045485157,0.1181614124684199,0.0966142450328641,0.1004678936516444,0.1063175151319892,0.0952455798941548,0.1077013383821264,0.0980198633544924,0.10427587539263501
733,0.1283057805514983,0.0903348115668008,0.1013715595565955,0.1180627771915195,0.0965733362336705,0.1003862361412788,0.106201405129309,0.0952112550891279,0.1076312112373702,0.0979462411272193,0.10420246138243898
734,0.1282156207531952,0.0902694529826958,0.1012845021717042,0.1179630552942534,0.0965007107397727,0.1003291368530008,0.1061152036813592,0.0951684629501012,0.1075601141272272,0.0978673722362833,0.10412736317895929
735,0.1281292005025587,0.0902090423176296,0.1012302061467886,0.117873687669674,0.096453790726817,0.1002757477318969,0.1060390635002896,0.0951159982608531,0.107461572019248,0.0977894869357328,0.10405777958114884
736,0.1280365957092659,0.0901652527593361,0.1011374994372157,0.1177716214214265,0.0963988724029896,0.1002175806980007,0.1059577028864897,0.0951008023841463,0.1073746328479687,0.0977189392141613,0.10398794997610006
737,0.1279571590234174,0.0900986209477575,0.1010500752998685,0.1176584112120971,0.0963246572577739,0.1001758779518689,0.1058630815971483,0.0950662211085232,0.1072962542892568,0.0976490295396266,0.10391393882273381
738,0.1278784835520456,0.0900209064449848,0.1009931557417232,0.117580787694516,0.0962600968723985,0.1001084536279829,0.1057766925471116,0.0950381509663029,0.1072202800977966,0.0976066768729435,0.10384836844178055
739,0.1277960877824227,0.0899648342826606,0.1009188658726171,0.117476482036895,0.096205924942898,0.1000502733493901,0.1056838029509123,0.0950153065959328,0.1071551807783116,0.0975106752263405,0.10377774338183807
740,0.1277029789097811,0.0899071965979334,0.1008335875291344,0.1173910125594905,0.0961732407488246,0.1000074681173424,0.1055915000683779,0.0949762341580604,0.1070714649672386,0.0974697988928596,0.1037124482549043
741,0.1276104032255125,0.0898564118213187,0.1007806796372257,0.1173165035614214,0.0961209568109485,0.0999603793858447,0.1055063135112403,0.0949348620049055,0.1069927648307235,0.0973850415544767,0.10364643163436175
742,0.1275013584847073,0.0898357312630972,0.1007174293914015,0.1172078572823814,0.0960397155306255,0.099875758112803,0.1053981682594844,0.0948973284099003,0.1069130431671663,0.0973127251641209,0.10356991150656877
743,0.1274037543902143,0.0897870385757788,0.1006436527022637,0.1170997735887455,0.095975596106998,0.0998086762568054,0.1052957272330755,0.0948529200503152,0.1068251249388255,0.0972349807401413,0.10349272445831632
744,0.1273228843044468,0.0897340115973327,0.1005784408422754,0.1169934949633743,0.0959308132131532,0.0997389274376121,0.10522197357973,0.0948059908984248,0.1067287523377986,0.0971751088407731,0.1034230398014921
745,0.1272295948617197,0.0896846909923881,0.1004959046770622,0.1168911737816108,0.0958730598768342,0.0996827036826954,0.1051436180947988,0.0947481760112729,0.1066708259032984,0.0971175143548407,0.1033537262236521
746,0.1271375313184998,0.0896372856550252,0.1004378262143549,0.1168086263575912,0.0958261608717919,0.099611148752112,0.1050538470212005,0.0947084454532979,0.1065920905227344,0.0970425805794403,0.10328555427460481
747,0.1270680878831403,0.0895913700120426,0.100332288920128,0.1167091434956627,0.0957743020000354,0.0995596373713436,0.1049412632708596,0.0946572169078456,0.1065095728838919,0.0969775569485494,0.10321204396934991
748,0.1269959222486298,0.089529065403839,0.1002500581963778,0.1165995210093429,0.0956983171215769,0.0994822512414934,0.1048342924661433,0.0946284413296986,0.1064206454083623,0.0969138933807022,0.10313524078061662
749,0.1269042131658582,0.0895012901070138,0.1001677149577894,0.1164838295318126,0.0956249690177017,0.0994032803598695,0.1047454152898903,0.0945817692569546,0.1063450516714742,0.0968386768119383,0.10305962101703026
750,0.1268426806026681,0.0894376223630402,0.1000783420405832,0.1163780951342099,0.0955587041862449,0.0993078652055233,0.10466898235924,0.0945362942853641,0.1062743733493297,0.0967723015095734,0.10298552610357767
751,0.1267567897511023,0.0893501129579482,0.0999871901089797,0.1162715171071624,0.0954976929350031,0.0992370448105289,0.1045949443954944,0.0945091557751813,0.1062094088406762,0.0967027472413816,0.10291166039234581
752,0.1266730424265891,0.0893003792223574,0.0999199595950713,0.1161726356725334,0.0954134382410103,0.0991704624040321,0.1045094275465788,0.0944779925842571,0.1061400056640113,0.0966392528383467,0.10284165961947875
753,0.1265748700495935,0.0892541210233034,0.0998492414413019,0.1160745683384985,0.0953416386641386,0.0991104654224969,0.1044265227017754,0.0944381402824438,0.1060530768472583,0.0965643658971717,0.10276870106679821
754,0.1264861240359032,0.0891922123155846,0.0997886787707338,0.1159886790564331,0.0952664715626984,0.099030405452786,0.1043562642844273,0.0943993676707289,0.1059770246250933,0.0965012305449752,0.10269864583193637
755,0.1264076887291383,0.0891522906044444,0.0997384719601297,0.1158922017120659,0.0951787859680564,0.0989638409534113,0.104293135429404,0.0943359478594906,0.1058889624656912,0.0964227202464123,0.10262740459282442
756,0.1263204229535463,0.0891008245270082,0.0996802491788945,0.115786479079376,0.0951066839547705,0.0988926147123088,0.1042063570861228,0.0943026409920114,0.1058155225931113,0.0963455248612481,0.10255573199383979
757,0.1262517306056497,0.089055814369568,0.0996209145746769,0.1156865260543256,0.095054436892513,0.0988362044889638,0.1041249650347174,0.0942590705725577,0.1057414666013391,0.0962697208409517,0.10249008500352627
758,0.1261430981257152,0.0889883484160304,0.0995382789746389,0.1155804173689341,0.0950019334790043,0.0987683245951623,0.1040466346646803,0.0942122817466895,0.1056887862976644,0.0961965118752537,0.10241646155437731
759,0.1260599665958524,0.0889445328832104,0.099451234109035,0.1154956032713789,0.0949545469876912,0.0986997632916386,0.1039817935742026,0.0941549067463624,0.1056011718436471,0.0961199332095211,0.10234634525125397
760,0.1259760147971941,0.0889015680546688,0.0993908288926937,0.1153883567378743,0.0948856966326846,0.098635632615416,0.1038872031832807,0.0941137185699938,0.1055379700152049,0.096053675699955,0.10227706651989658
761,0.125906033025783,0.0888483240564299,0.0993155344851018,0.1152808201732042,0.0948208569917612,0.0985772136667091,0.103804541320738,0.0940512942226411,0.1054711913751008,0.0959799193330079,0.1022055728650477
762,0.1258328995437554,0.0888111256619028,0.0992530960149534,0.1151794143863561,0.0947500159236591,0.0984954079999815,0.103701786865077,0.0939933434424496,0.1053979323915669,0.0958950872105516,0.10213101094402535
763,0.1257425587713005,0.0887380047827358,0.0991631753659744,0.1151058105874081,0.0946737317830783,0.0984242976636862,0.1036314698291091,0.093945087426955,0.1053149279381592,0.0958214714863936,0.10205605356348002
764,0.1256679184927357,0.0886837563261565,0.0990893124571444,0.1150356818293894,0.0946213220010162,0.0983795144701535,0.1035413896800936,0.0938981751117388,0.105210448519562,0.0957610696113457,0.10198885884993358
765,0.125596486373028,0.0886395539751724,0.0989971568425964,0.114949806601235,0.094573678050243,0.0983053339561382,0.1034569661971009,0.0938448708152927,0.1051323894678822,0.0956934644394246,0.10191897067181133
766,0.125498939149821,0.0885932004954811,0.0989270298431819,0.1148717959225248,0.0945068953128453,0.0982284124930781,0.1033658237108694,0.0938011231205025,0.105041704999879,0.0956372920541463,0.10184722171023294
767,0.1254021943613985,0.0885499474237644,0.0988397353452649,0.1147911200901646,0.0944430965172115,0.0981623139358131,0.1033211611750417,0.0937571592727962,0.1049554354699626,0.0955800017741864,0.10178021653656037
768,0.1252897031284295,0.0884981110516463,0.0987696401963511,0.1147000828887306,0.0943717827563202,0.0980758110171636,0.1032471751396022,0.09370773174204,0.1048664545001572,0.0955212403917852,0.10170477328122259
769,0.1252098785005981,0.0884444847834322,0.0987073270957137,0.1146140134902926,0.0943258925551322,0.0980200794116537,0.1031685129977843,0.093654590356211,0.1048188813706225,0.0954724068236915,0.10164360673851316
770,0.1251174028646997,0.0884033014061545,0.0986431929963396,0.1145183233396311,0.0942792574111752,0.0979597149684949,0.1030827841034136,0.0935991281925619,0.1047397784837296,0.0953981152560717,0.10157409990222717
771,0.1250241791863703,0.0883247022792278,0.0985784995767367,0.114415759985121,0.0942034204295087,0.0978878840799248,0.1030390929889861,0.0935542594675412,0.1046532358179337,0.095323723495718,0.10150047573070684
772,0.1249412523317403,0.0882675410528112,0.0984964034276194,0.1143360990070968,0.0941420928363307,0.0978394628600459,0.1029674700966056,0.0935087947415381,0.1045748131981525,0.0952655228393796,0.101433945239132
773,0.1248568805595417,0.0882183415758605,0.0984246452328408,0.1142477661210775,0.0940776373049433,0.0977753644701206,0.1028789626290888,0.0934816579280824,0.1045113427303255,0.0951771618037726,0.10136497603556538
774,0.1247656679533997,0.0881858849979119,0.0983444714833841,0.1141702663536907,0.0939962943356273,0.0977162015272308,0.1027993541298604,0.0934408160436571,0.1044333194848358,0.0951105125938772,0.1012962788903475
775,0.1246901721997601,0.0881382092005299,0.098242560155093,0.1140827186378146,0.0939223570497998,0.0976540095682492,0.1027325635555453,0.0933894984763414,0.1043613251103083,0.0950227813193181,0.10122361952727596
776,0.1245872590468869,0.0880871629746323,0.0981457893701491,0.1140018443753477,0.0938453103147647,0.0975888293251452,0.1026584533933585,0.0933492992034528,0.1042944781794449,0.0949404119832333,0.10114988381664154
777,0.1245102666505305,0.0880417462446442,0.0980619397121326,0.1139366856642328,0.0937835244373154,0.0975287880244532,0.1026008431453726,0.0933101985840865,0.1042200064602778,0.0948805361756963,0.1010874535098742
778,0.1244348793392576,0.0879911588566746,0.0979872454438461,0.1138630107031879,0.093728262715222,0.0974899223265222,0.1025191241812102,0.0932710108437686,0.1041299909461294,0.0948033571232743,0.1010217962479093
779,0.1243560692259774,0.0879590242763512,0.0979013959420521,0.1137815770692526,0.093668479059515,0.0974167834944108,0.1024497220662581,0.0932290396992968,0.1040627761742561,0.0947306063151805,0.10095554733225506
780,0.1242653722202838,0.0878973135130394,0.0978381305478038,0.1136994862119578,0.0936118445188199,0.0973659820810127,0.1023715948953118,0.0931957136031519,0.103973350561709,0.0946611852947693,0.10088799734478593
781,0.124191538325773,0.0878551708998017,0.0977622937174692,0.1136314545758757,0.093518054281199,0.0973000885133912,0.1023039741110361,0.0931805722231324,0.1038928630187309,0.0945862738557968,0.10082222835222061
782,0.1241245442122682,0.0877949568517858,0.0976885205933364,0.1135536137911934,0.0934537675704393,0.0972160027044419,0.1022404137938887,0.0931524725350657,0.1038121698658871,0.094539240010949,0.10075757019292556
783,0.1240302658360504,0.0877402372104388,0.0976352775048029,0.1134586165442402,0.0933942876733115,0.0971511644860358,0.1021391585245355,0.0931262241398727,0.1037312353565829,0.0944829709874456,0.10068894382633162
784,0.123960785813003,0.0876960584051214,0.0975697658484402,0.1133593793683451,0.0933184293143178,0.0970793569551013,0.1020528599748848,0.093122537053086,0.1036583322766664,0.0943948423138988,0.10062123473228649
785,0.1238791894069501,0.0876255262188762,0.0975242075570398,0.1132945481147899,0.0932507745143313,0.0970213150268814,0.1019808811474712,0.0930894329533641,0.1035770136683601,0.0943234049028376,0.10055662935109018
786,0.1237921383157532,0.0875750064964522,0.0974754177494759,0.1132123403407959,0.0931939852115182,0.0969779860164852,0.1019107076342713,0.0930269768884207,0.1035068130013797,0.0942547176617975,0.10049260893163496
787,0.1237067286384763,0.0875324791709962,0.0974079085661459,0.1131059114280033,0.0931276001672155,0.0969055150253126,0.1018344073621851,0.0930080081179384,0.1034426922874922,0.0941908933610615,0.1004262144124827
788,0.1236309402221526,0.0874715872280334,0.0973368886104745,0.1130143986111977,0.0930600206944818,0.0968485297393628,0.1017766958504795,0.0929877801345479,0.1033815107595755,0.0941233664298889,0.10036317182801946
789,0.1235606967203826,0.0874216574827973,0.0972734820424177,0.1129458336213157,0.092992181717659,0.0967599198271969,0.101694062166364,0.0929466990565603,0.1032987085781655,0.094076801316818,0.1002970042529677
790,0.1234893224539682,0.0873524032922893,0.097199782778095,0.1128766946592351,0.0929466298294572,0.0966892367706091,0.1016232327530886,0.0929135977739909,0.1032140309685029,0.0940027765275793,0.10023077078068157
791,0.1234167979512818,0.0873010238340518,0.097122295938134,0.1127964207712324,0.0928725097652993,0.0966122269928646,0.1015395827829088,0.092877939554138,0.1031302150990487,0.0939341597159119,0.10016031724048716
792,0.1233600980979693,0.0872527491129339,0.0970586984866352,0.1127311535931525,0.0928079033455846,0.0965458511801315,0.1014649344000574,0.0928505808562857,0.103053627525719,0.09384960050303,0.10009751971014991
793,0.123291751335256,0.0872165545492617,0.0969897145077392,0.1126589796950826,0.0927711793665451,0.0964983452498938,0.1013786573867496,0.0928214771636697,0.102949559532384,0.0937649075020353,0.10003411262886168
794,0.123212991006261,0.0871778359638699,0.0969187000199457,0.112581987179992,0.0927240457030761,0.0964489830409246,0.1012953210383661,0.0928081117304822,0.1028546918794627,0.0936967727706647,0.09997194403330449
795,0.123144764289632,0.0871438384251499,0.0968372013796751,0.1125097554316377,0.0926698819822559,0.0963999724221615,0.1012214224783191,0.0927875209143651,0.102771239901744,0.0936246901531312,0.09991102873780715
796,0.1230661236611456,0.0870887075574789,0.0967629258950494,0.1124231569735151,0.0926099304795772,0.0963452820939339,0.1011549849279893,0.0927709987771758,0.1026985618425365,0.0935493226211961,0.09984699948295979
797,0.1229926228047463,0.0870165968802204,0.0966865010018473,0.1123698729289753,0.0925489061170131,0.0962826097957548,0.1010672338423495,0.0927406561398794,0.1026118014852134,0.0934715807424729,0.09977883817384724
798,0.1229192372782708,0.0869649103421979,0.0966122116056863,0.1122866340101101,0.0924990449075129,0.0962297955412592,0.10098495231076,0.0927243110047692,0.1025637882272671,0.0934067449288855,0.0997191630156719
799,0.1228436803501688,0.0869103599578531,0.0965357646187784,0.1122118714042935,0.0924408297848245,0.0961592603360414,0.1008842567422581,0.0926962058970384,0.1024876012532267,0.0933318499272611,0.09965016802717439
800,0.1227704913275118,0.086846120605838,0.0964551132451354,0.1121253602546636,0.0923719846861416,0.096097679891664,0.1007977936768055,0.092673380659771,0.1024248041087771,0.0932860650376866,0.09958487934939945
801,0.1227397300740975,0.0868044852396195,0.0963862430321374,0.1120593334596142,0.0923145904554734,0.096025995923195,0.1007085805327867,0.0926644460254834,0.1023726381130549,0.0932346157923082,0.09953106586477702
802,0.1226701562520872,0.086769585898907,0.0963107068747136,0.1119990986880904,0.092245333467643,0.0959582272533572,0.1006347745020643,0.0926423364658032,0.1023076119087721,0.09317584400976,0.0994713675321198
803,0.1225857419032807,0.0867025939749716,0.0962492693182564,0.1119304982192564,0.0921721348668421,0.0959031419611231,0.1005436205546883,0.0926298173482597,0.1022367814182446,0.0931148960615729,0.09940684956264959
804,0.1225051762477671,0.0866605027281069,0.0961864000455811,0.1118570645443367,0.0921200034067681,0.0958493474311879,0.1004817680729277,0.0926067927283659,0.1021565642012983,0.0930431961527593,0.09934668155590991
805,0.1224283905558462,0.0865968422622655,0.0961207683207261,0.1117707124738611,0.0920587157703971,0.0957932229286055,0.1003965906960846,0.092588464471047,0.1020801084287316,0.0929805856464547,0.09928144015540194
806,0.1223478251723554,0.0865591866827553,0.0960450964668145,0.1116919940860881,0.0920134172277596,0.0957430495330129,0.1003189612837729,0.0925599101241042,0.1020213222192349,0.0929053297476289,0.09922060925435267
807,0.1222731715407152,0.0865247612911787,0.0959698925398893,0.1116079259128282,0.0919695948076919,0.0956875253688385,0.1002267411749569,0.0925498929890443,0.1019593876295428,0.0928423372670788,0.09916112305217646
808,0.1222026931982171,0.0864675645721358,0.095913507699348,0.111521028991425,0.0919110440641739,0.0956209742885539,0.1001339480327531,0.0925304561831525,0.1018896197997231,0.0927780205096662,0.09909688573391487
809,0.1221249742262641,0.0864269124815484,0.0958357615795043,0.1114515026946008,0.0918634792408053,0.0955715640190015,0.1000332856336113,0.0925045551331122,0.1018380303600253,0.0927086336077943,0.09903586989762674
810,0.1220421319333033,0.0863738256192479,0.0957706292692185,0.1113775190129762,0.0918211990112587,0.0955145718062597,0.0999461407141598,0.0924789558747228,0.1017694815915022,0.092646442319895,0.09897408971525441
811,0.1219620805760269,0.0863362727857237,0.0957088846176371,0.1112918274551871,0.0917726927058599,0.0954436159372733,0.0998635869060051,0.0924512689231922,0.101671931468923,0.0925993088436121,0.09891014702194405
812,0.1219048693679299,0.0863066053181039,0.0956393520025011,0.1112140556844649,0.091732858206206,0.095372231253153,0.0997958025875088,0.0924139543285834,0.1015827903938853,0.0925446423862713,0.09885071615286076
813,0.1218294820096704,0.0862484366805179,0.0955825956195946,0.1111069416844142,0.0916800304244863,0.0953046029536669,0.09969702885211,0.0924161247974291,0.1015044472955052,0.0924979380433374,0.0987867628360732
814,0.1217467661402757,0.0861965588132697,0.095527228974951,0.1110634501541264,0.0916132789435803,0.0952239582549467,0.0996294507351956,0.0924014300068256,0.1014210416381797,0.0924288139801053,0.0987251977641456
815,0.1216667359355842,0.086166725257411,0.0954651034710653,0.1110013752286126,0.0915694895484293,0.0951697557372543,0.0995525172907731,0.0923852246179446,0.1013452810408323,0.092352855897215,0.09866750640251216
816,0.1216051108746988,0.0861244000164966,0.0954041284393966,0.1109108887435712,0.0915131553496129,0.0951296254799305,0.0994616789906766,0.092360474458728,0.1012819093475475,0.0922940980221827,0.09860854697228413
817,0.1215374299031269,0.0860823489652914,0.0953340716774778,0.1108339965418672,0.0914834539786112,0.0950608496682338,0.0993748874682471,0.0923354787349731,0.1012097774765665,0.0922399952223493,0.09854922896367442
818,0.121468663294774,0.0860612248341968,0.0952636661782592,0.110760008883963,0.0914179549176462,0.0950025021091497,0.0993126605806684,0.0923189843065428,0.1011465045573174,0.0921777803354504,0.09849299499979679
819,0.1214068138474543,0.0860013851509708,0.0951923972381941,0.1106930486923147,0.0913551653940751,0.0949539103087774,0.0992526680382752,0.092305765506376,0.101079255295825,0.0921230081190374,0.09843634175912999
820,0.1213350590229301,0.085945574202317,0.0951297747589934,0.110619341711238,0.091312884392977,0.0949064589303407,0.0991771286352235,0.0922722090401184,0.1009983360087493,0.0920466296912745,0.09837433963941619
821,0.1212586896256151,0.0858912384802552,0.0950524812769498,0.1105402066036396,0.0912591559940138,0.0948570687592993,0.0991121155568021,0.0922588340336135,0.1009168793603085,0.0919720866008388,0.09831187562913356
822,0.1211865397597306,0.0858307252294834,0.094973453481686,0.110451740955219,0.0912213919078102,0.0948013080905261,0.0990527004141223,0.0922395643730965,0.1008485684461676,0.0919142016206754,0.09825201942785171
823,0.1211109163274184,0.0857772070673095,0.0949149319654823,0.1103759753797709,0.0911901527435171,0.0947533338857056,0.098971405886226,0.0922007883214432,0.1007929727930014,0.091851162017212,0.09819388463870862
824,0.1210402147118928,0.0857310350312472,0.094850890439846,0.1103090055387632,0.0911454980803192,0.0946899084184384,0.0988984238178633,0.092177254291347,0.100725192542625,0.0917782908851985,0.09813457137575407
825,0.1209622281485447,0.085692166359051,0.0947898933946488,0.1102356815936708,0.0910882603104688,0.0946496081094538,0.0988146080918107,0.0921575914402824,0.1006653253398316,0.0917173429668751,0.09807727057546375
826,0.1208875352846647,0.0856603593381898,0.0947439759507742,0.1101728412479765,0.0910443706818387,0.0945941963969244,0.0987457728459193,0.0921275837342298,0.100586276821954,0.0916609211644632,0.09802238334669346
827,0.1208076067792815,0.0856221554601613,0.0946881583569703,0.1101051396968904,0.0910184117240233,0.0945338319965088,0.09868987310617,0.0921102180802267,0.1005194020564889,0.0916015439632525,0.09796963412199736
828,0.1207185714992077,0.0855725841714036,0.0946263653436939,0.1100425996300728,0.0909753419673116,0.0944833391899692,0.0986119954559104,0.0920809574427104,0.1004611113165778,0.0915373516192946,0.09791102176361519
829,0.1206474944097765,0.0855167010815205,0.0945460712566551,0.1099947543783241,0.09092736257549,0.0944111156660305,0.0985492123463114,0.0920412874085256,0.1004029183230458,0.0914744343256865,0.09785113517713659
830,0.1205706027651034,0.0854759654923201,0.0944580872642097,0.1099136162476659,0.0908766617048054,0.0943570064146753,0.0984860876470243,0.0919948245174984,0.1003425120961324,0.0914087600711779,0.0977884124220613
831,0.120487881389866,0.0854208200073837,0.094383017639325,0.1098507750113405,0.0908269257919258,0.094306658874821,0.0984000036191427,0.0919682117103616,0.1002859978613047,0.0913484036973504,0.09772786956028215
832,0.120405783387596,0.0854031676720137,0.0943144400941486,0.1097802999139896,0.0907831870418967,0.0942579728217627,0.0983365685643971,0.0919236219004412,0.10022687736566,0.0913075154910134,0.0976739434252919
833,0.1203200099946396,0.0853551808280759,0.0942325693946055,0.1097074044947056,0.0907275005648173,0.0942014634350889,0.0982845716445417,0.0918807372665526,0.1001570223642843,0.0912597537145407,0.0976126213701852
834,0.1202451770246045,0.0853076694211802,0.0941708278811526,0.1096458559125964,0.0906465074399436,0.0941346283704203,0.0982164013024177,0.0918477140159224,0.1000867496807821,0.0912029634607583,0.09755044945097782
835,0.120171682275437,0.0852911154835467,0.0940921261491143,0.109585137780086,0.090590237092592,0.0940606023219632,0.0981342095120308,0.0917891593178298,0.1000209183117938,0.0911547299454079,0.09748899181898014
836,0.1200971873318259,0.0852509750580912,0.0940151209262082,0.1095111454542362,0.0905484158642799,0.0939899309482116,0.0980623495087522,0.0917521614129819,0.0999671099065526,0.0910867850461369,0.09742811814572765
837,0.120026728766483,0.0852048328786408,0.0939317121593194,0.1094252384910234,0.0905222498201949,0.093926768479944,0.0979848897356231,0.0917386677534754,0.0999154604380331,0.0910396117400471,0.09737161602627842
838,0.1199461628786392,0.0851519019605425,0.0938452755060215,0.1093535875991608,0.0904815764499287,0.0938489204886883,0.0979375278177978,0.0917180201960397,0.0998488185822986,0.0909719397010326,0.09731037311801496
839,0.1198727243835907,0.0851131751659238,0.0937694263307575,0.1092870709652282,0.0904330665148543,0.093772077804565,0.0978701241111407,0.0916723745171168,0.0998026001945666,0.0909101198158182,0.09725027598035618
840,0.1197942824376764,0.0850801763243548,0.0937146872249495,0.1092127745511334,0.0903945224109222,0.0937174975460537,0.0977969175358799,0.0916304740110075,0.0997215250046548,0.090858350317403,0.09719212073640351
841,0.1197112092054673,0.0850336224275106,0.0936641021783823,0.1091543539966546,0.0903671846318169,0.093648874624088,0.0976932733033042,0.0915991236612487,0.0996480223723222,0.0907950690026943,0.09713148354034892
842,0.1196272858398479,0.0849973312337675,0.0935994566950378,0.1090812093128224,0.0903576384705192,0.0935960150182755,0.0975922265932337,0.0915635335723737,0.0995765516583114,0.0907289331609763,0.09707201815551654
843,0.1195501399934455,0.0849734788371945,0.0935274907653034,0.1090244685937931,0.0903234269542863,0.0935490136024154,0.0975057070988032,0.0915190088688648,0.0995004745445201,0.0906486146605807,0.0970121823919207
844,0.119481838320801,0.084912726953776,0.0934493648305093,0.1089500597982322,0.0903010972160345,0.0934953999125761,0.0974331113826787,0.0914850065082649,0.0994382127113557,0.0905954810303994,0.09695422986646278
845,0.1194008450126909,0.0848830110917912,0.09337719329502,0.1088844219310704,0.0902461752577852,0.0934411141224138,0.0973844250458204,0.0914450546091775,0.0993731559077611,0.0905245829453481,0.09689599792188786
846,0.11932813903887,0.0848563608081396,0.0933032139334845,0.1088096002467574,0.0901869868287111,0.0933757355495247,0.0973223571818427,0.0913961744630449,0.0993048799242811,0.0904490539013959,0.09683325018760519
847,0.1192666505930635,0.0848330562792379,0.0932382125932041,0.1087491958180443,0.0901428326663989,0.0933037245508242,0.0972755508306755,0.0913603723174514,0.0992387395048938,0.0903870268124899,0.09677953619662835
848,0.1191973108817892,0.0848033079019848,0.0931705429815612,0.1086868123473482,0.0901059230525795,0.0932410591560184,0.0972122179533487,0.0912982198480999,0.0991800401100349,0.0903129385772967,0.09672083728100615
849,0.1191302918109131,0.0847897533252989,0.0931087043052082,0.108619008103809,0.0900695714931386,0.0931736929648035,0.0971677261740779,0.0912577801565966,0.0991282254814059,0.0902563361884905,0.09667010900037422
850,0.1190871117979992,0.0847476757746068,0.0930641708958009,0.1085533865460873,0.0900356390767154,0.0931106924043169,0.0971021074958912,0.0912287501961598,0.0990722583745716,0.0901873541234765,0.09661891466856257
851,0.1190275639822289,0.0847174045133184,0.0929896731202087,0.1084886174336008,0.0900073273803717,0.0930592625060293,0.0970389556525616,0.0912088812712666,0.099022587930267,0.0901231127702753,0.09656833865601283
852,0.1189562823658808,0.0846953195287721,0.0929455512976517,0.1084207361829057,0.0899797533477746,0.0929994967905052,0.0969647751902022,0.091182431306487,0.0989763202451763,0.0900661392607776,0.09651868055161332
853,0.1188910524859522,0.0846541792555959,0.0928785683263517,0.1083364423301878,0.0899437770627625,0.092962293678634,0.0968938546214958,0.0911516099682666,0.0989162262745796,0.0899894642985661,0.09646174683023923
854,0.1188171038798601,0.0846182919324411,0.0928285325520846,0.1082817040066295,0.0899103595745877,0.0929120590992887,0.0968134607459462,0.0911246137680421,0.0988498397006928,0.0899275765988905,0.09640835418584634
855,0.1187399155060506,0.0845795426653845,0.0927589426792053,0.1082228381777167,0.0898618705491763,0.0928776695091842,0.0967495314261664,0.0910787989286066,0.0987873081597106,0.0898762951766386,0.09635327127778398
856,0.1186594122559614,0.0845491704048264,0.092706724837699,0.108155550491501,0.0898161600739708,0.0928211389394607,0.0966691957980361,0.0910375060421488,0.0987255499416072,0.0898177999772958,0.09629582087625072
857,0.1186014259917524,0.0845049095648718,0.0926513287574267,0.1080981216514405,0.0897854782450926,0.0927624288054768,0.0965997448375911,0.090985099404217,0.0986608667685787,0.0897552953859678,0.09624046994124155
858,0.1185402367750636,0.0844547482428204,0.0925882634495492,0.1080244141835764,0.0897675087422821,0.0927141990007937,0.0965424270977726,0.0909453583135356,0.0985905903830241,0.0896901942009869,0.09618579403894045
859,0.118479994054574,0.0844070083290463,0.0925302595879115,0.1079563765591592,0.0897400240362618,0.0926716378267741,0.096467543342932,0.0909039905492261,0.098532446543377,0.0896298486023843,0.09613191294316463
860,0.1184074902583346,0.0843646823861745,0.0924769598026338,0.1079065851280687,0.0897050836923971,0.0926292304794999,0.0964159355526402,0.0908604950196075,0.098485591400466,0.0895667472133138,0.0960818800933136
861,0.1183262809801638,0.0843326804197815,0.0924216765790875,0.1078710866736932,0.0896798681073032,0.0925788135696055,0.0963456028742662,0.0908241798846161,0.098424754081428,0.0894989620253665,0.09603039051953115
862,0.1182472777749215,0.0842877341182476,0.0923663078294917,0.1078137862832095,0.0896434320156001,0.0925157220953637,0.0962806940065671,0.0907756103107507,0.0983645546038478,0.0894533443492302,0.095974846338723
863,0.1181808729460259,0.0842364678209293,0.0922996313377811,0.1077544671641362,0.0896089484105103,0.0924609220155031,0.0962040936550184,0.090726400199228,0.0983074070669614,0.0893987314910408,0.09591779421071346
864,0.1180929034044582,0.0842086051151679,0.0922478392611003,0.1076915445688921,0.0895961881837941,0.0924189089810104,0.0961428166480749,0.0906688437986559,0.0982591257923245,0.0893656079335974,0.09586923836870756
865,0.1180074913809173,0.0841823994961521,0.0921917287486923,0.1076361312627754,0.0895486832304907,0.0923726749257717,0.096090195127962,0.0906107252511401,0.0982081492415503,0.0893091014168567,0.09581572800823085
866,0.1179421187821651,0.0841334142939067,0.0921519898332438,0.1075721538873807,0.0895033571185933,0.092339232706349,0.0960196129882651,0.0905539677577814,0.0981460410710637,0.0892469030673351,0.09576087915060838
867,0.1178599202311335,0.0840920324674745,0.0920858831018782,0.1075067470800108,0.0894865423763624,0.0922910373012543,0.0959445350154139,0.0905086700332529,0.098084047903325,0.0892067545895324,0.09570661700996379
868,0.117788442996038,0.0840589944633924,0.0920374552685469,0.107456650288522,0.0894518462506862,0.0922476802126676,0.0958714706129997,0.0904689189028663,0.0980253429346331,0.0891528357166608,0.09565596376470129
869,0.1176987467098459,0.0840311477176233,0.0919836918145016,0.1073968033519359,0.0894058870493951,0.092192274462417,0.0958035119962473,0.0904112109432156,0.0979593075537314,0.0890859958032669,0.095596857740218
870,0.1176174505523582,0.0840116834172094,0.0919411178678345,0.1073211512589478,0.0893775238974092,0.092136452261206,0.0957353030456339,0.0903772354335785,0.0979197096370462,0.0890366588296531,0.09554742862008767
871,0.1175395767033356,0.0839773693272927,0.0918983674840575,0.107242268643731,0.0893431769139682,0.0920760284724802,0.0956697172053615,0.0903392755704231,0.0978635714542858,0.0889761643945382,0.09549255161694739
872,0.1174676122278685,0.0839317795892316,0.0918593418984991,0.1071496835491221,0.0893133166374671,0.0920200712527477,0.0956141079508236,0.0902907918778225,0.0978029239217065,0.0889107372037301,0.09543603661090189
873,0.1173902971168333,0.0839273722681593,0.0918182376579942,0.1071000948920502,0.0892894189575552,0.0919774556379832,0.0955317414957346,0.0902440287693348,0.097767488767766,0.0888498976508431,0.09538960332142538
874,0.1173118438532823,0.0839029880810839,0.0917633417846762,0.1070498066057795,0.0892668229042422,0.0919286233791042,0.0954677981663383,0.0901989447517611,0.0977185362670425,0.0887800506628815,0.09533887564561917
875,0.1172388055173222,0.083890977111553,0.0917025121933285,0.1070025585534566,0.0892380508521041,0.09189004582128,0.0953958177068774,0.0901466508611426,0.0976692511139458,0.0887151510731908,0.0952889820804201
876,0.1171833040917066,0.0838654745135863,0.0916583438103407,0.1069362834218117,0.0892103287525563,0.0918446059417418,0.0953334705722863,0.0900866389761704,0.0976086420734616,0.0886694624827507,0.09523965546364124
877,0.1170945620133847,0.0838353284297072,0.0916112139040362,0.106891451018687,0.0891661677867432,0.0917975740368811,0.0952668866401226,0.0900346765754716,0.0975506106227716,0.0886049340088919,0.09518534050366971
878,0.1170243354695968,0.0837980040560334,0.0915566280076028,0.1068466915806114,0.0891316853789739,0.0917704630738917,0.0952094399741969,0.089983941942668,0.0974981090327268,0.0885445567572541,0.0951363855273556
879,0.1169427061478845,0.0837519935308519,0.0914965247462454,0.1067843431461639,0.0891096749233683,0.0917293501500171,0.0951508444105633,0.0899306145484868,0.0974367142813295,0.0884985008663918,0.09508312667513025
880,0.1168722036187635,0.0837144703535528,0.0914418879038802,0.1067316258799596,0.0890892085390044,0.0916736034703113,0.0950684529102729,0.0898550219371172,0.0973834302955145,0.0884527282513428,0.09502826331597192
881,0.1167877461135735,0.0836662496870216,0.0913740366651097,0.1066823805298007,0.0890635226617135,0.0916282009673311,0.0950029737521467,0.0898113575090775,0.0973163192842899,0.0883986248723606,0.09497314120424247
882,0.116696165605734,0.0836314996686733,0.0913135792942658,0.1066205387759031,0.0890138272532294,0.0915655043991448,0.0949495188594153,0.0897482857006666,0.0972392591438091,0.0883414530227608,0.09491196317236023
883,0.1166125221263746,0.0836010430171691,0.0912820280111935,0.1065581724871698,0.0889835477801447,0.0915249132819995,0.0948861941895629,0.0896800301961877,0.0971833746636676,0.0882802242078639,0.09485920499613332
884,0.1165270763068191,0.083574770573629,0.0912205948787151,0.1064876648840997,0.0889307860152216,0.0914717398932045,0.0948317437940362,0.0896114404929406,0.0971288362152098,0.0882410110544414,0.0948025664108317
885,0.116459130387889,0.0835387661234652,0.091159044786293,0.106428361661832,0.0888788105590215,0.0914227018165576,0.0947754763630587,0.0895481840137385,0.0970734109238725,0.0881993188667756,0.09474832055025036
886,0.1163790021833037,0.0835078918087683,0.0910959712832692,0.1063656466334714,0.0888253832111044,0.0913671802614872,0.0947090633937745,0.0894934591018424,0.0970234822018417,0.0881711533167124,0.09469382333955752
887,0.1163128122369489,0.0834766563140489,0.0910372656889863,0.1063142237646985,0.0887947237758219,0.0913396754112199,0.0946407386094072,0.0894544355060911,0.0969687989905556,0.0881127066339387,0.09464520369317171
888,0.1162281132880782,0.0834465955637993,0.0909949875363683,0.106275319740565,0.0887536416614905,0.0912973671109423,0.0945879658161594,0.0894272500528674,0.096932548048817,0.088045347939291,0.09459891367583784
889,0.1161514644451244,0.0834103781868567,0.0909180098681832,0.106201125592417,0.0887078036121009,0.0912464356641655,0.0945401591327433,0.0893938116768384,0.096896310409549,0.0879928895005447,0.09454583880885231
890,0.1160638829977799,0.0833764047813403,0.0908668162781387,0.1061625337296504,0.0886630059936627,0.0912277845697219,0.0944949656432165,0.0893268051674329,0.0968304744990813,0.0879489853484294,0.09449616590084539
891,0.115990005778668,0.0833219284558511,0.0908105049273986,0.1061076759241539,0.088633207404018,0.0911843581135403,0.094443470307213,0.0892778619637951,0.0967823982827593,0.087903532431229,0.09444549435886263
892,0.11591993303746,0.0832721427349064,0.0907603952069825,0.1060497423601847,0.0886050714199917,0.0911389712981997,0.0943917351824725,0.089239733767956,0.096720684839797,0.0878612918768723,0.09439597017248227
893,0.1158325571645814,0.0832409630224278,0.0907033155633965,0.1059879712084479,0.0885604994337916,0.0910885339451414,0.0943497722354357,0.0891952039345244,0.096681375445181,0.0877893102546423,0.094342950220757
894,0.1157461718192968,0.0832134512907669,0.0906274718602945,0.1059150686447199,0.0885131809679681,0.0910420959212962,0.0943129225245608,0.0891424651861055,0.0966254742963693,0.0877235682777539,0.09428618707891319
895,0.1156756850058192,0.0831800407511468,0.0905618447153523,0.1058506408099593,0.088470992676894,0.0910010609760591,0.0942643120991994,0.0891044182321134,0.0965724027704817,0.0876630489951,0.09423444470321253
896,0.1156100372179346,0.0831362293853862,0.0904971714388884,0.105788164038402,0.0884256705405337,0.0909738619324191,0.094211550292519,0.0890538180663597,0.0965133464390906,0.0876050135116184,0.09418148628631517
897,0.1155227587794686,0.0830999411335237,0.0904376048918855,0.1057340720085278,0.0883761477329756,0.0909228805253783,0.0941687165246932,0.088988283660358,0.0964720794480791,0.0875539614642086,0.09412764461690984
898,0.1154432848874344,0.0830643824999332,0.090387705159396,0.1056853155928,0.0883156234820992,0.0908822892770103,0.0941124045818311,0.0889537743652467,0.0964291367571233,0.0875087480835506,0.09407826646864248
899,0.1153617942592654,0.0830482117235429,0.0903311721253665,0.1056401388839792,0.0882744208656849,0.0908477925783222,0.0940571284668198,0.0889030240081567,0.096389362152425,0.0874702233719152,0.09403232684354777
900,0.1152798961735564,0.0830070597959191,0.0902842925412125,0.105574916907192,0.0882209522648862,0.0908133714832182,0.0939947110580321,0.0888521718522918,0.0963268135799025,0.0874261046350446,0.09397802902912554
901,0.1152114898866284,0.0829690420144089,0.0902210714807915,0.1055114539110604,0.0881874516365562,0.0907872762864342,0.0939492216637096,0.0887894190496651,0.0962739195529843,0.087382502801925,0.09392828482841635
902,0.1151253064213796,0.0829415564552748,0.0901608250492398,0.1054723612878987,0.0881349047064,0.0907423407758474,0.0938898787669533,0.0887436812341674,0.096238274156057,0.0873387746923654,0.09387879035455834
903,0.1150523757577296,0.0829111697282526,0.090107324876659,0.1054081261708317,0.0880995965713383,0.0907089091296822,0.0938287350136094,0.088699458200444,0.0961897235064259,0.0873010032753491,0.09383064222303218
904,0.1149812330582994,0.0828933930532902,0.0900536798281336,0.1053504523524377,0.0880672228056782,0.0906665169910597,0.0937669111654442,0.088647658145954,0.0961310766298724,0.0872551168836044,0.09378132609137738
905,0.1149130499166545,0.0828578859532123,0.089989979997789,0.105307378687345,0.0880179445664421,0.090616122895873,0.0937124626552538,0.0885994970462346,0.0960883496105087,0.0872091069033361,0.0937311778232649
906,0.11486041374747,0.0828479569211276,0.0899345922276957,0.1052429586207904,0.0879751539135971,0.0905726913781138,0.0936548432399054,0.088547955147238,0.0960292069923515,0.0871656385487574,0.09368314107370469
907,0.1147840257590733,0.0828222246567476,0.0898842134830401,0.1051789430891146,0.0879473052146121,0.0905418394721093,0.0935981398757016,0.0884858785697633,0.0959669758947578,0.0871087205132497,0.09363182665281694
908,0.1147315153491912,0.0827841010925405,0.089835359022397,0.1051183823379419,0.087911468687575,0.090505052000126,0.0935466210931842,0.0884302281734434,0.0959305407105586,0.0870521020223085,0.09358453704892664
909,0.1146619934070196,0.0827770616856807,0.0897781907906181,0.1050520999076366,0.0878755776332371,0.090466518004042,0.0935168919016662,0.0883848597609892,0.0958678754868718,0.087002126885512,0.09353831954632733
910,0.1145713307658563,0.0827498917687805,0.0897321875537113,0.1049848832814907,0.0878455732935201,0.0904059321807851,0.0934544941395864,0.0883406125036208,0.0958197615641393,0.0869518296801844,0.0934856496731675
911,0.1144879410865789,0.0827116283616926,0.089690202060285,0.1049228442706645,0.0878066221018042,0.0903675962663774,0.0934172639028797,0.0883034930088159,0.0957639870598501,0.0869174162087209,0.09343889943276693
912,0.1144194144201148,0.0826924897043993,0.0896540925880464,0.1048603048719775,0.0877770048697971,0.0903297289694491,0.0933876956963382,0.0882664134614121,0.0957222461676937,0.0868599024386617,0.09339692931878898
913,0.1143479982902997,0.0826687259259398,0.0896138778061981,0.1047922316917393,0.087746712688081,0.0902734574856359,0.093335217837843,0.0882295251268902,0.0956725989030779,0.0868166516263922,0.09334969973820971
914,0.1142843830346576,0.0826242052596424,0.0895769911372065,0.1047386642647322,0.0877028381984312,0.0902560404886244,0.0932937826566319,0.0881808659806166,0.095624544949713,0.0867823232833726,0.09330646392536283
915,0.1142107368054279,0.0825894766094374,0.0895319050402325,0.104695114433228,0.0876584180006138,0.0902144493468833,0.0932397987520636,0.088146437920718,0.0955921857947849,0.0867398915566455,0.0932618414260035
916,0.1141380142438529,0.0825557032189689,0.0894844038374198,0.1046571168529294,0.0876312687557299,0.0901774621507725,0.0931853039971842,0.0881000275480806,0.0955391972558085,0.0867010991694937,0.09321695970302404
917,0.1140728350274912,0.0825200325599109,0.0894286982433163,0.1045984359489578,0.0875815346960287,0.0901421914461208,0.0931244972706933,0.0880554889690827,0.0954956515323216,0.0866441472659765,0.09316635129598998
918,0.1139857370015094,0.0824862193712004,0.0893731927340932,0.1045410891849348,0.087549584002833,0.0900971354800718,0.0930745725645553,0.088014718692152,0.095451951031237,0.086591469385909,0.09311656694484959
919,0.1139165687223948,0.0824688898698599,0.0893406680209724,0.1044896339230419,0.0875016337350446,0.0900382121177845,0.0930270296800411,0.0879589279715783,0.0953967536450714,0.086544972306013,0.09306832899918019
920,0.1138500095675469,0.082431357027178,0.0892837093904283,0.1044150506376505,0.0874798180268992,0.0899856381221009,0.0929723154011048,0.0879101313446375,0.0953257872744735,0.0864968622955197,0.09301506790875393
921,0.1137872202775317,0.0824314210293047,0.0892402188696247,0.1043575643392021,0.0874605667518062,0.0899597426387613,0.0929196940108499,0.0878669405821291,0.0952825223650985,0.0864306775843405,0.09297365684486487
922,0.1137219237861798,0.0824212122674606,0.0891950503099343,0.1042955823929986,0.0874484110266335,0.0899283139308801,0.0928489889834186,0.0878087742495414,0.0952423939220965,0.0863873642146843,0.09292980150838279
923,0.1136520116767054,0.0824153561757242,0.0891473581982565,0.1042557164146921,0.0874174216578929,0.0898899772017225,0.0927906183753124,0.087731666748474,0.0951988088003373,0.0863403984933775,0.09288393337424947
924,0.1135664988559223,0.0823858200344841,0.0890899600723538,0.1042013265165124,0.0873873297840531,0.0898581388810795,0.0927344878711944,0.0876810397697786,0.0951280132844858,0.0863067155458814,0.09283393306157454
925,0.1134951923534167,0.0823552295682415,0.0890302639118675,0.1041441024259631,0.0873345035764734,0.0898316918428437,0.09267558468299,0.0876291119720372,0.095087964585516,0.0862558792243909,0.092783952414374
926,0.1134270957617394,0.0823387940177605,0.0889584222347772,0.1040944984821793,0.0872913066726704,0.0898060390567806,0.0926192019869991,0.0875752978135116,0.0950443572504308,0.0862123716845069,0.09273673849613559
927,0.1133584073567335,0.0823013207143226,0.0889027931078607,0.1040438599989744,0.0872629741898305,0.0897830654823884,0.0925586870414632,0.0875197153068212,0.0949959424766599,0.0861567338313069,0.09268834995063613
928,0.113279627872949,0.0822695430634556,0.0888650998349493,0.1039712923198324,0.0872246816842562,0.0897528993435959,0.0925174808691028,0.0874602614860509,0.0949425890043188,0.0861124469783352,0.09263959224568462
929,0.1132141488065771,0.0822350580443087,0.0888365293389921,0.1039226627156152,0.0871857091305477,0.0897254011719073,0.0924393884600751,0.0874015486623933,0.0948788021239941,0.086057325316639,0.09258965737710496
930,0.1131414459223235,0.0821982420500954,0.0887988031928313,0.1038587165303816,0.0871601156409416,0.0896701049923969,0.0923779727245876,0.0873354686644596,0.0948260090237556,0.0860213193497716,0.09253881980915449
931,0.1130656693755064,0.0821639262947108,0.088765561401676,0.1038008233618529,0.0871164699726435,0.0896156441623699,0.0923157199968055,0.087280794789481,0.0947752084418968,0.0859648633220132,0.0924864681118956
932,0.1129952841755795,0.0821428348602388,0.0887227966897491,0.1037432801979291,0.0870828399500266,0.0895734909781312,0.092265229974587,0.0872236752153983,0.0947189361211697,0.0859070290666952,0.09243753972295045
933,0.1129277486841944,0.082125464998309,0.0886902672341919,0.1036930938020623,0.0870510436819346,0.0895268517771515,0.0922092070642733,0.0871687000632489,0.0946697618371239,0.0858467747054929,0.09239089138479828
934,0.1128533932393968,0.0821019865997662,0.0886559052400319,0.103655520114366,0.087017619441989,0.0894937140909398,0.0921426926317759,0.0871195323735416,0.0946279605009982,0.0858048331111047,0.092347315734391
935,0.1127902982514673,0.082090111730975,0.0886263423550292,0.1036088869741243,0.0869838287845407,0.0894453932334792,0.0920997576102162,0.0870815966831655,0.0945808433150186,0.0857895972616944,0.09230966561997103
936,0.1127268938248983,0.082064267192522,0.0885757332261953,0.1035587472318292,0.0869453931877806,0.0893910329564722,0.0920501609386938,0.0870364030754888,0.0945257488176562,0.0857447500750117,0.09226191305265481
937,0.1126685103282868,0.0820507030585693,0.0885267877455415,0.1035077761636091,0.0869174053321006,0.0893401043339572,0.0919973028017834,0.0869901672891073,0.0944718739690633,0.0857036846129473,0.09221743156349657
938,0.1126139369010961,0.0820463998512697,0.0884786687209413,0.1034677851008962,0.0868814884175385,0.0892841681386232,0.0919564877045056,0.0869480214553919,0.0944214596838284,0.0856406995416877,0.09217391155157786
939,0.1125453291113783,0.0820213319885157,0.0884402728888025,0.1034214448966827,0.0868550506842933,0.0892536582940208,0.0919042539526519,0.0869061271424091,0.0943791326923856,0.0856041531759449,0.09213307548270848
940,0.1124762792392537,0.0819915837559943,0.0883978648112847,0.1033748278013091,0.0868176237245357,0.089209567801591,0.0918327812399184,0.0868620189963581,0.0943295091840362,0.0855535404567078,0.0920845597010989
941,0.1124235693340327,0.081967934133504,0.0883522837416005,0.1033257277322479,0.0867712408838545,0.0891684183834716,0.0917810021729843,0.0868199593702387,0.0942950159640373,0.0855100195079609,0.09204151712239324
942,0.1123615287811698,0.0819320899395056,0.0882979017941967,0.1032525320855241,0.0867340065634408,0.0891320785882742,0.0917077506430192,0.086780009475556,0.0942331149679802,0.0854668448012321,0.09198978576398989
943,0.1122969802157202,0.0818825276229951,0.0882455560847455,0.1032001951568663,0.0866980771017698,0.0890818947264217,0.0916528467742981,0.0867359898367841,0.0941898946070064,0.0854186823787614,0.09194026445053685
944,0.1122421781778579,0.0818674054253685,0.0881912312296047,0.1031467545210304,0.0866647077365029,0.089043146352986,0.0916017277358517,0.0866932023180734,0.0941376108271426,0.0853868021768312,0.09189747665012493
945,0.1121649714858479,0.0818335525988615,0.0881416955351137,0.1030923254311046,0.0866172906821762,0.089008616708293,0.0915615924010803,0.0866445955473784,0.0941045113676943,0.0853512806613605,0.09185204324189103
946,0.1121015530906856,0.0818117565135084,0.088082587315597,0.103044449439204,0.0865900773976918,0.0889705664720874,0.0915068345805308,0.0866039478964241,0.0940551147255513,0.0853033237940626,0.09180702112253429
947,0.1120348096309209,0.0817605743077138,0.0880316003673979,0.102979442269514,0.08656193185513,0.0889244268275545,0.0914662168642698,0.0865707851809149,0.0940051185637692,0.0852569271904272,0.09175918330576122
948,0.1119724797819711,0.0817462192688874,0.0879738300155094,0.1029283318924098,0.0865249616442692,0.0888696067860688,0.0914228937892586,0.0865474105005168,0.0939643435921394,0.0852193208834879,0.09171693981545184
949,0.111916884577118,0.08171530363148,0.0879053402720309,0.1028692281491574,0.0864833260380275,0.0888174111426506,0.0913968678977926,0.0864959167221618,0.093934737471494,0.0851793173332669,0.09167143332351797
950,0.1118439558125553,0.0816863905857474,0.087855097488641,0.1028144394326143,0.0864387307834843,0.0887724887402849,0.0913515848448976,0.0864399103046427,0.0938871459226881,0.0851445329628545,0.09162342768784101
951,0.1117891631396193,0.0816499286441124,0.0878008460764191,0.1027536390474897,0.0863997350423376,0.0887186276077052,0.0913041300949144,0.0863968337371262,0.0938395012104159,0.0851051457915031,0.09157575503916429
952,0.111725067956692,0.0816185754386657,0.0877415951447062,0.1026979192320001,0.0863731642055835,0.0886738074846127,0.0912697747521393,0.086360479634005,0.0937879756810301,0.085073266509591,0.09153216260390257
953,0.1116564658000991,0.0815702708176144,0.0876917190315833,0.1026426110886414,0.0863281208780212,0.088632327553004,0.0912189313558825,0.0863344331638258,0.0937241984390679,0.0850278962652511,0.09148269743929907
954,0.1116117138494154,0.0815337733572499,0.0876504095079745,0.1025842673881435,0.0862819506344467,0.0885877827353876,0.0911670127992827,0.0862892565528494,0.0936781122725484,0.0849794582284846,0.09143637373257828
955,0.1115457256963289,0.0814813442276761,0.0876143801337562,0.10254208893485,0.086247648202923,0.088544706919547,0.0911179674399265,0.0862386827492204,0.0936127246640505,0.0849324131307084,0.0913877682098987
956,0.1114685330721026,0.0814577461518402,0.0875668314914101,0.1024921152011576,0.086218858588688,0.0885085562646887,0.091079648247169,0.0861829860002816,0.0935420394449532,0.0849035921700551,0.0913420906632346
957,0.1114027163416609,0.0814223175521556,0.0875238417982612,0.1024423738497927,0.0861817035888668,0.0884778199521636,0.0910298207001683,0.08612824869776,0.0935012833550386,0.0848515155526141,0.09129616413884817
958,0.1113313370659628,0.0813979855150979,0.0874881923763086,0.1023961221881741,0.0861491933295462,0.0884291971394968,0.090988698352564,0.086074664014603,0.0934535267759277,0.0848127230562977,0.09125216398139788
959,0.111254575104848,0.0813774172358731,0.0874384356455149,0.1023511304532426,0.0861245073537782,0.0883878066543694,0.0909333631090181,0.0860197118221172,0.0934077602885822,0.08476628725581,0.09120609949231537
960,0.1112054142104763,0.0813372686948938,0.0873779377076994,0.1023168101084405,0.0860975141988406,0.0883477570803601,0.0908746026020423,0.0859406105359386,0.0933578756349358,0.0847428814410459,0.09115986722146732
961,0.1111363385553519,0.0813065392905385,0.0873146917601725,0.1022629426238114,0.0860755015677655,0.0883042130933293,0.0908072408998667,0.0858951811373211,0.0933116089081981,0.0847099525533434,0.09111242103896984
962,0.1110810354078964,0.0812869516850314,0.0872497552450954,0.1022167404127103,0.0860550303392703,0.0882754713121373,0.0907434737991029,0.085844097076477,0.0932693333620731,0.0846825284003656,0.09107044170401597
963,0.1110290919348821,0.0812553909818743,0.0871802982975626,0.1021810528271912,0.0860099821621811,0.0882439413262447,0.0906875045841486,0.0858012850848599,0.0932256779597153,0.0846409134456514,0.09102551386043112
964,0.1109722569391738,0.0812383823649167,0.0871230642983826,0.1021126524759195,0.0859826364178761,0.0882045444779454,0.090647109901093,0.0857688868547032,0.0931938656816197,0.0845968018015257,0.09098402012131558
965,0.1109324186784262,0.0812102981978684,0.0870610170985369,0.102061011810086,0.0859583586893497,0.0881590247374596,0.0906124617369526,0.0857251069929101,0.0931684020939708,0.0845535714285714,0.09094416714641315
966,0.110866763886206,0.0811721605251212,0.0870062999501708,0.1020043994872409,0.0859334339898721,0.088113851238193,0.0905649595906265,0.0856883911033371,0.0931184731612187,0.0845075955128423,0.09089763284448285
967,0.1108248345384741,0.0811511010024993,0.0869547597419213,0.1019535693557747,0.0859202738055042,0.0880855198355483,0.0905102601941607,0.0856371082580312,0.0930561683550159,0.0844603361042415,0.09085539311911713
968,0.1107723584592373,0.0811225487992851,0.0869190595361804,0.1019102566309075,0.0858990378378861,0.0880489955716208,0.0904639561437,0.0855919935116286,0.092996144218022,0.084406808544021,0.09081311592524888
969,0.110708341053602,0.0810956120234693,0.0868793252462325,0.1018562755325935,0.0858680180727628,0.0879957564012288,0.0904174529532294,0.085552702266922,0.0929433799003904,0.0843770167785527,0.09076938802289834
970,0.1106554763267612,0.0810514560272388,0.0868207323422224,0.1018014276250323,0.0858470763613966,0.0879537059596619,0.0903791762577064,0.0855031088283,0.0928906240264329,0.0843338232800044,0.09072366070347568
971,0.1106002380823548,0.0810059816860273,0.0867796495909676,0.1017351231503524,0.0858178155918082,0.0879025155193716,0.0903308982562575,0.0854485904286798,0.0928397900927102,0.0842783882211078,0.09067389906196373
972,0.1105482859729484,0.0809631626881831,0.0867312737652561,0.1016741511633883,0.0857943723791982,0.0878529793004692,0.0902935444426913,0.0854046069138739,0.0927963095527802,0.0842382428438286,0.09062969290226172
973,0.1104864034854874,0.0809408596024702,0.0866844769133604,0.1016260521800224,0.0857758727300388,0.0878169059019644,0.0902570329457781,0.0853686496057274,0.0927271590086445,0.0841954956563648,0.09058789080298583
974,0.1104344926514998,0.080910430826098,0.086653260850596,0.1015707743453401,0.0857464631140948,0.0877781244937577,0.0902100741869755,0.085336602949208,0.0926745566849516,0.084149876443584,0.09054646565461055
975,0.1103837666435939,0.0808774107730828,0.0866079128319421,0.1015217363952058,0.0857156350814148,0.087741370132408,0.0901856034681482,0.0852931988174285,0.0926214604196376,0.0841157786397857,0.09050638732026475
976,0.1103368989424238,0.080825558642137,0.0865730650119756,0.1014705671122985,0.0856705378029941,0.0877101146143952,0.0901519392243102,0.0852543887642056,0.092580000247583,0.084078831872108,0.0904651902234431
977,0.1102779437439031,0.0807901905930356,0.0865398309669048,0.1014099972829571,0.0856552371402325,0.0876760503730865,0.090108797499445,0.0852115379088161,0.0925373620782855,0.084033089618652,0.09042400372053182
978,0.1102279724734769,0.080746317117114,0.0864938940959899,0.1013611756022759,0.0856306177960807,0.0876230545574407,0.0900695292316652,0.0851679525191572,0.0925134948182368,0.0839831068091731,0.09038171150206104
979,0.1101731106106106,0.0807076635214568,0.0864516259199575,0.1013084909450259,0.0856050149203072,0.0875827452513257,0.0900295466372519,0.0851254530902252,0.0924837015773576,0.0839273947854721,0.09033947472589905
980,0.1101303846322099,0.0806628360754544,0.0864146660714362,0.1012618899727859,0.0855949327411671,0.0875575180147777,0.0899903234061609,0.0850730654411835,0.0924545556992572,0.0838721388015115,0.09030123108559443
981,0.1100748233195852,0.0806545385988111,0.0863697951662845,0.1012293706243761,0.085600807756865,0.0875237816228163,0.0899378022791481,0.0850280855521121,0.0924105109114158,0.0838308024893434,0.09026603183207575
982,0.1100167507992371,0.0806354193878179,0.0863206355851207,0.1011988857943687,0.0855846518750341,0.0874793818458458,0.0898955477690968,0.0849733746081763,0.0923779903381472,0.0837857143470203,0.0902268352349865
983,0.1099620204058571,0.0806210375376794,0.0862633798010254,0.1011779836994817,0.0855775476470867,0.0874273916747596,0.0898415916906599,0.0849354126452783,0.0923624489251463,0.0837401555901159,0.09019089696170904
984,0.1099025721243577,0.0805916906114093,0.0862337769937532,0.1011363001325894,0.0855486063059348,0.0873849956311384,0.0897976914407441,0.0848888752530079,0.0923324777626123,0.0836980449049258,0.09015150311604729
985,0.1098406822816467,0.0805481863510067,0.0861923760623045,0.1010853175185174,0.0855146613219693,0.087332020062005,0.0897485534422243,0.0848549198195669,0.0922957890284792,0.083663943990665,0.0901076449878385
986,0.109773473990013,0.0805224186261938,0.0861471345532831,0.1010314259686433,0.0855011353147823,0.0872785917016166,0.0896911073881781,0.0848246260065074,0.0922570533875065,0.0836157575819723,0.09006427245186963
987,0.1097137222179408,0.0804987069441759,0.0861171449535791,0.1009883637395677,0.085480009675918,0.0872236048150297,0.0896420525932947,0.0847991933274639,0.0922152594412571,0.0835595637856008,0.09002376214938276
988,0.1096488233649391,0.0804751409798747,0.0860636636022509,0.1009457558285817,0.0854572703338998,0.087176754945645,0.08961599436322,0.0847492349950606,0.0921696542189684,0.0835137929299776,0.0899816085562418
989,0.1095688798778202,0.0804483077614801,0.0860177939486327,0.100932713241411,0.0854231211911309,0.0871357642562045,0.089571652035902,0.0847156109670808,0.0921306327277545,0.0834595841087467,0.08994040601161632
990,0.1094972649035388,0.0804197061136551,0.0859729687554927,0.100876972908368,0.0854012357274095,0.0870835924325349,0.0895158001859569,0.0846708949668259,0.0920974312973277,0.0834083522773679,0.08989442195684774
991,0.1094398321220475,0.0804037453930359,0.0859243734904674,0.1008315333628864,0.0853808481503493,0.0870274724224623,0.089462674107178,0.0846287766698832,0.0920658528437404,0.0833760846470913,0.08985411932091417
992,0.1093696197580631,0.0803924648601403,0.0858614302702609,0.1007869063580551,0.0853671352448439,0.0869925093242945,0.0894127179267734,0.0845755204785686,0.0920241007516222,0.0833354061839146,0.08981178111565366
993,0.1092948844297868,0.0803717429713364,0.0858147338501336,0.1007450156796711,0.0853522834850025,0.0869427076516066,0.0893654367486368,0.0845441971927422,0.0919745489710298,0.0832886063411271,0.08976941573210728
994,0.1092410663666449,0.0803444900525964,0.085762363534392,0.1007007007976172,0.0853532539663206,0.0869040027985906,0.0893113489015075,0.0845195477613778,0.0919289653497971,0.0832359334404651,0.08973016729693092
995,0.1091791489017974,0.0803221775656781,0.0857195402200838,0.1006421007652701,0.0853282758932357,0.0868678304584527,0.0892722872570081,0.0844870710895779,0.0918687673613065,0.0832029449819292,0.08968901444943396
996,0.1091078898947394,0.0802987987179257,0.0856669034562764,0.1005997474082114,0.0853154916469375,0.0868317824032072,0.089225197917285,0.0844480123393807,0.091823383848653,0.083152103165949,0.08964693107985652
997,0.1090486688644195,0.0802695218322206,0.0856121678018233,0.1005402492466015,0.085296295461168,0.0867963142613504,0.0891682945547144,0.0843936439735519,0.0917810464012778,0.0830952284454261,0.08960014308425535
998,0.1089843899724081,0.0802409097385086,0.0855445460826966,0.1004984396238271,0.0852948981298023,0.0867704530758287,0.0891175220245992,0.0843699886525088,0.0917444787980144,0.0830531620586697,0.08956187881568634
999,0.1089264472952702,0.0802274391059756,0.0854901885876218,0.1004476558820491,0.0852969418708809,0.0867270584344504,0.0890709942184057,0.0843335192794361,0.0917174008854266,0.0830066054149236,0.08952442509744399
1000,0.1088735847063148,0.0802098659068252,0.0854648642322692,0.100391734889651,0.0852946521512088,0.086694037728447,0.0890312309305127,0.084301946879802,0.0916828897613577,0.0829529639891062,0.08948977711754948
