Timestep,mc_1,mc_2,mc_3,mc_4,mc_5,mc_6,mc_7,mc_8,mc_9,mc_10,mean
0,0.0,0.0,0.0,0.0,0.0,0.0,0.0,0.0,0.0,0.0,0.0
1,0.3373425692695214,0.3446717171717172,0.3760863509749304,0.3607712765957447,0.3405696202531645,0.3783698630136986,0.349579207920792,0.3816850828729282,0.3658900523560209,0.3356730769230769,0.3570638817351595
2,0.3566323907455013,0.3425702075702075,0.3738755020080321,0.3721466666666667,0.3585012594458437,0.3870694259012016,0.360683192261185,0.3807142857142856,0.3687371134020618,0.3429740871613663,0.3643904130876352
3,0.3537316652286453,0.3466970198675497,0.3652548330404218,0.3814521894548704,0.3646050420168067,0.3718126094570928,0.3622276422764227,0.3807286892758937,0.3668562874251497,0.3464868105515588,0.36398527885944115
4,0.354934768427919,0.3559612983770288,0.357598167539267,0.38140215198386,0.3612355212355213,0.3571758957654722,0.355049720323182,0.3863004791238877,0.3634393063583815,0.3383770883054892,0.3611474397440008
5,0.3535391487125591,0.3552172814552804,0.3594165358451073,0.3782696506550219,0.3610606060606061,0.3542998955067921,0.3506101265822785,0.3813007030827474,0.3528126608337622,0.3341385948026949,0.35806652035368497
6,0.3530522875816993,0.3603410059676044,0.3622655909289141,0.3771314468279324,0.3610884955752212,0.3569192357794182,0.3452601279317697,0.3860130571814498,0.354866090712743,0.3338317944600563,0.35907691329468083
7,0.355180247840781,0.3625551401869158,0.3627910003718854,0.3803955696202531,0.3581404320987654,0.3575560538116592,0.3437722551928783,0.3900270688321732,0.3567044188637207,0.338002421307506,0.36051246081265387
8,0.355079365079365,0.3668266048974189,0.3625147540983606,0.3819653482674133,0.3601217838765008,0.3617092337917485,0.3414105090311987,0.3915808200609962,0.3574737532808399,0.3414198659354052,0.3620102038319247
9,0.3572880853586248,0.366435790725327,0.3640720747009045,0.3826364783843483,0.362177743431221,0.3676452554744525,0.3371390845070422,0.3956632344033919,0.3609530102790015,0.3431383989145183,0.36371491561788327
10,0.3575950903695711,0.368141545110751,0.3634399788471708,0.3865249856404365,0.3636243985281631,0.3728045550847457,0.336191297426373,0.3952031292890475,0.3597025873566284,0.3466257969592938,0.36498533646121806
11,0.3611686390532544,0.3695242236024845,0.3652971732302488,0.3885090957026101,0.3664360041623309,0.3795130813953488,0.334528923602636,0.3967235323632714,0.3623572474377745,0.351127374301676,0.36751852948516356
12,0.3636292339167993,0.3710386473429951,0.3637360428762841,0.3918479844584749,0.371000481579581,0.383007662835249,0.3370281306715063,0.3975738007380074,0.3578193635141193,0.358204363037662,0.3694885710970678
13,0.3673123946037099,0.3708673250322027,0.3609194686591946,0.3957007233273056,0.3735698223521475,0.384745531019979,0.3380584264923011,0.4003207466208968,0.3558559024188547,0.3671895861148197,0.37145399266414114
14,0.3721310507674144,0.3695977933801404,0.3591635975964334,0.3999566687803847,0.37413905887318,0.3868140454995054,0.338306324110672,0.4033630178106864,0.355476557978005,0.3753727369542066,0.3734320851750628
15,0.3767606805992232,0.3693568464730291,0.3548550199347589,0.4043175957151358,0.378259052924791,0.387474804031355,0.339921553978334,0.4067577464788732,0.3583628798842257,0.3809936698317508,0.3757059849851477
16,0.3819158225637443,0.3704276082327892,0.3549931868506216,0.4055009345794392,0.3821709159584514,0.3908151885289432,0.3430886524822695,0.4095104647037956,0.3613385558583106,0.3861718380847377,0.3785933167843102
17,0.3861293260473588,0.3692227066912628,0.3584088353413655,0.4087319223985891,0.3850718003949021,0.3931727854496463,0.3450892406128977,0.4132594086021505,0.3641469117884212,0.3895761954416803,0.38128091327682745
18,0.3901662202615409,0.370805533596838,0.3603255247946456,0.4101366666666666,0.3894459667751327,0.3947365461847389,0.3489302288366139,0.4169502471695104,0.3684142593730793,0.3935286642191471,0.38434398578779133
19,0.3937956698240866,0.3734555405608037,0.363209127671866,0.4123893105629349,0.3940683942922749,0.3986044192112936,0.3519285932255112,0.4201581027667984,0.3707425887877898,0.3995810955961332,0.3877932842499493
20,0.39760663507109,0.3796855435401252,0.3668654349924169,0.4125723496776128,0.3980927183699257,0.4011442420681551,0.3562998694327578,0.4225235746409401,0.3760001398797034,0.4049680143295803,0.3915758522002307
21,0.4033188645445776,0.3838700718059883,0.3693783855198837,0.4162216355073498,0.3998943608451132,0.403895930150683,0.3597107666758926,0.4258426183844011,0.37699411921946,0.4095991922653286,0.39487259449186773
22,0.4085079365079365,0.3905574280528908,0.3710531333418075,0.4191250341250341,0.404800878477306,0.4049688726485316,0.364144257517552,0.4287602252916722,0.3814849336057201,0.4152867889045604,0.3988689488473011
23,0.4136354378818737,0.3956527674360883,0.3723295037888047,0.4224474474474474,0.4079630152456239,0.4057258797558759,0.3684969558599695,0.429453933747412,0.3861753868828297,0.4170597819979773,0.40189401100439026
24,0.418673294059892,0.4018919885550787,0.3742661090823418,0.4244258612081877,0.4118538868538868,0.4075412912912912,0.3720517976843387,0.4296384039900249,0.3902269503546099,0.4195605521406233,0.4050130135220275
25,0.4211823765650838,0.4080189974822614,0.3751784293669735,0.4242759856630824,0.4151766091051805,0.4101117014853278,0.3761874340640018,0.4284827958278384,0.3948144142092679,0.4237453261321146,0.4077174069901132
26,0.4245989518058561,0.4127798569069895,0.3783596924766612,0.4260841851383944,0.419198915920837,0.4131824545030331,0.377910076818798,0.4293874941887494,0.3988539486727613,0.4257894211576846,0.4106144997589764
27,0.4275580371878094,0.4180318754633061,0.3815809331491125,0.4283925027563395,0.4238709481607381,0.4163096309630962,0.3803315909833387,0.4316107420335547,0.4018569602726595,0.4285649923312883,0.4138108213301243
28,0.4305371197617528,0.4238571719849118,0.3850247295208656,0.4332158074137197,0.427324001405646,0.4207588945707758,0.3838481012658228,0.4338340611353712,0.405607717705324,0.4307699049727834,0.4174777509736973
29,0.4334919819078947,0.4301968967887656,0.3885028417588991,0.4379549197200494,0.4308182230281051,0.423259356879283,0.3883496631965707,0.4369828043732088,0.4107858428314337,0.4349662612092693,0.421530879169348
30,0.4363856858846918,0.4362659665058189,0.3919410970789549,0.4429375497215592,0.4352150065818341,0.426772113022113,0.3940034602076124,0.4398059054305182,0.4146027583527584,0.4394750341997264,0.42574045769855867
31,0.4412422779922779,0.4417174945215485,0.3944417000652437,0.4472633349351273,0.4401003291219874,0.4286540368974409,0.4004247178113641,0.4431337075273128,0.4203984721305291,0.4433520290333223,0.4300728100036154
32,0.4453405803863021,0.4468284404478532,0.3955367129713151,0.4505544223994066,0.4441387265456782,0.4306818181818182,0.4047119837006853,0.4454850491867146,0.4247083371549114,0.4474434713375796,0.4335429542312264
33,0.4502733031674208,0.4526234831652709,0.3980779334500875,0.4545171116287403,0.4495785763923359,0.4351063333644249,0.4094641418211119,0.4477124893637137,0.4283312599964457,0.4534895752895753,0.4379174207639127
34,0.4552203687445127,0.458375496031746,0.4019986369057761,0.457944891426594,0.4553806861989206,0.4391061401919942,0.4135753875465489,0.452142988421246,0.4315278496292464,0.4585617053103963,0.44238341504069806
35,0.4592271912605616,0.4643009118541033,0.4034930147970572,0.4620315383324945,0.4602633055841362,0.4435193982581156,0.416808822298485,0.4560799001248439,0.4347302038088874,0.4630172726612961,0.44634715589799806
36,0.462014788966434,0.469321083172147,0.4061037811745776,0.4653458049886621,0.4649954632066055,0.4481817013621177,0.4198156217219398,0.4589398404993065,0.4389397375668233,0.4679018422162846,0.4501559664874898
37,0.4641322280630813,0.4747142857142857,0.4091229514624009,0.4680430014882117,0.4692088105726872,0.4522755340453938,0.4226247861918831,0.4606747638326585,0.4432365439093484,0.4733487179487179,0.45373816232286684
38,0.4664519427402863,0.4798160802558883,0.412675997254214,0.4708897470846584,0.473810399384247,0.4562856562373019,0.4245562908926825,0.4642642716535433,0.4461005372217959,0.477961704961705,0.45728126276863224
39,0.4690833905023248,0.4838879486637049,0.4174386069355559,0.4736361971727825,0.4786461883780862,0.4598010756940599,0.4288798689479432,0.4665941682600383,0.4490834519439658,0.4825452246644622,0.4609596121162924
40,0.4719262112905615,0.4874630743982495,0.4214340579710145,0.4767090625664281,0.4829340712612103,0.4630464901477832,0.4325884267119411,0.469166020170675,0.4515014577259475,0.4872360523156631,0.4644004924559474
41,0.4737785215576189,0.4909682244233198,0.424595852729581,0.4791130416866974,0.487814884745496,0.4642452971595593,0.4369692583402261,0.4720062778912336,0.4544945617402431,0.4917389156477708,0.46757248359217457
42,0.4754470834788683,0.4948915429309232,0.427700288580459,0.4817828168639447,0.4918036424854607,0.4666106452788917,0.4409013867488444,0.4756628327066283,0.4586169029747011,0.4967940519997587,0.47102111940484803
43,0.4764039375424304,0.4980940888861029,0.4313925747218872,0.4839889456332019,0.4961251024513822,0.4706527619589977,0.4450294002352019,0.4792920927552931,0.4623658503493657,0.5017695752076827,0.4745114329741546
44,0.4784332299161661,0.5007126345884786,0.4352662490211433,0.4855905585856686,0.5007755991285403,0.4729777777777777,0.4486542252177783,0.4818342343607386,0.4652142762372296,0.5061095125740922,0.4775568297407613
45,0.4798358285677568,0.5031374749025629,0.4373986293546544,0.4872634497045026,0.5055860234125577,0.4751586333129957,0.4510750325017024,0.4853731650432158,0.4678019448946515,0.5109904279279279,0.4803620609622527
46,0.4812277246295254,0.5060599025508742,0.4395453983940704,0.4898884670147129,0.5097416897506926,0.4779565793834935,0.4540745656370656,0.4885691318327974,0.4712112944162437,0.515048428815145,0.48333231824246214
47,0.4832571097984288,0.5078390184185633,0.4432768174426308,0.491568774521117,0.5138500776974528,0.4811144968879668,0.4567928684720672,0.4918896890343698,0.474227143034363,0.5186795395869191,0.48624955348938786
48,0.4850337937985415,0.5093668901384083,0.4464341130833431,0.4928145881295974,0.5174742811922975,0.4843054850177755,0.4592622010666972,0.4952623664170986,0.4766103186646434,0.5221877958968963,0.4888751833405299
49,0.4865478803280582,0.5104022928060581,0.4482008488185364,0.494330559964968,0.5207490974729242,0.4875258180913276,0.4622986896628961,0.4975709996246716,0.4795131430605827,0.52559686888454,0.49127361987145635
50,0.4883541666666666,0.5124832609251214,0.4514467118910131,0.4954459654563927,0.5244517696044414,0.4906540032928837,0.4645364383561643,0.499812030075188,0.4823770301624129,0.5283861206374824,0.49379474970677667
51,0.4902965683587326,0.5142174518680662,0.4553168859649122,0.4971900438321853,0.5277986664197073,0.4943373205741626,0.4661869849084876,0.5025098625224148,0.4857443127021048,0.5308086020443435,0.49644066991951175
52,0.4921305510968433,0.5151689172837713,0.4581228897582936,0.4992847675367047,0.5308339873226683,0.4973215019067175,0.4676179516685845,0.5050269037314306,0.4894511077794437,0.5325674108437228,0.4987525988928181
53,0.4947085096379877,0.5162436919303872,0.4614120418848167,0.5010179416895091,0.5335148690110928,0.4993046053009831,0.4695186851387966,0.5076831082627603,0.492564360746748,0.5352858090814295,0.5011253622684511
54,0.4966120148911214,0.5176362758176549,0.4645631913150348,0.5030101542667448,0.53587856936833,0.5019025450031037,0.4713845308284201,0.5099683420182664,0.4952879427319835,0.53724688835222,0.5033490454592879
55,0.4987222388208346,0.5190753209444295,0.4675882470918571,0.5042654368189639,0.5387342948898529,0.5046691562932226,0.4739633758740404,0.5121360421121895,0.4980004717722912,0.5389512639489865,0.5056105848566668
56,0.500806420233463,0.5207592608809878,0.4702268041237114,0.5058670817922187,0.5416754850088183,0.5074029323920717,0.4758141093136785,0.5140697799248524,0.4996800966133922,0.5414620261642185,0.5077763996447413
57,0.5024286257184931,0.5223460404290782,0.4732160211691124,0.508079994492634,0.544662158521472,0.5098974809607498,0.4778645076627454,0.5164339841077724,0.5017396127470755,0.5431918479926449,0.5099860273801777
58,0.5039876531748979,0.5240007099010314,0.4753679969844037,0.5101190529774496,0.5472375414408251,0.5123171624235454,0.4799081979252731,0.5185897964442154,0.5041689380048565,0.5447330357526075,0.5120430085029106
59,0.5053064786689032,0.5247664370439815,0.4779632366525032,0.5123307142226539,0.5494376414900185,0.5147116617926223,0.4823846983727411,0.5209870713600323,0.5063494034575116,0.5464129885444744,0.5140650331605443
60,0.50674348519766,0.5257424520035051,0.4805899296892719,0.5143572541551247,0.5515883122766396,0.5166484457655297,0.4844012055083814,0.5224877457048076,0.5089656492201704,0.5480850975851803,0.5159609577106271
61,0.5079217964279521,0.5267902484617182,0.4830088239226346,0.515997708368698,0.553520159503766,0.5190891309730131,0.4860766847405112,0.5244044725328147,0.5111245772266065,0.5500391433091307,0.5177972745466846
62,0.5096554871577159,0.5275916469781267,0.4858085180812453,0.518161599333611,0.5552639310311612,0.5213985588392813,0.4873052985702271,0.526833357180331,0.5125319345169472,0.5525591397849463,0.5197109471473593
63,0.5107631906938097,0.5283892554896916,0.4882854624414154,0.5190915955753296,0.5576632691581729,0.5226771107390576,0.4887245863857107,0.5294497518029408,0.5148374535905098,0.5551162472112412,0.5214997923087881
64,0.5114013995687375,0.5287217442030042,0.4901501837691689,0.5199244882425991,0.559520902700703,0.5244240542066629,0.4902820760799484,0.5320355203828103,0.515947873616851,0.5576036209553159,0.5230011863725801
65,0.5119071138373298,0.5294290756122776,0.4923292622133599,0.5208865805286101,0.5610972071091767,0.5254755968047283,0.4917128423711421,0.5340661425860667,0.5174587516368399,0.5597278305996439,0.5244090403299174
66,0.5124677960808807,0.5303795414092766,0.4948967768257853,0.5217457195742712,0.5628431198365462,0.5265614512471655,0.4929681937780529,0.5360378196022727,0.5183316184351554,0.5613956477996795,0.5257627684589086
67,0.5130601469237832,0.5306060088767497,0.4972547525467233,0.5232749479265291,0.5650723974006716,0.5268991282689912,0.4933078962317743,0.5375897681715182,0.5189768567220703,0.562985211216048,0.5269027114284859
68,0.5143393641379828,0.5311760674044602,0.4998425491664368,0.5246074057550747,0.5664029837985722,0.5275789152424136,0.4935859522837742,0.5394014039292899,0.5195464300453982,0.5643748424502143,0.5280855914213618
69,0.5152562969509501,0.5318467583497053,0.5016671833223544,0.5255356816603939,0.56814928939756,0.5288329343365253,0.4939319893744769,0.5407681135014524,0.520285876255264,0.5648633821759751,0.5291137505324659
70,0.5155567188966712,0.532566821755174,0.5042494851651285,0.5264906208529105,0.5698853579220351,0.5299635617356341,0.4943648132957666,0.5416150662251655,0.5206673421544086,0.5658063111699349,0.5301166099172828
71,0.5155621437927006,0.5333610428868316,0.5062547813695343,0.5276906540738652,0.5710622954793358,0.5307968929804372,0.4940990645071209,0.5424897219847763,0.5215732792258467,0.5666087194579427,0.5309498595758391
72,0.515915502744771,0.534106178023403,0.5082157094345194,0.5292793806934294,0.5726837593268772,0.5314371064104634,0.4943744017503076,0.5435469400833066,0.5228142977678913,0.5674235183253121,0.5319796794560281
73,0.5163731241473397,0.5342260408781226,0.5101976334797285,0.5307658117911516,0.5744774578186493,0.5317804471931494,0.494622452053419,0.5445503363625634,0.5243767908309456,0.567975622681505,0.5329345717236574
74,0.5171348389907181,0.5344025904580834,0.5120814269373749,0.5324083145992015,0.5762308458473797,0.5329754529514904,0.4949478551751279,0.5450715501237624,0.5257101052007704,0.5689092450123875,0.5339872225296296
75,0.5175329867394952,0.5344010963377653,0.5137451574276255,0.5340329619466393,0.5769022884673292,0.5337467452902436,0.4952619904847627,0.5455339363076689,0.5270133372203192,0.5697021099211185,0.5347872610142967
76,0.5185193327298591,0.5341001372526593,0.5151542728375802,0.5356695555845171,0.5782533777531002,0.5342759022994994,0.4959115865202574,0.5465531039640987,0.5283314218128382,0.5701350669818754,0.5356903757736287
77,0.5193679074350742,0.5327885800739661,0.5167350771752492,0.536476525143609,0.579840106232037,0.5343496265621535,0.495560111403373,0.5470461815641431,0.5290728476821193,0.5706240890625485,0.5361861052334274
78,0.5203725747492736,0.5319063917525773,0.5185604913343429,0.5374654545454546,0.5809799048879036,0.5341333551174527,0.4948223288586527,0.5476462183962094,0.5296025538983286,0.571366549671906,0.53668558232121
79,0.520764611935256,0.5314622526923803,0.5200245309288603,0.5380723960765997,0.5821025704138683,0.5342363066177257,0.4948039566201883,0.547931175529077,0.5300620558332484,0.5720184823441022,0.5371478338991306
80,0.5217208754005199,0.5308943326271186,0.5214362935624,0.5385491695066164,0.5830368076936382,0.534101905261318,0.4943129547911979,0.5483512964971831,0.5308413758557355,0.572556863557041,0.5375801874752769
81,0.5223228135865204,0.5301945080091532,0.5228994787309351,0.5391113095057954,0.5843992307430477,0.5333309347587719,0.4943201766966898,0.5489001033413711,0.5316307914424465,0.5736364961800898,0.5380745842994821
82,0.5231318713450293,0.529959906021758,0.5234951517840167,0.5396324516148272,0.5855418983187086,0.5322165883143049,0.4944377464788732,0.5500033948940792,0.5322642269869418,0.5746259344450834,0.5385309170203622
83,0.5232176225384505,0.5297163040477804,0.5241471102234427,0.5403470179978825,0.58668952330718,0.531667215815486,0.494457336467985,0.5508219636169074,0.5328560562844648,0.5753866636451193,0.5389306813944699
84,0.5236920726531998,0.5299807587942178,0.5249296164248832,0.5408461092595276,0.5877788414733085,0.5313547865459249,0.4945701056404964,0.5519532254342882,0.5335623540401682,0.5761471245114461,0.5394814994777459
85,0.5241843329526145,0.5301699046787456,0.52574623252436,0.5415343053173242,0.5888047643377188,0.5309654920402911,0.4946296197464976,0.5526517218973359,0.5332268028625604,0.577055948677001,0.539896912503445
86,0.5248436428473461,0.5298229487087774,0.5268499522900764,0.542253807106599,0.5896372487437186,0.5305147448899984,0.4951478258590412,0.553478998591369,0.5328886018145768,0.5781662140141228,0.5403603984865626
87,0.5255443537488513,0.5297171714801867,0.5277321890430284,0.542736290030884,0.5904773310257441,0.5305284303502423,0.4951549248575774,0.5542425437904371,0.5325238404534853,0.5790938823655568,0.5407750957145995
88,0.5254451662717324,0.5297975984297425,0.5289911912143954,0.542519534998492,0.5911930816463007,0.5298580641272903,0.495640073035275,0.5548926504449561,0.5324908679770395,0.5798048786940763,0.54106331068393
89,0.5258990474191093,0.5299022549554464,0.529883614657413,0.5426137438836474,0.5914209896845567,0.5296770370370371,0.4957817605827035,0.5554839403058405,0.5330343098142027,0.5801124739039666,0.5413809172243923
90,0.5257724323346173,0.5300586470877916,0.530413616398243,0.542488002559454,0.5917503088780373,0.5286330045678043,0.4961110293034899,0.5561422596678386,0.5337416271965472,0.5810064383208859,0.5416117366314709
91,0.5259816513761468,0.5303168019767032,0.531049399866637,0.5424027306447794,0.5918679092382496,0.5283502102462885,0.4963066892055059,0.5568185081055214,0.5341367243469635,0.5818636317447414,0.5419094256751535
92,0.5263648122566872,0.5305582133692863,0.5319755896873286,0.541930148013503,0.5921411067418932,0.5282766328338065,0.4960086948258659,0.5573839182926469,0.5342498305544259,0.5828677134543995,0.5421756660029844
93,0.5263858910891089,0.5306286308388176,0.5326547822085059,0.5422082948836255,0.5921142953283607,0.5282438565419526,0.4961616267920204,0.5577922758781383,0.5346607366708452,0.5835770868402812,0.5424427477071656
94,0.5261875320114143,0.530644748800541,0.5329736082914841,0.5424887994532614,0.5920628328596264,0.528103166385089,0.49611246690457,0.5577763267414827,0.5349188166675425,0.584583587888859,0.5425851886003871
95,0.5260161751628332,0.5306744195740069,0.5333604743083005,0.5427293623825704,0.5924055258224891,0.5280477825772006,0.4957685684506276,0.5579775121785431,0.5353325661382502,0.5853950670914181,0.5427707453686239
96,0.5259544905356424,0.530743176586649,0.5336295776113191,0.5426193764798737,0.5924689129562776,0.5282784763313609,0.4953604226105563,0.5582940288915589,0.5357401651039543,0.5863511193762964,0.5429439746483489
97,0.5259987154034801,0.5307514948819296,0.5344543166760825,0.5426143083100134,0.59291127736361,0.528426586165617,0.4948613548613549,0.5586698461708111,0.5362140077821012,0.5871161044280704,0.543201801204307
98,0.525981254605748,0.5307870536963736,0.5350339644640458,0.5424310605515156,0.5930329866964031,0.5284941644222136,0.4946733918002333,0.5592967239454264,0.5366221969209445,0.5877702042525473,0.5434123001355451
99,0.5258779579415905,0.5308471098836063,0.535475427484165,0.542182185851801,0.5931317502872463,0.5285242524581047,0.4944097502871485,0.5598049888449856,0.5370896068718124,0.5883809096968443,0.5435723939607304
100,0.5261109119024675,0.530537521407442,0.5362219309526165,0.5416563287006809,0.5933084852294155,0.5286772361571226,0.4939742837381846,0.5600013266118333,0.5372129235504893,0.588069855026431,0.5435770803276684
101,0.5258454314440393,0.5302645629669464,0.5369320957498779,0.5411858443708609,0.5932932025366626,0.5283207334135147,0.4934766052300262,0.5604092219020173,0.5375601309360026,0.5883065709800404,0.5435594399529988
102,0.5258770361324931,0.5300731642594488,0.5369880418535127,0.5407196943934345,0.5933332926680494,0.5274652601561178,0.4929802024472539,0.5606926339747569,0.5374384766538786,0.5880547435556737,0.543362254609462
103,0.5258711363489708,0.529786016235831,0.5375879803800181,0.5404043352795115,0.593679304289254,0.5264960011425307,0.4923009895436881,0.5609931550583608,0.537799132481196,0.5878384203041243,0.5432756471063487
104,0.5256119808238937,0.52963222804815,0.5378620486886981,0.5402447073886841,0.5940889458446058,0.5260484211514099,0.4916898294377763,0.5610954446854663,0.5382149685878176,0.5873732146329869,0.5431861789289488
105,0.5254061774122669,0.5293386291586196,0.5381618534682886,0.5397712176318139,0.5944324747935528,0.5258173265839169,0.4910952733075172,0.561463669889365,0.5386703573112943,0.5870039284341774,0.5431160907990813
106,0.5250189823793999,0.5289128011506652,0.5384263633444939,0.5389626939442128,0.5948397214150638,0.5257186460753496,0.4908145382651592,0.5618125723575633,0.5390574569959212,0.5866627975687996,0.543022657349663
107,0.5244102078625379,0.5285629082646975,0.5387339221014493,0.5385039562164571,0.5952256442917908,0.5246917416373141,0.490680092408491,0.5621658430904798,0.5390483482826515,0.5864511185705649,0.5428473782726435
108,0.5238561841999517,0.5281750679407381,0.5394968201361519,0.5374792782987273,0.5953626652303687,0.5239562988820644,0.4903401830749112,0.5623085070531029,0.5388727500323737,0.586482840358652,0.5426330595207042
109,0.5232493458092141,0.5275192557334487,0.5400203729128836,0.5369243879764487,0.5955900462911693,0.5231429348417274,0.490108206754166,0.5623605063411616,0.5389191204670388,0.5868811275758749,0.5424715304703134
110,0.5226631912521273,0.5269313348706123,0.5406524119205588,0.5363888605632942,0.5957454922959239,0.5219434504039256,0.4899248031424467,0.5624903447626225,0.5391237872761327,0.5872290528692077,0.5423092729356852
111,0.5223742854935888,0.5265797375257245,0.5412134702454453,0.53583427260285,0.595815014561536,0.5213482208848063,0.4900050256667982,0.56257524226612,0.5389175750025952,0.5876862963996651,0.542234914064913
112,0.5218358339847101,0.5263489193647831,0.5415835887105416,0.5352786999304244,0.5957633197811788,0.5208721535323259,0.4899063856168629,0.5631404415326766,0.5392709166615388,0.5878485230902709,0.5421848782205314
113,0.5216446340131443,0.5258734220964105,0.5417687939655903,0.5350492842977479,0.5957968579349744,0.520059410207474,0.4898472035364213,0.5635120040203759,0.5394136002593614,0.5882583042384286,0.542122351456993
114,0.521308084378139,0.5256055433634073,0.5420924750110014,0.5345191543012318,0.5956856443854702,0.519371648827469,0.4897677046493573,0.5639101433545878,0.5393258,0.5887176765727519,0.5420303874843415
115,0.5207876460645255,0.5253080877037989,0.5424354561101549,0.5343631989571951,0.5956203438395415,0.5186878017636967,0.4894305219789573,0.5642482767881121,0.5392081662485432,0.5889631573923834,0.5419052656846909
116,0.5204413900791633,0.5250065068004,0.5428539046954809,0.5341388683677142,0.5955478455851161,0.5185096664960428,0.4893037974683544,0.5643750553832522,0.539203738390697,0.5891800971148942,0.5418560870381114
117,0.5201010889259637,0.5247929151893571,0.5433935311066921,0.5337182990510771,0.5957083832335329,0.5184044247615718,0.4888312669089943,0.5648467071646308,0.5393022314718465,0.5892131932238884,0.5418312041037554
118,0.519938490445634,0.5246528197733017,0.543804729689037,0.5334515639740293,0.5958498974601673,0.5181838565022422,0.4882166972597351,0.5654142140359261,0.5388029080389769,0.5893831763595655,0.5417698353538615
119,0.5199283461807989,0.5244825260576333,0.5444715196789383,0.533178327176974,0.5961354868877372,0.5176895873520179,0.4876674219129309,0.5656049791460636,0.5386825480389575,0.5894192178116303,0.5417259960243682
120,0.5197674559595364,0.5242713857155844,0.5449268839183931,0.5325748486764839,0.5963447465721768,0.5173400522583054,0.487164244720477,0.565714741680143,0.5383483121030935,0.5896000942233819,0.5416052765827575
121,0.5197700952511478,0.5241107915393373,0.5455008269286895,0.5316747607484644,0.5964979818749524,0.5170681525142752,0.486702386404915,0.565913055385847,0.5380330710394542,0.5898208842829993,0.5415092005970081
122,0.5195049379160808,0.5238255679630343,0.5458664767258307,0.5310859049502153,0.5966405750197569,0.5165770335624159,0.4860002027543397,0.5663052548136096,0.5377347885996084,0.5898843689544397,0.5413425111259331
123,0.5196133082971482,0.5232778103044496,0.5459834910600377,0.5303767195028279,0.5969534286830211,0.5163022479172651,0.4854271345173365,0.5666488350958361,0.5372763732722194,0.5899738284268953,0.5411833177077038
124,0.5196404751634204,0.5229880731820287,0.5466985506153759,0.5295363226842024,0.5970806294464769,0.5155844708385038,0.4850287688748173,0.5670230327080819,0.5365753061080047,0.5896799339532458,0.5409835563574158
125,0.5194778888943626,0.5229531334993844,0.547099955260607,0.5284971680087348,0.597141221790166,0.5150588400112076,0.4847143760063806,0.567118880835729,0.5362742697218821,0.5891795175958877,0.5407515251624341
126,0.5192649592095426,0.52255333154028,0.5475877273901333,0.5275689759848894,0.5972168921468226,0.514864600467492,0.4844218182899982,0.5674425736620565,0.5359199121092061,0.5887751161168484,0.5405615906917269
127,0.5193689054806423,0.5223320075067925,0.5481477320472772,0.5267201827214831,0.5971897926918089,0.5148634029441972,0.4841514375680527,0.5676680155518528,0.5352203833199405,0.5879865167404514,0.5403648376572499
128,0.5192311184745033,0.521898318699277,0.5487338326007127,0.5260676860212219,0.5969829978571679,0.5146280257793867,0.4840587892898719,0.5677637470542026,0.534939305820893,0.5873358758285314,0.5401639697425769
129,0.5190445257315842,0.5215653562081204,0.549326513061239,0.5255100312662845,0.5967227306670372,0.5142072997340381,0.4837677186317258,0.5680385408159296,0.5344952618120435,0.5866538639061057,0.5399331841834109
130,0.5191252693040247,0.5212768596721934,0.5498276412667435,0.5250455555197836,0.5962251416795467,0.5137031004547334,0.4835325096788886,0.5676237014236245,0.5340453133262824,0.5860800933252843,0.5396485185651104
131,0.5190896029661671,0.5208289853128563,0.5502148166370873,0.5243935631744818,0.5960270912951168,0.5130374015104456,0.4834396214191149,0.5672222645099905,0.5337208105237355,0.5854492966617678,0.5393423454010764
132,0.5188688664964296,0.5206715188864687,0.5506863564352988,0.5238633286096678,0.5960353637219309,0.5127170293252288,0.4833822689204442,0.5669276473136099,0.5333473185558844,0.5846761819518589,0.5391175880216822
133,0.5186002906756696,0.5203342362005943,0.5511422536425554,0.5234226839449255,0.596041784490502,0.5122604491329018,0.4832741214762509,0.5665301310369252,0.5328107322062067,0.584021407211683,0.5388438090018214
134,0.5183677980070428,0.5201870369647019,0.5513861470678644,0.5228648673629726,0.595822168087698,0.5114080523338496,0.4832320660705753,0.5660338533023564,0.5323990960523405,0.5832987889896759,0.5384999874239076
135,0.5182467185761958,0.5199370842143263,0.5517928040752086,0.5222485522706493,0.5953563285779429,0.5109897525618595,0.4831563196649328,0.5656846741687793,0.5315319796954315,0.5823709917509149,0.5381315205556241
136,0.5178761613996976,0.5197510664929624,0.5520397317686505,0.5218028534370948,0.5947374778547271,0.5102541430490988,0.4829827505515812,0.5653266145767545,0.5308616746758966,0.58186144495096,0.5377493918757423
137,0.5176357692866482,0.519613283423542,0.5521308808393373,0.5213787955692234,0.5941337453804002,0.5099852574972883,0.4829655272842807,0.5651745867399764,0.5301632228878836,0.5813696068594363,0.5374550675768017
138,0.5172976159664107,0.5192974316590906,0.5521861792227868,0.5209870822802584,0.5933970138910764,0.5098981041937533,0.4827291551990773,0.5652876274270773,0.5294939779063969,0.5810361676177856,0.5371610355363713
139,0.5169904599174142,0.5190144546649146,0.5522863519369237,0.5204773259215916,0.5928564639523831,0.50963715649169,0.4826407381452932,0.565063823462554,0.529318365393245,0.580647097418768,0.5368932237304777
140,0.5166712019739161,0.5188470133218737,0.552339960302732,0.5201811085202833,0.5923502204680706,0.5092328864423333,0.4824032297434448,0.5650661162746422,0.528857286610631,0.5801450045775376,0.5366094028235464
141,0.5160996496419648,0.5186814002140703,0.5525650310966154,0.5200534103781025,0.5918211223337707,0.5088820858356526,0.4822331523190599,0.5646946447226456,0.5283365055196041,0.579335375930503,0.5362702377991989
142,0.5158180535966149,0.5185188531502228,0.5526324545281703,0.519735922991737,0.5912130365179569,0.5087412460670736,0.4819743802902055,0.5645518264259684,0.5276882842157119,0.5785710354018193,0.5359445093185481
143,0.5154182014871211,0.5182888220623157,0.5526391744487169,0.519451114922813,0.590354116539387,0.5084574918543399,0.4815125730884791,0.5645451645399597,0.5272370251394645,0.578025148566015,0.5355928832648611
144,0.5152480460269214,0.5179105439241509,0.5524290556825426,0.5189975225131181,0.5894672294749914,0.5082090326431424,0.4811829941124921,0.5645804300467298,0.5269388914129941,0.577504513725992,0.5352468259563075
145,0.514764875110908,0.5176804328984048,0.5521628824054962,0.5186049124064451,0.5888079775330204,0.5079858540361742,0.4808431497140623,0.5645836147118409,0.5267502073872025,0.5770460340043104,0.5349229940207865
146,0.5143948030845864,0.5173576650806545,0.5519419090936841,0.5182888379330113,0.5882783278327832,0.5076656727232193,0.4804205437847125,0.5645938978626203,0.5264675002784894,0.5765891737971274,0.5345998331470888
147,0.5141492505805362,0.5170895350709701,0.551643379906853,0.5182391166168535,0.5878192525935692,0.5068975504799735,0.4801774800469765,0.564737960912368,0.5261179147703765,0.5762682096758573,0.5343139650654335
148,0.5138849814359672,0.5168428131767925,0.5513123043041843,0.5179635783775092,0.5877170550336333,0.5063197782390212,0.4800007122507122,0.5646570440463039,0.5258323314023391,0.5760310254018763,0.534056162366834
149,0.5138236742203393,0.5166766284390713,0.5513780766604317,0.5176002788289186,0.5875187901265787,0.5055535883227463,0.4794737986902284,0.5648365753815885,0.525765449818556,0.5756928525784829,0.5338319713066941
150,0.513806426342353,0.5163553228425828,0.5512605586131795,0.5173974900351237,0.5872534192255785,0.5046188361798023,0.4792106550788121,0.5651044008742001,0.5253881945934349,0.575401293626196,0.5335796597411263
151,0.5136476682618878,0.516121711220444,0.5510870960214678,0.5169139036596809,0.5869832456116179,0.5037352197343856,0.4787868156218262,0.5654357043757502,0.5250755483562589,0.574821190107366,0.5332608102970685
152,0.5133849404048685,0.5158644286138974,0.5507702202694109,0.5165323715920391,0.5867920100420236,0.5029795436664044,0.4784738310596791,0.5655094173452203,0.524831034437417,0.5743602403897067,0.5329498037820668
153,0.5133979702790866,0.5154903094853551,0.5502935615555397,0.5164114379335945,0.5863019933016421,0.5018879829663482,0.4780747539721187,0.565657814127305,0.5245076522305439,0.5737931102336381,0.5325816586085172
154,0.5134606901678954,0.515268348896848,0.5499296754140706,0.516060484945377,0.5859690186797171,0.5009030678473659,0.4778119845143915,0.5658033598639043,0.5243772822875133,0.5732428144101963,0.532282672702728
155,0.5134344321714237,0.5149375576679612,0.5497949464680145,0.5156461836429264,0.5857217573221757,0.5001357267393767,0.4774552136733128,0.5660218131421169,0.5243903889691869,0.5726170157911699,0.5320155035587664
156,0.5133814571150098,0.5146637582464354,0.5496192156917453,0.5153651573330673,0.5854666596715807,0.4993799871421548,0.4772206790123456,0.5661332227750138,0.5244261806656102,0.5722416833872225,0.5317898001040187
157,0.5131435939557187,0.5143678912827871,0.5494864879816336,0.5152782860251212,0.5853033296077769,0.4986387133831131,0.4769084461637653,0.5660197943520905,0.5241888326276244,0.5719203477026787,0.5315255723082309
158,0.5127568862275449,0.5142771929090186,0.5493852987141173,0.5150902237205026,0.5849688377243812,0.4978847271872642,0.476752389622212,0.5658907096603674,0.5241639362643112,0.5716099969843185,0.5312780199014038
159,0.5123172468636131,0.514036338355539,0.5492169591994888,0.5147583977443975,0.5847585441180224,0.4972404197415843,0.4765227013902319,0.5657840111793647,0.5241658327465006,0.5711119001345493,0.5309912351473292
160,0.511993551727384,0.5138372834957651,0.5490642064530047,0.5143288833196781,0.5845089805211232,0.4965041603401154,0.476220249821632,0.5659316223277567,0.5241697303921569,0.5707609944765035,0.530731966287512
161,0.5116979668490242,0.5136563476343141,0.5490401027314803,0.5141967401175852,0.5842550617438727,0.4958798035249928,0.4759672174417991,0.5657213884079951,0.5242552661326592,0.570297462227505,0.5304967356811228
162,0.511429314891058,0.5134745024560693,0.5489958072947764,0.5138831507254961,0.5841760113379248,0.4951503095661302,0.4757938817814443,0.5655659199568714,0.5242091492234977,0.5697681201691701,0.5302446167402439
163,0.5110166936103372,0.5132836960672013,0.5489581139427127,0.5135856901249647,0.5841504549153044,0.4944601496825453,0.4755494414219859,0.5655760414029758,0.5241971579967226,0.5693993392973403,0.5300176778462089
164,0.5105784245757993,0.513065619205232,0.5489697238839111,0.5131836494684505,0.583981140838701,0.4936302750465833,0.475278670291646,0.5655497692447121,0.5240433142328362,0.5689842909403917,0.5297264877728264
165,0.5099447467135277,0.5128766411730368,0.5489658903878802,0.5128967658533208,0.5840609355491715,0.4926161008684345,0.4749706786812558,0.5650996241640414,0.5240186893889465,0.5684161144631871,0.5293866187242803
166,0.5094235921939891,0.5124697103583702,0.5489326492825181,0.5128793845590256,0.5839503938428237,0.4916501029481118,0.4746943439441387,0.5647656260701615,0.5239913120650194,0.5679982607878161,0.5290755376051975
167,0.5087802584413861,0.5120644561119824,0.5490275189543818,0.5127758223292042,0.5837393995777722,0.4908434318676684,0.4745402217954776,0.5644938410766912,0.5239181300097299,0.5677486599860173,0.5287931740150311
168,0.5083225488045624,0.5117346563940955,0.5489695246298243,0.5125490670780457,0.5835618456078083,0.4903038574124933,0.4743560130054056,0.5642031180580799,0.5239754051258476,0.567520183412065,0.5285496219528227
169,0.5077373020444985,0.5114671514639856,0.5489700040229307,0.5122880788045299,0.5833151670166958,0.4896520355806502,0.4740598189104943,0.5639881985421729,0.5237974416563109,0.5673226759498889,0.5282597873992156
170,0.5073038212030432,0.511142653080659,0.5488761682534533,0.5120212153104747,0.5828128162477172,0.4890300812014707,0.4737521224910438,0.5630783784498955,0.5238169791890638,0.5672244432077593,0.5279058678634581
171,0.5069255229320536,0.5107157437157437,0.5488977109448546,0.511881410714482,0.5823343484680694,0.4886353721411889,0.4733425989932723,0.5624141504236733,0.5237123730793423,0.5671263843354627,0.5275985615748143
172,0.506686527288919,0.5104516461870369,0.5489246888681194,0.5116993891797557,0.5818990607374527,0.488102141140485,0.4728970645036693,0.5617738412533316,0.5235670167458246,0.5667886796669833,0.5272790055571577
173,0.5063224965302604,0.5101191329689668,0.5489443617099191,0.511342983253278,0.5813063257249172,0.4875335759466251,0.4724227880599302,0.5609508743894738,0.5233802263700033,0.5666139440508267,0.5268936709004202
174,0.5060859270694259,0.5099712996940482,0.5488308258836639,0.5112621458250571,0.580904952678903,0.4870796949680468,0.4718362489191269,0.560120642746746,0.5231659968816567,0.5663478686325604,0.5265605603299235
175,0.5059304564796505,0.5098305955767642,0.5487344922100403,0.5111106020245072,0.5803189684992802,0.4865337750037279,0.4714256426208183,0.5594171701435067,0.5231018548791386,0.5661646980553828,0.5262568255492817
176,0.5056842137705726,0.5097821570146261,0.548727343237277,0.5108641981835291,0.5796760345209117,0.4860617122209426,0.4711132414283309,0.5586467855349071,0.522902730301588,0.5658766672796702,0.5259335083492356
177,0.505473621958929,0.5096900789054583,0.5484850727709816,0.5107134463039715,0.5789950848629137,0.4855364064955474,0.4707909586167853,0.5579941342764986,0.5226567901234568,0.5654234723444442,0.5255759066658987
178,0.5053551403760905,0.5094956963935958,0.5483637860082304,0.510817863616476,0.5783343489189454,0.4851115048478109,0.4704110951486352,0.5573801526340487,0.5226018032035638,0.564984345881476,0.5252855737028874
179,0.5052227958976626,0.5092530202180624,0.5484132106964855,0.5107449382664985,0.5775328255310885,0.4845847376395287,0.4700175477078306,0.5567318900915903,0.5224402614849213,0.564712951024118,0.5249654178557785
180,0.5050961308336658,0.5091431495379272,0.5482968319080396,0.5106391749401944,0.5766872045012087,0.483885209036083,0.4698748446331527,0.555898937784522,0.5221447767618127,0.5641594488601808,0.5245825708796787
181,0.5048192955892685,0.509119997183991,0.5481045785460442,0.5105451348182884,0.575911086834318,0.4831592523894953,0.4696855408229444,0.5551941922900966,0.5219079351847027,0.5636367325702394,0.5242083746229389
182,0.5047443179026601,0.5090528776821222,0.5478119221022351,0.5105075412491142,0.5751398851469319,0.4823998874236088,0.4695007375620223,0.5544828862827526,0.5216672184916554,0.5633523760330579,0.5238659649876161
183,0.5047632287520487,0.5089289807258204,0.5476045857937867,0.5105080273038916,0.5741454818460512,0.4817534370856305,0.4693282177822355,0.5538454431309374,0.5214148598543595,0.5630580940952029,0.5235350356369964
184,0.5047807136492193,0.5087319431148828,0.5473143210709867,0.5104599468754369,0.5733336263690803,0.481197141302735,0.4689550417243111,0.553280780075188,0.5210692474740781,0.5626563279349341,0.5231779089590852
185,0.504793788652605,0.5085660010451201,0.5470231381701638,0.5102803562219842,0.5727576901766842,0.4806781507656066,0.4687357262234978,0.5528910866853939,0.5206843394469411,0.5623575621634184,0.5228767839551415
186,0.504770847263349,0.5083845630159136,0.5468229293713273,0.5102608609989163,0.5722410142611386,0.4803635061810176,0.4684488359972203,0.5523501260028206,0.5201689772955596,0.562158118586432,0.5225969778973695
187,0.5046899011554004,0.5081841582484468,0.5464673536114139,0.5102333056112714,0.5719873323096816,0.4799340731575284,0.4680841161805681,0.5519271628024367,0.5198052738134418,0.561983913541511,0.5223296590431701
188,0.5046203199487479,0.5080728335544992,0.5461437594247874,0.5103316872107944,0.5717329918505227,0.4795553519870313,0.4678247832493746,0.5514320681254127,0.5191891423764042,0.5616467557384021,0.5220549693465977
189,0.5045150891311468,0.5078525774744255,0.5460648730744196,0.5100834757587169,0.5713479826515996,0.4790407770871605,0.4674356607481645,0.5508413828164718,0.518608461137911,0.5613740536719003,0.5217164333551917
190,0.5042352870113095,0.5076511357983751,0.5457990306946688,0.5099067935642947,0.5709178717733576,0.4785906106834175,0.467286822688202,0.5504259375560739,0.5180314469089562,0.5608259844284419,0.5213670921107099
191,0.503983987817821,0.5074380018943294,0.5456023787113887,0.5097455510756531,0.5707133338559223,0.4783748347599449,0.4670947471813427,0.5498254137865785,0.5175005809000077,0.5601969288193941,0.5210475758802382
192,0.5037183857488454,0.5070647051122602,0.5453184077488423,0.5095958950170015,0.5704335052047864,0.4781385652060608,0.4669673839637822,0.5493735979578531,0.5169307839424897,0.5594945394522178,0.520703576935414
193,0.5033236741786685,0.5068859196266697,0.5450809887375037,0.5095710681640607,0.5701864550836899,0.4778016592296961,0.4666368981078955,0.5490722373387168,0.5164600448451887,0.5588233277464574,0.5203842273058547
194,0.5029977776171719,0.5065248639307459,0.544916133558094,0.5095775794319075,0.5698891893706186,0.4774480566537936,0.4662882845085022,0.5486730580673276,0.5156945352240757,0.5580900569765574,0.5200099535338795
195,0.5026571136314694,0.506262127352245,0.5446192872291762,0.5094343420257519,0.5694843770825796,0.4773916370593058,0.4660306135791572,0.5482103253167159,0.5149891882744486,0.5572375328083989,0.5196316544359247
196,0.5022917687517262,0.5058576940553726,0.5442854561785688,0.5092762519746141,0.5690853456830962,0.4772153261557948,0.4656477266272285,0.5477577613062627,0.5145387085332388,0.5566308929020013,0.5192586932167904
197,0.5021187610619469,0.5054267669768362,0.5440340507120812,0.5089305779964747,0.5687705410351461,0.4769473996333968,0.4654412618072794,0.5472762519332303,0.5139339090311044,0.5559934826357477,0.5188873002823243
198,0.5018124005660592,0.5050320212740848,0.5438473644003056,0.5088124087591241,0.5685694251609718,0.4768536929282833,0.4650797925553626,0.5471211800110202,0.5133934402104431,0.5553110028123082,0.5185832728677962
199,0.5014296252324292,0.5047125614627549,0.5437961304554608,0.5084022515499801,0.5683969055947291,0.4767686224444563,0.4646107901032435,0.5467700977658041,0.5128973272579511,0.5547863477193142,0.5182570659586123
200,0.5012224650501266,0.504485494582314,0.5437711889968029,0.5080649940112211,0.5679889461642363,0.4765235000968531,0.4642225967116843,0.5463396784270297,0.5122184758175622,0.553949957575867,0.5178787297433697
201,0.5009399279893879,0.5041719853366776,0.5436885606128707,0.5076046232846075,0.5676318526899774,0.476369023150861,0.4638045625587959,0.5459853443000425,0.511711967527383,0.5532078506213657,0.5175115698071969
202,0.5008052424841467,0.5038527670409227,0.5434892179142394,0.5071613479431604,0.5672853698987683,0.4762244543305992,0.4633651173113013,0.5455622998589359,0.5112359922074673,0.5526807727199957,0.5171662581709537
203,0.5006307072287313,0.5035598884307912,0.5433654490947103,0.5067700747645403,0.5668817504320276,0.4759986105237721,0.4629684334256151,0.5452117716833343,0.5107320720225048,0.552192132143267,0.5168310889749295
204,0.5002878475624176,0.5033142331260462,0.5431716458127162,0.5064133122862404,0.566532782122905,0.4757541298402928,0.4625318730607355,0.5448852628800033,0.5102319719377413,0.5516339133102511,0.516475697193935
205,0.5001110588985576,0.503060237426698,0.5429949757550973,0.50596669077222,0.5662721299831306,0.4755055983651922,0.4620892903462061,0.5446143375680581,0.5098545984711167,0.5509165506439262,0.5161385468230202
206,0.4998756596333564,0.5028313307097219,0.5427363145571702,0.5056310877150452,0.5659644047766038,0.475319052653838,0.4616300122013141,0.5443287676719132,0.5095236748932173,0.5502084341095985,0.5158048738921779
207,0.4997083823505045,0.502659082287661,0.5426541607789985,0.5052014005987818,0.5656957062631962,0.4751596732580908,0.4613802840233122,0.5440305609976828,0.5092299281744557,0.5496079372974085,0.5155327116030092
208,0.4995227963025459,0.5024622794242668,0.5424619139039323,0.5048102028777347,0.5654386537507506,0.4748344934648705,0.461137950126069,0.5435913586467874,0.5089028265668079,0.5490046485492439,0.5152167123613008
209,0.4993885003885004,0.5022096936563573,0.5424516971279373,0.5042465154204854,0.5651476882636253,0.4744709876389683,0.4609144206104316,0.5431283175855336,0.5086578183680437,0.548422013695156,0.5149037652755039
210,0.4992141498545022,0.5018910410914881,0.5422051594153668,0.5040508391584777,0.5649316021928543,0.4741868740115972,0.4605152845204052,0.5427010407733687,0.5085022095557987,0.547982202820685,0.5146180403394544
211,0.4989266732362967,0.5015883958846123,0.5420501674122844,0.5038042375084926,0.5647367949254266,0.4739224815081495,0.4600332628425412,0.54237982560559,0.5082775014751749,0.5475162349842027,0.5143235575382771
212,0.498587786259542,0.5013480137421329,0.541713583952424,0.5036472133060986,0.564345255263917,0.4735558319513543,0.4595510860761895,0.5420721720826966,0.5081296392486722,0.5469500645716746,0.5139900646454703
213,0.4984916570954569,0.5010346114108599,0.5414739289949599,0.5033089234235727,0.5641248925084729,0.4732063830474529,0.459126394860677,0.5418287839295773,0.5080916132256185,0.546341308995231,0.513702849749188
214,0.4983309552686024,0.5008533471236492,0.5412256364909178,0.5030854637520069,0.5639967735177037,0.4728698756518251,0.4586347461534029,0.5415259654047493,0.5080618649751993,0.5459286863621141,0.513451331470017
215,0.4981862756681396,0.5006710724111524,0.5411261846985028,0.5025659401793311,0.5637232784537104,0.4725112801135186,0.4581830737963016,0.5411512593960174,0.5079074324101821,0.5454833317103256,0.5131509128837182
216,0.497972729692074,0.5005026402803139,0.5409058337203055,0.5020320959953173,0.5634634360358273,0.4721792840050078,0.4576901603783649,0.5408494997987965,0.507890713245044,0.5450978953310217,0.5128584288482073
217,0.4977350360876058,0.500286464357567,0.5406477692474831,0.501614259745506,0.5632622219662121,0.471719842519685,0.4571074613786377,0.5405645626103932,0.5077246023027788,0.5447441034806094,0.5125406323696478
218,0.4976466359532496,0.4999941122778168,0.5405825238348173,0.5011163294797688,0.5629885457148701,0.471329022819905,0.4568017321916509,0.540184504401319,0.5076754204995024,0.5443581239797747,0.5122676951152675
219,0.4974935864940012,0.4995987519652046,0.5404741977353086,0.5005928254555899,0.5626749615625534,0.4709680353228339,0.4564924487330768,0.5399994951859093,0.5073580466380843,0.5440026747277792,0.5119655023820341
220,0.4973958563936578,0.4990372807621355,0.5403761115116559,0.499938548637762,0.5624131864398554,0.470510333323036,0.4562183847413865,0.5397388393264372,0.5072124736067567,0.543734690988036,0.5116575705730719
221,0.4971276531185047,0.4986256029557661,0.5402109809196786,0.4993988209703351,0.562304914340867,0.4701378688461686,0.4559749870622736,0.5394625731948297,0.5070661768214132,0.5434405075562714,0.5113750085786107
222,0.4968819502559579,0.4980108374920112,0.5397860548586308,0.4988242205859313,0.5622059188162367,0.4697719718223957,0.4556748979661831,0.5392032981886996,0.5070241285803508,0.5431191234750175,0.5110502402041416
223,0.4965676870620855,0.4975355834606183,0.5396440381418949,0.4981956315289648,0.5621592310078506,0.4693336060110282,0.4552131938857602,0.5390402999650579,0.5068345097546022,0.5427447837405659,0.5107268564558429
224,0.4962732391848409,0.4970571992905514,0.5392971332150437,0.4974686153631955,0.5619179967413829,0.4690590869745211,0.4549331711185365,0.5386745378779785,0.5066111714555869,0.5424519681169658,0.5103744119338604
225,0.4959872448790743,0.4965946065074531,0.5391244193791142,0.4968169378954084,0.5617556492398204,0.4685908519803757,0.4547148939610337,0.538372094052265,0.5065042150654597,0.5421799842768495,0.5100640897236854
226,0.4956676574236884,0.4960653158237176,0.5387690508136375,0.4962246690651329,0.5615584039791035,0.4680995660057667,0.4543666918909507,0.537914919244938,0.5063171881035149,0.5418886461225667,0.5096872108473016
227,0.4953815638413782,0.4955762479212311,0.5385869295581882,0.4956432610923445,0.5614272158790405,0.4676318432206519,0.4538940303873657,0.53756769390733,0.5061001444021138,0.5416252950180592,0.5093434225227703
228,0.4952012227480572,0.4951969480272394,0.5383945188234693,0.4948827061317161,0.5612866976024748,0.4672005092718293,0.4534792263752556,0.537137840020143,0.5058612407304165,0.5412529698777572,0.5089893879608358
229,0.4948320293027591,0.4947538995252752,0.5382591189009948,0.4942554387753572,0.5610869331118085,0.46675952865341,0.4531564573023059,0.536768141699811,0.5054825397307496,0.5408063963406912,0.5086160483343162
230,0.4946622257334722,0.4944729061164677,0.5381602813251898,0.4936119782160071,0.5610068549220023,0.4663414201140555,0.452766189239235,0.5364491262369021,0.5052080785201963,0.5403841198856821,0.5083063180309211
231,0.4943676958772086,0.4941312840878321,0.5379686950993023,0.4929987707983146,0.5609783733601194,0.4658683818287862,0.4523687771618913,0.5359188968126166,0.5049286808203958,0.5398332671110915,0.5079362822957558
232,0.4941816252510842,0.4939394386243861,0.5377934703929579,0.4924000809806014,0.5608537120713275,0.4653095623059423,0.4519812114232476,0.5355197279833335,0.504527089038285,0.539233691399823,0.5075739609470988
233,0.4937850328808105,0.4936605628594381,0.5375150973676809,0.4919030713825613,0.560646904733229,0.4648219287146167,0.4517839677759761,0.5351621567009616,0.5042645400593472,0.5387777067193791,0.5072320969194001
234,0.4935141506124683,0.4933221855207349,0.5372424247410467,0.4913941072429379,0.5604625560554903,0.4643929461958479,0.4515158892137606,0.5347522784524099,0.5039545005237456,0.5382494817960551,0.5068800520354497
235,0.4932070129435393,0.4930207676594457,0.5369794188861985,0.4909199137332098,0.5603072575781267,0.463959668644038,0.4513398946457654,0.5342995765848951,0.5036809212939192,0.5379452812037848,0.5065659713172923
236,0.4929882538934114,0.4926421653136069,0.5367681751254789,0.4904829563853289,0.5600412843697007,0.46352803917602,0.4510846239497925,0.5338421853297176,0.5031740950325234,0.5376003596249626,0.5062152138200544
237,0.4927072504928791,0.4923376979673275,0.5363842470517819,0.4900693500135981,0.5597848919856521,0.463101123673393,0.4508131503126533,0.5334057863806353,0.502696958712437,0.537365221462418,0.5058665678052776
238,0.4924005908682748,0.4921072073245622,0.5361476899813397,0.4896922584317631,0.559479690040576,0.4627540685416638,0.4505284705411373,0.5328894669356354,0.502316925472555,0.5369132176329132,0.5055229585770421
239,0.4921591381578498,0.4917653591303382,0.5358661360636724,0.4893162713687309,0.5591436552623337,0.4624032956195381,0.450262794516458,0.5324121439475138,0.5018857146952583,0.5365607317398102,0.5051775240501504
240,0.4919032481088848,0.4914466998846371,0.5355328168745228,0.4889556518863078,0.5588468447586487,0.4620284438271857,0.4498924997216621,0.5318878720382206,0.5015063392176287,0.5362596289918925,0.5048260045309592
241,0.4916460393536775,0.4911603725790601,0.5352206545293494,0.488573953149824,0.558506436438816,0.4617215278106749,0.4494977765750029,0.5314202156680252,0.5010537802026501,0.5358801020408164,0.5044680858347896
242,0.4913515325413638,0.4909135175830581,0.5350381478247874,0.488229832254472,0.5581917012329228,0.4615052240663621,0.4491635214739687,0.5309109182566524,0.5007681412686557,0.535541734736784,0.5041614271239026
243,0.4910602787224111,0.490594509064995,0.5348170311962201,0.4877250763234591,0.5579083446747565,0.461289236243487,0.4489227830234595,0.5303039348603414,0.500529368066214,0.535216836909577,0.5038367399084922
244,0.4907549277658806,0.490333689813869,0.534639423076923,0.4871902925989673,0.5576059532246633,0.4609609694471225,0.4486831468696489,0.5298227839122314,0.5002370332167101,0.5348431343141131,0.503507135424013
245,0.4904186445147679,0.4901081837090874,0.5344682933244626,0.4867803810945342,0.5573577894974335,0.4607052939192986,0.4483424799316411,0.5294064782022754,0.4998941626582015,0.5344662435670552,0.5031947950418758
246,0.4900888097720254,0.4898894781274895,0.5343412749715271,0.4863752808988764,0.5571021659231827,0.4604065796825188,0.4479076252827614,0.5288687990776517,0.499623767836217,0.5340565834187389,0.5028660364990989
247,0.4898040871419349,0.4896959283618813,0.5341657993020266,0.4859421860395811,0.5568346255033183,0.4601459515281445,0.4476125600528644,0.5285053566863686,0.4994905111691803,0.5337095865795931,0.5025906592364893
248,0.4893362923672487,0.4893097504441647,0.5338877894320205,0.4855399359946101,0.5565463924683404,0.4599015338619525,0.4471828279778082,0.5281239264559761,0.4993631648981542,0.5333758358834864,0.5022567449783761
249,0.4888514066842488,0.4891316702858046,0.5335845564580226,0.4850928184645078,0.5561632454243332,0.4596890125299678,0.446991647965885,0.5278037877220805,0.4991156143923965,0.5330750485713718,0.5019498808498619
250,0.4885824638136588,0.4888171867722403,0.5333114106087414,0.4847984559176489,0.555925183723696,0.4595773570841044,0.4467548896675377,0.5274985713523769,0.498879213122725,0.5327855460943323,0.5016930278157061
251,0.4883288261856774,0.4885031245837267,0.5329067643050751,0.4843938991954473,0.555744270370117,0.4592828748913543,0.4465121720936467,0.5270561739011843,0.498735100850612,0.5324883907020673,0.5013951597078907
252,0.4879999682871911,0.4882550675870334,0.5326306441162671,0.4839609284281642,0.555534971580273,0.4590909842109278,0.4462161284712158,0.5265944781022998,0.4985709653913776,0.5321634684373248,0.5011017604612075
253,0.4876255834489719,0.4880789564220184,0.532408178383584,0.4836156047172473,0.5552939343862596,0.458886184925792,0.4459213940561174,0.5261823010705965,0.4982595729968018,0.5317657170286189,0.5008037427436008
254,0.4872491892129249,0.4878745528302209,0.5320869344178952,0.4832454628541585,0.5551176478515454,0.4587735125484082,0.4457052885166915,0.5256922778944859,0.4979909113759938,0.531496215665146,0.500523199316747
255,0.4869705232681484,0.4876803222381815,0.5316638573553877,0.4829550339972595,0.5549501183348642,0.4586031986195168,0.4453908960197188,0.5252457674211832,0.4977708464939987,0.5312731818794575,0.5002503745627717
256,0.4866399220621269,0.4873497644360588,0.5312554125176772,0.4824958979858141,0.5548788355940458,0.458331115326016,0.4452427589495014,0.5247475387608325,0.4974455657432313,0.5309585105160326,0.49993453218913364
257,0.4864053637008919,0.4870768080585504,0.5308080749485165,0.4818940542902678,0.5548245683930942,0.4580779366188906,0.4449962164421003,0.5243381221139045,0.4971263410061452,0.5306218962342033,0.49961693818065644
258,0.4861015539142553,0.4868118515618445,0.5302311853160723,0.4815258035845594,0.5547226810799382,0.457749800012307,0.4448408783157374,0.5237676934066094,0.4968990407968963,0.5302645206924209,0.499291500868064
259,0.48583145545927,0.4866362857126954,0.5297543547507676,0.4810571290460047,0.5544337898342527,0.4574213083951992,0.4445282918676601,0.5233242118692598,0.4966884430528174,0.5299043613726735,0.49895796313606
260,0.4855502597284243,0.486444110300674,0.5292740330072564,0.4805458808193432,0.5542602526445248,0.4571408526154951,0.4441972637784327,0.5229945641203103,0.4964508044356131,0.5295543725475494,0.49864123939976235
261,0.4853761234444034,0.486147188652107,0.5288164731268278,0.4802385809173041,0.5540189887837935,0.4568859274601358,0.4439267574775093,0.5225799050746354,0.4961672682746393,0.5291706128739575,0.4983327826085313
262,0.485244783837412,0.4858413362657613,0.5284285169572309,0.4798567795601601,0.5537855976782151,0.4566847515017141,0.4436390079860862,0.5222645135526381,0.4958395348394587,0.5288336991128558,0.4980418521291533
263,0.4850371409261906,0.4854992768454086,0.5280156845942586,0.4794841576506956,0.5535117520403295,0.4563726442238527,0.4432553822904575,0.5219635231190499,0.4955037901021844,0.5285580264072273,0.4977201378199655
264,0.4848721358489667,0.4853342097829157,0.5276572752237805,0.4790340880908685,0.5529891743519362,0.4560545712598918,0.4428602555861813,0.5217083068671042,0.4952704891785492,0.5282421602574299,0.4974022666447624
265,0.4846403222655672,0.4851023051093074,0.5273717253462373,0.4785035838977509,0.5525798876978051,0.4557520005694727,0.4424838220150669,0.5213823991912838,0.4949928170791121,0.527942408249481,0.4970751271421084
266,0.4842213083385831,0.4849070989132834,0.5270429408387575,0.4782047756429931,0.5522342059824286,0.4553858408959486,0.4422174916548477,0.5210033934045064,0.4946153272514852,0.5276600764417632,0.4967492459364597
267,0.4839002073643638,0.484674524511117,0.5266442560453626,0.4779277410920997,0.5519239027470793,0.4551255753334585,0.4420316323901936,0.5206104608759073,0.4942811835402345,0.5272827390458055,0.4964402222945622
268,0.4835536390653225,0.4844752363836108,0.5261813626842992,0.477528839725278,0.5517510431853602,0.4549192187052797,0.4418991299982375,0.5203186284671836,0.4940042871992963,0.5269459932611484,0.4961577378675016
269,0.4832919603932845,0.4841978342799511,0.5257199564240485,0.4771462482385742,0.5515847970036704,0.4547073556245133,0.4416943752026319,0.5200239589706923,0.4937814341756581,0.5265493621361135,0.49586972824491377
270,0.4830031490976624,0.483968353761623,0.5252300002709073,0.4767483211784244,0.5513841596973318,0.4545337099114829,0.4414920817950047,0.5196256386405761,0.4933670250983353,0.5262986697046294,0.49556511091559774
271,0.482638845849258,0.4837589985749517,0.5247984139924405,0.4762994702026399,0.551290520370118,0.454248728511265,0.4413338421856083,0.5192910023747797,0.4930379363406152,0.5259869531849578,0.49526847115866346
272,0.4823897699173667,0.4834864754548736,0.5244527783363496,0.4757531403181713,0.551027326344593,0.4540502575844304,0.441090853374262,0.518993730067913,0.492816139065024,0.5256633971572888,0.4949723867620273
273,0.4821057760604597,0.4831630739905526,0.5239829242760653,0.4753290354692296,0.5508157520300272,0.4537848982241915,0.4407956079584252,0.518832566474222,0.4924188015735943,0.5254927853005978,0.49467212213573647
274,0.4817738999168895,0.4829473288576686,0.523632277922612,0.4749606740248102,0.5506831348322152,0.4535208713490723,0.4403919794221824,0.5185551399613899,0.4921377172622421,0.5252019585266855,0.49438049820757674
275,0.4814693076213406,0.4826702666164428,0.5232246548948187,0.4744989177044775,0.5506030721742196,0.4532490399634594,0.4400541113811949,0.5181848798900938,0.4918182708690773,0.5247531042782915,0.4940525625393416
276,0.4811717407488259,0.4824457987272139,0.5228141104334754,0.4742265796478774,0.5503999600795989,0.4529101170240219,0.4396798173759867,0.517970472480139,0.4916082683095388,0.5243897067713761,0.49376165715980536
277,0.4808620382335903,0.4822587119372075,0.5224232022835196,0.4738689044581546,0.5502261082646469,0.4526004107968118,0.4394248334943442,0.5176447590870668,0.4913243081226895,0.5240773100192502,0.4934710586697282
278,0.4805774443341999,0.4819789317764193,0.5219812215724496,0.4735436275756804,0.5500783024578522,0.4523603874823644,0.4392249063822859,0.517301287401342,0.4910382951356408,0.5236628059415647,0.4931747210059799
279,0.4803179834843862,0.4817464592464972,0.5214440006204917,0.4732939656710148,0.5499667925744258,0.4520681117288795,0.4389708109038795,0.5169705174488568,0.4907697588104573,0.5233512768443622,0.4928899677333251
280,0.4801742580237761,0.4814265503240612,0.5211176886716615,0.4730536320784435,0.549860259518038,0.4518700119356028,0.4388514739686252,0.5167381003521241,0.4904284259023452,0.523003363753859,0.4926523764528537
281,0.4798351029820813,0.481103847853155,0.5206715462967701,0.4727743768631407,0.5497601753213337,0.4517006979608595,0.4386124170249916,0.5163703802042522,0.4901471282635985,0.5226711282359483,0.4923646801006131
282,0.4796730197063895,0.4807550116701569,0.5202934848340176,0.4724382696791101,0.5496436647586743,0.4515873050472464,0.4384470427234314,0.5160313563253943,0.4899261495800437,0.5222833067829294,0.49210786111073934
283,0.4793812792309025,0.4804525960715636,0.5199256482032705,0.4721393491207767,0.5494859407612391,0.4513662301875739,0.4383051378446115,0.5155695946855784,0.4898307437922286,0.521945862955175,0.49184023828529194
284,0.4791107064350675,0.4801987737292794,0.5195067955414695,0.4717787432666977,0.5493097259914208,0.4512129212694505,0.4381862152956552,0.5152039527003311,0.4896735373736571,0.5216017127894553,0.49157830843924843
285,0.4789603710853711,0.479869599084975,0.519122685460964,0.471546116260608,0.5490778909944347,0.4510903730697497,0.4380252846369954,0.5148887265798666,0.4894988421349901,0.5213326224837855,0.49134125117917404
286,0.478813723082836,0.4795660218093303,0.5186054506657349,0.4712711487212013,0.5488809051532203,0.4508558804335034,0.4379154868060088,0.5144467759673362,0.4892302070919434,0.521002753204302,0.49105883529354166
287,0.478600112641333,0.4792562817261983,0.5182112193395787,0.47087497923703,0.5486251698174032,0.4506922282385888,0.4377673223306852,0.514189070158109,0.4889450685943199,0.5207316620444172,0.4907893114127663
288,0.4784380256212248,0.4790121799361818,0.5177678383888306,0.4703815553131232,0.5483709571146188,0.4505545544166128,0.4376090615862884,0.5139999498910129,0.4886232069672131,0.5204116899066417,0.49051690191417474
289,0.4782171550716549,0.4787444974454587,0.5173259302061114,0.4698207560099778,0.548029463252191,0.4503712057658113,0.4374042588233014,0.5136685951546739,0.4883231550188696,0.5200910300512754,0.4901996046799325
290,0.4779786275064726,0.4783586910409194,0.5169438821378116,0.4692770719573198,0.5477862738419619,0.4501579367622569,0.43717654463291,0.5133792472150681,0.4880113066019524,0.5197348641882251,0.4898804445884897
291,0.4777153834516649,0.4780247624532104,0.5164540763548296,0.4688286195103414,0.5475516489229448,0.4499736659047997,0.4370536661975957,0.513019185511418,0.4875623476981844,0.5193875423996742,0.48955708984046636
292,0.4776041455674836,0.4777477709928041,0.5159263632070331,0.4684864194595879,0.5471636275689843,0.4499200506094481,0.4369461170922553,0.5125469587451443,0.4873542295948743,0.5189106207808551,0.4892606303618471
293,0.4774189629323269,0.4774172954149738,0.5155708466896435,0.468200838844975,0.5468828456568235,0.4497782679238827,0.4367652297742026,0.5120230006665973,0.4871302563266194,0.5184538834693813,0.48896414276994254
294,0.4771700574887159,0.47718293947963,0.515148620212109,0.4678728903348708,0.5466530201604138,0.449644211960589,0.4366152314112291,0.5115554237030275,0.4869017292875075,0.5179746561304909,0.4886718780168583
295,0.4770000409875961,0.4769294985473343,0.5148031167219531,0.4675602658246048,0.546448319108556,0.4495041933892452,0.4364875654542965,0.5110413966839051,0.4866181444142863,0.5175654020861373,0.4883957943217914
296,0.4768616334878786,0.47663397096603,0.5144115446951751,0.4670706265135578,0.5462168560867667,0.449321319293075,0.4363126084319506,0.5104074149950892,0.4864209284871877,0.5171289698111233,0.48807858727678344
297,0.4766885187630122,0.4763664869313904,0.5139826853892095,0.4666743224499912,0.5459680951149599,0.4492114809474558,0.4360448976916847,0.5099536756636823,0.4861326342751941,0.5167396331364644,0.48777624303630446
298,0.476524211122403,0.4760526560870213,0.5135311322363122,0.4662983222392541,0.5458040360660408,0.4490957657301148,0.4358490851882065,0.5095440440171629,0.4858905357664621,0.5163631980590175,0.4874952986511995
299,0.4763463833129427,0.4757509481903243,0.5128632928569757,0.4658766897099473,0.5455812900833297,0.4489281979783897,0.4356064896481292,0.5090269125934548,0.4856413789091217,0.5159693914407488,0.48715909747233643
300,0.4761709349430451,0.4754641864502248,0.5122120157587537,0.4655288589068099,0.5453274709641688,0.4488446256217842,0.4354675740148307,0.5084947561227806,0.4853826509120014,0.5156318768813504,0.48685249505757494
301,0.4759840304713981,0.4752034239585153,0.5115919973135244,0.4651859350081809,0.545093863206272,0.4487711478168541,0.4353660625483478,0.507968002163764,0.4850761670117684,0.5153067481525047,0.48655473776511293
302,0.4758242533900664,0.4748917431864581,0.5110745827548263,0.4648493752319683,0.544914656931634,0.4486899145162738,0.4351750830016325,0.507515229362093,0.4848112961387725,0.5149500529509999,0.4862696187464725
303,0.4756534133087864,0.4745433290491946,0.510418531999656,0.4644945166604229,0.54464567414676,0.4486155145013905,0.435097840832789,0.5071445961372691,0.4845741132338195,0.5145472541733624,0.4859734784043451
304,0.475439361681156,0.4742400059902794,0.5098240245926415,0.4643035578333137,0.5444229197930074,0.448554282718266,0.4348967252345292,0.5067662303027491,0.4843741205198245,0.5142959246509656,0.48571171533167323
305,0.4752376115184171,0.4739695096324616,0.5092285211667233,0.4640003866385845,0.544124559248209,0.4484649105524469,0.4346570255610888,0.506351215655496,0.4841371219886577,0.5139048655331682,0.48540757274952534
306,0.4749851956085191,0.4737103814808314,0.5087493858603884,0.463767544459471,0.5438838221742032,0.4481975581053251,0.4344817027767373,0.5060036595945147,0.4839430790062162,0.5135511640823188,0.48512734931485246
307,0.4746688944664954,0.4733885669727484,0.5082169427524668,0.4634805995894466,0.5436309282048307,0.4479348489509329,0.4343116513625392,0.5056480247542025,0.4837372151329932,0.5132192674810194,0.4848236939667675
308,0.4743810872987044,0.4732168314401124,0.5076903615737712,0.4631113136395362,0.5433198503918808,0.4477906841056061,0.4341962055350123,0.505259470354786,0.4835286460981512,0.5128393068801175,0.4845333757317678
309,0.4742164238487246,0.4729806089380259,0.5072713086436237,0.4627594333728212,0.5429829233328799,0.4475303415389829,0.4341090768839762,0.5049029549976476,0.4833943428041907,0.5125327810580778,0.4842680195418951
310,0.4740246279872659,0.4727646371215911,0.5068017424611433,0.4623895820166118,0.5426598737996113,0.4473025120153487,0.4340305000732855,0.5045673003673545,0.4831841375485302,0.5122255781376718,0.4839950491528414
311,0.4737976054432177,0.4725631730743788,0.5062743645526395,0.4621394591701726,0.5423539010735281,0.4470999371132585,0.4339270293227627,0.5042248841454852,0.4830275155653746,0.5119119604580601,0.48373198299188774
312,0.4736367619047619,0.4723904296720577,0.5057772114436041,0.4617939292868491,0.5421402660217653,0.4468746474968693,0.4338542630739262,0.5038353483274244,0.4827984261259099,0.5116171440265853,0.48347184273797533
313,0.4734831916235531,0.4722289030135739,0.5054762112566958,0.4614329608252487,0.5419503345342254,0.4467124158118946,0.4337711133259278,0.5035232732272987,0.4825749141064582,0.5112948802546288,0.48324481979795053
314,0.4733682644628099,0.4719722792205246,0.5050104761491195,0.4610375983606958,0.5417548657279498,0.446599501414712,0.4335942106322115,0.5032761621301054,0.4823424576019042,0.5109694101846887,0.4829925225884722
315,0.4731915368949801,0.471811404270092,0.5046780902578951,0.4606434337237947,0.5415365412888997,0.4464224565112745,0.4334454922193994,0.5029897683813183,0.4821014750398759,0.510701166124656,0.48275213647121856
316,0.472993329835869,0.4715363205753206,0.5043605170059249,0.460392748073101,0.5413893790010526,0.4462122721527017,0.4333011152254978,0.5026413513468966,0.4818474519599551,0.5104543451077713,0.482512883028409
317,0.4727485890200102,0.4712417730945217,0.5039796944808582,0.4599306778753119,0.5411993720565149,0.4460516119069123,0.4331460980271749,0.5024147817427749,0.4816645284183001,0.5102743147498747,0.4822651441372255
318,0.4726927866186549,0.4709550258312076,0.5036165216557864,0.45967720697775,0.5410149219096816,0.4458465105440988,0.4330729130764458,0.5021701916685736,0.4813622045708323,0.5099710408658757,0.4820379323718907
319,0.4725377454087794,0.4706869619431538,0.5031938283970048,0.4594389149148957,0.5408158373450989,0.4457170739631925,0.4329806021071604,0.5017649052776588,0.4810904000893511,0.5097482858643549,0.481797455531065
320,0.4723496069088194,0.4704343914691257,0.5028399763678181,0.4591439599714081,0.5405727495281532,0.4456246763574493,0.4328916386301358,0.501293900733726,0.4808360295789021,0.5095419843730855,0.4815528913918624
321,0.4721644031155765,0.470130715493101,0.5023640745096393,0.4588414671759709,0.5403361197841332,0.4455819581907529,0.432833749286633,0.5009026068261221,0.4805950287820034,0.5093169699018006,0.4813067093065733
322,0.4719547308170579,0.4698546725067726,0.5019559355337695,0.4586217179259371,0.5401134511409716,0.4455313375872145,0.4327417575423261,0.5005380178599136,0.4802968947913868,0.5091103474073035,0.4810718863112654
323,0.4718189559388717,0.4696026135164784,0.5015945293560704,0.4583009128552606,0.5398704416962881,0.4454540428409547,0.4326696710153627,0.5001635017444803,0.4799888664838158,0.5088733535778825,0.4808336889025465
324,0.4717064939306515,0.4693235854388646,0.5012715314102232,0.4580746089613225,0.5396580640069453,0.4454208499831605,0.4325836359194264,0.4998166159328829,0.4797837136806035,0.508702777558699,0.48063418768227795
325,0.4715416068023891,0.4690275814327833,0.5009385924207269,0.4578020137359561,0.5394806417206922,0.4452829453147665,0.4324753838276154,0.4995218043286569,0.4795386715713229,0.5084340400362285,0.4804043281191138
326,0.4714683352311341,0.468805062670594,0.5005910843262168,0.4575547574132755,0.5392574456207704,0.4451819060174817,0.4322611515574754,0.4991401970370838,0.4793274160804494,0.5081746703789779,0.4801762026333459
327,0.4713104289198107,0.4685692293685805,0.5002594356495345,0.4572743466834468,0.538954093082252,0.4451441896863447,0.4320886798426876,0.4988190994235934,0.479071401032508,0.5079180551799376,0.4799408958868696
328,0.4711993873796639,0.4683311485951721,0.4998402079687436,0.4570893466039996,0.5386576179923801,0.445034049111363,0.4319705234056861,0.4984728781576121,0.4788074633924766,0.5076548761447367,0.47970574987518344
329,0.4710569156317831,0.4681159920175417,0.4994653772720137,0.4568277181743926,0.5384253539128919,0.4448672289909403,0.4318448158183209,0.4981057783129028,0.4784762839674863,0.507406682399589,0.47945921464978625
330,0.470800874430225,0.4679351507911833,0.4990546808435551,0.4565246468736148,0.5381560822445052,0.4447643977893674,0.4316561438791995,0.4977526519476896,0.4782439787852611,0.5071453577105798,0.47920339652951804
331,0.4705796430115496,0.4677539970737711,0.4986648145080737,0.4563100645360955,0.5378752432432432,0.4447464838645374,0.4315413583238195,0.4973483355882156,0.4779740041715419,0.5068455667424488,0.4789639511063296
332,0.4704335016280204,0.4675518316699015,0.4982414117082629,0.4561905722562482,0.5376146975622131,0.4446428193179411,0.4313985448831527,0.4969193243568534,0.4777686673729789,0.5064333012875228,0.47871946720430947
333,0.4702883138030808,0.4673478158864479,0.4977519566915617,0.455962111632948,0.537370627169725,0.4445548151436697,0.4311135234088009,0.4964967620213146,0.4775417274570797,0.5060443867734574,0.47844720399880847
334,0.4701353319524692,0.4671565016240962,0.4973395527194538,0.4558008870256751,0.5371740844909827,0.4445119975479464,0.4308478273231679,0.496192393622423,0.4773073091826291,0.505689117346916,0.47821550028357596
335,0.4699867717397443,0.4668834592051007,0.4969736446117489,0.4556161167171509,0.5369627313905442,0.4444966934794367,0.4306869546212501,0.4958057406302763,0.4771721201418252,0.505354218354023,0.4779938450891101
336,0.4697083693958802,0.4666075664302657,0.4966042778121653,0.4553488413610883,0.5366620932228163,0.4444148476170196,0.4304582187416829,0.495445986823231,0.4769701269265639,0.5050252402464792,0.4777245568577192
337,0.4694853974632026,0.4663872505260473,0.4962611651910189,0.4550859347909201,0.5363308472315503,0.4443102746693795,0.4302991116450437,0.4951098438533545,0.4767738636517561,0.5047245585450703,0.47747682475673436
338,0.4692829834486728,0.4662048154500984,0.4958726571328371,0.4549104509340206,0.5359413157180684,0.4442321691953388,0.4301572357254939,0.4947429423915538,0.4766084897386423,0.5044199350706325,0.4772372994805359
339,0.469119288395123,0.4659771053974609,0.4954787909945389,0.4548035979825881,0.5355965872024753,0.4442028926347812,0.4299184989610461,0.4944647053271134,0.4764429197969725,0.5042102652407445,0.47702146519328437
340,0.4688791284217886,0.4656783756193119,0.495138586418531,0.4544604846188669,0.5352003332698976,0.4442040604008169,0.4296731839135272,0.4942747923561333,0.4763360585870035,0.503931917524337,0.47677769211302135
341,0.468715096375205,0.4654037781792475,0.4947434245633602,0.4541219153434984,0.53486762162812,0.4441867369660361,0.4294819516599087,0.4940302021356239,0.4761017517969142,0.5036522900531643,0.47653047687010786
342,0.468499323009224,0.4652333062016717,0.4943024702880966,0.4537448059960497,0.5344427250285546,0.4441813989075684,0.4291889743276139,0.4938337444644425,0.4759396820055523,0.503392718287225,0.47627591485159987
343,0.4683477645035369,0.4649536459470418,0.4938251606970129,0.4534403864944088,0.534063109267984,0.4441757908959605,0.4289985613150995,0.4935782168740599,0.4758017378263938,0.5031773892984562,0.47603617631199546
344,0.4680918414056955,0.4647076668505239,0.4935075795317059,0.4531461694856599,0.5337680410957651,0.4440096302360716,0.4288764749204757,0.4933545122526492,0.4756741805079532,0.5029476845639023,0.47580837808504023
345,0.4679093031428858,0.4643970881902197,0.4931441808379442,0.4528362273256064,0.533368075313998,0.4438773017227966,0.4286305655413607,0.4929998450693315,0.4755134760093327,0.5027376955344252,0.4755413758687901
346,0.4677840835671083,0.4640680260042723,0.4927809301997318,0.4524022580105305,0.5330569992834272,0.4437796324693934,0.428447943244757,0.4927526518804243,0.4753220066982975,0.5025683981136251,0.47529629294715675
347,0.467659803318992,0.4637645949154561,0.4924269556580081,0.4520130358592982,0.5327680043731844,0.4436190804165884,0.4282755840813605,0.4923980390462197,0.4751450698412009,0.5023343086741725,0.4750404476184481
348,0.4675213196016203,0.4635071564465438,0.4920272464309042,0.4516201212451468,0.5324773606985328,0.4434548713640485,0.4281380349142592,0.4921142159042551,0.4749259826773494,0.5020437923822803,0.474783010166494
349,0.4674120387548959,0.4632679009379088,0.491634035969652,0.4512240155376695,0.5322195489463606,0.4432746632079263,0.4279339459991995,0.4918074925127248,0.4747003617735961,0.501795471958643,0.4745269475598577
350,0.4673147935120212,0.4630244234306824,0.4911877555929756,0.450873805682039,0.5318855579135485,0.4430903840040295,0.4276255305932291,0.4915358665193663,0.474488714957085,0.5015410733385064,0.47425679055434833
351,0.4671987072688496,0.4628183057522627,0.4907429939049392,0.4504719219781468,0.5316857181010883,0.4428877654279344,0.4273577372446835,0.4912841155916517,0.474322784024517,0.5013263583288408,0.47400964076229146
352,0.4670652971985185,0.4627013641252052,0.4903392000146819,0.4501294904626784,0.5314176596056034,0.4427105540324001,0.4270531737511706,0.4910723926149563,0.4741779536692709,0.501102590582954,0.47377696760574395
353,0.4669253312738802,0.4625084413093994,0.4898570658529455,0.4497749658659608,0.5311879075438689,0.4425464378902151,0.4268261717268272,0.4908333879684178,0.4740168092935508,0.5007798678991652,0.4735256386624231
354,0.466843660505604,0.4622230381321324,0.4893690640806376,0.4493755744748104,0.5308758240694287,0.4424084320242798,0.4265363129547387,0.4906332405217967,0.473825486734655,0.5005672864666441,0.4732657919964728
355,0.4667213528317194,0.4619950610186322,0.4888895908911806,0.4489472975604098,0.5305312964448712,0.4421705982490272,0.4262384148109651,0.4904266695157753,0.4736299757906013,0.5003104729270573,0.47298607300402395
356,0.4665539181775769,0.4617333199431662,0.4884130613202016,0.4486121026546773,0.5301959328429917,0.4419244996527048,0.4259876584902758,0.4902133948892548,0.4733143985546826,0.5000935428934895,0.47270418294190214
357,0.4663414233386501,0.4615005170170894,0.4879990166275263,0.4482570014307092,0.5299181076870861,0.4417748010204492,0.4257439366805125,0.489849618345226,0.4730136865896534,0.4998619850761525,0.4724260093813054
358,0.4662133374868207,0.4613157642018172,0.4876260905338753,0.4478591731583646,0.5296027734549411,0.4415904726010096,0.4255240687134666,0.4895127384005542,0.4727358230925445,0.4996238644233511,0.47216041060667446
359,0.4660279615081544,0.4610780813497686,0.4873177330358455,0.447519400403104,0.5292479595802565,0.4413329884428394,0.4252218634001485,0.4891431887342478,0.472558765610589,0.4992997690587418,0.47187477111236953
360,0.4658452731721438,0.4608556123253655,0.4869371565187692,0.4471313520917245,0.5289231368229944,0.4410346659767964,0.4249917146894118,0.488728118672218,0.472326978161167,0.4990315575792377,0.4715805566009828
361,0.4656794217149361,0.46068445984473,0.4866058523138904,0.4468275015993068,0.52851527748018,0.440903819458216,0.424829590065134,0.48827141555905,0.4720749371056213,0.4987064568375758,0.4713098731978641
362,0.465452080634173,0.4605084060546903,0.4862572210465183,0.44647731627331,0.5281709441486523,0.4407222059764955,0.4245939086294416,0.4878529332129964,0.4719139465875371,0.4983807656335925,0.4710329728197407
363,0.4652566185212652,0.4602501025233445,0.4858103406725819,0.4460685869512802,0.5278782606476203,0.4405213936382179,0.4244092519656217,0.4875130774761819,0.4716919331523319,0.498047740170612,0.47074473057190575
364,0.4650789337878835,0.4600417885726065,0.4854039187449542,0.4457816265904377,0.5275885893523228,0.4403812195887616,0.4242017916283684,0.4872446714230725,0.4714782204233512,0.4977898107447864,0.4704990570856545
365,0.4648395792754188,0.4598325386442352,0.4849559279896382,0.4454571364747837,0.527275493612079,0.4401922603149526,0.4240477765580814,0.4869069802690823,0.4713021038723448,0.4975265406268114,0.47023363376374283
366,0.4646825458441377,0.4595082850309208,0.4845591704578411,0.4450254355843825,0.5269973487638085,0.4400000389675166,0.4238799730471891,0.4866233172308458,0.4711605858930373,0.4972582418886524,0.4699694942708332
367,0.464465585666432,0.4592746088954584,0.4841717040192468,0.4447658329109111,0.5266888409947629,0.4398140266397422,0.423658227939504,0.4863039786672327,0.4709516372470681,0.4969820753638725,0.4697076518344231
368,0.4642403604520296,0.4589839431053791,0.483825207023331,0.4444214696667166,0.5263626184467803,0.4396083719634414,0.4234423159265829,0.4859638686886928,0.4708093185236421,0.4966548791071561,0.4694312352903752
369,0.4639233664240865,0.4587955854126679,0.4834443664864125,0.4441949259177702,0.5260550176092984,0.4394306228213592,0.4232247156360715,0.4856717789661632,0.4706661096886131,0.4963057495549426,0.46917122385173854
370,0.4636358349212179,0.458555373739091,0.483086388449721,0.4439075969405348,0.5258146206084038,0.4392401804446562,0.4230523230879199,0.4853494703537966,0.4705341271172228,0.4959177873932873,0.46890937030558516
371,0.4633233523803715,0.4582983792407279,0.4826771646859083,0.4436770402186646,0.5255746138170214,0.4391225107230392,0.4229291095951409,0.4850446603463135,0.4703349460290683,0.4955066201630475,0.4686488397199303
372,0.4631405179977439,0.4581143596814588,0.4823565099014086,0.4434272574470072,0.5252906430725125,0.4389885972477694,0.4227254716780163,0.4846647012919448,0.4701531599397351,0.4950847726498901,0.46839459909074865
373,0.4629797677798298,0.4578673985894362,0.4820238446183261,0.4432312640308941,0.525014447604858,0.4388773049537487,0.4225723324745916,0.4843164005993531,0.4699759967758632,0.4947885776410446,0.46816473350679455
374,0.4627628651376077,0.4576540593983307,0.4817159626776754,0.4429694829331623,0.5247406294092387,0.4387616188266691,0.4223933286539146,0.4838863993119019,0.4697862702715472,0.4943950742473478,0.46790656908673955
375,0.4625328452889182,0.45744218435548,0.4813647077999423,0.442810117223001,0.5244795254184786,0.4385920125441596,0.4222314902384058,0.4835265119068014,0.4696318668168103,0.4940069155022828,0.467661817709428
376,0.4622816501084119,0.457260737697238,0.4809493892233519,0.4426055667713187,0.5242021803766105,0.4384497107823939,0.4220340536013987,0.483162102209709,0.4694784114992688,0.493733792977211,0.4674157595246912
377,0.4620549161852731,0.4569600200591399,0.4805709830463488,0.4423819532364607,0.5239018417324428,0.4382854665695819,0.4218781387292118,0.4829305743824655,0.4692780873699388,0.4934990879379798,0.4671741069248843
378,0.4618421698530697,0.4566583368376062,0.4801535093154872,0.4421178004085739,0.5235945246037861,0.4381486074481417,0.4217363129697383,0.4826607335604986,0.4690565176695394,0.4933312947092972,0.46692998073757386
379,0.4616512120908892,0.4564388815416588,0.4798027474607799,0.4418724508009327,0.5232784858972349,0.4379905294556301,0.421573097264058,0.4823214925763345,0.4689024824548161,0.4931377418161781,0.46669691213585124
380,0.4615429964539007,0.456206321057983,0.4794376709043428,0.4416859692747896,0.5229562359557313,0.437880546480988,0.4214219517004473,0.482024052557737,0.4686914305112992,0.4929085274583105,0.46647557023555297
381,0.4613144274870979,0.4559749381557621,0.4791179978109225,0.4414624256962674,0.5226368709285988,0.4378055520570171,0.421229676093396,0.4816673502184576,0.4684000199906197,0.4926437539822346,0.46622530124203737
382,0.4611229213821135,0.4557281241391975,0.4787923781393286,0.4412765321656111,0.5223829935355545,0.4377820259567633,0.4211450773995936,0.4813933325828736,0.4681103602050433,0.4923789069503376,0.46601126524564157
383,0.46089223964616,0.455521327656805,0.4783630796788691,0.4409870710157792,0.5221612407034458,0.4376966519574106,0.4209813798255172,0.4811224396545636,0.4679073470229322,0.4921990857925613,0.4657831862954044
384,0.4607101952941433,0.455272008865374,0.4779662091239403,0.4407187700622583,0.5219520280040774,0.4375472788304565,0.4208856000956464,0.480875300554137,0.4676705907420231,0.4920212481823307,0.46556192297543875
385,0.460430616712103,0.4550461355577183,0.4775969346101099,0.4404241234138141,0.521727185387308,0.4373902788646486,0.4206993659463471,0.4805929981365742,0.4673974519394835,0.4918108044158206,0.4653115894983927
386,0.4602345912154462,0.4548538036235217,0.4773121178855599,0.4401338029995886,0.5215409955070729,0.4371925706704765,0.4204909614222777,0.4803085253617087,0.4671323921201105,0.4915684345499966,0.46507681953557595
387,0.4599780269300791,0.4547093577760599,0.4770193977129857,0.4398625204945274,0.5212924511701567,0.4370984429606272,0.4203011428610094,0.4800720451663053,0.4669515024595289,0.4913551137615487,0.46486400012928286
388,0.4597541337012525,0.4545559692281004,0.4765794704619543,0.4396487538682886,0.5210641369876893,0.436883153325054,0.4201376527366976,0.4798309060598278,0.4667909136640413,0.4910704758768319,0.4646315565909737
389,0.4595871796157179,0.4543698867944608,0.4762306680871456,0.4394404104414666,0.5207957193004256,0.4366370774515747,0.4199325614544672,0.4796494448460432,0.4666944021375085,0.490902438668597,0.4644239788797407
390,0.4593552439067908,0.4541814441670728,0.4758430331200038,0.4392348684210526,0.5205225820929593,0.4364213022730623,0.4197664769794829,0.4794741186753423,0.4665832587287377,0.4906713439963366,0.46420536723608413
391,0.4591154923967624,0.453974309828622,0.4754875996996726,0.4389893560830968,0.5202251557584356,0.436150882951581,0.4196009480636185,0.4792455127481494,0.4664785354098799,0.4903854345125339,0.4639653227452352
392,0.4588909230109417,0.4538128613549885,0.4751723888107835,0.4386601435307698,0.5199556039666348,0.4359830398308626,0.4193766794641698,0.4790696431871319,0.4664253356762086,0.4901338716838917,0.4637480490516383
393,0.4587119309289895,0.4536336409313323,0.4749445526164844,0.4383733418704172,0.5197091168778456,0.4358297471711141,0.4191694935507212,0.4787842089462624,0.4663282531892563,0.4899226457318433,0.46354069318142654
394,0.4585411927917016,0.4534634826678539,0.474589336671617,0.4380491488886165,0.5194022728400197,0.4356624400869913,0.4190153858879973,0.4785109845402766,0.466189670098915,0.489752488739708,0.4633176403213696
395,0.458399801367964,0.453307569783534,0.4742959377747822,0.4376622840104896,0.5191486650946984,0.4354691787603609,0.4188501043965286,0.4782244218257548,0.4660891569096972,0.4895346676197284,0.46309817875435383
396,0.458232056470654,0.4531235906430084,0.474002809747663,0.4373440543017527,0.5189297302624596,0.435259183680662,0.4187202747988173,0.4780208593233294,0.4659635590179898,0.4892632019520188,0.4628859320198355
397,0.4580514443107927,0.4529360120930202,0.4737464618650586,0.4370969594907986,0.5187288327703852,0.4351361258751576,0.418553650995577,0.4778041860354992,0.4657799203001153,0.4890248595834724,0.4626858453319877
398,0.4579060432074737,0.4527838472435138,0.4734564540170206,0.4368727131137923,0.518511554435947,0.4349265751160722,0.4184341849327384,0.4776350705682028,0.4656674062892166,0.488816616416833,0.462501046534081
399,0.4577030107355535,0.4526452492889895,0.4731506070092387,0.4366674877283762,0.5183064858149773,0.4347894321683984,0.4182543094316993,0.4774599722568359,0.4655785939109119,0.4886417251316565,0.4623196873476637
400,0.4576014530788143,0.4525173036799856,0.472869497244105,0.4365048346469489,0.5181411834239842,0.4346976929473285,0.4180833116714323,0.4772471817979485,0.4655069477580648,0.488462007714134,0.4621631413962747
401,0.457444962275581,0.4523136476251831,0.4726383945661773,0.4363421183298177,0.5179413453329407,0.43453963635607,0.4179521902929353,0.4770354460915917,0.4653922310505738,0.4882511206833101,0.4619851092604181
402,0.4573137575142049,0.452146472635242,0.4723856700407916,0.4361041848743625,0.5177435926973285,0.4344453625212617,0.4177483095125842,0.4767929710973695,0.4652633592310428,0.4880647093963647,0.46180083895205515
403,0.457076781549447,0.4520069481390392,0.4720892331549272,0.4358303917212716,0.5175494938570206,0.4343642144445019,0.4175972249050286,0.4765844659594032,0.465120381410704,0.4879036717694419,0.4616122806910785
404,0.4568597001901932,0.4518617455462494,0.4718430508411004,0.4355703964321455,0.5173734126969475,0.4342228039797713,0.4173802402415895,0.4762922996373492,0.4649428973186722,0.4877737256685402,0.4614120272552558
405,0.4567053597213963,0.4517165833314861,0.4715441539220523,0.4353176771099411,0.5171543642687573,0.4340859495131799,0.4172183438805741,0.4760474341661039,0.4648286921902851,0.4875840087486762,0.4612202566852453
406,0.4566255360082374,0.4515763584125281,0.4712103475375155,0.4350976174145587,0.5169397963863157,0.434001041293252,0.4170300102053833,0.4758089652219129,0.4647044991878338,0.4873895966798796,0.46103837683474164
407,0.4565008188003309,0.4514348923818908,0.4708990004713707,0.434902868034502,0.5167450054671986,0.433878024375385,0.4168205258639875,0.4755176644516247,0.4646160059957083,0.4871377040837379,0.4608452509925736
408,0.4563754476667474,0.4513127581574619,0.4704439086444589,0.4347478728384183,0.516565452928138,0.4336684173206173,0.416628397843635,0.47528828117287,0.4645209650476815,0.4868991841491841,0.46064506857692117
409,0.4562505578353639,0.4511577578680218,0.470132269868117,0.4345658349802372,0.5163565468922612,0.4335082153511056,0.41647687136295,0.4751375658972816,0.4643372395696115,0.4867191456209829,0.46046420052459325
410,0.4560694276740709,0.4510210360127052,0.469876125009639,0.4343629340328245,0.5160871289639061,0.4333631980850597,0.4163232505842409,0.474973975423748,0.4642056811098893,0.486588091020575,0.4602870847916659
411,0.4558958140217268,0.4509110707352282,0.4695784838517294,0.4341461294610901,0.5158415230310426,0.4332259230006554,0.416151445311764,0.4747274053135665,0.4640506094921596,0.4864712075312784,0.46009996117502405
412,0.4556995805441625,0.4507415736610605,0.4692518803708605,0.4339028338843003,0.5155735159160024,0.4331551462433111,0.4160097791245116,0.4744796369071926,0.4638658792906656,0.4862546847545307,0.4598934510696598
413,0.4556320401122772,0.4506337222249715,0.468914158568704,0.4337041746957962,0.5153463009334662,0.4330722718495901,0.4158392129940241,0.4743055913376272,0.4636764399794635,0.4860906464427591,0.45972145591386787
414,0.4554291523654418,0.4504689388893,0.4686788029961299,0.4334646133173981,0.515126131860901,0.4329270721617895,0.4156642525603215,0.4740562204161829,0.4635249518461012,0.4858626473270011,0.45952027837405673
415,0.4552469396022223,0.4503290139268571,0.4684150564943217,0.4332845306563374,0.5148756211811175,0.4327651957919345,0.415549023499893,0.473858511837655,0.463375444668119,0.4856741965025511,0.45933735341610094
416,0.4551612829083458,0.4501233241255407,0.4680869496448394,0.4331228486885807,0.5146087086318663,0.4325960003973115,0.4154531273672852,0.4736764640655262,0.4632199100402379,0.4854513518484458,0.459149996771798
417,0.4550780423929945,0.4500347281664995,0.4678534222725352,0.432930678135587,0.5143742028739053,0.4324231496671167,0.4153643274168788,0.4735229776228826,0.4631373576684342,0.4851657383054825,0.4589884624522316
418,0.4548857079449622,0.4498751009708441,0.467583220278472,0.4327944123423282,0.5141713788219671,0.432277989863753,0.4152446452168034,0.4733225929638646,0.4630663460815989,0.4849322049669831,0.45881535994515765
419,0.4546741825280624,0.4497355064976113,0.4673716655458417,0.432624415361653,0.5139380992116724,0.4320932086614173,0.415037557132179,0.4730354770592175,0.4629922502528202,0.4847099389397448,0.458621230119022
420,0.4544777765523326,0.4495853497413644,0.4670459396784647,0.4325022867066122,0.5137022482756199,0.4318841108229299,0.4148694465142983,0.4727201736149105,0.4628952388711243,0.4844825371137936,0.458416510789145
421,0.4542956384499453,0.4493609953868045,0.4667189167414611,0.4324129875965611,0.5134473497268716,0.4317389227453397,0.4147088141269599,0.4724427049445496,0.4627685049815898,0.4842886751018177,0.45821835098019
422,0.4541447228402825,0.4490973188523652,0.466416985371282,0.43228412508606,0.5131782978188972,0.431565025453647,0.4145766909898862,0.4721749519044392,0.4626082577876443,0.4840490913327885,0.4580095467437292
423,0.4540158110645302,0.4488238270096289,0.466161375457117,0.4321667586315623,0.5129309937086795,0.4314401527380698,0.4144331690959275,0.4719602001906577,0.4623414545552387,0.4838335034814931,0.45781072459329053
424,0.4538756222413832,0.4486375255547207,0.4658626503158469,0.4320988638857139,0.5127576402710069,0.4313176419256315,0.4142932709716355,0.471672376688715,0.462171960341862,0.4836199866255647,0.4576307538822079
425,0.4536955437950605,0.4483449908838353,0.4656315055600097,0.4319813440268557,0.512589594676346,0.4311275094254503,0.4140900394091633,0.4714521173947041,0.4620245671502105,0.4833731262216758,0.45743103385433115
426,0.4535801961646559,0.4481020880497157,0.4653858313125769,0.4318658441681075,0.5124912188177547,0.4309738720010795,0.4139209496243194,0.4712280880517985,0.4617709221748401,0.4831087819982815,0.457242779236313
427,0.4534734900597653,0.4479059276439499,0.4650776629779926,0.4317864552724628,0.512362837150477,0.4307295460296412,0.4138228784715783,0.4710324146336249,0.4615649326496453,0.4829096140169392,0.4570665758906077
428,0.4533472359946395,0.4477406329746497,0.464787972695963,0.4317393866397285,0.5122102561642522,0.4305665375440299,0.413674444404681,0.4707344040802989,0.46138539259632,0.4826741780164106,0.45688604411109734
429,0.453209575674489,0.4475487398252943,0.4645178132889406,0.4316830783336938,0.5119872414558746,0.4304157778442847,0.4135189513563022,0.4705707038344301,0.4612424176418948,0.4824760232490144,0.4567170322504219
430,0.4531820615796519,0.4473972697369388,0.4642729005474671,0.4316442367440767,0.5118014945045962,0.4302253905171237,0.4133752264660619,0.4704271769970216,0.4610808045583746,0.4822559452117981,0.456566250686311
431,0.4531091598953442,0.4472261792750093,0.4640080013119145,0.431564849956011,0.5116255658298214,0.430054117691738,0.4132498137218957,0.4702309613422913,0.4609589220818409,0.4821052959382156,0.4564132867044083
432,0.4530082186975369,0.4470741024352035,0.4637513748565552,0.4315587476224936,0.5115090458437878,0.4298984202919588,0.4131577457479182,0.4700538893602698,0.460825261450519,0.4818772269472156,0.4562714033253458
433,0.4528886005103363,0.4469870475835174,0.4635134924136994,0.4314808197700224,0.511299867324306,0.4296980279634034,0.4131009777255017,0.4698540645945889,0.4606987157961314,0.481618003707654,0.4561139617389161
434,0.4528156766992227,0.4468612978512531,0.463273423648987,0.4314007425285453,0.5111295740892214,0.4295820053704075,0.4129831752901368,0.4697052635612201,0.4605693223776588,0.4813765923440887,0.4559697073760741
435,0.4526979022716333,0.4467146947754035,0.4630212682716241,0.4312618154800649,0.5109851996039804,0.4294168684044263,0.4128539747326934,0.4694980747931574,0.4603578441220117,0.4811446995970223,0.45579523420520174
436,0.4525533762924107,0.4466172058798027,0.4627713036900058,0.4311629968779882,0.5107526843942086,0.4292163662446204,0.4126959093652242,0.4692697605204873,0.4601900656111594,0.480949467457483,0.45561791363333903
437,0.4524329481803529,0.4464623538770146,0.462539283511651,0.4310948393452561,0.5105205727133831,0.4290912483208119,0.412535198778981,0.4690684052571665,0.4600433640032076,0.480767869691798,0.4554556083679623
438,0.4523015208294201,0.4463614414890864,0.4622881542810176,0.4310096041817551,0.5102627202639509,0.4289660250765815,0.4123560116077822,0.4688386735164057,0.4599299455488775,0.4805622771348139,0.455287637392969
439,0.4521868254684683,0.4462460734184761,0.4620999620296169,0.4309456488971511,0.5099616672745964,0.4288231238677046,0.4121840057353638,0.4685596235313473,0.459807296517862,0.4803879768807763,0.45512022036213634
440,0.452066640950754,0.4461184438048582,0.4618930581613508,0.4308611553890912,0.5096773233709129,0.4286202746228174,0.4120880993012475,0.4682352257897003,0.4596119381551865,0.4802473951043513,0.454941955465027
441,0.451971140195818,0.445962817713885,0.4616889769383289,0.4308088676228074,0.509472363962396,0.4284138935670645,0.4119338411785843,0.4679964854206257,0.4594913121362822,0.4800785109741687,0.454781820970996
442,0.4518706122324717,0.445808870344263,0.4614654924906194,0.4307246584473918,0.509247832688124,0.4282577380241034,0.4117358427829437,0.4677476429907621,0.4593520380650278,0.479875638198849,0.4546086366264556
443,0.4517894997312995,0.4456604704161635,0.4612760935006827,0.4306186825543758,0.5089995020034532,0.428105181464303,0.4116470848877264,0.467507360954115,0.4592134858111505,0.4796556870532658,0.45444730483765355
444,0.4517048144985982,0.4455198699830412,0.4610775611820158,0.4305281825390925,0.5087494242736048,0.4279851564785025,0.4115413934659901,0.4672394721128642,0.4590841242314362,0.4794495314114232,0.45428795301765684
445,0.4516003846490606,0.4453893186782216,0.4608110158462333,0.430393796739906,0.5084533683734047,0.4278638607469963,0.4114125629383652,0.4669583535076393,0.4589321395562318,0.4792531808566085,0.45410679818926675
446,0.451483733534061,0.4452025422466535,0.460637234926896,0.4302640625433173,0.5082140224876701,0.4277185439389855,0.4113101995452251,0.4666763476576247,0.4587916314057358,0.4790352421830098,0.45393335604691787
447,0.4514261393321043,0.445001989865698,0.4604681375257584,0.4301349400403008,0.5079510844933636,0.4276046933043399,0.4112287762990106,0.4664286096122684,0.4586841348618004,0.4788222643568491,0.45377507696914937
448,0.4513299249966316,0.4447679598464058,0.4603090344617498,0.4300463189883344,0.5076495486511172,0.4274545131506833,0.4111307533091573,0.4661422899756527,0.4585533368234737,0.4786449387925086,0.45360286189957144
449,0.4512591446845867,0.4445630628245255,0.4600915823109953,0.4299442911828233,0.5074139506597893,0.4273557213034026,0.4110094888293922,0.4658933379816392,0.458417936280557,0.4784153630717657,0.45343638791294766
450,0.4511917821272135,0.4444016854088728,0.4598931934372997,0.429819444486758,0.507186231830591,0.4272209580838323,0.4108864136166775,0.4656715363255147,0.4582981729839609,0.4781940524041222,0.45327634707048425
451,0.4511223289725732,0.4441996529750735,0.4596565684791371,0.4296630532862216,0.5069207162025147,0.4271201092716715,0.4107495971261666,0.4653627725908086,0.4582056507055657,0.4780093690577,0.45310098186674325
452,0.4510926965959312,0.4440930953177304,0.4593583849082218,0.4295176566831795,0.5067160397365778,0.4270612973433252,0.4106276978969309,0.4650958053503654,0.4580986657627954,0.4778294192772895,0.4529490758872347
453,0.4509878581979321,0.4439260176093416,0.4590797827009808,0.4293235705587836,0.5064942013362207,0.4269437822303634,0.4105146504295363,0.4648264438696394,0.4579821154200725,0.4776781481403788,0.45277565704932493
454,0.4508547227623593,0.4437436361237258,0.4587715309444181,0.4291630056828112,0.5062692423545825,0.4268290310833735,0.4104066791753172,0.4645787440434558,0.4578705746788271,0.4775032723099819,0.45259904391588524
455,0.4507653827280928,0.4435634866897117,0.458527659520471,0.4290357213685178,0.5060224700630982,0.4267203710592667,0.4102914438206601,0.4642743490838958,0.4577460305331846,0.4773276468414339,0.45242745617083313
456,0.4506321559502633,0.4434034709293265,0.4583268281265321,0.4288951768777812,0.5057592750197005,0.4265729007184077,0.4101948675894402,0.4640375328416424,0.4575855148262273,0.4771693665844306,0.4522577089463751
457,0.4505108214353563,0.4432037175369818,0.4581150528987907,0.4287745773399839,0.5054745980060598,0.426402119431647,0.4100804950320548,0.4637860551242789,0.457486793072214,0.476988866591772,0.4520823096469139
458,0.4503929875800476,0.4430340032845009,0.4578697773711497,0.4285667707786944,0.5052860303958228,0.4262769272218252,0.4100130328857198,0.463544002323555,0.4574294098744323,0.4767926736981507,0.4519205615413899
459,0.450321099050598,0.4428660018004533,0.4576742071802073,0.4283975296313468,0.505150959200385,0.4261646946458979,0.409919241284469,0.4632691985999948,0.4573855627148676,0.4765777589114106,0.45177262530196305
460,0.4502033826074604,0.4426673372595465,0.4574624535455417,0.4282342148476171,0.5049271057978784,0.4260429513974861,0.4098005453581714,0.4630161629118897,0.4572783103790399,0.4763819916861186,0.451601445579075
461,0.4500884877713109,0.442509984170943,0.4573092288754888,0.4280852972560751,0.5047228955350039,0.4259355498483457,0.4097023621360599,0.4627418261684095,0.457190300022558,0.4761516631583884,0.4514437594942583
462,0.4499499400203008,0.4423811527983584,0.4571322080876001,0.4279462969731986,0.5044387467388812,0.4258114842683834,0.4096283017944801,0.462463935335403,0.4570797984040319,0.4759323104270945,0.45127641748477315
463,0.4498619974634107,0.4421564733489775,0.4569154947904564,0.4278033594572189,0.5041165140023788,0.4256893343043081,0.409572922766608,0.4621956671634155,0.4569857869539198,0.4757092560465354,0.4511006806297229
464,0.4497705714130001,0.4419593996464418,0.4566091375262572,0.4276824262716113,0.5038795344768101,0.4255948960329697,0.4094753962717199,0.4619698947074997,0.4568547843163003,0.4755287646454982,0.4509324805308109
465,0.4496574354866396,0.4417954158120877,0.4563402820771076,0.427527923323431,0.5035452652399323,0.4254754568605245,0.4093925823442316,0.461758374150111,0.4567814343630377,0.4752943539149071,0.450756852357201
466,0.4495801064928691,0.4415597855284925,0.4560655058043117,0.427350465981594,0.5033200624751172,0.4253915166144434,0.4093146095223235,0.4615752156665197,0.4566632726365973,0.4750681688690678,0.45058887095913364
467,0.4494988402703664,0.4414138712133068,0.4557970912431108,0.4271975724372172,0.5030283793191895,0.4252537403471453,0.4092004367936981,0.4613133264491991,0.4566051389555093,0.474852074505064,0.4504160471533806
468,0.4493931425003193,0.4412139913341128,0.455519389334416,0.4270921949818876,0.5026972564493687,0.4251683116646086,0.409083137762816,0.461180859387225,0.4565065430607525,0.4746747611923121,0.45025295876678195
469,0.4493135373231084,0.4410183030744311,0.4552747878286069,0.4270265442437812,0.502488507666616,0.4250760896464036,0.4089741310742063,0.4609770538146395,0.4563777928332622,0.4744942789988894,0.45010210265039446
470,0.4491824947976813,0.4409285667302506,0.4550305022398659,0.426943187850532,0.5023157932984915,0.4249341532263784,0.4088800482426831,0.4607709347038839,0.4562429008364747,0.4742427395096038,0.44994713214358456
471,0.4490872748778461,0.4408248090901934,0.4547712217545113,0.4268270517250805,0.5021277369948394,0.4248662127861866,0.4087367758587725,0.4605499965881104,0.4561442689832237,0.4740439938114077,0.44979793424701714
472,0.4489631274277673,0.4407299706603643,0.4545791703506109,0.4267241567326511,0.5019312059364732,0.4247457694087896,0.4085696388937446,0.460356315654387,0.4560012014768518,0.4738583679256564,0.4496458924467296
473,0.4488484509772612,0.4406592464188841,0.4543614159867138,0.4265717033297271,0.5016844959936572,0.4246169295250533,0.4084266748376803,0.4601485377448653,0.4558634066834418,0.4736926025841261,0.4494873464081411
474,0.4487725479458179,0.4405838636766069,0.4541044252247712,0.4264451771288287,0.501450683470906,0.4245128716985475,0.4083059425452093,0.4599899481731496,0.4557426471015883,0.4735190755374288,0.44934271825028543
475,0.4486782541328072,0.4404839891113489,0.453917350452151,0.4263793545264297,0.5012418498794843,0.424438132391613,0.4081668252124601,0.4598167150931136,0.4556055631290425,0.4733295009632713,0.4492057534891722
476,0.4485725820124349,0.4403730879243875,0.4537588634499216,0.4262245749837433,0.5010259129087985,0.4243678226741344,0.4079774335587356,0.4596499396421313,0.4554743018973811,0.4731829144935744,0.4490607433545243
477,0.4484323318900279,0.4402106768794238,0.4534859706891064,0.4260525868660266,0.5008023312460641,0.4242611890186987,0.4077917615351839,0.459471957904102,0.4553348731458051,0.4730725800105669,0.44889162591850057
478,0.4483065254113113,0.4400639616256021,0.453341500602163,0.4258809566172711,0.5005970494134376,0.4241360096931431,0.4076567971277869,0.4593551680136112,0.455169041808638,0.4729604457214941,0.4487467456034458
479,0.4481803530907156,0.4399290288743602,0.4531859112598101,0.4258228504149038,0.5004019317305505,0.4239890739159839,0.4074780774751909,0.4591645082232906,0.455015787222683,0.4728334591617034,0.44860009813691926
480,0.4480662229800341,0.4397907622005164,0.4529942294416483,0.4256942169656277,0.5001784098845176,0.4238556200291375,0.4073151644999637,0.4589674614034611,0.4548493784463162,0.4726448932805662,0.4484356359131788
481,0.4479685511475841,0.4396992642770165,0.452771608806819,0.4256032219286176,0.4999606782848914,0.423808785209083,0.4071593072831508,0.4587127203946774,0.4546800788166086,0.4724927323761861,0.4482856948524635
482,0.4479122951963297,0.4395922595658253,0.4525964517946431,0.4254286963884984,0.4997431440597484,0.4237399853131678,0.4070373701064952,0.4585433598231608,0.454499981487125,0.4722945775577924,0.44813881212927864
483,0.4478440652345338,0.4394616715870915,0.4524384826100698,0.4252932109089287,0.4995482875150551,0.4236024024337054,0.4069403507507631,0.4583398918886543,0.4543455196216285,0.4721163254012175,0.44799302079516484
484,0.4477975569992679,0.439379869857849,0.4522897676359932,0.4251709579930994,0.4993449816033912,0.4235322213010012,0.4067914589504921,0.4580694650972524,0.4541398525720567,0.471935858658336,0.44784519906687387
485,0.4477386081361729,0.4393093182457091,0.4521044167003845,0.4250915466982453,0.4991185535834749,0.4234493887677372,0.4066282177989666,0.4578087114445635,0.4539834315647904,0.471826165826642,0.4477058358766686
486,0.4476794389233394,0.4392431347382623,0.4519440670289855,0.4250017980536761,0.498837401155828,0.4233213012113788,0.4065028844164898,0.4575876349257241,0.4538267998996808,0.4717019927188065,0.4475646453072171
487,0.4476079123087562,0.4391688720856962,0.4517710915240103,0.4249402010591063,0.4985752042982147,0.4232192613992739,0.406350690500084,0.4573614404333732,0.4536572608976701,0.4715639522942312,0.44742158868004156
488,0.4475582792662686,0.4390793615673181,0.4515282991625758,0.4248504040604219,0.4983530867188041,0.4231294925059448,0.4062377545628227,0.4571261943626966,0.4535065442934713,0.4714648887262039,0.44728343052265285
489,0.4474876632801161,0.4389740023926025,0.4512709145677703,0.4247773915717395,0.4981700239283989,0.4229335418591208,0.4061288716351648,0.4568810683540578,0.4533019400727492,0.4713221394220944,0.4471247557083814
490,0.447384501544269,0.4388860519751508,0.4510525401288373,0.4247036406111779,0.497979040756793,0.4227838573237425,0.406034191642043,0.4566718855925364,0.4531599290542802,0.4712066763235921,0.44698623149524225
491,0.4472791052160076,0.4388320637741349,0.4508420600366636,0.4246320498285776,0.4978204203894911,0.4225955978763192,0.4059503002859145,0.4564207081008161,0.4530443018960299,0.4711586944440679,0.44685753018480223
492,0.44716296525492,0.4387387782131778,0.4506212843638317,0.4245453715587455,0.4976607030759573,0.4224912094509123,0.4058469862217941,0.4562202580697874,0.4529596910926916,0.4710621849921045,0.44673094322939216
493,0.4470620570017666,0.4386204186336422,0.4504600344206615,0.4244599362328452,0.4974824818556994,0.4224099302004165,0.4057900493169378,0.4559721733209569,0.4527749761973297,0.4709606235503533,0.44659926807306094
494,0.4469434035370798,0.4385357636532088,0.4502802494010793,0.4243468753643307,0.497301551476955,0.4223389346032626,0.4056819643254793,0.4557752351879472,0.4526348577502312,0.4709011577069708,0.4464739993006545
495,0.4468828478467481,0.4384479426903793,0.4500706608618754,0.4242078731298883,0.4971215639193123,0.4221936202806353,0.4056174907030723,0.4554787217111755,0.4524995043015609,0.4707724048533449,0.44632926302979925
496,0.4468021500946706,0.4383109750385785,0.4498694420651815,0.4241137751688715,0.4969123129059588,0.4221138040992609,0.4055294486683495,0.4552104433941031,0.4523642716654397,0.4707246547541914,0.4461951277854605
497,0.4466812201193251,0.4382182836738508,0.4496347879040761,0.4240036111963231,0.4966439598572527,0.4220210271717846,0.4054283947489979,0.4550059564402932,0.4521867259934681,0.4706288339871864,0.44604528010925587
498,0.4465776003867801,0.4381268768768768,0.4494038678367276,0.4238761746776934,0.4963814848834694,0.4219326874851516,0.4053215825199425,0.4548173601147776,0.4520474454250519,0.4705824039983162,0.44590674842047867
499,0.4465149712056913,0.4380222261382911,0.4491781217576624,0.4237601845331648,0.4961280495491331,0.4218050436009773,0.4052798730635769,0.4546843575259124,0.4519125449162199,0.4705040871210511,0.445778945941168
500,0.4464528343331119,0.4379297992870049,0.4490163776250765,0.4236850602956691,0.4958927523761098,0.4216832550310014,0.405108526290876,0.454503657426302,0.451810788171847,0.470422553879596,0.4456505604716594
501,0.4463506787566388,0.4377584888196034,0.4488161998114355,0.4235776052683457,0.4956610213885266,0.4215647495206261,0.4049784070927044,0.4543577255674411,0.4517048204538302,0.4703155261501684,0.445508522282932
502,0.4462280957411927,0.4376253748244339,0.4486651411242644,0.4234556641149165,0.4954450082815505,0.4214729229048761,0.4047725416119813,0.4542038950715421,0.4515794174000584,0.4702005782435851,0.44536486393184005
503,0.4461604018482945,0.4375458847372491,0.4484449019912536,0.4233423936811694,0.4952427274617143,0.4213176233887403,0.4046459956098169,0.4540513335975989,0.4514586505134268,0.4700753879916007,0.4452285300820865
504,0.4460429479626585,0.4374667264860315,0.448160822362868,0.4232557158759495,0.4950499001996008,0.4212612541175186,0.4045319907237886,0.4539041973997808,0.4513444418713614,0.4699139130206556,0.4450931910020214
505,0.4459097695997768,0.4373520768237806,0.4478860436682187,0.4231931149452271,0.4949037986969121,0.4211706310100518,0.4044331678165174,0.4537040437552455,0.4511780601144269,0.4697686056648872,0.44494993120950443
506,0.4457529904706931,0.4372038406362227,0.4476688338320016,0.4230735205115385,0.4946758891324135,0.4210971249544023,0.4043235948614296,0.453532623962067,0.4510894172124382,0.4696236230589636,0.44480414586321704
507,0.4456384739967609,0.4369979926428921,0.4474349898020527,0.4229864093061344,0.4944835881652649,0.4210360237129872,0.4042843848603376,0.4533062044388661,0.4509558235830319,0.4695183033271671,0.4446642193835495
508,0.4455559416974226,0.4368352808159785,0.4472609278957383,0.4228936510014399,0.4942621107408441,0.4209448743891953,0.4041565213607442,0.4531764730539758,0.4508341111152593,0.4694449065421775,0.44453647986127753
509,0.4454772310314034,0.4367240200928169,0.447068213159296,0.4228137609527416,0.4940396779915404,0.4208030772707777,0.4040879558954398,0.453073653285465,0.4506727876335719,0.4693423342124165,0.4444102711525469
510,0.4453810418410896,0.4365892955060198,0.4468621125421809,0.4227181043691217,0.4938237743737139,0.4207055085831411,0.4040260862033289,0.4529331722736384,0.4505404473033362,0.4692210300040612,0.44428005729996317
511,0.4452800646812412,0.4364497400305399,0.4466978615436439,0.4226595346516125,0.4936425990427608,0.420579180084854,0.403896809452833,0.4527685810623454,0.4504335861493864,0.4690846411485723,0.4441492597847789
512,0.4451781826588186,0.4363425125003263,0.4464606278838521,0.4225788125353288,0.493393278293904,0.4205017313390211,0.4038124006283163,0.4526401057568919,0.4502857323939199,0.4689871433131841,0.4440180527303562
513,0.4451026431237977,0.4362276265696914,0.4461951877943788,0.4224910557454063,0.4932247988526702,0.4204393404424184,0.4036963085765337,0.4525280895776839,0.4502263901403182,0.4688892070773095,0.4439020647900208
514,0.4449887227645915,0.4361334887643236,0.4459736001617141,0.4224555431096336,0.4930234487812238,0.4203832040845328,0.40356883453594,0.4523288377889845,0.4500751674183408,0.4687569015477401,0.4437687748957025
515,0.4449188747401771,0.4360362219273582,0.4457755088873834,0.4223913054672977,0.4928593425847298,0.4203139334717229,0.4034729948176674,0.452166158101552,0.44996116856148,0.4686269749183453,0.4436522483477713
516,0.4448780463252836,0.435932253209801,0.4455731606281521,0.4223765299700748,0.4926711788988366,0.4202590173705292,0.4033609500432808,0.4519647324141027,0.4499125959639555,0.4684849249690239,0.44354133897930403
517,0.4448215854938411,0.4358125291797756,0.4453293365136751,0.4223391627029687,0.4924335485768526,0.4202200237345957,0.4032497551327488,0.4517773716351049,0.4498455004501507,0.4683648123467591,0.4434193625766472
518,0.4447329272050038,0.4356348715932178,0.4451584401381683,0.4222998056862344,0.4921899636223983,0.4201953438217159,0.4031606615112975,0.45160776423052,0.4497646865872136,0.4682315999411319,0.4432976064336901
519,0.4446108047051297,0.4354952663854988,0.4449442395994615,0.4222273846114604,0.491945804814335,0.4201462195073022,0.4030854085319039,0.4514591786298185,0.4496363740241932,0.4680866788344265,0.44316373596435304
520,0.4445580821303014,0.4353511572040701,0.444774276488085,0.4221741702693968,0.4917432986791061,0.4200316691598417,0.4029997509293156,0.451253409500283,0.4495008587793675,0.4680054907031838,0.4430392163842951
521,0.4445080649976118,0.435218822501081,0.4446441029658527,0.4220873685359544,0.4914972819038847,0.4199773271208563,0.403001373867907,0.4511082098927194,0.4493585854017805,0.4678636148318366,0.4429264752019484
522,0.4444454565762367,0.4351144173251906,0.4444764854033676,0.4219962674283746,0.491278151919386,0.4198898559961758,0.4029109623485768,0.4509336022439758,0.4492456779875122,0.4677247429677484,0.4428015620196544
523,0.444360736925515,0.4349530046046694,0.4442937102529328,0.4219050945164542,0.49106776340218,0.4198118083930501,0.4028281121648869,0.4507807717012418,0.4491728137860082,0.4676109931007847,0.44267848088477224
524,0.4442540255838887,0.4348265843912101,0.4441600490704718,0.421792573123436,0.4908249708407326,0.4196607431340872,0.4028101059494702,0.450658439688935,0.4491099450915995,0.4675198666880179,0.44256173035618496
525,0.4441065099840787,0.4346885774100013,0.444058511237648,0.4217104905933575,0.4906173350663508,0.4195424411706546,0.4027923969814687,0.4505360776501731,0.4490408156996063,0.4674486621965041,0.4424541817989843
526,0.4440068058656333,0.4345328938752346,0.4439472280892532,0.4215822397540418,0.4904048148051337,0.4194437183587614,0.4027969528084053,0.4503890920341284,0.4489055883870242,0.4673448863296738,0.44233542203072895
527,0.4438357706666405,0.4344139369627507,0.4437983636093417,0.4214527959213794,0.4901637974412923,0.4193624859468674,0.4027924415255747,0.4503070639882932,0.4487817763950783,0.4672539299150651,0.44221623623722833
528,0.4437133473964476,0.4342879751177789,0.4436141778564945,0.4213646686248624,0.4899228116531517,0.4192473091892476,0.4027460072008862,0.4502074330852453,0.4486981367091182,0.4671579434085292,0.44209598102417613
529,0.4435742536065409,0.4341860857818305,0.4434574073401445,0.4212743916708574,0.4896993706188482,0.419140970996433,0.4027044876754725,0.4501160087277965,0.4485953634390278,0.467038789563772,0.44197871294207236
530,0.4434510651149876,0.4341102747476679,0.4432935615520181,0.4211779702902672,0.4894882600920767,0.4190292584044645,0.4025932630940511,0.4499571283665987,0.4485476321794878,0.4669006453364263,0.44185490591780463
531,0.4433372375013972,0.4339732010004475,0.4431509717460449,0.4210625898211011,0.4892787404095372,0.4189264691550531,0.4025311618951566,0.4498432378021144,0.4484628150279534,0.4667683108492412,0.44173347352080466
532,0.4432481392586128,0.4338398337277087,0.4430200212729244,0.4209633814445221,0.4891409976408534,0.418825748369095,0.4024703038452918,0.4496739901897386,0.4483220616376271,0.4666219111046693,0.4416126388491043
533,0.4431558400092883,0.4337084270869845,0.4428714358013939,0.4208615391823941,0.4889430160047482,0.4187012645336502,0.4023979960889278,0.4495398166504085,0.4482369409311847,0.4664570966397883,0.4414873372928768
534,0.4430635702839932,0.4336074064380462,0.4426671842729681,0.4207916982394677,0.4887763452986633,0.4185711469382325,0.4023190161142706,0.4494256513697143,0.4481815265392462,0.4662901845426292,0.4413693730037232
535,0.4429794178338643,0.4334796180021657,0.4424658722917002,0.420699297095118,0.4886289413190618,0.418471982238525,0.402240588216588,0.4492930673118835,0.4481426985286027,0.4661217096435803,0.441252319248109
536,0.4428529028104422,0.433344033461675,0.4422855791612596,0.4205926841808878,0.488476071557026,0.4184094307142255,0.4021589842846976,0.4492034540947063,0.448092118066818,0.4659442812251266,0.4411359539556864
537,0.4427519797898451,0.4331672987099146,0.4420902580508981,0.4205281426945268,0.4882879319997964,0.4182730832052267,0.402087188068882,0.44909473161886,0.4480438570941345,0.4657738283166325,0.4410098299548717
538,0.4426329665757146,0.4330338210596698,0.4419068469519774,0.420406828688191,0.4881144527689695,0.4181801374114219,0.4019863307339615,0.4489326812428078,0.4479802344442816,0.4655869453544498,0.4408761245231445
539,0.4425109699617512,0.4329097124292675,0.4416869689317145,0.4202823661826659,0.4879147365355148,0.4180536508391909,0.4019230717273738,0.4488381542646302,0.4479141581009838,0.4653965477643873,0.440743033673748
540,0.4424037529963746,0.4327603104489309,0.4414806045797828,0.4201940514964629,0.4877514452035412,0.4179494357229926,0.4019017767483864,0.44868719450069,0.4478608067667499,0.46528052960516,0.44062699080690704
541,0.4422916142209134,0.4326387701015881,0.4412852848089313,0.4201057817006368,0.4875635764644201,0.4178585470573675,0.4019049588536868,0.4484807612146911,0.4478401807551537,0.4651676987391308,0.440513717391652
542,0.4422153533381355,0.432505829520871,0.4411028953766401,0.4199951360811055,0.4873751631258816,0.4177906225735446,0.4018787828630989,0.4483318531485584,0.4477598469214364,0.4650821059861244,0.4404037588935396
543,0.442105768321513,0.4323704594164785,0.4409074681384646,0.4198827504165984,0.4871659233543869,0.4177102175015041,0.4017866468485116,0.4481873436327646,0.447748691356811,0.464963676007236,0.4402828944994269
544,0.4420023020388139,0.4322522296845446,0.4406847913277507,0.4197122159575465,0.4869579100145138,0.4176320391538718,0.4016824163345283,0.448017353473888,0.4477197155468366,0.4648855347806442,0.4401546508312938
545,0.4418556664643013,0.4321435618707,0.4405051735011054,0.419605098854112,0.4867188853469,0.4174974892379071,0.4016107583829102,0.4478568188131908,0.4476771649690116,0.4647399459522633,0.44002105633924016
546,0.4417434222110574,0.4320656815279905,0.4403764855381509,0.4195072143550601,0.4865120310001842,0.417366312927474,0.4015351016219163,0.4477069831301407,0.4476731711128365,0.4646077876089347,0.4399094191033745
547,0.4416080656269179,0.4319632425178064,0.4401861250855832,0.4193899506406693,0.486320533460537,0.417257269764397,0.4014674514071361,0.4475367474539943,0.4476422371052894,0.4644385373382406,0.4397810160400571
548,0.4415308908012396,0.4318610485637447,0.4399758090660938,0.4192896685992822,0.4860841904384247,0.4171442298914073,0.4013787300627442,0.4474397144455044,0.4475951451944231,0.4643158019426676,0.43966152290055316
549,0.4414408704452497,0.4317434847641195,0.439810254713697,0.4191969319180261,0.4858045184163292,0.4170841177377387,0.4012747192013229,0.4473401483516206,0.4475343072209514,0.4641589783592762,0.43953883311283315
550,0.4413652924480015,0.4316273093122014,0.4396592302880139,0.4191158798079885,0.4855854104902797,0.416949480944669,0.4011464411247803,0.4472196781928827,0.4474787721234654,0.4640077101056867,0.43941552048379684
551,0.4412931967072304,0.4314855298545267,0.439437551441593,0.4190180371854425,0.4853466993435104,0.4168370364515161,0.401076202417329,0.4471298939538624,0.4473744900990458,0.4638647354932541,0.43928633729473104
552,0.4411593410665975,0.4313464300436074,0.4392825278628172,0.4189004802158612,0.4850765833985846,0.4167176311766875,0.4009579689130049,0.4470148413703197,0.4472667768818111,0.4637281402032421,0.4391450721132534
553,0.4410364643156759,0.4312656641061392,0.4390620835523822,0.4187875842527394,0.4848244076113706,0.4166104701621209,0.4008446665502793,0.4468545742847639,0.4471864517230516,0.4636054378739534,0.4390077804432477
554,0.4409294898401542,0.4311870623289017,0.4389084511336887,0.4186965823004776,0.4846120823369346,0.4164687641424916,0.4007487860642352,0.4466902452169226,0.4470889158684761,0.4634633975882775,0.438879377682056
555,0.4408236800390196,0.4311003833532412,0.4387229833313055,0.4185486107857377,0.4843085199695924,0.416418448375556,0.4006096850932554,0.4464823074931799,0.4470053245484668,0.4633069729477612,0.43873269159371153
556,0.4406994938771763,0.4309925640799447,0.4385749017437302,0.4184847886303339,0.4839681025578711,0.4163279949987589,0.4005118775889763,0.4463351808533357,0.4469062214078733,0.4631496390021895,0.4385950764740191
557,0.4405811615444511,0.4308776657419415,0.4384034067243333,0.418386521638747,0.4837212713343677,0.4162471448883181,0.4004389258493455,0.4461535441165905,0.4467853312039663,0.4629876079775096,0.43845825810195704
558,0.4404394053981187,0.4307489371914427,0.4382520299669262,0.4182621544017386,0.4834685501736463,0.4162264848228281,0.4003683892479848,0.4460066576711496,0.4466717520398965,0.4628761289485693,0.4383320489862301
559,0.4403040657597198,0.4306137214608454,0.4380618727646077,0.4181900928907576,0.4831810768885597,0.4161571349960385,0.4002832252687975,0.445879426469573,0.4465291019100724,0.4627578308463231,0.4381957549255294
560,0.4402215841246375,0.4304949224226413,0.4379074786062761,0.418082407883581,0.4829163317465742,0.4160962187334112,0.4002098872077856,0.4457455631197859,0.4463927137391568,0.4626305763624958,0.43806976839463446
561,0.4401060314838054,0.4303797290448426,0.4377617731655068,0.4179668663560387,0.4826779746470758,0.4160176534504471,0.4001028879821433,0.4455914033899635,0.4462478563836069,0.4625053213154061,0.43793574972188365
562,0.4400540933421489,0.4302830421237403,0.4375737773576326,0.4178819082497717,0.4823785631146088,0.415936490801553,0.4000247565004536,0.4453680377926544,0.4461244455547751,0.4623138162924663,0.43779389311298045
563,0.4399499242028877,0.4301532443958122,0.4373801519901251,0.4177646184432151,0.482088642070282,0.415842246261548,0.3999520635110435,0.4452054935018632,0.4459903378802593,0.4621587753942582,0.4376485497651295
564,0.4398187673156733,0.4300614532942267,0.437122203114505,0.4176152373167774,0.4817923089389043,0.4156993523219562,0.3999011611803558,0.4451150206603516,0.4458655206473515,0.4620342532140963,0.4375025278004198
565,0.4396755738497699,0.4299896205317075,0.436946272841765,0.417472170867096,0.4815449064211807,0.415578200034237,0.399798891874883,0.4450246712525218,0.4457367891293407,0.4619169708029197,0.43736840676054206
566,0.4395174379460478,0.4298800241089793,0.4367453506702858,0.4173705783113802,0.4812980875282553,0.4154510886176084,0.3997187168498324,0.4449047912367196,0.4455623454180689,0.4618299744613438,0.43722783951485217
567,0.4394074195997286,0.4298099205189091,0.4365236356498769,0.417260214450428,0.4810374036987261,0.4153173966078588,0.3996297417571018,0.444819110067991,0.4454281552945563,0.4617200857612675,0.43709530834064436
568,0.4392827393122002,0.4297121831012523,0.4363047981239707,0.4172119498916625,0.480799690778836,0.4152191144590038,0.3996005907158732,0.4447242036909632,0.4453328085722856,0.4615890764872521,0.4369777155133299
569,0.4391861725015104,0.4295984942749771,0.4360613991320147,0.4170765934447747,0.480582791313235,0.4151096028626214,0.3995913356624336,0.4446606046593402,0.4452315285338383,0.4614469485733927,0.43685454709581373
570,0.4390519743998718,0.4295212650310237,0.4358483661696028,0.4170284547502391,0.4803745548006353,0.4149756789623023,0.3995661619126369,0.4445570330465122,0.4451218574756076,0.4613245558411431,0.43673699023895746
571,0.4388987264228418,0.4294676611725432,0.4357203714418907,0.4169171877296729,0.4801505222871419,0.4148920649876775,0.3995334329975266,0.4444739340583462,0.4449748649104447,0.461203641571379,0.43662324075794645
572,0.4387784254493591,0.42937258090374,0.4354843726266839,0.4168389134226779,0.4799361796649403,0.4148369673668666,0.3994631370297577,0.4443672012554543,0.4448825227185755,0.4610653461431306,0.43650256465811854
573,0.4386677082044301,0.4292847911636739,0.4352750561231983,0.4167582474493759,0.4796535898315127,0.414759842136467,0.3994176670716381,0.4443290348146592,0.4447711402048007,0.4609242452098345,0.43638413222095906
574,0.4385638012880863,0.429196883456191,0.4350641857479733,0.4166574322472218,0.4794062767621104,0.4146617128024245,0.3993798910661741,0.4442376440210854,0.4446723693149477,0.4608162292771326,0.43626564259833467
575,0.438441568727532,0.4291415525208649,0.4348526719735691,0.4165371870438917,0.4792121992389117,0.4144936904001586,0.3993664465230005,0.4441643591748647,0.4445885893313546,0.460683092192945,0.4361481357127093
576,0.4383418290624183,0.4290747877413532,0.4346595783094881,0.4163920618515188,0.4789828541514171,0.4143931016902968,0.3993156776710572,0.4440626964080307,0.4445209658841597,0.4605709664771613,0.4360314519246901
577,0.4382388723385613,0.4289834466157479,0.4345073190785675,0.4162352226865245,0.4787943044410753,0.4142682477630855,0.3992655465671022,0.4439575760157522,0.4444256440895181,0.4605114803517914,0.43591876599477253
578,0.4381322320191295,0.4288950042162851,0.4343296756219914,0.4160925942012522,0.478614916514284,0.414145049156228,0.399196625213201,0.4438469812572762,0.4442875735498227,0.4604080693215372,0.4357948721071008
579,0.4380527397081017,0.4288190554578314,0.4341440893635901,0.4159791928737481,0.4784334068796058,0.4140629269889774,0.3991669988907502,0.4436870305269408,0.4441910742991036,0.4603148969233051,0.4356851411911954
580,0.4379382937423291,0.4287540918458065,0.4340112574487703,0.4158561728134972,0.4782423660223436,0.4139690333230975,0.399078475992596,0.4435174702208138,0.4441003749476093,0.4602017706425869,0.43556693069994507
581,0.4378315615310456,0.4286854996166624,0.4338660652578872,0.4157466960547397,0.4780102579488225,0.4138573576803809,0.3990131520757612,0.4433710637539345,0.4440130824895387,0.4600272324311695,0.4354421968839942
582,0.4376835223641307,0.4286165081230642,0.4337277065518934,0.4156240780163771,0.4778390813265056,0.4137700010625311,0.3988760380448838,0.4432405912279962,0.4438749075093393,0.4598860094623693,0.435313844368909
583,0.4375932995942226,0.4285463579530413,0.43359041565572,0.4154822062096472,0.4776597786785458,0.413654107047422,0.3988105937558246,0.4431169751493769,0.4437490714436856,0.4597202273824678,0.43519230328699543
584,0.4374885840316648,0.4284918286340272,0.4334496953991635,0.4153806751090109,0.477459190520055,0.4135604542706624,0.3987237688985543,0.4429771783749027,0.4436307080971924,0.459597532984073,0.4350759616319307
585,0.4373747950017002,0.4284369827334393,0.4333026279680026,0.4152784854010194,0.4772330740394478,0.4134602375063556,0.3986036258385874,0.4428232219104975,0.4435769303193063,0.4594723481909674,0.4349562328909323
586,0.437284309093252,0.4283762337149625,0.4331208872274368,0.4152142492736106,0.4770558549175874,0.4133406680583653,0.3984925865915419,0.4426698153246024,0.4435149498316535,0.4593493744425375,0.43484189284755503
587,0.4371994359266704,0.4283091069999757,0.4329462332331631,0.4151680653908088,0.4768368895896488,0.4132427524183634,0.3983827744295688,0.4425342513299072,0.4434157432293666,0.4592052838893604,0.4347240536436834
588,0.437093140630547,0.4281718383248505,0.43273776163917,0.4151121809547482,0.4766170057402487,0.4131325195454662,0.3983125748794326,0.4424115267947421,0.443340870309068,0.4590607661019746,0.43459901849202476
589,0.4369621844256173,0.4280745837895279,0.4326130926025402,0.4150327011402972,0.4764499906684325,0.412998470582204,0.3983020969259248,0.4423119037418867,0.4432779088146437,0.4589292540949145,0.43449521867859897
590,0.4368528409006212,0.4279849415195869,0.4324757420891291,0.4149506062941694,0.4762322129222293,0.4128404748457497,0.3982653329053021,0.4422082927322535,0.4432336811841124,0.458820346952326,0.4343864472345479
591,0.4367809540810255,0.4279023217772361,0.4323165094508484,0.4148950246675781,0.4760503661855818,0.4126837301874195,0.3981893852384695,0.4420883399680798,0.4431567598680569,0.4587123512665945,0.434277574269089
592,0.4367216801576075,0.4278077711002456,0.4321984524402196,0.4148688976199177,0.4758565845597266,0.4125841335443655,0.3981359829480901,0.4419640405630503,0.4430878970844573,0.4585828970294002,0.43418083370470806
593,0.4366342782168894,0.4276942882072354,0.4321158477224983,0.4148147424845007,0.4756560828877005,0.4124906639794734,0.3980504984828782,0.4418525266084955,0.4430116324703786,0.458448357382644,0.4340768918442694
594,0.4365188053120704,0.427600801871565,0.431981332550892,0.4147263504273688,0.475474026580348,0.4124252941549251,0.397986657961564,0.4417169503571949,0.4429633064666962,0.4583059164668488,0.4339699442149474
595,0.4363992954007197,0.4275424885089591,0.4318279727290067,0.4146217571819073,0.4753132396490722,0.4122909667275095,0.3979501757948746,0.44159425412506,0.4429238935176848,0.4581607098139852,0.43386247534487793
596,0.436249180038349,0.4274904065479653,0.4316852564953746,0.4145276298069087,0.4751131474103585,0.4121705898311073,0.3977763859189991,0.4414488633141825,0.4428596445087339,0.458034939254652,0.4337356043126631
597,0.4360911349221502,0.4273924647030619,0.4315390858079176,0.4144193165937977,0.4749213325323769,0.4120170619674037,0.3976649374330636,0.4413268733294556,0.4428039038986491,0.4578713717532813,0.43360474829411577
598,0.4359643392544576,0.4273087540289889,0.4313974227326613,0.4143665611611586,0.4747390219769806,0.4119176877528287,0.3975486916236898,0.4412146994726798,0.4427230247316499,0.4576676025182916,0.4334847805253387
599,0.4358514425758896,0.4271982420063389,0.4312678425371362,0.4142524866317568,0.4745599652598366,0.4118387216741255,0.3975089819646907,0.4411009737706174,0.442617336856943,0.457497007309805,0.43336930005871394
600,0.4357149334851053,0.4271123018350629,0.431160056691407,0.4141939339799217,0.4744022391350612,0.4117145999020211,0.3974242664096866,0.4410005577019083,0.4425081482447844,0.457332110495927,0.43325631478808857
601,0.4355780712374818,0.4270016315298049,0.4310341808119858,0.4140997389255619,0.474198642732049,0.4116395261998423,0.3973317409755972,0.4409029791129981,0.4424566196767417,0.4571209476124756,0.43313640788145386
602,0.4354538509445713,0.4268735249514938,0.4309713627278585,0.4140094887109755,0.4739855635964097,0.411592203241349,0.397245124821135,0.4408262180034081,0.4423789639653298,0.4569227873329888,0.433025908829552
603,0.4353408471770777,0.4267655570218548,0.4308718519907058,0.4138977446374109,0.4738085154613559,0.4115416086639488,0.3971833850681207,0.4407329001146361,0.4422697561819124,0.4567428472214914,0.43291550135385143
604,0.4352568968939168,0.4266700537371763,0.4307941612094296,0.4138229859649271,0.4736717028574909,0.411495610417584,0.3971325372876464,0.440639464095371,0.4421380221534346,0.4565662445662445,0.4328187679183221
605,0.4351742332807229,0.426571458382496,0.4307190106319949,0.4137371414498403,0.4734935654642654,0.4114106583718714,0.3970666803828782,0.4405275414629587,0.4420206623668506,0.456442866033952,0.4327163817827831
606,0.4350662146664663,0.4264414512612893,0.4306609449310013,0.4136611920262682,0.4733510649818712,0.4112858601285181,0.3970093602340646,0.440417016419508,0.441917469627147,0.4562837809580367,0.432609435523417
607,0.4349540159033471,0.4263272801092533,0.4305419640117051,0.4135854642434814,0.4731685818455308,0.4112168062980999,0.3969207534279998,0.4402996079978195,0.441867602915952,0.4560928152146922,0.4324974891967881
608,0.4347853093444051,0.4262269283265862,0.4304339152227269,0.4135258878277827,0.4729880048912094,0.4111280789590715,0.3968190319042619,0.4401836036063928,0.4418135966789351,0.4559249715241206,0.4323829328285492
609,0.4346260460358057,0.4260809168695167,0.4303172934337423,0.4134802465887305,0.4728216686071411,0.4110070183618505,0.3967444422191067,0.4400599891871614,0.4417678130972847,0.4557471324079462,0.43226525668082855
610,0.434465109299491,0.4259919447818756,0.4302301077301077,0.4134113801245886,0.472656020151999,0.4109388717580339,0.3966730419526812,0.4399207401258205,0.4416976622258406,0.4555464928451013,0.43215313709955394
611,0.4343114267784813,0.4259173463073871,0.4300917430209505,0.4133525219811421,0.4724350140128043,0.4108759729072566,0.3966039351197232,0.4398002320353854,0.4415639835627627,0.4553649911437037,0.43203171668695967
612,0.4342254965951537,0.4258589073908401,0.4299682707053164,0.4132762278847871,0.4722414183851277,0.4107915764061338,0.3965627766887437,0.4396810241432765,0.4414848841207912,0.4551312406953526,0.4319221823015523
613,0.4340731925082688,0.4257740932045546,0.4298585155336241,0.4132442086942107,0.472055490367589,0.4107119160982098,0.396527090649481,0.4395347437973133,0.4413979857937875,0.4548806987468217,0.431805793539386
614,0.4339500990243369,0.4256739324994298,0.4296835952557923,0.4131766838381728,0.4718597880950911,0.4106621649513742,0.3964774449629362,0.439361434104296,0.4413237485967498,0.4546937090688517,0.431686260039703
615,0.4338105381437798,0.4255935272097067,0.4295091379761067,0.4130627005830453,0.4716557489868223,0.4105560670858523,0.396475357521161,0.4391733780931198,0.4412163701848519,0.4544913073720625,0.4315544133156508
616,0.4337368514473241,0.4254880186188239,0.4293376233339838,0.4130170767630367,0.4715194665355332,0.4104642627588389,0.3964123539232053,0.4390113645256375,0.4411289500670671,0.4542983002125246,0.4314414268185975
617,0.4336510446337089,0.4253786985180202,0.4291787651791441,0.4129410918181482,0.471351862427819,0.4103816504575222,0.3963532673760427,0.4388739123738288,0.4410345809575651,0.4541326092819143,0.4313277483023713
618,0.4335724990859012,0.4252267038927645,0.4289965104464812,0.4128384699659838,0.4711571096584637,0.4102921195243263,0.3962829856795977,0.4387230178452374,0.44096131054143,0.4539222241701968,0.4311972950810382
619,0.4334690070508232,0.4251013834157157,0.4288423108461621,0.4127449256014235,0.4709887814875587,0.4102244358568768,0.3962539243584091,0.4386073130375804,0.440873788135398,0.4537059756903829,0.431081184548033
620,0.4334172140774786,0.4249907166025038,0.4287218969641253,0.4126535631305442,0.4707897956223711,0.410125220789808,0.3962104472124702,0.4384667669646148,0.4408066174242819,0.4535118809569727,0.43096941197451705
621,0.4333132809208201,0.4248903590467023,0.4285977310943775,0.4125204997012478,0.4706276928240304,0.4099749876882403,0.3962109595605223,0.4383273182849584,0.4407647765452259,0.4533040395445889,0.43085316452107136
622,0.4332201052295918,0.4248021388557537,0.4284573904226391,0.4124310543078974,0.4704671567837323,0.4098115998543652,0.3962207488003401,0.4381933224014629,0.4406779468733282,0.4530655947149031,0.4307347058244013
623,0.4331435127076417,0.4247352031377749,0.4283206636727799,0.4123020673183353,0.4702395415975567,0.409693037227041,0.3961560710069934,0.4380083099526675,0.440632945977224,0.4528631202640434,0.43060944728620576
624,0.43305413721909,0.4246781617840623,0.4281726989743546,0.4121763694847166,0.4700831278156616,0.4095562157139716,0.3961104806755747,0.4378366773812984,0.4405837985582865,0.4526510958868258,0.4304902763493842
625,0.4329508623849575,0.4246061385778123,0.4280692990967505,0.4120496133720872,0.469849885583524,0.409418897064929,0.3960551841706327,0.4376517502383344,0.4405076408480585,0.4524486874802875,0.43036079588173737
626,0.4328550312531515,0.4245330205025898,0.4279312576751492,0.4119150849513828,0.4696482381808444,0.4093284927885089,0.3959876499008826,0.437485783120222,0.4403978101435802,0.4522431455016007,0.43023255140179123
627,0.4327936370095523,0.4244542337133946,0.4278040263112055,0.411765658018521,0.4694825093119321,0.4092376926197067,0.3959177378278844,0.4373473676832596,0.4403186299273971,0.4520454950115733,0.4301166987434426
628,0.4326871518723065,0.4244052600342656,0.4276372261942947,0.4116700711113434,0.4693300273534173,0.409142426552651,0.3958761241387079,0.4371798401505662,0.4402539850784667,0.4518716072009694,0.4300053719686988
629,0.432572900080596,0.4243531098232299,0.4275050652335996,0.4115478182701067,0.4691784485106594,0.4090376146537153,0.3958263085889916,0.4370532137645143,0.4402076147669123,0.4517329257892513,0.4299015019481576
630,0.4325072886297376,0.4243132040806459,0.4273486659850933,0.4114788024431761,0.4690295006754308,0.408928628029513,0.3957546933315873,0.436854747825206,0.4401232218937216,0.451592798224612,0.4297931551118723
631,0.4324316071033447,0.4242479896643129,0.4271231331233943,0.4113611380375148,0.4688225707674159,0.4088239922834805,0.3957329526142997,0.4367206549781498,0.440023595524013,0.4513978860591435,0.4296685520155069
632,0.4323340212673229,0.4241790101725064,0.4269225779700887,0.4112617090880077,0.4686452519982033,0.4087539728472575,0.3956611206692477,0.4365374010411303,0.4399430408059465,0.4512640964599911,0.4295502202319702
633,0.4322502950327218,0.4240887753667685,0.4267511199785324,0.4111571219526763,0.4684687214714684,0.4086757404320946,0.3955982759679307,0.4363535532739444,0.439864392646642,0.4511204083447805,0.4294328404467559
634,0.4321677701572791,0.424016014799935,0.4265315464473837,0.4110569400533751,0.4682996868239288,0.4085849624235272,0.3955190557557297,0.4361960140537668,0.4397648387424966,0.4509495109091231,0.42930863401665453
635,0.4320997495429012,0.4239332202983754,0.4263397723563968,0.4109650065746545,0.4681074471490347,0.4085054711546471,0.3954716977634077,0.4360349918456074,0.4396122758990439,0.4508022722664194,0.4291871904850487
636,0.4319942752532696,0.4238492394181719,0.4261590494569023,0.4108688645964897,0.4679456233313798,0.4084706593077317,0.3954259461460164,0.4358445920604095,0.4395178617759616,0.4506502372554991,0.4290726348601831
637,0.4318887250177097,0.4237733221202311,0.4259908687393984,0.4107865752450205,0.4678122442265003,0.4084546948981836,0.3953496998245128,0.4356744404614373,0.4393734321643011,0.4504568523439262,0.42895608550412206
638,0.4317734383149371,0.4237162676119586,0.4258638851721201,0.4107263229316034,0.4676529317449796,0.4084648721617442,0.3952799980087064,0.4355390920031539,0.4392717333144882,0.4503031379479742,0.4288591679211666
639,0.4316800842842299,0.4236456055868517,0.4256947605665718,0.4106529597297201,0.4675188801200882,0.4084265007168693,0.3952069826033026,0.4353736105819404,0.4391715183942444,0.4501724993358648,0.42875434019196834
640,0.4315598262231432,0.4235519366197183,0.4254761510584387,0.4105994387355041,0.467412771679872,0.4083546254788335,0.3951644283034916,0.4352229569170369,0.4390625326864434,0.4500272260965011,0.42864318937989826
641,0.4314399736540422,0.4234939091310166,0.4253030467877967,0.4105565668731585,0.46729876139153,0.408305414258447,0.3951084235946465,0.4350934326979387,0.4389571069475341,0.449857822210634,0.42854144575467445
642,0.4313374551057721,0.4234117061488037,0.4251012176682537,0.4104912917910813,0.4672226938085851,0.4082245121005186,0.3950286624203821,0.4349244552277353,0.4388432234637767,0.4496940511400379,0.4284279268874946
643,0.4312149139418423,0.4233069863426792,0.4248916687902179,0.4104194891238494,0.4671135059605787,0.4081609660096418,0.3949292985392019,0.4347348565748833,0.438705068921654,0.4495605744909727,0.4283037328695521
644,0.4311431252493895,0.4232080742469495,0.4247365986503534,0.4103324294534778,0.4670354283767671,0.4081092433776032,0.3948425481163765,0.4345366138585453,0.4385919041174098,0.449387192745238,0.4281923158192111
645,0.4310293722524252,0.4231176008457211,0.4245187794130871,0.4102708334144717,0.4668970903534456,0.4080609197804076,0.3948035756870754,0.4343726925948273,0.4385206079068535,0.4492311642777709,0.4280822636526086
646,0.43093194647313,0.4230264149375044,0.4242885232824808,0.4101587384886898,0.4667417012178933,0.4080335204004247,0.3947385097107051,0.4342077294094354,0.4384215440049155,0.4491039692770747,0.42796525972022537
647,0.4308354642564929,0.4229396836276402,0.4240744901675526,0.4100345034969105,0.466641557292611,0.4079744540741021,0.3946653448319649,0.4340004461111937,0.4383083993069545,0.4489436254052994,0.42784179685707213
648,0.4307014826393823,0.4227987174547851,0.4238276100387864,0.4099444359459444,0.4665167039899446,0.4079515029954143,0.3946026476873483,0.4338412452532546,0.4382216631670694,0.4487404632897835,0.42771464724617125
649,0.4305707650293893,0.4226509136124572,0.423631812596615,0.409851986717847,0.4664083891957988,0.4079078995487157,0.3945247280958028,0.4336463337444819,0.4381658098702942,0.4485563328346573,0.42759149712460587
650,0.430447971368491,0.4224988970153054,0.4234450417522082,0.4097718678859436,0.4662829195032454,0.4078860891440269,0.394472624137539,0.4334652386929586,0.4379969807001618,0.448354668379588,0.42746222985794685
651,0.4303213396184469,0.4223734268989098,0.4232507179866765,0.4096863006760985,0.4661514090774251,0.4078737914040373,0.3944201922002861,0.4332827201225142,0.4378563296499833,0.4482089187724667,0.42734251464068446
652,0.430234670006469,0.4222682974769495,0.4231115532354969,0.4095818469770589,0.4660440527938662,0.4078455842378569,0.3943869520255385,0.4330773395111388,0.4377416713360268,0.4480410939079866,0.42723330615083877
653,0.4301619660806968,0.422183883343113,0.4229616691174736,0.4094748458137103,0.4658954897440444,0.4078372858075829,0.3943507057780075,0.4329057179708517,0.4376398114588586,0.4478854351366709,0.42712968102510096
654,0.4301076638848187,0.422073064782885,0.4227945896737637,0.4093525001483796,0.4657668055864229,0.4077997272914059,0.3943054831129584,0.4327390268833075,0.4375126774798208,0.4476976287208901,0.4270149167564653
655,0.4300476379292931,0.4219888292181874,0.422654395682932,0.4092575610203531,0.4656619603008357,0.4077787772969728,0.3942805750246482,0.4326026985424984,0.4373974624648107,0.44751587780855,0.4269185775289081
656,0.4299993091962779,0.421944986482555,0.4224733456313412,0.4092115171502196,0.4655575445465394,0.4077568040345016,0.3942860754066439,0.4324879129452006,0.4373238291868558,0.4473257492315453,0.42683670738116797
657,0.4299357791668064,0.4218549546678,0.4223354513204265,0.4091277003242197,0.465417461239514,0.4077210449668618,0.3942941656976122,0.4323766924468259,0.4372121828894191,0.4471378592559492,0.42674132919754354
658,0.4298852567584662,0.4217551510309132,0.4221949899760593,0.4090897412508741,0.4652923273347727,0.4077025719090644,0.3942935185185185,0.4321841267437829,0.4371110746076581,0.4469682702765766,0.4266477028406686
659,0.4298181063601031,0.4216959369794166,0.4220288113963611,0.4090078221763631,0.4651573920888894,0.4076767705744199,0.3942331101859719,0.4320023939808481,0.4369992549215922,0.4468043854674113,0.4265423984131377
660,0.429758454509226,0.4216435243091645,0.4218668633547597,0.4089767950863747,0.465030498419645,0.4076504417094951,0.3941989366950238,0.4318382983283326,0.4368744056967896,0.4466533120409054,0.42644915301497166
661,0.4296875208146772,0.4215936597599108,0.4216857213604084,0.4089132793069299,0.4648761357459035,0.4076432650622626,0.3941680174889409,0.4317195403573678,0.4367641805585625,0.4465206752570376,0.42635719957120016
662,0.4295661885423765,0.4215588607606049,0.4215226389486832,0.4088321187849108,0.4646907857765721,0.407598113742366,0.3940810084271401,0.4315828111719476,0.436652610476637,0.4464033738179034,0.42624885104491417
663,0.4294814390154881,0.4214747172549411,0.4213672656228926,0.4087879572524834,0.4645149563350451,0.4075628711270503,0.3940061492232699,0.4314234986368281,0.436525999537786,0.4462575841147269,0.4261402438120512
664,0.4294461231009304,0.421411268522358,0.4211703129987347,0.4087476902023222,0.4643437606190727,0.4075083347698356,0.3939823625727696,0.4313116111387859,0.4364034089489234,0.4460863691055126,0.4260411241979245
665,0.4293656973444207,0.4213554808745365,0.4209189610309864,0.4087091317148964,0.4641617942363356,0.4075005491407777,0.3939577625872065,0.4312155417036763,0.4362759339881307,0.4459221528655563,0.4259383005486523
666,0.4292885641101803,0.4213016799132318,0.420706715946303,0.408690104434974,0.4640577456145919,0.407467770461372,0.3939598451352695,0.4310891710501026,0.4361055531404343,0.4457925133709653,0.4258459663177424
667,0.4292020725578263,0.4212506919662286,0.4204600267934097,0.4086589452582249,0.4638769250560164,0.4074423009233676,0.3939841230311628,0.43095795366682,0.4359936075119381,0.4456760182618681,0.42575026650268627
668,0.429145027457772,0.4212016137020438,0.4202529533153039,0.4086470026004282,0.4637268636522179,0.4074151433892399,0.3939812916385793,0.4308046926894072,0.4358709157934103,0.4455268442316601,0.4256572348470062
669,0.4290665506853112,0.4211518017611669,0.4200896732095814,0.408655593571567,0.4636122743350812,0.4073606106365309,0.3939557250787502,0.4306678418082621,0.4357336963249479,0.4453429828342783,0.4255636750245477
670,0.4289920522664511,0.4211053863925267,0.419885846830725,0.4086503250099531,0.4634907404224765,0.4072857826928413,0.3939178595238344,0.4305320159271988,0.4356261239511373,0.4451559264938972,0.4254642059511041
671,0.4289321681549403,0.4210776485843959,0.4197193872230702,0.4086125498877351,0.4633429721662022,0.4072531001106245,0.393886935430755,0.4303796516800242,0.4355217546409711,0.4449756453880403,0.4253701813266759
672,0.4288711011545752,0.420986337024661,0.4195342181400515,0.4085705691620613,0.463212196110442,0.407234835272281,0.393835132836187,0.4302268008258935,0.4354116701108255,0.4448349679608129,0.42527178285977907
673,0.4288318819794909,0.4209053793973269,0.419321178139158,0.4085250312752145,0.4630517716864449,0.4072090726224731,0.393765407016118,0.4300977569312219,0.4353375861690823,0.444709779225956,0.4251754844442487
674,0.4287976333371898,0.4208437443558583,0.4191077231022082,0.4084654151256406,0.4629117923052862,0.407181770706716,0.3937109003917761,0.4300112791393862,0.4352258504068968,0.4445440616872747,0.4250800170558232
675,0.4287469209655852,0.4207916247376935,0.4189591426695538,0.4084103365100908,0.4627997452962114,0.4071761482930196,0.393661620225913,0.4298958616448944,0.4351375207458522,0.4444147802420016,0.42499937013308153
676,0.4287010061340852,0.4207186670163871,0.4187936382463775,0.4083649221049609,0.46266659489109,0.4071456844794855,0.3936062040548361,0.4298039517478884,0.4350519173309113,0.444285631161879,0.4249138217167901
677,0.4286674573899656,0.4206654361365118,0.4186770319729689,0.4083242369614075,0.4625537073838461,0.407126597876841,0.3935666409668645,0.4297053819357762,0.4350061756899315,0.4441282182512459,0.4248420884565359
678,0.4285889959910017,0.4205773902881569,0.418555407996259,0.4083089643583101,0.4623975361244208,0.4071008413878429,0.3935162965616046,0.4296229883383041,0.4349113517038236,0.4439668876571387,0.42475466604068624
679,0.4285238463923493,0.4205391188660901,0.4184507196077955,0.4083225758003128,0.4622349614067516,0.4070734471545296,0.3934573452179369,0.4295295523290407,0.4348449719703785,0.4437920293025459,0.4246768568047731
680,0.4284501612952284,0.420495092663856,0.4183000225467378,0.4083292251879293,0.4620978194221253,0.407070784729114,0.3934326435763701,0.4294353825413132,0.4347932067241891,0.4436287886716057,0.42460331273584695
681,0.4283993902166749,0.4204639881544343,0.4181623855326682,0.4083303820322355,0.461967593285817,0.4070406384776132,0.3933955829314052,0.4293660514157632,0.4347286682994658,0.4434460475443578,0.42453007278904353
682,0.4283228254919756,0.4204103354813964,0.418017994524616,0.4083056736645082,0.4618487801597058,0.4070085141586055,0.3933242193847443,0.4292700927805437,0.4346529877475834,0.4432896134497279,0.42444510368434063
683,0.4282550448460425,0.4203585104508363,0.4178509003476911,0.4083149499992721,0.4616820771518887,0.4069902921224064,0.3932430950925378,0.4291730169249495,0.4345928174188923,0.4431608816000258,0.4243621585954543
684,0.4281925937114071,0.4202813318267623,0.4177280677588799,0.4083257341948516,0.4615494196598937,0.4069459495795941,0.3932104834268978,0.4290744440106289,0.4345191562426989,0.4430179834990116,0.42428451639106257
685,0.4281146386544485,0.4202176034908422,0.4175351993120679,0.4083235221576607,0.461421683858823,0.4069033340926468,0.3931393405516166,0.4289908927696461,0.4344219243398524,0.4428905109358609,0.4241958650163465
686,0.4280176791823378,0.4201983410464557,0.4173949524884836,0.4082915648253761,0.4612955790036062,0.4068629574855503,0.3931079740174564,0.4289019319411373,0.434328533049529,0.4427217467921849,0.42411212598321174
687,0.427959029448523,0.4201052338370756,0.417279314839566,0.4082537344188333,0.4611734199741855,0.4068643516082887,0.3930579589690529,0.4287833456792218,0.4342570172235072,0.4425441035628202,0.4240277509561074
688,0.427898216970544,0.4200422699935977,0.4171012039437829,0.4082243598650885,0.4610230362698322,0.406836948331492,0.3930157888854645,0.4287017992440278,0.4341382405414511,0.4423584999529147,0.4239340363998195
689,0.4278185059524438,0.4200008807616491,0.4169889004890378,0.4081588524073323,0.4608811123391708,0.4068219355336429,0.3930027725416938,0.4286179351143246,0.4340404032978383,0.4421920795239911,0.4238523377961124
690,0.4277338800014771,0.4199412184422845,0.4168313373709601,0.408150142631543,0.4607978099299141,0.4067913759971438,0.3929831813624379,0.4285100246515507,0.4339435069295378,0.4420389704645832,0.4237721447781432
691,0.4276399875012727,0.4198983755472536,0.4166694096052722,0.4081532249810105,0.4607068046461425,0.4067373044213527,0.3929464657376339,0.4284140284956156,0.4338284074384736,0.4418764378072181,0.42368704461812456
692,0.4275646552479488,0.4198263265711581,0.4164914419639687,0.408116242631979,0.4606116923641704,0.4066648617730507,0.3929181165321685,0.4282972347002624,0.433740945639098,0.4416997222344694,0.42359312396582743
693,0.4274493326569524,0.419783602316332,0.4162833547186408,0.4081142022096264,0.4604883469529847,0.4066134513175738,0.3928823586729902,0.4282401884650021,0.4336529547030697,0.4415215171690214,0.42350293091821933
694,0.4273520660464336,0.4196747366091264,0.4160150190458915,0.4081078026527626,0.4603300058709166,0.406584777130941,0.3928424311145628,0.4281584755588061,0.4335810818196725,0.4413806342557124,0.42340270301048255
695,0.4272251658861116,0.4196196378135903,0.4158304623556439,0.408062698239968,0.4602343236492704,0.4065604453557885,0.3928058089507346,0.4280517869083884,0.4335074048679527,0.4412399461220881,0.4233137680149536
696,0.4271172483149077,0.4195683945481416,0.4156620349457022,0.4080496743178665,0.4601180427844719,0.4065388558415808,0.3927482790389705,0.4279801960555274,0.4334297035994734,0.4410901571184735,0.42323025865651154
697,0.4269906246309252,0.4194905546640434,0.4154457817636864,0.4080210747012891,0.4600146106790782,0.4065036578872762,0.3927129802290776,0.4278910790301684,0.4333592713431213,0.4409456710732103,0.4231375306001876
698,0.4268480247166154,0.4194445656990549,0.4152612906129061,0.408038165716193,0.4599015045842233,0.406468447355887,0.3926987428868598,0.427824736211009,0.433241199483206,0.4408287051895678,0.4230555382455522
699,0.4267119190856288,0.4193856301185109,0.4151034550910038,0.4080558839952847,0.459818896809799,0.4064172305911214,0.3926609695618166,0.4277092865639437,0.433157541075996,0.4406916982971758,0.42297125111902806
700,0.4265969005640835,0.4192939408123306,0.4149231189978749,0.4080299962657313,0.4597273020147833,0.4063586268574573,0.3926284355118229,0.4276602634912219,0.433085261001594,0.4405541555146164,0.4228858001031516
701,0.426470127657226,0.4192169348734657,0.4147481496066516,0.4080071029754753,0.4596244396543157,0.4063338701757157,0.3925757143425925,0.4275812866184914,0.4330258887442825,0.4404275310273998,0.4228011045675616
702,0.4263569315947678,0.4191541512105849,0.4145864211647169,0.4079742669693874,0.4595280449353891,0.4063379282210209,0.3925542938160039,0.4275145577632231,0.4329620664869721,0.4402760215629129,0.42272446837249794
703,0.4262424212219533,0.4190676503920633,0.4144553132149627,0.4079467709069005,0.4594096128670956,0.4063173998008166,0.3924987515089378,0.42744326870425,0.4328618769764468,0.4401723154417522,0.4226415381035179
704,0.4261216463576772,0.4190064020696205,0.4143465960162114,0.4079327844579885,0.4593177924587659,0.4062839719171179,0.3924444011504462,0.4273089297433263,0.4327983430410049,0.4400453543888589,0.42256062216010176
705,0.4260093081804091,0.4189525847413297,0.4141707644642781,0.4079156564743307,0.4592227342798023,0.4062411880863951,0.3923803165623217,0.4271988091957965,0.4327433198858182,0.4399373527263707,0.4224772034596852
706,0.4258912976577192,0.4188702228285881,0.4140312485038911,0.4079293309940003,0.4591092535730536,0.406179541740433,0.3923305409030686,0.4270728670903252,0.4327015411683044,0.4397730840453024,0.4223888928504686
707,0.4258155908527656,0.4188036375011608,0.4138770249390726,0.4079290094075484,0.4590179804136174,0.4061491961524081,0.3922865511490145,0.4270062621255953,0.4326063342774185,0.4396456945629172,0.4223137281381518
708,0.4257248038767985,0.4187217238546809,0.413673682090707,0.4079436955629134,0.4589206994190551,0.4061040589329099,0.3922150349592989,0.4269052597380204,0.4325090600649408,0.4395636988237713,0.4222281717323096
709,0.425652736761884,0.4186037902839465,0.4135205874625518,0.4079596903065532,0.4587824745630404,0.4060789634146342,0.3921465211003945,0.4268117001596283,0.432412911654856,0.4394724634904779,0.4221441839197967
710,0.42555835684092,0.4185334814190284,0.4133653903695125,0.4079688362767964,0.4586519291703508,0.4060678329506217,0.3920557255141133,0.4267203589251058,0.4323189286701588,0.4393816516267832,0.42206224917633917
711,0.42547970905145,0.4184747642189033,0.4132446615997104,0.4079990208542394,0.4585598979100692,0.4060280601005727,0.3919947223995207,0.4266384636773664,0.43222843248426,0.4392620709873597,0.42199098032834514
712,0.4253814877633445,0.4184186902776162,0.4131193790074783,0.4079947508339107,0.4584353030456159,0.4060018891804395,0.3919674320666124,0.4265514003193932,0.4321312671081678,0.4391613691432305,0.4219162968745809
713,0.4253106896854742,0.4183637042882433,0.41296383243177,0.4079742962056303,0.4583310086520625,0.4059627843829334,0.3919370819170107,0.4264821418932292,0.4320072369870862,0.4390276871857589,0.4218360463629199
714,0.4252365560196776,0.4182961432995105,0.4128455435855766,0.4079289965920164,0.4582287328313875,0.4059292420349003,0.3918754579171127,0.4264000265843748,0.4318921375562489,0.4388863830595385,0.42175192194803435
715,0.4251239892818828,0.4182351129247849,0.4127069200403992,0.4079327473909955,0.4581332546566539,0.4059215730657344,0.3918399796935543,0.4263213183597427,0.4318282908849422,0.4387631292519309,0.42168063155506214
716,0.4250521413078204,0.4181799706111437,0.412590983492373,0.4079150829950329,0.458003793308702,0.4058798932711976,0.3917681681633049,0.4262544190800437,0.431742709115272,0.4386382055775331,0.42160253669224235
717,0.424958620944349,0.418128553607563,0.4124808784775096,0.407884597496822,0.4578597171629091,0.4058264426901249,0.3917203365714211,0.4261339067787827,0.4316846246507035,0.4385022453751345,0.42151799237553195
718,0.424862744637991,0.4180776286994539,0.4123892627465407,0.4078788587545359,0.4577348066298342,0.4057766321304036,0.3917169877724717,0.4260399283693686,0.4315974363276635,0.4383748463261422,0.42144491323944056
719,0.4247648741801633,0.4180225529058244,0.4122525787928391,0.407849065221572,0.4576182867474692,0.4056891526129502,0.3916798947129186,0.425937091599275,0.4314944532266901,0.4382754719138148,0.4213583421913517
720,0.4246456769852896,0.4179611768235467,0.412118599813599,0.4078393127166619,0.4574829600608662,0.4056494562506236,0.3916233722344884,0.4257848981354603,0.4314058763179301,0.438198751978356,0.4212710081316822
721,0.4245457835142662,0.4179001803719614,0.4120056857999993,0.4078424800575165,0.4573955715819895,0.4056285202996685,0.3915906454359946,0.4256793932404861,0.4313277868682846,0.438116770184254,0.42120328173544214
722,0.4244511434788326,0.4178283588381938,0.4118536071389803,0.4078135718936767,0.4572637894454236,0.4055627477495392,0.3915230784040044,0.4255303405967527,0.4312519181496885,0.4380184162986753,0.4211096971993767
723,0.4243568770577491,0.4177897719691723,0.411722522274588,0.4078154519766299,0.4571562423312083,0.4055070949618078,0.3914977140861631,0.4253908407256425,0.4311880023151117,0.4379415320695229,0.4210366049767595
724,0.4242683578369965,0.4177602536917413,0.4115926273152321,0.4078087850983145,0.4570462703942453,0.4054564793710567,0.3914790097549819,0.4253065886650607,0.4311388968177768,0.4378353966544523,0.42096926655998584
725,0.4241612721550439,0.4177202144741551,0.4114884942707039,0.4077757008392041,0.4569325908964752,0.4053913586170621,0.3914782144174674,0.425193055702357,0.4310470003920153,0.4377490921074093,0.42089369938718935
726,0.4240655964334378,0.4176295178484757,0.4113710753814246,0.4076958160700944,0.4568391994957017,0.4053437865741343,0.3914746610281653,0.4251382110818592,0.4309870386684896,0.4376545209849467,0.42081994235667297
727,0.4239555503463395,0.417568632836424,0.4112855966572026,0.4076497089992388,0.4567320988614849,0.4052989663615598,0.3914618551645741,0.4250613575556694,0.4309175991283828,0.4375398165502828,0.4207471182461159
728,0.4238561314341371,0.4174925927326827,0.4111915725278323,0.4076132428361063,0.4566001615592539,0.4052581913155321,0.3914805046564349,0.4249609367469721,0.4308596241614428,0.4374133848619721,0.42067263428323665
729,0.4237127030192951,0.4174035857645713,0.4110632918719589,0.4075947750966213,0.4565027158553565,0.4052335427613045,0.3914707824574103,0.4248921597099999,0.4308191443918155,0.4373046623182992,0.4205997363246632
730,0.4236395799183357,0.4173226902163239,0.4109478494970886,0.4075751322787031,0.4564328480439891,0.405177018064803,0.3914932534826359,0.4247995745587531,0.4307806513491989,0.4372094120753098,0.4205378009485141
731,0.4235239385904934,0.4172246135601409,0.4108352973115132,0.4075719036332119,0.4563299278422939,0.4051441418499455,0.3914882203593724,0.4247421918314544,0.4307516005690913,0.4371255951106205,0.42047374306581375
732,0.4234036738695944,0.4171195699840874,0.4107496798411741,0.4075529746186063,0.4562585501192601,0.4050852126895041,0.3914902467781652,0.4247004279848856,0.4306932550738889,0.4370371418045943,0.420409073276376
733,0.4232432297734733,0.417053379870272,0.4106606788925042,0.4075354260360793,0.4561651570735749,0.4050530516493027,0.391488074946656,0.4246373170426587,0.4306574224010091,0.4369370949814227,0.42034308326669534
734,0.4230980586309441,0.4169943544370597,0.4105464165366719,0.4075001341390619,0.4560683693489838,0.4050464011875586,0.3914673086590176,0.4245966078704482,0.4305964411285189,0.4368253948742155,0.420273948681248
735,0.4229814702927003,0.4169249815680486,0.4104334537254419,0.407456642270271,0.4559770950426056,0.4050124198224257,0.3914169931555346,0.4245202852348703,0.430533393938879,0.436737272258719,0.42019940073094963
736,0.4228694273729392,0.4168402267135407,0.4103282173545083,0.4074512933829871,0.4558639891253986,0.4049704434613846,0.3913548099748476,0.4244506678007005,0.4304501220672888,0.4366187798918015,0.4201197977145397
737,0.4227381647969253,0.4167808970520372,0.4102298091782571,0.4074135393303428,0.4557598779025771,0.4049129482068494,0.3913057357813362,0.4243880062267661,0.4304117126929572,0.4365235349559239,0.42004642261239733
738,0.422629557857078,0.4166818253036252,0.4101193191346637,0.4073462559939751,0.455668823870948,0.4048724674997822,0.3912562339452415,0.4243231138211522,0.4303393853402309,0.4364338413651415,0.41996708241318376
739,0.4224951958227922,0.4166048633160381,0.4099819856018751,0.4072744640751085,0.4555709612630402,0.4048194627207994,0.3912200990611555,0.4242707928371149,0.4303047154790026,0.4363408636577873,0.41988834038347134
740,0.422408216620886,0.4165202667177999,0.4098688265930348,0.4072556665692344,0.4554630271978775,0.4047534397676861,0.3911751625576994,0.424200864821051,0.4302551136526475,0.4362198968424844,0.41981204813404016
741,0.4223257216189027,0.4164239880930324,0.4097238852291612,0.4072217708438693,0.4553703278250969,0.4046627209626362,0.3911426762755046,0.4241305629944074,0.4301882908569447,0.4361268721268138,0.4197316816826369
742,0.4222463884753129,0.4163487361860675,0.4095803809085972,0.4071973803146139,0.4552318886529714,0.4046221501399087,0.3911087584695097,0.4241079195058204,0.4300885880688405,0.4360479418604275,0.4196580132582069
743,0.4221536493570356,0.416281185787177,0.4094628927847497,0.4071585266679449,0.4551044525333612,0.4045530588604233,0.3910728177225029,0.4240527650470438,0.4300431500184545,0.4359648916040788,0.4195847390382772
744,0.4220419007768554,0.4162355860334946,0.4093502345609742,0.4071072929713994,0.4549733413118899,0.4044998817989559,0.3910823783636099,0.4239865674035203,0.4299457081555847,0.4358521330726594,0.4195075024448943
745,0.4219521579230631,0.4161995875079989,0.4092279997282126,0.4070758288997378,0.454850619788599,0.4044557739596922,0.3910656494962976,0.423955603660437,0.4298730121569873,0.4357767652695555,0.41944329983905815
746,0.4218668218993184,0.4161414225146445,0.4090997232208294,0.4070221061185814,0.4547338490945977,0.4044251264954163,0.3910453748291517,0.4238815415849092,0.4298208752387439,0.4357030813224946,0.4193739922318687
747,0.4217640376604777,0.4161007278007016,0.4089786596192757,0.4069565574443623,0.454661593269665,0.4043600839234199,0.3910217498489164,0.4238653825913062,0.4297459237454537,0.4356107284056553,0.41930654443092336
748,0.4216794401148973,0.416050791943684,0.4088714097731343,0.4068788454222257,0.4546026644891198,0.4043255618730848,0.390995147728816,0.4238166136762682,0.4296901887558622,0.4355209497609265,0.41924316135380185
749,0.4215839972245475,0.415979333088261,0.408792344455072,0.4068240372509115,0.4545037730123744,0.4042901005722543,0.3910142553322648,0.423754096585516,0.4296146164607987,0.4354099416812677,0.41917664956632683
750,0.4214907171286255,0.4158895417728999,0.4086969384199696,0.4067925325582877,0.4544145102386636,0.4042419947739049,0.3910199568483938,0.4236941216216216,0.4295510375729304,0.4352977237396936,0.41910890746749907
751,0.4213745512862203,0.4158302841726509,0.4086058660304197,0.4067808429343896,0.4543241597075076,0.4041668469447212,0.3910280422662478,0.4236467401753279,0.4294806243406048,0.4352071575391577,0.4190445115397248
752,0.4212638892408271,0.4157366587653616,0.4084952973691151,0.4067537546933667,0.4542161157209914,0.404126712112804,0.3910202742828732,0.4235923342835638,0.4294188042385438,0.4351261847719225,0.4189750025479369
753,0.421151687347424,0.415637003904325,0.4084010013625204,0.4067391332645603,0.4541272297171936,0.4040916632037576,0.3910228402789377,0.4235344368177822,0.429339594294969,0.4350127371742849,0.4189057327365755
754,0.4210667770567519,0.4155610009417137,0.4083410854738822,0.4067481644914597,0.4540347746412718,0.404052597005637,0.3910547555767727,0.4234744326097099,0.429246848545584,0.434899789748745,0.41884802260915277
755,0.4209679485866205,0.4154807429209807,0.4082745915606874,0.4067554444458865,0.4539629696904646,0.4040047101130929,0.3910526014236669,0.4234329638802958,0.4291692160596122,0.4347789980909082,0.41878801867722154
756,0.4208581669194605,0.4154181101042898,0.4081960359093085,0.4067327015753452,0.4538933494462955,0.4039627722065056,0.3910714198529187,0.4233497179262392,0.4291074864245401,0.4346235932949098,0.4187213353659812
757,0.4207506750632651,0.4153465016730473,0.4081238173885338,0.4067262338964684,0.4538218523718834,0.4039206109401196,0.3910926441975869,0.4232723192586443,0.4290461707056191,0.434497281622633,0.4186598107117801
758,0.4206633329203398,0.4152742674137383,0.4080380248131869,0.4067382344390969,0.4537388426791047,0.4038907227892218,0.3910705608137816,0.4231842482657417,0.4289852160994809,0.4343791267641129,0.4185962576997806
759,0.4205339016886258,0.4151857448352867,0.407949426594912,0.4067398189643911,0.4536972096778428,0.4038654523457244,0.3910745370489941,0.423063967822973,0.4289141384408074,0.434255641344173,0.4185279838763731
760,0.4204050235012574,0.415099727796835,0.4078930988565779,0.4067313953900309,0.4536071575442902,0.4038271261898646,0.3910664589224812,0.4229678000525198,0.4288463007923666,0.4341467249415603,0.4184590813987784
761,0.4202707354754139,0.4150083006078622,0.4078149276539927,0.4066881364979629,0.4534885301628172,0.4037647174010344,0.3910499962124081,0.42289343820262,0.428804376177838,0.4340456635747804,0.418382882196673
762,0.420137805487916,0.4149056437231458,0.4077562514515754,0.4066829112836806,0.4533726517559361,0.4036948460102623,0.391011727809523,0.4228298756355311,0.4287535178599041,0.4339487043064596,0.41830939353239344
763,0.4200076058283353,0.4148073539208862,0.4076963310316397,0.4066389508713884,0.4532798583276531,0.4036315755230521,0.3909923343515925,0.4227810030880278,0.428656492184288,0.4338336804150608,0.41823251855419236
764,0.4198946848620747,0.4147107185949359,0.407620890012878,0.4066222847877689,0.453170958650748,0.4035626859762321,0.3909856829273812,0.4226999456716487,0.4285593575079094,0.4337199458495015,0.4181547154841079
765,0.4197998238778804,0.4146047922918264,0.4075444864991541,0.406577865675816,0.4530576890254309,0.4035272204799427,0.390966942721508,0.4226373393565192,0.4284111108771395,0.433598199673942,0.41807254704791597
766,0.4196688832442523,0.4145078630099507,0.4074802569164893,0.4065291964338431,0.4529401979876663,0.4035130272570301,0.3909716782843275,0.4225514738922969,0.428304121985811,0.4335387272489848,0.41800054262606523
767,0.4195556518903514,0.4144364202186733,0.4073573221636825,0.4065498200255263,0.4528687347896392,0.4034902439474915,0.3909632943439032,0.4224699062471754,0.4282182000193754,0.4334700459399056,0.4179379639585724
768,0.4194586091437917,0.4143752965106625,0.4072442655421378,0.406538368526226,0.452818038865485,0.4034449246384073,0.3909610453330772,0.422366568828352,0.4281194799039892,0.4333884823860836,0.4178715079678212
769,0.4193450631320134,0.4143099022710653,0.4071796350077429,0.4065130642537617,0.4527378848719597,0.4033766892384368,0.390963823739622,0.422276317686219,0.4280695740064765,0.4332705214009227,0.417804247560822
770,0.4192307816534983,0.4142498063768527,0.4070706407249416,0.4064898230453458,0.452643844806621,0.4033136186686971,0.3909307456469141,0.42220478751243,0.4279625606581612,0.4331515377593246,0.41772481468527867
771,0.4191229945210191,0.4141807510212756,0.4069509740801678,0.4064867450339411,0.4525588828204501,0.4032492860737344,0.3909157905432463,0.4221781690750336,0.4278651180698152,0.4330597974775687,0.4176568508716252
772,0.419012639538574,0.4141422706057984,0.4068485969144816,0.4064420782473801,0.4524837952543245,0.4031786182768851,0.3908963279070114,0.4221308266606665,0.4277703743805439,0.4329383067142335,0.4175843834499899
773,0.4189260511096619,0.4140757320242394,0.406722992084809,0.4064046522790862,0.4523908486703463,0.4031567444193553,0.3908976154679437,0.4220590820813276,0.4276468118994277,0.4328094090228477,0.41750899390590446
774,0.4187886524280747,0.4140087443850644,0.4066234893202317,0.4063532039943118,0.452272396591978,0.4031237517657947,0.3908849970985165,0.4220118983761642,0.4275483045895347,0.4327164999009996,0.41743319384506705
775,0.4186935276409205,0.4139578906901126,0.4065201513801753,0.4063033998998825,0.4521690985888451,0.4031128599828558,0.3908911759111766,0.4219748833434774,0.4274719726206018,0.4326001759246772,0.4173695135982725
776,0.4185861668695245,0.4138691868131868,0.4064275824220881,0.4062573188117629,0.4520800231955922,0.403093810891035,0.3908773817296848,0.4219083254469321,0.4274029500140052,0.432447987185548,0.41729507333793603
777,0.4185223392524431,0.4137846511512222,0.4063583631182,0.4062516381362835,0.4520317502093551,0.4030584789650878,0.3908760851588503,0.421841358421205,0.4272688677746353,0.4323153035912851,0.41723088357785676
778,0.4184393094745282,0.413723108637816,0.4062848411103879,0.4062474710354219,0.4519760019366635,0.4030327953174616,0.3908676592469808,0.4217924412471264,0.4271505845402198,0.4321922234692757,0.4171706436015882
779,0.4183275922452859,0.4136446694064766,0.4061902699037538,0.4062108475870519,0.451901817418531,0.4029860557287513,0.3908580896132995,0.4217757635003904,0.4270358747519476,0.4320801843991498,0.41710111645546377
780,0.4182530574616596,0.4135968372824812,0.4061219639854512,0.4061811182321271,0.4518156738587485,0.4029377921882069,0.3908356148613445,0.4217383502730216,0.4269133810333241,0.4319613253790325,0.4170355114555397
781,0.4181296513490802,0.413559032449991,0.4060542200720973,0.4061429061722424,0.4517288326907467,0.4029285946600333,0.3908181126780492,0.4216935522781736,0.4267958218417932,0.4318261071454585,0.41696768313376653
782,0.4180153968270735,0.4135269960894601,0.4059127674031725,0.4061259608869366,0.4516376147224658,0.4028943538736311,0.390803985410184,0.4216591136469844,0.4267023556966374,0.4316965538347792,0.4168975098391325
783,0.4179257385314051,0.4134809450865711,0.4057869156692268,0.4060878051967039,0.4515821364275068,0.4028265836085259,0.3907970102744256,0.4216328589021589,0.4265793473830965,0.4315418380929332,0.4168241179172553
784,0.4178398269310041,0.4134504683808522,0.4056537054884419,0.4060704779179958,0.4515057951618605,0.4027881091872108,0.3907639876640524,0.421609965688009,0.4264812848170269,0.4314105096561014,0.41675741308925546
785,0.4177026787511378,0.4134036897902976,0.4055504706950368,0.4060601067813773,0.4514681039495601,0.4027244131722369,0.3907728112902493,0.4215702121945097,0.426391461195809,0.4312894453935078,0.4166933393213722
786,0.417593236912039,0.4133335475959018,0.4054473410174078,0.4060072415859336,0.4514092364580465,0.4026826035764661,0.3907406583369439,0.42151668031485,0.4262798155943075,0.4311484210114318,0.41661587824033275
787,0.417504836545718,0.4132923008573835,0.4053406083631338,0.4059778152247851,0.4513303209223256,0.4026562544291919,0.3907194016935353,0.4214714733622269,0.4261583310401761,0.4310074400288583,0.41654587824673345
788,0.4174233245322625,0.4132317203154977,0.4052444419693961,0.405962876743626,0.4512451348133227,0.4026214651644686,0.3907012450555385,0.4214417195490553,0.4260394997088608,0.4309027306724933,0.41648141585245213
789,0.4173460752453018,0.413136013485137,0.4051201549968571,0.4059377533749934,0.4511478950896913,0.4025552646844461,0.3906647159567102,0.4214081030651913,0.4259341864289221,0.4308105969791417,0.4164060759306392
790,0.4172369599725748,0.4130801301752713,0.4050270609495849,0.4059004800610735,0.4510518146059947,0.4025130210073737,0.3905969418274807,0.4213600123781035,0.4258462347719449,0.43069803331912,0.41633106890685223
791,0.4171906291300051,0.4130220131648764,0.40493146488422,0.4059009356538204,0.4509725139249559,0.402475405800583,0.3905631325903576,0.4213005997417228,0.425719136948648,0.4305761350990014,0.416265196693819
792,0.417141620537207,0.4129667091966417,0.4048601732885945,0.4058704039335991,0.4509312110491414,0.4024291463506724,0.3905006226035568,0.4212486729542135,0.4256338738302678,0.430475200047728,0.41620576337916215
793,0.4170781294282962,0.4129132026368095,0.4047452746365724,0.4058530100467705,0.4508484485703121,0.4023987696683782,0.3904860019101809,0.4211855148934825,0.4255148182971466,0.4303617333057336,0.4161384903393682
794,0.4170207373647426,0.41284384923808,0.4046650650258019,0.4058468125740274,0.4507918266465623,0.402358659903992,0.3904299698827874,0.4211328163817702,0.4254121656209548,0.430256065972563,0.4160757968611282
795,0.416943024537472,0.4127719777281898,0.4045677707341549,0.4058318574875425,0.4507129043573276,0.4023244094905981,0.3903973195509749,0.4210753175900639,0.4253279587160213,0.4301430361461523,0.4160095576338497
796,0.4168432027181741,0.4126988845889894,0.404434533991496,0.4057778337224028,0.4506584589492737,0.4022826202122587,0.390354607318886,0.4210200278654031,0.4252743403219987,0.4300072705766212,0.4159351780265503
797,0.4167679492814977,0.4126285344211064,0.4043132795237347,0.4057569081313002,0.4506101720093339,0.4022469683212712,0.3903035046149766,0.4209661522082873,0.4251930336096161,0.4299236910107537,0.41587101931318776
798,0.4166745981597758,0.4125468561214305,0.4042072832799425,0.4057485478163234,0.4505423881487158,0.4021716936129765,0.390266468147453,0.4208892285983067,0.4251706452113735,0.4298189589567402,0.4158036668053038
799,0.4165968779276782,0.4124797439550858,0.4041332676602757,0.4057232968114779,0.4504723003420129,0.4021400492120218,0.390202811172831,0.4208329993424554,0.4251436984940974,0.4297285005451677,0.41574535454631045
800,0.4165137803977202,0.4124010368445044,0.4040452664028669,0.4056806942708396,0.4503702277495217,0.4020913352918726,0.3901413055333904,0.4207869643038588,0.4250881997744047,0.4296311709662593,0.4156749981535238
801,0.4164099338078521,0.4123192304430183,0.4039498505761758,0.405648009863588,0.4502833627341362,0.402059750287282,0.3901266220085819,0.4207462779756683,0.4249979189109784,0.429534531398465,0.41560754880057454
802,0.4163354164134806,0.4122358066706284,0.4038677640806976,0.4056083393705467,0.4501756915715343,0.402012555692925,0.390115981520812,0.4207323037884716,0.4249327250113831,0.4294298744803055,0.41554464586007844
803,0.4162652370153653,0.4121557256319725,0.4037940219312691,0.4055494854001646,0.4500880595916415,0.4019781833056506,0.3900789615096583,0.4206627599161483,0.4248461615913518,0.4293518381387955,0.41547704340320174
804,0.4161874638667142,0.4120596563720909,0.4037176268977335,0.4055129202707104,0.4499857771871594,0.4019179832274755,0.390070489875376,0.4206116318678245,0.4247831766134179,0.4292592457029077,0.41541059718814105
805,0.4161083235420171,0.4119640811886837,0.4035958010190941,0.405487859600515,0.4498703089411009,0.4018696531737382,0.3900678193896326,0.4205456954793301,0.4247174519111578,0.4291656653188671,0.4153392659564136
806,0.4160573661916475,0.4118564540866082,0.4034885647944851,0.4054620184644995,0.4497388712939291,0.4017992534566753,0.3900627506682113,0.4204885181690427,0.4246698949210047,0.4290598805191999,0.41526835725653033
807,0.4160093037925927,0.4117830855823351,0.4033875336718789,0.4054488568369812,0.4496319613993056,0.4017331829579011,0.3900446766750377,0.4204338483054807,0.4246044801921642,0.428962148935457,0.41520390783491334
808,0.4159325526986467,0.4117154422402623,0.4033146956833313,0.4054220735896271,0.4495080975633509,0.4016913320918756,0.3900386689205204,0.4203602775572246,0.4245171203474189,0.4288539884049872,0.41513542490972455
809,0.4158646138729513,0.4116468449688003,0.4032210050938767,0.4053904472177641,0.4494044990937088,0.4016391336773274,0.3900197223982096,0.4203090767185239,0.4244282401037777,0.4287246303529083,0.41506482134978484
810,0.4157644543487855,0.4115999324705186,0.4031093215006822,0.4053173200826374,0.4492631764177619,0.4015983910579118,0.3899686230663629,0.4202795935089578,0.4243765502456993,0.4286163656595053,0.4149893728358823
811,0.4157084224960157,0.4115651351245911,0.4030097351775058,0.405264658861743,0.4491132359534224,0.4015773769713706,0.3899470921530744,0.4202611381893741,0.424305133674523,0.4284828495277826,0.41492347781294026
812,0.4156343465006125,0.4115094298932136,0.4029311285038061,0.4052094413307894,0.4489694529507391,0.4015642858066119,0.3899148525974686,0.4201967779586571,0.4242394467115949,0.4283557365360223,0.41485248987895157
813,0.4155380879732274,0.4114600909222271,0.4028494002969504,0.4051507454666962,0.4488313667761295,0.4015361593506661,0.3898990766724124,0.4201378887321352,0.4241933714113933,0.4282505744072161,0.41478467620090537
814,0.4154420135068074,0.4113892873891098,0.4027483388617953,0.4050715741102651,0.4486827356456986,0.4015029726107426,0.3899025000633391,0.4200951944925921,0.4241036004262281,0.4281529138638346,0.4147091130970413
815,0.4153680510172571,0.411321737479928,0.4026369938698534,0.4050254794650648,0.4485122798410145,0.401458558820039,0.389877515679511,0.4200247754462408,0.4240412941996298,0.4280610943216389,0.41463277801401777
816,0.4153159236838067,0.4112419773241375,0.4025388023980474,0.4049807524189127,0.4483566228673172,0.4014306649477986,0.3898202131586815,0.4199859322641955,0.4239663299310617,0.4279730708851588,0.41456102898791175
817,0.4152448305047123,0.411164380912119,0.4024595245278108,0.4049233604235002,0.4481993813446304,0.4013764248364895,0.3897595731975699,0.4199294604544104,0.423882586822339,0.4278848972396755,0.41448244202632567
818,0.4151812630931698,0.4111009651465654,0.4023636448202086,0.404874189678708,0.4480550259335867,0.4013207251732364,0.3897385831357144,0.4198608559456057,0.4238260850753372,0.4277768373283719,0.41440981753305045
819,0.4151057812720883,0.4110432560510256,0.4022743114937783,0.4048254330246376,0.4479509106216512,0.4012504175283742,0.3897120123138695,0.4197991178969349,0.4237520055776287,0.4276869871513202,0.41434002329313085
820,0.4150460420124451,0.4109590878328188,0.4021822068206108,0.4047551617378906,0.4478346275645112,0.4011682765589652,0.3896705116284264,0.4197161865623397,0.4237023448087098,0.4275991716402552,0.41426336171669725
821,0.4149685629957415,0.4109020174256566,0.4021001331737991,0.4046923477401478,0.4477209598406626,0.4011319146343019,0.389623541532769,0.4196626055068115,0.423630798457062,0.4275262648662996,0.41419591461732513
822,0.4148887669394417,0.4108618097620928,0.4020584911033282,0.4046024311699602,0.4476043561491308,0.401072173978257,0.3895865733630917,0.4196003459134247,0.4235663097852927,0.4274367611686787,0.4141278019332698
823,0.4148259736277215,0.4108208660824112,0.401951292438837,0.4045419540634384,0.4474954926701081,0.4010218921893743,0.3895349529196491,0.4195207420826239,0.4234758522853479,0.4273341747081036,0.41405231930676145
824,0.4147455435747236,0.4107951857825053,0.4018927808828845,0.4044432813094785,0.4473716930785054,0.4009587579995259,0.3894985163699175,0.419459664754238,0.4234016861242208,0.427208932110561,0.41397760419865604
825,0.4146810867512552,0.4107572214223463,0.401818691315626,0.4043768685245801,0.4472309551435078,0.4008686302491058,0.3894635562691869,0.419384856523514,0.4233099400356066,0.4271024736736827,0.4138994279908411
826,0.4146029084987646,0.4107087005156467,0.4017234702007629,0.4043480072931857,0.4471027361892206,0.4008248930902543,0.3894277445441453,0.419308619133574,0.4232424178104806,0.4270237472961314,0.4138313244572166
827,0.4145227018336775,0.4106418199155428,0.4016469756801259,0.4042595032649254,0.4469591963362387,0.4007604203831318,0.3894223995707496,0.4192377112337055,0.4231514350091909,0.4269437430955443,0.4137545906322832
828,0.4144673920703604,0.4106132159537229,0.4015686910720522,0.4041945282118157,0.4468315813696884,0.4006793212608122,0.3893765260576062,0.4191881099467723,0.4230677892379515,0.4268224292465488,0.413680958442733
829,0.4143935875404455,0.4105663412394132,0.4014477033403845,0.4041436925768862,0.446711768370727,0.4006188728922749,0.3893694047193791,0.4191325112470273,0.4229658261612092,0.4267166360865757,0.41360663441743223
830,0.4143051401974232,0.4105133002466576,0.4013784629133154,0.4041200380787638,0.4465898542284343,0.4005417538884483,0.3893194098388654,0.4190569732405212,0.4228953721921326,0.4265971165071376,0.4135317421331699
831,0.4142173636048536,0.4104325264672488,0.4012867361602021,0.4040573987834599,0.4464713384307466,0.4004817144006076,0.3892489580897624,0.4189863523017426,0.4228121521261174,0.426508661904494,0.41345032022692346
832,0.4141351160483586,0.4103637367305907,0.4011766926537165,0.4040361412662103,0.4463671945445934,0.4003981022699706,0.3891977521731008,0.4189155917834239,0.4227353659462839,0.4263826486198085,0.41337083420360565
833,0.4140330682001021,0.4102912723022773,0.4010732740816909,0.4039937050580588,0.4462263627513413,0.4003188696317951,0.3891919844594984,0.4188611253787118,0.4226393898335738,0.4262885483554384,0.41329176000524886
834,0.4139474029802369,0.4102250270869061,0.4009665278482764,0.4039541149398755,0.446114305760601,0.4002413213146428,0.38915837921742,0.418808112266514,0.4225423188270724,0.4261570039686706,0.41321145142102156
835,0.4138251443111149,0.4101679806613047,0.4008598143759305,0.4039165259682262,0.4460018594034146,0.4001650730951743,0.3891498263751118,0.4187104913954586,0.4224454120216417,0.4260442153288752,0.4131286342936253
836,0.4137193448724485,0.4100956595923332,0.400763081019224,0.4038715055511281,0.4459018838613401,0.4000831615958489,0.3891625106235294,0.418659599001654,0.4223775068856324,0.425933136999016,0.41305673900021544
837,0.41361545522824,0.410025639027222,0.4006372040278764,0.4038438577338543,0.4457922432997551,0.3999974330127021,0.3891550199093367,0.4185985786886168,0.4223055326404182,0.4258467210864253,0.4129817684654447
838,0.4135065357117065,0.409977870346264,0.4005280934628466,0.4037823034896446,0.4456547388149149,0.3998686917534248,0.3891488835437691,0.4185133677433464,0.4222180865848998,0.4257538727675309,0.41289524442183473
839,0.4134358158615161,0.4099494586676174,0.4004447391131981,0.4037378256983752,0.4455109934823887,0.3997692280099554,0.3891383116414725,0.4184188635706403,0.4221363353812793,0.4256514491857406,0.41281930206121836
840,0.4133442505352429,0.4098940285222885,0.400366737264519,0.4036861905776653,0.4453649533542772,0.3996341087108053,0.38910805836908,0.4183292967863782,0.4220846288645805,0.4255185176962601,0.41273307706810963
841,0.4132542884996992,0.4098380392010095,0.4002878907231089,0.4036490616480319,0.4452517003949631,0.3995120429808767,0.3890935671720805,0.4182673241110673,0.4220185541272555,0.4253909615259387,0.41265634303840315
842,0.4131492062483862,0.4097933135243221,0.400183831492311,0.4035977548791165,0.4451355367318117,0.399449590490985,0.3890951825767487,0.4181884539062511,0.4219399213843946,0.4252781440095624,0.4125810935243889
843,0.4130704787747426,0.4097355722125873,0.4000973788526824,0.4035556718426279,0.4450336404181044,0.3993538581171801,0.3890681327995212,0.4180915170714537,0.4218863858159413,0.4251275011569038,0.41250201370617445
844,0.4129967452721084,0.40966949602687,0.4000229031928073,0.4034797076825739,0.4449401007056885,0.3992643393570227,0.389056790908046,0.4179799746663055,0.421806059858033,0.4249580976498546,0.4124174215319309
845,0.4129272940244828,0.4095852559986493,0.3999171459621425,0.4034250883051098,0.4448358204448764,0.399175673458225,0.38904736825047,0.41791636447647,0.4217459397333616,0.4248375134797153,0.41234134641335024
846,0.412848307541927,0.4095384445854697,0.3998251652157898,0.403399946694189,0.4447536321350637,0.3991224742819847,0.3890427279532258,0.4178012929448659,0.4216800945629184,0.4247035279880635,0.4122715613903497
847,0.4127623736044395,0.409501577788974,0.3997438333123497,0.4033568923852708,0.4446371585639438,0.3990781443445157,0.3890067966827447,0.4177073475087977,0.4216390633841863,0.4245764792468789,0.41220096668221007
848,0.4126877345098581,0.4094433675212317,0.3996348519349316,0.4033162467591584,0.444535560463595,0.3989831182268692,0.3889855148497004,0.4176104657340438,0.4215744980501329,0.4244639001122873,0.4121235258161809
849,0.4126094210278107,0.4093955555731858,0.3995627920820291,0.4032777006834028,0.4444238638426324,0.398875305008598,0.3889521624177808,0.4174921012321206,0.4215101106241344,0.4243359060568061,0.41204349185485006
850,0.4125325068863003,0.4093346238558277,0.399481587543508,0.4032312182894972,0.4443030059553966,0.3987947412071795,0.3889231383282016,0.4173857886435103,0.4214408231323874,0.4241954667173341,0.4119622900559142
851,0.4124396397329619,0.4092865789813772,0.399434127609295,0.4031822405106237,0.4441669766083121,0.3987108500360529,0.3888964569624714,0.4172410440819804,0.4213747664812723,0.4240780017935212,0.41188106827978677
852,0.4123393236772836,0.4092568070325618,0.3993664290480037,0.403145050186971,0.4440542842141659,0.3986127636999464,0.3888729153647802,0.4171373869117021,0.4212921329187189,0.4239598516020788,0.4118036944656212
853,0.412258754374639,0.4092251040687083,0.399285349603759,0.4031096944648783,0.4439019464661431,0.3985070716025092,0.3888591588822516,0.417008236206665,0.4212438148178054,0.423851158980054,0.41172502894674123
854,0.4121934472509128,0.409192400141857,0.3991976002028076,0.403037904234261,0.4437520461631427,0.398430480233498,0.3888502667373161,0.41690238766577,0.421176183100285,0.4237290001331815,0.4116461715863031
855,0.4121041232390643,0.4091619683760661,0.3991249846157289,0.4030029285733284,0.4436079778826489,0.3983420645218663,0.3888299446407648,0.4167935675639089,0.4211313894390091,0.4236053896489861,0.4115704338501372
856,0.4119906119869377,0.4091058653535024,0.3990375580953658,0.4029833174438533,0.443474987343061,0.3981997282334502,0.3888384608932858,0.4167061870346351,0.4210724446945877,0.4234810833298326,0.4114890244408511
857,0.4119236632349403,0.4090740910333784,0.3989542005597679,0.4029611505468657,0.4433278428803204,0.3981270143007798,0.3888350399495793,0.4166145947001458,0.4209951206044591,0.4233792579001351,0.4114191975710372
858,0.4118637363527173,0.4090385725970194,0.398853868434245,0.4029150461820686,0.4431870991301945,0.398062306737767,0.388797994821061,0.4165369462648008,0.4209199212293842,0.4233053570439311,0.41134808487931884
859,0.4117981920039028,0.4090090060114017,0.3987898952257132,0.4028910200996421,0.4430219733807864,0.3979841155447438,0.3888020719354997,0.4164636461241142,0.4208486190530368,0.4232176000259054,0.41128261394047455
860,0.4117442752406176,0.4089794282765415,0.3986907318983148,0.4028613427856547,0.4428972302233618,0.3979233382827026,0.3887857896946873,0.4163816762795085,0.4207988335002566,0.4231262361963686,0.4112188882378014
861,0.411693149458899,0.408938293585719,0.3986020669040251,0.4028321250255056,0.4427565509845426,0.3978276172513651,0.3887722370024249,0.4162853758099968,0.420717261279433,0.4230242478550026,0.4111448925156914
862,0.4116061141207713,0.4089091829612116,0.3985072515131546,0.4028018765533406,0.4426000633498622,0.3977571184855869,0.3887648921003988,0.4161756356173755,0.4206531591706102,0.4229176855320224,0.41106929794043345
863,0.4115430270641144,0.4088866451422778,0.3984266241800474,0.4027356902706436,0.4424553823203013,0.3976806176583805,0.3887362192204516,0.4160662300941875,0.4205900195981746,0.4228073796609214,0.41099278352095
864,0.4114708117938472,0.408829977025324,0.3983221433895591,0.4026547170489383,0.4423227433231373,0.3976054982662465,0.388700317860268,0.4159903801065719,0.4205251267672434,0.4226858616157732,0.4109107577196909
865,0.4114231371118301,0.4087753361864127,0.3982131185952435,0.4025983331976077,0.442204953257988,0.3975218916976907,0.3886772494432657,0.4159221629276059,0.4204615991107074,0.422584229227649,0.41083820107560004
866,0.4113451124307733,0.4087360393355784,0.3981305128109848,0.4025537334292637,0.44210069047765,0.3974391479586897,0.3886661176492239,0.4158608018906018,0.4204129294132048,0.4224638242617905,0.4107708909657761
867,0.4112651270330959,0.4087053617557709,0.3980664808676484,0.4024987853638059,0.4419579751737876,0.3973703602656233,0.3886502889490447,0.4157945544239292,0.4203466470160895,0.4223702464610245,0.410702582730982
868,0.4111776784716196,0.4086724308077323,0.3979968588887684,0.4024320854968211,0.4418096463728176,0.3973111206920494,0.38862912372114,0.4157298466789383,0.4202651450526739,0.4222690363443825,0.4106292972526943
869,0.4111160976517336,0.4086349358908288,0.397906909984804,0.4023598430005558,0.4416831758007808,0.3972678312960243,0.3886074209773031,0.4156532303911679,0.4201741809664824,0.4221670574965517,0.4105570683456232
870,0.4110380240550056,0.4086102811555041,0.3978251797242085,0.4023117915588002,0.4415507103071396,0.3971919459405282,0.3885699115414593,0.4155789894800899,0.4200856931037487,0.422062465134812,0.4104824992001296
871,0.4109595562022746,0.4085672849057477,0.3977411529543893,0.4022415218227277,0.4414006493713018,0.3971223363135804,0.3885331956683868,0.415484505964546,0.4200050000552492,0.4219488987391803,0.4104004101997384
872,0.4108896732628191,0.4085287503706185,0.3976451540729361,0.4021796252364137,0.4412844001861279,0.3970666065233573,0.3885061243657139,0.4153959757748726,0.4199380686238269,0.4218215079910626,0.4103255886407749
873,0.4107896239357357,0.4084869521632733,0.3975466513727723,0.4021294155856562,0.4411793845873856,0.3970050033815505,0.3885023437723922,0.4153398628094746,0.4198411178909381,0.4217074814276966,0.4102527836926876
874,0.4107009443238285,0.4084404362126114,0.3974589164834686,0.4020459181657261,0.441063316459774,0.3969690353106566,0.3884906776209554,0.415251521241361,0.419767253450415,0.4216057454702022,0.4101793764738998
875,0.4106301427820152,0.4083943677819945,0.3973793565319451,0.4019611010262928,0.4409867482301189,0.3969173245927057,0.3884843387146869,0.415180092997238,0.419687166484213,0.4215336926086102,0.410115433174982
876,0.4105549588751169,0.4083303493324309,0.3973223585237115,0.4019064462738042,0.4408579283876936,0.3968616253341214,0.3884877047158962,0.415107904074716,0.4196034619921543,0.4214292299506372,0.41004619674602816
877,0.4104717196889639,0.408301302736333,0.3972204402302743,0.4018474352259188,0.4407514977323283,0.396804793769197,0.3884793407499397,0.4150484990803582,0.4195426254230764,0.4213201148903767,0.4099787769526766
878,0.4103768309970074,0.4082293135535251,0.3971458512271494,0.4017851693663565,0.4406577333866173,0.3967527546547764,0.3884701970806889,0.4149845713824208,0.4194889196505392,0.4212182741783396,0.40991096154774204
879,0.4102860736132793,0.4081376954205843,0.397053747131591,0.4017570804183976,0.4405537333972911,0.3966861099607487,0.3884634120478313,0.414892112940051,0.4194294244043171,0.4211287263885556,0.40983881157226476
880,0.4101930665919731,0.4080306141117639,0.3969590796288304,0.4016944314193942,0.4404630347327223,0.3966403414197035,0.3884406071674903,0.4147817880413126,0.419385298398637,0.4210355313993845,0.4097623792911212
881,0.4100811463614512,0.4079487114415866,0.396844217200591,0.4016309746944591,0.4403691629091533,0.3966098807827633,0.3884287896340598,0.4147223797290758,0.4193301932416508,0.4209166631791502,0.4096882119173941
882,0.4099810292868134,0.4078481854792722,0.3967402794420842,0.4015696948953384,0.4402695875327757,0.3965714017030825,0.3884272895712699,0.4146813277939366,0.4192548427163017,0.4208153071792481,0.40961589456001224
883,0.4098970319122868,0.4077785891465019,0.396651034112275,0.4015199370755188,0.4401705157662034,0.39650610298718,0.3884129768379221,0.4146353062178071,0.4191906962779406,0.4207135032141194,0.4095475693547755
884,0.4098133488138408,0.4077074112178118,0.3965599208190613,0.4014752024189484,0.4400742905056585,0.3964645148187483,0.3884092416452442,0.4145505275203712,0.4191112956134567,0.4206069331791353,0.4094772686552276
885,0.4096855064702793,0.4076017814836272,0.3964587546439027,0.4014394103081992,0.4399717322003634,0.3964411320910716,0.3884050149302783,0.4144936452359947,0.4190403988403284,0.4204650072501934,0.4094002383454239
886,0.4095880234888526,0.4075554488221931,0.396382974312886,0.4013921248023159,0.4398615212706521,0.3964227289850809,0.3884095603971467,0.4144469597584931,0.4189362308018025,0.4203429206269228,0.4093338493266345
887,0.409480335148896,0.4074771748709556,0.3963007326604147,0.4013404808334482,0.4397536269080103,0.3963793050135346,0.3884067527224898,0.414402134243152,0.4188599468005344,0.4202030073433016,0.4092603496544737
888,0.4094155529780922,0.4073954786632132,0.396214054994092,0.4012861244249363,0.4396483613124607,0.3963533175754877,0.3884071168896291,0.4143427172044959,0.4187770133085105,0.4200825021397596,0.40919222394906773
889,0.4093264432896404,0.4073119500140635,0.3961034030873233,0.4012037153206926,0.4395200149231417,0.3963120437510681,0.3884292818110152,0.4142562349386856,0.4187236841573474,0.4199462254368294,0.4091132996729807
890,0.4092360600122379,0.4072332702554591,0.3960376383626428,0.4011131200309223,0.4393962047192205,0.396286680209273,0.3884576829671374,0.4141696918427018,0.418670393391454,0.4198029597036681,0.4090403701494717
891,0.4091486107225686,0.4071519686489045,0.3959413172412144,0.4010601970720046,0.4392709494430761,0.3962503347886763,0.3884793294038465,0.4141130901932909,0.4186263429158001,0.4196785312315072,0.4089720671660889
892,0.4090584755418514,0.4070746586950675,0.3958538877034495,0.4009883432688026,0.439142894884714,0.3961978198189666,0.388511040997414,0.4140546583850931,0.4185836398205758,0.4195650609405195,0.4089030480056454
893,0.4089561374862752,0.4070321054676228,0.3957352228393443,0.4009283603802586,0.4390477347936077,0.3961516390823695,0.3885329383964613,0.4140130439880139,0.4185399285501797,0.4194316843647957,0.4088368795348929
894,0.408868114937216,0.4069475988089164,0.3956608142742654,0.4008611662312287,0.4389361302375091,0.3961348247346097,0.3885382762690054,0.4139609470194618,0.4184655138728679,0.4193173511790524,0.40876907375641325
895,0.4087778262151731,0.4068833550528369,0.3955736969925874,0.4007843752399257,0.4388321235137647,0.3960963217148335,0.3885419627268667,0.413904512064303,0.4184329223881594,0.4192040479892731,0.40870311438977236
896,0.4086966091581667,0.4068500439239381,0.3954658363796532,0.4007325399857493,0.4387315194243568,0.3960627534100963,0.3885426382918322,0.4138306271494577,0.4183858635522226,0.4190923585020386,0.40863907897775115
897,0.4085996368588289,0.4068245220717535,0.3953694695131025,0.4007133445990547,0.4386330151103748,0.3960407332441655,0.3885221452893001,0.4137841771782887,0.4183362878685894,0.4189695744487749,0.4085792906182233
898,0.4085108712724375,0.406792473438586,0.3952738973029768,0.4006758010973973,0.4385152026914714,0.3960315438747082,0.3885350684883012,0.4137345386893277,0.4183116489824062,0.4188629743191734,0.4085244020156786
899,0.4084216647453097,0.4067397912002638,0.3951781577800072,0.4006369546670598,0.4383660814582498,0.3960089555872871,0.3885552589307363,0.4136556837526518,0.4182813351661646,0.4187651103471221,0.4084608993634852
900,0.4083553914358016,0.4067010558166484,0.3950801232665639,0.4005803967045594,0.438236710876457,0.3959884670819159,0.3885292960226427,0.413592781625957,0.4182434510035089,0.4186547110604739,0.40839623848945283
901,0.4082850310977703,0.4066201281719973,0.3950033000188572,0.400540079889279,0.4381176675418283,0.3959943013996673,0.3885234204340169,0.4135239024969055,0.418183721956982,0.4185234684758552,0.40833150214831593
902,0.4082055392400947,0.4065680998383529,0.3949151174833661,0.4005141301026463,0.4379980577338289,0.3959873994699034,0.3885140334850807,0.4134380141920368,0.418128236498233,0.4184042885396065,0.4082672916583149
903,0.4081357875908612,0.406470076426067,0.3948368407649966,0.4004698513983953,0.4378906935937671,0.3959550011039965,0.3884902613316174,0.4133651291373987,0.4180740333771009,0.4182772981421178,0.4081964972866318
904,0.4080627261394387,0.4064244522616531,0.3947461137193532,0.4004256436551424,0.437794643292711,0.3959046050559093,0.3885133737365622,0.4132682931741737,0.4180525098085306,0.4181923480057319,0.40813847088492067
905,0.4079708102336243,0.4063615730945234,0.3946399879670422,0.4003955856187736,0.4376842832879093,0.395902415266822,0.3884852589941136,0.4131860113999461,0.4180124961258712,0.41808915587108,0.4080727577859705
906,0.4079182739263211,0.4063096947858169,0.3945407823553891,0.4003549636993405,0.437578935950617,0.3958725067554829,0.3884806907960233,0.4130699013058795,0.4179538401964089,0.4180054761387793,0.40800850659100585
907,0.4078516232746122,0.4062717581492597,0.3944179497734625,0.4003160100739652,0.437475749315939,0.3958435275954261,0.3884631687564491,0.4129991977268928,0.4179127693689831,0.4179022010437939,0.4079453955078784
908,0.4077906062393201,0.4062427758415318,0.3943213565089294,0.4002371937247983,0.4373569585533803,0.3958094271670989,0.3884461530005085,0.4128953250512732,0.4178843769048069,0.4178056998765002,0.4078789872868148
909,0.4077189882530022,0.4061916388844013,0.3942327983062151,0.4002137929421365,0.4372555925350818,0.3957814585289514,0.3884114580408803,0.4127832251561324,0.4178580687058453,0.4176897928549607,0.4078136814207607
910,0.4076294429641546,0.4061088552451125,0.3941515747140557,0.4001695056021718,0.4371458408782772,0.395726382503604,0.3883860858489237,0.4126712668011423,0.4178356757932416,0.4176037477635833,0.40774283781142673
911,0.4075680606618224,0.4060592901685215,0.3940614011639994,0.4001034177090515,0.4370337697401403,0.3956751328301086,0.3883755259554338,0.4125957719793917,0.4177776527453202,0.4175321774326013,0.40767822003863907
912,0.4075004105507146,0.4060124811916392,0.3939713160521272,0.4000546321487092,0.4369413998688445,0.3956516409184554,0.3883327199437008,0.4125361273978714,0.4177225648122376,0.4174582390006411,0.40761815318849404
913,0.4074526291672874,0.4059396832974283,0.3939019397759014,0.3999913787309285,0.4367930956373217,0.3956317327344943,0.3883121718353377,0.4124589642279441,0.4176639200389417,0.4173642413836655,0.4075509756829251
914,0.4074050259386749,0.4059032005381059,0.3938429809456816,0.3999407433511341,0.436674083029464,0.3956261366491769,0.3883021787532793,0.4124076619251338,0.4176347466938104,0.4172841043342732,0.4075020862158734
915,0.4073618849726155,0.4058797192245875,0.3937725599780147,0.3998902997918023,0.4365551124370049,0.3956335338596217,0.3882692491144955,0.4123376440486344,0.4175781104590246,0.4171969507062015,0.40744750645920025
916,0.4073127546458248,0.4058355669884181,0.3936850926643105,0.3998196493793909,0.4364187524954757,0.3956404662809946,0.3882370475778011,0.4122770405623291,0.4175271497182668,0.4171180346244862,0.4073871554937297
917,0.4072705520998627,0.4057881281471742,0.3935831697381581,0.3997712039293084,0.4363094264098965,0.3956170486219987,0.3882166419070736,0.4122119230713435,0.4174533974041955,0.4170280304782943,0.40732495218073056
918,0.4072237522842084,0.4057440954603556,0.3934946518456375,0.3997293674110903,0.4361674183927927,0.3955956676689365,0.3881877248964628,0.4121629874602742,0.4173569474871342,0.416964151962885,0.40726267648697767
919,0.4071705207734137,0.4057201621960788,0.3933984368514817,0.39968828064488,0.4360369750741296,0.3955722035809396,0.3881753411922525,0.4120890010074891,0.4172814687464803,0.4168751418785903,0.40720075319457355
920,0.4071243853137924,0.4056642283854094,0.3933425013423598,0.3996290061280552,0.4359270388589815,0.3955528060140869,0.3881635259316911,0.4120168491067136,0.4172395273065784,0.4167744550910814,0.407143432347875
921,0.4070853234453579,0.4056371942468601,0.3932828102710414,0.3995731074035987,0.435828275234389,0.3955150967270897,0.3881484900556842,0.4119302891741367,0.4171709960566784,0.4166955145295,0.4070867097144336
922,0.4070466284367616,0.4055952244724407,0.3932303693424288,0.3995304935221544,0.4356889392805814,0.3954738390211096,0.3881432952413482,0.4119034217065697,0.4171131758695346,0.4166170985115344,0.40703424854044634
923,0.4070198365211543,0.4055460129637026,0.3931466149607569,0.399456732793264,0.4355613421171541,0.3954531748814379,0.3881427736896621,0.411825370039702,0.4170813452278385,0.4165319908736765,0.40697651940683494
924,0.4069740247233073,0.4054795254607101,0.3930702900444212,0.3994247450474739,0.4354327483281139,0.3954151682432109,0.3881127596693786,0.4117390696605024,0.4170278861352584,0.4164680578098368,0.40691442751222134
925,0.4069076438933199,0.405414983668013,0.3929528608269621,0.3993763758847018,0.4353377003095373,0.3953796258347302,0.3880640159357281,0.4116626050518834,0.4169799238312985,0.4163819961400606,0.40684577313762355
926,0.4068724167828447,0.4053583426114907,0.3928571401467,0.3993051540155622,0.4352374119021716,0.3953187167505524,0.3880181888885628,0.4115883064127384,0.416937473862992,0.4163004447372755,0.406779359611089
927,0.4068232640866336,0.4052997917364868,0.3927472913335303,0.3992338420534949,0.4351392965339917,0.3952593797504608,0.3879616149377836,0.4115195617949752,0.416897308045117,0.4162029035857786,0.4067084253858253
928,0.406779054054054,0.405234310373682,0.3926481376370126,0.3991764339792202,0.4350524896569749,0.3951923257926074,0.3879216727477667,0.4114525790046749,0.4168484096317715,0.416114496348235,0.4066419909225999
929,0.4067446844014836,0.4051699000728262,0.3925411529242539,0.3991235218383703,0.4349525471377406,0.3951225758881594,0.3878865704301887,0.4113985114309181,0.4168232186096434,0.416017425024397,0.40657801077579814
930,0.406714937333714,0.4051301484037593,0.3924362618703226,0.3990754821946732,0.4348720248804485,0.3950577639335069,0.3878704004556191,0.4113252221305092,0.416791192384258,0.4159282907842266,0.4065201724371038
931,0.4066856023050804,0.4050875424403988,0.3923442842034661,0.3990310382927676,0.4347915595258503,0.3949908680914067,0.387860499262216,0.4112503299808999,0.4167596184727695,0.4158046406545765,0.4064605983229431
932,0.4066609616254477,0.4050496829544765,0.3922256227579459,0.3990090550237725,0.4346939020075554,0.3949577784047241,0.3878484089176366,0.4111752858300411,0.4167234264621651,0.4157137368829307,0.4064057860866696
933,0.4066320036728569,0.4050050489690599,0.3921443978475228,0.398961529111998,0.4346082580762816,0.3949027180645631,0.3878257023573792,0.4110928830927476,0.4166753082166968,0.4156289357970255,0.4063476785206131
934,0.4065991633993305,0.4049695167533266,0.3920477908341068,0.3988856037363945,0.4345178479964082,0.3948600947338416,0.3878118577084673,0.4109732188885452,0.4166431046958906,0.4155749060253275,0.40628831047716385
935,0.4065620645469339,0.4049326122871764,0.3919368447743707,0.3988355064716767,0.434419882769134,0.3948141056781054,0.3877931955951858,0.4108905721088873,0.4166114799243327,0.4155072143304936,0.40623034784862966
936,0.4065386140782014,0.4048848230382333,0.3918094376265237,0.3988011334906719,0.4343416704505323,0.3947913021805044,0.3877817376647072,0.4107653728795696,0.4165746746257468,0.4154231391801739,0.4061711905214865
937,0.4065050026611192,0.404838662194388,0.3917180423594123,0.3987568702146589,0.4342613235590488,0.394756806399768,0.3877612708565911,0.4106757176523744,0.4165452871423368,0.4153441481007504,0.40611631311404484
938,0.4064703740563633,0.4047988658452193,0.3916784631632108,0.3987271468906755,0.4341764917502003,0.3947109946582409,0.3877379517346127,0.4106072801576222,0.4164874181186165,0.4152816125760403,0.4060676598950802
939,0.4064034092424364,0.4047404616348181,0.3916006551463272,0.3986998491270745,0.4340918067013126,0.394668784526724,0.3877363335030997,0.4105373383107506,0.416434495199889,0.415205802108429,0.4060118935500861
940,0.4063547830150872,0.4046730641678281,0.3915588089711733,0.3986681464207512,0.4340033445990872,0.3946122314837554,0.3876937623489712,0.4104340925216858,0.4164241830518299,0.4151238149391609,0.405954623151933
941,0.4063182904899707,0.4046154737740123,0.3914981373400447,0.3986399091319407,0.4339270075461911,0.394585175940421,0.3876618724911055,0.4103598376038914,0.4163903116120215,0.4150360496786273,0.40590320656082257
942,0.4062753971877393,0.4045620583796795,0.3914508705421216,0.398641373246891,0.4338339051508623,0.3945552110402867,0.3876663147412749,0.4102704372205456,0.4163488878358896,0.4149452365556828,0.40585496919009734
943,0.4062430273405457,0.4045117132473094,0.3914164272518891,0.3986367707036395,0.4337494361228746,0.3945260386682019,0.3876702705034626,0.4101725551660871,0.4163193811528814,0.4148688668115417,0.40581144869684327
944,0.4061833303614028,0.4044589118674036,0.3913784158669983,0.3986312982419524,0.433623926941551,0.394490011415867,0.3876632544477149,0.410070193128054,0.4162604896617354,0.414776679974825,0.40575365119075046
945,0.4061286000170878,0.4044155206114272,0.3913344877309309,0.3986298736753282,0.433521638345204,0.3944705351000508,0.387684065602309,0.4099943366949155,0.4162367479218687,0.4146906698335012,0.4057106475532623
946,0.4060579450439699,0.404373767339137,0.3912884189563263,0.3986193830982912,0.4334050525152431,0.3944336432292911,0.3876939143519071,0.4098727179582122,0.4161803204468396,0.4146262560067282,0.4056551418945945
947,0.4059866110333536,0.4043523434724896,0.3912253094880157,0.3986050638740914,0.4333025563326625,0.3943906063144929,0.3876875507679756,0.4097617461690324,0.4161403000362241,0.4145661366671293,0.40560182241554676
948,0.4059286402785237,0.4043203605883135,0.3911915600159592,0.3985981412993346,0.4332155788668809,0.3943719587933636,0.3876661480064146,0.4096502428666996,0.4160835778516323,0.4144934038894286,0.40555196124565507
949,0.4058673890917799,0.404295117723244,0.3911485138682337,0.3985894911959372,0.4331189698453528,0.3943383441996028,0.3876461603637631,0.4095667078790603,0.4160324895802832,0.4144390905900804,0.4055042274337338
950,0.4058259374644956,0.4042532431617348,0.3911067554479122,0.3985567929774525,0.4329951964146435,0.3943004079992104,0.387618657918353,0.4094765802350805,0.4159634455167093,0.4143712755799635,0.40544682927155556
951,0.4057756498389214,0.4042112189533551,0.3910750532277217,0.3985185926713543,0.4329072872902082,0.3942873668882919,0.3876049267798075,0.4094029220063603,0.415892128765414,0.414302362960326,0.40539775093817604
952,0.4057199184925901,0.4041717124309353,0.391030608007426,0.3984906037683375,0.4328001269333254,0.3942673477328373,0.3876212842665781,0.4093274743464928,0.4158380470063986,0.4142424633378082,0.4053509586322729
953,0.4056579362856956,0.4041227430958459,0.3910025470962736,0.3984529112156654,0.4326994777762021,0.3942458217715736,0.3876126887029367,0.4092738951999186,0.4158045388502372,0.4141783306058756,0.40530508906002244
954,0.4056116456901425,0.4040883761468315,0.3909603035467801,0.3983791014874548,0.4325951809780895,0.3942178913087726,0.3876179607503484,0.4092225258250595,0.4157516510619541,0.4141095478531296,0.4052554184648563
955,0.4055532210304587,0.4040074713428737,0.3909129993587864,0.3983319765388991,0.432526860825503,0.394191744164606,0.3875932614227146,0.4091465196233204,0.4156724216602427,0.4140543887851043,0.4051990864752509
956,0.4054819646166687,0.4039761254745245,0.3908673805421144,0.3983040838642606,0.4324478029199411,0.3941244088390224,0.3875858557955539,0.4090469990878458,0.4156245252795216,0.4139667354452784,0.40514258818647314
957,0.4053960485266165,0.4039458104410676,0.3908313510653274,0.3982864152355607,0.4323294423018419,0.3940846178154685,0.3875932996863281,0.4089692243096464,0.4155930939543421,0.4139034850867874,0.4050932788422986
958,0.4053570874455633,0.403914217682523,0.3907871458440653,0.3982444954206884,0.4322114091246536,0.3940558893707028,0.3876074250498254,0.4088583991943183,0.4155193189251919,0.41383511679753,0.4050390504855062
959,0.4052943737179927,0.403889028448689,0.3907610901008653,0.3982006807285503,0.4321028581635424,0.3940041228261062,0.3876010518760809,0.4088154560626588,0.4154827598086925,0.4137782945699885,0.40499297163031667
960,0.4052391782589278,0.4038629185600567,0.390709977897827,0.3981775852384532,0.4320068811823122,0.393959825844637,0.3876079618841222,0.4087657293867079,0.4154292499493084,0.4136960099451182,0.404945531814747
961,0.4051856709774336,0.4038101993424229,0.3906727246380312,0.3981448021895509,0.431856694196927,0.3939251384586501,0.3875928930315552,0.4086815272212822,0.4153591617921761,0.41361724504853,0.4048846056896559
962,0.4051357096468885,0.4037895615588304,0.3906323989116906,0.3981273907415172,0.431708878188101,0.3938828676368904,0.3876041418709831,0.4085935845210056,0.4152923474828698,0.4135310548028696,0.40482979353616455
963,0.4051158542974163,0.4037655055897544,0.3906023647228449,0.3980895555547462,0.4315917829955416,0.3938551512633076,0.3876222401817819,0.4085397247976033,0.415209535095537,0.4134468504098625,0.4047838564908396
964,0.4050814040583268,0.4037170040439449,0.390549576536259,0.398068599324362,0.4314562176534135,0.3938155044233716,0.3876145001327893,0.4084731420617505,0.4151458018244484,0.4133643762827181,0.4047286126341384
965,0.4050355271703577,0.4036833776166642,0.3905127077505743,0.3980451748388948,0.4313107839984467,0.3937847078688685,0.3876165848824422,0.4084056413351605,0.4150679897478103,0.4132869404067727,0.40467494356159917
966,0.4049882343142764,0.4036564026951497,0.3904376473835482,0.3980233177011072,0.4311804341977376,0.3937538226834713,0.387594195201382,0.408340897047434,0.4150232694845346,0.4131994363050403,0.4046197657013682
967,0.4049510357594789,0.4036214333339422,0.3904023195159605,0.3980300903132268,0.4310621277533093,0.3937080273433859,0.3875862348385833,0.4082735457542141,0.4149667961850936,0.4131248271217774,0.40457264379189717
968,0.40491399669047,0.4035878552058078,0.3903613646565913,0.3980020792128194,0.4309280778495876,0.3936764675082901,0.3875801981005177,0.408212195512623,0.4149259838707126,0.4130544653192162,0.40452426839266353
969,0.4048670293281217,0.4035502219518779,0.3903116582358237,0.3979594029584508,0.4308252265454401,0.3936439190830309,0.3875521509504199,0.4081727705781662,0.4148890773578808,0.4129809135287619,0.40447523705179733
970,0.4048249489230051,0.403512411081225,0.3902688686905353,0.3979335293168746,0.4306867512872103,0.3936196041286512,0.3875397454340101,0.408107637096576,0.4148375671848093,0.4129251053220943,0.40442561684649914
971,0.4047785442998858,0.4034782376447376,0.3902396234718301,0.3979034197417007,0.4305590282710612,0.3935941262606998,0.3875538501180419,0.4080501328135357,0.4148002436201223,0.4128472239158888,0.4043804430157504
972,0.4047291558440046,0.4034425069109775,0.3901863220497867,0.3978584038593874,0.430436897172799,0.3935741548780375,0.3875519015696268,0.4079980715973132,0.4147460036921587,0.4127543975641583,0.4043277815138249
973,0.4046784735375007,0.4034153059997868,0.3901515111859285,0.3977992284939078,0.43031477129865,0.3935602273489603,0.3875384962823986,0.407932880794783,0.41470849076565,0.4126753359592215,0.40427747216667875
974,0.4046147696426579,0.4033948379612846,0.3901263746383312,0.3977467623486001,0.4302072258324469,0.3935133271103184,0.387539392964852,0.4078870083097412,0.4146782125009963,0.4125940296780538,0.4042301940987283
975,0.4045564017720252,0.4033411278669381,0.3900967127859311,0.3976857226272481,0.4301139820541441,0.3934716481700717,0.3875180438877269,0.4078396240933952,0.4146213506511051,0.4125070116381059,0.4041751625546691
976,0.4045075002318464,0.4033222371678215,0.3900760353286606,0.3976670188177761,0.4300193833452747,0.3934551624625292,0.3875037283111558,0.4077870978288185,0.4145631997243569,0.4124486704347013,0.4041350033652941
977,0.4044489041417871,0.403313353273873,0.3900705274224637,0.397625384047955,0.4299139958739044,0.3934147093898638,0.3874882421782669,0.4077361240060726,0.4145270996302326,0.4123617616306749,0.4040900101595094
978,0.4044157497762224,0.4032930664034964,0.3900500028971763,0.3975689373790743,0.4298288664467523,0.3933579139792363,0.3874674691968018,0.4076823836649658,0.4144691470490676,0.4122949139818868,0.404042845077468
979,0.404378899923994,0.403290702482365,0.3900488262334116,0.3975305022164487,0.4297385089415608,0.3933321275760144,0.3874727535875066,0.4076496901370106,0.4144277609922923,0.4122253602756172,0.40400951323662204
980,0.4043390020190366,0.4032610007045313,0.3900354020927462,0.3974872573060887,0.4296285269591044,0.3932942324080244,0.3874752568552187,0.4075934724080085,0.4143937987842164,0.4121417595126718,0.40396497090496475
981,0.4042747964931365,0.4032412360285735,0.390027270831345,0.3974324873289391,0.42953135621016,0.3932474356712619,0.3874638386584256,0.4075339690714151,0.4143524547463219,0.4120461850107479,0.40391510300503264
982,0.4042359107227333,0.4032249540699215,0.3900139985807239,0.3973795422998896,0.4294186711670014,0.3932137115828423,0.3874317205571062,0.4074719698363959,0.4143127433448365,0.4119708370806147,0.4038674059242065
983,0.4041924349044706,0.4031875931044385,0.389975051630489,0.3973229554740304,0.4293221821595442,0.3931939414440926,0.387444291974883,0.40743347506615,0.4142751228499027,0.4118804551300535,0.4038227503738055
984,0.4041416646093961,0.4031749372798914,0.3899422371142977,0.3972560911383656,0.4292124658769938,0.3931698495915332,0.3874551673793126,0.4074024494824442,0.4142195888578496,0.4117902418286686,0.4037764693158753
985,0.4040734261122866,0.4031301143327234,0.3898861371045287,0.3971945009521265,0.4290929689264168,0.3931545989663912,0.3874449031561959,0.4073415045472257,0.4141835781152783,0.41168229957895,0.40371840317921226
986,0.4040133912770566,0.4031121795839328,0.3898454314613795,0.3971225561433312,0.4289892951267204,0.3931382451745145,0.3874354433963772,0.4072859535298405,0.4141427547567854,0.4115879579546375,0.4036673208404576
987,0.4039459269301392,0.4030608854625599,0.3897933936505485,0.3970797254213946,0.4288838965621344,0.3931013144859606,0.3874469775159806,0.407237937773157,0.4141147609602496,0.4115198531295363,0.4036184671891661
988,0.4038826969486443,0.4030359686788466,0.3897622219262022,0.397052285996227,0.4287743864806675,0.3930485618764051,0.387424979779684,0.4071738905747679,0.4141029285124629,0.4114498180577666,0.4035707738831674
989,0.4037982976625386,0.4029919610242283,0.3897333622004694,0.3970127159757676,0.4286557148923506,0.3930166883383598,0.3873918911230214,0.4071369025398247,0.414090352533034,0.411391504585593,0.40352193908751877
990,0.4037307813312176,0.4029474675470681,0.389736193558315,0.3969798574942384,0.4285536725022262,0.3929590735857245,0.3873674360609377,0.4070848353919579,0.414081079863897,0.4113321164985105,0.4034772513834093
991,0.4036665156238259,0.4029109836165824,0.3897010205079717,0.3969385485346911,0.4284592411039554,0.3929101473849111,0.3873376826864559,0.4070318862965557,0.4140691147137335,0.4112572356666104,0.4034282376135293
992,0.4035966045416813,0.4028770310643165,0.3896718657315328,0.3968827026685008,0.4283443364057567,0.392866874538591,0.3873329987467179,0.4069708003008946,0.4140628872513314,0.4111982269278821,0.4033804328177205
993,0.4035377092227821,0.4028283877151643,0.3896342602488916,0.3968446036092971,0.4282680176858997,0.3928282235744862,0.3873090814542743,0.4069264117611225,0.4140613188381147,0.4111354925269551,0.40333735066369875
994,0.4034894644001656,0.4027885673442928,0.389615302493168,0.3967880800894922,0.4281569818271923,0.3927706022933229,0.3872926689051171,0.4068749038139197,0.4140418120316808,0.4110379501328751,0.4032856333331226
995,0.4034232089181053,0.4027344332845565,0.3896019807075744,0.3967519380750011,0.4280532685701078,0.3927425630373268,0.3872738397087134,0.4068301669161034,0.4140309811218916,0.4109320055882111,0.4032374385927591
996,0.4033624300213996,0.4026856382825819,0.3895807832757906,0.3967410986027832,0.4279516216093331,0.3927104413093351,0.3872411984494321,0.4067986334189876,0.4140041059060068,0.4108574980967011,0.403193344897235
997,0.40331459810534,0.402659020152032,0.3895503852750122,0.3967071378240032,0.427843420236059,0.3926831151317638,0.3871917148470896,0.4067433600859762,0.4139529516064932,0.4107491760682991,0.4031394879332069
998,0.4032527858376706,0.4026245235665627,0.3895527183675355,0.3966922829941089,0.4277543942274707,0.3926280278370187,0.3871521868208259,0.4066835678119864,0.4139281754588718,0.4106368036075183,0.40309054665295696
999,0.4031935408935033,0.4025566009251852,0.3895370954770507,0.3966754298409614,0.4276785116979168,0.3925981111535887,0.3871400564070128,0.4066415228607009,0.413907299801852,0.4105486626071951,0.40304768316649664
1000,0.4031365683771129,0.402506912584426,0.3895259350948407,0.3966467413696055,0.4275951888232592,0.3925795835274304,0.387136053198127,0.406588059906584,0.4138794244961763,0.4104459535175598,0.4030040420895122
