Timestep,mc_1,mc_2,mc_3,mc_4,mc_5,mc_6,mc_7,mc_8,mc_9,mc_10,mc_11,mc_12,mc_13,mc_14,mc_15,mc_16,mc_17,mc_18,mc_19,mc_20,mean
0,0.0,0.0,0.0,0.0,0.0,0.0,0.0,0.0,0.0,0.0,0.0,0.0,0.0,0.0,0.0,0.0,0.0,0.0,0.0,0.0,0.0
1,0.3403712871287129,0.3498370927318295,0.3560275689223057,0.327153110047847,0.3688441558441558,0.376117166212534,0.356975,0.3274874371859296,0.3582345013477089,0.3394050632911393,0.3443120393120392,0.340273631840796,0.3558578431372548,0.3492708333333333,0.3097290640394088,0.3605696202531645,0.3732978723404255,0.3529189189189189,0.3043857493857494,0.3576683937823834,0.3474368174527818
2,0.3594009489916964,0.347124849939976,0.3592060606060606,0.3332837528604119,0.3670320197044335,0.3741029023746701,0.3547772277227723,0.3337254901960784,0.3552994791666667,0.3425836431226766,0.3299524940617577,0.3259144893111639,0.3572129186602871,0.3565541401273886,0.3224654377880183,0.3599817295980512,0.363297331639136,0.3574673629242819,0.3123053892215569,0.3571863354037266,0.3484437001710405
3,0.3507410296411856,0.3440047770700637,0.3618,0.3293308270676691,0.3634833738848337,0.3683304572907679,0.3533973834832379,0.3306761133603239,0.3479436501261564,0.3386356275303643,0.3256374807987711,0.3118021472392638,0.3510773480662983,0.3540640809443507,0.3240429540316503,0.3585737179487179,0.3545854063018243,0.3514680851063829,0.3008188976377953,0.3522884141331141,0.3436350885831386
4,0.3446227510156703,0.3415065243179122,0.3574135876042908,0.3243725268513284,0.3580973986690866,0.3655006418485237,0.341829415310428,0.3276918465227818,0.3410479409956976,0.3377913927077107,0.3182743867655448,0.3073850085178876,0.3466527942925089,0.3480764371446621,0.319854748603352,0.3548984468339307,0.3460858895705522,0.3481163084702908,0.2969235294117646,0.3473859432799014,0.33867637593669125
5,0.3401368909512762,0.3412328442972077,0.355910390848427,0.3212528216704288,0.3572394571013088,0.3625398048279404,0.336268620855358,0.325435615126855,0.3431928294573643,0.3316044954567192,0.3119019784172661,0.3040904977375565,0.3465410146989094,0.343678102926337,0.3223451327433628,0.3505273250239693,0.3410752688172043,0.348530901722391,0.2956102175969725,0.3400959173635021,0.33596050638201785
6,0.332718689788054,0.34122283682339,0.3566633426406064,0.3140113207547169,0.3556194331983805,0.3640979050876443,0.3308626198083067,0.3240554005579912,0.3452156549520767,0.3278063872255488,0.3091899441340782,0.2990371493555724,0.3413445544554456,0.3371401594628619,0.3245866861741038,0.3522179847450823,0.3405270655270655,0.3499095498527555,0.2983662974683544,0.3382326530612245,0.334141281753663
7,0.3310751080093054,0.3422055820285908,0.3573853524982888,0.3081834473769957,0.356675320179993,0.3587522902161965,0.3287732598208132,0.3184489795918367,0.3489266487213997,0.325839590443686,0.2999714104193138,0.2972766097240473,0.3388784568111984,0.3350071968333932,0.3256261740763932,0.3515190311418685,0.337276707530648,0.3465173410404624,0.3023814363143631,0.33504920913884,0.33228845759588166
8,0.3275036732295034,0.342875074716079,0.3591979010494752,0.3056724386724386,0.3590145542753184,0.3545661953727506,0.3307557436517532,0.3154201430274136,0.3533270183619936,0.3229580209895053,0.297200055417013,0.2927255584566289,0.3343710691823899,0.3344715189873418,0.3279032258064516,0.3486023320036821,0.3336143470263641,0.3460313192027838,0.3012756772849062,0.33307501549907,0.33102804411064307
9,0.3235947368421052,0.3442020282892982,0.3576713062098501,0.3037438231469441,0.3594672796106003,0.3510011474469305,0.3327395776935571,0.3159718534253851,0.3575662805662806,0.319167339252085,0.2993567035670357,0.2885541069100391,0.3302709227467811,0.3334061259217243,0.3254347826086956,0.3469624620480265,0.3317642231947484,0.3434709219858156,0.3009188034188034,0.3334433962264151,0.3299353910555561
10,0.3235044058109074,0.3460385828682358,0.3579849660523763,0.3029713945172824,0.3614789422135162,0.3473327258526426,0.3324441443653326,0.3191175059952039,0.3586212854181065,0.3151816396661758,0.3013514992339681,0.2826994301994301,0.3262310698583291,0.3321377091377091,0.3261160515784793,0.3442047462761928,0.331755819712729,0.3437316696681244,0.2994879591340306,0.3323748103186646,0.32923831789387187
11,0.3252094240837697,0.3477661001788908,0.3581219512195122,0.3029483785572468,0.3643962604190133,0.3451336515513127,0.3347307001795332,0.3193099647266313,0.3592519355513706,0.313450417890219,0.3054575163398692,0.2794006961061562,0.3238601618705036,0.329087797970262,0.326625535386498,0.3421130393996248,0.3305361990950226,0.3411834949160559,0.3017710897292459,0.3306575278810409,0.3290505921525889
12,0.3238394116461818,0.3481747350924579,0.361973227059064,0.3017656765676567,0.366392670157068,0.3415067433119611,0.3373207274230212,0.3170361247947454,0.3586749662227369,0.3125251677852348,0.3108885269634456,0.2783373688458434,0.3208456037021456,0.3259363458613947,0.3240156220591002,0.3398062527520916,0.3300387110274115,0.338842775581906,0.3036443148688046,0.3306031882809134,0.3286084080001592
13,0.3228636788048553,0.3498397747135365,0.3645134004942026,0.3015187051754216,0.3684950884086443,0.3373193207703459,0.3407788461538462,0.3149422632794457,0.359285201793722,0.3127860794337397,0.3145926849542809,0.2790225988700565,0.318212732305259,0.3227883255907898,0.3237893164645932,0.3382260743201162,0.3304058789176562,0.3376355792933442,0.3036980178779634,0.3312682038834951,0.32859908857526576
14,0.3240680188844203,0.3518266423357664,0.3679411764705882,0.302520131771596,0.3729427516158818,0.3352280257259794,0.3430996940795393,0.3151631912964642,0.3608519388954171,0.3140904038532789,0.320570944906125,0.2791440963002302,0.3167982129560686,0.3202478632478632,0.324566935616664,0.337816679779701,0.3318468960495175,0.3361917701863353,0.306673045379989,0.331896485867074,0.329674245260925
15,0.3253116797900262,0.3522437003797031,0.3706043956043956,0.3070902203856749,0.3791795450599062,0.3373855243722305,0.3460504059539919,0.3160522696011004,0.3617484954070319,0.3145734597156398,0.326113337149399,0.2816983967935871,0.3160729991204926,0.3194964028776978,0.3262126865671642,0.3378830005598059,0.3332727272727273,0.3348715831957439,0.3070236869207002,0.3322180860722716,0.3312551301399645
16,0.3288945420906567,0.3549721858638743,0.3730209473190558,0.3126061838893409,0.3842941562705187,0.3367232881534941,0.3486709265175719,0.3181734377549355,0.3624883929908641,0.3148842476094614,0.332530500067033,0.2838287573401047,0.3140898444035468,0.3195613433858807,0.3297567806603773,0.3375347841598287,0.3354970146845248,0.3334761738523302,0.3113518127133799,0.3320277777777778,0.3332191548752279
17,0.3325149395131905,0.3564894613583138,0.3772101236021188,0.3200177387012185,0.3901511845386533,0.3368756319514661,0.3512511401641836,0.3207506203473946,0.3615955024195844,0.3163913881748071,0.3400813264405496,0.2843026058141287,0.312982176957352,0.3189445173998686,0.3334514141697003,0.338224650051212,0.3396649406031069,0.3324067909454061,0.3178241808952468,0.3338101559907069,0.3357470245019104
18,0.3376976680005519,0.3591966821102974,0.3809253607103218,0.3268763732239637,0.3969169139465875,0.3384552190721649,0.3533176214648296,0.3245088957506249,0.3624503176963634,0.3193370336108542,0.3461173317450864,0.2878133028832429,0.3152907596285584,0.3182285938727415,0.3367397113842864,0.3396532074242917,0.3440396871378911,0.3331768924302788,0.3247878566203364,0.3377174603174603,0.33916234445153665
19,0.3435624261520283,0.3638150164780054,0.3842129507765201,0.3346229050279329,0.40230447125621,0.3383539412673879,0.3553594725884803,0.3293082067716315,0.3644869811807166,0.3220678692887772,0.3523514488668395,0.292428030814975,0.3187952686915888,0.3178442165585885,0.3412169787124904,0.3415390600684718,0.3493338838425543,0.3338388082505729,0.3334901714763697,0.3425719287562795,0.343075201841321
20,0.349934350381393,0.3679602639901004,0.3890963101938712,0.3431332269644994,0.40852637302882,0.3400363232023721,0.356303131245836,0.3363927061310782,0.3668376383763837,0.3262610304582978,0.3575513259195894,0.2986434604555926,0.3227826026054069,0.3173363267670915,0.3455534280420012,0.3453443158207183,0.3554815009183942,0.3344384164222873,0.3415796135909393,0.3479523254118676,0.347557233496327
21,0.357019973843776,0.3729253276843638,0.3951535714285714,0.3523724199062936,0.4149739141776444,0.3409293044469783,0.358660440122825,0.3446409741400954,0.3699177244945933,0.3308366506520246,0.3637479674796748,0.3053710418177424,0.328346371729161,0.3197567944250871,0.3497138769670958,0.3499652925343532,0.3626601601601601,0.3371379310344828,0.3510247417421247,0.3550501462599247,0.35301023125234854
22,0.3651325929283772,0.3759517734115846,0.400819170632223,0.3612365461361712,0.4217033516758379,0.3451137921579381,0.3618650842454802,0.3531547832318165,0.3727406657669815,0.3361019867549669,0.3706764079736791,0.3139883134738771,0.3352509100364014,0.3232716545990882,0.3538388434512153,0.35553639326453,0.3706847019391908,0.3409566689234936,0.3612509135200974,0.3613135480436519,0.35902940510833015
23,0.3738307892172783,0.3802248157248157,0.4059903669228271,0.3711691828973147,0.4288366217516843,0.3512971262852623,0.3652050005924872,0.3614617486338798,0.3757542684244651,0.3415065502183405,0.3772314583910593,0.3233606735469853,0.3413709373823566,0.3274722293980883,0.3590634070104934,0.3632492195629552,0.3784939206239963,0.3455563499285064,0.3707573992076439,0.3673159099580313,0.3654573987839236
24,0.3814324212271973,0.3846462375769049,0.4091691593604951,0.382232967032967,0.4363944869122075,0.3586774029926453,0.3690716240875912,0.370230902966424,0.3795417705735661,0.3478749532477247,0.38413884472708,0.3329426034892124,0.3479446664245065,0.3341797556719023,0.3641604457427242,0.3709072781655035,0.3861683015540615,0.3483483370842711,0.3808197635511934,0.3748700194363459,0.37218759709122623
25,0.3894886814932486,0.390709555885375,0.4139053546729895,0.3919856107551727,0.4437430167597765,0.3661170862869713,0.3746182536200088,0.3804868913857677,0.3840844506704022,0.3544825293193084,0.3911417923089954,0.3406367739403454,0.3567233348858873,0.3413157894736842,0.3696924853064651,0.3799425149700599,0.3939228976911672,0.3532905674015179,0.3916787697565143,0.3837441860465116,0.37958552713150845
26,0.3962609523809524,0.3981182439885286,0.4201623623243449,0.4017572463768115,0.4490876777251185,0.3733201511037658,0.380817606747496,0.3901162790697674,0.388749759384023,0.3613527618154099,0.3986766379450495,0.3484158878504672,0.3645959595959596,0.3485408695652174,0.3753083520522768,0.38890937463877,0.4012916879143294,0.3596883720930232,0.4022642571925873,0.3939621380846325,0.3870698288924265
27,0.4026365795724465,0.4056575021312873,0.4247494761774619,0.4108603707995364,0.4550746578183326,0.3805580917598721,0.3871197361745306,0.3995515523188961,0.3942857142857143,0.369113362167084,0.4058203765919213,0.3567963325618657,0.3733250432525951,0.3554264129826525,0.3810502033931937,0.3970511389012952,0.4087157180772633,0.3662657515751575,0.4120173716753361,0.4037337037828596,0.3944904547999651
28,0.4082064550078933,0.4136823141857113,0.4284304971988796,0.4198178700528316,0.4607981267437226,0.3876325088339222,0.394875915974597,0.4091072909945616,0.4002418417523469,0.3773598852603707,0.4126707280385078,0.3638188775510204,0.3822419186652763,0.3620168430144677,0.3872262949744381,0.4047103015890174,0.4158796208530805,0.3717120304844856,0.4199407337723424,0.4131134985093039,0.40167417767283886
29,0.4134190090318224,0.4200014888337469,0.4322892784895482,0.4283834653377236,0.4669384821770793,0.3952360354587205,0.4040427237574271,0.418352282821105,0.4062977953840854,0.385620320855615,0.4193465641100065,0.3713819749471287,0.3920631895687061,0.3691902179580769,0.3929806609087495,0.4131411197315999,0.4230085829072315,0.3768625487509223,0.42733191950185,0.4216475133742818,0.4088767586952713
30,0.418943033352268,0.4272358228937553,0.4371126188348094,0.436060372840773,0.4720235684036089,0.4038649039454658,0.4125510762495439,0.4264734858219823,0.4128305253548012,0.3940143034825871,0.425746446327288,0.3780186770428015,0.4010919872722013,0.3783907524932004,0.3986946983546617,0.4220241968279788,0.4297993664202745,0.3815416070333265,0.4346665223040277,0.4296414228341939,0.41603626940447747
31,0.4236455488803932,0.4345812966891082,0.442646138195477,0.4426350352979806,0.4763989774330042,0.411608251552173,0.4210693794686203,0.4347282563806062,0.4192365556978233,0.402733950493057,0.4313483260060872,0.3849501154046609,0.4103029600074231,0.3867170436817473,0.4047945388241573,0.4289128291095552,0.4359619781522567,0.3873179924618131,0.4416519860395546,0.4374165898617512,0.4229328874818624
32,0.4290787992495309,0.4411322094055013,0.4480790170132325,0.4491882835291335,0.4798216700473293,0.4191904761904761,0.4288925485499187,0.4425362665391359,0.4259394313967861,0.4121924690274119,0.437068175870191,0.3910830479452055,0.4204726412568062,0.3952845259476321,0.4104255042853432,0.4346439140811455,0.4420328861256544,0.3937558888568406,0.4482157113204534,0.4447613322646718,0.42968973994511994
33,0.4349602371312898,0.4469627764022881,0.4536624296880707,0.4556038336237594,0.4838785198409478,0.4262376284286926,0.4364832932592654,0.4499815583218073,0.4318405320579883,0.4208351492183799,0.4415636870093694,0.3968937992463172,0.4299402150537634,0.4036714377465822,0.4156503655155029,0.4409767141009055,0.4480507538085089,0.3996966166464722,0.4544911351600276,0.4521287128712871,0.4361754697565613
34,0.4408384486607143,0.452111074624415,0.4593920350233018,0.4610231575881153,0.4874200842039606,0.4327791994150978,0.443961937716263,0.4559710606172748,0.4371583772468057,0.4289674662255307,0.446502999877556,0.4029126021618772,0.4379865604778497,0.4107334637268847,0.4211773101704592,0.447085532790552,0.4546965769611954,0.404677186002351,0.4601331808455692,0.4591201895104314,0.4422324221923102
35,0.4461182926008213,0.4571382357582452,0.4650437277944793,0.4667331653366933,0.4912827146606674,0.4396982185588939,0.4504337292904032,0.4604691287608727,0.4417054804071956,0.4372534081796311,0.4503898946870193,0.4083284773245503,0.4465479430126461,0.4187831325301204,0.4268937297382779,0.453888119154832,0.4603319593699396,0.4099934239368698,0.4656662874208917,0.4644382112518031,0.44805686398874267
36,0.4514778933680104,0.4619571482745544,0.47012883192389,0.4719983818770226,0.4947048210161662,0.4455053966078465,0.4570079009344374,0.4655108433734939,0.4461007009975734,0.4452335842200882,0.4552290950744559,0.4132896181529827,0.4541288552214578,0.4253579753579753,0.4328069367710252,0.4601915821245912,0.4655317104420243,0.4156257971260947,0.4698469282925827,0.469862335653519,0.4535748168404895
37,0.4569451434323099,0.4662897578056609,0.4755884610464372,0.4772585467307942,0.4966328938237335,0.4506436629064366,0.4632408160248355,0.4706413490904262,0.4512529335071708,0.4528600857647356,0.4593129327056217,0.4171329574817947,0.4611418853255588,0.4311998711547753,0.4381151207873546,0.4648505037374065,0.4706522637998759,0.4195112843660238,0.4733811029847796,0.4741739422431162,0.4585412757359423
38,0.4621650331770865,0.4701921728152616,0.4807210196613533,0.4820934972095065,0.4984534634929125,0.4557263377792061,0.4693388370423546,0.4747956176319836,0.4555272452068618,0.4601271983640081,0.4633424495924496,0.4210653232197441,0.4684500723589002,0.4373335150712672,0.4440146963005864,0.4697806913930231,0.4764866217388403,0.423661486004282,0.4764450647043897,0.4771320089253581,0.4633426175844687
39,0.4658572438578919,0.4735694997637211,0.4857811277607269,0.4870762378037694,0.5016836635900084,0.4607809820732658,0.4747332311764296,0.478770146293082,0.4595706962836394,0.4670238853503184,0.4666251298026999,0.4244557155322861,0.4757851239669421,0.443721578075591,0.4501045259379179,0.4742753070409642,0.481647279307225,0.4280674234869985,0.4793711769023733,0.4794068501698675,0.46791534120878603
40,0.468874243980372,0.4766391417425227,0.4902537819052625,0.4918267088756008,0.5048401797977276,0.4654036891442395,0.4804226162279217,0.4829014642342775,0.463831698380806,0.4732331554111549,0.4696877828054298,0.4279977887754028,0.4821980446737728,0.4496304807762457,0.4550923645320197,0.4787911682173977,0.4861244049110498,0.4328921968965773,0.4820070235495485,0.481190539818279,0.4721919237327805
41,0.4722709174362661,0.4794298245614035,0.4936468085106383,0.496286645874681,0.5082240701542183,0.4698343594253885,0.4847088590956888,0.4869040148742083,0.4682544954758905,0.4788171962053907,0.4717726697185156,0.4314609514118545,0.4883467263865103,0.454898254786971,0.4602814977680058,0.4837354183067344,0.4901412257790196,0.4374215439856373,0.4845258178502222,0.4837142489049214,0.4762337773256083
42,0.4749839426216347,0.4821476874773578,0.4968403217808144,0.499913002909051,0.5110018726591761,0.4745948447735688,0.4884969051113521,0.4901390765765765,0.471727524972253,0.4842160023446659,0.4742917847025496,0.4346979535615899,0.4938120522006141,0.4598939228031755,0.465796007000713,0.4880660737858681,0.4937814358913953,0.4425620437956204,0.4853615651312531,0.4857912729985081,0.4799057646548869
43,0.4775169821104485,0.484468655325099,0.4995971107544141,0.5027258218959464,0.5136780794739527,0.4785177236222652,0.4918281501672655,0.4932139737991266,0.4748003229278794,0.4892647163753121,0.4765538870066844,0.4375636874434551,0.4990637227501397,0.4648144589490425,0.4707072524143154,0.4924740461102872,0.4974664036141134,0.4472463816896668,0.4866601126580933,0.4881256377933849,0.4833143563440445
44,0.47936332596907,0.4865802483006572,0.5018178515827711,0.5052324502628595,0.5161992751633628,0.4819545332257196,0.4958097044127385,0.4955277072758037,0.4771241386510753,0.4945831596498541,0.4786273203659295,0.4394634224943602,0.5038673100120628,0.4701448763250883,0.4750786578995882,0.4969850873176794,0.5008667776852623,0.4513198433420365,0.4876581433559252,0.4905086272003718,0.48643562302461085
45,0.4808546675751971,0.4881109063313096,0.503250579111693,0.5075556055380617,0.5189403779611392,0.4842416721097322,0.4993037604538277,0.4975272018066106,0.4790072970507753,0.4990889730241363,0.4801992238033635,0.4414539828131261,0.5086670772479325,0.4750598541056176,0.4794762075991849,0.5012134874269748,0.5045691096370598,0.455485719713761,0.4884228021432824,0.4929401507481156,0.48926843281004506
46,0.4824652007738404,0.4896126465661641,0.5049452643925325,0.5098632528367762,0.5218084225774743,0.4862394491337183,0.5021294612411912,0.4985870106584321,0.4808417011222681,0.5030544951954719,0.4813093992045216,0.4423404347076073,0.512504275453198,0.4794599176556067,0.4836056962764095,0.5053931961050167,0.5081516264428122,0.4594537350138333,0.4893857375947787,0.4952631865736704,0.4918207054762661
47,0.4839335103947247,0.4908736906027022,0.5064291138639707,0.5120697367801479,0.5243783321597425,0.4881318986248997,0.5042157944079855,0.4997889571145385,0.4831268549545237,0.5066422587452837,0.4820824189222141,0.4433779152386525,0.5160263507528786,0.4834423144772433,0.4879310737033667,0.5089802572539636,0.5102070583435332,0.4633832049214597,0.4902695111193649,0.4978555549674482,0.49415729036743217
48,0.4850564871236045,0.4917884248151594,0.5076483070393948,0.5140234070816728,0.526408374914392,0.4901329978432782,0.5064590480274442,0.5018179255918828,0.4854707580555038,0.5102015450750732,0.4821861181301327,0.4438981162649382,0.5192254733218589,0.4873769789106704,0.4914593142414003,0.511709654932032,0.5119482707362997,0.4670633631194151,0.4910952808988764,0.500266050333847,0.4962617948228439
49,0.4863691762468666,0.4925309461702632,0.5091456846640636,0.5158803068141278,0.5280723837624328,0.4916457388675735,0.5091087739443604,0.5034982436932621,0.4877750849377124,0.5133676069153776,0.4825144885818461,0.4443488335558872,0.5217916339869281,0.4914280159964452,0.4937803038465682,0.5143804660610506,0.5144055252880768,0.4715188695210696,0.491800504062921,0.5027973040439341,0.4983079945480383
50,0.487339129704301,0.4931579915394519,0.5105456132693147,0.5172616052060737,0.5300991383303993,0.4933594896691882,0.5117612076852699,0.5051680784070247,0.4892560507869329,0.5166079659614703,0.4826380539894709,0.4452657161373947,0.5248296032553408,0.4953045685279187,0.496435389133627,0.5170481729397564,0.5168490902269743,0.4755812932264793,0.4924106015986538,0.5051072607260726,0.5003013010160557
51,0.4883086793069631,0.4942102211915805,0.5120113819757072,0.5187203701356319,0.5322235506429055,0.4948349961627014,0.51458432304038,0.5071327177805584,0.4904090479869517,0.5195450883351557,0.4822993866366639,0.4458108108108108,0.5276535359033998,0.4984469159173371,0.498145103645461,0.5193820044828691,0.5192874760208277,0.47919956198921,0.4929772625402387,0.5071596111189769,0.5021171022812166
52,0.4888606739786997,0.494548602094694,0.5130956910098421,0.5199270884824518,0.5342150651179162,0.4966071618885218,0.5175863980334506,0.5088208616780046,0.491802942897751,0.5221952244829325,0.482111385701677,0.4467451453687358,0.5306532009255688,0.5017280822969447,0.499560802423159,0.521360567184335,0.5218670674682698,0.4823915077178941,0.4933482213438735,0.5088170882879574,0.5038121389191339
53,0.4892854380945016,0.4953296056503826,0.5141084521795182,0.521288125376733,0.5358682403433476,0.4978237121408231,0.5201587450685704,0.5098126812926421,0.4932753841764154,0.5250409343958083,0.4818182130584192,0.4477605426438111,0.532966762123844,0.5042841141036492,0.5004435756347138,0.522869696969697,0.524248097412481,0.4849478982244929,0.4935752646923431,0.510073033456917,0.5052489258519556
54,0.4896944998682377,0.4959593462717058,0.5148441731758057,0.5229365266172374,0.5374400971849866,0.498448744401389,0.522047972168818,0.51064586645469,0.4942609249383109,0.5275945026317188,0.4818141059957173,0.4487297039159503,0.5348533241946538,0.505906978995257,0.5015687426556992,0.524858870967742,0.5266078481335201,0.4881234281769318,0.4938755124860231,0.5109599339475056,0.506558555159095
55,0.4894951975951316,0.4964390777181474,0.5156061301802319,0.5245435049019608,0.5394011449601309,0.4998094071533562,0.5238769361246262,0.5115765033666125,0.4949988347704497,0.5301868166036171,0.4819011146600613,0.449295821430944,0.5363568062594469,0.5077467608951708,0.5021303910818713,0.5265921827848828,0.5282704115499502,0.4909379509379509,0.4944168388242543,0.5122349879395709,0.5077908409869185
56,0.4896066252587991,0.4972372186557351,0.5157837142537564,0.5255849352980776,0.541163185430728,0.5011533317411034,0.5259205823380699,0.512176559261353,0.495427337475375,0.5329647987052397,0.4816645477083465,0.4498391065069602,0.5379180724976209,0.5093561492907314,0.5016262760763426,0.5283138829240968,0.5299246292244104,0.4935818898746655,0.4947481481481481,0.5131031710032576,0.5088547080836407
57,0.4899029227557411,0.4977356252588771,0.5158927013666763,0.5262994742222871,0.5425175561797753,0.5030113609908274,0.5278787878787878,0.5127585573674159,0.4955634844339273,0.5355398736675878,0.4815735024971306,0.4500769861803496,0.5394383607800194,0.5109567901234567,0.5004255181626234,0.5303200692041523,0.5313452861553075,0.4961472030054519,0.4952036331169946,0.5139179853803518,0.5098252839363872
58,0.4900227349847302,0.4976063693333822,0.5159508115387341,0.527081252675132,0.5443667314804225,0.5040129787620258,0.5298956340956341,0.5124667477116706,0.495879632974496,0.5381750470038085,0.4815355402911005,0.4498934731146432,0.5402228594838181,0.5131830088186501,0.4992665215753568,0.5320956861352744,0.5331381764728637,0.4987836024511338,0.4958145870241,0.5147102243803109,0.5107050810153644
59,0.4900667771333886,0.4974473251910578,0.5161883857587279,0.5278326359832636,0.5456178267998212,0.5044866466218606,0.5316583997397951,0.5123121538300763,0.4962368987542788,0.5401350842511532,0.4815405628894599,0.4494391150548594,0.5406907842197731,0.5150021289278719,0.4988953796051292,0.5332655756158808,0.5349118892754501,0.5007438917975567,0.4965089855449928,0.5153436557333232,0.5114162051363861
60,0.4899703835572099,0.4974674556213018,0.5162903443391454,0.5280845008010363,0.5468416642378315,0.5047983019437141,0.5332340552354461,0.5122280320521526,0.4964178384339675,0.542099176973654,0.4813129812822657,0.4492392927193419,0.5408557927896395,0.5168585908939847,0.4987922839261665,0.534443717001056,0.536599792907067,0.5028071745057942,0.4967799085598171,0.5159698572972168,0.5120545572538904
61,0.4898977075098814,0.4968706720977597,0.5165746293245469,0.5283875591706113,0.5481436208125445,0.5041841276506404,0.5349416773591509,0.5122962852503562,0.4964320355651354,0.5439310406752267,0.4809430294150795,0.4490066935553076,0.5410918668991131,0.5183318462037638,0.4987720854872309,0.5354327041951702,0.5383445518040024,0.5042627418348242,0.4970682282952222,0.516000254517689,0.5125456678811627
62,0.4896874033764146,0.4964149006622517,0.5164341359773371,0.528470751181359,0.5495836095314517,0.5041110564909261,0.5364473183720045,0.5118857706359727,0.4966222441592628,0.5455417963441898,0.4805661364011669,0.448512614903188,0.5413277671050687,0.5201673201061344,0.4989390408899579,0.5360420350425976,0.5391784968315219,0.5055688744412841,0.497375749137357,0.5164985263307411,0.5129687773960093
63,0.4894591571437209,0.4964197470974419,0.5162714690154137,0.5283646826282399,0.5509228113355895,0.5044218706300692,0.5382257223711647,0.5115364468286525,0.4968592673662524,0.54728708379697,0.4802108774006132,0.4485099030187133,0.5417954447167364,0.5213216301910139,0.499124954195676,0.5368541748333987,0.5398958658211179,0.5068211052882325,0.4972830618218372,0.5166123552658948,0.5134098815383374
64,0.4893110533006178,0.4962324699936829,0.5162308638180142,0.5283593213996133,0.5521699061662199,0.5046080954609266,0.540046483648693,0.5112802021696252,0.4970470506723774,0.5487951505016722,0.4800794611377151,0.4485008151375043,0.5419070388861543,0.5223474169532519,0.499049049049049,0.5376657479712142,0.5405847725036473,0.5079123541497074,0.4964851370851371,0.516287986463621,0.5137450188234223
65,0.4886760880873937,0.4961023014746714,0.5159881553631553,0.5277766593460225,0.553215857583919,0.5047105423522242,0.5418487229862475,0.5110093953264273,0.4968405399574691,0.5501620285235586,0.4797862455923609,0.4485730160805334,0.54191602896263,0.5233316077503328,0.4984498273516793,0.5379168846700053,0.541453231433793,0.5090275093781971,0.4954885883347422,0.5157416228374847,0.5139007426696425
66,0.4879998304701627,0.4956270159467036,0.5155848967829207,0.5277501045212926,0.5540955356567674,0.5038320517106876,0.5431556760538744,0.5108646660782583,0.497014772384685,0.5512137977869213,0.4794039101078303,0.4487081989040815,0.54208433896487,0.5241358292638814,0.4979020729092209,0.5382711610760302,0.5419697856701466,0.5100220378532538,0.4944584926946042,0.5150584927611168,0.5139576333798657
67,0.4866599917138516,0.4952533211582078,0.5148285730721661,0.5274069253940865,0.5546623499684145,0.5021509229098805,0.5445813475055717,0.5105764306470639,0.4969725041302809,0.5522908522283033,0.4790549870546172,0.4488272937161213,0.5421335931614975,0.5246860193762817,0.4975093085106383,0.5386245677824119,0.5428317399617592,0.5108824381587048,0.4936751458764689,0.5139123914759274,0.5138760351901127
68,0.4852870102870102,0.4947157994759423,0.514078728854111,0.5274081773088282,0.5551701692393528,0.5003413342746206,0.5460685483870968,0.510030802554221,0.4966823104693141,0.5536374770361298,0.4785203884433279,0.4490092970633085,0.542256,0.525238309352518,0.4970135209802711,0.5387968641114983,0.5435830679902603,0.5114182275254044,0.4928780231335436,0.5128357034889102,0.5137484879987835
69,0.4843259169221012,0.4942882281724244,0.5133214010353563,0.5278042298281632,0.5554111421968131,0.4991216169685283,0.5473807012918533,0.509339897684141,0.4962540638339977,0.5548403597526701,0.477798533065184,0.4491673297166968,0.5420648773773774,0.5255876382827566,0.49668997965412,0.539145052997512,0.5436950671274351,0.5121286031042128,0.4918709022189083,0.5116068628633458,0.5135921202046798
70,0.4832380915458376,0.493440553858012,0.5127930867126833,0.5280202415752027,0.5555535165458181,0.4977102583918551,0.5483666117411392,0.5088311496139256,0.4955250629688062,0.5556248165541532,0.4768242099649904,0.4492411706302303,0.5416783890400905,0.5260149965239845,0.4967457157963487,0.5398216847372811,0.5436508435973508,0.5127310496862811,0.4907105130784708,0.5104325831096428,0.5133477272836051
71,0.4818083868683292,0.4927252039964452,0.5120071817077679,0.5278523145143846,0.5559684697884311,0.4955199187524571,0.5494076820688344,0.5081725227003553,0.4947337526773852,0.5566743968647754,0.4761051268066539,0.44941936007796,0.5411488285808325,0.5262986718496923,0.4969017341040462,0.5398428370924045,0.543542229531305,0.5133526520309541,0.4893612649194044,0.5095290534884392,0.5130185794210428
72,0.4804424209432374,0.4917476290832455,0.5114030823334713,0.5277324795163472,0.5565990666589848,0.493996673703064,0.5501760355489264,0.5074402000206206,0.4941751481491324,0.5574310891787099,0.4752052093313428,0.4494852238058376,0.5408154179602835,0.5268158762363683,0.4967762491811089,0.5398941131376369,0.5434679369099701,0.5135361414456578,0.4876394240030822,0.5088464359256438,0.5126812926536336
73,0.4786880600629692,0.4905546101485148,0.5109451853354292,0.5274159800379487,0.5572097007107059,0.4928670498563038,0.5508740704620261,0.506963695119796,0.493640377152085,0.5580655471476452,0.4742173058013766,0.449389121058395,0.5405835555173304,0.5267769980748929,0.496233898700239,0.5399324746780042,0.5434740882917466,0.5135415672425312,0.4862148057394623,0.5078996303040335,0.5122743860720718
74,0.4769786451536362,0.489315324413027,0.5107512618414183,0.5271292824162649,0.55780418568407,0.4922206268711431,0.5511230833607317,0.5064847712596184,0.4928911894610534,0.558533419197397,0.4731278127812781,0.4492785993242353,0.5403407432356573,0.5264136778115502,0.4958705089392814,0.5401060508676889,0.543528931565985,0.5139407400480065,0.4843451433580144,0.506816096297096,0.5118500046943576
75,0.4752458863995537,0.4881594038114542,0.5104159451747433,0.5270237975951904,0.5582868395142764,0.4912631327602674,0.5514714335992492,0.5059676949941793,0.4917736203228632,0.5591125627472491,0.4719442458899213,0.4489625934624749,0.5398349594613164,0.5261348130493073,0.4956138780078343,0.5396371644295302,0.543384715588363,0.5143725370398655,0.4824663413752598,0.5056677576013514,0.5113369661412125
76,0.4739063033920313,0.486859390125847,0.5098441499413918,0.5266507265261967,0.5585305184508291,0.4901005281741515,0.5515432524956129,0.5055738874096615,0.4904622384655008,0.5594797235623941,0.4707968891822757,0.4485405199424168,0.5391857835218093,0.5262263131770271,0.4953515603575933,0.5391010148413211,0.5434772884605144,0.5146447399952073,0.4806233539162959,0.504263695977694,0.5107580938957886
77,0.4724606400321579,0.4857293470268732,0.5095226130653266,0.5261377346653154,0.5586518293488311,0.488877772386036,0.5513990068560788,0.5047613053613054,0.4888029997115661,0.5597071417159291,0.469627784528149,0.4482712671895479,0.5387604559727683,0.5263837126091313,0.4951002930816595,0.5387108959811554,0.5432058516196447,0.5149365228635241,0.4790333492345721,0.5032684288999519,0.5101674476074761
78,0.471020977949066,0.4848332868303571,0.5090338865836791,0.5253696161769232,0.5588410991636799,0.4879056940992488,0.5512772288189542,0.5038708018015958,0.4873765875727515,0.5597339541592199,0.4684178448567281,0.4477244860424245,0.5381809247956967,0.5264396384764364,0.4944602010394955,0.5378359636537542,0.5431782279779459,0.5151231647869855,0.4778422283648735,0.5022508973882907,0.5095358355269052
79,0.469334693877551,0.4839988369176036,0.5081771387198226,0.524465256797583,0.5587106580829757,0.4865973759737597,0.5510568619996742,0.5033086486243885,0.4861236396404723,0.5595765317101663,0.4673567675268103,0.4473197284377134,0.5373760393429324,0.5264570193075716,0.4938845456898783,0.5369951505800017,0.5429201812917034,0.5149793464422124,0.4768033197097339,0.5012075572370974,0.5088324648954826
80,0.467751986175795,0.4832258281110116,0.5072265165145154,0.523306148055207,0.558270598286303,0.4857436446347337,0.5507485412836703,0.5023826567696746,0.4850217637723872,0.5589963239725202,0.4664581053843939,0.446403301189138,0.5362993241228505,0.5263892040849408,0.4934291703722525,0.5357121269361541,0.542508717263892,0.5149913900847105,0.4756832132918644,0.5001188382373912,0.5080333699271702
81,0.4658280794592471,0.4821591133762439,0.5063360527004624,0.5221668793802199,0.5574606333275653,0.484916642638077,0.5506288098788688,0.501346187100121,0.4837366267043306,0.5583520394600822,0.4654552827128361,0.4454285188699339,0.5355521846138851,0.5265004111078694,0.4926150700643295,0.5342069867610919,0.5424598891481913,0.5150518290187949,0.474480185590616,0.4990562454856823,0.5071868833699225
82,0.4639001805310452,0.4815213640187218,0.5055276807338663,0.5210164442587992,0.5566521295463932,0.4840340150035968,0.5503344979960949,0.5003471293643214,0.482833569946489,0.5577726127378573,0.4645457325549069,0.4443723363774733,0.5345714831986998,0.5258457517359756,0.4919926542605289,0.5324327191802091,0.5423123625585621,0.5151266873794729,0.4734349609529068,0.4978235186581659,0.5063198915497044
83,0.4623184379791704,0.480801736920144,0.5048620529885008,0.5201512270998964,0.5555934796118361,0.4830665390621065,0.5503171618244693,0.4992607409259491,0.4813630906440271,0.5569791429870424,0.4637789945518485,0.443143807708123,0.5336239651007341,0.5250882653061225,0.4911211334006831,0.5307585052983826,0.542195910212716,0.5151701825451103,0.4724272766006894,0.4965843515300975,0.5054303001148825
84,0.4607355097253445,0.4803342905299956,0.5040670421135451,0.5193494321197325,0.5540093752202825,0.4820509178051733,0.5499626837916243,0.4981856142792811,0.4803132964047262,0.5563922886057598,0.4630080994875103,0.4421294152240232,0.5326010124252186,0.5246830404085925,0.4906868027982605,0.5292744260013915,0.5418982572921,0.5151082771274259,0.4712363933927076,0.4955958953828556,0.5045811035067775
85,0.4590506984955481,0.4797129773489246,0.5032205666829507,0.5183651078386383,0.5528474870017331,0.4810899377316889,0.5497230817962525,0.4970464732959456,0.4791696668735775,0.5556652078774618,0.4623483086680761,0.4409348580099718,0.5316278124152887,0.5240109620016713,0.4900926527958387,0.5280538965945933,0.5416251534021181,0.5152038743747938,0.4698245696020338,0.494746351783093,0.5037179822295099
86,0.4572322354405083,0.4789983525204428,0.5023953144068983,0.5172443373987906,0.5511918716917694,0.4805723557520862,0.5495793608968524,0.4958256971324749,0.4780969185396115,0.555012895252935,0.4617046281851273,0.4399081607276086,0.5307203079585543,0.5233767675305245,0.4889464082098061,0.5269095453349597,0.5415918088889883,0.5154498753117207,0.4688410936753518,0.4936571150014836,0.5028627524928246
87,0.4552776028741805,0.4781665514858327,0.5016979609510313,0.5161095887650863,0.5492863521689625,0.4799135416423588,0.5496843853820598,0.4947471942837171,0.4768529182412572,0.5543135832432005,0.461120722011806,0.4389913690684184,0.5297148554119724,0.5226267854181965,0.4877870138017566,0.5261563762804248,0.5414819298322842,0.5154149001347874,0.4679977774163821,0.4925338730826066,0.5019937640748162
88,0.4532841862072729,0.4773819046694496,0.5009246853823814,0.5148716323296355,0.5472940789473685,0.4792341186176551,0.5492348960626636,0.4936374138359015,0.4757046656573799,0.5537328394550071,0.4603756905149689,0.4377148333419283,0.5284353923562788,0.5217746662324976,0.48706887434728,0.5253153984587697,0.5414499208877906,0.5152430271207669,0.466920958168959,0.4915265310295471,0.5010562856811751
89,0.4514116543033337,0.4765552925003818,0.5003335619308874,0.5138562632737759,0.5455876648564779,0.4788398505211499,0.5488663930688554,0.4924831043027708,0.4743866702748676,0.5533094650624476,0.4595700594844679,0.436677828513445,0.5272561244874356,0.521082792356222,0.4861612288227392,0.5244213602791246,0.5413548449074568,0.5148955891753676,0.46579444726122,0.4903232871207554,0.5001583741251592
90,0.4493353707802016,0.4757769743637901,0.4996447657084997,0.5125264015333014,0.5437859986447569,0.4782879136436029,0.5481822869955156,0.4912223945638526,0.4731817663384404,0.5530519805073097,0.4588865843541067,0.4355319290539416,0.5259703481764645,0.52030889158467,0.4851850984067479,0.5237309644670051,0.5413634642887187,0.5146732726298875,0.4648226572175588,0.4889618506012677,0.49922154569298194
91,0.4474703403733573,0.4749469667572112,0.4988532093160595,0.5113184492381958,0.5418740765404866,0.4776723050832717,0.5473142264583885,0.4900864699898271,0.4716757646003141,0.5525875190258752,0.4583870063286069,0.434538431289017,0.524787437063505,0.5192357693071711,0.4840229391431863,0.5228183807439826,0.5412004019642376,0.5143922170784251,0.4639828557889214,0.4876622405994603,0.4982413503344751
92,0.4454673865064004,0.4743542811396965,0.4981069813068832,0.5100033386504433,0.5403470431757724,0.4771636701797891,0.5463183879858504,0.489130139435109,0.4703700978588772,0.5516438273540978,0.4573774293286219,0.4334810208262756,0.523391866544279,0.5183879402000564,0.4831763469227915,0.5218638964167419,0.5409112526279265,0.5141410918438677,0.4629994669243199,0.4862158576854803,0.497242566145664
93,0.4435568352528793,0.4737317964425815,0.4974868491680086,0.5089099171442129,0.5385859571471683,0.4763792160820926,0.5452956748217411,0.4881064271513275,0.4691699247031567,0.5505167918849098,0.4566403251122818,0.4325430295331851,0.5218383780920807,0.5175386191004523,0.482330534258245,0.5208571911870428,0.540333185920759,0.513832471538581,0.4620776749983599,0.4850011262529564,0.4962365962896012
94,0.4414812504104551,0.4729287843247914,0.4969054585191321,0.5077724194909927,0.5370507646348943,0.4754197944454784,0.5439701436130008,0.4869626589074786,0.4680409617097061,0.549873060977314,0.4559904461524329,0.4315290742217427,0.5205822565091611,0.5168009150436534,0.4812492015330565,0.5198819994593807,0.5398262960983431,0.5132797389045343,0.4611838152156356,0.4839046432197914,0.4952316841695488
95,0.4396983573193778,0.4721126356925749,0.4960788532953875,0.5064337494253687,0.535501624734886,0.4744655603684949,0.542579342955667,0.4859307440496488,0.4666665790350001,0.5492181884771213,0.4552376966351447,0.4304761318139821,0.5194601437593643,0.5159602013658214,0.4800970263581726,0.5189732836920056,0.5392729756097561,0.5127014136553087,0.4603979161695697,0.4827910756769518,0.4942026750044802
96,0.437687956784239,0.4712910235789329,0.4950459703329004,0.5051906569393902,0.5338561697568069,0.4736930419643393,0.5410681435156044,0.4847935722077704,0.4653183449513424,0.5483640760319424,0.4545035893167665,0.4293798631861548,0.518189389841258,0.5153240543339221,0.4788484731349053,0.5179211606567933,0.5387773375137048,0.5120365358592693,0.4593320015667841,0.4817221288915895,0.49311717451822085
97,0.4357195560418946,0.4704200249553165,0.4940997726698661,0.5039776253750535,0.5321573240974288,0.4731634221311475,0.5395552582178376,0.4837825842603765,0.4641493085052159,0.5475534833300149,0.453490129459317,0.4282429685865439,0.5171614774563078,0.5147352806025612,0.4777348996480547,0.5170134600158353,0.538156187766714,0.5113234345410276,0.4582992236576067,0.4806102324108446,0.49206728268644834
98,0.4340192911205464,0.4698626186399827,0.4932154474243229,0.5025399344838067,0.5305949315499898,0.4724325399134804,0.5381528787581057,0.482602324899873,0.4627776476689138,0.5470154954405971,0.4526237294987295,0.427046371264537,0.5159107988005347,0.5143039493352215,0.4766905733867645,0.5158140734827391,0.5376203878592934,0.5101476853748463,0.4576308424718999,0.4794820120208546,0.49102417666975195
99,0.4320318272666707,0.4693929613002588,0.4922616944717042,0.5011807323118896,0.528934758032165,0.4718271251193887,0.5369627523787421,0.4813206079943561,0.4612691680529705,0.5464734408118698,0.4515374055791855,0.4258957692530904,0.5147179341253468,0.5136397941017107,0.4758468760952574,0.5145207722806413,0.5368910894740724,0.509140010487677,0.4566608949853834,0.478256535752656,0.4899381074937518
100,0.4303112608449361,0.4687969365992374,0.491431737945932,0.5000068863748155,0.5274909818560327,0.471027945988641,0.5356913942069805,0.4800778683345969,0.4596050155722813,0.5455104554930823,0.4506572839090615,0.4247181668692357,0.5135091373757177,0.5131141278460513,0.4745594137624176,0.5135119541443548,0.5362530247621127,0.508097389059863,0.4556650016994488,0.4771609820813811,0.488859848236309
101,0.4286060472625862,0.468252931430028,0.4904834712713062,0.4989389776822509,0.5261912413914885,0.4703352839867405,0.5343145040455499,0.4787453125243126,0.4580787787771795,0.5447280998072659,,,,,,,,,,,0.48986746481787086
102,0.4269459428191297,0.4675000392692773,0.4894689413275292,0.4977815919843255,0.5247285130789954,0.4696809442154037,0.5329130643169208,0.4775292890878979,0.456735660769376,0.5438821370309951,,,,,,,,,,,0.488716612389985
103,0.4252687995897494,0.4666856403822623,0.4882872271450184,0.4968310368124184,0.5232411192255725,0.4687916846341814,0.5315535636521992,0.4759689260842636,0.4552165555727794,0.5428503622533968,,,,,,,,,,,0.48746949153518415
104,0.4237549834353417,0.4658415282189103,0.4870674013638577,0.4956973969631236,0.521940673112556,0.4680871212121212,0.5301427601486564,0.4741083759971425,0.4537650625410449,0.5416816807917976,,,,,,,,,,,0.48620869837845515
105,0.4222717461986524,0.4651217142426753,0.486033493972286,0.4941759332803812,0.5206315431453553,0.4673742412614247,0.5288334125433455,0.4723550979701983,0.4521186976212328,0.5405923894011906,,,,,,,,,,,0.48495082696367425
106,0.4206743748466091,0.4640042634104312,0.4850497541906059,0.4926828074403193,0.5191272020132692,0.4666972666322846,0.5276129563784581,0.4707345245323387,0.4507485429550207,0.539641139155599,,,,,,,,,,,0.48369728315549365
107,0.419147311827957,0.4629190175418028,0.4840207021491081,0.4913047579435226,0.5176912236055857,0.4658412972753152,0.5262806930608479,0.4691575804221718,0.4493835636469986,0.5388229961471632,,,,,,,,,,,0.4824569143620473
108,0.4176219601086741,0.4618004915425762,0.4828065473617475,0.4899169230769231,0.5161205788546674,0.4647955672840846,0.5248824935607145,0.4676491341504554,0.4477315315315315,0.5379097102015746,,,,,,,,,,,0.4811234937672949
109,0.4159241864050272,0.4606220225360148,0.4816768080296848,0.4884709835947098,0.5146282458142479,0.4635935107906563,0.5236997428026218,0.4659790927240461,0.4460703168308387,0.5368819235565989,,,,,,,,,,,0.4797546833084446
110,0.4143451008181408,0.459546183947524,0.4804385792641015,0.4872654021677124,0.5132696279399525,0.4624879109466783,0.522439152054436,0.4645314829760748,0.4446616941928609,0.5358581084744537,,,,,,,,,,,0.47848432427819343
111,0.4128582319009986,0.4584023167310203,0.4795268127881699,0.4860543571559232,0.5118620626766771,0.461300703774792,0.521011610094332,0.4629739849684932,0.4432341146373504,0.5346990847904277,,,,,,,,,,,0.4771923279518184
112,0.411192869857347,0.4571677746556096,0.4784680935394372,0.4845655494154564,0.5103130571578395,0.4601362432193768,0.5195060011127891,0.4614567557856354,0.4417719671549772,0.5335191943294266,,,,,,,,,,,0.47580975062278946
113,0.4096931934841495,0.4561484483901964,0.4773193977902788,0.4831166072896684,0.5090666193769581,0.4586153714667537,0.5180543624792301,0.4598990575201491,0.4404615198255673,0.5322679654951856,,,,,,,,,,,0.4744642543118137
114,0.4082982618884874,0.4552059086839749,0.4763026278986135,0.4816727961060032,0.5077990203938834,0.4572803388947619,0.5166792134918304,0.4583234917058389,0.4392055640395724,0.5311303962354225,,,,,,,,,,,0.4731897619338389
115,0.4068166598414954,0.453958520238535,0.4751229308826042,0.4801555828351836,0.5066216838018549,0.4558830238847008,0.5152148062322773,0.45669620609019,0.4377454423926291,0.5297818120692553,,,,,,,,,,,0.4717996668268725
116,0.4054983475593808,0.4527853905069556,0.4739020590449978,0.478598820058997,0.505529011933987,0.4543503998570343,0.5139436958614052,0.4551340445385993,0.4364888937761161,0.5285884429857277,,,,,,,,,,,0.47048191061232003
117,0.4042747670570563,0.4516113469702817,0.4725672903068617,0.4771827021827022,0.5041927422403293,0.4527707137298662,0.5126708954670228,0.4536404371312638,0.4352348479043751,0.5274686794674692,,,,,,,,,,,0.46916144224572276
118,0.4029389171465316,0.4502836708249701,0.4712845599503527,0.4757825674062856,0.5029513826508755,0.4511838448176028,0.5112463403208807,0.452208484908072,0.4339881732902965,0.5263803730476313,,,,,,,,,,,0.4678248314363499
119,0.4016241389569078,0.4489329184129294,0.4700284570642317,0.4743411982360991,0.5018166255166487,0.4496890389254464,0.5097695329991767,0.4509266092909773,0.43281562826834,0.5251149132579978,,,,,,,,,,,0.46650590609287546
120,0.4002722691164672,0.4475444292973107,0.4685838357382881,0.4727284895794241,0.5004486212839293,0.4481204256277447,0.508316845091303,0.449685896513691,0.4316422361317773,0.5237857434319972,,,,,,,,,,,0.4651128791811933
121,0.3986594400990817,0.4462416427889207,0.467264549360414,0.4713540328160522,0.4991206270692888,0.446742016106637,0.5069929641877154,0.4484536906552349,0.4305477413791009,0.5226358317079967,,,,,,,,,,,0.4638012536170442
122,0.3970223889641799,0.4448936620655448,0.4660091776311822,0.4698280533046959,0.4978909317749032,0.4449769913443628,0.5057160620753852,0.4472442248084683,0.4293149723445355,0.5213003450487038,,,,,,,,,,,0.4624196809361962
123,0.3954012144162966,0.4434906674951605,0.4647179221336384,0.468295276444916,0.4966886502470721,0.4433833961652276,0.5044077620622008,0.4459988560071181,0.4280688094052952,0.5202468205653668,,,,,,,,,,,0.4610699374942292
124,0.393918090938407,0.4421576163319283,0.4634687845889362,0.4665377744962606,0.4954294352772369,0.441841382436865,0.5030481989731641,0.4447744661413726,0.4267776009175922,0.5193667336160083,,,,,,,,,,,0.45973200837177713
125,0.3924594898804341,0.4408730677244356,0.4621699144901401,0.4649857601826462,0.4941758380771663,0.4401426203194484,0.5016775910963669,0.4436123527021536,0.425465702426786,0.5183963428067857,,,,,,,,,,,0.4583958679706363
126,0.3909832987138331,0.4394617885429036,0.4608428748792936,0.4634070765580291,0.4927493286704553,0.4389011717024759,0.5002815654563713,0.4423794596041857,0.424195101611853,0.5172437765502442,,,,,,,,,,,0.45704454422896446
127,0.3895288886124758,0.4379275656215822,0.459348191566703,0.4618493512761874,0.4913496724365538,0.4376506194054733,0.4986659317146994,0.4411839841164792,0.4229195214176872,0.5162150456035853,,,,,,,,,,,0.4556638771771427
128,0.3881451497202353,0.4364632471319365,0.4578818602353364,0.4603617755969013,0.4899342482114782,0.4365802334709174,0.4969770393372074,0.4400430258809672,0.4216654394127032,0.5151507310313622,,,,,,,,,,,0.4543202750029045
129,0.3865904349059088,0.4351790782312547,0.4563348647269015,0.4587174967440607,0.4886684615662606,0.435086502162554,0.4951020213456132,0.438851378302914,0.4202554728425696,0.5139368742931345,,,,,,,,,,,0.4528722585121171
130,0.3853342478921754,0.4337300382737231,0.4548112276237276,0.4571611335493321,0.4873447265973785,0.4336676543209876,0.493308820758864,0.4376007568086127,0.4189403024125412,0.5126582627644608,,,,,,,,,,,0.4514557171001803
131,0.3840674785880489,0.4322607877885169,0.4532504769751106,0.4558948477135083,0.4860860766642351,0.4322802867733125,0.4915484135056687,0.436324767857331,0.4176865076370848,0.5112757972455694,,,,,,,,,,,0.4500675440748386
132,0.3827460858326234,0.4308018294976943,0.4515833904696606,0.454490881871142,0.4850119796694542,0.4308186285728051,0.4897627918377351,0.4351450076100328,0.4165780945172329,0.5099486644688151,,,,,,,,,,,0.44868873543471954
133,0.3814152843544529,0.4292994419346266,0.4500535937466901,0.4531284535573652,0.4838801885707716,0.4293348007138607,0.4878645442440383,0.433978179718275,0.4154491349408006,0.5087821561041759,,,,,,,,,,,0.4473185777885057
134,0.380066803306165,0.4279524119879322,0.4484363286076267,0.4518047035849977,0.4827603592337861,0.4279227351271291,0.4859601033295063,0.4329131171123376,0.4141889609441792,0.5073297349827962,,,,,,,,,,,0.4459335258216456
135,0.3786081956653531,0.4266293262083234,0.4467585022044669,0.4506471107097479,0.481516871613875,0.4265385598141696,0.4841997258363763,0.431772539639285,0.4130213059978549,0.5059430436418848,,,,,,,,,,,0.44456351813313366
136,0.3772007421706618,0.4251989430827438,0.444992325245848,0.4492630512700639,0.480394302481966,0.4250282317297098,0.4824842664487127,0.4306003355168557,0.4118682282846008,0.5046570035915854,,,,,,,,,,,0.4431687429822747
137,0.3759041941704368,0.423992421545191,0.4433690835137705,0.44800996022079,0.479289562215528,0.4236375082234976,0.4809058079700948,0.4295000741070105,0.4107188849864761,0.5034881995612088,,,,,,,,,,,0.4418815696514004
138,0.374678878045201,0.422754465408805,0.4417330210772834,0.4467083985924374,0.4780020994463118,0.4221998385686419,0.4793753705815279,0.4283197434543712,0.4096736308073343,0.5022754397181792,,,,,,,,,,,0.44057208857000935
139,0.3732814201698977,0.4215644135129484,0.4401098727060361,0.4452247371862582,0.4765387759492309,0.42087599046933,0.4779461034642136,0.4271384688319353,0.4086347284676582,0.5012314852687811,,,,,,,,,,,0.4392545996026289
140,0.3718174837672543,0.4204279747421512,0.4382737559218511,0.4437430595633744,0.4749562928696762,0.4197324070218501,0.4764294788927027,0.4259406684730054,0.4074752368752994,0.5001525623115948,,,,,,,,,,,0.43789489204387594
141,0.3703920645356172,0.4193416807197793,0.4365899342570269,0.4423296321452125,0.4732856902551595,0.4184550163074689,0.4749758664389222,0.4248631370430398,0.406285244315433,0.498977512297962,,,,,,,,,,,0.4365495778315621
142,0.3689157267316635,0.418305388066181,0.4349370743901387,0.4409847436821698,0.4714081827820627,0.4170821547955773,0.4735990669892965,0.423643716339207,0.4051564939231705,0.4977150183325745,,,,,,,,,,,0.43517475660320415
143,0.3673548499347542,0.4172037701974865,0.4331524993367946,0.4395917649213801,0.4696302406134048,0.4156858444585717,0.4721578731753595,0.4224311296045177,0.4041368522837153,0.4964881157014996,,,,,,,,,,,0.4337832940227484
144,0.3658778530655118,0.4161546824481461,0.4315642136047918,0.4382427842183102,0.4679155823031881,0.4142796068487122,0.4706793678216079,0.4211354087177177,0.4029513550033781,0.4952442656785027,,,,,,,,,,,0.43240451197098667
145,0.3644314860108572,0.4149360881852039,0.4300211929251801,0.4369559426423079,0.4661944620396344,0.4128624648960092,0.4691656030800063,0.4197178619202315,0.4017092933626798,0.4938857437848749,,,,,,,,,,,0.43098801388469854
146,0.3629148042572571,0.413863512123711,0.4284811572659454,0.4355327225130889,0.4646039988063265,0.4113747873670403,0.4676189880020866,0.4185043019955853,0.4004255749397944,0.4925065695105858,,,,,,,,,,,0.4295826416781421
147,0.3614263715351679,0.4127325762718083,0.4269018867239281,0.4341757367096105,0.4630086409668435,0.4099889000395341,0.46603571391718,0.417265206183268,0.3992621697623836,0.4911507810371446,,,,,,,,,,,0.4281947983146869
148,0.3599538123409459,0.4116973068713384,0.4253735219063365,0.4328347001420259,0.4613505895411218,0.4086210735347214,0.4644343609636586,0.4160659530874664,0.3980405521068896,0.4897813194959229,,,,,,,,,,,0.4268153189990427
149,0.3584340675068905,0.4106634883511739,0.4239365032775658,0.4316017039113748,0.4597758031113037,0.4073924304370261,0.4627094628019909,0.4148550255760066,0.3967843030567919,0.4884718717695053,,,,,,,,,,,0.42546246597996296
150,0.35701102842938,0.4096669280044189,0.4225962562842829,0.4302438071107037,0.4583364153695107,0.406187013267601,0.4609269430103554,0.4137533551526486,0.3954487168165038,0.4871992847317744,,,,,,,,,,,0.42413697481771795
151,0.355596812723454,0.4084888090974054,0.4211392515382336,0.4288924382908295,0.4569521074423035,0.4050816564596092,0.4591181003566524,0.4124977493891199,0.3941588466281276,0.4860139132519094,,,,,,,,,,,0.42279396851776446
152,0.3542061426133884,0.4072897988430417,0.4197718289925611,0.427556092144456,0.4555859455220954,0.4040626563522302,0.4574587471650895,0.4112256716823477,0.3929232454810798,0.4847340150142376,,,,,,,,,,,0.42148141438105274
153,0.3527906995018151,0.406151838804885,0.4184592608417005,0.4261580417139366,0.4542452272265243,0.402884011046567,0.4557086964511979,0.4099340578003566,0.3916627209799027,0.4836287136114137,,,,,,,,,,,0.4201623267978299
154,0.3511886272740006,0.404933222466054,0.4171259509363391,0.4247830465110248,0.4528018892943037,0.4016128424108742,0.4539190197785794,0.4087306916834686,0.3903270186467315,0.4824513970378358,,,,,,,,,,,0.4187873706039212
155,0.3495486833387264,0.4037819603780474,0.4158109784202807,0.4233683516558786,0.4514087962627653,0.4006482129689264,0.4522669096416907,0.4074660213403313,0.3890938693771772,0.4813639408784491,,,,,,,,,,,0.4174757724262273
156,0.3479058688006836,0.4026885153496042,0.4144956420685648,0.4219698434505334,0.4501038333647029,0.3996308141684537,0.4506734074538932,0.4062692351719514,0.3879582277637018,0.4802603319063365,,,,,,,,,,,0.4161955719498426
157,0.3464213186464495,0.401484844444074,0.4130974931965238,0.4205883612905394,0.448862478476204,0.398702649261246,0.4490305644884758,0.4050477093053395,0.3869166274490377,0.479104401018146,,,,,,,,,,,0.41492564475760363
158,0.3450196800311289,0.4004123660264562,0.4118149016924856,0.4191923889711633,0.4476549271629142,0.397907409086787,0.4474451781538038,0.40402409657896,0.3858280640332436,0.4779220700028456,,,,,,,,,,,0.41372210817397886
159,0.3433779376996451,0.3992184534328163,0.4105652924705674,0.4178279864156418,0.4463889614346652,0.3969472062799199,0.445936807900374,0.4031222106427157,0.3846792757158952,0.4765903282284518,,,,,,,,,,,0.4124654460220693
160,0.3419001468428781,0.3981649654210684,0.4093724615433816,0.416506088547324,0.445173655121274,0.39596302887396,0.444208510332564,0.402059495936113,0.3833986768047404,0.4753130822962025,,,,,,,,,,,0.4112060111719506
161,0.3404882821023842,0.3971296906388107,0.4080290620767225,0.4152332243550319,0.4438744459342893,0.3950154242098397,0.4423440402442384,0.4010502008345967,0.3821499033420577,0.4738930551992263,,,,,,,,,,,0.4099207328937197
162,0.3391750147743488,0.3959796708153174,0.4068251601155343,0.4139098724148162,0.4425662530345708,0.393929706601467,0.4405730449778278,0.4001380239799237,0.3809268513774484,0.4724841974657326,,,,,,,,,,,0.4086507795556987
163,0.3378652327291944,0.3947805692102543,0.4056986332272794,0.4124207799637669,0.4411828159691676,0.3929035900630792,0.4388341522057286,0.3993462368398823,0.3797684255751279,0.4710490805854073,,,,,,,,,,,0.4073849516368888
164,0.3367104499582454,0.3937152511615537,0.404559599074788,0.4111043828842307,0.4398692924363889,0.3918801234779626,0.4369185785751251,0.3984525078417638,0.3786150314703992,0.4696218905949177,,,,,,,,,,,0.40614471074753755
165,0.3354719124763308,0.3927745908946442,0.4033246093302258,0.4097019939907129,0.4386142211261816,0.3909168012237614,0.4349452599936805,0.3974571057617549,0.3774943207981581,0.4681075326941497,,,,,,,,,,,0.40488083482896
166,0.3342755013380599,0.3918175391141302,0.4022481762330785,0.4083823199548292,0.4373800061890259,0.3898706007192124,0.4330210358996906,0.3966053356488412,0.3763731188849495,0.4665306103286385,,,,,,,,,,,0.4036504244310456
167,0.3330431039232974,0.3906822855576035,0.4010691918357538,0.4069955691496293,0.4360859374369649,0.3888821869547431,0.4313081212791077,0.3957581875946435,0.3751619946152628,0.4650034401323986,,,,,,,,,,,0.4023990018479404
168,0.3317739689560552,0.3896351095237735,0.4000519708724852,0.4057093411144292,0.4348403978858317,0.3879396381932835,0.4293660243441345,0.3946153846153846,0.3740260060715727,0.4633944354422921,,,,,,,,,,,0.40113522770192417
169,0.3305158834872627,0.3887359626268978,0.3989751112685724,0.4044533580403145,0.4336579771007487,0.3871056086114666,0.427681648678396,0.3935488084292865,0.372871731571885,0.4618800379326695,,,,,,,,,,,0.39994261277474996
170,0.3292353217315495,0.3878290948499829,0.3979782016747672,0.4031285231116122,0.4323889931452531,0.3860576954357656,0.425975202980849,0.3924636810881203,0.3718189736917546,0.4604108945761915,,,,,,,,,,,0.3987286582285846
171,0.3280161410413231,0.3867824784531932,0.3968973275849555,0.4018409287728622,0.431203133634814,0.3850428160201259,0.4242109525459512,0.3913585420104757,0.3707609812624352,0.4588914282136372,,,,,,,,,,,0.39750047295397734
172,0.3266250856660868,0.3857351395538946,0.3958127968907442,0.4005619399863505,0.4299839146434606,0.3841032354516601,0.4224871868563491,0.390171179505426,0.3697855088383656,0.4574835860040226,,,,,,,,,,,0.396274957339636
173,0.3253174105363571,0.3847901885262517,0.3946743366116162,0.3993444853529694,0.4287889818454338,0.3830268820186874,0.4206666218535242,0.3890615603958159,0.3687936297517107,0.4559037688486317,,,,,,,,,,,0.3950367865740998
174,0.3238635480360659,0.383761867827236,0.3935737035438003,0.398137856148224,0.4277182243380307,0.3819691231929604,0.4189183980445615,0.3880351779901291,0.3678039116746145,0.4545238881884971,,,,,,,,,,,0.39383056989841203
175,0.3224280870084581,0.3826913815948822,0.3924669175202004,0.3969495442382267,0.4265404844914643,0.380848676012461,0.4170143890475599,0.3871305987512414,0.3668142603400152,0.4531442055945983,,,,,,,,,,,0.3926028544599108
176,0.3208920237117407,0.3815573179778853,0.3914182263814617,0.3957748252740625,0.4254294611063931,0.379850888030888,0.4152635545643313,0.3860771318737341,0.3658032656256553,0.4516819372286063,,,,,,,,,,,0.3913748631774758
177,0.3195466943635915,0.3803353560267388,0.3903181981434412,0.3946472856760827,0.4243071910876022,0.3788557012036384,0.4135170198660357,0.3849137730769756,0.3648411818125099,0.4501854544225047,,,,,,,,,,,0.39014678556791205
178,0.3180964037965491,0.3793294920626095,0.3891748371050955,0.3934862506979341,0.4232346606891702,0.3778735972544911,0.4118113402762569,0.3838098093824751,0.3637983939166844,0.4485866533781124,,,,,,,,,,,0.3889201438559378
179,0.31669862163169,0.3781736894355127,0.3881435291878259,0.3923822924671332,0.4221496230005956,0.3768867839286789,0.4101662538074105,0.3826437334050347,0.3626294790828366,0.4471012406124227,,,,,,,,,,,0.3876975246559141
180,0.3152735339577445,0.3771172061468599,0.3871079429735234,0.3912824158013295,0.4210284965135711,0.3758814986821572,0.4086626759832065,0.3815163144592855,0.3615560073336897,0.4455836019206735,,,,,,,,,,,0.3865009693772041
181,0.3138463676061929,0.3761313559034493,0.386054839616203,0.3900027929916346,0.4198454867560076,0.3748978133538693,0.4072019218751148,0.380416087848118,0.360534642698922,0.4439658992782312,,,,,,,,,,,0.3852897207927743
182,0.3123594597050183,0.3751568706658588,0.3850877734621385,0.3888632416249349,0.4188056238443064,0.373877715914266,0.4057176273409604,0.3792110685319824,0.3595284840896678,0.442427079044459,,,,,,,,,,,0.38410349442235925
183,0.3108263894312509,0.3742088315852762,0.3840593234296255,0.3876997452058468,0.4178842139297538,0.3727930110072629,0.4042712050507823,0.3779903725353625,0.3586327164573694,0.4408808561712342,,,,,,,,,,,0.38292466648037643
184,0.3095080477441884,0.3731970027374379,0.383038910607586,0.3865453541589058,0.4169027131809972,0.3714807483926894,0.4029399083225899,0.3768048433968357,0.3575860972106537,0.4394301407892128,,,,,,,,,,,0.3817433766541097
185,0.3081210801033286,0.3722853083561355,0.3819867936277308,0.3854367083176565,0.4158536382881573,0.3701929000186238,0.4016246964080276,0.3755715310882156,0.3566432034885612,0.4380071002288113,,,,,,,,,,,0.3805722959925248
186,0.3068531810958052,0.3713320060056139,0.3810704123804251,0.3843569154997838,0.4147895033046677,0.3690143506678033,0.4001767107856941,0.3743332019654333,0.3556772643300994,0.4365098926960031,,,,,,,,,,,0.3794113438731329
187,0.3055118957594089,0.3703331519556402,0.3801260557891105,0.3833337124141382,0.4137206024539376,0.3678112206430519,0.3986497532441242,0.3730957937293834,0.3548279852540472,0.4351276861993851,,,,,,,,,,,0.3782537857442227
188,0.3042339566020314,0.3693093194457839,0.3792330642553218,0.3823437852688331,0.412702878917889,0.3664728243399996,0.3972389960614933,0.3719098089283591,0.3540035956343271,0.4337641103401798,,,,,,,,,,,0.37712123397942177
189,0.3029312003297987,0.3683369495159633,0.378307211017952,0.3814702305905242,0.4117041439556977,0.3652056204303683,0.3958745134918074,0.3707065932973939,0.3531969325618415,0.432272865309717,,,,,,,,,,,0.3760006260501064
190,0.301533016724232,0.3673138606147745,0.3773841444368089,0.3805188029139594,0.4107007019995342,0.3639758129368827,0.3944528782267726,0.3695055656225731,0.3523705858747993,0.4308580946286746,,,,,,,,,,,0.3748613463979011
191,0.3001621031980923,0.3663671855353819,0.3765064092625782,0.3796119564806293,0.4096104676501275,0.3627860113163815,0.3931040954940114,0.3682306092488377,0.3515319217795039,0.4294413843547315,,,,,,,,,,,0.3737352144320275
192,0.29882993364738,0.3654560034947578,0.3755965177988745,0.3786176908542613,0.4085297740331383,0.3614364194484074,0.3918772766230983,0.3670998943495209,0.3507555312536685,0.428119642936448,,,,,,,,,,,0.37263186844395546
193,0.2974940732309913,0.3645923121723938,0.3747217586904565,0.3777086632756361,0.4074074796494239,0.3601890253308026,0.3906643774657616,0.3658520819898386,0.3499918433931485,0.4267925026786631,,,,,,,,,,,0.3715414117877116
194,0.2961157580366096,0.3636856415240579,0.3739063116310964,0.3767947911850824,0.4063740142744672,0.3588289789699885,0.3894510696614112,0.3646657913154793,0.3491095640209192,0.4255413372930952,,,,,,,,,,,0.37044732579122075
195,0.2947995297205665,0.3628126393325475,0.3731213475835311,0.3758950876054907,0.4053437013698104,0.357568496089238,0.388297601150402,0.3634227430864769,0.3482607762659204,0.4241846221587013,,,,,,,,,,,0.3693706544362685
196,0.2934861790294655,0.3619647665251668,0.3723039259671351,0.3750086885196099,0.404320643193085,0.35633748493897,0.3869625513816309,0.3622046698844315,0.3473889975872954,0.4227993601626074,,,,,,,,,,,0.36827772671893977
197,0.2921666998884824,0.3611477181721291,0.3715053929487789,0.3741083870734223,0.4032331237267504,0.3551634732211892,0.3856332085568376,0.3609625272738972,0.346521257195981,0.4213979727283697,,,,,,,,,,,0.3671839760785838
198,0.2908557946798557,0.3604445540706191,0.370743423380913,0.3731838274932614,0.402356416116207,0.3540325783511602,0.3841740362160714,0.359707754125585,0.3456583392997674,0.4199839857525992,,,,,,,,,,,0.36611407094860393
199,0.2896555476521609,0.3596577961442321,0.3697419371841197,0.3722429398017376,0.4013279866259811,0.3528848467011312,0.3828434301556457,0.3584924056834884,0.3448465307849139,0.4185534125665126,,,,,,,,,,,0.36502468332999227
200,0.288378539289139,0.3587989340628242,0.3688751395608485,0.371353367031202,0.4003023470992813,0.3516915956676867,0.3813642128792445,0.357179779138296,0.3441137497447268,0.4170731352586744,,,,,,,,,,,0.36391307997319233
201,0.287148061362721,0.3579660396798912,0.3679983024228007,0.3704564911457722,0.3993091273219458,0.3505259892024014,0.379808007324684,0.3558600684919837,0.3432731828847881,0.4156004479314087,,,,,,,,,,,0.3627945717768397
202,0.2859754628307324,0.3571604554203276,0.3671325198963326,0.3695370909514382,0.3983521642362842,0.3493491063223242,0.3782349252052915,0.3546233585367366,0.3424812696366712,0.4142106751719109,,,,,,,,,,,0.36170570282080494
203,0.2846924234925349,0.3563045386303268,0.3662824410964208,0.3686143986216546,0.3972820830188679,0.3481632785990335,0.3767637107006908,0.3533562264911337,0.341761409424742,0.4128188935917026,,,,,,,,,,,0.3606039403667108
204,0.2834791544032964,0.3555757462793565,0.3653505131322269,0.3677297261603303,0.3962381608919794,0.3469630379778006,0.3752178447840709,0.352113380864791,0.3410332328513604,0.4114518033490768,,,,,,,,,,,0.3595152600694289
205,0.282394322888872,0.3548343642846565,0.3645576747033287,0.3668299393821887,0.3951338491295938,0.3458593038813775,0.3736159211304317,0.3509419466253234,0.3401122911452344,0.4099901828322695,,,,,,,,,,,0.35842697960032766
206,0.2812461838128062,0.354159178869701,0.3637455451011451,0.365899458614597,0.3940481452156135,0.3447641151894052,0.3720532320529626,0.3497283722051203,0.3392906812684762,0.4085852022083102,,,,,,,,,,,0.35735201145381373
207,0.280125567458687,0.3534387014096539,0.3629334049766236,0.3649582733489292,0.3930937767711499,0.3436452490430679,0.37052007602756,0.3485527890179697,0.3384442572545356,0.4073117754608544,,,,,,,,,,,0.3563023870769031
208,0.27896852329157,0.3527628375510933,0.3620807104811375,0.3640694011594786,0.3922132121982063,0.3424756417379045,0.3690278653645542,0.3472999783993951,0.3376145877051534,0.4059087835201706,,,,,,,,,,,0.35524215414086635
209,0.2778972308969443,0.3520427840713659,0.3611943541114421,0.363214767110978,0.39117855034893,0.3413598254414363,0.3675465242768413,0.3461117367568668,0.3366747836388167,0.404576598723731,,,,,,,,,,,0.3541797155377352
210,0.276713186511208,0.3513936920202181,0.3604226575735198,0.362250904923777,0.3902197524337122,0.3401983094545754,0.3660756738560118,0.3448871085408778,0.3357838640263667,0.4032250741260174,,,,,,,,,,,0.3531170223466284
211,0.2755326303068106,0.3507798944001402,0.3596612194266915,0.3612647741201191,0.3892931748912708,0.3390583945018467,0.3645528534893901,0.3438118356338252,0.3348924318094506,0.4019672412478071,,,,,,,,,,,0.35208144498273525
212,0.27434054074981,0.3501723124482953,0.3588453914236119,0.3602867965956152,0.3884363111673026,0.3379656296777636,0.3630913591256231,0.3426843161250676,0.3339977642101642,0.400642198362331,,,,,,,,,,,0.3510462619885585
213,0.2731639744507831,0.3495714965578034,0.357984326352484,0.3593008216101832,0.3874998310658618,0.33683009434723,0.3616868074821711,0.3415241567817386,0.3330642612307659,0.3994148386571566,,,,,,,,,,,0.3500040608536178
214,0.2720000811498455,0.3489715042754336,0.3571315263486289,0.3582953326755608,0.386659544000179,0.3358040652219916,0.3602288556933801,0.3404163385418824,0.3321957481116863,0.398236583136994,,,,,,,,,,,0.3489939579155582
215,0.2708384621949948,0.3483724985446564,0.3563577879467686,0.3572641177786536,0.3858270827082708,0.3346239154136192,0.3589093617425618,0.33937328557386,0.331296429023146,0.3969749200824478,,,,,,,,,,,0.34798378610089786
216,0.2697554990344308,0.3477969830629024,0.3556270260112438,0.3563302009587606,0.3848839371947349,0.3334716575791236,0.357650079624461,0.3383270284639293,0.3303878130120886,0.3957173885073246,,,,,,,,,,,0.3469947613448999
217,0.2685407251461988,0.3470654535864979,0.3548399535315504,0.355357679733409,0.3840271556474207,0.332411200197084,0.3562864972047038,0.3374310433267817,0.3294816643342818,0.3944968247402613,,,,,,,,,,,0.34599381974481896
218,0.2673498768530136,0.3464132280790036,0.3540256909664255,0.3544473597644074,0.3831965150417508,0.3313573382558992,0.3549660996560756,0.3363770141152018,0.3285749913422822,0.3933296390024703,,,,,,,,,,,0.345003775307653
219,0.2661691902871388,0.3456506872503216,0.3531965140385452,0.3535491668914572,0.3823944004935011,0.330278659738596,0.3535845026462206,0.3353137606679128,0.3276355522231693,0.3921219716958503,,,,,,,,,,,0.3439894405932713
220,0.2649790402546357,0.3449823485260242,0.3523900327562002,0.3525667652727816,0.3815995128796555,0.3292714091427568,0.3522897735234831,0.3342274567006357,0.3267069934994031,0.3910559975228658,,,,,,,,,,,0.34300693300784413
221,0.2638265045747822,0.3442161441990145,0.3515564929058476,0.351555851948943,0.3808434932202121,0.3282671158633236,0.3509618523652282,0.3331971737635834,0.325753309034132,0.3899717029669011,,,,,,,,,,,0.3420149640841968
222,0.2627590921025232,0.3435619341216647,0.350760324683805,0.3505417641672601,0.3800978601875985,0.3272686670526047,0.3496959954938679,0.3322274206072282,0.3248752335907238,0.3888941483238977,,,,,,,,,,,0.34106824403311736
223,0.261652380010074,0.342864481707317,0.3499926364503197,0.3496224455238855,0.3793120490316047,0.3262523778305588,0.3484847541346956,0.3312855803460248,0.323961278795674,0.387807153648279,,,,,,,,,,,0.3401235137478433
224,0.2605537930140799,0.3421589095610366,0.3491736166581496,0.3487281078447621,0.3783623309925584,0.3252007706347596,0.3471663330433781,0.3303258290677082,0.3230598395591608,0.3866776727373835,,,,,,,,,,,0.3391407203112977
225,0.259512615340894,0.3414751646321876,0.3484572917848143,0.3478112459821517,0.377446639554683,0.3241410337278765,0.3459376609994848,0.3293729630700993,0.3221083426402711,0.3855713102162694,,,,,,,,,,,0.3381834267948732
226,0.2584215252375048,0.3408275254805509,0.3476683498382193,0.3468863077289319,0.376508978007762,0.3230649169452707,0.344672256530839,0.3284087196462704,0.3212139121467331,0.3844240756929089,,,,,,,,,,,0.3372096567254991
227,0.2572862066395099,0.3401537057971876,0.346808972503618,0.3460015625539129,0.3755914141595924,0.3220608878475346,0.3434311753356048,0.3274180165942315,0.3202891860238142,0.3832539340252754,,,,,,,,,,,0.3362295061480281
228,0.2561949578660252,0.3395126711417335,0.3460927487515802,0.3450848831570853,0.3747371621276378,0.3210328354331732,0.3421692748276372,0.3263907297298576,0.3194377082494676,0.3821294668019389,,,,,,,,,,,0.33527824380861365
229,0.2550760737790093,0.3388707354353236,0.3454056116431002,0.344185357163717,0.373887800023357,0.3199145001367792,0.3407927625254253,0.3254212777960603,0.3185791508210787,0.3810822370262554,,,,,,,,,,,0.33432155063501057
230,0.2540269721328124,0.3382280373649708,0.3447001560241598,0.3433080353687795,0.3730149570816533,0.3189118907942239,0.3395579899497487,0.3244176848499008,0.3176831675105505,0.3800519666123552,,,,,,,,,,,0.3333900857689155
231,0.2530097942774047,0.3374802966635037,0.3440557033216441,0.3424472606296032,0.3721387736885126,0.3179625063678044,0.338203283678918,0.3234549587410087,0.3167834034023549,0.3790267588828001,,,,,,,,,,,0.33245627396535543
232,0.2519741898187506,0.3366943483220151,0.3434146047272847,0.3415545748651219,0.3711705244798803,0.316989118331815,0.3368575889759095,0.3225221185842259,0.3158895640199322,0.377929908695843,,,,,,,,,,,0.3314996540820778
233,0.2509998563606868,0.3359856371882954,0.3427186242052593,0.3407404856453421,0.3702533845681519,0.3160174946319289,0.3355470542475358,0.3216069863987705,0.315076247548178,0.3769199110364903,,,,,,,,,,,0.33058656818306387
234,0.2500066558325669,0.335227987309198,0.3420669671452818,0.3398246313930815,0.3693775620174303,0.3150988318060538,0.3341856268096094,0.3206563390556961,0.3142820440891132,0.3758886542106688,,,,,,,,,,,0.32966152996687
235,0.2489932212162574,0.3344939911747596,0.3414049331294133,0.338997653353358,0.3684325489965966,0.3141399376377828,0.3329016100352712,0.319721990572879,0.3133846157420962,0.3748055165512677,,,,,,,,,,,0.32872760184096816
236,0.2480089909178038,0.3338625719444758,0.340781939700397,0.3381653766661535,0.3675203263885852,0.3132434232598528,0.3315575969923796,0.3187493523637035,0.3124300230946882,0.3737637176136029,,,,,,,,,,,0.32780833189416425
237,0.2470280268226095,0.3331691023159706,0.3401462700561179,0.3373051949557772,0.3665675743554572,0.3123770314989582,0.3302645458250425,0.3178516788412703,0.3114846128065157,0.3726635439569193,,,,,,,,,,,0.3268857581434638
238,0.2460167122355535,0.3324552477815636,0.3394808533391831,0.3364761996975398,0.3657069785750975,0.3114496626312328,0.3289328497192149,0.3169797695581714,0.3105822041285765,0.3716712043984339,,,,,,,,,,,0.3259751682064567
239,0.2450498343608529,0.3317222373717999,0.3389023037872281,0.3355452795600366,0.3648007643093305,0.3105009198295894,0.3276030132682226,0.3160560092057801,0.3097332861434029,0.3705509023151472,,,,,,,,,,,0.325046455015139
240,0.2440458772825224,0.33106706714528,0.3382503276539974,0.334722758834357,0.3639412132938766,0.3096313606820007,0.3262836338679654,0.3150742213794529,0.3088269683600833,0.3694792263386487,,,,,,,,,,,0.3241322654838184
241,0.2430926512811632,0.3302921926561057,0.3376367284935483,0.3339324178661039,0.3631289656537848,0.3087774876995682,0.3249422248792653,0.3141608718850315,0.3079850732880029,0.3683956258927277,,,,,,,,,,,0.3232344239595301
242,0.2421696549404613,0.3295130249407957,0.3369949140574023,0.3329953896302699,0.3622529284977978,0.3079226608875011,0.3236714798763909,0.3133557998365017,0.3071822073578595,0.3673083766133594,,,,,,,,,,,0.32233664366383397
243,0.2412655839503225,0.3287824326034679,0.3363072540287814,0.3320793441918547,0.3614059021341208,0.3070554351060665,0.322385614588231,0.3125882536032024,0.3063705687279434,0.3663124680633622,,,,,,,,,,,0.32145528569973525
244,0.2403534482076285,0.3280581740862115,0.3355904553148049,0.3312099918114496,0.3605056970493868,0.3061918232054574,0.3210862178709295,0.3117178233140224,0.3054733652171997,0.3653188901809245,,,,,,,,,,,0.3205505886258015
245,0.2393873849059574,0.3272908834061272,0.3349544683431926,0.3303906706313386,0.3596298401535409,0.3053911941642903,0.3197650829614059,0.3108576116775346,0.3046401540882019,0.3643601590770302,,,,,,,,,,,0.31966674494086195
246,0.2384467743828489,0.3265489770696446,0.3342577942314165,0.3295273439218619,0.3588243395345857,0.3045023772525919,0.3183874715220771,0.3099202370584362,0.3038863613584169,0.3633943978490309,,,,,,,,,,,0.31876960741809107
247,0.2375167173015805,0.3258477341149322,0.3336332930508343,0.3287335672381586,0.3578715366385094,0.3037339595062548,0.317135561703886,0.3090551157820037,0.3031999367288833,0.362450514055504,,,,,,,,,,,0.31791779361205463
248,0.2366856018846247,0.3251841243322855,0.3330449463462719,0.3279836909945926,0.357021711106588,0.3029804554288438,0.3158714957650187,0.3081723245822186,0.3025272385615281,0.3614583684351368,,,,,,,,,,,0.31709299574371086
249,0.2357944108552176,0.3244846523830345,0.3323821503212323,0.3271701684034762,0.3562282058777235,0.3021985235480416,0.3145292192675562,0.3072984435098914,0.3019364337762538,0.3605538370603881,,,,,,,,,,,0.3162576045002815
250,0.2349068347923861,0.3238017725746691,0.3318048045992745,0.3263568939556894,0.3553887440816564,0.3013257225695387,0.3131938997629351,0.3064888642489026,0.3013034266372231,0.3595357655156883,,,,,,,,,,,0.3154106728737963
251,0.2340419127518055,0.3230767600577819,0.3312355649354518,0.3255666391419122,0.3546524452861392,0.3005206611570247,0.3119086760790358,0.3056665648022729,0.3006235665198387,0.3585456275151945,,,,,,,,,,,0.3145838418246457
252,0.2332435769910098,0.3223290923636739,0.3306230029244592,0.3248612842693808,0.3538914773229599,0.2997266076241817,0.3107126939566059,0.3048393064675758,0.2999407557958121,0.3575824646269198,,,,,,,,,,,0.3137750262342579
253,0.2323645530485671,0.3216662531070449,0.3300071141120409,0.3241455089490903,0.3531046070532179,0.2989476261708871,0.3095063520007614,0.3039960018132737,0.2992413415692738,0.3566269463439029,,,,,,,,,,,0.31296063041680605
254,0.231569964274358,0.321067320581289,0.3294503580252083,0.3234173016207114,0.3523936021401968,0.2980869197639883,0.3082492906886767,0.3031961000930095,0.298500567177126,0.3556640821067827,,,,,,,,,,,0.3121595506471347
255,0.2307482280718072,0.3203996275447581,0.3288895369182316,0.3226375618620152,0.3516649857411142,0.2972138513126974,0.306973213141368,0.3024492054644014,0.297787568592155,0.3546453553574483,,,,,,,,,,,0.31134091340059966
256,0.2299815175925138,0.3196897059752068,0.3283514577591744,0.3219295929501328,0.3508188585607941,0.2964288527172486,0.3057825902335456,0.3016703627817283,0.2971468264609418,0.3537218652555985,,,,,,,,,,,0.31055216302868843
257,0.2292194647148224,0.3190113803368881,0.3278146554034276,0.3212159161522847,0.3500101249822651,0.2956565065498384,0.3045903102852971,0.300847409201162,0.2964081779200262,0.3528151157874958,,,,,,,,,,,0.3097589061333507
258,0.2284751017599343,0.3183608909509668,0.3272500297351723,0.3204844558731415,0.3491800208650442,0.2948355315807916,0.3034438728411017,0.3000110682335735,0.2956839776660354,0.3519275746763557,,,,,,,,,,,0.3089652524182117
259,0.227662737188542,0.3177864431215123,0.3266932831740695,0.3197624650020701,0.34838301201643,0.2941074916324652,0.302288187202803,0.2992050404357415,0.2949315938828286,0.3509770355099919,,,,,,,,,,,0.3081797289166454
260,0.2269081677736172,0.3171881258292882,0.3260616792839602,0.3190588180116396,0.347524124865738,0.2933188593038776,0.3011224489795918,0.2984145708590681,0.2942188004781287,0.3500933902076467,,,,,,,,,,,0.3073908985592556
261,0.2261057363291239,0.3165944530071489,0.3254753962645128,0.3183331439954884,0.3467283161387733,0.2925260788918385,0.3000032766074953,0.2976823402433159,0.293501436060174,0.3491205382137252,,,,,,,,,,,0.3066070715751596
262,0.2253984536230223,0.3158977542889534,0.3248254685710842,0.3176657274569484,0.3459335396712535,0.2918149605466354,0.2988699434162491,0.2969432514860112,0.2928692651660159,0.3481951453209836,,,,,,,,,,,0.3058413509547157
263,0.2246859452293041,0.3151377214902316,0.3242608257643597,0.3169496552250375,0.3450453817516275,0.2911949885337989,0.2976900172705943,0.2961443596569978,0.292165769661894,0.3473056578780236,,,,,,,,,,,0.30505803224618694
264,0.2239168628229488,0.3143807048835013,0.3236499031497222,0.3162480520414605,0.3442170711020087,0.2905905149323691,0.2965662357857905,0.2954002386726719,0.2914610189329832,0.3463989310119302,,,,,,,,,,,0.30428295333353866
265,0.2231705549383696,0.3136319313697547,0.3230580960484397,0.3155374309227527,0.3434145116952807,0.2899354195543678,0.2954132041743163,0.294737972870503,0.2907795017860796,0.3454659850217498,,,,,,,,,,,0.30351446083816136
266,0.2224934210064631,0.3128753569360409,0.3224289494721173,0.314832929897005,0.3425292567017187,0.28922717674823,0.2942483318723456,0.2940153904761905,0.2900947997150528,0.344573067678628,,,,,,,,,,,0.30273186805037916
267,0.2217475687487346,0.3120376021105495,0.3218225401340872,0.3141450855701462,0.3417145079070373,0.2885385147544494,0.2931106159477956,0.2932800344084066,0.2893950356708932,0.3436495461982184,,,,,,,,,,,0.3019441051450317
268,0.220970463329178,0.3112372825081621,0.321227497280373,0.3134923096200232,0.340881485741595,0.2877485205283097,0.2919492256265205,0.2925994933444917,0.2887041370599676,0.3426926434409967,,,,,,,,,,,0.30115030584796176
269,0.2201719647088897,0.3104761577086865,0.3206042071611749,0.3128308741881314,0.3401212918457875,0.2870299189694577,0.2907958617000774,0.2918742897647363,0.288030681515919,0.3416948688161673,,,,,,,,,,,0.30036301163790274
270,0.2194262689522186,0.3097192786872421,0.319961549449107,0.3121776679267229,0.3392708183056824,0.2862340241026348,0.2896969714743777,0.2911621871723402,0.2874015527545282,0.3406856728141332,,,,,,,,,,,0.2995735991638987
271,0.2186535528394672,0.3089568317324906,0.3194089185627961,0.3115376439497694,0.3384130495436247,0.2855439418247487,0.288550899321135,0.2904201638559226,0.286720689878901,0.3397848644431441,,,,,,,,,,,0.2987990555951999
272,0.2178411461080166,0.3081735638948689,0.3188064146182958,0.3108728190560279,0.3376020211951932,0.2848623374956892,0.2874689439192716,0.2897402539837326,0.2860924219752843,0.3388643122516356,,,,,,,,,,,0.29803242344980163
273,0.2170965137105265,0.3074537714770012,0.3182468614471581,0.3102226593834753,0.3368269185266976,0.2841533137876702,0.2863662122365497,0.2890801811371798,0.2854275797437167,0.3379389401316692,,,,,,,,,,,0.2972812951581644
274,0.2163512338920239,0.3068403097209444,0.3176898804859304,0.3095645150255049,0.3360208332516112,0.2834796273075031,0.285209888862127,0.2884166876972763,0.2847774000932513,0.3370017732537074,,,,,,,,,,,0.29653521495898805
275,0.2155654179292591,0.3061414481964287,0.3171182369938929,0.308960318511093,0.3351436597737027,0.2827772602393659,0.2840384681181072,0.2877739075364154,0.2841119982938154,0.3361104893681961,,,,,,,,,,,0.2957741204960277
276,0.2148100539653528,0.3054303217262955,0.3165198998354331,0.3082938687466826,0.3342721853070856,0.2820769369730243,0.2829401779841069,0.2871173202365819,0.2834236843868912,0.3352061164606486,,,,,,,,,,,0.2950090565622102
277,0.2140094784213251,0.3047640884290811,0.3159677419354838,0.3076328033685976,0.3333690402189901,0.2814556764191047,0.2818827926423919,0.2864112147511677,0.2827465561063809,0.3343178835437518,,,,,,,,,,,0.29425572758362745
278,0.213280937802393,0.3040779190525572,0.3154424088726836,0.306986600651699,0.3324794802561079,0.2809252491952664,0.2807669771494169,0.2857447018359317,0.282037357953498,0.3334608038168161,,,,,,,,,,,0.293520243658637
279,0.2125347219939922,0.3033240739356054,0.314905505583929,0.3063432054973434,0.3315729744600852,0.2802822409084932,0.2797020695041,0.2851152182293228,0.2813316345063679,0.3325348960688257,,,,,,,,,,,0.2927646540688064
280,0.211895304379679,0.3025828534011935,0.3143239133073192,0.3056845768939604,0.3306354458478883,0.2796942891120201,0.2786216666050227,0.2844635587982466,0.280684349280305,0.3317344740935742,,,,,,,,,,,0.2920320431719209
281,0.2112015069897636,0.3018762078233635,0.3137169061404343,0.3050534753462115,0.3297789638469479,0.2790667159383771,0.2775988970764064,0.2838323216754045,0.2800533277613242,0.3308931099720524,,,,,,,,,,,0.29130714325702856
282,0.2105841185826317,0.3011402093303418,0.3131291295447757,0.3043514972622431,0.3288882598342556,0.2783876891659173,0.2765390526373567,0.2832052157146978,0.279495339845855,0.3300410649119513,,,,,,,,,,,0.29057615768300254
283,0.2099110461386706,0.3004412465627864,0.3125235357449694,0.3036984124672828,0.3280305332370321,0.2777154793315743,0.2755690657406699,0.2825961356649135,0.2789182568566255,0.329237160120846,,,,,,,,,,,0.28986408718653706
284,0.2092374485477884,0.299728219424001,0.3119361181665994,0.303106577483722,0.3272207618615008,0.2770711884993908,0.2745666027010391,0.2820024919404025,0.2783894788889844,0.328367182072286,,,,,,,,,,,0.28916260695857143
285,0.2086203257561969,0.2990244752705353,0.31135615739843,0.3025164982582167,0.3263754565592656,0.2764477679727645,0.273605052367712,0.2814309127803118,0.2778177230988677,0.3274959015076022,,,,,,,,,,,0.28846902709699024
286,0.2079259641818557,0.2983322973510172,0.3107522955782641,0.3018259209279623,0.325511344370568,0.2757935980278638,0.2726529427781202,0.2808044874007593,0.2772306813180573,0.3266765605324698,,,,,,,,,,,0.28775060924669377
287,0.2072558683960771,0.297643752989796,0.3102128776100498,0.3011992319371261,0.324759860639956,0.2751156251974474,0.271623411337862,0.2801984801794653,0.2766152495610734,0.3258067845141278,,,,,,,,,,,0.2870431142362981
288,0.2065540532030128,0.2968720916913649,0.3096866457031968,0.3005505812154853,0.3239623512496671,0.274428275543227,0.2706203466027541,0.279566417856862,0.2760429676511955,0.3249802172932509,,,,,,,,,,,0.28632639480100164
289,0.2059531943434545,0.296043004662727,0.3091437519607186,0.2998747469456516,0.3231405591866377,0.273826361233999,0.2696292240245196,0.2789368559332416,0.2754724555508889,0.324189293446172,,,,,,,,,,,0.28562094472880106
290,0.2053390618322254,0.2952792470221213,0.3085530932465053,0.2991950631809967,0.3223702218368379,0.2731561925412605,0.2686729989192831,0.2783078168503627,0.2749465937396576,0.3234313671735785,,,,,,,,,,,0.2849251656342829
291,0.2046817102137767,0.2944281268853396,0.307946665875031,0.2985334983938165,0.3216386856721729,0.272510205569325,0.2677485992564277,0.2776637295517136,0.2743883877948046,0.3226448858876294,,,,,,,,,,,0.2842184495100037
292,0.2040544240813425,0.2935866718162985,0.3073176162614854,0.2979005456392496,0.3208886635258935,0.2719101243828918,0.2668496276640084,0.276948781256919,0.27383721733007,0.3218693471038175,,,,,,,,,,,0.2835163019061976
293,0.2034148431178916,0.292726457978833,0.3067064561784767,0.2972528990467982,0.3201057013593988,0.2713133858495129,0.2659303579203438,0.2762284099218366,0.2732659849359503,0.3210696321668827,,,,,,,,,,,0.28280141284759247
294,0.2027265113772418,0.291943513276675,0.3061029657469831,0.2965289600664118,0.3192785946294414,0.2707325534185347,0.2649782021220268,0.2755773398032438,0.2727433324097733,0.3203448222921624,,,,,,,,,,,0.2820956795142494
295,0.2021137163097219,0.2911000114207796,0.3054834799307306,0.2958592165652685,0.3183794605721375,0.2702052683150117,0.2640167545786042,0.2748801773190419,0.2721918491604322,0.3196162835102727,,,,,,,,,,,0.2813846217682001
296,0.2014495486611545,0.2902603388055691,0.3048771037449219,0.2952018055565076,0.3174837607676983,0.2696391363618566,0.2630959804485532,0.2742689392193149,0.2717041185803984,0.3188186122151211,,,,,,,,,,,0.28067993443610956
297,0.2008361225229579,0.2894192233455724,0.3042504672897196,0.2945660585298944,0.3165947461928048,0.2691112910025544,0.2621999783243356,0.2736142167418902,0.2712014716306072,0.317962905549233,,,,,,,,,,,0.27997564811295694
298,0.2002146927483498,0.2885852275441338,0.3036548858799726,0.2938538648860691,0.3157106461461514,0.2685031768530467,0.2612477589205073,0.2729828313577321,0.2706851425595188,0.3171824174087743,,,,,,,,,,,0.27926206443042556
299,0.1996408801736396,0.2877622977263852,0.3030573106820968,0.2931895857988165,0.3148814729295784,0.2679569649043373,0.2602914644820104,0.2722937156517558,0.2701719016061099,0.3164456595395783,,,,,,,,,,,0.2785691253494308
300,0.19906631856276,0.2869476902380575,0.3025008215246156,0.2925751281731912,0.3140436170615331,0.2674081605556837,0.2594242507166622,0.2716309029529316,0.2697052808973795,0.3156509032250854,,,,,,,,,,,0.27789530739079
301,0.1984970981639507,0.2861451439798942,0.3019627500467376,0.2920075810895051,0.3131970720952048,0.2668755695295599,0.2585388017918993,0.2710003862806006,0.2691423830190743,0.3148536035618561,,,,,,,,,,,0.27722203895582825
302,0.1979628973177359,0.2854406327859191,0.3014058635819705,0.2914034754058977,0.3122493696763203,0.2663626983907154,0.2576949093732961,0.2704149147545186,0.2686068290299793,0.3141080243497509,,,,,,,,,,,0.27656496146661036
303,0.1973037083439945,0.2846530895926878,0.30081940629447,0.2908089600627144,0.3113949671030319,0.2658884776045329,0.2568144929251875,0.2697606817427703,0.268056551560944,0.3133734395652813,,,,,,,,,,,0.2758873774795615
304,0.1967707708030137,0.2838462048920329,0.3002539781395916,0.2901801021218054,0.3105585262603553,0.2653804165094178,0.2559799988219201,0.2691934500174709,0.2675623144963627,0.3126258764125816,,,,,,,,,,,0.27523516384745517
305,0.1961813737066289,0.2830942220930463,0.2996902826171119,0.2895469272712904,0.3096774762546323,0.2648312465419373,0.2551170148670434,0.2686575292212721,0.2670508818632355,0.3119145628879249,,,,,,,,,,,0.2745761517324123
306,0.1956222368012355,0.2824019253277923,0.2991460912743784,0.2889260189362149,0.3088523660951655,0.2642888835999524,0.2542956509337949,0.2680304289780599,0.2665405054666969,0.3111341737434554,,,,,,,,,,,0.2739238281156746
307,0.1950452067544209,0.2816853445313241,0.2986038318912237,0.2883220930991709,0.3080469400118498,0.2637281847845218,0.2534036475889721,0.2674233096141186,0.2660499350695498,0.310392589658649,,,,,,,,,,,0.27327010830038007
308,0.19446694525267,0.2809502018447864,0.2980990555037313,0.2877357267068632,0.3072451927536808,0.2632532038861124,0.2525442398325435,0.2668595085169997,0.2655766614237052,0.3096441842881356,,,,,,,,,,,0.2726374920009228
309,0.1939001126193895,0.2802074082483256,0.29757639822869,0.287099849830412,0.3064867739350387,0.2627424581980193,0.2516899493553592,0.2662112522020649,0.2650728580532969,0.3089298821263619,,,,,,,,,,,0.2719916942796957
310,0.1933881755407179,0.2795055697265184,0.2970577504865531,0.2864541529042133,0.3057555074033946,0.2622305503226582,0.2508693868464571,0.265626552461202,0.2645448675639222,0.3082606673766417,,,,,,,,,,,0.27136931806322784
311,0.1928420135978656,0.2787722560632603,0.2965787857757367,0.2858997038315786,0.3050085632108772,0.2616858777166231,0.2500210812864016,0.2650430556582157,0.2640293025175403,0.307536630004275,,,,,,,,,,,0.2707417269662374
312,0.1923083375533633,0.278041167171229,0.296063122394581,0.2852654095364679,0.3042848636689008,0.2611342423208982,0.2491597900302161,0.264408530433636,0.2634908374191141,0.3068365172253717,,,,,,,,,,,0.2700992817753778
313,0.1917896069797645,0.277356290344164,0.2954842218078967,0.2846522906506587,0.3035308921075814,0.2606378363409793,0.2483727268735454,0.2638010197850512,0.2629182365587336,0.3061375505803614,,,,,,,,,,,0.26946806720287364
314,0.1912819415885162,0.2767052729083792,0.2949802334099579,0.2840309940001394,0.3027989579034255,0.260135694028675,0.2476513069977144,0.2631579307346938,0.2623872106216659,0.3054777220994822,,,,,,,,,,,0.26886072642926495
315,0.1907901456336446,0.2760002210642664,0.2944784156261497,0.283443806579819,0.3020463176073677,0.2596057894668044,0.2469062906940244,0.2625189019038106,0.2618387034355338,0.3048063034625338,,,,,,,,,,,0.2682434895473954
316,0.1902672403479925,0.2753063489667836,0.2938832670083628,0.2828160345504515,0.3013002758078485,0.259057104373599,0.2460919058388221,0.2618673936237545,0.2613738268382124,0.3041186972105775,,,,,,,,,,,0.26760820945664043
317,0.1897526253082486,0.2745767227238007,0.2933493280952827,0.2822104064755852,0.3005855589281509,0.25846724146866,0.245291788707278,0.2612579268493981,0.2608803451071651,0.3034992076668969,,,,,,,,,,,0.2669871151330466
318,0.1893088143179203,0.2738770576885312,0.2928232885091267,0.2815845370906757,0.2998227278342482,0.2578249786362683,0.2445260069171899,0.2606465982277611,0.2604349594748683,0.3028665115403698,,,,,,,,,,,0.26637154802369595
319,0.1888312104098823,0.273163827779709,0.2922771458341707,0.2809882703949979,0.299113721656312,0.2572320221670685,0.2437891496576837,0.2600429741440884,0.2599626185434123,0.3022450157880215,,,,,,,,,,,0.26576459563753463
320,0.1883469257062787,0.2724650015760879,0.2916827686851146,0.2804379310664348,0.298411456616144,0.2566984075730595,0.2430773613630769,0.2594583304932297,0.2595337413185953,0.3015952086265068,,,,,,,,,,,0.26517071330245284
321,0.1878473855630204,0.2717717756526234,0.2911014730051267,0.2798714730842461,0.2976733112818813,0.2560710227363154,0.2423706327980346,0.2589369228181086,0.2590307340119818,0.300980453386898,,,,,,,,,,,0.2645655184338237
322,0.1873280375886582,0.2710834117182067,0.2905640351439749,0.2793321406909566,0.2969518094040452,0.2555065477548743,0.2416635340893688,0.2583437964742742,0.2584925524270932,0.3003754105028218,,,,,,,,,,,0.2639641275794274
323,0.1868206100060017,0.270407255764003,0.2900107064427236,0.2788066765709892,0.2961344535210918,0.2549250243765442,0.2409654004971916,0.2578164277225868,0.2579731614749866,0.2997904311856601,,,,,,,,,,,0.26336501475617785
324,0.1862899838449111,0.2697185218714779,0.2894279621226349,0.2782455159675303,0.2954183560747721,0.2543616693689277,0.2402500007464046,0.2572830649580821,0.257446545891904,0.2991627403285462,,,,,,,,,,,0.2627604361175191
325,0.1857682281889273,0.2690659855940124,0.2888662056605993,0.2777055620263505,0.2946602926085914,0.2537824223272114,0.2395560371222525,0.256751538729532,0.2569298870778895,0.298591906068458,,,,,,,,,,,0.2621678065403824
326,0.1852827111853088,0.2684049904955852,0.2883065083209625,0.2771539420999828,0.293930693129883,0.2532379039921733,0.2388622332711828,0.2561499806278877,0.2564462268905808,0.2980368787204101,,,,,,,,,,,0.2615812068733957
327,0.1847978381800913,0.267747156159255,0.2877864294159022,0.2765637687204247,0.2932179321604367,0.2526249422174239,0.2381519830278743,0.2556333262298197,0.2559478180284435,0.2974946466457247,,,,,,,,,,,0.2609965840785396
328,0.1842916363058253,0.2671134451773252,0.2872163032299414,0.2759652268502746,0.2925116317159131,0.2520455395014472,0.2374315198098953,0.2550999825044958,0.2554533674924414,0.296909810587823,,,,,,,,,,,0.26040384631753827
329,0.1837726539757777,0.2664370881613589,0.2866671417288701,0.2753807987427749,0.2918206596420017,0.2514715201555347,0.236714400885651,0.2545743179545779,0.2549679119804112,0.2963278849979454,,,,,,,,,,,0.2598134378224904
330,0.1833025013472837,0.2657749645965788,0.2861828729788322,0.2748530566993042,0.2911219340558877,0.2508804968829935,0.2360189332247557,0.2540918222171636,0.2544844410791901,0.2957554025750515,,,,,,,,,,,0.2592466425657041
331,0.1827913300776391,0.2651350131295548,0.2857082633672116,0.2742399420154645,0.2904885900814566,0.2503332275758555,0.2353300477205337,0.2535797568876633,0.2539992428915113,0.2951707619130767,,,,,,,,,,,0.2586776175659967
332,0.1823108684765144,0.2644755027986308,0.2852354836437902,0.2736501537792049,0.2898376187664394,0.2497792549474719,0.2346695249024029,0.2530747005569654,0.2535116827531991,0.2945157099668705,,,,,,,,,,,0.2581060500591489
333,0.1818182219727911,0.2637946244393143,0.2846955569909947,0.2730736328199362,0.2891338132530299,0.2492042301885765,0.2339906265700136,0.2525264584481459,0.2530563490567405,0.2939603765176605,,,,,,,,,,,0.2575253890257203
334,0.1813448816696689,0.2631242259915322,0.2841798601366027,0.2724896157840082,0.2883650144013816,0.2486000976150592,0.2332822683925263,0.2520157886334164,0.2525997515779136,0.2933890483381274,,,,,,,,,,,0.25693905525402366
335,0.1809257674121208,0.2624674923319336,0.2836851095669525,0.2719024376071355,0.2876631327855817,0.2480475784698197,0.232573390643458,0.2514452826398692,0.2521245478690497,0.2928505210684605,,,,,,,,,,,0.2563685260394381
336,0.180490947012604,0.2617918443774056,0.2831978413732933,0.2713402882278041,0.2870136603848838,0.2474286747304759,0.2318826268988409,0.2509570470992341,0.2516688068608511,0.2923204838806698,,,,,,,,,,,0.25580922208460627
337,0.1799684113560471,0.2611218563934029,0.2826884980301987,0.2708021381896584,0.2863535771232324,0.2468906999098291,0.2311996940290502,0.2504082686265553,0.2512457457743261,0.2916938094832777,,,,,,,,,,,0.2552372698915578
338,0.1794825740272452,0.2604628647747009,0.2821387909536503,0.2702594481146838,0.2857053448346062,0.2462791772864679,0.2304844721020633,0.2498850901189084,0.2507959790791528,0.2910453538086777,,,,,,,,,,,0.25465390951001565
339,0.1790501549088323,0.2598160951366904,0.2816116920124949,0.2696981067322542,0.2850588857188373,0.2457102862219703,0.2298105312067893,0.249385323469867,0.2503856374690487,0.2904629791703134,,,,,,,,,,,0.2540989692047098
340,0.1785881186215131,0.2591696164311119,0.2810563208027463,0.2691567268987638,0.2843935949876827,0.2451379624593947,0.2291506804257051,0.248825096388806,0.2499722723154944,0.2898822948992899,,,,,,,,,,,0.2535332684230508
341,0.1781872610373342,0.2585048717709121,0.2804769790430104,0.2686210991705283,0.2837487431122551,0.2446079441810893,0.2285423346297021,0.2483234292754863,0.2495432898424827,0.2892924848503634,,,,,,,,,,,0.25298484369131635
342,0.177755333145853,0.2578559865530292,0.2799420161829742,0.2681560691680778,0.2830797910085612,0.2440486563725704,0.227923279362859,0.2477670430168841,0.2491323489872736,0.2886557831991035,,,,,,,,,,,0.2524316306997186
343,0.1773319900038274,0.2572128343267399,0.2794162325229629,0.2676377875149248,0.2824270162439441,0.2435873956877996,0.2273101467948505,0.2472351286282359,0.2487195909655278,0.2880256802830888,,,,,,,,,,,0.2518903802971902
344,0.1768664500066044,0.2565680218439812,0.2789272139578005,0.2671195120103904,0.2817068460025487,0.2430434499616703,0.2267182641314899,0.2466856596991115,0.2482937520499436,0.2874032087690022,,,,,,,,,,,0.25133323784325423
345,0.1764093141514915,0.2559654651642313,0.2784053981656393,0.2666122496318012,0.2810702907911883,0.2425124687740407,0.2261265566965261,0.2461304263794788,0.2478694380752999,0.2867473632213979,,,,,,,,,,,0.2507848971051095
346,0.1759671530138186,0.25533790778026,0.2778851975083181,0.2660567050491101,0.2804428537241156,0.241983581716903,0.2255033728647589,0.2455897971352405,0.2474332578342901,0.2860615570069564,,,,,,,,,,,0.25022613836337715
347,0.1755502841623248,0.2547012751160264,0.2773810275410235,0.2655540163131955,0.2798324037229284,0.2414721990372851,0.2248487216928866,0.245062511985681,0.2470146162746914,0.2854424559313166,,,,,,,,,,,0.24968595117773593
348,0.1751199458831675,0.2540614967814409,0.2768485313265509,0.2650477720645324,0.2791949818866385,0.2409721826775241,0.2242186332152387,0.24456770109209,0.2466464306251541,0.2848312456139822,,,,,,,,,,,0.24915089211663194
349,0.174668749266116,0.2534303837040937,0.2763873146921567,0.2645359117847027,0.2785695226966042,0.2404190227717437,0.2235912097422266,0.2440649084969393,0.2462444994912114,0.2842135323550234,,,,,,,,,,,0.24861250550008177
350,0.1742433153060055,0.2528223588062555,0.2759359229574946,0.2640437248384725,0.2779206965929687,0.2399085285768758,0.2229858809545482,0.2435739187676914,0.245833360513155,0.2835493243465297,,,,,,,,,,,0.2480817031659997
351,0.1738171915067215,0.2522265244483144,0.2754531590176189,0.2635331154868622,0.2772663530762776,0.2394092631721103,0.2223669432682359,0.2430934417628542,0.2454314754489007,0.2828641267800927,,,,,,,,,,,0.24754615939679883
352,0.1734081208989025,0.2516367330122219,0.2750030986428487,0.2630156833498459,0.2766070225607325,0.2388927173215481,0.221743086615177,0.2425778562990684,0.2450535539883557,0.2821922062527781,,,,,,,,,,,0.24701300789414787
353,0.1730203418922926,0.251031953039778,0.27458867829492,0.2624722723895369,0.2760220449664723,0.2383701341298309,0.2211097221891526,0.2421042627867982,0.2446959612034668,0.2815833040634473,,,,,,,,,,,0.24649986749556954
354,0.1726207359578767,0.2504319360461363,0.2741580719394183,0.2619742743207902,0.2754328119542438,0.2378741550977737,0.2204823485389486,0.2416293201621836,0.2443075268586795,0.2809988769891549,,,,,,,,,,,0.24599100578652058
355,0.172245758959027,0.2498160047589827,0.2736943947188759,0.2614564917796272,0.274859023603896,0.2374432134498469,0.2198720021628261,0.2411695996361032,0.2439155086322161,0.2803371553051819,,,,,,,,,,,0.2454809153006583
356,0.1718172115331869,0.2492310967552488,0.2732606215451858,0.2609410456987012,0.2742261843509156,0.2369632333465766,0.2192691905459109,0.2406986661173198,0.2435137772766677,0.2796992038262999,,,,,,,,,,,0.24496202309960133
357,0.1714172723081237,0.2486263642746208,0.272804120492794,0.2604590099983434,0.2736075703498676,0.2364681543979223,0.2186324003927257,0.2401961332628673,0.2431421334054042,0.2791147609558281,,,,,,,,,,,0.24444679198384972
358,0.1710436086165738,0.2480451623842856,0.2723114809014991,0.2599441905162477,0.272980827116166,0.236011040633803,0.2180321347131172,0.2396845278717101,0.2427546413635788,0.2784876682522598,,,,,,,,,,,0.2439295282369241
359,0.1706546672267559,0.2475181333474105,0.2718031056377762,0.2594253608236485,0.2723715041471003,0.235518618508065,0.2174323730613869,0.2392008653334386,0.2423367339154133,0.277865080302825,,,,,,,,,,,0.24341264423038203
360,0.1702691046931067,0.2469069932552361,0.2712937937805837,0.2589479448797051,0.2718034621180801,0.2350208352574934,0.2168580947133728,0.2387564862156024,0.241943091562033,0.2772240562652504,,,,,,,,,,,0.2429023862740464
361,0.1698927933712325,0.2463169814187552,0.2708518707491938,0.2584803957705835,0.2711827776980597,0.2345106302951913,0.216245745824047,0.2382937410879525,0.2415617335384631,0.2765627546570975,,,,,,,,,,,0.24238994244105766
362,0.1695305316150664,0.2457318823747419,0.2703870970278139,0.2580383502493461,0.2705609793545621,0.2340249741200828,0.2156793846908508,0.2379162698832574,0.2412143253140934,0.2759256337225861,,,,,,,,,,,0.24190094283524005
363,0.1691798691885829,0.2451037216546581,0.2699218133862585,0.2575869274861536,0.2699634747751787,0.2335432014545962,0.2150687954309449,0.2374785751939151,0.2408540229288789,0.2753174639200411,,,,,,,,,,,0.24140178654192077
364,0.1687725131229945,0.2445619148285742,0.2694811595711461,0.2571468530740021,0.2693707387819122,0.2330471776869234,0.2144902215336712,0.2370517604920422,0.240541669789887,0.2746668531768908,,,,,,,,,,,0.24091308620580437
365,0.1683945804078671,0.2440140157968096,0.2690169222551252,0.2567582391915354,0.2687923551907276,0.2325252842984106,0.2139364040073356,0.2366391763368824,0.2401797875519014,0.2740488562855036,,,,,,,,,,,0.24043056213220987
366,0.1680361118465735,0.2434541777138875,0.2685429624212856,0.2563397412524664,0.2681967779536511,0.2320560942508771,0.2133825068953714,0.2362129580192954,0.2398427264513213,0.2734565727041246,,,,,,,,,,,0.2399520629508854
367,0.1676302361756703,0.2429010061826297,0.2680936226204239,0.2559138905279323,0.2676149222248776,0.2315855497814421,0.2127925001817666,0.2358279222386095,0.2394900799132313,0.2728567337805105,,,,,,,,,,,0.23947064636270934
368,0.1672274503348355,0.2423855183012442,0.2676258906967256,0.2554735766513309,0.2670799666654589,0.2311641683231484,0.2122084194014901,0.2354208083762196,0.2390961300222787,0.2722735444728933,,,,,,,,,,,0.23899554732456255
369,0.1667939084351404,0.2418055283552024,0.2671458925685765,0.255064651312726,0.2664727456961121,0.2307296969314904,0.2116556264199491,0.2349999017143474,0.2387335426462333,0.2717063859516825,,,,,,,,,,,0.23851078800314598
370,0.1663638448404265,0.2412453625803313,0.2667069901720215,0.2546487453186863,0.2658741991666709,0.2302681111439705,0.2111285316197106,0.2345787097342879,0.2383794555952987,0.2711345032146882,,,,,,,,,,,0.23803284533860927
371,0.1659514274013082,0.2406890048073039,0.2662630288011091,0.2542479256538064,0.265339081960164,0.2298569059347204,0.21060617512659,0.2341231285014348,0.2379677184998701,0.2705558276334542,,,,,,,,,,,0.2375600224319761
372,0.1655489024431491,0.2401214100267675,0.2658238785879113,0.2538873782868254,0.2647822117493446,0.2294360810438633,0.210073449247542,0.2336988999445596,0.2375636732508239,0.2699966286961002,,,,,,,,,,,0.23709325132768866
373,0.1651347355175048,0.239561485744652,0.2653439303516455,0.2534592776847161,0.2642102956309631,0.2290296521426222,0.2095067905033479,0.2332697256509791,0.2371384943003883,0.2694449845036385,,,,,,,,,,,0.23660993720304574
374,0.1646858085335566,0.2390015685961064,0.2649209543766551,0.2530799650052542,0.2636181965470102,0.2286282448478407,0.2090110267264985,0.2328266476059848,0.2367272752240207,0.2688270194395025,,,,,,,,,,,0.236132670690243
375,0.1642553049036324,0.2385033453140712,0.2644912716456177,0.2526633521481737,0.2630656625913417,0.228233655141215,0.208504231275662,0.2324051077675416,0.2363789036255505,0.268205919020001,,,,,,,,,,,0.23567067534328068
376,0.1638201538697644,0.2379639329950346,0.2640384677763444,0.2522788373434265,0.2625149414656459,0.227769796978366,0.20798415315785,0.2319927213861741,0.2360368044757575,0.2676420189124529,,,,,,,,,,,0.23520418283608163
377,0.1633742435996896,0.2374059035483567,0.2636252959080148,0.251871720486556,0.2619793748340921,0.2273070169841898,0.2074721053063946,0.2315740486256665,0.2356706144621787,0.2670532238581917,,,,,,,,,,,0.23473335476133306
378,0.1629186170060018,0.2368604038414183,0.263200305310217,0.2514883822993401,0.2614702374119748,0.2268393777113243,0.2069699661529425,0.231149106343248,0.2353016629886506,0.2664740332143279,,,,,,,,,,,0.23426720922794453
379,0.1625155373854923,0.2363400025518717,0.2627459101416632,0.2510915646097125,0.2609305326921068,0.2263862214001571,0.2064530334793266,0.2307346870467478,0.2349366207727749,0.2658989652179718,,,,,,,,,,,0.23380330752978246
380,0.1621661879611974,0.2358046409839472,0.2622930746777059,0.250653580848292,0.260387081747542,0.2259370534384294,0.2059366179848051,0.2302798675183345,0.2345592002094153,0.2653247297466283,,,,,,,,,,,0.2333342035116297
381,0.1618259414774964,0.2352334811421889,0.2618313842259657,0.2502085235472565,0.2598314190623859,0.2255304351107588,0.2054135927416474,0.2298530209222383,0.234182391163885,0.2647400197762055,,,,,,,,,,,0.23286502091700284
382,0.161509835976241,0.2346838241185168,0.2613773869002805,0.2497891113861749,0.2592949471788537,0.2250603413913867,0.204923069986854,0.2294320064289188,0.2338390596217685,0.2641859439299732,,,,,,,,,,,0.23240955269189684
383,0.161118443206135,0.2341233070264149,0.2609003039987529,0.2494292986673558,0.2587359978229051,0.2246291790427703,0.2044942931524923,0.2290241703586449,0.2334844704850809,0.2636193719537229,,,,,,,,,,,0.23195588357142755
384,0.1607711136853272,0.2335364060232308,0.2604247866235545,0.2490260336683319,0.2581997116958635,0.2241836932819548,0.204054931279939,0.2286348678452651,0.2331284806291746,0.2630286971433965,,,,,,,,,,,0.23149887218760382
385,0.1604100072941979,0.2329741407269136,0.2599740043886496,0.2486456390857264,0.2576286906579213,0.2237480279803541,0.2035790795961493,0.2282341214455858,0.2327556332911508,0.2625016264092281,,,,,,,,,,,0.2310450970875877
386,0.1600205948967674,0.232459953028152,0.2595241143523977,0.2482778318202774,0.2570842067466324,0.2233227421814559,0.2030805020203887,0.2278579808668796,0.2323914450889228,0.2619428680023326,,,,,,,,,,,0.23059622390042067
387,0.1596228864339448,0.2319304507152468,0.2590567531653022,0.2478849956935336,0.2565859349310432,0.222945560101382,0.2026167637025827,0.2275044083151338,0.2320336070588685,0.2613743560745578,,,,,,,,,,,0.23015557161915953
388,0.1592437697516447,0.2313621343805864,0.2586058416536343,0.2475138962826544,0.2560756014987771,0.2225602607782109,0.2021568351809726,0.2271315108125789,0.2316924101261842,0.2608392132537283,,,,,,,,,,,0.22971814737189716
389,0.1588923710277527,0.2308263267496322,0.2581512829693281,0.2471207456978967,0.255541330996146,0.2221277326999332,0.2016786843110694,0.2267385195355009,0.2313168166385716,0.2603331238619653,,,,,,,,,,,0.2292726934487796
390,0.1585454643878394,0.2302437498524516,0.2577021928509917,0.2467408611756298,0.2550492498845332,0.2216879482416494,0.2012083232379171,0.2263395543819263,0.2309547687560342,0.2598136257012776,,,,,,,,,,,0.22882857384702504
391,0.1581696778098006,0.2297225267615574,0.257255835897825,0.2463681651106024,0.2544918827142829,0.2212449592366219,0.2007616064611676,0.2259624341399995,0.2306060731141811,0.2592872926198629,,,,,,,,,,,0.22838704538659016
392,0.1578213754627236,0.2291906735848481,0.256804702268431,0.245978701549516,0.2539754941801054,0.2207930807424246,0.2003309390606414,0.2256092925122431,0.2302443175940641,0.2587893932057392,,,,,,,,,,,0.22795379701607366
393,0.1575327283202476,0.2286549690522198,0.2563587495378122,0.2456391537087759,0.2534321995765582,0.2203958891220959,0.1998790181661196,0.2252848110588635,0.2299130211641079,0.2583212102433337,,,,,,,,,,,0.22754117499501342
394,0.1571820723535982,0.2280844962521916,0.2558829466607828,0.2453221725245628,0.25291430850637,0.2199454390718271,0.1994005244898517,0.2249117053139441,0.2296232927111292,0.2578457788756492,,,,,,,,,,,0.22711127367599068
395,0.1568695851100056,0.2275758454868686,0.2554312010743179,0.245006586719673,0.2523907950814273,0.2195033374382465,0.1989335034881742,0.2245559618237941,0.2293458763210651,0.2573562631314774,,,,,,,,,,,0.22669689556750497
396,0.1565454202789296,0.2270660239447826,0.2550470118555691,0.2446334440002709,0.2518873506204905,0.2191002853356573,0.1984948391837658,0.2241869758130578,0.2289986492539564,0.2568839625273668,,,,,,,,,,,0.22628439628138466
397,0.1562020758731641,0.2265283595163725,0.2546925798009566,0.244265479883371,0.2513515369843428,0.2187043470811639,0.1980543587987165,0.2238007266154217,0.2286756534171088,0.256425508251255,,,,,,,,,,,0.22587006262218728
398,0.1559040680891217,0.2260148113942284,0.2542950891823025,0.2438885406727999,0.2508045455180409,0.2182608113075545,0.1976063015113746,0.223424789496218,0.2283816662400642,0.2559957860891012,,,,,,,,,,,0.22545764095008058
399,0.1555925235264267,0.2255375935373371,0.2538525998148349,0.2435026193517336,0.2503145774116828,0.2178097058051889,0.1972002815823225,0.2230521769669165,0.2280606442300178,0.2555392071492902,,,,,,,,,,,0.2250461929375751
400,0.1552689359357136,0.2250057052486005,0.2534263333271967,0.2431383317341402,0.2497968299411916,0.2173836961412253,0.1967475834283304,0.2227051860977306,0.2277184850845438,0.2551245713520603,,,,,,,,,,,0.22463156582907332
401,0.1549585926417894,0.2244933141670514,0.2529832325989471,0.2427472243234109,0.249306214361116,0.2169469402608379,0.1963077429338835,0.2223433855749523,0.2273997432916677,0.2546915024797923,,,,,,,,,,,0.22421778926334485
402,0.1545927825571652,0.2239732185362005,0.2525644252995768,0.2423823068319336,0.2487770881476002,0.2165288476838549,0.1958306370832632,0.2220092116387205,0.2270895828210802,0.2542983670352947,,,,,,,,,,,0.22380464676346898
403,0.1541989374574758,0.223485160683946,0.252148418269669,0.2420195152825157,0.2482819811899594,0.2161010851794755,0.1953648664468205,0.221637727277715,0.2267747140522875,0.2538572179005997,,,,,,,,,,,0.2233869623740464
404,0.1537950278015832,0.2229661513103082,0.2517681919696106,0.2416532658509252,0.2477692648230002,0.2156987993816757,0.1949270858788331,0.2212585726004921,0.2264724699452068,0.2534698306444904,,,,,,,,,,,0.2229778660206126
405,0.1534354091298335,0.2224845470501363,0.2513741858337334,0.2412755012840045,0.247252705265887,0.2153327741917546,0.1944794226583344,0.2208896187161437,0.2261427624294441,0.2530967789129745,,,,,,,,,,,0.22257637054722462
406,0.1530620566481337,0.2219764284004554,0.2510123717391549,0.2409100981179905,0.246785592035019,0.2149389196279293,0.1940409520935297,0.220568282857708,0.225781483571199,0.2526914515125593,,,,,,,,,,,0.2221767636603679
407,0.1527166539250794,0.2215232651222737,0.250608559552984,0.2405435523246106,0.2462889268470129,0.2145470301473533,0.193599827798546,0.2201973431862261,0.2254702460579416,0.2522916333619149,,,,,,,,,,,0.22177870383239426
408,0.1523742235806844,0.2210738806218952,0.2502142732162966,0.2402016195242647,0.2457856653845114,0.2141237798093577,0.193179611966889,0.2198630052646245,0.2251283211042985,0.2518587892775064,,,,,,,,,,,0.22138031697503285
409,0.1520470691030657,0.2206296731171838,0.2498325790033899,0.2398452015507874,0.2453403264763717,0.2137295507452515,0.1927608310558844,0.2195095953189573,0.2247729853704157,0.2514479819829357,,,,,,,,,,,0.22099157937242433
410,0.1517046535038322,0.2201569245309267,0.2494371355457674,0.239497268394746,0.2448756681411077,0.2133101939966128,0.1923554921405166,0.2191609023654029,0.2244423690326361,0.2510454563986464,,,,,,,,,,,0.22059860640501947
411,0.1513577738252566,0.2196840814745358,0.2490364548613888,0.2391406929011726,0.2443911307857851,0.2128909581658687,0.19195647496256,0.2188126302902664,0.2241192968713696,0.2506119500027489,,,,,,,,,,,0.22020014441409524
412,0.1509778058237422,0.2192459679277199,0.248664035052743,0.2387952187340309,0.2438775947951836,0.2124855507038935,0.1915626528248467,0.2184447016652976,0.2237973484221788,0.250211405862087,,,,,,,,,,,0.21980622818117235
413,0.1506596733189397,0.2187734640005423,0.248257036732783,0.2384820803614938,0.2433647775055274,0.2121377063540801,0.1911541635930166,0.218080395030427,0.2234374305890011,0.2497997197715425,,,,,,,,,,,0.21941464472573538
414,0.1503221553301311,0.2182981332472951,0.2479151430426981,0.2381578877631241,0.2429094833773145,0.2117468526495356,0.1907413545052486,0.2177390459791077,0.2230971966141008,0.2494050203222683,,,,,,,,,,,0.2190332272830824
415,0.1499703433340728,0.2178460660849913,0.2475658060792021,0.2378140789812619,0.2424464811611045,0.2113416746116314,0.1903227992793159,0.2174152686603452,0.2227548477907363,0.2489958423588597,,,,,,,,,,,0.2186473208341521
416,0.1496375069734665,0.2174031142093383,0.2472414196781217,0.2374931463552218,0.2420100923670989,0.2109370094235404,0.189945948922579,0.2170554467716472,0.2224556393533358,0.2485875954041371,,,,,,,,,,,0.21827669194584867
417,0.1493165358110995,0.2169650893605259,0.2468768173638,0.2371330071466396,0.2415722452710933,0.2105318907037556,0.1895352951857342,0.2167422212696031,0.2221448992316098,0.2481778174792974,,,,,,,,,,,0.2178995818823158
418,0.1490010273812674,0.2165676625205047,0.246481223740638,0.2367803398852505,0.241063797550038,0.2101652029369411,0.189139648143588,0.2164369248948258,0.2217793229361811,0.2477904895013368,,,,,,,,,,,0.2175205639490571
419,0.1486690496745593,0.2161366957730943,0.2460891211457038,0.2364699504774995,0.2405834633588748,0.2097954888817017,0.1887414213809295,0.2161101339989764,0.221437743867021,0.2474105289399068,,,,,,,,,,,0.21714435974982668
420,0.1483475445098692,0.215661594046338,0.2457101715831947,0.2361278184077066,0.2401438753073448,0.2093944934679491,0.1883018479204358,0.2157904733343329,0.2210841382843833,0.2470367093076187,,,,,,,,,,,0.21675986661691732
421,0.148019870819423,0.2152005164850865,0.2453238046398783,0.235818972598594,0.2396916272922803,0.208992176648374,0.1879180394184814,0.2154301649065834,0.2207735445738347,0.2466537755439853,,,,,,,,,,,0.2163822492926521
422,0.1476918410005635,0.2147376286665448,0.2449813113021511,0.2355030162873048,0.2392119515497494,0.2085996453854019,0.1875579717827349,0.2150876778919212,0.2204951932437954,0.2462536172019586,,,,,,,,,,,0.21601198543121253
423,0.1473338663414934,0.2142617819465695,0.244605172421178,0.235202698927735,0.2387235085731696,0.2081960659495949,0.1872379541168425,0.2147433552691332,0.2201797698638553,0.245826367387874,,,,,,,,,,,0.21563105407974453
424,0.1470124566997775,0.2138276329772063,0.2441984737714159,0.234870728624376,0.2382157462463105,0.2077922849635291,0.1869020956481674,0.2143966093880885,0.2198342918641155,0.2454216548387467,,,,,,,,,,,0.21524719750217333
425,0.1466802412353016,0.2133807491901956,0.2438207394540097,0.2345377405443045,0.2377868558855135,0.2073791646195918,0.1865601600945901,0.2140642237982663,0.2195345910215819,0.2450504464061221,,,,,,,,,,,0.21487949122494773
426,0.146376053155237,0.2129634139684485,0.2434380889718991,0.2342334789377621,0.2373624264630869,0.2069932384110265,0.1862451737451738,0.2137429382866099,0.2191895877690221,0.244697993688264,,,,,,,,,,,0.214524239339653
427,0.1460865087050699,0.2125801239115874,0.2430355525649815,0.2339385802292172,0.2368857460024235,0.2066246013844598,0.1858983801514807,0.2134465177580466,0.2188807577907116,0.2443188095692389,,,,,,,,,,,0.2141695578067217
428,0.1458017988228292,0.2121803817806973,0.2426722775765427,0.2336170478557847,0.2364147508648034,0.2062739400883941,0.1855503600133103,0.2131586361925685,0.2185834550594268,0.2439850947036603,,,,,,,,,,,0.2138237742958017
429,0.1455124214825896,0.2117626720920652,0.2423133436815116,0.2332632413386899,0.2359707926388944,0.205876748095963,0.1851575981095554,0.2128755816642392,0.2182795123208556,0.2436295593125447,,,,,,,,,,,0.21346414707369082
430,0.1452276104472368,0.2113297279920357,0.2419313861388215,0.2328915973302406,0.2354778154847727,0.2054792780219239,0.1848065699651776,0.2125443088666274,0.2179602831515232,0.2432571495440675,,,,,,,,,,,0.2130905726942427
431,0.1449384656306664,0.2108658897915215,0.2415401743711973,0.2325387837679018,0.2349965688725608,0.2050740075245251,0.1844737140267392,0.21225015176542,0.2176361303117799,0.2429002923209114,,,,,,,,,,,0.21272141783832232
432,0.1446533503180906,0.2104072148692019,0.2411630042548046,0.2321747386923633,0.2345910211539343,0.2047113825808345,0.1841426456140776,0.21196262452793,0.2173472666806533,0.242555775239484,,,,,,,,,,,0.2123709023931374
433,0.1443624772313296,0.2099717331842758,0.2408214511381965,0.2318045166903475,0.2341185381261215,0.2043212987354552,0.1838236607457142,0.211625531565092,0.2170618042107224,0.2422118068872022,,,,,,,,,,,0.2120122818514457
434,0.144064394389635,0.2095504575125903,0.2404777591484581,0.2314472460602277,0.2336469017669837,0.2039703494125707,0.1835120673541669,0.2113548232960872,0.2168031232962711,0.2418619818874567,,,,,,,,,,,0.2116689104124448
435,0.1437548359974145,0.2091026426687747,0.2401082379002095,0.2310895575639779,0.2331960647349245,0.2036121213271181,0.1832269307833515,0.2110341851035241,0.2165010820705744,0.2415045610893423,,,,,,,,,,,0.21131302192392115
436,0.1434451933997543,0.2086821813575236,0.2397581981061324,0.2307287111920078,0.2327221423243816,0.2032449605885443,0.1829301413483222,0.2107403141069856,0.2161919666412767,0.2411411769384928,,,,,,,,,,,0.2109584986003421
437,0.1431639027264943,0.2082935387839478,0.2394143488987906,0.2303753885053963,0.232285026695125,0.2029040911015084,0.1826658978845236,0.2104520751575692,0.2158973810435291,0.2407998713509036,,,,,,,,,,,0.21062515221477876
438,0.1428794857244648,0.2079136574847389,0.2390283234129016,0.2299947972575583,0.2318333705409718,0.2025566322756961,0.1824110097163215,0.2101621146245059,0.2155889112969072,0.2404617493059704,,,,,,,,,,,0.21028300516400367
439,0.1425964788912939,0.2075251373191031,0.2386420373320263,0.2296151748403738,0.2313574625524755,0.2022257311890675,0.182156252038676,0.2098525745994399,0.2152732314957104,0.2401039908215702,,,,,,,,,,,0.20993480710797363
440,0.1423440621450562,0.2071494228582354,0.238282115397146,0.2292787803945542,0.2308823361765364,0.2018622201544849,0.1818675525277792,0.2094933075012575,0.2149788723390006,0.2397562815002696,,,,,,,,,,,0.209589495099432
441,0.1420802574122565,0.2067660126547984,0.2379293503529742,0.2289250810347991,0.2304098440506247,0.2015019920813729,0.1815965125398781,0.209185935782459,0.214668363939562,0.2393752012952534,,,,,,,,,,,0.2092438551143978
442,0.141812723465995,0.2063993176793093,0.2375659662257783,0.2285758615572572,0.229946267889626,0.2011758293486609,0.1813499835353519,0.2088778951399554,0.2143622255408459,0.2389944154683283,,,,,,,,,,,0.2089060485851108
443,0.1415463922192826,0.2060187363208497,0.2372090579673573,0.2282309466762343,0.2295181816714549,0.2008201130083058,0.181084970565011,0.2085690946818771,0.2140605839254487,0.2386279491322677,,,,,,,,,,,0.2085686026168089
444,0.1412766785428582,0.2056226228177665,0.2368632757694034,0.2279274174150501,0.2290774824246448,0.2004487393923224,0.1808149248262447,0.2082537550052164,0.2137721755462493,0.2382974747289577,,,,,,,,,,,0.20823545464687135
445,0.1410302830572634,0.2052063994541502,0.2364998845902955,0.2276414212060257,0.228643532901585,0.2000787057593423,0.1805294392023866,0.2079624025480866,0.2134900254116894,0.237966404390245,,,,,,,,,,,0.20790484985210694
446,0.1407663862588181,0.2048165533144401,0.2361477234063845,0.2273527354654844,0.2282204837154981,0.1997015729236795,0.1802649408992157,0.2076915393472901,0.2132184338068187,0.2376443642569687,,,,,,,,,,,0.20758247333945978
447,0.1404900471760631,0.2044571469700285,0.2357884695213462,0.2270555332879072,0.2277774997358047,0.1993499680648953,0.1800059331009052,0.2074195642792189,0.2129344636095752,0.2373027937331791,,,,,,,,,,,0.20725814194789235
448,0.1402118582765204,0.2041087646856412,0.2354358355920128,0.2267786717668008,0.2273468846110262,0.1989262102923521,0.1797387520379885,0.2071246825204704,0.2126242271764061,0.2369716703858343,,,,,,,,,,,0.20692675573450528
449,0.1399817874159505,0.2037392311945385,0.2350988961491221,0.2265135088813646,0.2269017196094949,0.1985702543508986,0.1794887173830324,0.2068550060447677,0.2122988111183876,0.2366650799250264,,,,,,,,,,,0.20661130120725835
450,0.1397391232523398,0.2033307821782759,0.234786583616444,0.2261924195179922,0.2264821930100227,0.1982156567041404,0.1792343476619467,0.2065691515786095,0.2120050606189147,0.2363129887768052,,,,,,,,,,,0.20628683069154913
451,0.1395006873144427,0.202967123255628,0.2344282128989488,0.2258977369790582,0.2261144067212052,0.1978443810117295,0.178972943584373,0.2062737087609517,0.2117162608040388,0.2359601531174873,,,,,,,,,,,0.2059675614447863
452,0.1392618699342109,0.2025597321697553,0.2340687196518372,0.2255598112223119,0.225713356469927,0.1974835904414698,0.1787466624739144,0.2059987401496998,0.2114218554403149,0.2356226145641129,,,,,,,,,,,0.20564369525175538
453,0.139018287526427,0.2021697129556594,0.233707342863813,0.225284617901305,0.2253080154556356,0.1971296579398053,0.1785349033456047,0.2057194132807762,0.2111275830559746,0.235294209689513,,,,,,,,,,,0.2053293744014514
454,0.1387637380497635,0.2017783242663471,0.2333693551289977,0.2249921180755524,0.224866219951747,0.1967740219266957,0.1783016436196021,0.2054517458067565,0.2108580789178937,0.2349876646373005,,,,,,,,,,,0.20501429103806562
455,0.1384808665892113,0.2014524689109735,0.233028502543616,0.224701144378276,0.2244216621054374,0.1964002006615872,0.1780743248990207,0.2052224412750887,0.2105943832774852,0.2346998609249119,,,,,,,,,,,0.20470758555656082
456,0.138183569821965,0.2010496870778625,0.232688746771232,0.2244285250695942,0.2240175505384029,0.1960002278107387,0.177844322551459,0.204941466825562,0.2103218125363865,0.2343961087095941,,,,,,,,,,,0.2043872017712797
457,0.1379138590357203,0.2006688018916189,0.2323505230022053,0.2241645627367531,0.2235676880589673,0.1956339762772461,0.1776075677626619,0.2046614341201524,0.2100887562512579,0.2340934157198857,,,,,,,,,,,0.20407505848564686
458,0.1376430857323643,0.2003373815811095,0.2320121658736606,0.2239278409046718,0.2231539756839845,0.1952751090154926,0.1773509021886863,0.2044055742719008,0.2098424646693919,0.2337836089263569,,,,,,,,,,,0.20377321088476194
459,0.1373612026102093,0.2000212171619878,0.2316892594342806,0.2236957921334479,0.2227184067838384,0.1949367414273931,0.1770954531773169,0.2041359622056873,0.2095830919278498,0.2334544765781928,,,,,,,,,,,0.2034691603440204
460,0.1370806439063189,0.1996550964103578,0.2313766524272144,0.2234523535543611,0.2222506249496008,0.1946054886156462,0.1768760545838624,0.2039088025406175,0.2092983942950927,0.2331462459705474,,,,,,,,,,,0.20316503572536196
461,0.1368391359606539,0.1993231183732862,0.2310564258272162,0.2231969451779214,0.2218701464303767,0.194262840539865,0.1766564087497862,0.2036522089842844,0.2090385392159302,0.2327826720581292,,,,,,,,,,,0.20286784413174494
462,0.1365566608877514,0.1989780679877265,0.2307269239009012,0.222927536092489,0.221439638944784,0.1939144648454993,0.1763745139235295,0.2033907197810326,0.2087498448915386,0.232434109399785,,,,,,,,,,,0.2025492480655037
463,0.1362915697534802,0.198624421814208,0.2304343168806789,0.2226569190981229,0.2210522688678885,0.1935640147477677,0.1761234525434324,0.2031387113076903,0.2084519376480175,0.2321207145350155,,,,,,,,,,,0.2022458327196302
464,0.1360091407240383,0.1982698956086488,0.2301325224644175,0.2223763317821388,0.2206379361731612,0.1932098200198622,0.1758822238289521,0.2029170192725159,0.2081680940781566,0.2318080983657942,,,,,,,,,,,0.20194110823176858
465,0.1357569979439141,0.1978748967168609,0.2298283752426235,0.2221207494742306,0.2202332554679307,0.1928679711132517,0.1756308096165767,0.2026845492892882,0.2078860908092551,0.2315312646519756,,,,,,,,,,,0.20164149603259068
466,0.1355051292349372,0.1974649121495886,0.2295139359306703,0.2218654520398801,0.2198026774034622,0.1925094321462944,0.1753902739733567,0.2024079434934169,0.2076013315760255,0.2312573952819973,,,,,,,,,,,0.20133184832296291
467,0.1352486917881808,0.1970792459228371,0.2291780325616852,0.2216215926327399,0.219393125711758,0.1921258452803461,0.1751550020219245,0.2021193647699918,0.2073192646867744,0.2309715567109772,,,,,,,,,,,0.20102117220872148
468,0.1349811753234222,0.1966996876585165,0.2288206074475272,0.2213416679920327,0.218996328511846,0.1917465523346508,0.1749210016314285,0.2018157908148407,0.2070241473404685,0.2306537027085232,,,,,,,,,,,0.20070006617632563
469,0.1347226645143969,0.1962994318876671,0.2284694815943666,0.2210956427323797,0.2185957001564804,0.1913489860892669,0.1747194315832386,0.2015943472096404,0.206736562945982,0.2303513092557133,,,,,,,,,,,0.20039335579691323
470,0.1344837162460297,0.1959047451864444,0.2281093055118818,0.2208338638050074,0.2182074721558042,0.1909887012102039,0.1744821177051417,0.2013597433120996,0.2064552837480178,0.2300312336751257,,,,,,,,,,,0.2000856182555756
471,0.1342362489879698,0.1955160042014483,0.227768532328789,0.2205649495186664,0.2178269290550037,0.1906396219574465,0.174283135823657,0.2011403556297203,0.2061600663139854,0.2297041212256694,,,,,,,,,,,0.19978399650423556
472,0.1339904857000692,0.1951191165309561,0.2274593954558656,0.220305872015797,0.2174547575778389,0.1902932246572956,0.1740558042202991,0.2008887800168591,0.2058432163716617,0.2293666005859685,,,,,,,,,,,0.19947772531326108
473,0.1337314005189893,0.1947233334860493,0.2271303673719489,0.2200386603235583,0.2170669938118834,0.1899629264683119,0.1738525827108559,0.2006372899503102,0.2055270978033114,0.2290367282045377,,,,,,,,,,,0.1991707380649756
474,0.1334983533552886,0.1943571615247265,0.226825970043113,0.2197697881547829,0.216651558026592,0.1896146664131721,0.1736203230261657,0.2003634505087715,0.2052592245621231,0.2287037308292227,,,,,,,,,,,0.1988664226443958
475,0.1332988778987615,0.1939780017496536,0.2265202113020751,0.2195095283769416,0.2162816344714717,0.1892655481240508,0.1733896466795038,0.2000700172988119,0.204968690338417,0.228392006569402,,,,,,,,,,,0.1985674162809089
476,0.1330597574220077,0.1935898169908267,0.2261992027175394,0.2192477613600549,0.2159256794343845,0.1889336593146156,0.1731460672150008,0.1998082592715385,0.2046881622210745,0.2280482319290212,,,,,,,,,,,0.19826465978760638
477,0.1328069244051045,0.1932085824182595,0.2258726654724173,0.2190043049884609,0.2155398819059824,0.1885845301680764,0.1728987017892714,0.1995379182096653,0.2043863874652648,0.227735694780094,,,,,,,,,,,0.19795755916025964
478,0.1325636983917239,0.1928380791924567,0.2255289390982473,0.2187711760463756,0.2151575618360364,0.1882625532944834,0.172690952969945,0.1992911125967091,0.2040630107235959,0.2274381763113122,,,,,,,,,,,0.19766052604608855
479,0.1323240722914167,0.1925039934230216,0.2251961963315763,0.218543508574414,0.2147634556238016,0.1879692658489213,0.1724858423094716,0.1990675267889045,0.2037457860123871,0.2271534481412058,,,,,,,,,,,0.19737530953451204
480,0.132092855689122,0.1921310333170905,0.2249009984013183,0.2182775827680294,0.2143714498438294,0.1876686987052235,0.1722498691802907,0.1988347630322555,0.2033779827657373,0.226840479806831,,,,,,,,,,,0.19707457135097278
481,0.1318599320910647,0.1917861562133488,0.2245836484756807,0.2180387123579012,0.2139701789048393,0.1874108349893252,0.1720221154134364,0.1986070282142253,0.2030654030516103,0.2265383614528958,,,,,,,,,,,0.19678823711643276
482,0.1316248405802308,0.1914530633780775,0.2242248607403968,0.2177849016371894,0.2135554963562315,0.187067137679024,0.1717777033312758,0.1983682957699255,0.2027597053748114,0.2262329159767209,,,,,,,,,,,0.19648489208238834
483,0.1313844644064207,0.1911420340011059,0.2239127065508516,0.2175474738866307,0.2131503496125623,0.1867678881083941,0.1715369895498251,0.1981179195892967,0.2024645480919115,0.2259294954746849,,,,,,,,,,,0.19619538692716837
484,0.1311723137911146,0.1908133589062933,0.2235965314165636,0.2173198593386153,0.2127747039549321,0.1864451849762024,0.1713119066071618,0.1978528015061992,0.2021384407199335,0.2256456987766377,,,,,,,,,,,0.19590707999936535
485,0.1310011441647597,0.1905018730513079,0.2232808154365918,0.2170759912891922,0.2123965254997931,0.1861312825684989,0.1711044026035213,0.1975967317642549,0.2018287280918237,0.2253781537628066,,,,,,,,,,,0.19562956482325503
486,0.1307711345472415,0.1901875713514517,0.2229234622658097,0.2168352359077873,0.2120128447710578,0.1858267322673227,0.1708917215188992,0.1973649495249664,0.2015305797285661,0.2251000532646641,,,,,,,,,,,0.19534442851477665
487,0.130568354789608,0.1898621261871976,0.2225670070254929,0.2166199033851256,0.2116577925560824,0.1855132995543795,0.1706428559029284,0.1971134568348503,0.2012215190777537,0.2248088759375149,,,,,,,,,,,0.19505751912509334
488,0.1303530620910616,0.1895392727035826,0.2222001213668044,0.2163956842035231,0.2113156940662965,0.1852045188442257,0.1704164581619844,0.1968385452508324,0.2009234865620602,0.2245449244208649,,,,,,,,,,,0.1947731767671236
489,0.130132864754381,0.189233988521331,0.2219076220858197,0.2161750346173438,0.2109560722369235,0.1849003291632097,0.1701773818878939,0.1965434059755651,0.2006337627822033,0.2242455204080856,,,,,,,,,,,0.19449059824327566
490,0.1299159006235037,0.1889284250354721,0.2215583833318832,0.2159339239835972,0.2105751101714838,0.1846341039097302,0.1699896723579239,0.1962573519419103,0.2003034048321505,0.2239690115855877,,,,,,,,,,,0.19420652877732425
491,0.1297277139208174,0.1886487577314183,0.2212380232150384,0.2156536308162934,0.2101882489628897,0.1843335071379769,0.1697854960704062,0.1959706373909969,0.2000232163530795,0.2236812214525545,,,,,,,,,,,0.19392504530514712
492,0.129511559096548,0.1883327233912778,0.2208911935220612,0.2153873283317963,0.2098487758041287,0.1840326919042213,0.1695990889397698,0.1957020603629169,0.199707944007616,0.2233560380798667,,,,,,,,,,,0.1936369403440203
493,0.1292954227018989,0.1880141488936399,0.2205596272733839,0.2151505803710965,0.2095046618820112,0.1836991452594,0.1694059110605891,0.1954427212710054,0.1994392801937209,0.2230484951971175,,,,,,,,,,,0.19335599941038634
494,0.1290997445454429,0.187686013672007,0.2202609382495637,0.2149063589467418,0.2091549197219218,0.1833631200309669,0.1692043377438276,0.1951835926324537,0.1991477730201359,0.2227302966590456,,,,,,,,,,,0.19307370952221067
495,0.1288616201279813,0.1873745294259039,0.219940031233185,0.2146735404297428,0.2087945660556445,0.1830305820190537,0.1689503554542671,0.1949384252142377,0.1988579964481616,0.2224191563112044,,,,,,,,,,,0.19278408027193822
496,0.1286228810218402,0.187068506358545,0.2196131158947749,0.2144376063103159,0.2084758404421566,0.1826858201923811,0.1686974765681326,0.1947081293746282,0.1985934257534954,0.2221163009369297,,,,,,,,,,,0.19250191028531996
497,0.1284114876641477,0.1867481246989196,0.2192757197986254,0.2142448676355515,0.2081183609425552,0.182334259496863,0.168438656457549,0.1944550226813323,0.1983475164216834,0.2218149203962696,,,,,,,,,,,0.19221889361934968
498,0.1281915538001152,0.1864374827320511,0.2189435754889613,0.2140363168179283,0.2077812036895973,0.181976781541025,0.1681982257209696,0.1942269175328124,0.1980546867809455,0.2214908227084609,,,,,,,,,,,0.19193375668128668
499,0.1279501727384722,0.1861339057380837,0.2186118099388926,0.2138056473667725,0.207403314821722,0.1816296130674676,0.1679617632252839,0.1939636870897708,0.1977777161843322,0.221184659637796,,,,,,,,,,,0.19164222898085936
500,0.127718799091792,0.1858198605052203,0.2182890194117128,0.2135981711329445,0.2070837818798131,0.1812892511918245,0.1677299185489965,0.193734159802721,0.1975088735514596,0.2208927295586338,,,,,,,,,,,0.1913664564675118
501,0.1274977762546052,0.1855268948509513,0.2179695804298406,0.2134138998586124,0.2067477983293761,0.180949137195768,0.1675126350403969,0.1934702592712827,0.1972391069772572,0.2205849450604087,,,,,,,,,,,0.19109120332684992
502,0.1272890736818222,0.1852218481056526,0.2176674931129475,0.2132238708231791,0.2064104655626233,0.1806105779476448,0.1673077064471604,0.193211954689164,0.1969679716097928,0.2202941327730104,,,,,,,,,,,0.19082050947529972
503,0.1270643575024067,0.1849071744114522,0.2173573608384811,0.2130351443235731,0.2060428495735553,0.1802702719183774,0.1670871775638622,0.1929813065748369,0.1967160385416201,0.2199849594583206,,,,,,,,,,,0.19054466407064857
504,0.1268672605377317,0.1845919226270561,0.2170354141471587,0.2128376883344972,0.2057014705531367,0.1799526351735319,0.1668645648866385,0.1927722554356402,0.1964498374679213,0.219679346505309,,,,,,,,,,,0.19027523956686213
505,0.126654598893766,0.1842707616773897,0.2167088156646988,0.2126509369212144,0.205372875706964,0.1796354256949307,0.1666484212761158,0.1925519568106422,0.1961639678877162,0.2193931529219642,,,,,,,,,,,0.1900050913455402
506,0.1264582457890225,0.1839526644634493,0.216369226573951,0.2124444545753259,0.2050416042659213,0.1792852573412452,0.1664167200263406,0.1923372068036431,0.1958909753315514,0.2191324677402347,,,,,,,,,,,0.1897328822910685
507,0.1262175417906642,0.1836655370549007,0.2160596223515391,0.2122649541844943,0.2047110989304722,0.1789161550665655,0.1661899083492466,0.1920995427585855,0.1956235787421432,0.2188693398082547,,,,,,,,,,,0.1894617279036866
508,0.1259716160717158,0.1833826371886678,0.2157749417907587,0.2120555644016634,0.2043879217825056,0.1785953166039702,0.1659448102032719,0.1918519139920782,0.1953466216250557,0.2186110744342774,,,,,,,,,,,0.18919224180939648
509,0.1257653855734508,0.1831017751044645,0.2154555181332688,0.2118442799360489,0.2040305662155793,0.1782795595617577,0.1657078316220956,0.1916305986987306,0.1950890649531943,0.218342612605136,,,,,,,,,,,0.18892471924037263
510,0.1255492479970728,0.1827955282738591,0.2151446306442821,0.2116339604765174,0.2036710899869214,0.1779748359330213,0.1654901951147589,0.1913839469131134,0.1948077668789851,0.2180791060085296,,,,,,,,,,,0.1886530308227061
511,0.1253372534823516,0.1824971426862735,0.2148373054482895,0.2113955915802788,0.2033215242063379,0.1776634896684975,0.1652615103275498,0.1911236316490752,0.1945327418744482,0.2178168559049153,,,,,,,,,,,0.18837870468280174
512,0.1251103184972405,0.182172686024506,0.2145135777758373,0.2111588752554503,0.2029782743419744,0.1773397970649324,0.1650419942029741,0.1908757509415275,0.1942948797535678,0.2175122052086298,,,,,,,,,,,0.188099835906664
513,0.1248901694463661,0.1818550420133338,0.2141974017229164,0.2109643091000458,0.2026439126718463,0.1769912207712815,0.164788532558408,0.1906247938262436,0.1940161478749009,0.2172008943080719,,,,,,,,,,,0.18781724242934145
514,0.124675803279877,0.1815457306867146,0.213892243784902,0.2107326266394342,0.2023128873509804,0.1766504826413412,0.1645732755823762,0.1903904913828461,0.1937396502757421,0.2168839516156325,,,,,,,,,,,0.1875397143239846
515,0.1244773202586805,0.1812414929336033,0.2135700736740341,0.2105527525214675,0.2019961088978084,0.1763148224799587,0.1643592249978961,0.1901109705965115,0.1934687028444086,0.2165616638417175,,,,,,,,,,,0.18726531330460863
516,0.1242432264232628,0.180956747779623,0.2132658816330737,0.2103556008050832,0.2016698419943703,0.1760176763719032,0.1641371978586143,0.1898495560087249,0.1932407253562314,0.2162728265184597,,,,,,,,,,,0.18700092807493465
517,0.1239986996683929,0.1806768822749373,0.2129949309306121,0.2101385126981146,0.2013394097365426,0.1757290053943742,0.1639552866217417,0.1895813624490414,0.1929794894065619,0.2159428842162579,,,,,,,,,,,0.18673364633965767
518,0.1238007320164419,0.1803768529905066,0.2127123294017977,0.2099193757409857,0.200981435132391,0.1754331758290772,0.1637985128224079,0.189319294054179,0.1927041077859758,0.2156378742697123,,,,,,,,,,,0.18646836900434752
519,0.1235866689756895,0.1800763187777265,0.2124471565651313,0.2097221439022477,0.2006887319597105,0.1751452773164339,0.1636261498439626,0.1890769151911426,0.1924721665470682,0.2153224506956526,,,,,,,,,,,0.18621639797747652
520,0.1234089964624837,0.1797893801915479,0.2121694527561453,0.2095174155190034,0.2003664467511287,0.1748633119450645,0.1634388461599961,0.1888375443244703,0.1922190212874505,0.2150022110461056,,,,,,,,,,,0.1859612626443396
521,0.1232020105953769,0.1794817506177163,0.2118906280545603,0.2093378927948109,0.2000337655718584,0.1745852818319493,0.1632319706112709,0.1885767007502208,0.1919433284461089,0.2146790049117254,,,,,,,,,,,0.18569623341855981
522,0.122989233330714,0.1791887299659204,0.2116178622759103,0.2091245226438695,0.1996838436116887,0.1742701762307599,0.1630220675520421,0.1883390377189243,0.1916775266175265,0.214381446359133,,,,,,,,,,,0.18542944463064887
523,0.1227671423753483,0.178900518111306,0.211303260276033,0.2089280430696906,0.199366934474361,0.1739730316909921,0.1628205018303505,0.1881158733861076,0.1914008320982046,0.2141071248175512,,,,,,,,,,,0.1851683262129945
524,0.122552994303592,0.1786361090095455,0.2109934204731909,0.2087338997753802,0.1990328152266283,0.1736503151593636,0.1626196004028912,0.1878739835274861,0.1911335233108251,0.2138638112960366,,,,,,,,,,,0.18490904724849394
525,0.1223533300548604,0.178324324931915,0.2106932539295128,0.2084990424040594,0.1986807816008645,0.1733527397768108,0.1624415900401301,0.1876169320959967,0.1908574881191307,0.2136162197575927,,,,,,,,,,,0.1846435702710873
526,0.1221391741597709,0.1780196141880873,0.2103974618284056,0.2082934656637917,0.1983511816868791,0.173056715161954,0.1622458996239285,0.1873333517154449,0.190614399457408,0.2132973621103117,,,,,,,,,,,0.18437486255959817
527,0.1219308946366358,0.1777199432353002,0.2101276171598563,0.2080602318081989,0.1980208807890623,0.1727546938427538,0.1620520186677232,0.1870929406364557,0.1903497821146213,0.213013070384833,,,,,,,,,,,0.18411220732754402
528,0.1217209873654655,0.1774362203820558,0.209855161204852,0.2078717509628441,0.1976841273562938,0.1724319988224904,0.1618767726713686,0.1868558922516679,0.1901201633077572,0.2127491070138129,,,,,,,,,,,0.18386021813386083
529,0.1215401191698958,0.1771798028381383,0.2095621347362042,0.2076707173331463,0.1973756586546703,0.1721338933636569,0.1616626183392362,0.1866352359688389,0.189847537201374,0.2124616693012853,,,,,,,,,,,0.18360693869064462
530,0.1213847029504073,0.17689926865764,0.2092863252810578,0.2074706376043603,0.1970932340056227,0.1718437130757737,0.1614454680302911,0.1864044941189325,0.1895578470752182,0.2121593597939944,,,,,,,,,,,0.1833545050593298
531,0.1212203540735598,0.1766143110877528,0.2090048730567122,0.2073076236487769,0.1967677662323995,0.171530865720882,0.1612104035041808,0.1861961432618436,0.189272475657785,0.2118887890645683,,,,,,,,,,,0.18310136053084608
532,0.121057687012524,0.176319481183997,0.2087440008961648,0.2071039150286584,0.1964562757782589,0.1712286211275088,0.160989671559958,0.1859664066627303,0.1890176524511693,0.2116314759975327,,,,,,,,,,,0.18285151876985023
533,0.1208792441044164,0.1760582364878492,0.2084642427222596,0.2069185013344017,0.1961402484306469,0.1708787367659152,0.1607766504073107,0.1857308879452942,0.1887752041791893,0.2113573861550385,,,,,,,,,,,0.18259793385323217
534,0.1206770267521327,0.1757858948242039,0.2081698739491783,0.2067079987492384,0.1958327581512274,0.1705676332590296,0.1605650998281412,0.1855110001608572,0.1885196641872448,0.2110672657905893,,,,,,,,,,,0.1823404215651843
535,0.1204663584241051,0.175518336380772,0.2078874792634636,0.2064861831187042,0.1955421220544569,0.1702420055054604,0.1603571136457983,0.1852733532296544,0.1882872994890307,0.2107824679278987,,,,,,,,,,,0.18208427190393442
536,0.1202524894182667,0.1752321226305875,0.2075923119480424,0.2062879670366698,0.1952300576522806,0.1699674855954931,0.1601383254377469,0.1850728410952491,0.1880222081318855,0.2105036762162225,,,,,,,,,,,0.1818299485162444
537,0.120047715270463,0.174947446052991,0.207313573167125,0.2060712730532786,0.1949237913190012,0.169696716812474,0.1599263417234085,0.1848864610440483,0.1877923747710818,0.2102237011997731,,,,,,,,,,,0.18158293944136444
538,0.1198696609612056,0.1746667206507994,0.2070449948087768,0.2058696763352389,0.1946353271438428,0.1694131136863245,0.1597089986008885,0.1846824243650403,0.1875748232769503,0.2099288390393648,,,,,,,,,,,0.1813394578868432
539,0.119694797097355,0.1744109741640889,0.2067770504913119,0.2056587056335492,0.1943313359044363,0.1691379551976862,0.1594820832861934,0.1844735417533213,0.1873427471217863,0.2096385263616412,,,,,,,,,,,0.18109477170113697
540,0.1195146805917792,0.1741740080081724,0.2065097602231446,0.2054820880571146,0.1940479579922703,0.1688301465623387,0.1592821036896936,0.1842863812517164,0.1870827377792298,0.2093837695363751,,,,,,,,,,,0.18085936336918346
541,0.1193317996570891,0.1739270596023007,0.2062436676679311,0.2052752901945417,0.193754949913031,0.1685002638831876,0.1590852694421237,0.1840913062539196,0.1868334435498277,0.2091107418641063,,,,,,,,,,,0.18061537920280585
542,0.1191406401703113,0.1736859485767722,0.2059898055376207,0.2050809129615854,0.193454114010082,0.1682171475372511,0.15890587327904,0.1838631496775721,0.1865967261555779,0.2088565444642958,,,,,,,,,,,0.18037908623701085
543,0.1189697313412571,0.1734196297294177,0.2057434904809885,0.2048723658277744,0.1931418249783803,0.1679088460009715,0.1586762850274402,0.1836478070334945,0.1863643354985242,0.2085775891397608,,,,,,,,,,,0.18013219050580093
544,0.1188091360672856,0.173166112926192,0.2054733864090481,0.2046812030833422,0.1928555834212081,0.1675994838953315,0.158464161140363,0.1834755997992101,0.1861296211562344,0.2083242657942402,,,,,,,,,,,0.17989785536924555
545,0.1186284732245069,0.1729231455342939,0.205206140589217,0.2044852711130815,0.1925578851891045,0.1672804390277595,0.1582463837172658,0.1832782300158702,0.1859178726708074,0.2080791136365513,,,,,,,,,,,0.1796602954718458
546,0.1184389300482062,0.1726665249714825,0.2049487567946043,0.2042586794580799,0.1922692856384378,0.1669872840878838,0.1580272994666485,0.1830551888773324,0.1857190120671946,0.2078303046582873,,,,,,,,,,,0.17942012660681575
547,0.1182688794644421,0.1723898364557271,0.2046693573688301,0.204077603274096,0.1919698342171604,0.1666948818897637,0.1578191271374593,0.1828399634765188,0.1854828488048572,0.2076071744484671,,,,,,,,,,,0.17918195065373219
548,0.1181045143600576,0.1721101420156171,0.2043985625577282,0.2038798909419684,0.1916933093559342,0.1664076878475772,0.1576243602436653,0.1826047404414981,0.1852806133858523,0.2073729703218779,,,,,,,,,,,0.17894767914717763
549,0.117940093413849,0.1718469868173258,0.2041259003763042,0.2036953378547868,0.1914504243187441,0.1661013612487288,0.1574572724935886,0.1823809000539715,0.1850796293503784,0.2071463242995548,,,,,,,,,,,0.1787224230227232
550,0.1177657354735545,0.1715830104421273,0.2038779978664783,0.2034673857791084,0.1911954635691916,0.1658268328554939,0.1572874755635482,0.182166766858747,0.1848943103535629,0.2069148772893443,,,,,,,,,,,0.17849798560511562
551,0.1176012639666649,0.1713155165349545,0.203589800918836,0.2032326993885964,0.1909360904943508,0.1655324419830326,0.157112521611303,0.1819533391876405,0.1846871596522804,0.2066680866036681,,,,,,,,,,,0.17826289203413273
552,0.1173996233317939,0.1710360440541792,0.2032898146393932,0.203005558943058,0.1906459950281224,0.1652844104702339,0.1569438254458646,0.1817231242398276,0.184490244148476,0.2064037448581741,,,,,,,,,,,0.17802223851591228
553,0.1172332886340707,0.1707514035008503,0.2030206680294944,0.2028019531056975,0.1903724545494464,0.1650406124530476,0.1567692124242886,0.1815058707428964,0.1842548582443373,0.2061301443165234,,,,,,,,,,,0.17778804660006525
554,0.1170818465532478,0.17049092722104,0.2027288164981193,0.2025762697762137,0.1900890248508196,0.1647546695932319,0.1565839058306038,0.1812655564853061,0.1840289929609825,0.2058569856985698,,,,,,,,,,,0.17754569954681346
555,0.1169332670983423,0.1702299946807315,0.2024676678675817,0.2023664774649013,0.1897949182099486,0.1644625342730434,0.1564143334341102,0.1810438320357099,0.1837801275014841,0.2056140826610625,,,,,,,,,,,0.17731072352269156
556,0.1167870328736495,0.1699761095313701,0.2022108313055803,0.2021537903390343,0.1895050987185907,0.1641534237731039,0.1562290031740799,0.1808261541518557,0.183520786340686,0.2053492201528291,,,,,,,,,,,0.17707114503607796
557,0.1166302237346744,0.169738297723167,0.2019398953335186,0.2019615800824388,0.1892096165791913,0.1638675985047037,0.1560348680481939,0.1806037368134281,0.1832743724654132,0.2050721098228746,,,,,,,,,,,0.17683322991076036
558,0.1164790254028415,0.1694836362770371,0.2016525926406058,0.20178353793569,0.1888952570146273,0.1636188888668903,0.1558372058271999,0.1803693502793811,0.1830387463974989,0.2047806571788567,,,,,,,,,,,0.17659388978206286
559,0.1163265095586135,0.1692352824110722,0.201343345651327,0.2016034644872532,0.1886017475075613,0.1633774596951877,0.1556261429367059,0.1801658146852737,0.1828115016695584,0.2045231682370196,,,,,,,,,,,0.17636144368395726
560,0.1161663855600747,0.1689886602261731,0.201068935813878,0.2013831844909987,0.1882906446517449,0.1630884664888867,0.1554508532079715,0.1799675293884203,0.182596922504039,0.2042588810130945,,,,,,,,,,,0.17612604633452816
561,0.1160183549901353,0.1687595063429839,0.200808327730501,0.2011802454637455,0.1880194988640283,0.1628051510572419,0.1552762665735201,0.1797297983878598,0.182373194702463,0.2039982470358028,,,,,,,,,,,0.17589685911482816
562,0.1158728008896238,0.16852313204017,0.2005374719856566,0.2009616851972967,0.1877241924118236,0.1625259091794031,0.1551039391439725,0.1795231575568026,0.1821877821695739,0.2037286105515983,,,,,,,,,,,0.1756688681125921
563,0.1157211565170614,0.1682690849500947,0.2002674631476004,0.2007619634608005,0.1874275818173744,0.1622371169103773,0.1549240636937506,0.1793081101921666,0.1820134699722545,0.2034576738318364,,,,,,,,,,,0.17543876844933168
564,0.1155761785962991,0.1680133649496592,0.1999889401757968,0.2005570746383846,0.1871559450794021,0.1619449631840915,0.1547343503723519,0.1790794526134928,0.1818341546984515,0.2031948171257168,,,,,,,,,,,0.1752079241433646
565,0.1154353247089716,0.1677825194610997,0.1997521188641997,0.2003461316905232,0.1868776735968359,0.1616723928844997,0.154549344426216,0.1788557463069969,0.1816161210362399,0.20291961746039,,,,,,,,,,,0.17498069904359723
566,0.1153046776947647,0.1675300681378672,0.1995059886225797,0.200120805862675,0.1866105436650822,0.1614250726517011,0.1543797603586844,0.1786288819831054,0.1814026164944664,0.2026322039900837,,,,,,,,,,,0.174754061946101
567,0.1151742031980927,0.1672824592389321,0.1992692491284486,0.1999272421502839,0.186359554732072,0.1611445376796909,0.1542059740520969,0.1783912401249522,0.1811728929950848,0.2023358554925278,,,,,,,,,,,0.17452632087921818
568,0.1150347065765475,0.1670384104494132,0.1990407390421474,0.1997068597873043,0.1860860906795477,0.1608695584199782,0.154034415523903,0.1781641115642044,0.1809621990591819,0.2020395463583474,,,,,,,,,,,0.1742976637460575
569,0.1149069222790993,0.1667820789322233,0.1987735502021742,0.19948787186583,0.1858273561495983,0.1606037236334248,0.153845360942733,0.1779688081270568,0.1807242787689969,0.2017452353072681,,,,,,,,,,,0.17406651862084047
570,0.1147611645299144,0.1665083868553969,0.1984970665445128,0.1992720944107289,0.1855414877324081,0.160326116281207,0.1536600485651024,0.1778045484334775,0.1805052383058183,0.2014657996206543,,,,,,,,,,,0.17383419512792206
571,0.1145980877951004,0.166251604351972,0.1982417073692414,0.1990874248954438,0.1852546050938465,0.1600527572191754,0.1534650174282535,0.1776157831220587,0.1803035356415598,0.2011907229731306,,,,,,,,,,,0.17360612458897823
572,0.1144298413610393,0.1660080423922146,0.1979858306253207,0.1988652427109674,0.1849918900293786,0.1597900260917816,0.1533041519196054,0.1774180775377196,0.1800925538544358,0.2009027239710383,,,,,,,,,,,0.17337883804935011
573,0.1142601524156364,0.1657691332374715,0.1977330358588518,0.1986505575988363,0.1847280998255658,0.1595443086252316,0.1531285600816974,0.177230556422552,0.1798652617259226,0.2006233684344252,,,,,,,,,,,0.17315330342261906
574,0.114107591524914,0.1655217778864056,0.1974861835833169,0.1984531873215171,0.1844647089836273,0.1592878300565821,0.1529541070288738,0.1770419014936909,0.1796290764451345,0.2003635077793494,,,,,,,,,,,0.17293098721034114
575,0.1139712151192992,0.165272751009259,0.1972476007621791,0.1982548595921564,0.184218502958196,0.1590384601288063,0.1527897039653474,0.1768515844851553,0.1794137485012535,0.2000998223187405,,,,,,,,,,,0.17271582488403928
576,0.1138371964177592,0.1650600834038385,0.1969979770109613,0.1980522421053713,0.1839558564453617,0.1587861989973917,0.1525670377677565,0.176654308004184,0.1792213743004282,0.1998369254918859,,,,,,,,,,,0.17249691999449382
577,0.1137028102245995,0.1648150669178915,0.1967304433326585,0.1978405826415271,0.1837140263896164,0.1585589140712693,0.1523791557566774,0.1764636963301732,0.1789863012905671,0.1995444885813127,,,,,,,,,,,0.17227354855362925
578,0.1135582139004975,0.1645795582189633,0.1964453306477909,0.1976466054122679,0.1834608269328796,0.1583210893726597,0.1521868917972702,0.1762684546328726,0.1787595470279122,0.1992585837353708,,,,,,,,,,,0.17204851016784847
579,0.1134278261644821,0.1643548946896021,0.1961725757361982,0.1974497620924191,0.1831729148212703,0.1580814539017914,0.1520259102327496,0.1760684526978185,0.1785593056700347,0.1989698299648861,,,,,,,,,,,0.17182829259712523
580,0.1132742107687154,0.1641241479942201,0.1959288713869281,0.1972151826833169,0.1829331645410818,0.157856618739985,0.1518356329949628,0.1758562729605958,0.1783405518576196,0.1986648790621482,,,,,,,,,,,0.17160295329895736
581,0.1131350485673957,0.1638950646400005,0.1956542578583624,0.1970038631699503,0.1826901727821828,0.1576242032686784,0.1516427450007111,0.1756305502004558,0.1781256618577647,0.1983788164250472,,,,,,,,,,,0.1713780383770549
582,0.1130003101405536,0.1636406509948817,0.195383872656583,0.19678730298244,0.1824616528930312,0.1573941681297357,0.151465010470075,0.1754238727351693,0.1779346697691068,0.1981238848691452,,,,,,,,,,,0.17116153956407215
583,0.1128555693114371,0.1634254135463494,0.195133460465727,0.1965599576801668,0.1822332126098231,0.1571711205909174,0.1512689733692482,0.1752126761072077,0.1777437066589314,0.1978749587124966,,,,,,,,,,,0.17094790490523046
584,0.1127194970169611,0.1631994177911536,0.1948699435961714,0.1963225712804262,0.1819765841193746,0.1569399052042766,0.1510810323996585,0.1750114089893963,0.1775649873803989,0.1975813410655597,,,,,,,,,,,0.17072666888433768
585,0.112570453091284,0.1629707989003934,0.1945970801135321,0.196083793471728,0.1817006677525579,0.1566706690767201,0.1508973089786894,0.1748141144115628,0.1773760472872982,0.197294810200095,,,,,,,,,,,0.17049757432838608
586,0.112428843988692,0.1627544615134451,0.19432363628112,0.1958496282669574,0.1814461802794942,0.1563919661939411,0.1507298201993246,0.1745980771540554,0.1771815548455804,0.1970081698879124,,,,,,,,,,,0.17027123386105225
587,0.1122850600513436,0.1625363352777428,0.1940343859371042,0.1956470045342132,0.1811844619707076,0.1561314467079758,0.1505316652828209,0.1743824445969068,0.1769824012015927,0.196755831469736,,,,,,,,,,,0.17004710370301437
588,0.1121100951684502,0.162311487675872,0.1937721285336805,0.195426898088734,0.1809129781772941,0.1559066600911919,0.1503476864645153,0.1741942355838038,0.17680471147184,0.1965055262073357,,,,,,,,,,,0.16982924074627176
589,0.1119752343263158,0.1621004585929054,0.1935153730804789,0.195198178161667,0.1806792848764625,0.1556936051167031,0.1501594028409893,0.1740529732903974,0.1766218248934281,0.196238573199564,,,,,,,,,,,0.16962349083789116
590,0.111837945931113,0.1618837189904564,0.193257726521571,0.1949825700975903,0.1804372102691158,0.1554809535906537,0.1499750799194237,0.1738938971558764,0.176406437676984,0.1959738049584804,,,,,,,,,,,0.16941293451112646
591,0.1116911483348498,0.1616840456496585,0.1929999859653063,0.194751835540157,0.1801640631307577,0.1552705871856638,0.1497936076127422,0.1737145043383206,0.1762054264001618,0.1957198926764481,,,,,,,,,,,0.1691995096834066
592,0.1115407452345222,0.1614692875883506,0.1927368090821748,0.194533701057859,0.1798841460450192,0.1550128594099085,0.1496336537046224,0.1735224361115921,0.1759988627136969,0.1954715812181685,,,,,,,,,,,0.1689804082165914
593,0.1113764070364889,0.1612616149655333,0.1925070299703148,0.1943054439213584,0.1796510822030785,0.1547738342005442,0.1494425267189484,0.1733594184832827,0.1757993943176697,0.1952159467945999,,,,,,,,,,,0.16876926986118188
594,0.1112204324739657,0.1610610556505432,0.1922630607058876,0.1941233525547073,0.1793760295543472,0.1545198609801741,0.149256516475104,0.1732062561625864,0.1756124857373892,0.1949851321023799,,,,,,,,,,,0.16856241823970847
595,0.1110953452319131,0.1608565505701622,0.1920221845497326,0.1939394347962971,0.1791177623470209,0.1542818268363986,0.1490505729003699,0.1730366916518698,0.175433095612738,0.194736956704659,,,,,,,,,,,0.1683570421201161
596,0.110950707705564,0.1606212819484649,0.1917803701126338,0.1937229731824087,0.1788640789803513,0.1540441095080433,0.1488693966600971,0.1728189225820588,0.1752686305599599,0.1944928226845884,,,,,,,,,,,0.168143329392417
597,0.1108102182949947,0.1603849348072174,0.19153372090122,0.1935079266878045,0.178602333121223,0.1538152968119524,0.148672984854964,0.1726450339171813,0.1751009350931276,0.194235429775863,,,,,,,,,,,0.16793088142655482
598,0.1106543059347417,0.1601527414965056,0.1913032216207841,0.1933204098471071,0.1783403687200944,0.1535938631407559,0.1485134254615948,0.1724705425876178,0.1749295516152847,0.1939452217529039,,,,,,,,,,,0.167722365217739
599,0.1105173955930575,0.1599272571176648,0.1910720034679175,0.1931163799924101,0.1780690110082602,0.15336909261773,0.1483409373035193,0.1722817867937314,0.1747302094132282,0.1936921799196552,,,,,,,,,,,0.1675116253227174
600,0.1103476725852647,0.1596882602122124,0.1908254433630561,0.1929378105107224,0.1778073488964091,0.1531419806943155,0.1481499381949714,0.1721130493123112,0.1745229779221586,0.1934795021876405,,,,,,,,,,,0.1673013983879062
601,0.1101967378510173,0.1594493485485921,0.1905809310626455,0.1927369074350427,0.1775433880496331,0.1529113942477661,0.1479797237180987,0.1719308975207099,0.1743314198002491,0.1932550632892946,,,,,,,,,,,0.1670915811523049
602,0.1100636928714833,0.1592414992979671,0.1903387104741726,0.19253736391296,0.1772893014703882,0.1526769285257731,0.147786370433668,0.1717686431118453,0.174123523326597,0.1930525404996655,,,,,,,,,,,0.16688785739245202
603,0.109926622982132,0.1590119323535464,0.1900919764844756,0.1923169142812695,0.1770329761303736,0.1524336997924948,0.1475933481412984,0.171567972042896,0.1739294410230819,0.1928309779036071,,,,,,,,,,,0.1666735861135175
604,0.1097841128841091,0.1588062792846835,0.1898657048088789,0.192106976125262,0.1767742171396378,0.152223727809428,0.1474147404282027,0.1713722698573077,0.173723223191039,0.1926438602537628,,,,,,,,,,,0.16647151117823117
605,0.1096398597393023,0.1585994239886092,0.1896546423671067,0.1918993693552872,0.1765355382600692,0.1519973615718926,0.1472363903939531,0.1711738623274377,0.1735350224544051,0.192440854310569,,,,,,,,,,,0.1662712324768632
606,0.109520885375887,0.1583783305546472,0.1894434265583865,0.191681488128106,0.1762844369521241,0.1517373637726953,0.147089793983186,0.1709894325112702,0.1733288592981806,0.1922483975398903,,,,,,,,,,,0.16607024146743732
607,0.1093970214829819,0.1581443181986041,0.1891901180766493,0.1914871258264642,0.176033048285812,0.1515191953270695,0.1469302704567353,0.1708009164976188,0.1731203415483908,0.1920622645364984,,,,,,,,,,,0.16586846202368247
608,0.1092482422897835,0.1579021221278905,0.1889238289167047,0.191273286630597,0.1757841343900378,0.151305541093953,0.1467536167653297,0.170621330220101,0.1729195889607851,0.1918239179758178,,,,,,,,,,,0.16565556093710004
609,0.1090981347963351,0.1576763294845234,0.1886434135795286,0.1910905409651829,0.1755252379312146,0.1510870922960696,0.1465786328274119,0.1704223522666613,0.1727315180999642,0.1916234183110499,,,,,,,,,,,0.16544766705579417
610,0.1089431349527399,0.1574589546859732,0.188389271440916,0.1909026855288205,0.1752671455035478,0.1508642613741521,0.1464398456036723,0.1702346069408034,0.1725211640748024,0.1913704094575791,,,,,,,,,,,0.16523914795630068
611,0.1088117348157156,0.1572230303805359,0.1881248046180215,0.1907153283873401,0.1750137483098255,0.1506347731847034,0.1462751774649069,0.1700590888682926,0.1722947994501454,0.1911040721592847,,,,,,,,,,,0.16502565576387715
612,0.1086756088032295,0.156991682875045,0.187881396502826,0.190541777843256,0.1747891684228194,0.1503948279670882,0.1461176537554123,0.1698944140395195,0.1720781242006231,0.1908576078969703,,,,,,,,,,,0.16482222623067894
613,0.1085062227944331,0.1567495551843414,0.187623353442086,0.1903620003757647,0.1745450925860686,0.1501543128890283,0.1459638986906679,0.1697263231398106,0.1718580234970386,0.19057274059169,,,,,,,,,,,0.16460615231909292
614,0.1083714952155891,0.1565363886398637,0.1873821272150118,0.1901555576691826,0.1743070431355067,0.1499509887291624,0.1458010703355942,0.1695532399160053,0.1716362730650561,0.1903027686076983,,,,,,,,,,,0.16439969525286702
615,0.1082271307593744,0.1563304196358714,0.1871292084442239,0.1899737803844459,0.1740734174533611,0.1497294930925235,0.1456312236177146,0.1693863602321053,0.1714227426861613,0.1900348534118985,,,,,,,,,,,0.164193862971768
616,0.1080854626560341,0.1561210974081646,0.1868765057910422,0.1897995344462414,0.173834384443308,0.1495111608493134,0.1454750109054652,0.1691994917160109,0.1712353357551151,0.189761514748848,,,,,,,,,,,0.1639899498719543
617,0.1079254005222669,0.1559011769878536,0.1866656525484546,0.1896045345017613,0.1736009660332375,0.149286030506701,0.1452912733312776,0.1690071877574585,0.1710176584199392,0.1895235045174165,,,,,,,,,,,0.16378233851263668
618,0.1077708205047858,0.1556618302970268,0.1864331083657894,0.1894055435956265,0.1733516049694638,0.1490642823098467,0.1451251986536166,0.1688073649328499,0.1708135955547928,0.1892862245924026,,,,,,,,,,,0.16357195737762006
619,0.107621958389348,0.1554372829220899,0.186204754566649,0.1892212984077655,0.1731133019546865,0.1488489997314445,0.1449709748401292,0.1685933073471329,0.1706337276456764,0.1890454246260812,,,,,,,,,,,0.16336910304310032
620,0.1074821800854968,0.1552122881927042,0.1859673589640421,0.1890655669466321,0.1728685108318272,0.1486309644453452,0.144826289465176,0.1684063752471888,0.1704408615828193,0.1887899706452444,,,,,,,,,,,0.16316903664064758
621,0.1073487079032986,0.1549892517353288,0.1857353764787311,0.1888803789919457,0.1726377503704954,0.1483816740765778,0.1446495093722562,0.168236104870264,0.1702502466363561,0.1885509884626941,,,,,,,,,,,0.1629659988897948
622,0.107191207686494,0.1547715230881726,0.1854874373647929,0.1887113916397819,0.1724168442049418,0.1481593625498007,0.1444759234240302,0.1680525021267627,0.1700627473133749,0.1882946207285148,,,,,,,,,,,0.16276235601266664
623,0.1070635634870886,0.1545425826266473,0.1852249131988985,0.1885505140380925,0.1721853511731829,0.1479570651345567,0.1443142410797175,0.1678679329981531,0.169856483091482,0.188048965667942,,,,,,,,,,,0.16256116124957612
624,0.1069573584529528,0.1543492429494719,0.1849705217712147,0.1883506587984806,0.1719563385830355,0.1477480770629823,0.1441527228067575,0.1676752118261661,0.1696540483618422,0.1877918307934197,,,,,,,,,,,0.16236060114063233
625,0.1068411819773859,0.1541192350999856,0.1847405049937161,0.1881595535023258,0.1717341568484974,0.1475244715272212,0.1439986862244897,0.1675022805964047,0.1694351051588108,0.1875436060211238,,,,,,,,,,,0.16215987819499608
626,0.1067309001460822,0.1539051198723362,0.184529050619832,0.1879458397316872,0.1714931607252234,0.1473333794457289,0.1438225521871634,0.1673142478225939,0.1692228147209152,0.1872936602126265,,,,,,,,,,,0.16195907254841888
627,0.1066107221458621,0.1536917408907928,0.1843126260483633,0.1877555835209962,0.1712604329563812,0.1471335253047216,0.1436497028278994,0.1671290623114734,0.1690293082423549,0.1870556475023224,,,,,,,,,,,0.16176283517511672
628,0.1065039470594615,0.1534745627346058,0.1840986312577681,0.1875761231561676,0.1710023500641044,0.1469559911184366,0.1434761112534141,0.1669291963227513,0.1688198845269806,0.1868277031075871,,,,,,,,,,,0.1615664500601277
629,0.1063713775163613,0.1532442436007868,0.1838764148674039,0.1874167219764256,0.1707402558953764,0.1467476264755535,0.1433053889184195,0.1667601631015669,0.1685980293616778,0.1865789958455798,,,,,,,,,,,0.16136392175591516
630,0.1062510657803174,0.1529980471005474,0.183650906325592,0.1872611351307927,0.1704976619305773,0.1465711794662651,0.1431511110437406,0.166553892450476,0.1683910313388535,0.1863142197052012,,,,,,,,,,,0.1611640250272363
631,0.1061303057350359,0.1527553884788808,0.1834210703549673,0.1870993523811526,0.1702783899831659,0.1463751973177827,0.1429829674035691,0.1663708116929046,0.1682060499388443,0.1860330375968674,,,,,,,,,,,0.16096525708831705
632,0.1059989505653577,0.1525232591876826,0.1832101606925641,0.1869281505786288,0.1700591151158119,0.1461930508013348,0.142833671404699,0.1661952790430001,0.1680003391778949,0.1857690794192997,,,,,,,,,,,0.16077110559862734
633,0.1058563678147888,0.152283429008802,0.183013296383167,0.1867566512938563,0.1698261757907775,0.145981706382105,0.1426764686674235,0.165994462277173,0.1678137371951912,0.1855175415989997,,,,,,,,,,,0.1605719836412284
634,0.1057305109840108,0.152067203448851,0.1827946673568431,0.1865395070618571,0.1695989302086691,0.1457688337154893,0.1424891793341264,0.1657935682627955,0.1676468221317162,0.1852812535296175,,,,,,,,,,,0.16037104760339757
635,0.1056136938590607,0.1518622054148018,0.182581270722492,0.1863345402987761,0.1693700895066007,0.1455511380919405,0.1423277910184472,0.1656129693791083,0.1674632832793147,0.1850361516304222,,,,,,,,,,,0.16017531332009644
636,0.1054844186213125,0.1516451185779023,0.1823687038987057,0.1861518362777134,0.1691448069950949,0.1453407230951479,0.1421568795162218,0.165416846514456,0.1672918323379141,0.1847918527383197,,,,,,,,,,,0.15997930185727882
637,0.1053748509635055,0.1514412482530937,0.1821478622631848,0.1859785840137627,0.1688916930187302,0.1451462170009334,0.141986046824643,0.1652367091484414,0.1671042110378661,0.1845576941284676,,,,,,,,,,,0.15978651166526286
638,0.105271445289643,0.1512316117709934,0.1819443159780157,0.1858182072843662,0.1686648442103293,0.14495092412927,0.1418061510446402,0.1650802159699077,0.1668893160544576,0.1843233723126098,,,,,,,,,,,0.15959804040442327
639,0.1051631948338379,0.1510231170429554,0.1817101966499508,0.1856346506573676,0.1684367452014689,0.1447501094771934,0.1416481234799946,0.1649260166030338,0.1666916751078405,0.1840849449560565,,,,,,,,,,,0.15940687740096995
640,0.1050474024285436,0.1508126699919323,0.1814748092496729,0.1854506665943161,0.1682305584104145,0.1445834331994807,0.1414870835723658,0.1647429252604521,0.1664923751859827,0.1838361118580263,,,,,,,,,,,0.15921580357511872
641,0.1049286680433299,0.1506013582095552,0.1812670219440514,0.185279735339137,0.1680132848267868,0.1443953120083097,0.1413389692588131,0.1645567440275152,0.1663020290519001,0.1835646202643739,,,,,,,,,,,0.1590247742973772
642,0.1048050486564996,0.1504007726190431,0.1810685335905603,0.1851106976875883,0.1678051158134037,0.144196227152197,0.1411716154100611,0.1643990162165907,0.1661296720380735,0.1833130826479701,,,,,,,,,,,0.15883997818319875
643,0.1046859457352832,0.150189500359791,0.1808562669274276,0.1849341528896424,0.1675869182752208,0.1440041882908791,0.1410054847309624,0.164236793554904,0.1659171281083931,0.1830813293866887,,,,,,,,,,,0.15864977082591922
644,0.1045871647797926,0.1499754811343379,0.1806475278824957,0.1847475440355515,0.1673714619222347,0.1437873473612994,0.1408620380127709,0.1640828579598961,0.165731915012071,0.1828102990932647,,,,,,,,,,,0.15846036371937144
645,0.1044981761948351,0.1497800291474314,0.1804279154979978,0.1845701930189641,0.1671453687292086,0.1435550642117528,0.1406871519075893,0.1639344519453293,0.1655546294261617,0.1825401320053823,,,,,,,,,,,0.15826931120846524
646,0.1044106408385299,0.149570886050748,0.1802165492957746,0.1843938821028642,0.1669378608722932,0.1433391987108837,0.1405239338864437,0.16377290065555,0.1653691270514586,0.1823002113350503,,,,,,,,,,,0.1580835190799596
647,0.1043111267477493,0.1493782547838257,0.1799964229593297,0.1842148104890843,0.16672428189609,0.1431362530598207,0.1403579126905043,0.1636210751612594,0.1651819817552689,0.1820523043475378,,,,,,,,,,,0.157897442389047
648,0.1042007182591642,0.1491715126549404,0.1797893024601735,0.1840354893885633,0.1665205962782218,0.1429378622692299,0.1401990412824555,0.1634361498941021,0.1649997111347505,0.1817783866597517,,,,,,,,,,,0.15770687702813527
649,0.104095007929568,0.1489506586802637,0.1795639007874291,0.1838362828935668,0.1662998067823002,0.1427136329055889,0.1400344290790205,0.1632685153748262,0.1648348939221657,0.1814867209316142,,,,,,,,,,,0.15750838492863434
650,0.103991338554715,0.148732356707878,0.1793308667548478,0.1836390268456801,0.1661093856170391,0.1425023760195512,0.1398569622253832,0.1630943435786538,0.164671839650029,0.1812198075590144,,,,,,,,,,,0.15731483035127916
651,0.1038873616163371,0.1485185808374598,0.1791211958173295,0.1834412499462146,0.1658911881193002,0.142292800140534,0.1396807299681081,0.1629370255409395,0.1645112772563879,0.1809500056548738,,,,,,,,,,,0.15712314148974843
652,0.1037876172667849,0.1483124863887867,0.1789136666144594,0.1832443799113012,0.1656823149479156,0.1421028113465833,0.1394969949055109,0.1627844820466481,0.1643188003425882,0.1807037447304455,,,,,,,,,,,0.15693472985010237
653,0.1036690870470903,0.1481127150273194,0.1787284064573438,0.1830533442602282,0.1654836706641919,0.1419009334251716,0.1393128972238308,0.1626246461585088,0.1641424418785519,0.1804485832695874,,,,,,,,,,,0.1567476725411824
654,0.1035418607587593,0.147906822658921,0.1785350967562989,0.1828656958152798,0.1652554470691507,0.1417339546838349,0.1391570900876222,0.1624609151895916,0.1639404011347433,0.1801868937750006,,,,,,,,,,,0.15655841779292023
655,0.1034288035646761,0.1477008359395265,0.1783416713423783,0.1826787427962759,0.1650461924567412,0.1415649774222231,0.1389990002529479,0.1622756546137299,0.163782264033514,0.1799221404081888,,,,,,,,,,,0.15637402828302016
656,0.1033127782866159,0.1474840070444724,0.1781304481901554,0.1824758616885095,0.1648205949958595,0.141366841016666,0.1388433136840232,0.1621003035775858,0.1636128126879468,0.1796829196521459,,,,,,,,,,,0.15618298808239803
657,0.1031966519337267,0.1472852315366779,0.1779271094312676,0.1822794679875205,0.1646041823621057,0.1411704347653473,0.1386920117320635,0.1619177901677458,0.1634524062453678,0.1794324084096884,,,,,,,,,,,0.15599576945715113
658,0.1030856473820176,0.147072597935786,0.1777387552776835,0.1820592585005633,0.1643798145892626,0.1409854271307001,0.1385400774332042,0.1617393414344677,0.1632872682256795,0.1791899752162257,,,,,,,,,,,0.15580781631255902
659,0.1029797980936959,0.1468478447014184,0.1775461362323497,0.181829221464913,0.1641864729957856,0.1407943416959091,0.1383777771400763,0.1615642610826806,0.1631009322790068,0.1789387091012169,,,,,,,,,,,0.15561654947870524
660,0.1028766491856644,0.1466290426018129,0.1773260226383868,0.181635781153366,0.1639731321354885,0.1406189724197916,0.1382110983012171,0.161380299592118,0.1629235907131476,0.1786952980372855,,,,,,,,,,,0.15542698867782784
661,0.1027728249791843,0.1464196288654804,0.1771519706482814,0.1814433086367616,0.1637595708947999,0.1404306712082142,0.1380480205562432,0.1612205637800694,0.1627437329321036,0.1784633609213246,,,,,,,,,,,0.15524536534224626
662,0.1026720447958075,0.146214050523132,0.1769380781772463,0.1812484890336385,0.1635554660505718,0.1402383258498643,0.1378878390879494,0.1610684234627437,0.1625667461467657,0.1782168613300251,,,,,,,,,,,0.15506063244577445
663,0.1025750908121811,0.1459905320863771,0.1767250759809977,0.1810503768051378,0.1633475338377043,0.1400432954074234,0.1377442374408195,0.1609171072898638,0.1623781155312286,0.1779651569018309,,,,,,,,,,,0.15487365220935642
664,0.102476698927111,0.1457726781506558,0.1765167230967158,0.1808371118409432,0.1631363899978582,0.1398550555152132,0.1375706023262812,0.1607593907953926,0.1621961666235749,0.1777277610203016,,,,,,,,,,,0.15468485782940475
665,0.102376860029794,0.1455579573396694,0.1763049483195987,0.1806337910092993,0.1629394343361556,0.1396927433026901,0.1374395842202355,0.1606051299142602,0.1620171978686183,0.1774833133532836,,,,,,,,,,,0.15450509596936046
666,0.1022601853151449,0.1453591071781866,0.1760989987207153,0.1804313774471137,0.1627189480901829,0.1395394407747848,0.1373050709814646,0.1604420132171837,0.1618692895359449,0.177253004248277,,,,,,,,,,,0.15432774355089984
667,0.1021459707586991,0.1451680552579955,0.1758941529785971,0.1802252089589819,0.1625286534579778,0.139386856042662,0.1371694558598977,0.1602888008565817,0.1617277188752,0.1770053883485246,,,,,,,,,,,0.15415402613951174
668,0.1020464056800446,0.1449788053328363,0.1756961310245123,0.1800160974329926,0.1623351629650065,0.1392228308037896,0.1370045676491895,0.1601151739937759,0.1615904966007397,0.1767535576370268,,,,,,,,,,,0.1539759229119914
669,0.1019399275273988,0.1447836322308431,0.1754801740748362,0.1798184271230413,0.1621535790365861,0.1390527374556538,0.1368720769158527,0.1599477737608779,0.1614303212761612,0.1765388824424069,,,,,,,,,,,0.15380175318436579
670,0.1018415661304489,0.1445922346739806,0.1752769232247686,0.1796232528255885,0.1619544378775673,0.138887630025881,0.1367406741646765,0.1597901143142613,0.161260346406309,0.1762961010656495,,,,,,,,,,,0.15362632807091312
671,0.1017296262840206,0.1443889962284598,0.1750775191939442,0.1794278935137204,0.1617529354753652,0.1387204371267618,0.1366066279808309,0.1596299633905941,0.1610836187338333,0.1760758690816007,,,,,,,,,,,0.1534493487009131
672,0.1016262123614011,0.1441897979565548,0.1748644336781835,0.1792276624617388,0.1615641679213743,0.1385540528800209,0.1364659659577846,0.1594486896878066,0.1609211737864615,0.1758546257619767,,,,,,,,,,,0.15327167824533028
673,0.1015369271691389,0.1440052499218549,0.1746416578164255,0.1790029593957778,0.1613560790198022,0.1383815509283793,0.1363146313605743,0.1592747621241281,0.1607661700616276,0.1756109073591349,,,,,,,,,,,0.15308908951568437
674,0.1014360586541451,0.1438022015815742,0.1744422006708664,0.1788045861324667,0.1611586309376159,0.1381994272503327,0.1361412500363552,0.1591115334743978,0.1605995414953862,0.1753471834492749,,,,,,,,,,,0.1529042613682415
675,0.1013370861689817,0.1436076345099574,0.1742343903057369,0.1786065502336689,0.1609615302989573,0.1380181965680574,0.1359713751538658,0.1589500041358371,0.1604417305032036,0.1751173555710634,,,,,,,,,,,0.1527245853449329
676,0.1012403674546429,0.1434228698880906,0.1740326217643173,0.1783907468958376,0.1607756628128119,0.1378265622098838,0.1358236368736713,0.1588104868957415,0.1602721064484674,0.1748675457695574,,,,,,,,,,,0.15254626070130217
677,0.1011602153781578,0.1432198944878854,0.1738214464863608,0.1781926504818071,0.1605883078498999,0.1376432035700449,0.1356673786544819,0.1586661310882381,0.1601092027697424,0.1746103527481747,,,,,,,,,,,0.1523678783514793
678,0.1010629614514154,0.143020606968023,0.1736424595950389,0.1779853364102675,0.1603893950586884,0.1374517467376605,0.1355199645649328,0.1585267551377305,0.1599411777298361,0.1743742722390638,,,,,,,,,,,0.1521914675892657
679,0.1009618834935591,0.1428169296180471,0.1734530562332744,0.177769632111203,0.1601938820180397,0.137270370930788,0.1353434977650854,0.1583596099005663,0.1597816031911862,0.1741531888390632,,,,,,,,,,,0.15201036541008123
680,0.1008733471301317,0.1426274430481571,0.1732736957308824,0.1775580963004276,0.1600120519935738,0.1371010242284985,0.1351698931363771,0.1581875866863608,0.1596040186533778,0.1739321646151933,,,,,,,,,,,0.15183393215229798
681,0.1007742757076818,0.14242494870532,0.1730897557690971,0.1773636135072523,0.1598143604049724,0.1369384231102098,0.1349990924891415,0.1580353179887134,0.1594481446297955,0.173711130194999,,,,,,,,,,,0.1516599062507183
682,0.1006679188270588,0.1422264293386956,0.1728970819962234,0.1771593098239425,0.1596052824583175,0.1367849968772628,0.1348530404998641,0.1578748647715502,0.1592898408327055,0.1734666778970732,,,,,,,,,,,0.15148254433226938
683,0.1005652719619999,0.1420214374350905,0.172709942914247,0.1769549992425119,0.1593840487503878,0.1366353542009494,0.1347052477596838,0.157716331212884,0.1591257569809647,0.173221499120368,,,,,,,,,,,0.1513039889579087
684,0.1004637743153674,0.1418202503900735,0.1725167154285365,0.1767536389269928,0.1591765051142914,0.1364830700627314,0.1345517642071779,0.1575433442480059,0.1589780461858542,0.1729933215197121,,,,,,,,,,,0.15112804303987432
685,0.1003689704629519,0.1416401163531851,0.172304540190461,0.176552012684919,0.1589697279872538,0.1363359386051774,0.13440103198374,0.1573864938728731,0.1588359500273122,0.172778258154393,,,,,,,,,,,0.15095730403222665
686,0.1002775202911985,0.1414615907860458,0.1720970470041352,0.1763526327591914,0.1587705967747901,0.1361869592641756,0.1342568847658473,0.1572166662285369,0.158691236052559,0.1725570737800552,,,,,,,,,,,0.15078682077065347
687,0.1001734893374161,0.141281067798039,0.1719015565398426,0.176153861641775,0.1585687444547898,0.1360357810354285,0.134087505668496,0.1570588312478106,0.1585434716188643,0.1723526390649601,,,,,,,,,,,0.15061569484074216
688,0.1000889323822032,0.1411082888085811,0.1717174081069301,0.1759461554013073,0.1583975941079254,0.1358993577272669,0.1339134149136282,0.1568949810696663,0.158389884976342,0.1721560697323724,,,,,,,,,,,0.1504512087226223
689,0.0999815372452734,0.1409259762168332,0.1715177047670205,0.1757500238985145,0.1582115048795377,0.1357479166008197,0.1337613801476092,0.1567328065038802,0.1582442382981106,0.1719607893488287,,,,,,,,,,,0.15028338779064276
690,0.0998668907523482,0.1407637227254191,0.1713287678213046,0.1755672800527779,0.158013770627252,0.1355838127256007,0.1335937909797147,0.1565893253420964,0.1580747955663935,0.1717403772801894,,,,,,,,,,,0.15011225338730966
691,0.0997798090105018,0.1405833295110539,0.1711165691615717,0.1753780243713706,0.1578197629463656,0.1354208602210744,0.133426498418441,0.1564320001359827,0.1579230348932509,0.1715213132370266,,,,,,,,,,,0.1499401201906639
692,0.0996789965805115,0.140398164650346,0.1709248318802184,0.1751791661530695,0.1576247535802333,0.1352628376733999,0.1332539804127868,0.1562818862327948,0.1577646628757108,0.1713283657599852,,,,,,,,,,,0.1497697645799056
693,0.0995768167853718,0.1402322866901218,0.1707434648145268,0.1750039843532106,0.1574542615413415,0.1350991164720254,0.1330982362234829,0.1561521195824642,0.1575996916079597,0.1711082306839743,,,,,,,,,,,0.1496068208754479
694,0.0994838320019802,0.1400429006839471,0.1705576979459496,0.1748195642637812,0.1572422207308166,0.1349200647001353,0.1329338515504419,0.1559948692278813,0.1574748401124128,0.1708920504667642,,,,,,,,,,,0.149436189168411
695,0.0993747699741946,0.1398489479131913,0.1703725969539418,0.1746420818849202,0.1570458893623217,0.1347506607888695,0.1327643053954146,0.1558477683701342,0.157318765117098,0.1706765445836759,,,,,,,,,,,0.14926423303437616
696,0.0992545765669606,0.139670307247932,0.1701766219512335,0.1744682719801002,0.1568680012263111,0.1345541670809737,0.1325884205168933,0.1557040292842745,0.1571704768765308,0.1704482277347023,,,,,,,,,,,0.14909031004659118
697,0.0991597024660934,0.1394974819629568,0.1699907194883881,0.1742859636221469,0.1566762181547794,0.134382477660795,0.1324375780936823,0.1555595280156581,0.1570343409959878,0.1702064123716061,,,,,,,,,,,0.14892304228320938
698,0.0990633578722393,0.1393300115885355,0.1698181403048119,0.1741065064976699,0.1564828677919921,0.1342220890844989,0.1322584907910767,0.1554020150016627,0.1568983142737686,0.1699998255624407,,,,,,,,,,,0.14875816187686963
699,0.0989675013145097,0.139153418182435,0.1696492633584654,0.1739330824112177,0.1562998807200173,0.1340493387834719,0.1321004573323392,0.1552464133417538,0.1567356441774068,0.1697999221832871,,,,,,,,,,,0.1485934921804904
700,0.0988618819286792,0.1389925607753049,0.1694712335873208,0.1737567411770017,0.1561084438150176,0.1338870761077228,0.13195302520355,0.1550861675524822,0.1565772749697525,0.1695912718676803,,,,,,,,,,,0.1484285676984512
701,0.0987787262913899,0.1388041811147761,0.1692908163844694,0.1735831766672944,0.1559263184197759,0.1337247845222813,0.131785774081774,0.1549405474712345,0.1564196746488465,0.1693929058173303,,,,,,,,,,,0.14826469054191724
702,0.0986757513987802,0.1386165875620284,0.1691135926413389,0.1734030355532075,0.1557449454942595,0.1335495113283494,0.1316216247627164,0.15477926646049,0.1562687687516398,0.1691749021181652,,,,,,,,,,,0.14809479860709754
703,0.098582943459276,0.1384391242043223,0.1689178634074576,0.1732479546305091,0.1555504801194325,0.1333844491552525,0.1314413903750406,0.1546227106349106,0.1561429602920978,0.168966790305831,,,,,,,,,,,0.147929666658413
704,0.0984889598214006,0.138251372246538,0.1687330644660215,0.1730721253209925,0.1553766515877636,0.1332258184052969,0.1312840020780963,0.1544557041289614,0.1560047513959143,0.1687647312257951,,,,,,,,,,,0.14776571806767802
705,0.0984137703631665,0.1380734018883213,0.1685488727400671,0.1728940513770268,0.1552036856118951,0.1330662473422298,0.1311321513044014,0.1542947112192964,0.1558401349773051,0.1685490228924379,,,,,,,,,,,0.14760160497161473
706,0.0983276036832273,0.1378870592546742,0.1683584639302572,0.1727144022258953,0.1550502596675095,0.1329244650545484,0.1309671127047761,0.1541433911328003,0.1556748264663957,0.1683311868278088,,,,,,,,,,,0.14743787709478928
707,0.0982251669818052,0.1376947216493465,0.1681723080761368,0.1725316746634709,0.1548743358100054,0.1327711355198336,0.1308011737233454,0.1540004157353055,0.1555212570528802,0.168113221507576,,,,,,,,,,,0.14727054107197055
708,0.0981300881390286,0.1375246865465558,0.167978161755137,0.1723584711816927,0.1547066401849568,0.1326139943605829,0.1306261392715673,0.1538543890261959,0.1553480307242698,0.1679104709548497,,,,,,,,,,,0.14710510721448364
709,0.0980262478565667,0.1373387387227156,0.1677890479934237,0.1721885156232194,0.1545287612289574,0.132451242177043,0.1304710456757978,0.1537207941293164,0.1551921780479391,0.1677146461816495,,,,,,,,,,,0.14694212176366286
710,0.0979369831706011,0.1371538435929021,0.1675878067759015,0.1720253569194015,0.154364376068073,0.1322939564625144,0.1303048582779375,0.1535708125545187,0.1550376578314446,0.1675452286604215,,,,,,,,,,,0.14678208803137158
711,0.0978427072654518,0.1369704484798261,0.1673981075766131,0.1718892505368883,0.1541805271903757,0.132135538778559,0.1301423551735149,0.1534408077422323,0.1549006536946443,0.167383372910446,,,,,,,,,,,0.14662837693485514
712,0.0977672298604483,0.1368032235694622,0.1672043772686859,0.1717263502788989,0.1540018609633937,0.1319823200654154,0.1299894077363238,0.1533089192975319,0.1547528014267928,0.1672098129415354,,,,,,,,,,,0.14647463034084884
713,0.0976641372518317,0.1366235690562838,0.1670201852801392,0.1715905690232412,0.1538480188402569,0.131826313821527,0.1298459361846571,0.1531452909804521,0.1546058806600905,0.1670234763508565,,,,,,,,,,,0.14631933774493358
714,0.097565145348568,0.1364580297562491,0.1668311002346169,0.1714306642004295,0.153680372498671,0.131673874370727,0.1297071045089455,0.1530160812323495,0.1544573224853724,0.1668493952445157,,,,,,,,,,,0.14616690898804446
715,0.0974791994857122,0.1362790701512885,0.1666583366863859,0.1712699318684293,0.1534968844185767,0.1315205723807382,0.1295662763810827,0.1528851651107902,0.1543266564064905,0.1666659993439614,,,,,,,,,,,0.14601480922334553
716,0.0973965680409063,0.1361032615262932,0.166473561908345,0.1711155299297856,0.1533192161043906,0.1313564813263174,0.12942435108127,0.1527564101171322,0.1541858161559888,0.1664756927451117,,,,,,,,,,,0.14586068889355408
717,0.0973192466443364,0.1359402900775916,0.1662861154191134,0.1709665980865009,0.1531302650525889,0.1311922585336584,0.1292727066768796,0.1526195630482503,0.154049889822147,0.1662922133817234,,,,,,,,,,,0.145706914674279
718,0.0972495564113886,0.1357801036401041,0.1661057886872763,0.1708170400466912,0.152946015022306,0.1310349569217956,0.1291238702256532,0.1524732182880059,0.1539419420753375,0.1660849613094409,,,,,,,,,,,0.14555574526279993
719,0.0971728557331312,0.1356100034977264,0.1659279905243737,0.1706695429634933,0.1527791685946516,0.1308710641244674,0.1289793375279005,0.1523332180342222,0.1538093445696414,0.1659107864866368,,,,,,,,,,,0.14540633120562446
720,0.0971089762008105,0.1354495546791966,0.1657326571651484,0.1705093046252422,0.1526174170536082,0.1307101655134913,0.1288168516568616,0.1521780034878099,0.1536753777187448,0.1657203650195042,,,,,,,,,,,0.14525186731204176
721,0.0970581676646463,0.1352821849698892,0.1655551770855616,0.1703423618804274,0.1524387149471468,0.1305463321575439,0.1286649422232889,0.1520335303509902,0.1535374340976223,0.165529536320716,,,,,,,,,,,0.14509883816978325
722,0.0969889939342724,0.1351209279663459,0.1653739997305966,0.1701763263076331,0.1522574899321718,0.1304052541527448,0.1284986467838383,0.1518866518085715,0.1534097641377773,0.1653341213372233,,,,,,,,,,,0.1449452176091175
723,0.0969163273687893,0.1349596419129103,0.1651995421419622,0.1700267362417437,0.1520754847870623,0.1302614714657021,0.1283427846446628,0.1517505117042275,0.1532743766844692,0.1651505770970854,,,,,,,,,,,0.14479574540486148
724,0.0968403496710949,0.13481082211946,0.1650331135946913,0.1698715070886126,0.1519059285406652,0.1301237388295544,0.1281790413684136,0.1515985204245739,0.1531291311533635,0.164948216181926,,,,,,,,,,,0.14464403689723554
725,0.0967470341107588,0.1346438094660929,0.1648763122483778,0.1697188283859688,0.1517100043643781,0.1299702547985183,0.1280202320905712,0.1514635402170887,0.15301764900266,0.1647424304306325,,,,,,,,,,,0.1444910095115047
726,0.0966531191021668,0.1344720164391198,0.1646975890443739,0.1695520888711678,0.1515455455304317,0.1298303535527757,0.1278511016286422,0.1513302617966672,0.152907834222606,0.1645318777572645,,,,,,,,,,,0.14433717879452157
727,0.0965773159932365,0.1343216836242164,0.1645204179362497,0.1693988181919708,0.1513841628462344,0.1296876425838831,0.1276891205560011,0.1511715428937259,0.1527802289432303,0.164336063577649,,,,,,,,,,,0.1441866997146397
728,0.0964943670105415,0.1341548629970302,0.1643524366421019,0.1692354804879394,0.1512284033819385,0.1295479660250466,0.1275432534379308,0.1510262978196651,0.1526522736583368,0.1641666381327398,,,,,,,,,,,0.14404019795932704
729,0.0964187303057363,0.1339954300101377,0.1641835294677855,0.1690748627032174,0.1510597993168919,0.1294028855466862,0.1274062014356545,0.1508813056569178,0.1525233783486062,0.1639878392128132,,,,,,,,,,,0.14389339620044467
730,0.0963457775584727,0.1338380229916146,0.164021155360795,0.1688992701741877,0.1508837354792543,0.1292672887506479,0.1272473580948943,0.1507341204952324,0.1524127584415811,0.1638123341443412,,,,,,,,,,,0.14374618214910212
731,0.0962522004706353,0.1336746693611381,0.1638627577875571,0.1687569892236881,0.1507054990984208,0.1291170215084224,0.1271043204126961,0.1505874470742138,0.1522838478079836,0.1636298128239018,,,,,,,,,,,0.1435974565568657
732,0.0961588050628861,0.133508988601779,0.1636862811184609,0.16861011495463,0.1505165182928,0.1289859519883038,0.1269362259629797,0.1504486790731444,0.1521529450327841,0.163430011845588,,,,,,,,,,,0.1434434521933356
733,0.0960859157572781,0.1333509394748168,0.1635095731071479,0.1684388986695396,0.150340643574066,0.1288448907071482,0.1267775119767962,0.1503126700614677,0.1520358109228354,0.1632467474416904,,,,,,,,,,,0.1432943601692786
734,0.0960158801666854,0.1331821661701451,0.1633335157841413,0.1683035112130808,0.1501732802079043,0.1286982233122768,0.1266137608850177,0.1501733658268979,0.1519233349165253,0.1630682798978739,,,,,,,,,,,0.14314853183805484
735,0.0959182358519574,0.1330116457313178,0.1631574139850444,0.1681569660091405,0.1500033946206684,0.128545356826229,0.1264641526417148,0.1500387828790758,0.1517972762633306,0.1628832180174693,,,,,,,,,,,0.14299764428259482
736,0.0958274184702693,0.1328410183869517,0.1629881604901822,0.1680024209117968,0.1498227152720395,0.1284015454447205,0.1263170691950338,0.1499010108190873,0.1516500951156702,0.1626983102980847,,,,,,,,,,,0.14284497644038358
737,0.0957200165064953,0.1327066524342883,0.1628176181363042,0.1678525276697577,0.1496426287074611,0.1282600668968493,0.1261501526123521,0.1497709686428416,0.1514996619206353,0.1625072916935948,,,,,,,,,,,0.14269275852205796
738,0.0956251399027365,0.1325596726215698,0.1626613015005831,0.1677017065261539,0.1494710347561781,0.1281152314399378,0.1260167225055535,0.1496440776039548,0.1513592084810515,0.1623260555383504,,,,,,,,,,,0.14254801508760695
739,0.0955496471435239,0.1324129254837591,0.1624844483805452,0.1675459873926347,0.1492936665252332,0.1279624136647859,0.1258715692196999,0.1495082909124399,0.1512389401426136,0.1621263268259679,,,,,,,,,,,0.14239942156912033
740,0.095486435459567,0.1322738177701937,0.1623379795680446,0.1673883991392337,0.1491520554108977,0.1278326033713185,0.125752191352514,0.1493585708658167,0.1510981129406772,0.1619390429777702,,,,,,,,,,,0.14226192088560335
741,0.095417711759463,0.1321143389073611,0.1621699588555957,0.1672289631204186,0.1490142970611596,0.1276939948586779,0.125608140249495,0.1492048961247879,0.1509746711940998,0.1617424834441521,,,,,,,,,,,0.14211694555752108
742,0.0953392950664098,0.1319596395281279,0.1620135124972327,0.167102325631578,0.1488788274724109,0.1275502459991031,0.1254627958760497,0.1490747638436228,0.1508616851738709,0.1615623551125219,,,,,,,,,,,0.14198054462009277
743,0.0952442503032364,0.1318101924535994,0.161846771583932,0.1669406991536605,0.1487228164843334,0.1274133690079563,0.1253214849464053,0.1489472345948374,0.150735249579839,0.161369948216507,,,,,,,,,,,0.14183520163243069
744,0.0951310604670243,0.1316376782400048,0.161682942897352,0.1667986137623607,0.1485672297895016,0.1272762821709561,0.1251733868555621,0.1488243017203517,0.150602212415291,0.1611720342437831,,,,,,,,,,,0.14168657425621872
745,0.0950443335561117,0.1314791125450432,0.1614973617695854,0.1666574437336666,0.1484007577539128,0.1271140499987218,0.1250445044885485,0.1486998185870523,0.1504732851935671,0.1609691406215345,,,,,,,,,,,0.1415379808247744
746,0.0949585518185438,0.1313176934573144,0.1613331067344077,0.1665028974228694,0.1482429843544896,0.1269611842091272,0.1249254023656168,0.1485687479559013,0.1503291617227846,0.160760716859687,,,,,,,,,,,0.14139004469007416
747,0.0948810877670176,0.1311617329198384,0.1611608633392832,0.1663565628902851,0.1480763677427622,0.1268238557043595,0.124798768902944,0.1484298858461407,0.1501994010973524,0.160556014841062,,,,,,,,,,,0.1412444541051045
748,0.0948031545224316,0.1309985258763946,0.1609882503734036,0.1662076455906111,0.147929755513073,0.1266766794564686,0.1246615204882122,0.1482950154808664,0.1500501207659194,0.1603529164473663,,,,,,,,,,,0.14109635845147467
749,0.0947172099529316,0.130851327481527,0.1608260713859377,0.1660769606609002,0.1477672882172616,0.1265094944612116,0.1245408921248434,0.1481576220256521,0.1499183903699369,0.1601593899570943,,,,,,,,,,,0.14095246466372963
750,0.0946486760670784,0.1306827428390903,0.1606490089833911,0.1659393112526919,0.147597912770131,0.1263595475464984,0.1243975655002206,0.1480234775391318,0.1497668891591094,0.1599738259624457,,,,,,,,,,,0.14080389576197888
751,0.0945796569543897,0.1305394071828266,0.1604867351774035,0.1657720935376031,0.1474159332247877,0.1262026096220583,0.1242536698450062,0.1478783318494878,0.1496042701860901,0.1598166720101188,,,,,,,,,,,0.14065493795897716
752,0.0944893947563393,0.1304128287343759,0.1603391110981435,0.1656059065136409,0.147255098212874,0.1260741058245413,0.1241030617523308,0.1477516589290987,0.1494476368292575,0.1596661602343181,,,,,,,,,,,0.140514496288492
753,0.094396492790952,0.1302791555254434,0.1601821227190446,0.1654475202652285,0.1470880227485648,0.1259303775640244,0.1239696863714741,0.1476247028690412,0.1492875975875742,0.159491167899108,,,,,,,,,,,0.1403696846340455
754,0.0943031737207222,0.1301308672881869,0.1600118042478674,0.1652876045791542,0.1469460368771356,0.1258043696434495,0.1238275885871132,0.1474926816005626,0.14912486442019,0.1593222103740478,,,,,,,,,,,0.14022512013384292
755,0.0942337345628954,0.129977618981331,0.1598309477812446,0.1651200153836076,0.1467932338212259,0.1256582251681172,0.123677949542256,0.1473637536344441,0.1489672129775337,0.1591429631003151,,,,,,,,,,,0.14007656549529704
756,0.0941461845229315,0.1298233296854104,0.159647866327101,0.1649700310765393,0.1466186669897908,0.1255253552476399,0.1235281376958609,0.147252154392801,0.1488104933912237,0.1589401519070045,,,,,,,,,,,0.13992623712363034
757,0.0940564928083348,0.129655319682553,0.1594867453840365,0.1648197282601255,0.1464517592468236,0.1253887620609853,0.1233777943240127,0.1471134869676069,0.1486433200479401,0.1587616744451003,,,,,,,,,,,0.13977550832275187
758,0.0939667716515757,0.129512849300757,0.1593237503611672,0.164667589852942,0.1462932910513913,0.125238639907953,0.123219622312644,0.1469772191425841,0.1484851525569179,0.1585929066575788,,,,,,,,,,,0.1396277792795511
759,0.0938710121658751,0.1293772549027645,0.159145759757359,0.1644994346949295,0.1461383133328019,0.1251067119371352,0.1230726548707325,0.1468500543641424,0.1483386261872526,0.1584005166334741,,,,,,,,,,,0.1394800338846467
760,0.0938018161154372,0.1292381964259588,0.1589847051078973,0.1643433853261587,0.1459903287490638,0.1249705823937341,0.1229211037789063,0.1467496650527763,0.1481923150796575,0.1581805431905385,,,,,,,,,,,0.13933726412201286
761,0.0937298953683635,0.1290841774298334,0.1588336966868932,0.1641935840001842,0.1458347350179357,0.1248340064578422,0.1227801938114068,0.1466311021233569,0.1480565628168207,0.1579760211503756,,,,,,,,,,,0.13919539748630122
762,0.0936507356418701,0.1289172356819769,0.1586758881528696,0.1640380745610276,0.1456851486034791,0.1246977870473647,0.1226340213728583,0.14649075082709,0.1479242194494615,0.1577794208821008,,,,,,,,,,,0.13904932822200985
763,0.0935687013979455,0.1287603383209813,0.1585239561379894,0.1638731257184701,0.1455180696216673,0.1245578437937605,0.1225017937681941,0.1463591982468202,0.147775393360031,0.1575866734987825,,,,,,,,,,,0.13890250938646417
764,0.0934870098197988,0.1286143083869564,0.158372052860483,0.1637235564905849,0.1453493823066837,0.1244129080859215,0.1223726022688896,0.1462272556167731,0.1476274362509184,0.157389287798524,,,,,,,,,,,0.13875757998855334
765,0.093398735242835,0.128452725611613,0.1582274243738203,0.1635634247459921,0.1451825697658878,0.1242654450909991,0.1222434915162253,0.1460913848930623,0.1474630158692545,0.1571823410122426,,,,,,,,,,,0.13860705581219318
766,0.0933141309737068,0.1283256471823584,0.1580593408697814,0.1634342779424513,0.145026645775947,0.1241332546319473,0.1221227579832083,0.1459628658899413,0.1473112594703302,0.156958857637442,,,,,,,,,,,0.1384649038357114
767,0.0932286800935169,0.128200078532018,0.1579029850063206,0.1632991012656916,0.1448770196879519,0.1239995392330699,0.1220028264432562,0.1458419256553325,0.147151729068001,0.1567539097924473,,,,,,,,,,,0.1383257794777606
768,0.0931446422347825,0.12806438802978,0.1577378528790298,0.1631516198708574,0.1447309245325037,0.1238787398017076,0.1218715778895669,0.1457308289090238,0.1470059993846784,0.1565446876704928,,,,,,,,,,,0.1381861261202423
769,0.0930637104705704,0.127929105926958,0.1575809741430173,0.1629950709137409,0.1445888754291141,0.1237480583873055,0.1217533137090241,0.1456103818657472,0.1468583114804624,0.1563507267633979,,,,,,,,,,,0.1380478529089338
770,0.092983473150243,0.1277704187811889,0.1574338516162856,0.1628634277601691,0.1444356667985992,0.1235965645025899,0.1216230683414389,0.1454999845406735,0.1467119719130646,0.1561639170496123,,,,,,,,,,,0.13790823444538652
771,0.0928979754244895,0.1276239572584067,0.1572685583783018,0.1627005884146592,0.1442756248426546,0.1234696720674753,0.121508643268727,0.1453917481626068,0.1465667335303514,0.1559833087003227,,,,,,,,,,,0.1377686810047995
772,0.0928311896303841,0.1274752129233235,0.1571343468351442,0.162550598501227,0.1441110040697954,0.1233434213547646,0.1213843563025675,0.1452919905454089,0.1464203109790591,0.1557768212798684,,,,,,,,,,,0.13763192524215426
773,0.092748377494869,0.1273340836963987,0.156982067649746,0.1623856585684445,0.1439506037672839,0.1232223881980964,0.121257544974254,0.1451668736825696,0.1462902493707975,0.1555744754989234,,,,,,,,,,,0.13749123229013832
774,0.0926704982857228,0.1271855098291475,0.1568384370298257,0.1622463288143726,0.1437934778159687,0.1231018269351095,0.1211483277124743,0.1450520184280263,0.1461554641915744,0.1553810478498648,,,,,,,,,,,0.13735729368920863
775,0.0925992732911045,0.1270385267082856,0.156701465560091,0.1620935894023463,0.1436241192295769,0.1229613745240891,0.1210268851267392,0.1449499599085321,0.1460273039308691,0.1551984113578203,,,,,,,,,,,0.13722209090394544
776,0.0925140481911695,0.1268926477824767,0.1565582754181721,0.1619389106832199,0.1434562178042819,0.1228333892874421,0.1209022104356729,0.1448493745768324,0.1458901119718616,0.1550073568936623,,,,,,,,,,,0.13708425430447915
777,0.0924351232944832,0.1267369270786618,0.1564049671983136,0.1617939636336174,0.1433040310984934,0.1226822383151873,0.1207616086641468,0.1447332447735063,0.145746241029298,0.1548195352321944,,,,,,,,,,,0.13694178803179022
778,0.0923710133564807,0.1265912327262197,0.1562560076994496,0.1616393783397121,0.1431430041203299,0.1225417222373332,0.1206412535271583,0.1446033867873117,0.1455931989415639,0.1546314408810455,,,,,,,,,,,0.13680116386166047
779,0.092321407101495,0.1264520885497397,0.1561059588242807,0.1614886821112347,0.1430083963355682,0.1224211626216532,0.1205156969059162,0.1444748307833998,0.1454339609703365,0.1544597420959996,,,,,,,,,,,0.13666819262996235
780,0.0922748534637284,0.1263081936962409,0.1559591563258128,0.1613224574377311,0.1428574014254319,0.1222866992591099,0.1204026178347301,0.1443451838839586,0.1452749190718562,0.1542720098271762,,,,,,,,,,,0.13653034922257762
781,0.0922185838512086,0.1261732318954715,0.1558158797075051,0.1611783651383683,0.1427171913282461,0.1221565292307197,0.1202767650144728,0.1442214903890487,0.1451352909655554,0.1540934555107938,,,,,,,,,,,0.13639867830313898
782,0.0921465518921371,0.1260317347275881,0.1556701004818,0.1610268486009096,0.142568406200361,0.122045758307222,0.1201655898805428,0.1440914353835921,0.1449809473713797,0.1539363316836282,,,,,,,,,,,0.13626637045291606
783,0.0920642095567453,0.1258881270962466,0.1555401082298948,0.1608503216334652,0.142431251187531,0.1219264621775383,0.1200642430805626,0.1439689852418736,0.1448319636845107,0.1537849661737867,,,,,,,,,,,0.13613506380621548
784,0.0919899381148724,0.1257425220207407,0.1554161142536905,0.1606781982152971,0.1422805937139065,0.1218142836819463,0.1199513124798952,0.1438373058351044,0.1446844419713895,0.1536120505397581,,,,,,,,,,,0.1360006760826601
785,0.0919090232066497,0.1255747269042851,0.1552821957189688,0.1605230176978573,0.1421211599255269,0.1216739989836789,0.119828026907348,0.1437394037629563,0.1445447223687786,0.1534351009815034,,,,,,,,,,,0.1358631376457553
786,0.0918392770808652,0.1254141271827927,0.1551375771885216,0.1603889517943143,0.1419684889287411,0.1215512226597069,0.1197153858935271,0.1436412331639216,0.1443883639186295,0.1532597997518682,,,,,,,,,,,0.13573044275628882
787,0.0917715297074583,0.1252624844033923,0.1550071353036889,0.1602605418160293,0.1417974348010297,0.1214473951913065,0.1195933505415176,0.1435466445357814,0.1442165854086181,0.153075367542347,,,,,,,,,,,0.13559784692511692
788,0.0917137507820263,0.1251209790065841,0.1548944486650107,0.1601241930013625,0.1416403074782717,0.1213449626761629,0.1194779632645631,0.1434574456206715,0.1440709543807854,0.1528713173821732,,,,,,,,,,,0.13547163222576114
789,0.0916582020537404,0.1249848685640013,0.1547783745171962,0.1599792113747342,0.1415016300753288,0.121230103173151,0.1193606469407066,0.1433382277234154,0.143948679492655,0.152677519664757,,,,,,,,,,,0.1353457463579686
790,0.0915943004244911,0.124842178559387,0.1546393186257533,0.1598094026746746,0.1413489916020407,0.1211256168150994,0.1192306909378618,0.1432169911507851,0.1438063308764608,0.1525021337566487,,,,,,,,,,,0.13521159554232023
791,0.0915528553747664,0.1247117571804547,0.154510426829985,0.1596429623740383,0.1411867162009054,0.1210230334706048,0.119120588176077,0.1430982044634174,0.143673155534782,0.1522975712877176,,,,,,,,,,,0.13508172708927485
792,0.091492868407668,0.1245766981815063,0.1543738843815867,0.1594761658764842,0.1410137423675092,0.1209249363993625,0.1190130865367585,0.1429781657070324,0.1435429908279378,0.1521008190067102,,,,,,,,,,,0.13494933576925558
793,0.0914342655867058,0.1244575359259006,0.1542351113220556,0.1593316235945937,0.1408545015944672,0.1208261960278856,0.118895333720788,0.1428496854994323,0.1434161015116764,0.1519077727628567,,,,,,,,,,,0.1348208127546362
794,0.091382324100721,0.1243437414992422,0.1540813520581794,0.1591947116818657,0.1407090206427591,0.1207152261538644,0.1187788079571333,0.1427356375048963,0.1432748218332956,0.1517301100450137,,,,,,,,,,,0.13469457534769708
795,0.091339055395243,0.1242180142600766,0.1539326159409495,0.1590282916688589,0.140555662959927,0.1205995399752446,0.1186652701082491,0.142630024140476,0.1431273932876709,0.1515525819171188,,,,,,,,,,,0.13456484496538143
796,0.0912813743547764,0.1240889295290051,0.1537932571576347,0.1588644902150876,0.1403989541388536,0.1204848638712749,0.1185765520299894,0.1425261230086873,0.1429828538795506,0.1513838248495426,,,,,,,,,,,0.13443812230344024
797,0.0912280887395263,0.1239781552106859,0.153646288972631,0.1586952601343728,0.1402461702144063,0.1203565982566046,0.1184737937424274,0.1424081207514771,0.1428501085501392,0.1512071936665388,,,,,,,,,,,0.13430897782388093
798,0.0911610646214016,0.1238613122189427,0.1535088422450434,0.1585343224166523,0.1401061559275845,0.1202382148333531,0.1183749262240171,0.1422981910245885,0.1427260388083104,0.1510195413275559,,,,,,,,,,,0.13418286096474494
799,0.0911026941592584,0.1237375965728978,0.1533786679416168,0.158381502547929,0.1399671304845779,0.1201199614430638,0.1183155232221551,0.1421938897864693,0.1425956783056108,0.1508406980692092,,,,,,,,,,,0.1340633342532788
800,0.0910325942434565,0.1235968895950695,0.1532199499810593,0.1582185812971161,0.1398306178268849,0.120007678312923,0.1182190116658624,0.1420766509501466,0.1424795884468068,0.1506611693970325,,,,,,,,,,,0.13393427317163575
801,0.0909517940834579,0.1234580502354847,0.1530658486644421,0.158088378243297,0.1396738882619699,0.1198890807482776,0.118112721178219,0.1419669168433908,0.1423651448436142,0.1504829354008728,,,,,,,,,,,0.1338054758503026
802,0.0908816542003053,0.1233363098324326,0.1529105753175466,0.1579307648326688,0.139524541271021,0.1197648884173243,0.117994399368337,0.1418549888460276,0.1422297515186056,0.1502896890078747,,,,,,,,,,,0.13367175626121436
803,0.0907986005092496,0.1232123336200011,0.1527499636824023,0.1577813505453974,0.1393687995285565,0.1196498796919412,0.1178775385253004,0.1417491614523617,0.1421021381369345,0.150121692255782,,,,,,,,,,,0.13354114579479265
804,0.0907351254747858,0.1230677948577539,0.1526150051634285,0.1576474667512944,0.1392371070897893,0.1195423448318779,0.117760103496827,0.141647174043984,0.1419741329652429,0.1499498997389581,,,,,,,,,,,0.1334176154413942
805,0.0906608898329822,0.1229151957312042,0.1524881897996318,0.1575075382438116,0.1390793195198089,0.1194392274741449,0.1176599637116314,0.1415482897498654,0.1418426913216932,0.1497838189781669,,,,,,,,,,,0.13329251243629406
806,0.0905828803043851,0.1227752355316285,0.1523667943091501,0.1573633378810059,0.1389380828446479,0.1193325244718568,0.1175564269363894,0.1414521761337034,0.1417002358364931,0.1496255429973453,,,,,,,,,,,0.13316932372466056
807,0.0905216689537063,0.1226435534848964,0.1522314513552957,0.1572366745266919,0.1388035302272145,0.1192221804889759,0.1174682257649179,0.141369728390071,0.1415757286501657,0.1494723166541835,,,,,,,,,,,0.13305450584961187
808,0.0904621336870604,0.1225153871411372,0.1520963053366298,0.1570982644944365,0.1386609727261608,0.1191106106154485,0.1173814964800749,0.1412510574687711,0.1414504471791643,0.1493189416396085,,,,,,,,,,,0.1329345616768492
809,0.0903998545885875,0.122382171985091,0.1519698047502259,0.1569607419896196,0.1385121942445022,0.1189932436345385,0.1172671744606634,0.1411454414294957,0.1413461822193377,0.1491593039934099,,,,,,,,,,,0.13281361132954714
810,0.0903270796299153,0.1222398115760765,0.1518552641726627,0.1568211306495584,0.1383765983312882,0.1188857480999458,0.1171584972012246,0.1410454642913566,0.1412309595180022,0.1490040457020413,,,,,,,,,,,0.13269445991720716
811,0.0902537609890355,0.1220886000386593,0.1517209464611336,0.1566709758790745,0.1382540930682152,0.1187795685524653,0.1170674506050836,0.1409166075070709,0.1411084450529745,0.1488488874429799,,,,,,,,,,,0.13257093355966926
812,0.0901761639826909,0.1219477924945856,0.1515992399783176,0.1565363929151215,0.1381396113872911,0.1186943127461135,0.1169769524891441,0.1408078747983947,0.1409645381831868,0.1486956941975495,,,,,,,,,,,0.13245385731723952
813,0.0900913641919163,0.1218141935715493,0.151474461847043,0.1563947216559419,0.1380080247878034,0.1185969007867971,0.1168700399818425,0.1406991379810816,0.1408306018734667,0.148529164208417,,,,,,,,,,,0.13233086108858588
814,0.0900152743258274,0.1216695785971224,0.1513485951621025,0.1562744658959069,0.1378707179308854,0.1184913923604324,0.1167833958577243,0.1405979653758585,0.140705717751192,0.1483565549954056,,,,,,,,,,,0.13221136582524573
815,0.0899633237756359,0.1215238639810542,0.1512195709786812,0.1561440506033874,0.1377239463583555,0.1183797540048831,0.1166862734571049,0.1404965799788244,0.1405769225254299,0.1481920638053702,,,,,,,,,,,0.13209063494687268
816,0.0898968449768815,0.1213883650032029,0.1510757627664102,0.1560098855919807,0.1375872283163815,0.1182623381040318,0.1165864855346748,0.1403920777050964,0.1404558106503454,0.1480220844058286,,,,,,,,,,,0.1319676883054834
817,0.0898423297286505,0.1212520300232097,0.1509555036607511,0.1558738115052632,0.137431374824086,0.1181568292999367,0.1164884942732115,0.1402864477867619,0.1403378907124971,0.1478683075115675,,,,,,,,,,,0.13184930193259353
818,0.0897914676348983,0.1211012439306445,0.150821015188301,0.1557232208314621,0.1372942531313216,0.1180376347671023,0.1164055992073549,0.1401845288951322,0.140193728947937,0.1477094139381857,,,,,,,,,,,0.13172621064723394
819,0.0897274074282884,0.1209506742164423,0.1507174430274122,0.1555855264103485,0.1371656246472047,0.1179248027181894,0.1163268964044681,0.1400833927470682,0.1400705585377351,0.1475589305926384,,,,,,,,,,,0.13161112567297956
820,0.0896542984626103,0.1208077874467518,0.150592741958185,0.1554605446967464,0.1370186292293315,0.1178241187510923,0.1162409464160168,0.1399756472437908,0.1399518642176132,0.1474087698313077,,,,,,,,,,,0.1314935348253446
821,0.0896032962012861,0.120653708267458,0.1504846383764183,0.1553187804843094,0.1368821198152394,0.1177297533900451,0.1161536290829535,0.1398849220161744,0.1398328282167774,0.1472548585921141,,,,,,,,,,,0.13137985344427755
822,0.0895335238857246,0.1205225599492709,0.1503735570346722,0.1551804427635897,0.1367408804961337,0.1176372904086132,0.1160515878834085,0.1397918224720243,0.139715229343907,0.1471030855987396,,,,,,,,,,,0.13126499798360838
823,0.0894787118095224,0.120406436761915,0.1502550832121097,0.1550342011925641,0.1366092334664459,0.1175224444787008,0.1159483456725054,0.139681460721351,0.1395802668632231,0.1469405403180277,,,,,,,,,,,0.1311456724496365
824,0.0894149449041837,0.1202877650345072,0.1501298726742146,0.1548934754421796,0.1364845138706847,0.1174301554367934,0.1158456512224383,0.1395860585427999,0.1394411124154044,0.1467852081800103,,,,,,,,,,,0.1310298757723216
825,0.0893441737732419,0.1201765016124105,0.1500181332404236,0.1547544776225736,0.1363500194239414,0.1173138051837217,0.115746790663383,0.1395044619596536,0.1392976430748008,0.1466378420741979,,,,,,,,,,,0.13091438486283483
826,0.0892715722974092,0.1200763198106979,0.1498980833417054,0.154611106421202,0.136239132583178,0.1172110299601485,0.1156431981776765,0.1394210790491924,0.1391498640422268,0.1464949356960247,,,,,,,,,,,0.13080163213794616
827,0.0892064155987654,0.1199521960379098,0.149759940364778,0.154457868526085,0.1361222601988021,0.1171068914188026,0.1155417211444938,0.1393381229711667,0.1390128642256708,0.1463288565885997,,,,,,,,,,,0.1306827137075074
828,0.0891480509399383,0.1198324371003472,0.1496130999587235,0.1543156029106619,0.1360017902596612,0.1170001971877273,0.1154489363519242,0.1392565692550704,0.1388714795157753,0.1461707253003842,,,,,,,,,,,0.13056588887802137
829,0.089073890281336,0.1196920673551879,0.1494835526376726,0.1541882488931868,0.135883422900505,0.1168711216959991,0.1153425844439807,0.1391799763803315,0.1387471612627602,0.1460099956185985,,,,,,,,,,,0.13044720214695582
830,0.0890144819110636,0.119550322551499,0.1493446588696662,0.1540659522523006,0.1357609982213317,0.1167560032920145,0.1152354849084723,0.1390866314638543,0.1386230620408865,0.1458619998894113,,,,,,,,,,,0.13032995954005
831,0.0889500705959442,0.1194205571166048,0.1492071066196131,0.1539341821783968,0.1356429485092863,0.1166475699752326,0.1151303107228608,0.1389997115140582,0.1384894142551397,0.1457058817831334,,,,,,,,,,,0.130212775327027
832,0.0888917818463839,0.1193117919033692,0.1490803269964853,0.1537879582825593,0.1355376211169773,0.1165530212495798,0.115032160963817,0.1389035803856893,0.13835183815264,0.145564968472612,,,,,,,,,,,0.1301015049370113
833,0.0888140026589077,0.1191811020730431,0.1489413435397956,0.1536627545056359,0.1354311749441795,0.1164289949655044,0.1149327567044831,0.1388080077929407,0.1382159857513605,0.1454215569995827,,,,,,,,,,,0.12998376799354333
834,0.0887526955050456,0.11904452312564,0.1488151347364723,0.1535395807765112,0.135323720152255,0.1163195834442746,0.1148421568000404,0.138706481638056,0.1380817301744258,0.1452685311987654,,,,,,,,,,,0.12986941375514863
835,0.0886780406220904,0.1189097142051494,0.1486910542825867,0.1533961911752177,0.1352179462633225,0.1162124420827166,0.1147462023454738,0.1386163569691253,0.1379618778679844,0.1451163138953599,,,,,,,,,,,0.12975461397090265
836,0.0886137663847097,0.1187885823420616,0.1485661382744894,0.1532519442421545,0.1351013921967064,0.1161153444104665,0.114633662583675,0.1385306112087271,0.1378362416331498,0.1449666221115289,,,,,,,,,,,0.1296404305387669
837,0.0885423906894043,0.1186588656975863,0.1484341833338369,0.153110813434647,0.1349939270960609,0.1160205468403809,0.114521949267939,0.1384424740782054,0.1377221537284441,0.1448171819576769,,,,,,,,,,,0.1295264486124182
838,0.088480982822502,0.1185385332133515,0.1483025414081751,0.1529736187895515,0.1348839506352166,0.1159121516540646,0.1144167245926074,0.1383526131767799,0.1376006450831143,0.1446893970411551,,,,,,,,,,,0.1294151158416518
839,0.0884364881181055,0.1184162809414729,0.1481872926829936,0.1528487876934761,0.1347679980345424,0.1158039812198239,0.1143122242129923,0.1382579807766104,0.1374820688463928,0.1445345837881312,,,,,,,,,,,0.1293047686314541
840,0.0883778429016629,0.1182854267318109,0.1480525171794752,0.1527181546778103,0.1346396278136679,0.1156916961750489,0.1142086575136892,0.1381672434532171,0.1373562145459577,0.1443898062011799,,,,,,,,,,,0.129188718719352
841,0.088318468989712,0.1181542822902433,0.1479207918087742,0.1525936582305267,0.1345167013358718,0.1155842710300791,0.1140942728055269,0.1380772853504882,0.1372455111330532,0.1442536438528271,,,,,,,,,,,0.12907588868271025
842,0.088249057048562,0.1180193881205264,0.1477847894115743,0.1524501802611702,0.1343922370133914,0.1154699551437416,0.1139831883892725,0.1379806522394032,0.1371319522882718,0.1441307750753358,,,,,,,,,,,0.12895921749912492
843,0.0881857051342746,0.1178863533071506,0.1476585552518264,0.1523217073741824,0.1342785125084516,0.1153688073647489,0.1138730169319651,0.1379095335640113,0.1370131528792589,0.1440076633094072,,,,,,,,,,,0.1288503007625277
844,0.0881181760642508,0.1177641373050178,0.1475434274332825,0.1521910652317559,0.1341736435950896,0.1152661153004135,0.1137701470529452,0.1378258551463935,0.1368948165921881,0.1438840904294657,,,,,,,,,,,0.12874314741508025
845,0.0880693971446875,0.117629696741522,0.1474250626929449,0.1520673360434479,0.1340534847719341,0.1151613252132976,0.1136610708311084,0.1377428777678165,0.1367697791382609,0.1437559387129569,,,,,,,,,,,0.12863359690579768
846,0.0880217578596953,0.1175080469055703,0.147306124829022,0.1519340205558541,0.1339417981343013,0.1150500221049192,0.1135579321438187,0.1376378143609208,0.1366699656804993,0.1436079380922454,,,,,,,,,,,0.12852354206668465
847,0.0879583840680857,0.1173925275045851,0.1471918948442254,0.1517908262520406,0.1338461683281933,0.1149416211710315,0.1134534340760187,0.1375358124728693,0.1365498752251611,0.1434615610323084,,,,,,,,,,,0.1284122104974519
848,0.0879001589755063,0.117275365863308,0.1470747787235653,0.1516595630690115,0.1337297784605577,0.1148348475803993,0.1133524245962833,0.1374313492877594,0.1364335166474047,0.1433186850265919,,,,,,,,,,,0.12830104682303872
849,0.0878357082225018,0.1171528945062206,0.1469512414691476,0.1515428593452901,0.1335937801729379,0.1147225954167859,0.1132631706617857,0.1373488283428261,0.1363052896023347,0.1431782617969448,,,,,,,,,,,0.12818946295367753
850,0.0877759596188403,0.1170254424451432,0.1468344015009785,0.1514348828556713,0.1334591417317492,0.1146211080679852,0.1131633683120122,0.1372537115732409,0.136186285273515,0.1430114316949161,,,,,,,,,,,0.12807657330740518
851,0.0877220729055523,0.1168969662616488,0.1467146055734758,0.1513063392010659,0.1333345190716649,0.1145185406698564,0.113048648976716,0.1371556794730908,0.1360655765253243,0.1428533745148746,,,,,,,,,,,0.127961632317327
852,0.0876644876886618,0.1167708303525439,0.1466029929372276,0.1511705343614693,0.1332040847576983,0.1143852374944404,0.1129314276278111,0.1370556184953764,0.1359528686201106,0.1426763504973476,,,,,,,,,,,0.12784144328326869
853,0.0876055137945898,0.1166491172922138,0.1464729570514359,0.1510454373308876,0.1330796760327345,0.1142697146586418,0.1128017644406786,0.1369439195037826,0.1358405755353975,0.1425217723811445,,,,,,,,,,,0.12772304480215066
854,0.0875459367463699,0.1165418758355234,0.1463436481356647,0.1509197365255491,0.1329416488293988,0.1141570280550129,0.1126913300164675,0.1368366507285409,0.1357276309433565,0.1423678499646276,,,,,,,,,,,0.12760733357805112
855,0.0874725204128677,0.1164353222399157,0.146194223202719,0.150796084441237,0.1328218519608643,0.1140534166633523,0.11259516380587,0.1367134069243145,0.1356211749062103,0.1422207178800064,,,,,,,,,,,0.1274923882437357
856,0.0873995732750053,0.1163145927812082,0.1460708159327825,0.1506855629863692,0.1326890375025121,0.1139549334043445,0.1124902034091961,0.1365769773431771,0.1355090129343862,0.1420593648859754,,,,,,,,,,,0.12737500744549565
857,0.0873342708958048,0.1162041704857928,0.145941095606232,0.1505717900223974,0.1325663919838956,0.1138392834606771,0.1123845355339027,0.1364653141142115,0.1353828628774351,0.1419107893089359,,,,,,,,,,,0.1272600504289285
858,0.0872669692683102,0.1160669603024105,0.1458214628976459,0.1504562039330409,0.1324446383782309,0.1137315884895764,0.1122700331890206,0.1363397219288983,0.1352710767771982,0.1417756388517253,,,,,,,,,,,0.1271444294016057
859,0.0872037299585532,0.1159507225633194,0.1457083038106857,0.1503349074875196,0.1323171148868341,0.1136404249638387,0.1121701582954854,0.1362321376943093,0.135155182575134,0.1416236255225084,,,,,,,,,,,0.12703363077581878
860,0.0871408844388818,0.1158331335824691,0.1455702173616197,0.1501976808817349,0.1321755641854801,0.1135497967050872,0.1120680632820345,0.1361169285233494,0.1350252558783842,0.141454892998323,,,,,,,,,,,0.12691324178373636
861,0.0870645145161827,0.115711245255553,0.1454502871573458,0.150083129432088,0.1320582443097747,0.1134548186506199,0.1119572127149969,0.1360081950188377,0.1349258576323183,0.1413164730647305,,,,,,,,,,,0.12680299777524476
862,0.0869875747967276,0.115584287503749,0.1453216151141065,0.1499673494220239,0.1319530732133027,0.1133571858959953,0.1118493663352441,0.1359095006585828,0.1348222535193623,0.1411758193706654,,,,,,,,,,,0.12669280258297597
863,0.0869110114092838,0.115461930141391,0.1452017171209658,0.1498399857785138,0.1318164000340176,0.113271599971031,0.1117424167709138,0.1358035887530263,0.1347248180256882,0.1410444738013102,,,,,,,,,,,0.12658179418061416
864,0.0868487378216872,0.115353741652202,0.1450830476311408,0.1497203525727455,0.1316976261208137,0.1131775940012089,0.1116321785159209,0.1357019479448253,0.1346131382888064,0.140903179377649,,,,,,,,,,,0.12647315439269996
865,0.0867799754113377,0.1152491365836387,0.1449686596565507,0.1495986018028628,0.1315875259355373,0.1130950185694604,0.1115113558422734,0.135589595587338,0.1344965766822289,0.1407490097027909,,,,,,,,,,,0.12636254557740187
866,0.0867180727619865,0.1151250783055469,0.1448630697147601,0.1494633671886906,0.1314802625834326,0.1130130974813083,0.1113840028810598,0.1354944959287456,0.1343868789696682,0.1406146925224699,,,,,,,,,,,0.12625430183376685
867,0.0866564972667068,0.1149967756095894,0.1447615672801808,0.1493487578890828,0.1313569188806457,0.1129196824863248,0.1112800332113003,0.1353994119876626,0.1342687801834692,0.1404611083821329,,,,,,,,,,,0.12614495331770953
868,0.0865987434150272,0.1148615133691618,0.1446442299849766,0.1492184818056985,0.1312268455627773,0.1128182512511045,0.1111796573993558,0.1352913106853853,0.1341492067718387,0.1403032322543842,,,,,,,,,,,0.126029147249971
869,0.0865268189848424,0.11474076122717,0.144524287048017,0.1490824512723819,0.1311137634464707,0.1127089465865502,0.1110773088130811,0.1351810474952726,0.1340270507422999,0.1401608733900047,,,,,,,,,,,0.12591433090060905
870,0.086474427458594,0.1146328678804337,0.1444062016778499,0.1489593929900172,0.1310045836781803,0.1125987344978645,0.1109842226177326,0.1350752423296549,0.1339181914180786,0.1400084136762315,,,,,,,,,,,0.12580622782246373
871,0.0864273397890205,0.1145164052362198,0.1442610879172707,0.1488374482482304,0.1308953359894955,0.1124947304549189,0.110894319866092,0.1349717674851358,0.1338119631072115,0.1398614692519275,,,,,,,,,,,0.12569718673455227
872,0.086360932111967,0.1144103506947315,0.1441333995637168,0.1487354511844446,0.1307892211461344,0.1124066372631205,0.1108124001196428,0.1348669013214878,0.1336922216562691,0.1397238177187809,,,,,,,,,,,0.12559313327802954
873,0.0863002902389609,0.1142995356138058,0.1440063775932381,0.14860978091677,0.1306794718323259,0.1123165991659969,0.1107259922782031,0.1347523592532833,0.1335825275756036,0.1395748971974211,,,,,,,,,,,0.12548478316656086
874,0.0862335315502552,0.1141800255010593,0.1438735988921614,0.1484935643630204,0.1305773938371014,0.1122195161487832,0.1106117396188271,0.1346541339008202,0.1334877143463366,0.1394274690950364,,,,,,,,,,,0.12537586872534012
875,0.0861706631941062,0.114074213247691,0.1437543564600699,0.1483641209199437,0.130470802116895,0.1121261585835257,0.1105007038860981,0.1345593381859028,0.1333951715788205,0.1392841068174975,,,,,,,,,,,0.12526996349905503
876,0.0861138177222723,0.1139789051232641,0.1436374046596201,0.1482503006827266,0.1303639723301431,0.1120373370775262,0.1103897683005504,0.1344621876167612,0.1332720482998299,0.1391332017993271,,,,,,,,,,,0.1251638943612021
877,0.0860545389530128,0.1138672756415243,0.1435204324736418,0.1481224255484508,0.1302436128828011,0.1119269715471052,0.1103012486948549,0.1343571652824647,0.1331532278855074,0.1389823036946525,,,,,,,,,,,0.12505292026040155
878,0.0859806129462826,0.1137471292155203,0.1433823975983354,0.1479845633333745,0.1301236501404626,0.1118290763591369,0.1102200654300128,0.1342745781529623,0.1330478821362798,0.1388315118190836,,,,,,,,,,,0.12494214671314507
879,0.0859200297724233,0.1136210937196868,0.1432581021968443,0.1478449853699955,0.1300246616476846,0.1117386148630318,0.1101313858910762,0.1341817219728332,0.1329413915057212,0.1386821194928501,,,,,,,,,,,0.1248344106432147
880,0.0858525850661587,0.1134804851039939,0.1431355749402497,0.1477083106099256,0.129907170280781,0.1116575336479635,0.1100622191219058,0.1340976038633473,0.1328326053749269,0.138540160920101,,,,,,,,,,,0.12472742489293534
881,0.0857904948268873,0.1133461020181945,0.1430156665612578,0.1475747736082915,0.1298019745218569,0.1115728864093397,0.109989165809558,0.1339927384741409,0.1327132345822441,0.1384042286402967,,,,,,,,,,,0.12462012654520674
882,0.0857396106714478,0.1132245948339014,0.1428967522203014,0.1474431457314997,0.129696928782622,0.1114972359605799,0.1099044757339522,0.1339033740305403,0.1326077925811074,0.1382676974189753,,,,,,,,,,,0.12451816079649274
883,0.0856958907394984,0.1130950298040224,0.14278639218207,0.1473128408418931,0.1295839680682466,0.1114225070359515,0.1098124584679834,0.1338287185702334,0.1324861183724634,0.1381307439313138,,,,,,,,,,,0.12441546680136759
884,0.0856532923975282,0.1129674981284829,0.1426745110087397,0.1472061057081565,0.1294620894260508,0.1113390207134698,0.1097205944323276,0.1337228517710097,0.1323732797363123,0.1379896850721918,,,,,,,,,,,0.12431089283942694
885,0.0856078063399235,0.1128514538034296,0.142562338502676,0.1470860335498166,0.1293295476694888,0.1112367199878453,0.1096330727604762,0.1336276422267326,0.1322576256598378,0.137836573009566,,,,,,,,,,,0.12420288135097926
886,0.0855503751824251,0.1127472483349906,0.1424402699119551,0.1469785938538916,0.1292209259921982,0.1111451377123603,0.1095317138933421,0.1335498441786571,0.1321501853910629,0.1376987578335327,,,,,,,,,,,0.12410130522844157
887,0.0854856695086873,0.1126397321047692,0.1423208239989128,0.1468605289529868,0.1291164655566139,0.1110496490072017,0.1094392006581868,0.1334560787670507,0.1320490796006338,0.1375623474026352,,,,,,,,,,,0.12399795755576784
888,0.0854402234169066,0.1125292040646263,0.1422027318402278,0.146744043262549,0.1290217433695694,0.1109688273414516,0.109330077705012,0.1333760887560805,0.1319378288586659,0.1374194621967966,,,,,,,,,,,0.12389702308118858
889,0.0853965047494362,0.112418622481324,0.142086251577045,0.146622571522434,0.1289092944256477,0.1108838632453832,0.1092237192621237,0.1332948387636136,0.1318325438393574,0.1372905324018309,,,,,,,,,,,0.12379587422681956
890,0.0853564776627196,0.1123039131535874,0.1419715565166311,0.1465107088795689,0.1288069157612487,0.110818509404947,0.1091359270293502,0.1331988009266716,0.1317240722382655,0.1371506206060821,,,,,,,,,,,0.12369775021790722
891,0.0853116532252242,0.1121835271411585,0.1418454193767802,0.1464027955358111,0.1286833389210593,0.1107508790245196,0.1090506920968935,0.13311614636632,0.1316269931118674,0.1370090780550788,,,,,,,,,,,0.12359805228547124
892,0.0852647243559546,0.1120664502375493,0.1417219473425451,0.1463013013186326,0.1285607683458771,0.1106654916068383,0.1089727415062756,0.1330091533758225,0.1315153385837604,0.1368718631813917,,,,,,,,,,,0.12349497798546472
893,0.0852130960620596,0.1119541198042146,0.1415941708218852,0.1461949166243744,0.1284456180897666,0.1105790610387524,0.1089062618201467,0.1329098293865138,0.131404680881392,0.1367354322407513,,,,,,,,,,,0.12339371867698565
894,0.0851627900471906,0.11183424864141,0.1414785310260781,0.146091640504388,0.1283350044286829,0.1105070177109367,0.1088278457009164,0.1328181511581374,0.1312895103791657,0.1366026369871208,,,,,,,,,,,0.12329473765840267
895,0.0851067472499053,0.1117164001418463,0.1413583156495197,0.1459959359233163,0.1282191264712331,0.1104231715718364,0.1087476990126069,0.1327418657496782,0.1311566487637387,0.1364725922228623,,,,,,,,,,,0.1231938502756543
896,0.085047575127328,0.1116147431086676,0.1412416397070625,0.1458902509285916,0.1281235334238832,0.1103266598265789,0.1086607128808964,0.1326737693819775,0.1310513068789812,0.1363340886735207,,,,,,,,,,,0.12309642799374876
897,0.084993415688972,0.1115141316256864,0.1411242392901673,0.1457663799457635,0.1280206600941555,0.1102239409296403,0.108582209290689,0.1325803239450391,0.1309455056467733,0.1361866535455657,,,,,,,,,,,0.1229937460002452
898,0.0849448063411081,0.111406908784764,0.1409915412385682,0.145655283869876,0.1279185974318939,0.1101235195914088,0.1085014368160256,0.13248238487361,0.1308549562309096,0.1360402465100946,,,,,,,,,,,0.12289196816882589
899,0.0848914974573935,0.1112829879631418,0.1408659733528537,0.1455442298833615,0.127825313633587,0.1100207982788572,0.1084316753533663,0.1323865619909939,0.1307539607811726,0.1359090837072807,,,,,,,,,,,0.12279120824020082
900,0.0848382702074985,0.1111657805062607,0.1407474154251828,0.1454363943217936,0.1277087697219853,0.1099369447442886,0.1083555425747616,0.1322937854236181,0.1306550299166282,0.1357653062569937,,,,,,,,,,,0.12269032390990112
901,0.0847878460899794,0.11105928532529,0.1406262603799078,0.1453330929164282,0.1275975185210805,0.109847222198606,0.1082844624005397,0.1322167896241765,0.1305579239375427,0.1356275254420593,,,,,,,,,,,0.122593792683561
902,0.0847377187457469,0.1109606247688412,0.1405056426503065,0.1452305274814665,0.1274800651233715,0.1097504629547081,0.1082111960751281,0.1321243737798411,0.1304749778884627,0.1354816346067865,,,,,,,,,,,0.12249572240746591
903,0.0846771590693558,0.1108447190175537,0.1403942214008056,0.1451076263491694,0.1273725723766955,0.1096579541609817,0.1081223454503224,0.132025791111815,0.130371925136863,0.1353424501624044,,,,,,,,,,,0.12239167642359665
904,0.0846202043068296,0.1107225197615345,0.1402840000936272,0.1450017300669442,0.1272594461135882,0.1095683535181341,0.1080387615707252,0.1319327204207562,0.1302822648921399,0.1352107062449452,,,,,,,,,,,0.12229207069892242
905,0.0845584561376954,0.110613380823498,0.1401647634202664,0.1449006477091862,0.1271485702536142,0.1094865400668662,0.1079567177814669,0.1318116668527871,0.130202214337897,0.1350873262926273,,,,,,,,,,,0.12219302836759047
906,0.0845027707832363,0.1105052163286237,0.1400479258000557,0.1447768990609989,0.1270431339784826,0.1094030286955728,0.1078695548377233,0.1316963557669032,0.1301146256541562,0.134943057705304,,,,,,,,,,,0.12209025686110567
907,0.0844358800543248,0.110404097134633,0.1399318313724738,0.1446606598347017,0.1269417788847981,0.1093220391171024,0.1077940388742091,0.1315841596003885,0.1300401046516334,0.1348113301204735,,,,,,,,,,,0.12199259196447383
908,0.0843658358807765,0.1102818659200063,0.139820620418835,0.1445508661449365,0.1268444638252818,0.1092443739926854,0.1077136795526404,0.1314891406100641,0.1299495819908607,0.1346689933955224,,,,,,,,,,,0.1218929421731609
909,0.0843007796136292,0.1101812521458177,0.1396812186164407,0.1444522472147947,0.1267452617756566,0.1091631936994357,0.1076194094765237,0.1313999805765154,0.1298450196391181,0.1345474013075323,,,,,,,,,,,0.1217935764065464
910,0.0842355655846242,0.1100766737149337,0.1395621206264733,0.1443473758979193,0.1266444579541953,0.1090843550677748,0.1075323664345676,0.131297728057341,0.1297538025025983,0.1344288616440471,,,,,,,,,,,0.12169633074844746
911,0.0841722542556455,0.1099794568536022,0.1394587370738823,0.144228687849678,0.1265568985929097,0.1089866335877478,0.1074469542244081,0.1312075108321416,0.1296608068136524,0.1343035663701405,,,,,,,,,,,0.12160015064538081
912,0.0841070482246952,0.1098652169746478,0.1393394710672144,0.1441371396665761,0.1264900840733851,0.1089051988177723,0.1073655218634479,0.1310975497771966,0.1295617926868513,0.1341727139025867,,,,,,,,,,,0.12150417370543734
913,0.0840535766841614,0.1097513947996785,0.1392267933055983,0.1440210223161526,0.1263940015115619,0.1088305291057558,0.1072821591222184,0.131006748999769,0.1294692695346927,0.1340517995134021,,,,,,,,,,,0.12140872948929907
914,0.0839968156590977,0.1096306468438982,0.1391112017910059,0.1438908873708651,0.1263205150374985,0.1087480612928281,0.1071782211873481,0.1309087756774394,0.1293825468516071,0.1339247579035652,,,,,,,,,,,0.12130924296151532
915,0.0839382728740342,0.109528997076755,0.1389934102195988,0.1437796025159093,0.126233538805815,0.1086652824551397,0.1070936689665875,0.1308108512087663,0.1292833957667709,0.1338183265126387,,,,,,,,,,,0.12121453464020156
916,0.0838660845054208,0.1094225377581423,0.1388722907948758,0.1436581683857909,0.1261502294262341,0.1085765807915655,0.1070046757603962,0.13072558402476,0.129184095220228,0.1336986474670558,,,,,,,,,,,0.12111588941344693
917,0.0838040321866439,0.109314440162047,0.1387533549750632,0.1435341091657566,0.1260670637865676,0.1084864515032784,0.106926216654425,0.1306403072177598,0.129092880097467,0.1335790632173979,,,,,,,,,,,0.12101979189664065
918,0.0837302055311617,0.1092220116030053,0.1386278096414069,0.1434218429325682,0.1259770778989391,0.108395909518945,0.1068419762152656,0.1305422290644803,0.1290040487446229,0.1334656842632918,,,,,,,,,,,0.12092287954136868
919,0.0836748312879156,0.1091200289546044,0.1385025869349535,0.1433281393416447,0.1258745771380081,0.1083138533065918,0.1067515760420695,0.1304211897560254,0.1289145419129221,0.1333418999336503,,,,,,,,,,,0.12082432246083855
920,0.0836201211370628,0.1090202818191483,0.1383965888999624,0.1432250456266082,0.1257721737970546,0.1082367696528055,0.1066742888994909,0.1302975975495833,0.1288247213568996,0.1332274773752847,,,,,,,,,,,0.12072950661139004
921,0.083554925047739,0.1089310906441537,0.1382803143192231,0.1431216167087475,0.1256791739536939,0.1081618390476916,0.1065935633696048,0.1301785074501043,0.1287474604526607,0.1331184796195628,,,,,,,,,,,0.12063669706131815
922,0.0834970579604947,0.1088378675141965,0.1381599122112744,0.1430253333222295,0.1255760433154068,0.1080697170875603,0.1065112341322138,0.1300660656357496,0.1286799135411391,0.133000360333898,,,,,,,,,,,0.12054235050541626
923,0.0834417200058307,0.1087276158833023,0.138047913413896,0.142930241184915,0.1254767981617108,0.1079705897913228,0.1064330031614247,0.1299621717162324,0.1286099161887665,0.132883014176172,,,,,,,,,,,0.12044829836835733
924,0.0833816927144319,0.1086229366263769,0.1379348194471149,0.1428222741669802,0.1253838245040749,0.1078618959319577,0.1063670360653169,0.1298519504011434,0.1285188100129673,0.1327720225345875,,,,,,,,,,,0.12035172624049514
925,0.0833263712935698,0.1085200533129616,0.1378281302887494,0.1427032769205243,0.1252940044938007,0.1077563406446888,0.1062992517210416,0.1297512509234735,0.1284254932042468,0.1326495653801011,,,,,,,,,,,0.12025537381831575
926,0.0832677594998482,0.1084248639013775,0.1377169835852429,0.14258231533526,0.1251966787803252,0.1076630442838767,0.106218646593046,0.129656452515879,0.1283328530437325,0.1325478169868905,,,,,,,,,,,0.12016074145254785
927,0.0832162296595774,0.1083250969758138,0.1376068096178365,0.1424689792422619,0.1251080546376101,0.1075688036420014,0.1061320936483394,0.1295522894195052,0.1282266446941027,0.1324314184423033,,,,,,,,,,,0.12006364199793518
928,0.083157050987175,0.1082243446184139,0.1375018277668175,0.1423717011554478,0.125010861688594,0.1074905222672298,0.1060519494047737,0.1294492504991984,0.1281458708566275,0.1323161912040187,,,,,,,,,,,0.11997195704482963
929,0.0830981545763428,0.1081260846149243,0.1373901930420042,0.1422750676623215,0.1249201161829462,0.1074025187676907,0.1059792404580758,0.1293463769825696,0.128052636500623,0.1322061401875801,,,,,,,,,,,0.11987965289750782
930,0.08303122896653,0.1080340728559994,0.1372941323422526,0.1421681293371077,0.1248251428966108,0.1073123163971435,0.1058926098481423,0.1292455147847987,0.1279542743571342,0.1321036746393853,,,,,,,,,,,0.11978610964251044
931,0.0829725283330213,0.1079382321481293,0.137189489102253,0.1420674716411963,0.1247295086043567,0.1072433997795221,0.1058140701049482,0.1291556276943644,0.1278428251269677,0.1319967312290427,,,,,,,,,,,0.11969498837638018
932,0.0829129086508379,0.1078356751530776,0.1370942464109623,0.1419515999592157,0.1246489282867408,0.1071581521263804,0.105733178364248,0.1290789147542189,0.1277324546098658,0.1318922410123578,,,,,,,,,,,0.11960382993279053
933,0.0828535166268186,0.1077379053737621,0.136986390075983,0.141827625400152,0.1245513558060825,0.1070820631968743,0.1056652337283132,0.1290093675879857,0.1276316597097863,0.131794142331972,,,,,,,,,,,0.11951392598377297
934,0.0827843135762245,0.1076344438166894,0.1368789682108753,0.141730905511811,0.1244496950963696,0.107006519672353,0.1055915385574633,0.1289153416364571,0.1275270832874778,0.1316873880766417,,,,,,,,,,,0.11942061974423628
935,0.0827293640589155,0.1075365720922728,0.1367655395145935,0.1416320154398657,0.1243459514032714,0.1069278223997146,0.1055325261411246,0.1288247857460371,0.127425352931454,0.1315875442927435,,,,,,,,,,,0.11933074740199925
936,0.0826939013887475,0.1074411477039507,0.1366585318101907,0.1415423405158766,0.1242502064514894,0.1068468106495497,0.1054749761846652,0.1287460317460318,0.1273156734022751,0.1314831565264791,,,,,,,,,,,0.11924527763792558
937,0.0826496842922898,0.1073342440130548,0.1365586152623109,0.1414382524029092,0.1241430677726322,0.106772877330136,0.1053968082354319,0.1286567321331368,0.1272065193114399,0.1313725683980951,,,,,,,,,,,0.11915293691514366
938,0.0826015062089447,0.1072380791672532,0.136467882712171,0.1413227419099489,0.1240364835122895,0.1067019797273067,0.1053030398220775,0.128561545225971,0.1271183752103992,0.1312629004384768,,,,,,,,,,,0.11906145339348384
939,0.0825534965238705,0.1071464629521354,0.1363621044688306,0.141204749361014,0.1239256910429649,0.1066354151558145,0.1052347592756582,0.1284622287045991,0.1270045077524592,0.1311481011801679,,,,,,,,,,,0.11896775164175141
940,0.0824998223752734,0.1070479941921921,0.1362400442619181,0.1410801790801791,0.1238147575932541,0.1065587863975527,0.1051666135260288,0.1283539096605024,0.126900487601206,0.1310251736886061,,,,,,,,,,,0.11886877683767128
941,0.0824469293060154,0.1069503513888224,0.1361305611860035,0.140970143914721,0.1237130056351996,0.1064872713017261,0.105101098065358,0.1282532420293522,0.1267945041854631,0.1309137837076639,,,,,,,,,,,0.11877608907203252
942,0.0823942616355748,0.1068561430817909,0.1360208744641217,0.1408488978889907,0.123597395076389,0.1063956527987005,0.1050223651410129,0.1281611618710803,0.1266892563797912,0.1308076094699768,,,,,,,,,,,0.11867936178074287
943,0.0823363149260903,0.1067715513404212,0.1359148995910783,0.1407302232717765,0.1234809972549571,0.1062987015081341,0.1049365161624668,0.1280557450859908,0.1265833273543251,0.1307063291265492,,,,,,,,,,,0.11858146056217893
944,0.0822865756639947,0.1066794466412575,0.1358168602549629,0.1406308821480755,0.1233723754865471,0.1061973237467545,0.1048489980363741,0.1279481997951626,0.1264697316773687,0.130605819117586,,,,,,,,,,,0.11848562125680835
945,0.0822358610014239,0.1065837155735982,0.1357137501398445,0.1405287320897146,0.1232778682948708,0.106107536291568,0.1047754072233135,0.1278200086239999,0.1263563120779544,0.1305056558910142,,,,,,,,,,,0.11839048472073019
946,0.0821835870801169,0.106486968063202,0.1356092393522389,0.140428368993721,0.1231832295691661,0.1060279340739145,0.1047103701094238,0.127715553487758,0.1262408145300099,0.1303885446622047,,,,,,,,,,,0.1182974609921756
947,0.0821355307181321,0.1063754543045729,0.1355037548518637,0.1403281401545042,0.123089909021569,0.1059420823026182,0.1046293830948174,0.1276044161244821,0.1261412137499498,0.1302683260036485,,,,,,,,,,,0.11820182103261578
948,0.0820941541180258,0.1062647017000568,0.1353976382029915,0.1402241092525554,0.1229812092638972,0.1058575650700767,0.1045393679866258,0.1275080239896515,0.1260406619495205,0.1301535347094659,,,,,,,,,,,0.1181060966242867
949,0.0820424442960218,0.1061775413491476,0.1352863619603176,0.1401222113382436,0.1228658952228477,0.1057661651800293,0.1044587575147815,0.1273977348627394,0.1259284241828663,0.1300441650058732,,,,,,,,,,,0.11800897009128679
950,0.0819968332278739,0.1060897461661706,0.1351709774443205,0.1400113188011074,0.1227653200167346,0.1056875779957773,0.1043788543971372,0.1273095590587267,0.125822626628185,0.1299333134510834,,,,,,,,,,,0.11791661271871165
951,0.08194819110611,0.1059971781318996,0.1350467306282131,0.1399021094010945,0.1226675735801013,0.1055953989287802,0.1043081459117397,0.1272317806768198,0.1257260979519373,0.1298317307296714,,,,,,,,,,,0.11782549370463669
952,0.0818956599251114,0.1058864851521343,0.1349260054091729,0.1398119097872668,0.122562135162785,0.1055091544769132,0.1042376265829381,0.1271467151524986,0.1256319984181303,0.1297109174626315,,,,,,,,,,,0.11773186075295823
953,0.0818329066411371,0.1057912759572153,0.1348071163226309,0.1397229463961767,0.122453919128099,0.10541640580569,0.1041639042272071,0.1270609483081732,0.1255384173106449,0.1296083963319498,,,,,,,,,,,0.1176396236428924
954,0.0817845354316422,0.1056930315690243,0.1346961464272878,0.1396210623150148,0.1223512800441598,0.1053304664111867,0.1041035286923343,0.1269693615948222,0.1254441167534412,0.1295059215638699,,,,,,,,,,,0.11754994508027831
955,0.0817390056246579,0.105591413263148,0.1345876379158048,0.1395283044495028,0.1222600863302182,0.1052504781436505,0.1040261735802612,0.1268850321315828,0.1253493958675913,0.1294098415279206,,,,,,,,,,,0.11746273688343381
956,0.0816782941825822,0.1055064871762573,0.1344724164681588,0.1394310684384066,0.1221684519513166,0.1051704745669089,0.1039528223386837,0.1268186639005631,0.1252704995033212,0.1293088239622956,,,,,,,,,,,0.11737780024884939
957,0.081610063615447,0.1054146296863571,0.1343594673330216,0.1393422755674572,0.1220865511077482,0.105078007646192,0.1038621809260483,0.1267446873189718,0.1251693204123535,0.1291889756448921,,,,,,,,,,,0.11728561592584888
958,0.0815579205176352,0.1053249544370685,0.1342428714892368,0.13923250912026,0.1219984031583014,0.1049921776961414,0.1037732156229425,0.1266581206246718,0.1250742892420693,0.1290818991427073,,,,,,,,,,,0.11719363610510343
959,0.0814948082432307,0.1052267291380815,0.1341419581832235,0.1391432580696454,0.1218895462379724,0.1049027966138552,0.1036872645398665,0.1265754081721068,0.1249847027833818,0.1289740943363027,,,,,,,,,,,0.11710205663176665
960,0.08143729886441,0.1051187218807376,0.134033683882527,0.1390366127417232,0.1218022100593616,0.1048136531656767,0.1035975687153708,0.1264874328602481,0.1248813531083416,0.1288725749422769,,,,,,,,,,,0.11700811102206736
961,0.081377682169176,0.1050238372997355,0.1339313462935962,0.1389366437962328,0.1217148930445935,0.1047394593699091,0.1035220679378895,0.1263965829815904,0.1247704389247506,0.1287681611638746,,,,,,,,,,,0.11691811129813483
962,0.0813240835902706,0.1049330938185772,0.1338204813378612,0.1388448681357766,0.1216210879888807,0.1046374545941644,0.1034400997764944,0.126305576497033,0.1246667393977394,0.1286566891635259,,,,,,,,,,,0.11682501743003233
963,0.0812766611916662,0.1048168532273169,0.1336959643218607,0.1387553354520864,0.1215176670201483,0.1045553379903481,0.1033722122708464,0.1262167592251114,0.12456232489967,0.1285533043475442,,,,,,,,,,,0.11673224199465985
964,0.0812342563252177,0.1047263986373016,0.1335841796688768,0.1386571003675172,0.1214269642495377,0.1044659236777792,0.1033012710996995,0.1261155328853115,0.1244527781488437,0.1284496127796478,,,,,,,,,,,0.11664140178397327
965,0.0811885676191202,0.1046276847720749,0.1334794674132874,0.1385757778568773,0.1213407878610222,0.1043945032495929,0.1032232471595486,0.1260250151313586,0.1243368948199911,0.1283340556694762,,,,,,,,,,,0.11655260015523494
966,0.0811394425495434,0.1045358555187462,0.1333751654013288,0.1384899677508101,0.121234922005937,0.1043149660141338,0.1031529647917692,0.1259340870104245,0.1242271748494366,0.1282198815249124,,,,,,,,,,,0.11646244274170421
967,0.0810983503044695,0.1044454474551926,0.1332737996845401,0.1383890535747326,0.1211228047015191,0.1042339437002505,0.103090891581029,0.125834738804569,0.1241153965702581,0.1280945962731917,,,,,,,,,,,0.1163699022649752
968,0.0810526146349315,0.1043426345061738,0.1331610503390318,0.1382664486281898,0.1210194205271614,0.1041540482270036,0.1030143237894421,0.1257403421897542,0.1239977259611099,0.1279843956433474,,,,,,,,,,,0.11627330044461455
969,0.0810088067091776,0.1042433043314808,0.1330658497098423,0.1381501499779686,0.1209137388337568,0.1040754016841707,0.1029360575290091,0.12564206900453,0.1239021888893401,0.1278880408353086,,,,,,,,,,,0.11618256075045845
970,0.0809633601495086,0.1041461201022768,0.1329567893063077,0.1380395040208483,0.120824892264042,0.1039924008232115,0.1028662319557834,0.1255561545016141,0.123791609065916,0.1277711341995656,,,,,,,,,,,0.1160908196389074
971,0.0809124577798778,0.1040433078430619,0.1328399754629146,0.1379255626308,0.1207471842094207,0.1039162883370542,0.1027911366229751,0.1254758571040726,0.1236893408522611,0.1276670706551837,,,,,,,,,,,0.11600081814976218
972,0.0808723262299869,0.103943174246402,0.1327403838032981,0.1378187937845503,0.1206504410228709,0.1038298318787951,0.1027133675908456,0.1253938611678802,0.1236009135575899,0.1275508734154789,,,,,,,,,,,0.1159113966697698
973,0.0808305771354652,0.1038343101534083,0.1326362007800649,0.1377160764016173,0.1205698702834682,0.1037507183734857,0.1026380598588156,0.1253071195869668,0.123504423561128,0.1274521257772205,,,,,,,,,,,0.11582394819116404
974,0.0807869814228999,0.1037335757954495,0.1325216746236669,0.1376052119226908,0.1204666284060627,0.1036735974745842,0.1025658783796487,0.1252248062781312,0.1234195455177196,0.1273648438468335,,,,,,,,,,,0.1157362743667687
975,0.0807535648644176,0.1036392578869022,0.1324184937904948,0.1374943061716342,0.1203603288544375,0.1036099572507002,0.1024768432279773,0.1251404264330501,0.1233350485442163,0.1272595969535103,,,,,,,,,,,0.11564878239773406
976,0.080711996577689,0.1035522894718143,0.132309250266493,0.137394177205529,0.1202566878095785,0.1035233954836409,0.1023950511606133,0.125044949561573,0.1232479559705798,0.127161713933809,,,,,,,,,,,0.11555974674413198
977,0.0806510186005314,0.1034609866511189,0.1322091512795718,0.1372993765581185,0.1201498318515743,0.1034387367534586,0.1023162564160203,0.1249626152230327,0.1231468526328575,0.1270473126024322,,,,,,,,,,,0.11546821385687163
978,0.0805987713578217,0.1033570059805384,0.1321197714935627,0.1371989205416403,0.1200539722990934,0.1033605033947758,0.1022582234958736,0.1248775555893388,0.1230502416101055,0.1269436572868248,,,,,,,,,,,0.1153818623049575
979,0.0805487784610271,0.103266121848605,0.1320259059467567,0.1371113441710065,0.1199370461953807,0.1032943428164139,0.102188039158815,0.12480403414671,0.1229535504447511,0.1268335916450083,,,,,,,,,,,0.11529627548344742
980,0.0805054877318193,0.1031730356098589,0.131926841843901,0.1370102062803347,0.1198363068584173,0.1032121712302353,0.1021021856336381,0.1247156711017679,0.1228559467731614,0.1267373784843226,,,,,,,,,,,0.11520752315474565
981,0.0804676965957978,0.1030786060695825,0.1318286043282624,0.1369051629904655,0.1197322930875312,0.1031286305072001,0.102014560735606,0.1246476716194277,0.1227497376046596,0.1266290700984188,,,,,,,,,,,0.11511820336369516
982,0.0804275654611827,0.1029888582641621,0.1317261681229085,0.1368001653187799,0.1196263976536759,0.1030455433522142,0.1019350388744798,0.1245628529249911,0.1226366182948412,0.1265155971468914,,,,,,,,,,,0.11502648054141269
983,0.0803821518824349,0.1028847988530353,0.131624333749085,0.1366904721817611,0.1195326105865139,0.1029778662676169,0.10185348310193,0.1244689498928892,0.1225381360359419,0.1263981308056392,,,,,,,,,,,0.11493509333568475
984,0.0803434297781652,0.1027876736486926,0.1315281054240051,0.1365855315177017,0.1194345657171052,0.1029171480708392,0.1017828832624768,0.1243867727554031,0.1224269556009146,0.1262843603281054,,,,,,,,,,,0.11484774261034088
985,0.0802978895661137,0.1027004532173137,0.1314132878371207,0.1364967103362245,0.1193309349383071,0.1028533844733507,0.1017011218341252,0.1243014058303701,0.1223238262106558,0.1261873085059458,,,,,,,,,,,0.11476063227495273
986,0.0802458149021744,0.1026047771256148,0.1313103294406689,0.1364027065049085,0.1192299209904076,0.1027990096772835,0.1016222189272343,0.1242248156115896,0.122221119807935,0.1260879042935502,,,,,,,,,,,0.11467486172813668
987,0.0801946811268517,0.1025169495168755,0.1311984217718266,0.1362881665233055,0.119136921760065,0.1027356671817861,0.1015409279600962,0.1241120421638143,0.1221128373904039,0.1259940869576169,,,,,,,,,,,0.11458307023526418
988,0.0801397714242385,0.1024313816927946,0.1310892102977719,0.1361764358117186,0.1190706502412528,0.102659214508898,0.1014625963548253,0.124005999913283,0.1220257118808992,0.1258993233925659,,,,,,,,,,,0.11449602955182478
989,0.0800848966613672,0.1023495731113583,0.1309948343742077,0.1360722535284716,0.1189814490776883,0.102603414784935,0.1013904784701013,0.1239101555587248,0.1219282146701546,0.1257915897758059,,,,,,,,,,,0.11441068600128146
990,0.0800383244722043,0.1022681082624937,0.1309138420148869,0.1359706932209881,0.1188942641648105,0.1025327398060235,0.1013122203832193,0.1238128187974024,0.121836654995447,0.1257012365858747,,,,,,,,,,,0.11432809027033504
991,0.0799911521333982,0.1021760901846965,0.1308164678436668,0.1358801096818568,0.1187911598887805,0.1024652264298932,0.10124031999033,0.1237290352235808,0.1217396555897033,0.1256084402617516,,,,,,,,,,,0.11424376572276577
992,0.0799457857452652,0.1020843872206245,0.1307185023357426,0.135775798628597,0.118687268857812,0.1023922551162752,0.101165562041227,0.1236573103940945,0.1216470382085952,0.1255239914303464,,,,,,,,,,,0.11415978999785796
993,0.0798990147975992,0.1019937435351235,0.1306182287626139,0.1356621638021904,0.1185891069211599,0.1023193127151942,0.1010998085243433,0.1235759370888739,0.1215558485697775,0.1254246224930891,,,,,,,,,,,0.11407377872099649
994,0.0798645746653184,0.1019046418439292,0.1305286718245135,0.1355572747628751,0.1185089577915464,0.102238086637668,0.1010378250938282,0.1234962782251298,0.1214594770062025,0.1253209564683859,,,,,,,,,,,0.1139916744319397
995,0.0798335889935269,0.1018277842668214,0.1304420005692773,0.135460563138957,0.1184268269952645,0.1021780582683229,0.1009613252899797,0.12340780022455,0.121372050881317,0.1252263112344745,,,,,,,,,,,0.11391363098624911
996,0.0797962831657614,0.101736444211554,0.130343813124812,0.1353682671281066,0.1183329525925849,0.1021196013867573,0.1008981372922589,0.1233261691623364,0.1212686427121845,0.1251342192504748,,,,,,,,,,,0.11383245300268308
997,0.0797611614288668,0.1016636246374542,0.1302380785567933,0.1352704501373941,0.1182369071616582,0.1020487408303712,0.1008400200840397,0.1232559313029851,0.121164814683248,0.1250308175997896,,,,,,,,,,,0.11375105464226003
998,0.0797282723276126,0.1015895624430264,0.1301399749858551,0.1351705522003101,0.1181416243846383,0.1019804633412876,0.1007793679433154,0.1231690457274827,0.121067774960196,0.1249196533799263,,,,,,,,,,,0.11366862916936507
999,0.0797035855526313,0.1015143566617618,0.13004370205564,0.1350623624358033,0.11805473455327,0.1019113207532933,0.100714897007075,0.1230824459014748,0.120966228581813,0.1248323637387937,,,,,,,,,,,0.11358859972415561
1000,0.0796725869870604,0.1014334883859174,0.1299412708433914,0.1349528286888782,0.1179625301470756,0.1018421397735357,0.1006470056233452,0.1229848473117803,0.1208645469759987,0.1247531299580759,,,,,,,,,,,0.11350543746950588
