Timestep,mc_1,mc_2,mc_3,mc_4,mc_5,mc_6,mc_7,mc_8,mc_9,mc_10,mc_11,mc_12,mc_13,mc_14,mc_15,mc_16,mc_17,mc_18,mc_19,mc_20,mc_21,mc_22,mc_23,mc_24,mc_25,mc_26,mc_27,mc_28,mc_29,mean
0,4622.0,4622.0,4622.0,4622.0,4622.0,4622.0,4622.0,4622.0,4622.0,4622.0,4622.0,4622.0,4622.0,4622.0,4622.0,4622.0,4622.0,4622.0,4622.0,4622.0,4622.0,4622.0,4622.0,4622.0,4622.0,4622.0,4622.0,4622.0,4622.0,4622.0
1,4399.0,4375.0,4404.0,4421.0,4396.0,4402.0,4413.0,4408.0,4401.0,4427.0,4429.0,4415.0,4390.0,4401.0,4410.0,4390.0,4384.0,4396.0,4394.0,4424.0,4405.0,4415.0,4424.0,4420.0,4411.0,4397.0,4397.0,4400.0,4434.0,4406.275862068966
2,4182.0,4128.0,4197.0,4181.0,4178.0,4158.0,4204.0,4167.0,4163.0,4185.0,4210.0,4200.0,4166.0,4169.0,4193.0,4111.0,4154.0,4166.0,4163.0,4211.0,4176.0,4193.0,4189.0,4181.0,4196.0,4165.0,4175.0,4156.0,4224.0,4177.275862068966
3,3962.0,3883.0,3982.0,3943.0,3955.0,3931.0,3962.0,3921.0,3927.0,3949.0,3998.0,3966.0,3930.0,3918.0,3985.0,3863.0,3930.0,3918.0,3923.0,3983.0,3950.0,3966.0,3965.0,3953.0,3970.0,3922.0,3952.0,3900.0,4000.0,3945.0689655172414
4,3739.0,3638.0,3774.0,3713.0,3739.0,3699.0,3742.0,3668.0,3686.0,3714.0,3806.0,3747.0,3713.0,3688.0,3769.0,3610.0,3688.0,3697.0,3691.0,3757.0,3707.0,3746.0,3729.0,3720.0,3746.0,3702.0,3730.0,3650.0,3785.0,3717.0
5,3544.0,3394.0,3565.0,3482.0,3552.0,3461.0,3511.0,3434.0,3452.0,3472.0,3600.0,3556.0,3514.0,3444.0,3576.0,3407.0,3489.0,3460.0,3481.0,3509.0,3495.0,3528.0,3493.0,3489.0,3530.0,3465.0,3500.0,3426.0,3569.0,3496.4827586206898
6,3317.0,3172.0,3352.0,3274.0,3354.0,3246.0,3316.0,3214.0,3225.0,3247.0,3406.0,3375.0,3317.0,3230.0,3361.0,3174.0,3272.0,3243.0,3296.0,3284.0,3283.0,3326.0,3286.0,3263.0,3316.0,3238.0,3288.0,3208.0,3352.0,3283.9655172413795
7,3121.0,2954.0,3136.0,3056.0,3131.0,3023.0,3129.0,2978.0,3019.0,3028.0,3243.0,3181.0,3105.0,3015.0,3168.0,2951.0,3050.0,3006.0,3104.0,3070.0,3078.0,3118.0,3077.0,3087.0,3099.0,3033.0,3057.0,2981.0,3146.0,3073.9310344827586
8,2944.0,2734.0,2926.0,2854.0,2930.0,2803.0,2971.0,2768.0,2813.0,2806.0,3063.0,2985.0,2918.0,2800.0,2985.0,2728.0,2852.0,2796.0,2930.0,2862.0,2920.0,2913.0,2872.0,2873.0,2906.0,2846.0,2864.0,2769.0,2953.0,2875.310344827586
9,2752.0,2547.0,2724.0,2656.0,2749.0,2603.0,2800.0,2567.0,2651.0,2625.0,2893.0,2810.0,2750.0,2583.0,2802.0,2544.0,2677.0,2585.0,2758.0,2642.0,2747.0,2723.0,2702.0,2680.0,2698.0,2653.0,2648.0,2556.0,2763.0,2685.793103448276
10,2573.0,2369.0,2540.0,2492.0,2583.0,2417.0,2628.0,2375.0,2474.0,2422.0,2727.0,2625.0,2595.0,2379.0,2647.0,2345.0,2491.0,2387.0,2586.0,2453.0,2589.0,2519.0,2524.0,2527.0,2494.0,2473.0,2428.0,2380.0,2551.0,2503.206896551724
11,2407.0,2209.0,2371.0,2328.0,2440.0,2238.0,2461.0,2193.0,2318.0,2245.0,2541.0,2457.0,2435.0,2172.0,2505.0,2149.0,2350.0,2192.0,2431.0,2265.0,2420.0,2348.0,2348.0,2384.0,2323.0,2296.0,2227.0,2188.0,2372.0,2331.4827586206898
12,2268.0,2053.0,2251.0,2169.0,2293.0,2048.0,2320.0,2040.0,2174.0,2073.0,2397.0,2270.0,2328.0,1982.0,2336.0,1993.0,2234.0,2005.0,2286.0,2088.0,2264.0,2154.0,2205.0,2250.0,2156.0,2125.0,2031.0,2012.0,2186.0,2172.103448275862
13,2120.0,1890.0,2108.0,2007.0,2207.0,1883.0,2188.0,1896.0,2040.0,1933.0,2264.0,2113.0,2218.0,1813.0,2198.0,1823.0,2109.0,1810.0,2128.0,1930.0,2107.0,1972.0,2058.0,2130.0,1993.0,1972.0,1855.0,1847.0,2038.0,2022.4137931034484
14,1986.0,1775.0,2003.0,1856.0,2099.0,1742.0,2060.0,1790.0,1912.0,1796.0,2150.0,1952.0,2104.0,1649.0,2046.0,1667.0,1970.0,1652.0,1964.0,1789.0,1984.0,1826.0,1950.0,1991.0,1823.0,1812.0,1732.0,1717.0,1898.0,1886.0344827586207
15,1877.0,1639.0,1899.0,1719.0,1978.0,1616.0,1933.0,1696.0,1860.0,1642.0,2016.0,1801.0,2001.0,1506.0,1932.0,1525.0,1818.0,1519.0,1808.0,1630.0,1847.0,1685.0,1824.0,1862.0,1685.0,1670.0,1580.0,1598.0,1764.0,1756.2068965517242
16,1763.0,1513.0,1815.0,1571.0,1876.0,1478.0,1805.0,1591.0,1751.0,1528.0,1873.0,1657.0,1906.0,1381.0,1814.0,1393.0,1686.0,1377.0,1660.0,1509.0,1749.0,1560.0,1702.0,1784.0,1551.0,1552.0,1456.0,1472.0,1657.0,1635.5172413793102
17,1658.0,1381.0,1782.0,1441.0,1782.0,1369.0,1704.0,1493.0,1699.0,1437.0,1773.0,1529.0,1794.0,1285.0,1746.0,1281.0,1616.0,1276.0,1539.0,1376.0,1661.0,1448.0,1572.0,1649.0,1413.0,1444.0,1346.0,1340.0,1526.0,1529.655172413793
18,1559.0,1264.0,1698.0,1317.0,1698.0,1284.0,1619.0,1413.0,1633.0,1358.0,1667.0,1393.0,1685.0,1174.0,1650.0,1199.0,1551.0,1178.0,1433.0,1265.0,1536.0,1360.0,1460.0,1534.0,1314.0,1349.0,1251.0,1228.0,1435.0,1431.2068965517242
19,1463.0,1170.0,1604.0,1195.0,1657.0,1209.0,1544.0,1316.0,1578.0,1277.0,1570.0,1302.0,1590.0,1094.0,1560.0,1102.0,1477.0,1074.0,1329.0,1186.0,1452.0,1254.0,1350.0,1435.0,1181.0,1247.0,1162.0,1156.0,1357.0,1341.0689655172414
20,1372.0,1094.0,1565.0,1116.0,1570.0,1138.0,1488.0,1247.0,1547.0,1205.0,1525.0,1213.0,1534.0,1035.0,1478.0,1010.0,1405.0,985.0,1271.0,1079.0,1363.0,1166.0,1253.0,1396.0,1093.0,1141.0,1083.0,1050.0,1263.0,1265.0
21,1298.0,1008.0,1480.0,1038.0,1506.0,1089.0,1416.0,1204.0,1451.0,1127.0,1482.0,1140.0,1470.0,940.0,1373.0,938.0,1344.0,892.0,1193.0,1006.0,1284.0,1067.0,1179.0,1329.0,1001.0,1067.0,1012.0,980.0,1210.0,1190.4827586206898
22,1200.0,915.0,1460.0,959.0,1456.0,1027.0,1371.0,1140.0,1431.0,1066.0,1392.0,1065.0,1371.0,897.0,1298.0,869.0,1318.0,824.0,1123.0,918.0,1213.0,1007.0,1114.0,1233.0,919.0,972.0,924.0,918.0,1113.0,1121.1379310344828
23,1099.0,830.0,1398.0,879.0,1384.0,962.0,1309.0,1083.0,1359.0,999.0,1348.0,1001.0,1294.0,829.0,1207.0,812.0,1281.0,766.0,1104.0,864.0,1144.0,956.0,1055.0,1194.0,843.0,888.0,860.0,830.0,1047.0,1056.0344827586207
24,1021.0,751.0,1343.0,784.0,1296.0,902.0,1283.0,1032.0,1326.0,931.0,1304.0,946.0,1240.0,797.0,1154.0,760.0,1279.0,689.0,1097.0,782.0,1091.0,902.0,974.0,1127.0,788.0,813.0,808.0,795.0,985.0,1000.0
25,965.0,669.0,1289.0,756.0,1260.0,827.0,1268.0,982.0,1256.0,894.0,1260.0,881.0,1183.0,721.0,1102.0,716.0,1250.0,633.0,1065.0,718.0,1036.0,865.0,959.0,1076.0,728.0,740.0,770.0,746.0,921.0,949.5172413793103
26,904.0,618.0,1247.0,723.0,1231.0,758.0,1226.0,933.0,1208.0,840.0,1211.0,815.0,1124.0,688.0,1101.0,695.0,1216.0,595.0,1059.0,648.0,990.0,838.0,912.0,1025.0,668.0,695.0,750.0,719.0,864.0,906.9310344827586
27,846.0,571.0,1230.0,683.0,1193.0,721.0,1212.0,878.0,1186.0,797.0,1153.0,778.0,1104.0,667.0,1102.0,676.0,1202.0,586.0,1059.0,587.0,943.0,826.0,864.0,983.0,606.0,688.0,710.0,717.0,830.0,875.7931034482758
28,820.0,535.0,1201.0,637.0,1175.0,680.0,1203.0,838.0,1142.0,775.0,1095.0,748.0,1066.0,640.0,1096.0,660.0,1168.0,547.0,1047.0,541.0,904.0,783.0,858.0,947.0,552.0,665.0,684.0,709.0,798.0,845.3103448275862
29,792.0,521.0,1150.0,591.0,1125.0,654.0,1190.0,807.0,1138.0,769.0,1067.0,695.0,1038.0,612.0,1078.0,642.0,1193.0,521.0,1038.0,515.0,882.0,759.0,821.0,928.0,520.0,654.0,648.0,703.0,786.0,821.9655172413793
30,792.0,559.0,1125.0,560.0,1104.0,629.0,1197.0,794.0,1096.0,735.0,1057.0,642.0,1013.0,602.0,1079.0,617.0,1135.0,485.0,1016.0,479.0,861.0,736.0,798.0,920.0,490.0,650.0,652.0,701.0,738.0,802.1379310344828
31,783.0,562.0,1124.0,507.0,1079.0,591.0,1170.0,756.0,1086.0,731.0,1010.0,619.0,1002.0,610.0,1068.0,617.0,1116.0,447.0,991.0,456.0,824.0,707.0,797.0,906.0,466.0,632.0,651.0,692.0,721.0,783.4827586206897
32,766.0,576.0,1111.0,487.0,1080.0,579.0,1175.0,746.0,1084.0,720.0,1018.0,588.0,989.0,602.0,1065.0,624.0,1092.0,438.0,976.0,410.0,813.0,662.0,785.0,897.0,452.0,632.0,660.0,674.0,683.0,771.8620689655172
33,751.0,561.0,1099.0,458.0,1113.0,558.0,1164.0,721.0,1071.0,714.0,1011.0,571.0,962.0,617.0,1088.0,625.0,1090.0,444.0,973.0,391.0,795.0,646.0,762.0,889.0,422.0,622.0,674.0,680.0,650.0,762.8275862068965
34,739.0,569.0,1062.0,440.0,1084.0,567.0,1154.0,711.0,1066.0,722.0,995.0,551.0,952.0,621.0,1097.0,604.0,1103.0,437.0,976.0,380.0,760.0,654.0,767.0,864.0,392.0,625.0,688.0,642.0,633.0,753.6206896551724
35,735.0,556.0,1045.0,411.0,1100.0,562.0,1140.0,698.0,1059.0,718.0,975.0,522.0,927.0,651.0,1109.0,599.0,1124.0,431.0,970.0,367.0,759.0,626.0,758.0,854.0,372.0,627.0,693.0,621.0,619.0,745.7931034482758
36,707.0,580.0,1035.0,420.0,1084.0,552.0,1140.0,689.0,1047.0,720.0,970.0,494.0,958.0,674.0,1122.0,602.0,1124.0,426.0,981.0,375.0,736.0,616.0,768.0,846.0,373.0,634.0,700.0,617.0,617.0,745.0689655172414
37,718.0,596.0,1027.0,426.0,1096.0,558.0,1145.0,653.0,1050.0,728.0,962.0,486.0,940.0,682.0,1124.0,583.0,1124.0,429.0,982.0,362.0,726.0,622.0,749.0,814.0,361.0,660.0,710.0,610.0,594.0,741.9655172413793
38,720.0,615.0,1002.0,429.0,1103.0,558.0,1122.0,652.0,1048.0,735.0,1010.0,489.0,977.0,676.0,1134.0,586.0,1138.0,457.0,983.0,360.0,737.0,612.0,735.0,798.0,381.0,628.0,723.0,617.0,571.0,744.6896551724138
39,706.0,635.0,1024.0,422.0,1134.0,559.0,1152.0,636.0,1047.0,724.0,1021.0,494.0,981.0,653.0,1126.0,577.0,1127.0,445.0,970.0,366.0,733.0,616.0,740.0,798.0,390.0,634.0,719.0,630.0,552.0,745.2068965517242
40,702.0,651.0,1005.0,418.0,1088.0,567.0,1140.0,634.0,1022.0,715.0,1046.0,467.0,969.0,682.0,1126.0,583.0,1148.0,465.0,973.0,371.0,746.0,631.0,744.0,827.0,378.0,655.0,735.0,621.0,550.0,746.8620689655172
41,715.0,663.0,1010.0,424.0,1123.0,546.0,1155.0,630.0,1026.0,709.0,1025.0,486.0,971.0,680.0,1136.0,596.0,1159.0,470.0,981.0,386.0,726.0,658.0,733.0,809.0,381.0,647.0,738.0,644.0,549.0,750.8965517241379
42,751.0,652.0,986.0,437.0,1118.0,551.0,1158.0,642.0,1000.0,717.0,1041.0,477.0,975.0,664.0,1111.0,595.0,1163.0,492.0,995.0,391.0,726.0,658.0,736.0,798.0,386.0,633.0,758.0,677.0,550.0,753.0344827586207
43,753.0,656.0,1022.0,430.0,1135.0,548.0,1143.0,622.0,1018.0,743.0,1056.0,490.0,1011.0,659.0,1124.0,591.0,1180.0,478.0,1038.0,388.0,704.0,636.0,739.0,794.0,386.0,631.0,773.0,664.0,581.0,758.3793103448276
44,800.0,654.0,1045.0,438.0,1132.0,550.0,1139.0,635.0,1025.0,751.0,1105.0,511.0,1010.0,662.0,1145.0,607.0,1168.0,474.0,1024.0,387.0,700.0,659.0,737.0,768.0,389.0,616.0,781.0,673.0,596.0,764.8620689655172
45,802.0,684.0,1071.0,424.0,1130.0,568.0,1144.0,643.0,1012.0,778.0,1113.0,523.0,989.0,633.0,1123.0,634.0,1165.0,473.0,1003.0,384.0,704.0,674.0,725.0,762.0,401.0,614.0,771.0,683.0,589.0,766.1724137931035
46,818.0,678.0,1052.0,470.0,1129.0,577.0,1140.0,645.0,1039.0,812.0,1105.0,517.0,983.0,641.0,1153.0,668.0,1172.0,498.0,992.0,387.0,693.0,678.0,745.0,797.0,394.0,600.0,789.0,685.0,572.0,773.4137931034483
47,844.0,662.0,1050.0,494.0,1094.0,594.0,1133.0,627.0,1046.0,844.0,1087.0,533.0,991.0,654.0,1119.0,653.0,1170.0,490.0,1007.0,406.0,669.0,692.0,728.0,803.0,406.0,628.0,772.0,691.0,577.0,774.6206896551724
48,842.0,680.0,1057.0,527.0,1122.0,586.0,1129.0,618.0,1066.0,833.0,1103.0,553.0,1023.0,655.0,1150.0,671.0,1147.0,499.0,1020.0,428.0,675.0,670.0,726.0,784.0,422.0,632.0,791.0,701.0,587.0,782.6551724137931
49,846.0,666.0,1068.0,531.0,1115.0,588.0,1121.0,621.0,1027.0,845.0,1095.0,577.0,1036.0,668.0,1153.0,657.0,1155.0,496.0,982.0,452.0,675.0,709.0,731.0,771.0,467.0,624.0,787.0,709.0,580.0,784.551724137931
50,845.0,691.0,1064.0,529.0,1145.0,574.0,1126.0,631.0,1059.0,875.0,1103.0,593.0,1033.0,673.0,1142.0,668.0,1168.0,501.0,1004.0,476.0,681.0,704.0,753.0,777.0,493.0,644.0,783.0,719.0,572.0,794.0
51,837.0,697.0,1067.0,519.0,1150.0,579.0,1114.0,646.0,1065.0,861.0,1125.0,590.0,1035.0,698.0,1119.0,663.0,1172.0,530.0,982.0,497.0,685.0,682.0,758.0,777.0,525.0,644.0,776.0,716.0,576.0,796.0344827586207
52,827.0,717.0,1104.0,542.0,1157.0,564.0,1146.0,644.0,1078.0,859.0,1107.0,608.0,1042.0,728.0,1151.0,670.0,1182.0,528.0,981.0,521.0,675.0,711.0,760.0,803.0,535.0,649.0,787.0,732.0,601.0,807.2068965517242
53,836.0,736.0,1129.0,536.0,1166.0,582.0,1132.0,636.0,1111.0,875.0,1098.0,608.0,1026.0,714.0,1168.0,681.0,1215.0,533.0,981.0,516.0,659.0,740.0,763.0,820.0,541.0,637.0,794.0,747.0,609.0,813.4137931034483
54,842.0,746.0,1146.0,535.0,1201.0,586.0,1151.0,642.0,1126.0,883.0,1100.0,620.0,1037.0,720.0,1160.0,689.0,1215.0,574.0,992.0,514.0,673.0,745.0,743.0,825.0,554.0,657.0,806.0,759.0,617.0,822.6896551724138
55,867.0,756.0,1142.0,559.0,1191.0,591.0,1137.0,660.0,1138.0,878.0,1117.0,624.0,1040.0,765.0,1159.0,683.0,1217.0,558.0,989.0,500.0,680.0,735.0,740.0,831.0,565.0,654.0,805.0,769.0,591.0,825.551724137931
56,861.0,773.0,1163.0,593.0,1184.0,607.0,1144.0,653.0,1134.0,847.0,1091.0,630.0,1079.0,749.0,1171.0,671.0,1219.0,567.0,998.0,508.0,680.0,737.0,756.0,838.0,581.0,650.0,818.0,775.0,600.0,830.2413793103449
57,876.0,765.0,1166.0,647.0,1202.0,626.0,1157.0,667.0,1160.0,829.0,1113.0,647.0,1057.0,782.0,1151.0,670.0,1243.0,590.0,985.0,527.0,673.0,733.0,767.0,826.0,603.0,671.0,814.0,787.0,622.0,839.8620689655172
58,870.0,773.0,1136.0,678.0,1207.0,628.0,1155.0,661.0,1141.0,864.0,1098.0,635.0,1052.0,787.0,1157.0,678.0,1265.0,622.0,985.0,524.0,668.0,741.0,775.0,841.0,625.0,680.0,812.0,793.0,634.0,844.3103448275862
59,874.0,780.0,1136.0,690.0,1216.0,651.0,1193.0,674.0,1141.0,866.0,1094.0,667.0,1073.0,800.0,1192.0,715.0,1280.0,630.0,1003.0,537.0,671.0,718.0,779.0,841.0,652.0,691.0,809.0,801.0,645.0,855.8275862068965
60,870.0,761.0,1133.0,715.0,1202.0,666.0,1189.0,686.0,1151.0,869.0,1084.0,686.0,1075.0,800.0,1233.0,701.0,1297.0,626.0,1008.0,546.0,680.0,739.0,798.0,873.0,684.0,690.0,798.0,803.0,668.0,863.1379310344828
61,876.0,763.0,1144.0,714.0,1233.0,687.0,1180.0,699.0,1142.0,867.0,1073.0,671.0,1064.0,801.0,1264.0,711.0,1291.0,630.0,1028.0,549.0,690.0,730.0,796.0,879.0,683.0,700.0,840.0,819.0,693.0,869.551724137931
62,898.0,773.0,1154.0,701.0,1264.0,682.0,1189.0,714.0,1176.0,900.0,1068.0,688.0,1058.0,830.0,1264.0,726.0,1287.0,613.0,1056.0,569.0,690.0,734.0,793.0,871.0,696.0,707.0,829.0,836.0,693.0,877.8965517241379
63,897.0,777.0,1186.0,728.0,1263.0,691.0,1208.0,730.0,1192.0,888.0,1060.0,703.0,1092.0,837.0,1241.0,712.0,1310.0,647.0,1021.0,580.0,709.0,733.0,805.0,885.0,711.0,680.0,844.0,833.0,701.0,884.9655172413793
64,908.0,797.0,1210.0,741.0,1263.0,682.0,1203.0,714.0,1177.0,911.0,1063.0,697.0,1110.0,829.0,1258.0,721.0,1309.0,653.0,1050.0,586.0,704.0,760.0,781.0,917.0,725.0,674.0,851.0,858.0,698.0,891.3793103448276
65,898.0,766.0,1227.0,734.0,1291.0,678.0,1204.0,736.0,1174.0,883.0,1050.0,702.0,1110.0,842.0,1252.0,714.0,1318.0,652.0,1046.0,604.0,719.0,762.0,755.0,940.0,727.0,670.0,878.0,893.0,701.0,894.0
66,914.0,785.0,1240.0,727.0,1284.0,698.0,1213.0,739.0,1169.0,879.0,1064.0,732.0,1111.0,856.0,1282.0,728.0,1299.0,645.0,1030.0,604.0,718.0,755.0,739.0,969.0,725.0,693.0,867.0,877.0,692.0,897.7241379310345
67,927.0,830.0,1219.0,739.0,1273.0,675.0,1203.0,731.0,1175.0,888.0,1109.0,724.0,1105.0,862.0,1278.0,736.0,1296.0,655.0,1034.0,592.0,728.0,753.0,729.0,962.0,733.0,687.0,883.0,888.0,719.0,901.1379310344828
68,929.0,806.0,1231.0,724.0,1267.0,694.0,1189.0,725.0,1180.0,892.0,1108.0,734.0,1134.0,847.0,1266.0,735.0,1322.0,658.0,1036.0,593.0,703.0,756.0,729.0,979.0,719.0,686.0,886.0,889.0,689.0,900.2068965517242
69,935.0,797.0,1241.0,736.0,1277.0,704.0,1241.0,724.0,1164.0,910.0,1100.0,730.0,1162.0,860.0,1237.0,738.0,1328.0,652.0,1072.0,613.0,689.0,768.0,756.0,993.0,728.0,689.0,885.0,910.0,686.0,907.7586206896551
70,950.0,812.0,1268.0,728.0,1286.0,717.0,1252.0,733.0,1160.0,907.0,1097.0,730.0,1140.0,882.0,1248.0,728.0,1340.0,655.0,1079.0,617.0,694.0,797.0,778.0,985.0,720.0,691.0,874.0,912.0,711.0,913.4827586206897
71,947.0,827.0,1260.0,743.0,1292.0,727.0,1210.0,749.0,1175.0,928.0,1127.0,714.0,1172.0,896.0,1232.0,734.0,1303.0,673.0,1089.0,612.0,687.0,799.0,802.0,990.0,745.0,697.0,895.0,934.0,721.0,920.0
72,943.0,833.0,1235.0,731.0,1265.0,750.0,1233.0,764.0,1176.0,909.0,1135.0,723.0,1167.0,889.0,1205.0,737.0,1336.0,689.0,1087.0,621.0,713.0,813.0,844.0,995.0,750.0,701.0,893.0,936.0,719.0,923.8620689655172
73,951.0,822.0,1222.0,768.0,1292.0,730.0,1226.0,782.0,1189.0,912.0,1123.0,719.0,1200.0,910.0,1234.0,739.0,1312.0,701.0,1096.0,625.0,721.0,833.0,824.0,975.0,734.0,703.0,891.0,977.0,713.0,928.4137931034483
74,947.0,855.0,1268.0,757.0,1290.0,719.0,1231.0,791.0,1198.0,920.0,1141.0,719.0,1178.0,912.0,1261.0,734.0,1343.0,704.0,1105.0,647.0,709.0,845.0,839.0,989.0,746.0,722.0,913.0,982.0,701.0,936.7586206896551
75,955.0,853.0,1259.0,745.0,1282.0,734.0,1208.0,771.0,1195.0,929.0,1164.0,734.0,1182.0,912.0,1276.0,746.0,1367.0,725.0,1104.0,648.0,699.0,846.0,827.0,1027.0,756.0,714.0,902.0,971.0,720.0,939.6896551724138
76,955.0,842.0,1257.0,756.0,1270.0,731.0,1229.0,792.0,1228.0,948.0,1167.0,728.0,1159.0,896.0,1283.0,751.0,1377.0,715.0,1102.0,653.0,719.0,842.0,845.0,1042.0,766.0,697.0,910.0,973.0,710.0,942.8620689655172
77,939.0,884.0,1274.0,753.0,1298.0,727.0,1214.0,819.0,1236.0,968.0,1179.0,754.0,1178.0,928.0,1310.0,764.0,1392.0,718.0,1114.0,653.0,740.0,873.0,828.0,1063.0,786.0,711.0,903.0,985.0,714.0,955.3448275862069
78,950.0,892.0,1267.0,726.0,1303.0,747.0,1227.0,825.0,1248.0,958.0,1178.0,769.0,1177.0,924.0,1279.0,782.0,1392.0,717.0,1120.0,651.0,745.0,856.0,836.0,1073.0,810.0,733.0,922.0,1010.0,742.0,960.6551724137931
79,923.0,903.0,1262.0,757.0,1292.0,773.0,1255.0,833.0,1249.0,975.0,1177.0,770.0,1157.0,918.0,1246.0,783.0,1390.0,718.0,1143.0,656.0,756.0,862.0,846.0,1087.0,832.0,738.0,919.0,999.0,727.0,963.6551724137931
80,935.0,900.0,1251.0,794.0,1283.0,779.0,1282.0,838.0,1266.0,979.0,1139.0,776.0,1185.0,942.0,1281.0,770.0,1368.0,751.0,1164.0,680.0,786.0,863.0,870.0,1120.0,841.0,744.0,932.0,998.0,735.0,974.2068965517242
81,966.0,910.0,1252.0,777.0,1326.0,790.0,1293.0,841.0,1287.0,978.0,1139.0,773.0,1191.0,963.0,1254.0,777.0,1372.0,759.0,1185.0,679.0,778.0,887.0,905.0,1109.0,862.0,763.0,956.0,998.0,730.0,982.7586206896551
82,951.0,911.0,1267.0,803.0,1321.0,781.0,1286.0,829.0,1286.0,982.0,1156.0,778.0,1206.0,947.0,1259.0,767.0,1370.0,769.0,1178.0,689.0,799.0,903.0,895.0,1117.0,865.0,783.0,934.0,1004.0,763.0,986.1724137931035
83,970.0,907.0,1270.0,825.0,1329.0,783.0,1284.0,842.0,1289.0,982.0,1148.0,795.0,1155.0,947.0,1273.0,775.0,1377.0,763.0,1171.0,711.0,797.0,919.0,906.0,1142.0,865.0,783.0,948.0,1023.0,766.0,991.2068965517242
84,977.0,914.0,1275.0,828.0,1295.0,805.0,1290.0,830.0,1273.0,966.0,1121.0,794.0,1155.0,957.0,1254.0,777.0,1397.0,786.0,1160.0,726.0,798.0,936.0,904.0,1159.0,877.0,779.0,959.0,1046.0,770.0,993.3793103448276
85,970.0,930.0,1297.0,831.0,1307.0,806.0,1308.0,850.0,1249.0,942.0,1125.0,812.0,1170.0,963.0,1236.0,780.0,1375.0,795.0,1158.0,713.0,790.0,927.0,927.0,1179.0,889.0,798.0,958.0,1069.0,799.0,998.3793103448276
86,969.0,954.0,1330.0,846.0,1291.0,831.0,1363.0,849.0,1250.0,958.0,1130.0,807.0,1181.0,985.0,1241.0,802.0,1407.0,807.0,1166.0,711.0,826.0,946.0,914.0,1179.0,860.0,816.0,979.0,1065.0,784.0,1008.5172413793103
87,987.0,963.0,1325.0,861.0,1266.0,839.0,1350.0,841.0,1256.0,959.0,1119.0,802.0,1198.0,980.0,1251.0,788.0,1397.0,804.0,1170.0,737.0,827.0,946.0,914.0,1193.0,890.0,807.0,984.0,1066.0,790.0,1010.6896551724138
88,981.0,1012.0,1337.0,858.0,1286.0,858.0,1354.0,849.0,1274.0,952.0,1158.0,825.0,1188.0,998.0,1240.0,768.0,1409.0,811.0,1201.0,749.0,847.0,929.0,913.0,1192.0,898.0,791.0,989.0,1069.0,797.0,1018.3793103448276
89,988.0,1009.0,1321.0,871.0,1306.0,878.0,1368.0,855.0,1284.0,944.0,1180.0,845.0,1204.0,1005.0,1212.0,766.0,1399.0,815.0,1182.0,782.0,832.0,944.0,920.0,1178.0,906.0,815.0,1009.0,1059.0,814.0,1023.8275862068965
90,981.0,1015.0,1293.0,851.0,1306.0,885.0,1359.0,850.0,1290.0,947.0,1188.0,859.0,1233.0,1018.0,1270.0,771.0,1410.0,823.0,1200.0,797.0,845.0,969.0,916.0,1187.0,901.0,821.0,1000.0,1082.0,811.0,1030.2758620689656
91,991.0,1018.0,1299.0,889.0,1335.0,891.0,1370.0,864.0,1306.0,979.0,1151.0,866.0,1214.0,1021.0,1265.0,811.0,1398.0,841.0,1202.0,819.0,836.0,984.0,938.0,1186.0,876.0,829.0,1010.0,1081.0,821.0,1037.6206896551723
92,998.0,1049.0,1292.0,882.0,1351.0,883.0,1364.0,875.0,1298.0,970.0,1190.0,874.0,1242.0,1013.0,1295.0,808.0,1386.0,838.0,1228.0,814.0,850.0,964.0,962.0,1183.0,866.0,841.0,1002.0,1093.0,836.0,1043.0
93,1003.0,1051.0,1273.0,891.0,1353.0,877.0,1340.0,860.0,1307.0,1005.0,1186.0,902.0,1243.0,1012.0,1312.0,796.0,1384.0,825.0,1244.0,816.0,874.0,968.0,956.0,1169.0,876.0,830.0,1014.0,1095.0,829.0,1044.5172413793102
94,1013.0,1043.0,1243.0,881.0,1363.0,908.0,1361.0,844.0,1307.0,1003.0,1213.0,908.0,1246.0,1010.0,1328.0,791.0,1410.0,804.0,1237.0,843.0,891.0,966.0,949.0,1148.0,885.0,819.0,1017.0,1077.0,838.0,1046.4137931034484
95,1028.0,1037.0,1226.0,880.0,1398.0,906.0,1371.0,835.0,1272.0,1007.0,1213.0,909.0,1259.0,1021.0,1332.0,825.0,1403.0,803.0,1269.0,848.0,888.0,990.0,962.0,1172.0,865.0,817.0,1009.0,1100.0,851.0,1051.5862068965516
96,1037.0,1041.0,1219.0,893.0,1354.0,938.0,1390.0,860.0,1271.0,998.0,1249.0,927.0,1266.0,1017.0,1344.0,810.0,1407.0,807.0,1281.0,869.0,893.0,996.0,984.0,1172.0,896.0,827.0,1031.0,1084.0,848.0,1058.9310344827586
97,1034.0,1075.0,1230.0,939.0,1349.0,962.0,1369.0,867.0,1268.0,1000.0,1256.0,916.0,1262.0,993.0,1341.0,813.0,1391.0,815.0,1286.0,868.0,897.0,994.0,976.0,1185.0,910.0,831.0,1036.0,1077.0,850.0,1061.7241379310344
98,1043.0,1061.0,1238.0,958.0,1364.0,968.0,1392.0,878.0,1267.0,1017.0,1295.0,926.0,1294.0,980.0,1330.0,826.0,1421.0,829.0,1301.0,859.0,907.0,1012.0,969.0,1186.0,916.0,838.0,1047.0,1121.0,862.0,1072.5862068965516
99,1037.0,1067.0,1276.0,952.0,1352.0,984.0,1380.0,876.0,1273.0,1027.0,1293.0,940.0,1262.0,1033.0,1322.0,862.0,1404.0,832.0,1311.0,871.0,933.0,1021.0,993.0,1214.0,910.0,819.0,1028.0,1143.0,858.0,1078.3793103448277
100,1021.0,1076.0,1285.0,969.0,1364.0,983.0,1367.0,873.0,1283.0,1059.0,1286.0,946.0,1308.0,1015.0,1355.0,849.0,1399.0,822.0,1339.0,885.0,935.0,1040.0,981.0,1215.0,934.0,824.0,1061.0,1151.0,881.0,1086.4137931034484
101,1034.0,1083.0,1297.0,986.0,1384.0,977.0,1408.0,884.0,1304.0,1029.0,1298.0,935.0,1291.0,1032.0,1395.0,828.0,1411.0,814.0,1329.0,,,,,,,,,,,1143.1052631578948
102,1043.0,1080.0,1306.0,1019.0,1379.0,953.0,1378.0,892.0,1321.0,1032.0,1310.0,934.0,1312.0,1035.0,1389.0,826.0,1400.0,830.0,1336.0,,,,,,,,,,,1146.0526315789473
103,1041.0,1093.0,1316.0,1018.0,1409.0,957.0,1382.0,919.0,1328.0,1055.0,1312.0,942.0,1325.0,1044.0,1382.0,837.0,1421.0,831.0,1340.0,,,,,,,,,,,1155.3684210526317
104,1064.0,1076.0,1317.0,1045.0,1398.0,963.0,1359.0,931.0,1317.0,1051.0,1344.0,946.0,1313.0,1068.0,1374.0,847.0,1436.0,853.0,1334.0,,,,,,,,,,,1159.7894736842106
105,1061.0,1096.0,1321.0,1069.0,1399.0,971.0,1442.0,942.0,1320.0,1057.0,1361.0,968.0,1302.0,1079.0,1402.0,828.0,1433.0,865.0,1335.0,,,,,,,,,,,1171.1052631578948
106,1053.0,1087.0,1287.0,1077.0,1400.0,970.0,1414.0,974.0,1277.0,1065.0,1353.0,960.0,1307.0,1056.0,1409.0,819.0,1444.0,850.0,1337.0,,,,,,,,,,,1165.2105263157894
107,1057.0,1105.0,1295.0,1080.0,1394.0,977.0,1384.0,990.0,1282.0,1084.0,1354.0,978.0,1310.0,1054.0,1408.0,849.0,1446.0,867.0,1366.0,,,,,,,,,,,1172.6315789473683
108,1071.0,1118.0,1318.0,1077.0,1404.0,1009.0,1399.0,986.0,1298.0,1090.0,1358.0,969.0,1267.0,1032.0,1431.0,809.0,1451.0,867.0,1383.0,,,,,,,,,,,1175.6315789473683
109,1093.0,1125.0,1324.0,1061.0,1429.0,1038.0,1391.0,980.0,1319.0,1087.0,1378.0,992.0,1273.0,1038.0,1414.0,823.0,1462.0,863.0,1353.0,,,,,,,,,,,1181.2105263157894
110,1109.0,1139.0,1341.0,1057.0,1442.0,1037.0,1392.0,1001.0,1348.0,1062.0,1400.0,990.0,1268.0,1056.0,1409.0,823.0,1453.0,886.0,1348.0,,,,,,,,,,,1187.421052631579
111,1123.0,1120.0,1343.0,1072.0,1425.0,1023.0,1390.0,998.0,1341.0,1073.0,1380.0,993.0,1303.0,1058.0,1411.0,852.0,1458.0,928.0,1347.0,,,,,,,,,,,1191.4736842105262
112,1135.0,1129.0,1335.0,1074.0,1416.0,1027.0,1426.0,1008.0,1336.0,1104.0,1415.0,990.0,1299.0,1061.0,1441.0,887.0,1451.0,919.0,1347.0,,,,,,,,,,,1200.0
113,1126.0,1146.0,1358.0,1070.0,1432.0,1045.0,1431.0,986.0,1327.0,1099.0,1464.0,1002.0,1313.0,1050.0,1434.0,873.0,1485.0,928.0,1341.0,,,,,,,,,,,1205.7894736842106
114,1109.0,1136.0,1335.0,1069.0,1433.0,1048.0,1401.0,988.0,1317.0,1114.0,1485.0,1018.0,1339.0,1065.0,1413.0,866.0,1489.0,917.0,1357.0,,,,,,,,,,,1205.2105263157894
115,1112.0,1143.0,1380.0,1091.0,1438.0,1057.0,1421.0,968.0,1351.0,1101.0,1480.0,1017.0,1339.0,1066.0,1427.0,867.0,1516.0,908.0,1353.0,,,,,,,,,,,1212.3684210526317
116,1130.0,1158.0,1406.0,1114.0,1438.0,1054.0,1404.0,956.0,1338.0,1097.0,1493.0,1012.0,1344.0,1053.0,1412.0,889.0,1490.0,922.0,1345.0,,,,,,,,,,,1213.421052631579
117,1149.0,1158.0,1410.0,1115.0,1423.0,1069.0,1385.0,983.0,1338.0,1089.0,1526.0,1005.0,1349.0,1036.0,1401.0,908.0,1473.0,931.0,1359.0,,,,,,,,,,,1216.157894736842
118,1157.0,1162.0,1406.0,1120.0,1457.0,1067.0,1412.0,1004.0,1364.0,1086.0,1515.0,1019.0,1330.0,1058.0,1409.0,930.0,1471.0,954.0,1358.0,,,,,,,,,,,1225.2105263157894
119,1155.0,1160.0,1406.0,1120.0,1465.0,1082.0,1427.0,1013.0,1381.0,1101.0,1518.0,1027.0,1364.0,1043.0,1430.0,913.0,1513.0,969.0,1378.0,,,,,,,,,,,1235.0
120,1179.0,1155.0,1402.0,1131.0,1478.0,1109.0,1421.0,995.0,1369.0,1107.0,1515.0,1047.0,1362.0,1036.0,1410.0,943.0,1495.0,945.0,1346.0,,,,,,,,,,,1233.9473684210527
121,1169.0,1166.0,1394.0,1147.0,1456.0,1108.0,1477.0,1018.0,1347.0,1144.0,1510.0,1058.0,1364.0,1038.0,1463.0,946.0,1473.0,931.0,1350.0,,,,,,,,,,,1239.9473684210527
122,1154.0,1184.0,1416.0,1150.0,1454.0,1108.0,1430.0,1038.0,1360.0,1156.0,1518.0,1080.0,1382.0,1039.0,1466.0,957.0,1499.0,939.0,1354.0,,,,,,,,,,,1246.5263157894738
123,1158.0,1176.0,1405.0,1162.0,1433.0,1106.0,1452.0,1007.0,1399.0,1130.0,1524.0,1089.0,1394.0,1041.0,1480.0,964.0,1491.0,942.0,1369.0,,,,,,,,,,,1248.5263157894738
124,1156.0,1134.0,1412.0,1192.0,1454.0,1128.0,1434.0,1020.0,1360.0,1127.0,1574.0,1086.0,1389.0,1045.0,1498.0,955.0,1487.0,950.0,1367.0,,,,,,,,,,,1250.9473684210527
125,1158.0,1156.0,1432.0,1190.0,1441.0,1137.0,1453.0,1016.0,1349.0,1122.0,1563.0,1087.0,1379.0,1058.0,1520.0,965.0,1492.0,964.0,1391.0,,,,,,,,,,,1256.4736842105262
126,1162.0,1172.0,1432.0,1174.0,1435.0,1148.0,1481.0,1005.0,1352.0,1122.0,1541.0,1095.0,1358.0,1092.0,1490.0,991.0,1497.0,968.0,1397.0,,,,,,,,,,,1258.5263157894738
127,1184.0,1191.0,1431.0,1187.0,1485.0,1160.0,1466.0,998.0,1362.0,1116.0,1578.0,1109.0,1371.0,1124.0,1492.0,1001.0,1497.0,978.0,1395.0,,,,,,,,,,,1269.7368421052631
128,1173.0,1185.0,1452.0,1181.0,1488.0,1130.0,1448.0,984.0,1368.0,1101.0,1572.0,1144.0,1376.0,1099.0,1507.0,1010.0,1502.0,991.0,1389.0,,,,,,,,,,,1268.421052631579
129,1191.0,1201.0,1482.0,1180.0,1494.0,1145.0,1473.0,1000.0,1357.0,1099.0,1583.0,1146.0,1385.0,1093.0,1515.0,1018.0,1477.0,998.0,1389.0,,,,,,,,,,,1275.0526315789473
130,1191.0,1187.0,1476.0,1199.0,1465.0,1134.0,1486.0,986.0,1388.0,1098.0,1573.0,1138.0,1351.0,1102.0,1526.0,1015.0,1473.0,1028.0,1393.0,,,,,,,,,,,1274.157894736842
131,1190.0,1187.0,1469.0,1191.0,1473.0,1133.0,1450.0,1022.0,1365.0,1127.0,1568.0,1142.0,1379.0,1095.0,1482.0,1026.0,1474.0,1033.0,1376.0,,,,,,,,,,,1272.7368421052631
132,1178.0,1192.0,1501.0,1224.0,1480.0,1132.0,1470.0,1055.0,1371.0,1114.0,1605.0,1141.0,1358.0,1099.0,1483.0,1034.0,1466.0,1045.0,1412.0,,,,,,,,,,,1282.1052631578948
133,1179.0,1187.0,1445.0,1226.0,1525.0,1138.0,1449.0,1065.0,1386.0,1117.0,1592.0,1131.0,1360.0,1085.0,1475.0,1015.0,1465.0,1053.0,1417.0,,,,,,,,,,,1279.4736842105262
134,1212.0,1205.0,1435.0,1229.0,1520.0,1156.0,1433.0,1066.0,1381.0,1149.0,1553.0,1164.0,1355.0,1092.0,1483.0,1009.0,1478.0,1059.0,1429.0,,,,,,,,,,,1284.6315789473683
135,1208.0,1200.0,1435.0,1225.0,1519.0,1181.0,1449.0,1074.0,1374.0,1166.0,1558.0,1147.0,1384.0,1084.0,1466.0,1011.0,1480.0,1039.0,1435.0,,,,,,,,,,,1286.0526315789473
136,1216.0,1243.0,1436.0,1240.0,1556.0,1178.0,1449.0,1094.0,1395.0,1162.0,1597.0,1182.0,1372.0,1090.0,1462.0,1021.0,1459.0,1059.0,1452.0,,,,,,,,,,,1298.0526315789473
137,1225.0,1235.0,1438.0,1264.0,1555.0,1195.0,1480.0,1119.0,1392.0,1190.0,1598.0,1194.0,1406.0,1109.0,1448.0,1026.0,1490.0,1040.0,1449.0,,,,,,,,,,,1308.0526315789473
138,1209.0,1242.0,1466.0,1261.0,1546.0,1181.0,1465.0,1116.0,1390.0,1204.0,1598.0,1164.0,1410.0,1123.0,1468.0,1039.0,1502.0,1058.0,1449.0,,,,,,,,,,,1310.0526315789473
139,1205.0,1272.0,1461.0,1243.0,1546.0,1193.0,1457.0,1114.0,1377.0,1227.0,1591.0,1159.0,1401.0,1132.0,1456.0,1043.0,1516.0,1056.0,1465.0,,,,,,,,,,,1311.2631578947369
140,1207.0,1273.0,1448.0,1229.0,1543.0,1152.0,1445.0,1112.0,1372.0,1248.0,1614.0,1161.0,1400.0,1131.0,1462.0,1081.0,1513.0,1091.0,1449.0,,,,,,,,,,,1312.157894736842
141,1199.0,1270.0,1437.0,1247.0,1527.0,1115.0,1481.0,1092.0,1390.0,1247.0,1612.0,1180.0,1376.0,1134.0,1479.0,1103.0,1514.0,1085.0,1463.0,,,,,,,,,,,1313.2105263157894
142,1219.0,1254.0,1459.0,1237.0,1502.0,1162.0,1466.0,1114.0,1415.0,1248.0,1617.0,1196.0,1383.0,1143.0,1464.0,1101.0,1508.0,1080.0,1451.0,,,,,,,,,,,1316.7894736842106
143,1210.0,1255.0,1447.0,1240.0,1531.0,1191.0,1436.0,1098.0,1401.0,1242.0,1598.0,1201.0,1396.0,1151.0,1456.0,1083.0,1535.0,1077.0,1443.0,,,,,,,,,,,1315.3157894736842
144,1227.0,1267.0,1462.0,1253.0,1524.0,1167.0,1425.0,1126.0,1386.0,1251.0,1587.0,1205.0,1400.0,1157.0,1436.0,1062.0,1520.0,1074.0,1460.0,,,,,,,,,,,1315.2105263157894
145,1242.0,1281.0,1481.0,1274.0,1530.0,1166.0,1421.0,1145.0,1388.0,1262.0,1565.0,1220.0,1400.0,1171.0,1437.0,1067.0,1515.0,1077.0,1454.0,,,,,,,,,,,1320.842105263158
146,1248.0,1271.0,1485.0,1286.0,1577.0,1198.0,1443.0,1158.0,1388.0,1256.0,1553.0,1215.0,1392.0,1165.0,1430.0,1064.0,1531.0,1104.0,1441.0,,,,,,,,,,,1326.578947368421
147,1264.0,1267.0,1488.0,1268.0,1565.0,1195.0,1457.0,1148.0,1388.0,1269.0,1564.0,1185.0,1393.0,1148.0,1423.0,1051.0,1524.0,1120.0,1422.0,,,,,,,,,,,1323.1052631578948
148,1272.0,1270.0,1492.0,1275.0,1562.0,1190.0,1480.0,1168.0,1404.0,1267.0,1553.0,1188.0,1402.0,1184.0,1410.0,1060.0,1525.0,1113.0,1442.0,,,,,,,,,,,1329.3157894736842
149,1271.0,1290.0,1502.0,1324.0,1544.0,1226.0,1467.0,1166.0,1390.0,1287.0,1592.0,1187.0,1392.0,1161.0,1442.0,1050.0,1507.0,1112.0,1448.0,,,,,,,,,,,1334.6315789473683
150,1264.0,1278.0,1473.0,1349.0,1568.0,1227.0,1493.0,1151.0,1394.0,1315.0,1609.0,1189.0,1390.0,1180.0,1413.0,1077.0,1516.0,1101.0,1467.0,,,,,,,,,,,1339.6842105263158
151,1252.0,1257.0,1463.0,1337.0,1548.0,1234.0,1471.0,1183.0,1375.0,1315.0,1646.0,1177.0,1381.0,1185.0,1433.0,1102.0,1501.0,1127.0,1453.0,,,,,,,,,,,1338.9473684210527
152,1275.0,1253.0,1438.0,1335.0,1553.0,1235.0,1503.0,1186.0,1358.0,1327.0,1671.0,1173.0,1377.0,1210.0,1425.0,1150.0,1524.0,1137.0,1475.0,,,,,,,,,,,1347.6315789473683
153,1300.0,1251.0,1443.0,1332.0,1567.0,1254.0,1488.0,1223.0,1351.0,1344.0,1656.0,1162.0,1400.0,1217.0,1459.0,1137.0,1529.0,1125.0,1452.0,,,,,,,,,,,1352.1052631578948
154,1313.0,1272.0,1448.0,1323.0,1594.0,1237.0,1466.0,1238.0,1368.0,1323.0,1656.0,1166.0,1376.0,1213.0,1439.0,1125.0,1507.0,1118.0,1436.0,,,,,,,,,,,1348.3157894736842
155,1308.0,1261.0,1474.0,1327.0,1588.0,1208.0,1484.0,1260.0,1350.0,1320.0,1674.0,1164.0,1390.0,1238.0,1427.0,1128.0,1511.0,1142.0,1446.0,,,,,,,,,,,1352.6315789473683
156,1302.0,1275.0,1490.0,1331.0,1619.0,1222.0,1485.0,1260.0,1385.0,1333.0,1684.0,1168.0,1381.0,1236.0,1439.0,1141.0,1515.0,1150.0,1448.0,,,,,,,,,,,1361.2631578947369
157,1294.0,1285.0,1514.0,1313.0,1585.0,1233.0,1480.0,1259.0,1378.0,1342.0,1659.0,1187.0,1392.0,1217.0,1463.0,1144.0,1524.0,1149.0,1480.0,,,,,,,,,,,1363.0526315789473
158,1319.0,1289.0,1484.0,1296.0,1568.0,1222.0,1490.0,1247.0,1379.0,1350.0,1662.0,1220.0,1415.0,1220.0,1462.0,1178.0,1521.0,1139.0,1484.0,,,,,,,,,,,1365.5263157894738
159,1308.0,1286.0,1469.0,1289.0,1546.0,1218.0,1481.0,1263.0,1373.0,1359.0,1669.0,1236.0,1443.0,1227.0,1475.0,1192.0,1540.0,1156.0,1494.0,,,,,,,,,,,1369.6842105263158
160,1302.0,1256.0,1473.0,1313.0,1568.0,1247.0,1470.0,1251.0,1359.0,1367.0,1640.0,1224.0,1446.0,1214.0,1473.0,1203.0,1517.0,1175.0,1457.0,,,,,,,,,,,1366.0526315789473
161,1315.0,1259.0,1459.0,1323.0,1571.0,1265.0,1480.0,1260.0,1357.0,1385.0,1635.0,1231.0,1416.0,1225.0,1498.0,1180.0,1493.0,1146.0,1452.0,,,,,,,,,,,1365.7894736842106
162,1290.0,1255.0,1481.0,1364.0,1585.0,1278.0,1462.0,1256.0,1393.0,1371.0,1638.0,1238.0,1412.0,1227.0,1509.0,1173.0,1480.0,1178.0,1447.0,,,,,,,,,,,1370.3684210526317
163,1298.0,1270.0,1492.0,1380.0,1569.0,1279.0,1467.0,1266.0,1351.0,1365.0,1642.0,1239.0,1470.0,1230.0,1456.0,1182.0,1488.0,1179.0,1484.0,,,,,,,,,,,1374.0526315789473
164,1315.0,1306.0,1481.0,1385.0,1529.0,1259.0,1477.0,1271.0,1357.0,1362.0,1641.0,1252.0,1465.0,1246.0,1473.0,1195.0,1516.0,1189.0,1467.0,,,,,,,,,,,1378.2105263157894
165,1322.0,1295.0,1489.0,1388.0,1524.0,1264.0,1503.0,1272.0,1372.0,1366.0,1607.0,1248.0,1457.0,1259.0,1493.0,1212.0,1506.0,1187.0,1455.0,,,,,,,,,,,1379.9473684210527
166,1337.0,1287.0,1504.0,1367.0,1510.0,1245.0,1458.0,1273.0,1382.0,1383.0,1594.0,1273.0,1439.0,1272.0,1483.0,1218.0,1517.0,1192.0,1432.0,,,,,,,,,,,1377.157894736842
167,1317.0,1282.0,1512.0,1373.0,1517.0,1251.0,1438.0,1312.0,1406.0,1386.0,1607.0,1265.0,1439.0,1266.0,1480.0,1242.0,1504.0,1198.0,1424.0,,,,,,,,,,,1379.9473684210527
168,1315.0,1266.0,1503.0,1353.0,1546.0,1263.0,1457.0,1308.0,1420.0,1385.0,1591.0,1276.0,1464.0,1252.0,1451.0,1235.0,1486.0,1192.0,1432.0,,,,,,,,,,,1378.6842105263158
169,1331.0,1276.0,1500.0,1344.0,1540.0,1289.0,1469.0,1315.0,1410.0,1392.0,1567.0,1272.0,1474.0,1269.0,1456.0,1217.0,1477.0,1208.0,1450.0,,,,,,,,,,,1381.8947368421052
170,1333.0,1277.0,1528.0,1360.0,1570.0,1276.0,1470.0,1312.0,1414.0,1374.0,1591.0,1291.0,1505.0,1254.0,1458.0,1190.0,1493.0,1206.0,1414.0,,,,,,,,,,,1385.0526315789473
171,1338.0,1268.0,1529.0,1353.0,1567.0,1254.0,1490.0,1290.0,1397.0,1366.0,1575.0,1299.0,1506.0,1257.0,1447.0,1205.0,1517.0,1189.0,1450.0,,,,,,,,,,,1384.0526315789473
172,1346.0,1284.0,1516.0,1333.0,1585.0,1240.0,1482.0,1302.0,1361.0,1374.0,1559.0,1304.0,1481.0,1268.0,1446.0,1215.0,1504.0,1221.0,1435.0,,,,,,,,,,,1381.8947368421052
173,1351.0,1316.0,1505.0,1308.0,1622.0,1256.0,1479.0,1309.0,1378.0,1363.0,1566.0,1322.0,1477.0,1273.0,1462.0,1208.0,1499.0,1209.0,1456.0,,,,,,,,,,,1387.3157894736842
174,1361.0,1310.0,1498.0,1302.0,1585.0,1236.0,1489.0,1307.0,1388.0,1385.0,1553.0,1348.0,1468.0,1262.0,1441.0,1181.0,1528.0,1218.0,1446.0,,,,,,,,,,,1384.5263157894738
175,1382.0,1308.0,1543.0,1336.0,1587.0,1222.0,1467.0,1318.0,1377.0,1371.0,1570.0,1336.0,1478.0,1283.0,1458.0,1189.0,1542.0,1207.0,1447.0,,,,,,,,,,,1390.578947368421
176,1393.0,1340.0,1541.0,1338.0,1578.0,1256.0,1473.0,1313.0,1407.0,1407.0,1539.0,1350.0,1480.0,1260.0,1426.0,1195.0,1542.0,1233.0,1461.0,,,,,,,,,,,1396.421052631579
177,1372.0,1347.0,1536.0,1345.0,1616.0,1257.0,1454.0,1332.0,1368.0,1406.0,1562.0,1362.0,1477.0,1254.0,1427.0,1197.0,1535.0,1251.0,1480.0,,,,,,,,,,,1398.842105263158
178,1377.0,1355.0,1529.0,1347.0,1629.0,1260.0,1448.0,1333.0,1401.0,1422.0,1569.0,1351.0,1452.0,1247.0,1411.0,1207.0,1546.0,1271.0,1466.0,,,,,,,,,,,1401.1052631578948
179,1372.0,1332.0,1564.0,1364.0,1609.0,1296.0,1442.0,1319.0,1382.0,1405.0,1572.0,1353.0,1469.0,1273.0,1419.0,1201.0,1514.0,1257.0,1491.0,,,,,,,,,,,1401.7894736842106
180,1382.0,1336.0,1577.0,1377.0,1610.0,1317.0,1438.0,1355.0,1376.0,1404.0,1585.0,1395.0,1475.0,1263.0,1426.0,1211.0,1517.0,1265.0,1469.0,,,,,,,,,,,1409.3684210526317
181,1410.0,1336.0,1570.0,1353.0,1599.0,1334.0,1447.0,1335.0,1371.0,1415.0,1600.0,1384.0,1464.0,1243.0,1416.0,1195.0,1495.0,1278.0,1478.0,,,,,,,,,,,1406.4736842105262
182,1389.0,1335.0,1559.0,1339.0,1589.0,1329.0,1467.0,1374.0,1405.0,1409.0,1597.0,1427.0,1481.0,1257.0,1427.0,1210.0,1510.0,1293.0,1469.0,,,,,,,,,,,1414.0
183,1386.0,1329.0,1538.0,1336.0,1570.0,1338.0,1453.0,1365.0,1382.0,1415.0,1598.0,1445.0,1490.0,1229.0,1416.0,1237.0,1511.0,1277.0,1485.0,,,,,,,,,,,1410.5263157894738
184,1398.0,1352.0,1524.0,1337.0,1566.0,1361.0,1434.0,1371.0,1393.0,1405.0,1597.0,1449.0,1511.0,1218.0,1412.0,1265.0,1499.0,1299.0,1480.0,,,,,,,,,,,1414.2631578947369
185,1406.0,1349.0,1521.0,1353.0,1571.0,1373.0,1439.0,1354.0,1363.0,1402.0,1580.0,1454.0,1532.0,1211.0,1450.0,1251.0,1523.0,1283.0,1502.0,,,,,,,,,,,1416.6842105263158
186,1409.0,1335.0,1506.0,1359.0,1545.0,1377.0,1449.0,1365.0,1364.0,1389.0,1583.0,1472.0,1529.0,1210.0,1451.0,1267.0,1503.0,1306.0,1477.0,,,,,,,,,,,1415.578947368421
187,1414.0,1345.0,1508.0,1349.0,1557.0,1358.0,1450.0,1377.0,1391.0,1406.0,1590.0,1476.0,1551.0,1208.0,1450.0,1259.0,1501.0,1275.0,1489.0,,,,,,,,,,,1418.6315789473683
188,1424.0,1339.0,1547.0,1333.0,1565.0,1381.0,1468.0,1361.0,1415.0,1396.0,1593.0,1472.0,1583.0,1211.0,1441.0,1255.0,1495.0,1286.0,1502.0,,,,,,,,,,,1424.578947368421
189,1440.0,1336.0,1536.0,1341.0,1557.0,1380.0,1466.0,1376.0,1371.0,1410.0,1590.0,1481.0,1567.0,1223.0,1440.0,1258.0,1502.0,1290.0,1524.0,,,,,,,,,,,1425.6842105263158
190,1442.0,1314.0,1510.0,1374.0,1563.0,1381.0,1445.0,1385.0,1400.0,1388.0,1628.0,1493.0,1564.0,1215.0,1440.0,1268.0,1509.0,1281.0,1524.0,,,,,,,,,,,1427.578947368421
191,1427.0,1325.0,1507.0,1355.0,1557.0,1353.0,1415.0,1395.0,1370.0,1404.0,1609.0,1474.0,1559.0,1229.0,1457.0,1262.0,1536.0,1272.0,1545.0,,,,,,,,,,,1423.7368421052631
192,1414.0,1326.0,1506.0,1346.0,1572.0,1367.0,1405.0,1392.0,1397.0,1451.0,1609.0,1461.0,1556.0,1231.0,1436.0,1292.0,1518.0,1269.0,1552.0,,,,,,,,,,,1426.3157894736842
193,1397.0,1372.0,1501.0,1352.0,1561.0,1358.0,1432.0,1428.0,1459.0,1463.0,1626.0,1448.0,1548.0,1214.0,1440.0,1283.0,1537.0,1269.0,1530.0,,,,,,,,,,,1432.5263157894738
194,1423.0,1365.0,1492.0,1350.0,1558.0,1364.0,1432.0,1430.0,1456.0,1440.0,1645.0,1466.0,1554.0,1214.0,1441.0,1316.0,1561.0,1258.0,1524.0,,,,,,,,,,,1436.2631578947369
195,1442.0,1380.0,1494.0,1343.0,1582.0,1356.0,1394.0,1394.0,1426.0,1432.0,1622.0,1486.0,1529.0,1231.0,1450.0,1318.0,1528.0,1300.0,1529.0,,,,,,,,,,,1433.4736842105262
196,1440.0,1377.0,1468.0,1365.0,1557.0,1344.0,1411.0,1399.0,1405.0,1462.0,1613.0,1516.0,1519.0,1239.0,1460.0,1307.0,1528.0,1281.0,1549.0,,,,,,,,,,,1433.6842105263158
197,1428.0,1382.0,1484.0,1368.0,1568.0,1343.0,1416.0,1392.0,1410.0,1449.0,1634.0,1479.0,1562.0,1245.0,1429.0,1343.0,1522.0,1266.0,1533.0,,,,,,,,,,,1434.3684210526317
198,1431.0,1376.0,1492.0,1385.0,1577.0,1335.0,1448.0,1408.0,1382.0,1458.0,1644.0,1476.0,1546.0,1249.0,1436.0,1337.0,1523.0,1258.0,1526.0,,,,,,,,,,,1436.157894736842
199,1458.0,1401.0,1540.0,1368.0,1594.0,1332.0,1408.0,1414.0,1395.0,1452.0,1647.0,1453.0,1531.0,1258.0,1450.0,1318.0,1501.0,1286.0,1512.0,,,,,,,,,,,1437.7894736842106
200,1461.0,1383.0,1541.0,1387.0,1605.0,1338.0,1443.0,1405.0,1380.0,1503.0,1641.0,1455.0,1543.0,1275.0,1449.0,1319.0,1498.0,1284.0,1526.0,,,,,,,,,,,1444.0
201,1467.0,1392.0,1540.0,1407.0,1594.0,1367.0,1426.0,1429.0,1413.0,1510.0,1679.0,1458.0,1565.0,1293.0,1443.0,1315.0,1508.0,1283.0,1528.0,,,,,,,,,,,1453.5263157894738
202,1454.0,1361.0,1554.0,1417.0,1600.0,1370.0,1412.0,1451.0,1436.0,1499.0,1667.0,1445.0,1555.0,1281.0,1412.0,1299.0,1517.0,1303.0,1537.0,,,,,,,,,,,1451.0526315789473
203,1433.0,1390.0,1539.0,1423.0,1585.0,1374.0,1418.0,1443.0,1434.0,1498.0,1665.0,1481.0,1550.0,1295.0,1410.0,1283.0,1493.0,1295.0,1523.0,,,,,,,,,,,1449.0526315789473
204,1447.0,1396.0,1553.0,1403.0,1552.0,1383.0,1427.0,1459.0,1441.0,1492.0,1658.0,1481.0,1571.0,1295.0,1417.0,1282.0,1495.0,1298.0,1500.0,,,,,,,,,,,1450.0
205,1462.0,1380.0,1558.0,1421.0,1578.0,1381.0,1393.0,1463.0,1419.0,1509.0,1674.0,1472.0,1546.0,1286.0,1410.0,1274.0,1502.0,1320.0,1512.0,,,,,,,,,,,1450.5263157894738
206,1434.0,1380.0,1568.0,1403.0,1568.0,1369.0,1435.0,1467.0,1434.0,1488.0,1676.0,1462.0,1558.0,1288.0,1424.0,1285.0,1507.0,1347.0,1481.0,,,,,,,,,,,1451.2631578947369
207,1456.0,1342.0,1568.0,1422.0,1573.0,1364.0,1417.0,1475.0,1418.0,1476.0,1699.0,1450.0,1554.0,1269.0,1449.0,1298.0,1511.0,1337.0,1495.0,,,,,,,,,,,1451.2105263157894
208,1431.0,1360.0,1575.0,1435.0,1594.0,1399.0,1380.0,1484.0,1411.0,1450.0,1661.0,1450.0,1508.0,1273.0,1446.0,1292.0,1513.0,1335.0,1495.0,,,,,,,,,,,1446.9473684210527
209,1459.0,1389.0,1580.0,1429.0,1593.0,1373.0,1396.0,1480.0,1387.0,1475.0,1642.0,1438.0,1541.0,1295.0,1458.0,1280.0,1495.0,1341.0,1449.0,,,,,,,,,,,1447.3684210526317
210,1453.0,1424.0,1578.0,1430.0,1576.0,1398.0,1369.0,1460.0,1379.0,1457.0,1626.0,1448.0,1560.0,1276.0,1496.0,1304.0,1516.0,1324.0,1478.0,,,,,,,,,,,1450.1052631578948
211,1460.0,1436.0,1575.0,1432.0,1584.0,1401.0,1436.0,1465.0,1389.0,1459.0,1661.0,1451.0,1570.0,1285.0,1488.0,1304.0,1529.0,1322.0,1478.0,,,,,,,,,,,1459.2105263157894
212,1464.0,1412.0,1575.0,1456.0,1562.0,1396.0,1441.0,1449.0,1382.0,1462.0,1639.0,1494.0,1580.0,1286.0,1481.0,1306.0,1527.0,1330.0,1476.0,,,,,,,,,,,1458.842105263158
213,1455.0,1427.0,1589.0,1476.0,1554.0,1399.0,1444.0,1469.0,1386.0,1495.0,1659.0,1520.0,1556.0,1287.0,1469.0,1265.0,1524.0,1328.0,1459.0,,,,,,,,,,,1461.1052631578948
214,1453.0,1436.0,1631.0,1481.0,1549.0,1412.0,1442.0,1468.0,1400.0,1496.0,1632.0,1499.0,1551.0,1307.0,1488.0,1297.0,1532.0,1315.0,1457.0,,,,,,,,,,,1465.578947368421
215,1434.0,1408.0,1603.0,1479.0,1538.0,1432.0,1420.0,1460.0,1386.0,1523.0,1649.0,1467.0,1562.0,1301.0,1488.0,1301.0,1517.0,1310.0,1458.0,,,,,,,,,,,1459.7894736842106
216,1464.0,1383.0,1593.0,1484.0,1583.0,1428.0,1423.0,1454.0,1419.0,1499.0,1652.0,1470.0,1562.0,1323.0,1445.0,1296.0,1493.0,1305.0,1463.0,,,,,,,,,,,1459.9473684210527
217,1473.0,1374.0,1574.0,1468.0,1567.0,1437.0,1441.0,1453.0,1417.0,1501.0,1663.0,1475.0,1530.0,1313.0,1468.0,1260.0,1495.0,1294.0,1471.0,,,,,,,,,,,1456.5263157894738
218,1485.0,1379.0,1539.0,1463.0,1597.0,1464.0,1416.0,1460.0,1415.0,1523.0,1695.0,1469.0,1540.0,1312.0,1461.0,1279.0,1494.0,1298.0,1460.0,,,,,,,,,,,1460.4736842105262
219,1497.0,1399.0,1541.0,1479.0,1600.0,1429.0,1434.0,1489.0,1398.0,1533.0,1713.0,1474.0,1535.0,1313.0,1479.0,1321.0,1516.0,1301.0,1464.0,,,,,,,,,,,1469.2105263157894
220,1474.0,1367.0,1537.0,1482.0,1608.0,1438.0,1470.0,1490.0,1398.0,1528.0,1707.0,1463.0,1515.0,1331.0,1479.0,1306.0,1530.0,1304.0,1458.0,,,,,,,,,,,1467.6315789473683
221,1481.0,1374.0,1539.0,1438.0,1597.0,1421.0,1442.0,1487.0,1417.0,1511.0,1713.0,1480.0,1540.0,1333.0,1512.0,1309.0,1562.0,1327.0,1476.0,,,,,,,,,,,1471.5263157894738
222,1500.0,1354.0,1521.0,1438.0,1574.0,1453.0,1460.0,1491.0,1426.0,1512.0,1706.0,1492.0,1551.0,1317.0,1501.0,1302.0,1559.0,1345.0,1474.0,,,,,,,,,,,1472.421052631579
223,1495.0,1379.0,1552.0,1446.0,1572.0,1464.0,1454.0,1498.0,1445.0,1501.0,1690.0,1516.0,1526.0,1307.0,1515.0,1298.0,1557.0,1354.0,1473.0,,,,,,,,,,,1475.8947368421052
224,1513.0,1379.0,1535.0,1477.0,1604.0,1487.0,1470.0,1526.0,1458.0,1512.0,1715.0,1501.0,1545.0,1321.0,1507.0,1290.0,1538.0,1364.0,1487.0,,,,,,,,,,,1485.7368421052631
225,1494.0,1380.0,1533.0,1473.0,1593.0,1477.0,1441.0,1528.0,1478.0,1498.0,1698.0,1495.0,1553.0,1330.0,1520.0,1320.0,1557.0,1357.0,1500.0,,,,,,,,,,,1485.5263157894738
226,1478.0,1387.0,1553.0,1484.0,1592.0,1460.0,1435.0,1536.0,1475.0,1497.0,1691.0,1486.0,1583.0,1319.0,1538.0,1351.0,1540.0,1392.0,1557.0,,,,,,,,,,,1492.3157894736842
227,1483.0,1418.0,1554.0,1500.0,1566.0,1492.0,1432.0,1535.0,1472.0,1501.0,1662.0,1516.0,1595.0,1307.0,1556.0,1364.0,1527.0,1378.0,1539.0,,,,,,,,,,,1494.578947368421
228,1491.0,1437.0,1574.0,1522.0,1580.0,1490.0,1439.0,1533.0,1480.0,1526.0,1652.0,1504.0,1576.0,1302.0,1551.0,1345.0,1540.0,1383.0,1560.0,,,,,,,,,,,1499.2105263157894
229,1508.0,1442.0,1528.0,1530.0,1560.0,1491.0,1441.0,1500.0,1486.0,1534.0,1654.0,1510.0,1553.0,1335.0,1563.0,1346.0,1543.0,1376.0,1529.0,,,,,,,,,,,1496.2631578947369
230,1519.0,1440.0,1536.0,1519.0,1577.0,1477.0,1435.0,1514.0,1507.0,1515.0,1686.0,1490.0,1572.0,1335.0,1568.0,1352.0,1566.0,1354.0,1527.0,,,,,,,,,,,1499.421052631579
231,1535.0,1446.0,1527.0,1548.0,1603.0,1454.0,1476.0,1500.0,1498.0,1541.0,1688.0,1470.0,1567.0,1340.0,1560.0,1356.0,1587.0,1340.0,1540.0,,,,,,,,,,,1504.0
232,1522.0,1448.0,1508.0,1556.0,1613.0,1440.0,1471.0,1510.0,1495.0,1534.0,1702.0,1505.0,1545.0,1346.0,1559.0,1368.0,1577.0,1355.0,1581.0,,,,,,,,,,,1507.1052631578948
233,1522.0,1441.0,1553.0,1529.0,1596.0,1463.0,1488.0,1529.0,1519.0,1503.0,1690.0,1512.0,1561.0,1351.0,1551.0,1378.0,1554.0,1363.0,1554.0,,,,,,,,,,,1508.2631578947369
234,1524.0,1439.0,1538.0,1516.0,1577.0,1455.0,1458.0,1505.0,1519.0,1481.0,1687.0,1506.0,1605.0,1346.0,1580.0,1380.0,1559.0,1396.0,1571.0,,,,,,,,,,,1507.4736842105262
235,1512.0,1445.0,1541.0,1514.0,1557.0,1444.0,1460.0,1507.0,1509.0,1478.0,1646.0,1503.0,1587.0,1326.0,1576.0,1371.0,1570.0,1423.0,1547.0,,,,,,,,,,,1500.842105263158
236,1511.0,1446.0,1525.0,1490.0,1554.0,1451.0,1477.0,1499.0,1502.0,1465.0,1643.0,1513.0,1594.0,1325.0,1585.0,1379.0,1566.0,1429.0,1548.0,,,,,,,,,,,1500.1052631578948
237,1527.0,1432.0,1572.0,1513.0,1578.0,1431.0,1498.0,1525.0,1525.0,1506.0,1671.0,1502.0,1604.0,1324.0,1587.0,1376.0,1524.0,1424.0,1562.0,,,,,,,,,,,1509.5263157894738
238,1506.0,1443.0,1541.0,1479.0,1553.0,1451.0,1513.0,1510.0,1518.0,1521.0,1699.0,1509.0,1592.0,1331.0,1601.0,1384.0,1509.0,1425.0,1569.0,,,,,,,,,,,1508.1052631578948
239,1520.0,1445.0,1573.0,1491.0,1572.0,1443.0,1489.0,1514.0,1529.0,1520.0,1671.0,1514.0,1595.0,1333.0,1617.0,1356.0,1518.0,1435.0,1554.0,,,,,,,,,,,1509.9473684210527
240,1478.0,1456.0,1557.0,1494.0,1588.0,1439.0,1462.0,1505.0,1509.0,1508.0,1680.0,1503.0,1586.0,1328.0,1629.0,1370.0,1543.0,1432.0,1537.0,,,,,,,,,,,1505.4736842105262
241,1454.0,1441.0,1598.0,1490.0,1594.0,1451.0,1447.0,1545.0,1511.0,1516.0,1659.0,1481.0,1584.0,1340.0,1598.0,1376.0,1517.0,1415.0,1557.0,,,,,,,,,,,1503.8947368421052
242,1491.0,1427.0,1628.0,1498.0,1603.0,1467.0,1455.0,1529.0,1525.0,1514.0,1690.0,1500.0,1607.0,1331.0,1605.0,1380.0,1511.0,1411.0,1553.0,,,,,,,,,,,1511.842105263158
243,1503.0,1453.0,1617.0,1518.0,1602.0,1492.0,1458.0,1521.0,1517.0,1533.0,1697.0,1502.0,1562.0,1318.0,1603.0,1397.0,1488.0,1407.0,1557.0,,,,,,,,,,,1512.8947368421052
244,1517.0,1450.0,1617.0,1508.0,1565.0,1471.0,1488.0,1529.0,1491.0,1542.0,1666.0,1528.0,1554.0,1337.0,1602.0,1370.0,1522.0,1391.0,1579.0,,,,,,,,,,,1511.9473684210527
245,1533.0,1455.0,1600.0,1512.0,1579.0,1472.0,1511.0,1540.0,1524.0,1539.0,1687.0,1517.0,1534.0,1339.0,1582.0,1366.0,1567.0,1387.0,1539.0,,,,,,,,,,,1514.8947368421052
246,1530.0,1449.0,1624.0,1510.0,1555.0,1482.0,1545.0,1552.0,1522.0,1515.0,1697.0,1534.0,1549.0,1346.0,1580.0,1368.0,1577.0,1392.0,1576.0,,,,,,,,,,,1521.2105263157894
247,1514.0,1489.0,1633.0,1491.0,1589.0,1494.0,1532.0,1575.0,1530.0,1494.0,1678.0,1535.0,1571.0,1340.0,1564.0,1368.0,1589.0,1397.0,1562.0,,,,,,,,,,,1523.421052631579
248,1509.0,1484.0,1623.0,1526.0,1560.0,1477.0,1517.0,1566.0,1532.0,1502.0,1700.0,1512.0,1568.0,1331.0,1584.0,1356.0,1594.0,1418.0,1551.0,,,,,,,,,,,1521.578947368421
249,1537.0,1470.0,1613.0,1534.0,1545.0,1491.0,1508.0,1565.0,1514.0,1493.0,1719.0,1502.0,1563.0,1330.0,1578.0,1363.0,1600.0,1414.0,1527.0,,,,,,,,,,,1519.2631578947369
250,1545.0,1485.0,1583.0,1524.0,1527.0,1518.0,1485.0,1569.0,1510.0,1522.0,1715.0,1494.0,1535.0,1316.0,1549.0,1391.0,1601.0,1412.0,1564.0,,,,,,,,,,,1518.157894736842
251,1537.0,1498.0,1613.0,1560.0,1542.0,1503.0,1508.0,1565.0,1517.0,1524.0,1726.0,1486.0,1529.0,1335.0,1520.0,1400.0,1591.0,1436.0,1548.0,,,,,,,,,,,1523.0526315789473
252,1523.0,1482.0,1632.0,1534.0,1547.0,1511.0,1484.0,1595.0,1526.0,1522.0,1717.0,1482.0,1572.0,1349.0,1527.0,1386.0,1580.0,1431.0,1562.0,,,,,,,,,,,1524.3157894736842
253,1513.0,1475.0,1619.0,1524.0,1556.0,1506.0,1480.0,1576.0,1534.0,1510.0,1763.0,1493.0,1581.0,1356.0,1521.0,1375.0,1584.0,1424.0,1541.0,,,,,,,,,,,1522.6842105263158
254,1502.0,1490.0,1635.0,1516.0,1585.0,1509.0,1492.0,1571.0,1561.0,1515.0,1768.0,1482.0,1582.0,1349.0,1501.0,1359.0,1587.0,1424.0,1529.0,,,,,,,,,,,1524.0526315789473
255,1507.0,1512.0,1629.0,1523.0,1542.0,1521.0,1465.0,1549.0,1580.0,1524.0,1745.0,1528.0,1551.0,1371.0,1530.0,1336.0,1601.0,1414.0,1514.0,,,,,,,,,,,1523.2631578947369
256,1503.0,1498.0,1708.0,1508.0,1576.0,1545.0,1476.0,1550.0,1573.0,1514.0,1713.0,1523.0,1569.0,1341.0,1517.0,1371.0,1566.0,1435.0,1533.0,,,,,,,,,,,1527.3157894736842
257,1524.0,1487.0,1685.0,1497.0,1557.0,1525.0,1471.0,1527.0,1577.0,1513.0,1724.0,1538.0,1579.0,1333.0,1524.0,1383.0,1551.0,1433.0,1539.0,,,,,,,,,,,1524.578947368421
258,1547.0,1496.0,1690.0,1502.0,1572.0,1506.0,1471.0,1542.0,1591.0,1521.0,1700.0,1552.0,1577.0,1325.0,1503.0,1386.0,1562.0,1449.0,1510.0,,,,,,,,,,,1526.421052631579
259,1539.0,1519.0,1676.0,1510.0,1541.0,1484.0,1482.0,1531.0,1588.0,1522.0,1691.0,1551.0,1579.0,1357.0,1529.0,1404.0,1606.0,1435.0,1510.0,,,,,,,,,,,1529.157894736842
260,1524.0,1523.0,1653.0,1502.0,1550.0,1498.0,1458.0,1566.0,1573.0,1549.0,1696.0,1559.0,1539.0,1353.0,1521.0,1399.0,1610.0,1419.0,1531.0,,,,,,,,,,,1527.5263157894738
261,1522.0,1508.0,1658.0,1522.0,1535.0,1534.0,1487.0,1581.0,1566.0,1589.0,1668.0,1565.0,1542.0,1354.0,1528.0,1407.0,1555.0,1402.0,1555.0,,,,,,,,,,,1530.421052631579
262,1538.0,1527.0,1643.0,1516.0,1571.0,1551.0,1477.0,1581.0,1550.0,1592.0,1693.0,1552.0,1567.0,1369.0,1549.0,1404.0,1578.0,1413.0,1529.0,,,,,,,,,,,1536.842105263158
263,1535.0,1550.0,1653.0,1481.0,1585.0,1545.0,1480.0,1565.0,1511.0,1569.0,1689.0,1543.0,1546.0,1353.0,1511.0,1411.0,1569.0,1403.0,1555.0,,,,,,,,,,,1529.157894736842
264,1549.0,1521.0,1655.0,1489.0,1569.0,1568.0,1442.0,1565.0,1533.0,1567.0,1714.0,1526.0,1570.0,1339.0,1522.0,1396.0,1579.0,1408.0,1564.0,,,,,,,,,,,1530.3157894736842
265,1555.0,1518.0,1657.0,1490.0,1597.0,1504.0,1449.0,1567.0,1542.0,1579.0,1667.0,1540.0,1600.0,1341.0,1530.0,1413.0,1577.0,1419.0,1582.0,,,,,,,,,,,1533.0
266,1592.0,1519.0,1632.0,1490.0,1609.0,1501.0,1475.0,1599.0,1568.0,1550.0,1692.0,1542.0,1612.0,1333.0,1507.0,1422.0,1606.0,1421.0,1593.0,,,,,,,,,,,1540.157894736842
267,1576.0,1510.0,1635.0,1463.0,1581.0,1507.0,1443.0,1596.0,1570.0,1565.0,1692.0,1560.0,1623.0,1336.0,1536.0,1429.0,1603.0,1455.0,1538.0,,,,,,,,,,,1537.7894736842106
268,1582.0,1503.0,1632.0,1495.0,1574.0,1526.0,1468.0,1566.0,1610.0,1594.0,1689.0,1550.0,1596.0,1323.0,1532.0,1453.0,1623.0,1438.0,1555.0,,,,,,,,,,,1542.578947368421
269,1577.0,1507.0,1658.0,1479.0,1558.0,1539.0,1464.0,1575.0,1599.0,1594.0,1666.0,1534.0,1628.0,1356.0,1536.0,1461.0,1629.0,1436.0,1557.0,,,,,,,,,,,1544.8947368421052
270,1561.0,1507.0,1686.0,1489.0,1604.0,1531.0,1471.0,1562.0,1596.0,1583.0,1671.0,1530.0,1585.0,1370.0,1552.0,1439.0,1668.0,1434.0,1607.0,,,,,,,,,,,1549.7894736842106
271,1574.0,1537.0,1657.0,1497.0,1595.0,1536.0,1475.0,1576.0,1604.0,1555.0,1665.0,1516.0,1622.0,1394.0,1539.0,1454.0,1685.0,1427.0,1587.0,,,,,,,,,,,1552.3684210526317
272,1567.0,1541.0,1653.0,1485.0,1565.0,1541.0,1463.0,1580.0,1612.0,1559.0,1629.0,1526.0,1635.0,1382.0,1532.0,1417.0,1656.0,1407.0,1567.0,,,,,,,,,,,1543.0
273,1571.0,1558.0,1667.0,1487.0,1573.0,1546.0,1474.0,1629.0,1636.0,1556.0,1607.0,1541.0,1638.0,1383.0,1504.0,1440.0,1682.0,1401.0,1532.0,,,,,,,,,,,1548.6842105263158
274,1601.0,1532.0,1692.0,1501.0,1578.0,1518.0,1479.0,1614.0,1616.0,1580.0,1616.0,1537.0,1631.0,1358.0,1524.0,1440.0,1660.0,1402.0,1534.0,,,,,,,,,,,1548.0526315789473
275,1600.0,1545.0,1724.0,1507.0,1573.0,1507.0,1507.0,1638.0,1590.0,1602.0,1624.0,1546.0,1625.0,1361.0,1530.0,1414.0,1664.0,1424.0,1564.0,,,,,,,,,,,1555.0
276,1605.0,1534.0,1694.0,1521.0,1601.0,1517.0,1493.0,1628.0,1603.0,1593.0,1621.0,1513.0,1616.0,1366.0,1537.0,1420.0,1636.0,1414.0,1562.0,,,,,,,,,,,1551.2631578947369
277,1607.0,1529.0,1680.0,1511.0,1591.0,1531.0,1495.0,1628.0,1605.0,1568.0,1634.0,1497.0,1649.0,1379.0,1496.0,1417.0,1624.0,1414.0,1576.0,,,,,,,,,,,1549.0
278,1640.0,1515.0,1679.0,1522.0,1564.0,1544.0,1487.0,1633.0,1571.0,1569.0,1610.0,1488.0,1630.0,1353.0,1508.0,1417.0,1626.0,1409.0,1549.0,,,,,,,,,,,1542.842105263158
279,1598.0,1499.0,1682.0,1498.0,1572.0,1545.0,1479.0,1640.0,1596.0,1598.0,1596.0,1505.0,1606.0,1377.0,1500.0,1432.0,1603.0,1409.0,1554.0,,,,,,,,,,,1541.5263157894738
280,1588.0,1504.0,1687.0,1529.0,1594.0,1544.0,1456.0,1628.0,1585.0,1600.0,1599.0,1491.0,1617.0,1386.0,1518.0,1433.0,1571.0,1388.0,1566.0,,,,,,,,,,,1541.2631578947369
281,1588.0,1523.0,1707.0,1539.0,1604.0,1536.0,1460.0,1617.0,1613.0,1578.0,1628.0,1492.0,1610.0,1401.0,1507.0,1438.0,1598.0,1417.0,1568.0,,,,,,,,,,,1548.6315789473683
282,1610.0,1525.0,1697.0,1562.0,1592.0,1557.0,1464.0,1612.0,1609.0,1588.0,1630.0,1482.0,1568.0,1389.0,1521.0,1435.0,1607.0,1396.0,1566.0,,,,,,,,,,,1547.8947368421052
283,1599.0,1512.0,1697.0,1563.0,1592.0,1547.0,1461.0,1627.0,1645.0,1576.0,1614.0,1507.0,1570.0,1400.0,1522.0,1434.0,1622.0,1379.0,1535.0,,,,,,,,,,,1547.4736842105262
284,1595.0,1510.0,1691.0,1563.0,1578.0,1540.0,1485.0,1629.0,1630.0,1585.0,1594.0,1497.0,1583.0,1432.0,1540.0,1421.0,1628.0,1375.0,1532.0,,,,,,,,,,,1547.7894736842106
285,1618.0,1495.0,1705.0,1544.0,1603.0,1529.0,1494.0,1661.0,1638.0,1575.0,1605.0,1504.0,1561.0,1442.0,1516.0,1431.0,1611.0,1370.0,1491.0,,,,,,,,,,,1547.0
286,1607.0,1529.0,1711.0,1539.0,1587.0,1537.0,1521.0,1645.0,1633.0,1587.0,1618.0,1520.0,1588.0,1428.0,1491.0,1435.0,1622.0,1357.0,1529.0,,,,,,,,,,,1551.7894736842106
287,1609.0,1530.0,1695.0,1512.0,1613.0,1566.0,1501.0,1664.0,1655.0,1582.0,1612.0,1497.0,1590.0,1436.0,1539.0,1455.0,1642.0,1350.0,1524.0,,,,,,,,,,,1556.421052631579
288,1601.0,1554.0,1753.0,1536.0,1619.0,1568.0,1513.0,1677.0,1637.0,1592.0,1621.0,1524.0,1561.0,1441.0,1577.0,1448.0,1644.0,1346.0,1513.0,,,,,,,,,,,1564.4736842105262
289,1618.0,1555.0,1739.0,1524.0,1607.0,1572.0,1540.0,1671.0,1643.0,1555.0,1630.0,1557.0,1577.0,1437.0,1571.0,1446.0,1618.0,1352.0,1516.0,,,,,,,,,,,1564.6315789473683
290,1578.0,1515.0,1713.0,1524.0,1615.0,1593.0,1509.0,1648.0,1615.0,1584.0,1660.0,1578.0,1575.0,1459.0,1540.0,1430.0,1606.0,1375.0,1526.0,,,,,,,,,,,1560.157894736842
291,1575.0,1534.0,1692.0,1538.0,1642.0,1593.0,1514.0,1641.0,1605.0,1583.0,1631.0,1572.0,1576.0,1439.0,1540.0,1431.0,1673.0,1376.0,1509.0,,,,,,,,,,,1561.2631578947369
292,1567.0,1525.0,1677.0,1526.0,1632.0,1626.0,1526.0,1652.0,1574.0,1570.0,1609.0,1576.0,1535.0,1457.0,1527.0,1429.0,1651.0,1415.0,1511.0,,,,,,,,,,,1557.1052631578948
293,1574.0,1539.0,1676.0,1528.0,1611.0,1623.0,1546.0,1645.0,1616.0,1594.0,1593.0,1580.0,1544.0,1462.0,1522.0,1430.0,1626.0,1433.0,1525.0,,,,,,,,,,,1561.421052631579
294,1571.0,1528.0,1685.0,1526.0,1610.0,1612.0,1517.0,1636.0,1589.0,1553.0,1570.0,1579.0,1556.0,1439.0,1562.0,1433.0,1612.0,1416.0,1539.0,,,,,,,,,,,1554.3684210526317
295,1562.0,1551.0,1736.0,1552.0,1609.0,1639.0,1546.0,1614.0,1580.0,1572.0,1575.0,1565.0,1571.0,1447.0,1553.0,1445.0,1631.0,1399.0,1532.0,,,,,,,,,,,1562.0526315789473
296,1583.0,1535.0,1692.0,1534.0,1598.0,1644.0,1558.0,1611.0,1576.0,1570.0,1582.0,1557.0,1586.0,1470.0,1547.0,1435.0,1618.0,1402.0,1506.0,,,,,,,,,,,1558.1052631578948
297,1581.0,1537.0,1693.0,1519.0,1639.0,1621.0,1529.0,1621.0,1591.0,1582.0,1593.0,1576.0,1593.0,1463.0,1525.0,1420.0,1594.0,1416.0,1517.0,,,,,,,,,,,1558.421052631579
298,1572.0,1548.0,1719.0,1535.0,1645.0,1622.0,1535.0,1611.0,1629.0,1578.0,1584.0,1575.0,1577.0,1459.0,1509.0,1420.0,1597.0,1412.0,1542.0,,,,,,,,,,,1561.5263157894738
299,1563.0,1521.0,1717.0,1520.0,1610.0,1627.0,1549.0,1633.0,1608.0,1581.0,1614.0,1608.0,1567.0,1469.0,1540.0,1431.0,1615.0,1404.0,1561.0,,,,,,,,,,,1565.157894736842
300,1555.0,1548.0,1729.0,1526.0,1592.0,1617.0,1556.0,1630.0,1636.0,1574.0,1627.0,1601.0,1569.0,1472.0,1571.0,1443.0,1644.0,1426.0,1561.0,,,,,,,,,,,1572.4736842105262
301,1559.0,1558.0,1714.0,1509.0,1553.0,1616.0,1542.0,1639.0,1635.0,1566.0,1635.0,1593.0,1544.0,1499.0,1601.0,1436.0,1643.0,1422.0,1553.0,,,,,,,,,,,1569.3157894736842
302,1574.0,1559.0,1716.0,1509.0,1585.0,1644.0,1528.0,1613.0,1611.0,1589.0,1633.0,1574.0,1553.0,1496.0,1588.0,1468.0,1672.0,1417.0,1547.0,,,,,,,,,,,1572.421052631579
303,1559.0,1533.0,1733.0,1533.0,1574.0,1652.0,1524.0,1626.0,1590.0,1607.0,1634.0,1578.0,1563.0,1461.0,1586.0,1472.0,1669.0,1424.0,1568.0,,,,,,,,,,,1572.9473684210527
304,1550.0,1506.0,1724.0,1529.0,1565.0,1681.0,1549.0,1601.0,1598.0,1588.0,1611.0,1580.0,1550.0,1470.0,1566.0,1468.0,1690.0,1425.0,1584.0,,,,,,,,,,,1570.2631578947369
305,1551.0,1522.0,1747.0,1520.0,1580.0,1668.0,1553.0,1606.0,1586.0,1602.0,1592.0,1578.0,1557.0,1473.0,1589.0,1463.0,1685.0,1447.0,1598.0,,,,,,,,,,,1574.578947368421
306,1560.0,1521.0,1775.0,1551.0,1592.0,1644.0,1527.0,1605.0,1597.0,1601.0,1599.0,1585.0,1563.0,1499.0,1568.0,1459.0,1721.0,1430.0,1602.0,,,,,,,,,,,1578.8947368421052
307,1570.0,1564.0,1758.0,1576.0,1576.0,1607.0,1528.0,1602.0,1565.0,1610.0,1594.0,1591.0,1595.0,1482.0,1562.0,1453.0,1693.0,1437.0,1607.0,,,,,,,,,,,1577.3684210526317
308,1569.0,1569.0,1754.0,1566.0,1577.0,1631.0,1536.0,1591.0,1581.0,1614.0,1583.0,1591.0,1598.0,1498.0,1576.0,1459.0,1675.0,1434.0,1638.0,,,,,,,,,,,1581.0526315789473
309,1570.0,1563.0,1728.0,1576.0,1593.0,1609.0,1552.0,1566.0,1609.0,1591.0,1564.0,1611.0,1620.0,1517.0,1564.0,1442.0,1684.0,1435.0,1631.0,,,,,,,,,,,1580.2631578947369
310,1581.0,1560.0,1729.0,1555.0,1598.0,1642.0,1557.0,1557.0,1603.0,1599.0,1542.0,1591.0,1621.0,1508.0,1560.0,1423.0,1682.0,1459.0,1664.0,,,,,,,,,,,1580.578947368421
311,1579.0,1580.0,1725.0,1551.0,1636.0,1642.0,1547.0,1571.0,1609.0,1592.0,1558.0,1576.0,1622.0,1510.0,1590.0,1434.0,1673.0,1445.0,1646.0,,,,,,,,,,,1583.4736842105262
312,1599.0,1581.0,1718.0,1576.0,1648.0,1651.0,1534.0,1570.0,1638.0,1608.0,1542.0,1608.0,1618.0,1516.0,1600.0,1430.0,1693.0,1451.0,1596.0,,,,,,,,,,,1588.2631578947369
313,1603.0,1583.0,1727.0,1571.0,1672.0,1636.0,1552.0,1575.0,1667.0,1613.0,1600.0,1604.0,1615.0,1506.0,1594.0,1462.0,1674.0,1463.0,1597.0,,,,,,,,,,,1595.4736842105262
314,1631.0,1589.0,1721.0,1608.0,1645.0,1620.0,1519.0,1579.0,1665.0,1602.0,1601.0,1621.0,1639.0,1493.0,1586.0,1461.0,1674.0,1444.0,1610.0,,,,,,,,,,,1595.157894736842
315,1601.0,1585.0,1725.0,1607.0,1652.0,1638.0,1542.0,1563.0,1628.0,1635.0,1573.0,1645.0,1647.0,1487.0,1576.0,1474.0,1682.0,1434.0,1619.0,,,,,,,,,,,1595.421052631579
316,1584.0,1558.0,1710.0,1620.0,1655.0,1645.0,1528.0,1563.0,1654.0,1630.0,1555.0,1636.0,1626.0,1498.0,1586.0,1490.0,1654.0,1445.0,1596.0,,,,,,,,,,,1591.2105263157894
317,1578.0,1586.0,1727.0,1604.0,1650.0,1669.0,1556.0,1565.0,1663.0,1602.0,1567.0,1628.0,1658.0,1512.0,1571.0,1492.0,1680.0,1446.0,1619.0,,,,,,,,,,,1598.578947368421
318,1597.0,1563.0,1702.0,1576.0,1668.0,1662.0,1572.0,1569.0,1680.0,1595.0,1570.0,1643.0,1645.0,1507.0,1550.0,1506.0,1665.0,1455.0,1614.0,,,,,,,,,,,1596.7894736842106
319,1637.0,1578.0,1720.0,1589.0,1663.0,1640.0,1598.0,1568.0,1657.0,1615.0,1580.0,1634.0,1655.0,1512.0,1518.0,1502.0,1679.0,1436.0,1628.0,,,,,,,,,,,1600.4736842105262
320,1618.0,1594.0,1720.0,1584.0,1662.0,1622.0,1583.0,1571.0,1657.0,1638.0,1575.0,1636.0,1614.0,1520.0,1542.0,1534.0,1695.0,1459.0,1595.0,,,,,,,,,,,1601.0
321,1621.0,1582.0,1759.0,1596.0,1653.0,1634.0,1579.0,1562.0,1645.0,1621.0,1584.0,1621.0,1607.0,1537.0,1567.0,1541.0,1680.0,1478.0,1545.0,,,,,,,,,,,1600.6315789473683
322,1632.0,1580.0,1716.0,1615.0,1651.0,1625.0,1615.0,1588.0,1666.0,1609.0,1611.0,1652.0,1619.0,1555.0,1571.0,1506.0,1659.0,1498.0,1581.0,,,,,,,,,,,1607.842105263158
323,1636.0,1610.0,1693.0,1644.0,1656.0,1616.0,1602.0,1584.0,1665.0,1617.0,1619.0,1661.0,1620.0,1560.0,1553.0,1507.0,1671.0,1488.0,1587.0,,,,,,,,,,,1609.9473684210527
324,1679.0,1615.0,1677.0,1632.0,1673.0,1592.0,1628.0,1594.0,1672.0,1653.0,1582.0,1647.0,1600.0,1582.0,1556.0,1484.0,1653.0,1517.0,1576.0,,,,,,,,,,,1611.157894736842
325,1668.0,1622.0,1668.0,1616.0,1657.0,1605.0,1603.0,1579.0,1686.0,1652.0,1590.0,1611.0,1610.0,1573.0,1566.0,1502.0,1656.0,1531.0,1588.0,,,,,,,,,,,1609.6315789473683
326,1677.0,1614.0,1681.0,1634.0,1680.0,1635.0,1587.0,1585.0,1671.0,1645.0,1584.0,1621.0,1607.0,1556.0,1567.0,1498.0,1636.0,1508.0,1582.0,,,,,,,,,,,1608.842105263158
327,1662.0,1633.0,1680.0,1631.0,1684.0,1615.0,1570.0,1595.0,1627.0,1628.0,1588.0,1607.0,1636.0,1535.0,1564.0,1490.0,1641.0,1519.0,1564.0,,,,,,,,,,,1603.6315789473683
328,1675.0,1626.0,1704.0,1641.0,1697.0,1647.0,1577.0,1633.0,1624.0,1628.0,1582.0,1615.0,1632.0,1547.0,1575.0,1474.0,1628.0,1527.0,1606.0,,,,,,,,,,,1612.5263157894738
329,1674.0,1643.0,1730.0,1631.0,1695.0,1686.0,1577.0,1591.0,1617.0,1628.0,1559.0,1619.0,1644.0,1546.0,1544.0,1471.0,1647.0,1505.0,1603.0,,,,,,,,,,,1611.0526315789473
330,1686.0,1637.0,1748.0,1632.0,1681.0,1698.0,1584.0,1578.0,1607.0,1634.0,1570.0,1613.0,1654.0,1525.0,1584.0,1500.0,1680.0,1509.0,1605.0,,,,,,,,,,,1617.1052631578948
331,1715.0,1675.0,1731.0,1638.0,1715.0,1660.0,1587.0,1591.0,1576.0,1599.0,1563.0,1612.0,1659.0,1532.0,1594.0,1501.0,1624.0,1492.0,1609.0,,,,,,,,,,,1614.3684210526317
332,1758.0,1675.0,1708.0,1659.0,1712.0,1640.0,1584.0,1586.0,1570.0,1635.0,1612.0,1615.0,1681.0,1554.0,1575.0,1527.0,1620.0,1473.0,1614.0,,,,,,,,,,,1620.9473684210527
333,1733.0,1689.0,1687.0,1657.0,1731.0,1666.0,1581.0,1609.0,1589.0,1626.0,1560.0,1634.0,1672.0,1553.0,1562.0,1547.0,1637.0,1487.0,1629.0,,,,,,,,,,,1623.6315789473683
334,1717.0,1687.0,1695.0,1643.0,1693.0,1676.0,1587.0,1583.0,1611.0,1623.0,1580.0,1628.0,1673.0,1546.0,1571.0,1551.0,1627.0,1494.0,1612.0,,,,,,,,,,,1620.8947368421052
335,1691.0,1678.0,1690.0,1623.0,1696.0,1670.0,1571.0,1587.0,1667.0,1597.0,1605.0,1645.0,1684.0,1548.0,1571.0,1538.0,1626.0,1486.0,1611.0,,,,,,,,,,,1620.2105263157894
336,1686.0,1677.0,1684.0,1598.0,1662.0,1708.0,1596.0,1595.0,1629.0,1573.0,1624.0,1617.0,1668.0,1606.0,1582.0,1518.0,1616.0,1509.0,1617.0,,,,,,,,,,,1619.2105263157894
337,1718.0,1681.0,1665.0,1594.0,1670.0,1711.0,1600.0,1603.0,1610.0,1555.0,1595.0,1621.0,1652.0,1613.0,1603.0,1491.0,1637.0,1503.0,1631.0,,,,,,,,,,,1618.578947368421
338,1698.0,1643.0,1657.0,1619.0,1684.0,1722.0,1564.0,1606.0,1618.0,1567.0,1567.0,1641.0,1659.0,1593.0,1604.0,1497.0,1657.0,1510.0,1632.0,,,,,,,,,,,1617.7894736842106
339,1717.0,1648.0,1666.0,1601.0,1679.0,1708.0,1577.0,1597.0,1604.0,1599.0,1547.0,1634.0,1670.0,1550.0,1613.0,1487.0,1680.0,1509.0,1670.0,,,,,,,,,,,1618.7368421052631
340,1725.0,1656.0,1679.0,1604.0,1660.0,1703.0,1574.0,1611.0,1585.0,1592.0,1538.0,1626.0,1663.0,1544.0,1615.0,1489.0,1691.0,1524.0,1616.0,,,,,,,,,,,1615.5263157894738
341,1725.0,1651.0,1698.0,1613.0,1652.0,1690.0,1587.0,1595.0,1594.0,1586.0,1568.0,1598.0,1662.0,1579.0,1613.0,1529.0,1686.0,1499.0,1608.0,,,,,,,,,,,1617.5263157894738
342,1736.0,1645.0,1702.0,1612.0,1636.0,1667.0,1598.0,1624.0,1603.0,1579.0,1581.0,1607.0,1645.0,1599.0,1571.0,1539.0,1682.0,1479.0,1599.0,,,,,,,,,,,1616.0
343,1739.0,1667.0,1697.0,1629.0,1658.0,1684.0,1600.0,1646.0,1615.0,1605.0,1620.0,1605.0,1639.0,1557.0,1586.0,1547.0,1680.0,1492.0,1616.0,,,,,,,,,,,1625.3684210526317
344,1723.0,1646.0,1701.0,1646.0,1687.0,1672.0,1620.0,1674.0,1610.0,1618.0,1599.0,1616.0,1633.0,1597.0,1600.0,1529.0,1658.0,1505.0,1615.0,,,,,,,,,,,1628.8947368421052
345,1731.0,1625.0,1714.0,1647.0,1683.0,1660.0,1598.0,1654.0,1656.0,1630.0,1622.0,1629.0,1616.0,1572.0,1599.0,1521.0,1677.0,1492.0,1645.0,,,,,,,,,,,1630.0526315789473
346,1731.0,1642.0,1705.0,1621.0,1685.0,1681.0,1633.0,1669.0,1623.0,1647.0,1622.0,1639.0,1613.0,1558.0,1581.0,1531.0,1670.0,1483.0,1630.0,,,,,,,,,,,1629.6842105263158
347,1718.0,1619.0,1699.0,1616.0,1684.0,1663.0,1634.0,1685.0,1600.0,1631.0,1624.0,1633.0,1612.0,1572.0,1600.0,1511.0,1628.0,1485.0,1631.0,,,,,,,,,,,1623.421052631579
348,1738.0,1608.0,1704.0,1606.0,1690.0,1662.0,1612.0,1669.0,1570.0,1642.0,1620.0,1652.0,1602.0,1545.0,1613.0,1532.0,1658.0,1519.0,1631.0,,,,,,,,,,,1624.8947368421052
349,1768.0,1599.0,1697.0,1622.0,1681.0,1655.0,1591.0,1668.0,1586.0,1644.0,1599.0,1681.0,1632.0,1536.0,1602.0,1567.0,1657.0,1551.0,1608.0,,,,,,,,,,,1628.6315789473683
350,1766.0,1615.0,1697.0,1588.0,1669.0,1660.0,1597.0,1657.0,1582.0,1643.0,1607.0,1679.0,1643.0,1534.0,1614.0,1551.0,1657.0,1542.0,1594.0,,,,,,,,,,,1626.0526315789473
351,1768.0,1611.0,1699.0,1600.0,1678.0,1694.0,1579.0,1640.0,1609.0,1661.0,1582.0,1675.0,1663.0,1543.0,1616.0,1547.0,1632.0,1533.0,1597.0,,,,,,,,,,,1627.7368421052631
352,1756.0,1592.0,1676.0,1603.0,1658.0,1685.0,1596.0,1628.0,1633.0,1690.0,1607.0,1681.0,1674.0,1558.0,1623.0,1563.0,1663.0,1528.0,1610.0,,,,,,,,,,,1632.842105263158
353,1751.0,1590.0,1666.0,1598.0,1623.0,1702.0,1608.0,1633.0,1614.0,1703.0,1620.0,1690.0,1697.0,1536.0,1658.0,1558.0,1661.0,1534.0,1618.0,,,,,,,,,,,1634.7368421052631
354,1753.0,1598.0,1639.0,1575.0,1633.0,1681.0,1583.0,1630.0,1618.0,1713.0,1636.0,1674.0,1672.0,1489.0,1656.0,1564.0,1660.0,1530.0,1614.0,,,,,,,,,,,1627.2631578947369
355,1774.0,1615.0,1635.0,1577.0,1639.0,1690.0,1583.0,1628.0,1600.0,1706.0,1621.0,1668.0,1636.0,1527.0,1680.0,1571.0,1673.0,1511.0,1613.0,,,,,,,,,,,1628.7894736842106
356,1786.0,1621.0,1658.0,1601.0,1657.0,1726.0,1602.0,1624.0,1598.0,1708.0,1646.0,1660.0,1654.0,1523.0,1685.0,1573.0,1666.0,1554.0,1618.0,,,,,,,,,,,1640.0
357,1795.0,1627.0,1641.0,1599.0,1633.0,1718.0,1576.0,1630.0,1601.0,1670.0,1668.0,1667.0,1651.0,1527.0,1650.0,1549.0,1664.0,1545.0,1601.0,,,,,,,,,,,1632.2105263157894
358,1786.0,1608.0,1658.0,1606.0,1615.0,1748.0,1602.0,1654.0,1625.0,1659.0,1694.0,1681.0,1649.0,1498.0,1659.0,1565.0,1645.0,1546.0,1584.0,,,,,,,,,,,1635.8947368421052
359,1759.0,1617.0,1637.0,1624.0,1626.0,1743.0,1611.0,1619.0,1612.0,1667.0,1687.0,1689.0,1627.0,1525.0,1637.0,1579.0,1666.0,1563.0,1600.0,,,,,,,,,,,1636.2105263157894
360,1758.0,1582.0,1631.0,1609.0,1639.0,1784.0,1598.0,1619.0,1622.0,1677.0,1654.0,1688.0,1639.0,1536.0,1615.0,1593.0,1705.0,1546.0,1609.0,,,,,,,,,,,1637.0526315789473
361,1751.0,1555.0,1650.0,1596.0,1632.0,1766.0,1637.0,1627.0,1647.0,1677.0,1647.0,1676.0,1641.0,1522.0,1613.0,1587.0,1698.0,1553.0,1622.0,,,,,,,,,,,1636.6842105263158
362,1771.0,1565.0,1678.0,1605.0,1632.0,1767.0,1627.0,1606.0,1676.0,1711.0,1641.0,1685.0,1664.0,1511.0,1601.0,1591.0,1690.0,1547.0,1624.0,,,,,,,,,,,1641.6842105263158
363,1771.0,1584.0,1708.0,1602.0,1609.0,1793.0,1625.0,1635.0,1652.0,1743.0,1629.0,1691.0,1616.0,1506.0,1618.0,1592.0,1698.0,1528.0,1617.0,,,,,,,,,,,1643.0
364,1753.0,1589.0,1710.0,1623.0,1619.0,1777.0,1615.0,1636.0,1643.0,1734.0,1629.0,1684.0,1610.0,1500.0,1625.0,1585.0,1689.0,1500.0,1604.0,,,,,,,,,,,1638.157894736842
365,1736.0,1580.0,1718.0,1599.0,1624.0,1746.0,1632.0,1638.0,1646.0,1735.0,1621.0,1654.0,1643.0,1488.0,1636.0,1573.0,1689.0,1516.0,1613.0,,,,,,,,,,,1636.157894736842
366,1727.0,1593.0,1718.0,1613.0,1650.0,1761.0,1625.0,1625.0,1639.0,1710.0,1626.0,1667.0,1656.0,1488.0,1646.0,1564.0,1698.0,1533.0,1606.0,,,,,,,,,,,1639.2105263157894
367,1734.0,1623.0,1686.0,1642.0,1668.0,1774.0,1613.0,1628.0,1641.0,1741.0,1625.0,1667.0,1674.0,1485.0,1640.0,1571.0,1702.0,1503.0,1574.0,,,,,,,,,,,1641.6315789473683
368,1744.0,1621.0,1696.0,1629.0,1657.0,1766.0,1589.0,1650.0,1666.0,1755.0,1617.0,1670.0,1652.0,1475.0,1651.0,1567.0,1690.0,1511.0,1608.0,,,,,,,,,,,1642.842105263158
369,1768.0,1623.0,1711.0,1628.0,1656.0,1751.0,1596.0,1642.0,1663.0,1752.0,1618.0,1665.0,1649.0,1504.0,1655.0,1556.0,1688.0,1513.0,1587.0,,,,,,,,,,,1643.421052631579
370,1747.0,1631.0,1710.0,1632.0,1666.0,1778.0,1622.0,1623.0,1669.0,1746.0,1627.0,1671.0,1602.0,1510.0,1654.0,1569.0,1683.0,1532.0,1587.0,,,,,,,,,,,1645.2105263157894
371,1752.0,1626.0,1715.0,1623.0,1619.0,1769.0,1634.0,1605.0,1682.0,1721.0,1632.0,1725.0,1609.0,1523.0,1674.0,1565.0,1685.0,1527.0,1604.0,,,,,,,,,,,1646.842105263158
372,1769.0,1622.0,1710.0,1626.0,1607.0,1768.0,1651.0,1619.0,1669.0,1722.0,1618.0,1720.0,1617.0,1526.0,1641.0,1575.0,1701.0,1529.0,1593.0,,,,,,,,,,,1646.4736842105262
373,1775.0,1624.0,1697.0,1623.0,1606.0,1744.0,1610.0,1613.0,1685.0,1702.0,1634.0,1746.0,1641.0,1504.0,1580.0,1577.0,1698.0,1536.0,1622.0,,,,,,,,,,,1643.0
374,1754.0,1597.0,1701.0,1625.0,1636.0,1750.0,1564.0,1620.0,1684.0,1702.0,1615.0,1728.0,1641.0,1509.0,1582.0,1592.0,1691.0,1530.0,1633.0,,,,,,,,,,,1639.6842105263158
375,1720.0,1621.0,1709.0,1633.0,1628.0,1749.0,1579.0,1614.0,1686.0,1726.0,1607.0,1745.0,1629.0,1533.0,1590.0,1576.0,1698.0,1514.0,1627.0,,,,,,,,,,,1641.2631578947369
376,1710.0,1609.0,1705.0,1635.0,1628.0,1760.0,1592.0,1624.0,1656.0,1674.0,1604.0,1762.0,1607.0,1527.0,1604.0,1594.0,1720.0,1546.0,1610.0,,,,,,,,,,,1640.3684210526317
377,1729.0,1627.0,1691.0,1652.0,1618.0,1791.0,1612.0,1628.0,1671.0,1682.0,1624.0,1792.0,1615.0,1523.0,1615.0,1569.0,1700.0,1546.0,1615.0,,,,,,,,,,,1647.3684210526317
378,1757.0,1628.0,1696.0,1666.0,1619.0,1774.0,1616.0,1649.0,1660.0,1723.0,1611.0,1813.0,1603.0,1544.0,1609.0,1608.0,1696.0,1544.0,1632.0,,,,,,,,,,,1655.157894736842
379,1745.0,1626.0,1678.0,1661.0,1640.0,1786.0,1592.0,1667.0,1667.0,1725.0,1650.0,1797.0,1600.0,1558.0,1626.0,1588.0,1705.0,1554.0,1640.0,,,,,,,,,,,1658.157894736842
380,1741.0,1648.0,1669.0,1639.0,1665.0,1798.0,1642.0,1695.0,1657.0,1737.0,1655.0,1784.0,1600.0,1515.0,1601.0,1570.0,1697.0,1584.0,1625.0,,,,,,,,,,,1659.0526315789473
381,1741.0,1635.0,1692.0,1653.0,1658.0,1801.0,1624.0,1687.0,1684.0,1772.0,1656.0,1810.0,1586.0,1524.0,1602.0,1588.0,1688.0,1605.0,1649.0,,,,,,,,,,,1666.0526315789473
382,1752.0,1645.0,1700.0,1614.0,1674.0,1777.0,1623.0,1661.0,1640.0,1765.0,1685.0,1803.0,1560.0,1507.0,1625.0,1595.0,1670.0,1584.0,1632.0,,,,,,,,,,,1658.5263157894738
383,1730.0,1660.0,1720.0,1614.0,1664.0,1753.0,1611.0,1663.0,1636.0,1752.0,1666.0,1790.0,1565.0,1522.0,1618.0,1580.0,1682.0,1569.0,1659.0,,,,,,,,,,,1655.4736842105262
384,1726.0,1662.0,1730.0,1632.0,1638.0,1723.0,1648.0,1724.0,1633.0,1726.0,1675.0,1795.0,1604.0,1531.0,1620.0,1582.0,1660.0,1571.0,1692.0,,,,,,,,,,,1661.6842105263158
385,1732.0,1672.0,1740.0,1616.0,1652.0,1723.0,1646.0,1719.0,1642.0,1718.0,1636.0,1773.0,1599.0,1566.0,1623.0,1562.0,1672.0,1565.0,1675.0,,,,,,,,,,,1659.5263157894738
386,1732.0,1681.0,1729.0,1648.0,1682.0,1728.0,1637.0,1690.0,1674.0,1729.0,1658.0,1782.0,1640.0,1570.0,1582.0,1591.0,1684.0,1596.0,1665.0,,,,,,,,,,,1668.3157894736842
387,1763.0,1698.0,1732.0,1685.0,1678.0,1726.0,1621.0,1685.0,1659.0,1732.0,1669.0,1794.0,1627.0,1557.0,1592.0,1581.0,1694.0,1579.0,1683.0,,,,,,,,,,,1671.3157894736842
388,1784.0,1691.0,1731.0,1700.0,1684.0,1743.0,1608.0,1688.0,1646.0,1711.0,1662.0,1786.0,1618.0,1544.0,1623.0,1563.0,1643.0,1561.0,1661.0,,,,,,,,,,,1665.6315789473683
389,1776.0,1693.0,1743.0,1675.0,1711.0,1730.0,1620.0,1710.0,1615.0,1723.0,1698.0,1771.0,1647.0,1575.0,1627.0,1579.0,1653.0,1591.0,1674.0,,,,,,,,,,,1674.2631578947369
390,1785.0,1671.0,1733.0,1656.0,1709.0,1745.0,1621.0,1720.0,1613.0,1738.0,1694.0,1804.0,1638.0,1563.0,1599.0,1561.0,1666.0,1566.0,1676.0,,,,,,,,,,,1671.4736842105262
391,1771.0,1690.0,1720.0,1651.0,1715.0,1753.0,1605.0,1718.0,1601.0,1728.0,1679.0,1822.0,1663.0,1560.0,1556.0,1589.0,1646.0,1571.0,1663.0,,,,,,,,,,,1668.4736842105262
392,1784.0,1638.0,1730.0,1644.0,1714.0,1741.0,1636.0,1739.0,1657.0,1722.0,1690.0,1816.0,1668.0,1549.0,1577.0,1586.0,1630.0,1568.0,1667.0,,,,,,,,,,,1671.3684210526317
393,1762.0,1644.0,1732.0,1633.0,1701.0,1751.0,1654.0,1752.0,1655.0,1714.0,1695.0,1781.0,1649.0,1576.0,1530.0,1582.0,1651.0,1530.0,1644.0,,,,,,,,,,,1665.0526315789473
394,1786.0,1651.0,1754.0,1639.0,1707.0,1732.0,1648.0,1716.0,1631.0,1726.0,1668.0,1805.0,1657.0,1585.0,1547.0,1590.0,1648.0,1559.0,1635.0,,,,,,,,,,,1667.578947368421
395,1760.0,1677.0,1778.0,1640.0,1685.0,1747.0,1616.0,1710.0,1635.0,1715.0,1671.0,1827.0,1676.0,1581.0,1549.0,1602.0,1651.0,1608.0,1608.0,,,,,,,,,,,1670.3157894736842
396,1779.0,1654.0,1760.0,1667.0,1684.0,1775.0,1606.0,1713.0,1641.0,1697.0,1661.0,1831.0,1691.0,1590.0,1542.0,1589.0,1648.0,1613.0,1642.0,,,,,,,,,,,1672.7894736842106
397,1757.0,1644.0,1761.0,1676.0,1727.0,1805.0,1618.0,1696.0,1673.0,1715.0,1671.0,1843.0,1654.0,1567.0,1570.0,1581.0,1663.0,1606.0,1681.0,,,,,,,,,,,1679.3684210526317
398,1738.0,1661.0,1759.0,1645.0,1752.0,1744.0,1609.0,1700.0,1683.0,1702.0,1697.0,1843.0,1678.0,1588.0,1573.0,1609.0,1680.0,1578.0,1677.0,,,,,,,,,,,1679.7894736842106
399,1744.0,1702.0,1790.0,1617.0,1735.0,1722.0,1639.0,1683.0,1696.0,1710.0,1683.0,1812.0,1700.0,1589.0,1584.0,1648.0,1663.0,1614.0,1658.0,,,,,,,,,,,1683.6315789473683
400,1763.0,1733.0,1764.0,1619.0,1715.0,1742.0,1633.0,1676.0,1695.0,1712.0,1696.0,1812.0,1689.0,1585.0,1595.0,1634.0,1649.0,1612.0,1641.0,,,,,,,,,,,1682.3684210526317
401,1751.0,1734.0,1755.0,1615.0,1687.0,1754.0,1652.0,1669.0,1669.0,1698.0,1693.0,1814.0,1685.0,1601.0,1583.0,1614.0,1651.0,1628.0,1641.0,,,,,,,,,,,1678.6315789473683
402,1750.0,1755.0,1727.0,1630.0,1677.0,1726.0,1606.0,1669.0,1672.0,1672.0,1689.0,1798.0,1655.0,1582.0,1581.0,1593.0,1649.0,1645.0,1669.0,,,,,,,,,,,1670.7894736842106
403,1752.0,1747.0,1723.0,1611.0,1667.0,1703.0,1593.0,1686.0,1683.0,1673.0,1702.0,1809.0,1694.0,1604.0,1592.0,1603.0,1661.0,1675.0,1672.0,,,,,,,,,,,1676.3157894736842
404,1776.0,1741.0,1729.0,1607.0,1683.0,1725.0,1587.0,1675.0,1693.0,1695.0,1706.0,1794.0,1703.0,1629.0,1585.0,1590.0,1703.0,1675.0,1642.0,,,,,,,,,,,1680.9473684210527
405,1774.0,1737.0,1726.0,1601.0,1698.0,1743.0,1604.0,1684.0,1680.0,1700.0,1674.0,1811.0,1692.0,1625.0,1572.0,1604.0,1714.0,1682.0,1644.0,,,,,,,,,,,1682.3684210526317
406,1751.0,1749.0,1725.0,1588.0,1709.0,1757.0,1597.0,1711.0,1690.0,1692.0,1675.0,1811.0,1670.0,1638.0,1574.0,1600.0,1747.0,1680.0,1645.0,,,,,,,,,,,1684.6842105263158
407,1752.0,1748.0,1746.0,1608.0,1716.0,1772.0,1600.0,1725.0,1673.0,1689.0,1695.0,1821.0,1690.0,1626.0,1619.0,1631.0,1770.0,1638.0,1624.0,,,,,,,,,,,1691.7368421052631
408,1750.0,1742.0,1740.0,1603.0,1744.0,1739.0,1594.0,1696.0,1706.0,1684.0,1705.0,1822.0,1667.0,1668.0,1622.0,1630.0,1751.0,1631.0,1626.0,,,,,,,,,,,1690.5263157894738
409,1752.0,1765.0,1753.0,1617.0,1735.0,1715.0,1624.0,1706.0,1702.0,1675.0,1736.0,1812.0,1693.0,1633.0,1630.0,1644.0,1737.0,1637.0,1622.0,,,,,,,,,,,1694.1052631578948
410,1740.0,1744.0,1749.0,1599.0,1729.0,1723.0,1612.0,1667.0,1693.0,1656.0,1725.0,1775.0,1677.0,1606.0,1616.0,1636.0,1749.0,1645.0,1612.0,,,,,,,,,,,1681.7368421052631
411,1756.0,1746.0,1718.0,1614.0,1733.0,1727.0,1638.0,1672.0,1667.0,1632.0,1699.0,1778.0,1647.0,1592.0,1607.0,1633.0,1741.0,1638.0,1577.0,,,,,,,,,,,1674.4736842105262
412,1763.0,1737.0,1733.0,1614.0,1718.0,1721.0,1628.0,1661.0,1698.0,1650.0,1689.0,1771.0,1671.0,1601.0,1585.0,1618.0,1732.0,1620.0,1592.0,,,,,,,,,,,1673.7894736842106
413,1750.0,1726.0,1743.0,1622.0,1692.0,1711.0,1609.0,1649.0,1722.0,1668.0,1676.0,1815.0,1637.0,1592.0,1601.0,1601.0,1701.0,1645.0,1609.0,,,,,,,,,,,1672.0526315789473
414,1753.0,1720.0,1735.0,1617.0,1701.0,1687.0,1627.0,1638.0,1701.0,1661.0,1692.0,1787.0,1644.0,1588.0,1606.0,1600.0,1708.0,1626.0,1646.0,,,,,,,,,,,1670.3684210526317
415,1763.0,1729.0,1739.0,1621.0,1706.0,1708.0,1647.0,1673.0,1673.0,1658.0,1708.0,1817.0,1607.0,1592.0,1596.0,1598.0,1726.0,1614.0,1634.0,,,,,,,,,,,1674.157894736842
416,1766.0,1730.0,1694.0,1597.0,1716.0,1691.0,1643.0,1684.0,1675.0,1638.0,1687.0,1823.0,1632.0,1579.0,1606.0,1596.0,1738.0,1615.0,1656.0,,,,,,,,,,,1671.8947368421052
417,1730.0,1730.0,1691.0,1595.0,1709.0,1701.0,1681.0,1667.0,1665.0,1616.0,1675.0,1814.0,1639.0,1576.0,1575.0,1592.0,1709.0,1619.0,1649.0,,,,,,,,,,,1664.8947368421052
418,1754.0,1745.0,1699.0,1617.0,1669.0,1714.0,1658.0,1683.0,1661.0,1617.0,1670.0,1809.0,1660.0,1594.0,1557.0,1595.0,1700.0,1619.0,1649.0,,,,,,,,,,,1666.842105263158
419,1746.0,1725.0,1688.0,1615.0,1702.0,1718.0,1643.0,1698.0,1654.0,1614.0,1685.0,1804.0,1639.0,1574.0,1545.0,1582.0,1705.0,1629.0,1637.0,,,,,,,,,,,1663.3157894736842
420,1781.0,1713.0,1693.0,1582.0,1675.0,1720.0,1641.0,1702.0,1631.0,1615.0,1653.0,1797.0,1627.0,1592.0,1528.0,1596.0,1678.0,1613.0,1644.0,,,,,,,,,,,1656.8947368421052
421,1793.0,1709.0,1704.0,1591.0,1694.0,1704.0,1632.0,1677.0,1657.0,1617.0,1668.0,1754.0,1620.0,1599.0,1590.0,1614.0,1734.0,1632.0,1640.0,,,,,,,,,,,1664.6842105263158
422,1787.0,1697.0,1690.0,1605.0,1723.0,1691.0,1642.0,1676.0,1644.0,1643.0,1683.0,1750.0,1634.0,1595.0,1584.0,1634.0,1720.0,1616.0,1638.0,,,,,,,,,,,1665.8947368421052
423,1762.0,1717.0,1693.0,1610.0,1708.0,1666.0,1638.0,1687.0,1626.0,1642.0,1664.0,1758.0,1636.0,1594.0,1584.0,1653.0,1749.0,1633.0,1636.0,,,,,,,,,,,1666.1052631578948
424,1782.0,1685.0,1697.0,1647.0,1725.0,1682.0,1660.0,1677.0,1652.0,1638.0,1706.0,1769.0,1615.0,1589.0,1571.0,1638.0,1756.0,1648.0,1642.0,,,,,,,,,,,1672.578947368421
425,1758.0,1708.0,1700.0,1662.0,1691.0,1719.0,1674.0,1692.0,1678.0,1648.0,1749.0,1776.0,1636.0,1607.0,1576.0,1635.0,1780.0,1640.0,1659.0,,,,,,,,,,,1683.578947368421
426,1764.0,1697.0,1724.0,1645.0,1721.0,1733.0,1654.0,1701.0,1693.0,1651.0,1740.0,1787.0,1642.0,1609.0,1611.0,1623.0,1769.0,1633.0,1720.0,,,,,,,,,,,1690.3684210526317
427,1777.0,1707.0,1704.0,1619.0,1718.0,1732.0,1656.0,1707.0,1711.0,1636.0,1724.0,1751.0,1624.0,1659.0,1603.0,1621.0,1769.0,1626.0,1689.0,,,,,,,,,,,1685.9473684210527
428,1788.0,1725.0,1711.0,1604.0,1713.0,1710.0,1652.0,1705.0,1683.0,1637.0,1726.0,1763.0,1626.0,1649.0,1626.0,1618.0,1756.0,1613.0,1688.0,,,,,,,,,,,1683.842105263158
429,1788.0,1717.0,1739.0,1607.0,1726.0,1709.0,1637.0,1680.0,1683.0,1626.0,1706.0,1747.0,1629.0,1639.0,1630.0,1597.0,1737.0,1627.0,1693.0,,,,,,,,,,,1679.842105263158
430,1782.0,1698.0,1711.0,1619.0,1751.0,1711.0,1634.0,1680.0,1719.0,1656.0,1696.0,1738.0,1624.0,1635.0,1634.0,1581.0,1774.0,1656.0,1683.0,,,,,,,,,,,1683.2631578947369
431,1806.0,1707.0,1730.0,1645.0,1721.0,1742.0,1639.0,1728.0,1717.0,1641.0,1691.0,1725.0,1629.0,1624.0,1608.0,1565.0,1743.0,1650.0,1654.0,,,,,,,,,,,1682.3684210526317
432,1764.0,1692.0,1734.0,1613.0,1743.0,1764.0,1659.0,1740.0,1740.0,1670.0,1704.0,1734.0,1589.0,1630.0,1639.0,1613.0,1761.0,1644.0,1670.0,,,,,,,,,,,1689.6315789473683
433,1790.0,1675.0,1724.0,1620.0,1756.0,1755.0,1665.0,1732.0,1722.0,1649.0,1715.0,1757.0,1589.0,1634.0,1616.0,1606.0,1774.0,1629.0,1662.0,,,,,,,,,,,1687.8947368421052
434,1750.0,1653.0,1743.0,1625.0,1748.0,1731.0,1666.0,1700.0,1701.0,1644.0,1701.0,1756.0,1609.0,1627.0,1614.0,1588.0,1784.0,1668.0,1676.0,,,,,,,,,,,1683.3684210526317
435,1752.0,1665.0,1746.0,1659.0,1722.0,1754.0,1671.0,1709.0,1716.0,1642.0,1694.0,1754.0,1615.0,1630.0,1615.0,1604.0,1781.0,1692.0,1676.0,,,,,,,,,,,1689.3157894736842
436,1742.0,1684.0,1729.0,1643.0,1779.0,1777.0,1677.0,1732.0,1684.0,1673.0,1688.0,1746.0,1605.0,1636.0,1609.0,1614.0,1748.0,1677.0,1644.0,,,,,,,,,,,1688.7894736842106
437,1743.0,1688.0,1752.0,1635.0,1759.0,1811.0,1719.0,1715.0,1663.0,1659.0,1666.0,1763.0,1631.0,1644.0,1590.0,1610.0,1754.0,1682.0,1641.0,,,,,,,,,,,1690.7894736842106
438,1750.0,1672.0,1761.0,1657.0,1791.0,1808.0,1714.0,1680.0,1683.0,1672.0,1681.0,1778.0,1635.0,1634.0,1585.0,1620.0,1766.0,1702.0,1644.0,,,,,,,,,,,1696.4736842105262
439,1750.0,1687.0,1752.0,1654.0,1758.0,1804.0,1694.0,1676.0,1685.0,1678.0,1692.0,1768.0,1649.0,1642.0,1599.0,1630.0,1758.0,1701.0,1625.0,,,,,,,,,,,1694.842105263158
440,1738.0,1681.0,1740.0,1645.0,1736.0,1780.0,1696.0,1691.0,1691.0,1653.0,1746.0,1749.0,1634.0,1652.0,1599.0,1619.0,1769.0,1721.0,1685.0,,,,,,,,,,,1696.0526315789473
441,1771.0,1677.0,1759.0,1673.0,1745.0,1778.0,1696.0,1717.0,1673.0,1646.0,1756.0,1764.0,1611.0,1618.0,1623.0,1617.0,1806.0,1750.0,1685.0,,,,,,,,,,,1703.421052631579
442,1769.0,1679.0,1752.0,1662.0,1755.0,1768.0,1676.0,1741.0,1674.0,1681.0,1740.0,1768.0,1616.0,1643.0,1612.0,1593.0,1801.0,1754.0,1705.0,,,,,,,,,,,1704.6842105263158
443,1735.0,1719.0,1766.0,1665.0,1737.0,1786.0,1699.0,1721.0,1687.0,1685.0,1756.0,1764.0,1624.0,1651.0,1620.0,1592.0,1770.0,1736.0,1676.0,,,,,,,,,,,1704.6842105263158
444,1722.0,1709.0,1775.0,1665.0,1744.0,1781.0,1693.0,1701.0,1690.0,1692.0,1708.0,1770.0,1652.0,1640.0,1623.0,1590.0,1765.0,1723.0,1621.0,,,,,,,,,,,1698.1052631578948
445,1739.0,1687.0,1757.0,1651.0,1743.0,1778.0,1731.0,1677.0,1703.0,1685.0,1715.0,1827.0,1663.0,1642.0,1599.0,1631.0,1765.0,1725.0,1633.0,,,,,,,,,,,1702.6842105263158
446,1753.0,1701.0,1737.0,1650.0,1765.0,1758.0,1728.0,1680.0,1726.0,1694.0,1748.0,1833.0,1663.0,1635.0,1569.0,1623.0,1780.0,1730.0,1609.0,,,,,,,,,,,1704.3157894736842
447,1790.0,1681.0,1743.0,1637.0,1740.0,1777.0,1752.0,1672.0,1704.0,1717.0,1769.0,1841.0,1659.0,1633.0,1559.0,1622.0,1804.0,1691.0,1630.0,,,,,,,,,,,1706.3684210526317
448,1782.0,1687.0,1718.0,1642.0,1747.0,1788.0,1744.0,1687.0,1702.0,1714.0,1752.0,1822.0,1654.0,1644.0,1587.0,1607.0,1826.0,1687.0,1593.0,,,,,,,,,,,1704.3684210526317
449,1769.0,1708.0,1719.0,1644.0,1734.0,1771.0,1761.0,1708.0,1688.0,1705.0,1743.0,1832.0,1649.0,1688.0,1581.0,1596.0,1816.0,1697.0,1613.0,,,,,,,,,,,1706.421052631579
450,1779.0,1709.0,1746.0,1667.0,1750.0,1775.0,1730.0,1725.0,1683.0,1703.0,1736.0,1849.0,1682.0,1723.0,1596.0,1603.0,1850.0,1715.0,1639.0,,,,,,,,,,,1718.9473684210527
451,1754.0,1711.0,1752.0,1656.0,1760.0,1783.0,1735.0,1689.0,1697.0,1717.0,1741.0,1847.0,1644.0,1725.0,1584.0,1612.0,1847.0,1710.0,1643.0,,,,,,,,,,,1716.157894736842
452,1750.0,1696.0,1730.0,1698.0,1735.0,1804.0,1715.0,1703.0,1654.0,1729.0,1733.0,1828.0,1643.0,1713.0,1577.0,1629.0,1842.0,1667.0,1659.0,,,,,,,,,,,1710.7894736842106
453,1762.0,1695.0,1705.0,1688.0,1762.0,1795.0,1717.0,1713.0,1643.0,1709.0,1706.0,1823.0,1629.0,1718.0,1575.0,1632.0,1833.0,1663.0,1673.0,,,,,,,,,,,1707.421052631579
454,1796.0,1698.0,1707.0,1670.0,1760.0,1800.0,1709.0,1720.0,1639.0,1726.0,1688.0,1843.0,1615.0,1716.0,1562.0,1625.0,1842.0,1675.0,1673.0,,,,,,,,,,,1708.6315789473683
455,1795.0,1679.0,1699.0,1672.0,1738.0,1810.0,1701.0,1714.0,1645.0,1704.0,1686.0,1817.0,1632.0,1708.0,1557.0,1600.0,1827.0,1702.0,1675.0,,,,,,,,,,,1703.2105263157894
456,1786.0,1712.0,1705.0,1694.0,1717.0,1793.0,1691.0,1674.0,1653.0,1714.0,1697.0,1818.0,1607.0,1725.0,1537.0,1635.0,1820.0,1738.0,1664.0,,,,,,,,,,,1704.2105263157894
457,1754.0,1720.0,1734.0,1668.0,1729.0,1782.0,1710.0,1675.0,1667.0,1697.0,1695.0,1829.0,1606.0,1722.0,1562.0,1620.0,1801.0,1741.0,1670.0,,,,,,,,,,,1704.3157894736842
458,1741.0,1699.0,1744.0,1662.0,1736.0,1783.0,1705.0,1684.0,1679.0,1722.0,1684.0,1805.0,1621.0,1726.0,1551.0,1598.0,1810.0,1760.0,1640.0,,,,,,,,,,,1702.6315789473683
459,1736.0,1702.0,1769.0,1660.0,1743.0,1782.0,1706.0,1678.0,1682.0,1694.0,1704.0,1821.0,1620.0,1722.0,1571.0,1601.0,1797.0,1766.0,1693.0,,,,,,,,,,,1707.7368421052631
460,1722.0,1733.0,1786.0,1654.0,1731.0,1755.0,1701.0,1709.0,1666.0,1740.0,1740.0,1804.0,1626.0,1708.0,1562.0,1630.0,1777.0,1738.0,1687.0,,,,,,,,,,,1708.8947368421052
461,1730.0,1726.0,1751.0,1661.0,1742.0,1784.0,1691.0,1705.0,1685.0,1767.0,1761.0,1806.0,1609.0,1687.0,1552.0,1593.0,1774.0,1744.0,1705.0,,,,,,,,,,,1709.1052631578948
462,1727.0,1722.0,1764.0,1684.0,1759.0,1733.0,1700.0,1712.0,1709.0,1745.0,1738.0,1813.0,1633.0,1700.0,1545.0,1591.0,1790.0,1729.0,1695.0,,,,,,,,,,,1709.9473684210527
463,1749.0,1720.0,1735.0,1686.0,1743.0,1720.0,1717.0,1652.0,1702.0,1737.0,1736.0,1811.0,1591.0,1682.0,1531.0,1614.0,1787.0,1711.0,1745.0,,,,,,,,,,,1703.6315789473683
464,1750.0,1700.0,1739.0,1680.0,1748.0,1726.0,1747.0,1655.0,1676.0,1742.0,1725.0,1829.0,1609.0,1677.0,1531.0,1645.0,1764.0,1725.0,1734.0,,,,,,,,,,,1705.3684210526317
465,1749.0,1700.0,1765.0,1683.0,1762.0,1761.0,1760.0,1690.0,1639.0,1771.0,1693.0,1869.0,1605.0,1674.0,1560.0,1633.0,1769.0,1693.0,1739.0,,,,,,,,,,,1711.3157894736842
466,1770.0,1692.0,1775.0,1675.0,1770.0,1722.0,1735.0,1721.0,1647.0,1757.0,1722.0,1851.0,1638.0,1675.0,1556.0,1618.0,1793.0,1704.0,1719.0,,,,,,,,,,,1712.6315789473683
467,1770.0,1679.0,1738.0,1645.0,1774.0,1729.0,1726.0,1704.0,1683.0,1757.0,1761.0,1877.0,1598.0,1693.0,1563.0,1634.0,1799.0,1719.0,1728.0,,,,,,,,,,,1714.578947368421
468,1761.0,1698.0,1706.0,1640.0,1772.0,1707.0,1728.0,1695.0,1706.0,1737.0,1769.0,1865.0,1632.0,1679.0,1561.0,1623.0,1811.0,1722.0,1705.0,,,,,,,,,,,1711.421052631579
469,1807.0,1712.0,1724.0,1645.0,1736.0,1739.0,1753.0,1671.0,1716.0,1714.0,1750.0,1861.0,1634.0,1691.0,1566.0,1623.0,1812.0,1717.0,1700.0,,,,,,,,,,,1714.2631578947369
470,1780.0,1734.0,1729.0,1647.0,1757.0,1750.0,1713.0,1691.0,1753.0,1721.0,1769.0,1836.0,1591.0,1716.0,1535.0,1620.0,1794.0,1706.0,1688.0,,,,,,,,,,,1712.1052631578948
471,1754.0,1720.0,1719.0,1664.0,1741.0,1747.0,1671.0,1679.0,1760.0,1752.0,1792.0,1827.0,1595.0,1711.0,1564.0,1657.0,1772.0,1724.0,1663.0,,,,,,,,,,,1711.157894736842
472,1728.0,1732.0,1756.0,1647.0,1771.0,1734.0,1675.0,1670.0,1744.0,1754.0,1770.0,1838.0,1593.0,1712.0,1601.0,1639.0,1776.0,1713.0,1649.0,,,,,,,,,,,1710.6315789473683
473,1752.0,1734.0,1756.0,1662.0,1751.0,1741.0,1681.0,1663.0,1729.0,1746.0,1768.0,1848.0,1610.0,1712.0,1597.0,1625.0,1743.0,1699.0,1662.0,,,,,,,,,,,1709.421052631579
474,1750.0,1733.0,1756.0,1630.0,1795.0,1710.0,1667.0,1687.0,1708.0,1732.0,1761.0,1860.0,1599.0,1708.0,1578.0,1646.0,1779.0,1715.0,1675.0,,,,,,,,,,,1709.9473684210527
475,1733.0,1731.0,1726.0,1632.0,1792.0,1712.0,1657.0,1699.0,1710.0,1733.0,1756.0,1862.0,1592.0,1705.0,1600.0,1616.0,1783.0,1696.0,1682.0,,,,,,,,,,,1706.157894736842
476,1732.0,1739.0,1741.0,1626.0,1802.0,1713.0,1666.0,1713.0,1707.0,1750.0,1745.0,1831.0,1626.0,1706.0,1555.0,1649.0,1791.0,1702.0,1680.0,,,,,,,,,,,1709.157894736842
477,1738.0,1768.0,1731.0,1647.0,1797.0,1746.0,1676.0,1714.0,1742.0,1745.0,1742.0,1829.0,1600.0,1689.0,1540.0,1674.0,1796.0,1690.0,1699.0,,,,,,,,,,,1713.842105263158
478,1763.0,1737.0,1706.0,1659.0,1800.0,1749.0,1684.0,1711.0,1733.0,1745.0,1772.0,1848.0,1614.0,1679.0,1563.0,1645.0,1800.0,1703.0,1686.0,,,,,,,,,,,1715.6315789473683
479,1755.0,1703.0,1726.0,1657.0,1797.0,1737.0,1715.0,1709.0,1690.0,1738.0,1782.0,1853.0,1668.0,1666.0,1555.0,1652.0,1812.0,1723.0,1690.0,,,,,,,,,,,1717.2631578947369
480,1719.0,1704.0,1735.0,1673.0,1760.0,1748.0,1735.0,1720.0,1671.0,1711.0,1747.0,1825.0,1671.0,1650.0,1571.0,1634.0,1817.0,1726.0,1701.0,,,,,,,,,,,1711.4736842105262
481,1759.0,1740.0,1777.0,1645.0,1757.0,1751.0,1729.0,1747.0,1677.0,1717.0,1746.0,1872.0,1653.0,1695.0,1591.0,1650.0,1798.0,1722.0,1713.0,,,,,,,,,,,1723.1052631578948
482,1736.0,1747.0,1789.0,1669.0,1777.0,1767.0,1720.0,1746.0,1724.0,1734.0,1757.0,1880.0,1622.0,1677.0,1606.0,1638.0,1792.0,1686.0,1687.0,,,,,,,,,,,1723.8947368421052
483,1762.0,1735.0,1781.0,1668.0,1794.0,1793.0,1738.0,1748.0,1743.0,1704.0,1758.0,1905.0,1644.0,1698.0,1601.0,1664.0,1768.0,1715.0,1688.0,,,,,,,,,,,1731.9473684210527
484,1748.0,1736.0,1790.0,1702.0,1776.0,1811.0,1743.0,1749.0,1774.0,1717.0,1775.0,1874.0,1634.0,1705.0,1602.0,1618.0,1776.0,1698.0,1685.0,,,,,,,,,,,1732.2631578947369
485,1784.0,1769.0,1795.0,1742.0,1779.0,1832.0,1755.0,1756.0,1762.0,1725.0,1818.0,1840.0,1632.0,1698.0,1592.0,1622.0,1792.0,1698.0,1725.0,,,,,,,,,,,1742.9473684210527
486,1776.0,1746.0,1828.0,1763.0,1736.0,1799.0,1791.0,1765.0,1741.0,1734.0,1806.0,1849.0,1616.0,1680.0,1577.0,1648.0,1795.0,1740.0,1719.0,,,,,,,,,,,1742.578947368421
487,1757.0,1747.0,1824.0,1738.0,1717.0,1803.0,1771.0,1803.0,1728.0,1717.0,1807.0,1866.0,1621.0,1672.0,1597.0,1644.0,1815.0,1739.0,1681.0,,,,,,,,,,,1739.3157894736842
488,1763.0,1729.0,1830.0,1735.0,1727.0,1815.0,1756.0,1833.0,1726.0,1736.0,1794.0,1867.0,1650.0,1650.0,1598.0,1664.0,1791.0,1727.0,1705.0,,,,,,,,,,,1741.8947368421052
489,1787.0,1708.0,1854.0,1719.0,1722.0,1787.0,1726.0,1795.0,1728.0,1727.0,1811.0,1871.0,1648.0,1684.0,1577.0,1686.0,1774.0,1694.0,1707.0,,,,,,,,,,,1737.1052631578948
490,1782.0,1703.0,1827.0,1735.0,1761.0,1794.0,1734.0,1788.0,1737.0,1721.0,1806.0,1862.0,1638.0,1680.0,1604.0,1697.0,1738.0,1703.0,1692.0,,,,,,,,,,,1736.9473684210527
491,1774.0,1700.0,1838.0,1746.0,1754.0,1793.0,1723.0,1775.0,1727.0,1722.0,1795.0,1875.0,1618.0,1666.0,1576.0,1694.0,1732.0,1720.0,1700.0,,,,,,,,,,,1733.0526315789473
492,1744.0,1725.0,1860.0,1747.0,1744.0,1795.0,1726.0,1780.0,1722.0,1723.0,1802.0,1855.0,1606.0,1653.0,1551.0,1708.0,1719.0,1729.0,1693.0,,,,,,,,,,,1730.6315789473683
493,1735.0,1712.0,1827.0,1726.0,1768.0,1778.0,1749.0,1770.0,1707.0,1746.0,1790.0,1882.0,1607.0,1663.0,1552.0,1706.0,1713.0,1731.0,1684.0,,,,,,,,,,,1728.7368421052631
494,1759.0,1736.0,1813.0,1723.0,1765.0,1760.0,1739.0,1778.0,1703.0,1747.0,1793.0,1853.0,1652.0,1675.0,1546.0,1675.0,1736.0,1743.0,1668.0,,,,,,,,,,,1729.6842105263158
495,1740.0,1712.0,1797.0,1725.0,1745.0,1779.0,1746.0,1784.0,1716.0,1740.0,1784.0,1844.0,1628.0,1635.0,1543.0,1677.0,1764.0,1737.0,1676.0,,,,,,,,,,,1724.842105263158
496,1780.0,1707.0,1802.0,1727.0,1708.0,1769.0,1742.0,1791.0,1750.0,1738.0,1796.0,1808.0,1627.0,1627.0,1562.0,1680.0,1774.0,1741.0,1674.0,,,,,,,,,,,1726.4736842105262
497,1768.0,1723.0,1797.0,1724.0,1711.0,1770.0,1737.0,1800.0,1748.0,1739.0,1823.0,1800.0,1600.0,1618.0,1582.0,1690.0,1755.0,1726.0,1693.0,,,,,,,,,,,1726.5263157894738
498,1782.0,1729.0,1771.0,1726.0,1707.0,1776.0,1728.0,1804.0,1782.0,1735.0,1827.0,1778.0,1606.0,1641.0,1559.0,1672.0,1769.0,1724.0,1695.0,,,,,,,,,,,1726.8947368421052
499,1772.0,1711.0,1765.0,1726.0,1735.0,1747.0,1778.0,1808.0,1765.0,1722.0,1818.0,1808.0,1606.0,1638.0,1541.0,1670.0,1793.0,1721.0,1722.0,,,,,,,,,,,1728.7368421052631
500,1767.0,1756.0,1788.0,1749.0,1754.0,1762.0,1767.0,1803.0,1729.0,1735.0,1800.0,1803.0,1598.0,1672.0,1574.0,1663.0,1789.0,1738.0,1740.0,,,,,,,,,,,1736.157894736842
501,1722.0,1730.0,1787.0,1725.0,1761.0,1743.0,1739.0,1789.0,1737.0,1709.0,1813.0,1823.0,1604.0,1652.0,1610.0,1673.0,1783.0,1713.0,1725.0,,,,,,,,,,,1728.3157894736842
502,1753.0,1731.0,1793.0,1731.0,1730.0,1740.0,1711.0,1773.0,1745.0,1717.0,1802.0,1830.0,1580.0,1651.0,1629.0,1656.0,1798.0,1718.0,1729.0,,,,,,,,,,,1727.2105263157894
503,1744.0,1715.0,1760.0,1731.0,1711.0,1711.0,1734.0,1796.0,1761.0,1737.0,1804.0,1818.0,1601.0,1658.0,1648.0,1661.0,1755.0,1739.0,1708.0,,,,,,,,,,,1725.8947368421052
504,1755.0,1732.0,1782.0,1705.0,1699.0,1724.0,1733.0,1789.0,1754.0,1742.0,1810.0,1805.0,1582.0,1653.0,1621.0,1685.0,1788.0,1751.0,1738.0,,,,,,,,,,,1728.842105263158
505,1761.0,1737.0,1759.0,1680.0,1717.0,1739.0,1747.0,1759.0,1743.0,1725.0,1836.0,1812.0,1626.0,1653.0,1644.0,1660.0,1736.0,1733.0,1704.0,,,,,,,,,,,1724.7894736842106
506,1790.0,1729.0,1811.0,1705.0,1724.0,1765.0,1711.0,1764.0,1746.0,1760.0,1809.0,1838.0,1620.0,1647.0,1630.0,1650.0,1726.0,1716.0,1749.0,,,,,,,,,,,1731.0526315789473
507,1771.0,1721.0,1771.0,1701.0,1720.0,1760.0,1721.0,1738.0,1743.0,1729.0,1825.0,1867.0,1642.0,1675.0,1610.0,1669.0,1732.0,1733.0,1702.0,,,,,,,,,,,1727.8947368421052
508,1764.0,1748.0,1756.0,1718.0,1774.0,1784.0,1719.0,1754.0,1745.0,1710.0,1777.0,1861.0,1622.0,1676.0,1624.0,1657.0,1734.0,1719.0,1711.0,,,,,,,,,,,1729.1052631578948
509,1753.0,1734.0,1784.0,1739.0,1786.0,1767.0,1718.0,1796.0,1760.0,1720.0,1789.0,1813.0,1590.0,1689.0,1630.0,1665.0,1736.0,1716.0,1728.0,,,,,,,,,,,1732.2631578947369
510,1746.0,1750.0,1776.0,1702.0,1750.0,1749.0,1694.0,1816.0,1731.0,1708.0,1770.0,1794.0,1616.0,1662.0,1640.0,1669.0,1720.0,1706.0,1680.0,,,,,,,,,,,1719.9473684210527
511,1736.0,1766.0,1755.0,1725.0,1739.0,1737.0,1715.0,1851.0,1758.0,1691.0,1784.0,1806.0,1603.0,1655.0,1610.0,1650.0,1739.0,1723.0,1659.0,,,,,,,,,,,1721.157894736842
512,1737.0,1756.0,1733.0,1725.0,1735.0,1750.0,1716.0,1843.0,1749.0,1706.0,1783.0,1820.0,1592.0,1677.0,1596.0,1676.0,1766.0,1740.0,1709.0,,,,,,,,,,,1726.7894736842106
513,1779.0,1752.0,1730.0,1719.0,1743.0,1750.0,1683.0,1854.0,1757.0,1699.0,1757.0,1807.0,1602.0,1665.0,1553.0,1690.0,1744.0,1752.0,1731.0,,,,,,,,,,,1724.578947368421
514,1768.0,1760.0,1721.0,1721.0,1736.0,1730.0,1703.0,1872.0,1765.0,1747.0,1735.0,1804.0,1568.0,1668.0,1529.0,1705.0,1745.0,1723.0,1739.0,,,,,,,,,,,1723.1052631578948
515,1788.0,1747.0,1712.0,1714.0,1740.0,1739.0,1711.0,1882.0,1790.0,1744.0,1789.0,1809.0,1611.0,1668.0,1507.0,1702.0,1752.0,1736.0,1714.0,,,,,,,,,,,1729.2105263157894
516,1809.0,1771.0,1765.0,1732.0,1712.0,1721.0,1731.0,1884.0,1785.0,1741.0,1794.0,1805.0,1600.0,1684.0,1549.0,1658.0,1742.0,1719.0,1696.0,,,,,,,,,,,1731.4736842105262
517,1827.0,1763.0,1754.0,1719.0,1698.0,1754.0,1744.0,1887.0,1750.0,1748.0,1784.0,1822.0,1608.0,1672.0,1550.0,1637.0,1745.0,1718.0,1680.0,,,,,,,,,,,1729.4736842105262
518,1822.0,1751.0,1758.0,1723.0,1732.0,1758.0,1703.0,1863.0,1776.0,1741.0,1784.0,1808.0,1598.0,1681.0,1574.0,1651.0,1755.0,1705.0,1688.0,,,,,,,,,,,1730.0526315789473
519,1814.0,1737.0,1777.0,1716.0,1730.0,1744.0,1700.0,1877.0,1772.0,1726.0,1805.0,1814.0,1614.0,1672.0,1575.0,1636.0,1829.0,1701.0,1718.0,,,,,,,,,,,1734.578947368421
520,1792.0,1729.0,1788.0,1733.0,1741.0,1744.0,1714.0,1879.0,1781.0,1733.0,1834.0,1798.0,1582.0,1658.0,1611.0,1662.0,1788.0,1731.0,1732.0,,,,,,,,,,,1738.421052631579
521,1763.0,1773.0,1800.0,1717.0,1722.0,1725.0,1711.0,1878.0,1740.0,1725.0,1837.0,1803.0,1590.0,1631.0,1603.0,1689.0,1819.0,1718.0,1722.0,,,,,,,,,,,1735.0526315789473
522,1752.0,1762.0,1796.0,1709.0,1718.0,1716.0,1721.0,1877.0,1730.0,1722.0,1814.0,1785.0,1617.0,1634.0,1573.0,1692.0,1833.0,1716.0,1731.0,,,,,,,,,,,1731.4736842105262
523,1786.0,1747.0,1789.0,1714.0,1744.0,1736.0,1725.0,1877.0,1752.0,1720.0,1799.0,1785.0,1624.0,1667.0,1544.0,1707.0,1835.0,1707.0,1678.0,,,,,,,,,,,1733.4736842105262
524,1801.0,1735.0,1811.0,1734.0,1750.0,1719.0,1715.0,1888.0,1752.0,1742.0,1802.0,1766.0,1636.0,1657.0,1538.0,1741.0,1834.0,1744.0,1722.0,,,,,,,,,,,1741.421052631579
525,1791.0,1701.0,1793.0,1694.0,1733.0,1719.0,1733.0,1878.0,1731.0,1721.0,1770.0,1753.0,1631.0,1686.0,1522.0,1728.0,1823.0,1737.0,1717.0,,,,,,,,,,,1729.5263157894738
526,1823.0,1713.0,1779.0,1688.0,1754.0,1729.0,1731.0,1846.0,1738.0,1712.0,1746.0,1738.0,1626.0,1691.0,1518.0,1714.0,1819.0,1751.0,1714.0,,,,,,,,,,,1727.8947368421052
527,1797.0,1737.0,1812.0,1731.0,1771.0,1728.0,1749.0,1836.0,1721.0,1697.0,1739.0,1711.0,1610.0,1701.0,1543.0,1734.0,1798.0,1756.0,1669.0,,,,,,,,,,,1728.421052631579
528,1775.0,1731.0,1775.0,1719.0,1758.0,1704.0,1731.0,1853.0,1736.0,1733.0,1721.0,1769.0,1639.0,1689.0,1535.0,1735.0,1763.0,1742.0,1682.0,,,,,,,,,,,1725.7894736842106
529,1778.0,1742.0,1765.0,1725.0,1751.0,1707.0,1740.0,1834.0,1704.0,1712.0,1721.0,1789.0,1625.0,1639.0,1543.0,1724.0,1770.0,1779.0,1706.0,,,,,,,,,,,1723.8947368421052
530,1817.0,1742.0,1770.0,1699.0,1733.0,1691.0,1745.0,1838.0,1685.0,1713.0,1729.0,1797.0,1651.0,1650.0,1538.0,1714.0,1806.0,1788.0,1685.0,,,,,,,,,,,1725.842105263158
531,1805.0,1740.0,1754.0,1706.0,1731.0,1674.0,1754.0,1831.0,1688.0,1667.0,1714.0,1795.0,1654.0,1668.0,1551.0,1693.0,1798.0,1782.0,1718.0,,,,,,,,,,,1722.2631578947369
532,1776.0,1753.0,1754.0,1729.0,1727.0,1691.0,1769.0,1836.0,1729.0,1714.0,1680.0,1782.0,1641.0,1689.0,1567.0,1697.0,1810.0,1785.0,1709.0,,,,,,,,,,,1728.3157894736842
533,1759.0,1743.0,1787.0,1738.0,1731.0,1697.0,1766.0,1849.0,1724.0,1712.0,1700.0,1786.0,1610.0,1659.0,1538.0,1690.0,1848.0,1764.0,1715.0,,,,,,,,,,,1727.157894736842
534,1775.0,1735.0,1780.0,1714.0,1746.0,1722.0,1756.0,1862.0,1743.0,1699.0,1737.0,1785.0,1617.0,1647.0,1556.0,1714.0,1866.0,1785.0,1709.0,,,,,,,,,,,1734.1052631578948
535,1785.0,1729.0,1766.0,1701.0,1720.0,1716.0,1782.0,1849.0,1716.0,1702.0,1742.0,1785.0,1640.0,1642.0,1542.0,1711.0,1837.0,1788.0,1691.0,,,,,,,,,,,1728.6315789473683
536,1808.0,1748.0,1756.0,1706.0,1725.0,1710.0,1782.0,1857.0,1719.0,1706.0,1750.0,1776.0,1636.0,1662.0,1548.0,1726.0,1813.0,1785.0,1684.0,,,,,,,,,,,1731.421052631579
537,1762.0,1728.0,1745.0,1735.0,1708.0,1703.0,1750.0,1845.0,1713.0,1694.0,1746.0,1762.0,1646.0,1648.0,1564.0,1698.0,1838.0,1798.0,1681.0,,,,,,,,,,,1724.421052631579
538,1736.0,1755.0,1765.0,1710.0,1728.0,1705.0,1742.0,1858.0,1727.0,1675.0,1735.0,1779.0,1653.0,1663.0,1576.0,1705.0,1834.0,1798.0,1712.0,,,,,,,,,,,1729.2631578947369
539,1750.0,1764.0,1781.0,1732.0,1724.0,1702.0,1739.0,1841.0,1746.0,1665.0,1747.0,1781.0,1659.0,1655.0,1580.0,1713.0,1846.0,1759.0,1696.0,,,,,,,,,,,1730.5263157894738
540,1750.0,1748.0,1782.0,1723.0,1751.0,1698.0,1719.0,1814.0,1741.0,1687.0,1749.0,1774.0,1641.0,1654.0,1602.0,1721.0,1834.0,1772.0,1706.0,,,,,,,,,,,1729.7894736842106
541,1764.0,1742.0,1798.0,1723.0,1711.0,1690.0,1703.0,1811.0,1755.0,1701.0,1749.0,1779.0,1633.0,1631.0,1608.0,1718.0,1816.0,1797.0,1755.0,,,,,,,,,,,1730.7368421052631
542,1791.0,1745.0,1793.0,1691.0,1739.0,1683.0,1704.0,1827.0,1783.0,1694.0,1743.0,1800.0,1648.0,1647.0,1570.0,1718.0,1832.0,1796.0,1771.0,,,,,,,,,,,1735.5263157894738
543,1752.0,1736.0,1780.0,1683.0,1747.0,1667.0,1707.0,1828.0,1792.0,1658.0,1749.0,1787.0,1615.0,1627.0,1594.0,1679.0,1830.0,1788.0,1735.0,,,,,,,,,,,1723.8947368421052
544,1750.0,1720.0,1759.0,1691.0,1756.0,1704.0,1678.0,1834.0,1796.0,1665.0,1737.0,1799.0,1597.0,1619.0,1586.0,1646.0,1817.0,1804.0,1728.0,,,,,,,,,,,1720.3157894736842
545,1751.0,1707.0,1776.0,1679.0,1756.0,1690.0,1707.0,1844.0,1813.0,1672.0,1724.0,1854.0,1621.0,1621.0,1613.0,1614.0,1791.0,1815.0,1735.0,,,,,,,,,,,1725.421052631579
546,1766.0,1708.0,1778.0,1684.0,1776.0,1723.0,1695.0,1871.0,1835.0,1698.0,1712.0,1841.0,1642.0,1635.0,1625.0,1645.0,1753.0,1802.0,1774.0,,,,,,,,,,,1734.8947368421052
547,1759.0,1717.0,1816.0,1664.0,1736.0,1702.0,1729.0,1878.0,1840.0,1704.0,1746.0,1807.0,1649.0,1645.0,1620.0,1662.0,1759.0,1769.0,1737.0,,,,,,,,,,,1733.6315789473683
548,1762.0,1714.0,1817.0,1697.0,1744.0,1725.0,1676.0,1882.0,1820.0,1720.0,1754.0,1805.0,1637.0,1612.0,1650.0,1658.0,1750.0,1764.0,1747.0,,,,,,,,,,,1733.3684210526317
549,1763.0,1766.0,1789.0,1700.0,1709.0,1726.0,1708.0,1855.0,1827.0,1711.0,1763.0,1795.0,1626.0,1622.0,1635.0,1674.0,1767.0,1797.0,1750.0,,,,,,,,,,,1735.9473684210527
550,1806.0,1750.0,1795.0,1708.0,1727.0,1726.0,1685.0,1875.0,1851.0,1711.0,1778.0,1817.0,1630.0,1599.0,1627.0,1688.0,1771.0,1780.0,1758.0,,,,,,,,,,,1741.157894736842
551,1831.0,1753.0,1799.0,1715.0,1703.0,1711.0,1680.0,1903.0,1827.0,1717.0,1770.0,1815.0,1599.0,1615.0,1582.0,1686.0,1740.0,1809.0,1778.0,,,,,,,,,,,1738.578947368421
552,1804.0,1729.0,1827.0,1701.0,1731.0,1683.0,1679.0,1923.0,1822.0,1717.0,1779.0,1817.0,1592.0,1613.0,1598.0,1663.0,1761.0,1780.0,1748.0,,,,,,,,,,,1735.1052631578948
553,1825.0,1719.0,1802.0,1724.0,1736.0,1699.0,1690.0,1923.0,1796.0,1681.0,1803.0,1812.0,1615.0,1615.0,1640.0,1659.0,1760.0,1799.0,1743.0,,,,,,,,,,,1739.0
554,1828.0,1725.0,1794.0,1729.0,1741.0,1699.0,1684.0,1891.0,1833.0,1695.0,1784.0,1828.0,1612.0,1629.0,1642.0,1652.0,1737.0,1768.0,1747.0,,,,,,,,,,,1737.7894736842106
555,1818.0,1695.0,1798.0,1713.0,1732.0,1682.0,1711.0,1911.0,1813.0,1706.0,1762.0,1851.0,1622.0,1623.0,1633.0,1648.0,1734.0,1775.0,1737.0,,,,,,,,,,,1734.9473684210527
556,1821.0,1716.0,1808.0,1708.0,1722.0,1671.0,1723.0,1898.0,1815.0,1689.0,1777.0,1842.0,1594.0,1626.0,1630.0,1659.0,1739.0,1767.0,1747.0,,,,,,,,,,,1734.3157894736842
557,1806.0,1710.0,1802.0,1693.0,1700.0,1679.0,1738.0,1886.0,1801.0,1678.0,1798.0,1836.0,1552.0,1638.0,1611.0,1694.0,1764.0,1786.0,1704.0,,,,,,,,,,,1730.3157894736842
558,1840.0,1724.0,1790.0,1705.0,1689.0,1699.0,1731.0,1868.0,1787.0,1666.0,1788.0,1831.0,1591.0,1641.0,1623.0,1710.0,1766.0,1764.0,1703.0,,,,,,,,,,,1732.421052631579
559,1856.0,1727.0,1801.0,1712.0,1666.0,1681.0,1740.0,1848.0,1806.0,1674.0,1789.0,1814.0,1601.0,1652.0,1628.0,1692.0,1803.0,1768.0,1716.0,,,,,,,,,,,1735.4736842105262
560,1837.0,1715.0,1799.0,1700.0,1660.0,1654.0,1741.0,1853.0,1813.0,1690.0,1797.0,1822.0,1597.0,1653.0,1634.0,1689.0,1770.0,1792.0,1698.0,,,,,,,,,,,1732.3157894736842
561,1811.0,1723.0,1830.0,1700.0,1674.0,1659.0,1752.0,1858.0,1827.0,1671.0,1796.0,1826.0,1596.0,1628.0,1639.0,1680.0,1753.0,1790.0,1705.0,,,,,,,,,,,1732.5263157894738
562,1830.0,1709.0,1837.0,1694.0,1709.0,1637.0,1753.0,1867.0,1851.0,1682.0,1794.0,1847.0,1602.0,1645.0,1652.0,1671.0,1762.0,1771.0,1718.0,,,,,,,,,,,1738.4736842105262
563,1853.0,1719.0,1809.0,1692.0,1685.0,1664.0,1745.0,1828.0,1793.0,1705.0,1786.0,1842.0,1588.0,1676.0,1631.0,1690.0,1770.0,1773.0,1750.0,,,,,,,,,,,1736.7894736842106
564,1863.0,1739.0,1804.0,1695.0,1708.0,1699.0,1716.0,1839.0,1810.0,1693.0,1752.0,1858.0,1620.0,1661.0,1646.0,1677.0,1804.0,1764.0,1775.0,,,,,,,,,,,1743.3157894736842
565,1816.0,1737.0,1803.0,1681.0,1712.0,1688.0,1723.0,1868.0,1816.0,1704.0,1768.0,1870.0,1610.0,1666.0,1598.0,1696.0,1794.0,1768.0,1787.0,,,,,,,,,,,1742.3684210526317
566,1834.0,1738.0,1776.0,1670.0,1720.0,1697.0,1760.0,1889.0,1796.0,1723.0,1752.0,1849.0,1625.0,1673.0,1604.0,1688.0,1832.0,1759.0,1768.0,,,,,,,,,,,1744.8947368421052
567,1816.0,1729.0,1805.0,1689.0,1759.0,1680.0,1771.0,1898.0,1829.0,1743.0,1741.0,1817.0,1637.0,1670.0,1624.0,1683.0,1790.0,1789.0,1706.0,,,,,,,,,,,1746.1052631578948
568,1828.0,1726.0,1801.0,1685.0,1711.0,1676.0,1762.0,1904.0,1826.0,1732.0,1750.0,1814.0,1655.0,1649.0,1626.0,1687.0,1811.0,1795.0,1717.0,,,,,,,,,,,1745.0
569,1818.0,1724.0,1796.0,1663.0,1691.0,1698.0,1762.0,1882.0,1837.0,1739.0,1797.0,1825.0,1673.0,1674.0,1626.0,1713.0,1821.0,1816.0,1751.0,,,,,,,,,,,1752.9473684210527
570,1844.0,1704.0,1774.0,1665.0,1707.0,1663.0,1745.0,1897.0,1854.0,1737.0,1765.0,1816.0,1697.0,1696.0,1638.0,1727.0,1821.0,1806.0,1748.0,,,,,,,,,,,1752.842105263158
571,1858.0,1729.0,1778.0,1656.0,1731.0,1663.0,1710.0,1867.0,1857.0,1733.0,1740.0,1837.0,1708.0,1692.0,1632.0,1711.0,1799.0,1837.0,1752.0,,,,,,,,,,,1752.1052631578948
572,1827.0,1702.0,1772.0,1683.0,1747.0,1685.0,1692.0,1867.0,1845.0,1735.0,1718.0,1840.0,1697.0,1681.0,1621.0,1688.0,1789.0,1790.0,1774.0,,,,,,,,,,,1744.8947368421052
573,1866.0,1751.0,1772.0,1655.0,1719.0,1700.0,1694.0,1879.0,1860.0,1774.0,1722.0,1850.0,1674.0,1657.0,1634.0,1727.0,1788.0,1783.0,1765.0,,,,,,,,,,,1751.0526315789473
574,1863.0,1748.0,1766.0,1669.0,1724.0,1715.0,1702.0,1896.0,1857.0,1771.0,1730.0,1850.0,1669.0,1658.0,1602.0,1700.0,1802.0,1815.0,1774.0,,,,,,,,,,,1753.2105263157894
575,1854.0,1765.0,1733.0,1672.0,1723.0,1720.0,1708.0,1890.0,1841.0,1770.0,1745.0,1836.0,1651.0,1697.0,1587.0,1707.0,1769.0,1808.0,1744.0,,,,,,,,,,,1748.421052631579
576,1849.0,1748.0,1778.0,1674.0,1744.0,1717.0,1739.0,1899.0,1817.0,1749.0,1744.0,1843.0,1640.0,1678.0,1653.0,1721.0,1759.0,1780.0,1743.0,,,,,,,,,,,1751.3157894736842
577,1829.0,1764.0,1786.0,1675.0,1745.0,1747.0,1738.0,1871.0,1822.0,1751.0,1750.0,1866.0,1662.0,1687.0,1673.0,1736.0,1775.0,1769.0,1719.0,,,,,,,,,,,1756.0526315789473
578,1844.0,1764.0,1755.0,1677.0,1737.0,1753.0,1718.0,1853.0,1783.0,1776.0,1790.0,1824.0,1672.0,1679.0,1672.0,1734.0,1771.0,1789.0,1719.0,,,,,,,,,,,1753.157894736842
579,1874.0,1774.0,1746.0,1670.0,1746.0,1719.0,1756.0,1851.0,1781.0,1817.0,1783.0,1837.0,1652.0,1682.0,1653.0,1712.0,1804.0,1796.0,1739.0,,,,,,,,,,,1757.4736842105262
580,1862.0,1784.0,1748.0,1692.0,1764.0,1704.0,1746.0,1850.0,1830.0,1817.0,1790.0,1862.0,1647.0,1685.0,1646.0,1676.0,1779.0,1819.0,1734.0,,,,,,,,,,,1759.7368421052631
581,1818.0,1764.0,1744.0,1686.0,1744.0,1689.0,1736.0,1854.0,1799.0,1808.0,1811.0,1858.0,1622.0,1700.0,1646.0,1639.0,1782.0,1814.0,1752.0,,,,,,,,,,,1750.842105263158
582,1826.0,1768.0,1759.0,1703.0,1740.0,1690.0,1727.0,1869.0,1784.0,1764.0,1816.0,1847.0,1640.0,1694.0,1666.0,1642.0,1801.0,1825.0,1748.0,,,,,,,,,,,1753.1052631578948
583,1807.0,1772.0,1767.0,1700.0,1717.0,1715.0,1776.0,1862.0,1789.0,1734.0,1798.0,1833.0,1676.0,1696.0,1641.0,1651.0,1790.0,1828.0,1740.0,,,,,,,,,,,1752.2105263157894
584,1821.0,1783.0,1764.0,1685.0,1704.0,1723.0,1797.0,1890.0,1800.0,1726.0,1779.0,1853.0,1644.0,1684.0,1637.0,1649.0,1803.0,1862.0,1756.0,,,,,,,,,,,1755.7894736842106
585,1820.0,1751.0,1777.0,1693.0,1712.0,1699.0,1782.0,1885.0,1802.0,1719.0,1824.0,1851.0,1620.0,1666.0,1634.0,1665.0,1785.0,1856.0,1784.0,,,,,,,,,,,1753.9473684210527
586,1800.0,1741.0,1783.0,1688.0,1683.0,1676.0,1779.0,1889.0,1793.0,1721.0,1822.0,1857.0,1622.0,1655.0,1632.0,1655.0,1804.0,1851.0,1809.0,,,,,,,,,,,1750.5263157894738
587,1811.0,1754.0,1798.0,1700.0,1703.0,1656.0,1774.0,1914.0,1783.0,1759.0,1822.0,1869.0,1632.0,1662.0,1632.0,1631.0,1807.0,1883.0,1792.0,,,,,,,,,,,1756.9473684210527
588,1828.0,1727.0,1800.0,1691.0,1704.0,1682.0,1774.0,1918.0,1804.0,1750.0,1810.0,1882.0,1629.0,1679.0,1641.0,1633.0,1836.0,1898.0,1768.0,,,,,,,,,,,1760.7368421052631
589,1816.0,1704.0,1791.0,1682.0,1699.0,1712.0,1754.0,1944.0,1781.0,1776.0,1820.0,1896.0,1649.0,1685.0,1615.0,1631.0,1827.0,1928.0,1767.0,,,,,,,,,,,1761.9473684210527
590,1846.0,1695.0,1749.0,1676.0,1731.0,1729.0,1725.0,1948.0,1794.0,1768.0,1816.0,1891.0,1624.0,1666.0,1605.0,1646.0,1847.0,1908.0,1753.0,,,,,,,,,,,1758.7894736842106
591,1867.0,1703.0,1775.0,1698.0,1722.0,1733.0,1734.0,1954.0,1786.0,1739.0,1814.0,1874.0,1626.0,1704.0,1636.0,1647.0,1850.0,1897.0,1787.0,,,,,,,,,,,1765.578947368421
592,1851.0,1705.0,1756.0,1710.0,1688.0,1721.0,1746.0,1937.0,1773.0,1736.0,1802.0,1892.0,1619.0,1697.0,1625.0,1650.0,1870.0,1883.0,1797.0,,,,,,,,,,,1760.9473684210527
593,1849.0,1700.0,1731.0,1709.0,1706.0,1747.0,1775.0,1938.0,1766.0,1736.0,1813.0,1899.0,1642.0,1727.0,1634.0,1649.0,1867.0,1896.0,1798.0,,,,,,,,,,,1767.4736842105262
594,1875.0,1706.0,1743.0,1701.0,1688.0,1756.0,1769.0,1938.0,1776.0,1721.0,1851.0,1904.0,1651.0,1741.0,1666.0,1645.0,1844.0,1899.0,1809.0,,,,,,,,,,,1772.7894736842106
595,1853.0,1730.0,1759.0,1683.0,1683.0,1751.0,1763.0,1928.0,1801.0,1739.0,1838.0,1930.0,1680.0,1726.0,1658.0,1669.0,1877.0,1894.0,1826.0,,,,,,,,,,,1778.3157894736842
596,1858.0,1737.0,1752.0,1662.0,1701.0,1754.0,1719.0,1876.0,1798.0,1730.0,1829.0,1885.0,1659.0,1704.0,1655.0,1663.0,1880.0,1895.0,1823.0,,,,,,,,,,,1767.3684210526317
597,1855.0,1753.0,1756.0,1658.0,1700.0,1754.0,1714.0,1874.0,1786.0,1752.0,1809.0,1867.0,1652.0,1701.0,1675.0,1645.0,1850.0,1912.0,1849.0,,,,,,,,,,,1766.421052631579
598,1870.0,1736.0,1744.0,1642.0,1695.0,1753.0,1720.0,1894.0,1780.0,1754.0,1835.0,1878.0,1654.0,1710.0,1665.0,1631.0,1858.0,1878.0,1827.0,,,,,,,,,,,1764.421052631579
599,1904.0,1730.0,1737.0,1641.0,1669.0,1739.0,1750.0,1921.0,1785.0,1753.0,1810.0,1850.0,1657.0,1695.0,1650.0,1624.0,1846.0,1858.0,1848.0,,,,,,,,,,,1761.421052631579
600,1884.0,1728.0,1755.0,1647.0,1693.0,1767.0,1767.0,1895.0,1756.0,1736.0,1822.0,1864.0,1646.0,1690.0,1652.0,1627.0,1820.0,1846.0,1810.0,,,,,,,,,,,1758.157894736842
601,1896.0,1723.0,1759.0,1650.0,1709.0,1728.0,1790.0,1909.0,1753.0,1743.0,1814.0,1859.0,1654.0,1705.0,1635.0,1628.0,1857.0,1872.0,1818.0,,,,,,,,,,,1763.2631578947369
602,1904.0,1736.0,1774.0,1681.0,1711.0,1747.0,1756.0,1903.0,1759.0,1741.0,1838.0,1829.0,1637.0,1689.0,1617.0,1607.0,1839.0,1891.0,1837.0,,,,,,,,,,,1762.9473684210527
603,1914.0,1714.0,1793.0,1658.0,1731.0,1744.0,1750.0,1886.0,1757.0,1741.0,1830.0,1838.0,1639.0,1674.0,1629.0,1603.0,1842.0,1883.0,1832.0,,,,,,,,,,,1760.9473684210527
604,1889.0,1689.0,1790.0,1661.0,1715.0,1713.0,1748.0,1882.0,1794.0,1729.0,1821.0,1827.0,1653.0,1694.0,1623.0,1630.0,1840.0,1874.0,1829.0,,,,,,,,,,,1757.9473684210527
605,1878.0,1670.0,1809.0,1665.0,1732.0,1730.0,1732.0,1877.0,1784.0,1694.0,1828.0,1860.0,1629.0,1706.0,1632.0,1614.0,1845.0,1888.0,1794.0,,,,,,,,,,,1756.157894736842
606,1866.0,1684.0,1812.0,1676.0,1725.0,1723.0,1715.0,1900.0,1789.0,1652.0,1851.0,1858.0,1654.0,1701.0,1635.0,1617.0,1855.0,1888.0,1807.0,,,,,,,,,,,1758.3157894736842
607,1877.0,1683.0,1790.0,1708.0,1735.0,1732.0,1751.0,1915.0,1800.0,1663.0,1853.0,1870.0,1665.0,1719.0,1623.0,1632.0,1840.0,1882.0,1856.0,,,,,,,,,,,1768.1052631578948
608,1911.0,1676.0,1825.0,1707.0,1710.0,1753.0,1761.0,1882.0,1802.0,1675.0,1841.0,1881.0,1676.0,1681.0,1635.0,1622.0,1826.0,1854.0,1833.0,,,,,,,,,,,1765.842105263158
609,1891.0,1684.0,1778.0,1692.0,1722.0,1726.0,1776.0,1868.0,1776.0,1719.0,1878.0,1853.0,1678.0,1687.0,1641.0,1615.0,1822.0,1850.0,1792.0,,,,,,,,,,,1760.421052631579
610,1890.0,1706.0,1773.0,1694.0,1717.0,1714.0,1736.0,1873.0,1769.0,1729.0,1877.0,1841.0,1676.0,1688.0,1641.0,1594.0,1813.0,1860.0,1788.0,,,,,,,,,,,1756.7894736842106
611,1890.0,1725.0,1764.0,1690.0,1712.0,1693.0,1716.0,1850.0,1781.0,1687.0,1838.0,1864.0,1673.0,1673.0,1657.0,1624.0,1818.0,1849.0,1813.0,,,,,,,,,,,1753.5263157894738
612,1877.0,1719.0,1739.0,1692.0,1700.0,1694.0,1723.0,1863.0,1769.0,1693.0,1821.0,1858.0,1670.0,1670.0,1636.0,1612.0,1804.0,1823.0,1800.0,,,,,,,,,,,1745.421052631579
613,1881.0,1741.0,1792.0,1695.0,1687.0,1674.0,1728.0,1886.0,1766.0,1714.0,1826.0,1849.0,1686.0,1662.0,1623.0,1608.0,1843.0,1817.0,1778.0,,,,,,,,,,,1750.3157894736842
614,1846.0,1704.0,1779.0,1676.0,1708.0,1715.0,1712.0,1907.0,1741.0,1731.0,1816.0,1888.0,1694.0,1666.0,1625.0,1574.0,1865.0,1828.0,1783.0,,,,,,,,,,,1750.421052631579
615,1843.0,1683.0,1770.0,1700.0,1731.0,1740.0,1700.0,1910.0,1746.0,1732.0,1830.0,1890.0,1669.0,1658.0,1602.0,1593.0,1839.0,1831.0,1748.0,,,,,,,,,,,1748.157894736842
616,1855.0,1695.0,1782.0,1680.0,1698.0,1728.0,1755.0,1945.0,1765.0,1733.0,1798.0,1881.0,1658.0,1658.0,1596.0,1598.0,1832.0,1829.0,1755.0,,,,,,,,,,,1749.5263157894738
617,1883.0,1698.0,1779.0,1696.0,1697.0,1727.0,1710.0,1937.0,1777.0,1746.0,1797.0,1865.0,1642.0,1665.0,1589.0,1609.0,1840.0,1821.0,1745.0,,,,,,,,,,,1748.578947368421
618,1848.0,1660.0,1755.0,1688.0,1703.0,1732.0,1724.0,1910.0,1788.0,1740.0,1814.0,1826.0,1634.0,1675.0,1605.0,1603.0,1815.0,1793.0,1750.0,,,,,,,,,,,1740.157894736842
619,1881.0,1692.0,1773.0,1704.0,1729.0,1687.0,1702.0,1932.0,1794.0,1739.0,1816.0,1807.0,1651.0,1666.0,1597.0,1583.0,1803.0,1820.0,1731.0,,,,,,,,,,,1742.4736842105262
620,1874.0,1720.0,1770.0,1709.0,1732.0,1691.0,1727.0,1911.0,1812.0,1725.0,1829.0,1828.0,1644.0,1692.0,1629.0,1607.0,1836.0,1811.0,1762.0,,,,,,,,,,,1753.1052631578948
621,1852.0,1734.0,1786.0,1698.0,1736.0,1726.0,1726.0,1889.0,1803.0,1738.0,1833.0,1832.0,1675.0,1690.0,1639.0,1628.0,1845.0,1798.0,1752.0,,,,,,,,,,,1756.842105263158
622,1868.0,1738.0,1805.0,1701.0,1709.0,1729.0,1731.0,1868.0,1821.0,1734.0,1797.0,1816.0,1649.0,1699.0,1658.0,1634.0,1860.0,1813.0,1746.0,,,,,,,,,,,1756.6315789473683
623,1868.0,1726.0,1817.0,1755.0,1686.0,1746.0,1726.0,1877.0,1817.0,1707.0,1792.0,1784.0,1671.0,1681.0,1639.0,1608.0,1858.0,1832.0,1734.0,,,,,,,,,,,1753.8947368421052
624,1866.0,1734.0,1825.0,1709.0,1695.0,1752.0,1716.0,1874.0,1846.0,1710.0,1828.0,1774.0,1644.0,1675.0,1664.0,1615.0,1831.0,1850.0,1734.0,,,,,,,,,,,1754.842105263158
625,1879.0,1743.0,1840.0,1714.0,1712.0,1766.0,1714.0,1901.0,1845.0,1715.0,1847.0,1772.0,1668.0,1671.0,1689.0,1633.0,1820.0,1806.0,1744.0,,,,,,,,,,,1762.0526315789473
626,1896.0,1722.0,1838.0,1720.0,1677.0,1740.0,1706.0,1891.0,1837.0,1729.0,1851.0,1807.0,1659.0,1648.0,1673.0,1656.0,1802.0,1748.0,1743.0,,,,,,,,,,,1754.8947368421052
627,1869.0,1745.0,1813.0,1725.0,1663.0,1774.0,1718.0,1893.0,1823.0,1750.0,1832.0,1805.0,1650.0,1671.0,1654.0,1646.0,1797.0,1760.0,1724.0,,,,,,,,,,,1753.2631578947369
628,1863.0,1714.0,1831.0,1747.0,1676.0,1768.0,1714.0,1929.0,1802.0,1766.0,1793.0,1815.0,1659.0,1662.0,1658.0,1654.0,1794.0,1779.0,1756.0,,,,,,,,,,,1756.842105263158
629,1898.0,1719.0,1822.0,1722.0,1667.0,1740.0,1680.0,1920.0,1804.0,1776.0,1787.0,1809.0,1678.0,1671.0,1638.0,1641.0,1780.0,1759.0,1711.0,,,,,,,,,,,1748.5263157894738
630,1890.0,1733.0,1811.0,1706.0,1689.0,1720.0,1686.0,1914.0,1785.0,1756.0,1799.0,1821.0,1673.0,1670.0,1613.0,1620.0,1785.0,1755.0,1747.0,,,,,,,,,,,1745.9473684210527
631,1854.0,1744.0,1829.0,1711.0,1689.0,1704.0,1727.0,1894.0,1795.0,1771.0,1818.0,1817.0,1674.0,1704.0,1621.0,1601.0,1796.0,1761.0,1724.0,,,,,,,,,,,1749.157894736842
632,1836.0,1771.0,1812.0,1700.0,1680.0,1696.0,1713.0,1916.0,1788.0,1782.0,1838.0,1804.0,1677.0,1690.0,1609.0,1610.0,1826.0,1746.0,1767.0,,,,,,,,,,,1750.578947368421
633,1853.0,1786.0,1832.0,1701.0,1684.0,1706.0,1746.0,1929.0,1806.0,1751.0,1833.0,1824.0,1705.0,1682.0,1582.0,1627.0,1833.0,1755.0,1752.0,,,,,,,,,,,1757.2105263157894
634,1873.0,1775.0,1806.0,1701.0,1683.0,1716.0,1713.0,1954.0,1806.0,1733.0,1854.0,1840.0,1682.0,1691.0,1586.0,1623.0,1815.0,1756.0,1740.0,,,,,,,,,,,1755.1052631578948
635,1842.0,1787.0,1799.0,1684.0,1695.0,1720.0,1726.0,1967.0,1808.0,1748.0,1847.0,1807.0,1683.0,1683.0,1597.0,1624.0,1812.0,1787.0,1739.0,,,,,,,,,,,1755.5263157894738
636,1827.0,1776.0,1795.0,1696.0,1713.0,1696.0,1702.0,1950.0,1831.0,1765.0,1864.0,1804.0,1663.0,1672.0,1572.0,1595.0,1818.0,1796.0,1731.0,,,,,,,,,,,1750.842105263158
637,1855.0,1779.0,1828.0,1682.0,1693.0,1685.0,1710.0,1940.0,1843.0,1741.0,1857.0,1819.0,1654.0,1678.0,1605.0,1598.0,1847.0,1773.0,1732.0,,,,,,,,,,,1753.6315789473683
638,1885.0,1773.0,1830.0,1689.0,1670.0,1696.0,1709.0,1951.0,1805.0,1700.0,1832.0,1801.0,1657.0,1679.0,1605.0,1607.0,1840.0,1779.0,1743.0,,,,,,,,,,,1750.0526315789473
639,1887.0,1760.0,1834.0,1682.0,1657.0,1689.0,1726.0,1929.0,1809.0,1740.0,1832.0,1763.0,1658.0,1693.0,1607.0,1619.0,1850.0,1778.0,1732.0,,,,,,,,,,,1749.7368421052631
640,1875.0,1744.0,1852.0,1687.0,1660.0,1699.0,1705.0,1932.0,1813.0,1729.0,1867.0,1780.0,1690.0,1693.0,1596.0,1608.0,1850.0,1759.0,1736.0,,,,,,,,,,,1751.3157894736842
641,1872.0,1723.0,1848.0,1680.0,1682.0,1720.0,1713.0,1955.0,1801.0,1722.0,1841.0,1777.0,1695.0,1694.0,1615.0,1618.0,1825.0,1774.0,1719.0,,,,,,,,,,,1751.2631578947369
642,1861.0,1725.0,1801.0,1683.0,1678.0,1723.0,1704.0,1965.0,1815.0,1714.0,1838.0,1798.0,1694.0,1712.0,1613.0,1592.0,1798.0,1767.0,1747.0,,,,,,,,,,,1748.842105263158
643,1861.0,1724.0,1792.0,1686.0,1666.0,1719.0,1739.0,1952.0,1791.0,1722.0,1809.0,1810.0,1669.0,1691.0,1603.0,1587.0,1798.0,1793.0,1729.0,,,,,,,,,,,1744.2631578947369
644,1836.0,1745.0,1800.0,1673.0,1685.0,1732.0,1757.0,1948.0,1823.0,1709.0,1848.0,1798.0,1654.0,1687.0,1615.0,1596.0,1785.0,1829.0,1725.0,,,,,,,,,,,1749.7368421052631
645,1825.0,1703.0,1829.0,1662.0,1687.0,1718.0,1742.0,1943.0,1846.0,1681.0,1872.0,1784.0,1686.0,1687.0,1638.0,1625.0,1796.0,1808.0,1730.0,,,,,,,,,,,1750.6315789473683
646,1842.0,1678.0,1832.0,1631.0,1677.0,1733.0,1736.0,1968.0,1867.0,1671.0,1851.0,1798.0,1692.0,1675.0,1651.0,1605.0,1821.0,1791.0,1720.0,,,,,,,,,,,1749.421052631579
647,1845.0,1688.0,1873.0,1669.0,1690.0,1719.0,1758.0,1939.0,1826.0,1665.0,1849.0,1824.0,1713.0,1696.0,1674.0,1613.0,1831.0,1822.0,1712.0,,,,,,,,,,,1758.2105263157894
648,1888.0,1721.0,1830.0,1670.0,1682.0,1694.0,1716.0,1946.0,1812.0,1654.0,1818.0,1821.0,1695.0,1684.0,1661.0,1633.0,1812.0,1825.0,1716.0,,,,,,,,,,,1751.4736842105262
649,1870.0,1754.0,1814.0,1687.0,1655.0,1711.0,1743.0,1918.0,1844.0,1652.0,1814.0,1829.0,1699.0,1682.0,1679.0,1628.0,1815.0,1831.0,1716.0,,,,,,,,,,,1754.7894736842106
650,1838.0,1765.0,1804.0,1662.0,1685.0,1727.0,1730.0,1913.0,1831.0,1670.0,1782.0,1822.0,1711.0,1676.0,1666.0,1641.0,1792.0,1831.0,1725.0,,,,,,,,,,,1751.1052631578948
651,1863.0,1752.0,1800.0,1657.0,1690.0,1682.0,1713.0,1937.0,1854.0,1676.0,1778.0,1812.0,1705.0,1659.0,1708.0,1626.0,1798.0,1807.0,1721.0,,,,,,,,,,,1749.3684210526317
652,1850.0,1753.0,1812.0,1671.0,1721.0,1680.0,1775.0,1927.0,1883.0,1658.0,1783.0,1825.0,1728.0,1662.0,1689.0,1621.0,1803.0,1807.0,1753.0,,,,,,,,,,,1757.9473684210527
653,1833.0,1736.0,1806.0,1669.0,1745.0,1663.0,1748.0,1929.0,1885.0,1670.0,1769.0,1804.0,1718.0,1683.0,1662.0,1601.0,1828.0,1805.0,1744.0,,,,,,,,,,,1752.5263157894738
654,1821.0,1733.0,1807.0,1686.0,1720.0,1660.0,1781.0,1908.0,1865.0,1663.0,1783.0,1805.0,1727.0,1684.0,1635.0,1629.0,1820.0,1800.0,1734.0,,,,,,,,,,,1750.578947368421
655,1795.0,1756.0,1827.0,1702.0,1682.0,1670.0,1784.0,1919.0,1846.0,1675.0,1784.0,1818.0,1717.0,1674.0,1664.0,1619.0,1804.0,1798.0,1749.0,,,,,,,,,,,1751.7368421052631
656,1773.0,1747.0,1816.0,1696.0,1725.0,1656.0,1783.0,1925.0,1867.0,1689.0,1828.0,1826.0,1720.0,1686.0,1636.0,1625.0,1823.0,1799.0,1725.0,,,,,,,,,,,1755.0
657,1816.0,1757.0,1817.0,1699.0,1695.0,1655.0,1770.0,1913.0,1918.0,1703.0,1819.0,1794.0,1683.0,1664.0,1658.0,1642.0,1779.0,1817.0,1722.0,,,,,,,,,,,1753.7368421052631
658,1795.0,1735.0,1782.0,1658.0,1689.0,1665.0,1775.0,1897.0,1926.0,1708.0,1804.0,1801.0,1699.0,1677.0,1640.0,1661.0,1797.0,1821.0,1738.0,,,,,,,,,,,1750.9473684210527
659,1808.0,1734.0,1797.0,1657.0,1663.0,1677.0,1769.0,1883.0,1889.0,1695.0,1767.0,1807.0,1693.0,1679.0,1619.0,1663.0,1789.0,1848.0,1727.0,,,,,,,,,,,1745.4736842105262
660,1808.0,1729.0,1785.0,1656.0,1652.0,1664.0,1777.0,1889.0,1864.0,1747.0,1816.0,1805.0,1706.0,1689.0,1619.0,1674.0,1801.0,1813.0,1734.0,,,,,,,,,,,1748.842105263158
661,1807.0,1742.0,1804.0,1665.0,1651.0,1667.0,1784.0,1894.0,1853.0,1739.0,1806.0,1774.0,1716.0,1689.0,1612.0,1666.0,1840.0,1824.0,1771.0,,,,,,,,,,,1752.842105263158
662,1777.0,1741.0,1782.0,1651.0,1671.0,1677.0,1748.0,1926.0,1843.0,1737.0,1834.0,1775.0,1714.0,1643.0,1623.0,1657.0,1877.0,1837.0,1749.0,,,,,,,,,,,1750.6315789473683
663,1785.0,1697.0,1790.0,1669.0,1690.0,1702.0,1755.0,1911.0,1863.0,1708.0,1797.0,1777.0,1722.0,1631.0,1637.0,1678.0,1862.0,1813.0,1755.0,,,,,,,,,,,1749.578947368421
664,1802.0,1691.0,1776.0,1661.0,1690.0,1698.0,1774.0,1923.0,1856.0,1701.0,1799.0,1785.0,1714.0,1659.0,1631.0,1682.0,1852.0,1830.0,1731.0,,,,,,,,,,,1750.2631578947369
665,1758.0,1683.0,1767.0,1654.0,1708.0,1728.0,1786.0,1915.0,1861.0,1738.0,1793.0,1746.0,1734.0,1650.0,1599.0,1664.0,1841.0,1806.0,1743.0,,,,,,,,,,,1746.0
666,1782.0,1699.0,1801.0,1677.0,1682.0,1753.0,1764.0,1898.0,1844.0,1715.0,1770.0,1735.0,1692.0,1703.0,1601.0,1661.0,1822.0,1852.0,1708.0,,,,,,,,,,,1745.2105263157894
667,1783.0,1699.0,1819.0,1633.0,1662.0,1751.0,1725.0,1902.0,1867.0,1730.0,1786.0,1749.0,1720.0,1687.0,1590.0,1664.0,1834.0,1837.0,1714.0,,,,,,,,,,,1744.842105263158
668,1792.0,1702.0,1810.0,1658.0,1645.0,1794.0,1746.0,1911.0,1843.0,1745.0,1789.0,1757.0,1702.0,1698.0,1574.0,1656.0,1882.0,1856.0,1718.0,,,,,,,,,,,1751.4736842105262
669,1804.0,1696.0,1809.0,1661.0,1664.0,1789.0,1750.0,1950.0,1849.0,1758.0,1802.0,1759.0,1708.0,1718.0,1584.0,1652.0,1867.0,1821.0,1741.0,,,,,,,,,,,1756.9473684210527
670,1805.0,1691.0,1780.0,1646.0,1671.0,1758.0,1774.0,1937.0,1828.0,1781.0,1841.0,1762.0,1703.0,1701.0,1598.0,1653.0,1883.0,1844.0,1760.0,,,,,,,,,,,1758.7368421052631
671,1790.0,1690.0,1775.0,1655.0,1659.0,1763.0,1756.0,1926.0,1823.0,1766.0,1823.0,1743.0,1714.0,1687.0,1614.0,1624.0,1848.0,1837.0,1774.0,,,,,,,,,,,1750.8947368421052
672,1772.0,1713.0,1786.0,1647.0,1659.0,1752.0,1745.0,1912.0,1839.0,1778.0,1835.0,1739.0,1692.0,1672.0,1637.0,1651.0,1843.0,1836.0,1751.0,,,,,,,,,,,1750.4736842105262
673,1787.0,1715.0,1802.0,1631.0,1644.0,1756.0,1773.0,1927.0,1842.0,1730.0,1857.0,1750.0,1722.0,1699.0,1675.0,1624.0,1842.0,1825.0,1758.0,,,,,,,,,,,1755.7368421052631
674,1819.0,1685.0,1804.0,1629.0,1670.0,1755.0,1816.0,1910.0,1817.0,1720.0,1823.0,1751.0,1720.0,1717.0,1681.0,1640.0,1854.0,1811.0,1716.0,,,,,,,,,,,1754.6315789473683
675,1835.0,1695.0,1788.0,1642.0,1664.0,1735.0,1798.0,1905.0,1825.0,1714.0,1815.0,1753.0,1705.0,1708.0,1666.0,1643.0,1856.0,1814.0,1732.0,,,,,,,,,,,1752.2631578947369
676,1840.0,1707.0,1783.0,1667.0,1655.0,1747.0,1784.0,1907.0,1827.0,1750.0,1826.0,1762.0,1724.0,1700.0,1650.0,1630.0,1861.0,1821.0,1732.0,,,,,,,,,,,1756.4736842105262
677,1858.0,1698.0,1789.0,1637.0,1630.0,1767.0,1751.0,1908.0,1829.0,1741.0,1877.0,1770.0,1697.0,1715.0,1654.0,1638.0,1862.0,1816.0,1752.0,,,,,,,,,,,1757.3157894736842
678,1812.0,1682.0,1787.0,1610.0,1657.0,1759.0,1765.0,1878.0,1823.0,1759.0,1870.0,1770.0,1696.0,1711.0,1616.0,1647.0,1877.0,1816.0,1776.0,,,,,,,,,,,1753.2105263157894
679,1810.0,1685.0,1786.0,1624.0,1662.0,1741.0,1765.0,1879.0,1838.0,1751.0,1834.0,1725.0,1669.0,1698.0,1644.0,1687.0,1875.0,1827.0,1760.0,,,,,,,,,,,1750.5263157894738
680,1794.0,1676.0,1799.0,1637.0,1623.0,1760.0,1774.0,1860.0,1842.0,1761.0,1837.0,1733.0,1707.0,1659.0,1605.0,1678.0,1846.0,1822.0,1754.0,,,,,,,,,,,1745.6315789473683
681,1814.0,1675.0,1792.0,1651.0,1651.0,1762.0,1738.0,1876.0,1845.0,1741.0,1870.0,1745.0,1727.0,1677.0,1614.0,1673.0,1859.0,1811.0,1730.0,,,,,,,,,,,1750.0526315789473
682,1764.0,1694.0,1819.0,1624.0,1660.0,1748.0,1773.0,1877.0,1847.0,1750.0,1871.0,1775.0,1739.0,1687.0,1630.0,1687.0,1872.0,1791.0,1732.0,,,,,,,,,,,1754.7368421052631
683,1778.0,1706.0,1794.0,1645.0,1656.0,1745.0,1751.0,1900.0,1842.0,1760.0,1875.0,1738.0,1766.0,1723.0,1660.0,1678.0,1895.0,1784.0,1745.0,,,,,,,,,,,1760.0526315789473
684,1781.0,1704.0,1787.0,1658.0,1649.0,1767.0,1750.0,1902.0,1842.0,1794.0,1869.0,1732.0,1755.0,1724.0,1632.0,1685.0,1876.0,1768.0,1732.0,,,,,,,,,,,1758.2631578947369
685,1797.0,1726.0,1793.0,1662.0,1649.0,1732.0,1735.0,1916.0,1839.0,1758.0,1864.0,1725.0,1777.0,1716.0,1628.0,1693.0,1844.0,1791.0,1731.0,,,,,,,,,,,1756.6315789473683
686,1812.0,1714.0,1786.0,1641.0,1682.0,1717.0,1756.0,1888.0,1850.0,1766.0,1857.0,1724.0,1739.0,1711.0,1609.0,1675.0,1845.0,1803.0,1765.0,,,,,,,,,,,1754.7368421052631
687,1843.0,1717.0,1796.0,1651.0,1680.0,1709.0,1731.0,1863.0,1829.0,1783.0,1893.0,1753.0,1749.0,1691.0,1623.0,1654.0,1856.0,1816.0,1735.0,,,,,,,,,,,1756.421052631579
688,1843.0,1712.0,1805.0,1670.0,1655.0,1689.0,1776.0,1845.0,1834.0,1779.0,1886.0,1731.0,1741.0,1712.0,1639.0,1637.0,1846.0,1803.0,1744.0,,,,,,,,,,,1755.1052631578948
689,1809.0,1728.0,1795.0,1658.0,1658.0,1682.0,1791.0,1847.0,1810.0,1755.0,1830.0,1704.0,1752.0,1692.0,1654.0,1658.0,1825.0,1814.0,1717.0,,,,,,,,,,,1746.2631578947369
690,1806.0,1740.0,1802.0,1677.0,1684.0,1714.0,1770.0,1841.0,1842.0,1767.0,1869.0,1718.0,1726.0,1704.0,1667.0,1663.0,1826.0,1820.0,1726.0,,,,,,,,,,,1755.8947368421052
691,1849.0,1754.0,1810.0,1656.0,1693.0,1728.0,1749.0,1844.0,1853.0,1795.0,1854.0,1740.0,1752.0,1687.0,1648.0,1680.0,1854.0,1841.0,1722.0,,,,,,,,,,,1763.6315789473683
692,1832.0,1739.0,1772.0,1683.0,1685.0,1733.0,1748.0,1835.0,1858.0,1799.0,1842.0,1736.0,1740.0,1694.0,1614.0,1686.0,1851.0,1844.0,1719.0,,,,,,,,,,,1758.421052631579
693,1821.0,1737.0,1781.0,1685.0,1720.0,1742.0,1750.0,1846.0,1891.0,1800.0,1844.0,1740.0,1730.0,1691.0,1638.0,1708.0,1866.0,1855.0,1724.0,,,,,,,,,,,1766.7894736842106
694,1808.0,1727.0,1747.0,1689.0,1717.0,1732.0,1757.0,1843.0,1880.0,1782.0,1865.0,1724.0,1693.0,1691.0,1622.0,1702.0,1843.0,1846.0,1756.0,,,,,,,,,,,1759.157894736842
695,1808.0,1748.0,1747.0,1668.0,1747.0,1798.0,1763.0,1863.0,1870.0,1805.0,1852.0,1750.0,1707.0,1733.0,1612.0,1702.0,1822.0,1832.0,1767.0,,,,,,,,,,,1768.1052631578948
696,1813.0,1753.0,1768.0,1659.0,1698.0,1768.0,1757.0,1852.0,1870.0,1811.0,1865.0,1758.0,1698.0,1705.0,1593.0,1722.0,1814.0,1817.0,1779.0,,,,,,,,,,,1763.157894736842
697,1817.0,1752.0,1788.0,1658.0,1684.0,1770.0,1738.0,1849.0,1874.0,1827.0,1859.0,1758.0,1714.0,1685.0,1646.0,1734.0,1846.0,1847.0,1769.0,,,,,,,,,,,1769.2105263157894
698,1819.0,1761.0,1803.0,1672.0,1667.0,1763.0,1764.0,1839.0,1850.0,1851.0,1844.0,1811.0,1728.0,1689.0,1650.0,1732.0,1828.0,1844.0,1785.0,,,,,,,,,,,1773.6842105263158
699,1806.0,1754.0,1796.0,1675.0,1650.0,1776.0,1742.0,1849.0,1847.0,1849.0,1825.0,1794.0,1741.0,1681.0,1647.0,1759.0,1856.0,1813.0,1792.0,,,,,,,,,,,1771.157894736842
700,1808.0,1738.0,1805.0,1683.0,1674.0,1756.0,1739.0,1859.0,1834.0,1807.0,1823.0,1788.0,1723.0,1706.0,1648.0,1725.0,1839.0,1810.0,1786.0,,,,,,,,,,,1765.842105263158
701,1791.0,1749.0,1779.0,1738.0,1688.0,1761.0,1721.0,1867.0,1882.0,1813.0,1831.0,1835.0,1724.0,1718.0,1656.0,1758.0,1801.0,1852.0,1767.0,,,,,,,,,,,1775.3157894736842
702,1807.0,1756.0,1788.0,1759.0,1668.0,1776.0,1714.0,1881.0,1854.0,1806.0,1831.0,1779.0,1720.0,1698.0,1633.0,1745.0,1813.0,1829.0,1761.0,,,,,,,,,,,1769.3684210526317
703,1785.0,1731.0,1762.0,1723.0,1682.0,1773.0,1745.0,1897.0,1876.0,1819.0,1823.0,1772.0,1705.0,1695.0,1602.0,1707.0,1836.0,1829.0,1758.0,,,,,,,,,,,1764.2105263157894
704,1795.0,1725.0,1766.0,1719.0,1694.0,1785.0,1749.0,1907.0,1851.0,1807.0,1808.0,1764.0,1732.0,1696.0,1585.0,1685.0,1865.0,1845.0,1757.0,,,,,,,,,,,1765.0
705,1815.0,1735.0,1758.0,1711.0,1705.0,1771.0,1747.0,1889.0,1843.0,1833.0,1811.0,1764.0,1720.0,1716.0,1603.0,1695.0,1863.0,1834.0,1767.0,,,,,,,,,,,1767.3684210526317
706,1811.0,1750.0,1781.0,1704.0,1724.0,1787.0,1735.0,1873.0,1828.0,1862.0,1807.0,1750.0,1700.0,1710.0,1580.0,1706.0,1873.0,1856.0,1764.0,,,,,,,,,,,1768.4736842105262
707,1799.0,1744.0,1791.0,1732.0,1733.0,1749.0,1728.0,1869.0,1812.0,1836.0,1812.0,1765.0,1714.0,1704.0,1604.0,1724.0,1870.0,1831.0,1762.0,,,,,,,,,,,1767.3157894736842
708,1833.0,1767.0,1811.0,1695.0,1717.0,1773.0,1754.0,1856.0,1808.0,1862.0,1843.0,1770.0,1771.0,1702.0,1631.0,1682.0,1829.0,1805.0,1758.0,,,,,,,,,,,1771.9473684210527
709,1824.0,1763.0,1798.0,1685.0,1708.0,1775.0,1730.0,1878.0,1804.0,1844.0,1846.0,1779.0,1753.0,1718.0,1640.0,1680.0,1847.0,1782.0,1759.0,,,,,,,,,,,1769.1052631578948
710,1831.0,1729.0,1798.0,1687.0,1696.0,1784.0,1735.0,1901.0,1805.0,1834.0,1837.0,1787.0,1750.0,1707.0,1659.0,1689.0,1853.0,1785.0,1773.0,,,,,,,,,,,1770.5263157894738
711,1810.0,1678.0,1773.0,1673.0,1708.0,1793.0,1741.0,1887.0,1817.0,1800.0,1829.0,1806.0,1706.0,1718.0,1663.0,1726.0,1823.0,1819.0,1742.0,,,,,,,,,,,1763.7894736842106
712,1820.0,1692.0,1777.0,1645.0,1702.0,1784.0,1704.0,1912.0,1815.0,1809.0,1825.0,1826.0,1696.0,1760.0,1640.0,1711.0,1798.0,1837.0,1741.0,,,,,,,,,,,1762.842105263158
713,1839.0,1691.0,1783.0,1665.0,1689.0,1812.0,1710.0,1897.0,1785.0,1817.0,1800.0,1823.0,1716.0,1741.0,1634.0,1712.0,1807.0,1845.0,1691.0,,,,,,,,,,,1760.8947368421052
714,1854.0,1721.0,1809.0,1652.0,1705.0,1817.0,1721.0,1895.0,1773.0,1806.0,1826.0,1805.0,1742.0,1723.0,1634.0,1706.0,1818.0,1872.0,1738.0,,,,,,,,,,,1769.3157894736842
715,1845.0,1737.0,1826.0,1674.0,1694.0,1805.0,1708.0,1898.0,1765.0,1785.0,1848.0,1799.0,1749.0,1717.0,1623.0,1699.0,1813.0,1885.0,1757.0,,,,,,,,,,,1769.842105263158
716,1854.0,1740.0,1807.0,1714.0,1689.0,1793.0,1752.0,1918.0,1783.0,1778.0,1836.0,1816.0,1731.0,1734.0,1651.0,1712.0,1818.0,1888.0,1757.0,,,,,,,,,,,1777.421052631579
717,1844.0,1731.0,1769.0,1707.0,1663.0,1826.0,1756.0,1932.0,1789.0,1799.0,1823.0,1790.0,1721.0,1687.0,1622.0,1718.0,1838.0,1877.0,1760.0,,,,,,,,,,,1771.157894736842
718,1838.0,1719.0,1779.0,1719.0,1678.0,1813.0,1730.0,1930.0,1795.0,1796.0,1852.0,1788.0,1708.0,1680.0,1629.0,1704.0,1850.0,1860.0,1750.0,,,,,,,,,,,1769.3684210526317
719,1827.0,1744.0,1789.0,1712.0,1674.0,1837.0,1697.0,1894.0,1782.0,1822.0,1856.0,1788.0,1735.0,1689.0,1634.0,1697.0,1826.0,1868.0,1737.0,,,,,,,,,,,1768.842105263158
720,1833.0,1736.0,1777.0,1723.0,1661.0,1842.0,1690.0,1876.0,1773.0,1819.0,1858.0,1754.0,1749.0,1695.0,1627.0,1698.0,1832.0,1902.0,1753.0,,,,,,,,,,,1768.3157894736842
721,1837.0,1696.0,1759.0,1715.0,1671.0,1827.0,1716.0,1870.0,1794.0,1817.0,1892.0,1760.0,1738.0,1688.0,1649.0,1707.0,1803.0,1886.0,1782.0,,,,,,,,,,,1768.7894736842106
722,1816.0,1680.0,1794.0,1718.0,1672.0,1786.0,1702.0,1890.0,1797.0,1842.0,1883.0,1761.0,1771.0,1686.0,1664.0,1742.0,1801.0,1887.0,1749.0,,,,,,,,,,,1770.578947368421
723,1808.0,1680.0,1795.0,1717.0,1674.0,1761.0,1682.0,1882.0,1791.0,1844.0,1893.0,1777.0,1789.0,1695.0,1646.0,1742.0,1785.0,1893.0,1765.0,,,,,,,,,,,1769.421052631579
724,1802.0,1700.0,1787.0,1723.0,1657.0,1794.0,1673.0,1863.0,1792.0,1824.0,1856.0,1781.0,1814.0,1697.0,1653.0,1741.0,1801.0,1874.0,1749.0,,,,,,,,,,,1767.421052631579
725,1809.0,1702.0,1795.0,1731.0,1652.0,1801.0,1684.0,1844.0,1799.0,1810.0,1850.0,1764.0,1767.0,1722.0,1616.0,1727.0,1795.0,1893.0,1766.0,,,,,,,,,,,1764.578947368421
726,1791.0,1711.0,1778.0,1737.0,1679.0,1805.0,1736.0,1845.0,1798.0,1835.0,1809.0,1794.0,1761.0,1708.0,1612.0,1720.0,1812.0,1917.0,1801.0,,,,,,,,,,,1771.0
727,1781.0,1737.0,1766.0,1756.0,1716.0,1831.0,1694.0,1850.0,1820.0,1818.0,1833.0,1794.0,1809.0,1687.0,1605.0,1727.0,1826.0,1903.0,1787.0,,,,,,,,,,,1775.7894736842106
728,1800.0,1725.0,1748.0,1744.0,1697.0,1817.0,1711.0,1831.0,1768.0,1804.0,1845.0,1775.0,1786.0,1721.0,1636.0,1729.0,1813.0,1876.0,1762.0,,,,,,,,,,,1767.7894736842106
729,1829.0,1722.0,1722.0,1751.0,1696.0,1806.0,1707.0,1799.0,1798.0,1796.0,1853.0,1787.0,1767.0,1711.0,1625.0,1727.0,1800.0,1910.0,1767.0,,,,,,,,,,,1767.0
730,1834.0,1738.0,1732.0,1758.0,1650.0,1808.0,1714.0,1797.0,1784.0,1795.0,1839.0,1761.0,1758.0,1694.0,1640.0,1756.0,1818.0,1897.0,1789.0,,,,,,,,,,,1766.421052631579
731,1845.0,1738.0,1747.0,1766.0,1651.0,1781.0,1695.0,1808.0,1786.0,1802.0,1875.0,1775.0,1751.0,1674.0,1657.0,1768.0,1835.0,1883.0,1811.0,,,,,,,,,,,1770.9473684210527
732,1845.0,1760.0,1753.0,1771.0,1638.0,1796.0,1716.0,1844.0,1788.0,1816.0,1889.0,1790.0,1762.0,1690.0,1652.0,1744.0,1855.0,1888.0,1797.0,,,,,,,,,,,1778.6315789473683
733,1796.0,1750.0,1734.0,1746.0,1664.0,1816.0,1729.0,1838.0,1782.0,1826.0,1821.0,1799.0,1757.0,1671.0,1657.0,1721.0,1856.0,1875.0,1817.0,,,,,,,,,,,1771.3157894736842
734,1819.0,1773.0,1772.0,1720.0,1660.0,1802.0,1762.0,1852.0,1784.0,1835.0,1797.0,1776.0,1766.0,1682.0,1683.0,1735.0,1822.0,1869.0,1799.0,,,,,,,,,,,1774.1052631578948
735,1809.0,1767.0,1764.0,1735.0,1673.0,1773.0,1735.0,1844.0,1791.0,1861.0,1846.0,1797.0,1788.0,1686.0,1666.0,1776.0,1800.0,1854.0,1772.0,,,,,,,,,,,1775.6315789473683
736,1832.0,1774.0,1779.0,1720.0,1637.0,1739.0,1747.0,1839.0,1799.0,1860.0,1891.0,1791.0,1803.0,1699.0,1693.0,1794.0,1809.0,1876.0,1777.0,,,,,,,,,,,1782.0526315789473
737,1806.0,1766.0,1800.0,1759.0,1657.0,1755.0,1732.0,1843.0,1833.0,1835.0,1942.0,1812.0,1833.0,1715.0,1688.0,1804.0,1821.0,1866.0,1769.0,,,,,,,,,,,1791.3684210526317
738,1805.0,1743.0,1780.0,1752.0,1645.0,1767.0,1718.0,1839.0,1831.0,1813.0,1901.0,1812.0,1807.0,1708.0,1658.0,1785.0,1790.0,1845.0,1786.0,,,,,,,,,,,1778.157894736842
739,1829.0,1734.0,1814.0,1728.0,1643.0,1782.0,1723.0,1822.0,1838.0,1823.0,1909.0,1824.0,1773.0,1726.0,1680.0,1745.0,1793.0,1824.0,1778.0,,,,,,,,,,,1778.3157894736842
740,1819.0,1742.0,1803.0,1759.0,1670.0,1780.0,1759.0,1814.0,1811.0,1845.0,1929.0,1798.0,1767.0,1695.0,1657.0,1722.0,1792.0,1825.0,1778.0,,,,,,,,,,,1777.1052631578948
741,1846.0,1758.0,1788.0,1751.0,1701.0,1748.0,1779.0,1812.0,1822.0,1847.0,1901.0,1774.0,1778.0,1690.0,1643.0,1712.0,1806.0,1853.0,1791.0,,,,,,,,,,,1778.9473684210527
742,1839.0,1749.0,1795.0,1770.0,1647.0,1745.0,1766.0,1854.0,1802.0,1852.0,1846.0,1784.0,1789.0,1699.0,1638.0,1688.0,1801.0,1869.0,1813.0,,,,,,,,,,,1776.1052631578948
743,1840.0,1748.0,1781.0,1768.0,1661.0,1746.0,1729.0,1872.0,1776.0,1812.0,1837.0,1796.0,1793.0,1708.0,1678.0,1697.0,1802.0,1883.0,1784.0,,,,,,,,,,,1774.2631578947369
744,1830.0,1767.0,1784.0,1791.0,1658.0,1762.0,1720.0,1869.0,1809.0,1798.0,1850.0,1777.0,1795.0,1704.0,1685.0,1694.0,1811.0,1853.0,1786.0,,,,,,,,,,,1775.9473684210527
745,1836.0,1753.0,1793.0,1764.0,1663.0,1753.0,1702.0,1882.0,1795.0,1811.0,1849.0,1788.0,1793.0,1737.0,1661.0,1724.0,1812.0,1819.0,1803.0,,,,,,,,,,,1775.6842105263158
746,1854.0,1738.0,1778.0,1760.0,1665.0,1745.0,1727.0,1901.0,1809.0,1796.0,1821.0,1778.0,1763.0,1735.0,1630.0,1743.0,1797.0,1827.0,1824.0,,,,,,,,,,,1773.2105263157894
747,1860.0,1737.0,1787.0,1731.0,1634.0,1750.0,1753.0,1862.0,1806.0,1803.0,1808.0,1782.0,1767.0,1735.0,1637.0,1729.0,1811.0,1847.0,1796.0,,,,,,,,,,,1770.2631578947369
748,1848.0,1724.0,1767.0,1733.0,1633.0,1746.0,1723.0,1857.0,1853.0,1837.0,1838.0,1792.0,1776.0,1760.0,1595.0,1702.0,1784.0,1850.0,1789.0,,,,,,,,,,,1768.7894736842106
749,1835.0,1737.0,1804.0,1739.0,1634.0,1738.0,1704.0,1891.0,1825.0,1810.0,1846.0,1783.0,1794.0,1795.0,1619.0,1728.0,1822.0,1847.0,1790.0,,,,,,,,,,,1775.842105263158
750,1850.0,1756.0,1796.0,1754.0,1589.0,1751.0,1696.0,1891.0,1827.0,1753.0,1827.0,1798.0,1827.0,1775.0,1626.0,1723.0,1819.0,1840.0,1774.0,,,,,,,,,,,1772.2105263157894
751,1900.0,1754.0,1793.0,1759.0,1582.0,1737.0,1721.0,1890.0,1823.0,1748.0,1861.0,1800.0,1823.0,1776.0,1626.0,1694.0,1815.0,1846.0,1777.0,,,,,,,,,,,1775.0
752,1891.0,1720.0,1772.0,1767.0,1562.0,1723.0,1723.0,1912.0,1828.0,1765.0,1846.0,1764.0,1798.0,1766.0,1612.0,1700.0,1805.0,1826.0,1775.0,,,,,,,,,,,1766.0526315789473
753,1876.0,1724.0,1775.0,1780.0,1589.0,1726.0,1711.0,1905.0,1839.0,1738.0,1885.0,1800.0,1780.0,1773.0,1626.0,1733.0,1814.0,1835.0,1759.0,,,,,,,,,,,1772.0
754,1843.0,1736.0,1760.0,1768.0,1587.0,1717.0,1716.0,1910.0,1829.0,1737.0,1911.0,1803.0,1796.0,1786.0,1644.0,1717.0,1819.0,1834.0,1789.0,,,,,,,,,,,1773.7894736842106
755,1854.0,1729.0,1753.0,1778.0,1591.0,1742.0,1710.0,1917.0,1822.0,1716.0,1926.0,1804.0,1799.0,1775.0,1627.0,1687.0,1820.0,1829.0,1771.0,,,,,,,,,,,1771.0526315789473
756,1860.0,1716.0,1762.0,1766.0,1586.0,1726.0,1712.0,1912.0,1820.0,1746.0,1892.0,1795.0,1790.0,1774.0,1639.0,1684.0,1808.0,1829.0,1777.0,,,,,,,,,,,1768.1052631578948
757,1843.0,1690.0,1781.0,1734.0,1617.0,1727.0,1707.0,1911.0,1785.0,1737.0,1889.0,1789.0,1804.0,1773.0,1629.0,1707.0,1835.0,1848.0,1776.0,,,,,,,,,,,1767.4736842105262
758,1850.0,1700.0,1789.0,1748.0,1602.0,1761.0,1712.0,1905.0,1800.0,1730.0,1889.0,1799.0,1818.0,1773.0,1631.0,1676.0,1817.0,1862.0,1779.0,,,,,,,,,,,1770.578947368421
759,1852.0,1696.0,1787.0,1744.0,1632.0,1758.0,1699.0,1881.0,1820.0,1725.0,1933.0,1814.0,1788.0,1738.0,1667.0,1698.0,1820.0,1846.0,1783.0,,,,,,,,,,,1772.6842105263158
760,1843.0,1689.0,1759.0,1723.0,1649.0,1748.0,1717.0,1857.0,1829.0,1736.0,1934.0,1808.0,1739.0,1729.0,1682.0,1731.0,1780.0,1852.0,1785.0,,,,,,,,,,,1767.8947368421052
761,1843.0,1701.0,1738.0,1730.0,1658.0,1739.0,1747.0,1855.0,1820.0,1746.0,1912.0,1775.0,1741.0,1740.0,1649.0,1713.0,1780.0,1869.0,1779.0,,,,,,,,,,,1765.0
762,1836.0,1699.0,1757.0,1752.0,1624.0,1745.0,1727.0,1856.0,1796.0,1736.0,1897.0,1747.0,1758.0,1733.0,1648.0,1727.0,1788.0,1862.0,1748.0,,,,,,,,,,,1759.7894736842106
763,1860.0,1700.0,1752.0,1726.0,1646.0,1756.0,1727.0,1884.0,1802.0,1769.0,1907.0,1730.0,1760.0,1738.0,1671.0,1706.0,1835.0,1910.0,1747.0,,,,,,,,,,,1769.7894736842106
764,1853.0,1698.0,1759.0,1732.0,1668.0,1760.0,1713.0,1900.0,1788.0,1757.0,1912.0,1718.0,1773.0,1746.0,1637.0,1667.0,1828.0,1914.0,1730.0,,,,,,,,,,,1765.9473684210527
765,1857.0,1712.0,1755.0,1725.0,1675.0,1763.0,1747.0,1908.0,1791.0,1755.0,1919.0,1731.0,1786.0,1740.0,1640.0,1682.0,1831.0,1908.0,1728.0,,,,,,,,,,,1771.2105263157894
766,1862.0,1711.0,1769.0,1723.0,1695.0,1749.0,1726.0,1927.0,1790.0,1762.0,1923.0,1743.0,1766.0,1739.0,1654.0,1686.0,1808.0,1902.0,1718.0,,,,,,,,,,,1771.2105263157894
767,1880.0,1710.0,1761.0,1744.0,1681.0,1754.0,1721.0,1930.0,1772.0,1745.0,1958.0,1751.0,1756.0,1717.0,1642.0,1685.0,1833.0,1885.0,1713.0,,,,,,,,,,,1770.421052631579
768,1904.0,1693.0,1735.0,1720.0,1661.0,1741.0,1707.0,1930.0,1769.0,1752.0,1961.0,1729.0,1747.0,1707.0,1613.0,1683.0,1833.0,1921.0,1714.0,,,,,,,,,,,1764.2105263157894
769,1885.0,1699.0,1739.0,1722.0,1677.0,1732.0,1704.0,1914.0,1774.0,1758.0,1954.0,1741.0,1768.0,1731.0,1616.0,1683.0,1832.0,1913.0,1758.0,,,,,,,,,,,1768.421052631579
770,1869.0,1718.0,1728.0,1719.0,1696.0,1746.0,1709.0,1902.0,1762.0,1762.0,1943.0,1749.0,1798.0,1731.0,1613.0,1699.0,1840.0,1904.0,1762.0,,,,,,,,,,,1771.0526315789473
771,1826.0,1701.0,1734.0,1724.0,1697.0,1726.0,1702.0,1925.0,1781.0,1772.0,1977.0,1782.0,1775.0,1700.0,1625.0,1703.0,1856.0,1891.0,1783.0,,,,,,,,,,,1772.6315789473683
772,1864.0,1693.0,1762.0,1723.0,1710.0,1748.0,1703.0,1884.0,1823.0,1757.0,1936.0,1730.0,1766.0,1700.0,1592.0,1719.0,1839.0,1874.0,1790.0,,,,,,,,,,,1769.1052631578948
773,1855.0,1704.0,1751.0,1731.0,1709.0,1757.0,1725.0,1912.0,1813.0,1774.0,1967.0,1735.0,1766.0,1706.0,1624.0,1729.0,1814.0,1865.0,1788.0,,,,,,,,,,,1775.0
774,1859.0,1694.0,1732.0,1728.0,1688.0,1753.0,1730.0,1914.0,1795.0,1748.0,1940.0,1721.0,1761.0,1737.0,1638.0,1738.0,1824.0,1834.0,1800.0,,,,,,,,,,,1770.2105263157894
775,1852.0,1705.0,1743.0,1718.0,1660.0,1752.0,1739.0,1933.0,1809.0,1752.0,1904.0,1745.0,1771.0,1754.0,1600.0,1785.0,1833.0,1840.0,1800.0,,,,,,,,,,,1773.421052631579
776,1831.0,1707.0,1772.0,1727.0,1661.0,1744.0,1731.0,1921.0,1795.0,1757.0,1928.0,1790.0,1809.0,1739.0,1587.0,1744.0,1836.0,1858.0,1813.0,,,,,,,,,,,1776.3157894736842
777,1796.0,1715.0,1773.0,1738.0,1656.0,1729.0,1695.0,1907.0,1786.0,1745.0,1943.0,1814.0,1821.0,1719.0,1587.0,1707.0,1821.0,1853.0,1862.0,,,,,,,,,,,1771.9473684210527
778,1839.0,1737.0,1748.0,1758.0,1647.0,1733.0,1673.0,1919.0,1767.0,1739.0,1938.0,1817.0,1817.0,1754.0,1622.0,1676.0,1811.0,1868.0,1853.0,,,,,,,,,,,1774.5263157894738
779,1878.0,1748.0,1773.0,1749.0,1644.0,1750.0,1681.0,1905.0,1769.0,1736.0,1941.0,1799.0,1790.0,1756.0,1614.0,1710.0,1801.0,1873.0,1840.0,,,,,,,,,,,1776.6842105263158
780,1858.0,1743.0,1765.0,1761.0,1639.0,1764.0,1700.0,1870.0,1783.0,1746.0,1925.0,1826.0,1820.0,1743.0,1640.0,1726.0,1803.0,1866.0,1859.0,,,,,,,,,,,1780.8947368421052
781,1832.0,1727.0,1784.0,1771.0,1638.0,1799.0,1723.0,1888.0,1792.0,1729.0,1935.0,1829.0,1801.0,1746.0,1629.0,1736.0,1780.0,1891.0,1864.0,,,,,,,,,,,1783.8947368421052
782,1870.0,1734.0,1769.0,1759.0,1657.0,1777.0,1694.0,1877.0,1807.0,1729.0,1931.0,1850.0,1827.0,1766.0,1648.0,1747.0,1775.0,1894.0,1858.0,,,,,,,,,,,1787.842105263158
783,1901.0,1743.0,1778.0,1746.0,1647.0,1758.0,1687.0,1912.0,1820.0,1778.0,1934.0,1835.0,1807.0,1753.0,1652.0,1746.0,1816.0,1896.0,1843.0,,,,,,,,,,,1792.2105263157894
784,1876.0,1733.0,1762.0,1765.0,1671.0,1777.0,1682.0,1926.0,1824.0,1752.0,1939.0,1857.0,1766.0,1750.0,1635.0,1731.0,1785.0,1865.0,1864.0,,,,,,,,,,,1787.3684210526317
785,1896.0,1709.0,1775.0,1792.0,1610.0,1761.0,1715.0,1887.0,1815.0,1718.0,1955.0,1842.0,1721.0,1767.0,1619.0,1707.0,1802.0,1851.0,1848.0,,,,,,,,,,,1778.421052631579
786,1899.0,1716.0,1780.0,1769.0,1596.0,1741.0,1716.0,1919.0,1825.0,1714.0,1935.0,1824.0,1696.0,1772.0,1642.0,1730.0,1808.0,1849.0,1829.0,,,,,,,,,,,1776.842105263158
787,1870.0,1718.0,1769.0,1773.0,1626.0,1759.0,1732.0,1932.0,1842.0,1723.0,1916.0,1823.0,1737.0,1759.0,1618.0,1718.0,1806.0,1840.0,1824.0,,,,,,,,,,,1778.157894736842
788,1873.0,1721.0,1746.0,1770.0,1612.0,1743.0,1732.0,1945.0,1857.0,1711.0,1922.0,1814.0,1779.0,1774.0,1651.0,1739.0,1810.0,1862.0,1823.0,,,,,,,,,,,1783.3684210526317
789,1891.0,1721.0,1732.0,1795.0,1618.0,1757.0,1740.0,1953.0,1879.0,1708.0,1932.0,1837.0,1796.0,1763.0,1641.0,1734.0,1817.0,1832.0,1835.0,,,,,,,,,,,1788.4736842105262
790,1929.0,1747.0,1740.0,1763.0,1658.0,1748.0,1737.0,1962.0,1862.0,1720.0,1938.0,1840.0,1769.0,1741.0,1628.0,1720.0,1805.0,1857.0,1830.0,,,,,,,,,,,1789.157894736842
791,1887.0,1750.0,1721.0,1785.0,1667.0,1752.0,1736.0,2004.0,1845.0,1718.0,1954.0,1824.0,1767.0,1749.0,1646.0,1720.0,1780.0,1865.0,1822.0,,,,,,,,,,,1789.0526315789473
792,1880.0,1763.0,1758.0,1799.0,1677.0,1764.0,1725.0,2002.0,1832.0,1718.0,1943.0,1802.0,1762.0,1745.0,1632.0,1694.0,1793.0,1904.0,1809.0,,,,,,,,,,,1789.578947368421
793,1860.0,1761.0,1768.0,1777.0,1702.0,1777.0,1736.0,2007.0,1820.0,1750.0,1965.0,1815.0,1777.0,1758.0,1610.0,1720.0,1777.0,1879.0,1825.0,,,,,,,,,,,1793.8947368421052
794,1877.0,1773.0,1763.0,1786.0,1685.0,1781.0,1733.0,1952.0,1802.0,1704.0,1955.0,1789.0,1747.0,1734.0,1654.0,1717.0,1829.0,1868.0,1843.0,,,,,,,,,,,1789.0526315789473
795,1872.0,1775.0,1782.0,1829.0,1701.0,1751.0,1742.0,1953.0,1821.0,1727.0,1968.0,1795.0,1727.0,1741.0,1653.0,1711.0,1847.0,1847.0,1869.0,,,,,,,,,,,1795.3157894736842
796,1874.0,1799.0,1759.0,1866.0,1656.0,1741.0,1762.0,1963.0,1841.0,1708.0,1986.0,1765.0,1691.0,1702.0,1670.0,1707.0,1829.0,1848.0,1854.0,,,,,,,,,,,1790.578947368421
797,1854.0,1824.0,1752.0,1848.0,1670.0,1779.0,1776.0,1955.0,1838.0,1734.0,1966.0,1775.0,1692.0,1735.0,1700.0,1696.0,1817.0,1852.0,1861.0,,,,,,,,,,,1796.0
798,1854.0,1793.0,1768.0,1865.0,1670.0,1794.0,1750.0,1972.0,1836.0,1726.0,1973.0,1801.0,1680.0,1746.0,1676.0,1709.0,1837.0,1879.0,1840.0,,,,,,,,,,,1798.3684210526317
799,1836.0,1797.0,1765.0,1844.0,1647.0,1804.0,1737.0,1961.0,1826.0,1712.0,1942.0,1783.0,1711.0,1768.0,1664.0,1707.0,1797.0,1882.0,1834.0,,,,,,,,,,,1790.3684210526317
800,1852.0,1789.0,1755.0,1840.0,1681.0,1805.0,1722.0,1981.0,1810.0,1722.0,1933.0,1778.0,1687.0,1766.0,1662.0,1731.0,1831.0,1862.0,1819.0,,,,,,,,,,,1790.842105263158
801,1871.0,1818.0,1742.0,1824.0,1683.0,1805.0,1712.0,2004.0,1807.0,1718.0,1928.0,1761.0,1677.0,1776.0,1636.0,1743.0,1817.0,1870.0,1846.0,,,,,,,,,,,1791.4736842105262
802,1843.0,1838.0,1746.0,1818.0,1681.0,1800.0,1730.0,2033.0,1785.0,1744.0,1891.0,1761.0,1688.0,1746.0,1633.0,1739.0,1788.0,1842.0,1843.0,,,,,,,,,,,1786.7894736842106
803,1855.0,1834.0,1720.0,1807.0,1677.0,1795.0,1738.0,2016.0,1762.0,1740.0,1908.0,1800.0,1693.0,1742.0,1632.0,1740.0,1803.0,1826.0,1868.0,,,,,,,,,,,1787.157894736842
804,1805.0,1834.0,1752.0,1819.0,1687.0,1813.0,1721.0,2004.0,1779.0,1703.0,1945.0,1788.0,1714.0,1744.0,1679.0,1757.0,1783.0,1838.0,1845.0,,,,,,,,,,,1790.0
805,1790.0,1830.0,1788.0,1807.0,1679.0,1819.0,1689.0,1981.0,1822.0,1694.0,1937.0,1782.0,1728.0,1765.0,1664.0,1741.0,1783.0,1827.0,1865.0,,,,,,,,,,,1789.0
806,1805.0,1827.0,1780.0,1796.0,1673.0,1842.0,1693.0,1994.0,1802.0,1699.0,1972.0,1779.0,1747.0,1740.0,1655.0,1759.0,1807.0,1832.0,1832.0,,,,,,,,,,,1791.2631578947369
807,1827.0,1811.0,1770.0,1755.0,1688.0,1843.0,1700.0,1997.0,1787.0,1690.0,1974.0,1807.0,1739.0,1731.0,1679.0,1746.0,1840.0,1836.0,1846.0,,,,,,,,,,,1792.9473684210527
808,1819.0,1816.0,1778.0,1775.0,1705.0,1870.0,1696.0,1990.0,1793.0,1678.0,1959.0,1808.0,1705.0,1752.0,1687.0,1752.0,1828.0,1827.0,1816.0,,,,,,,,,,,1792.3157894736842
809,1797.0,1814.0,1758.0,1761.0,1740.0,1841.0,1683.0,1990.0,1785.0,1733.0,1946.0,1807.0,1679.0,1752.0,1659.0,1710.0,1778.0,1858.0,1811.0,,,,,,,,,,,1784.3157894736842
810,1803.0,1816.0,1784.0,1744.0,1702.0,1811.0,1707.0,1998.0,1784.0,1737.0,1933.0,1775.0,1688.0,1727.0,1677.0,1702.0,1796.0,1843.0,1814.0,,,,,,,,,,,1781.1052631578948
811,1804.0,1817.0,1816.0,1763.0,1709.0,1801.0,1687.0,1995.0,1775.0,1736.0,1939.0,1787.0,1683.0,1743.0,1641.0,1746.0,1828.0,1859.0,1843.0,,,,,,,,,,,1788.0
812,1794.0,1815.0,1795.0,1757.0,1712.0,1841.0,1693.0,1997.0,1803.0,1729.0,1943.0,1809.0,1664.0,1769.0,1645.0,1737.0,1802.0,1861.0,1807.0,,,,,,,,,,,1788.0526315789473
813,1805.0,1798.0,1784.0,1766.0,1721.0,1865.0,1698.0,1984.0,1789.0,1749.0,1952.0,1772.0,1659.0,1776.0,1663.0,1721.0,1782.0,1853.0,1828.0,,,,,,,,,,,1787.6315789473683
814,1799.0,1799.0,1762.0,1792.0,1706.0,1866.0,1720.0,1992.0,1807.0,1740.0,1958.0,1803.0,1670.0,1764.0,1663.0,1713.0,1770.0,1847.0,1831.0,,,,,,,,,,,1789.578947368421
815,1837.0,1813.0,1769.0,1779.0,1723.0,1873.0,1722.0,1984.0,1777.0,1740.0,1979.0,1838.0,1664.0,1788.0,1668.0,1747.0,1781.0,1847.0,1832.0,,,,,,,,,,,1797.9473684210527
816,1830.0,1808.0,1779.0,1810.0,1716.0,1856.0,1698.0,1999.0,1805.0,1740.0,1976.0,1848.0,1638.0,1780.0,1720.0,1737.0,1789.0,1870.0,1846.0,,,,,,,,,,,1802.3684210526317
817,1837.0,1797.0,1798.0,1801.0,1712.0,1861.0,1710.0,1969.0,1788.0,1760.0,1977.0,1825.0,1661.0,1779.0,1729.0,1729.0,1795.0,1899.0,1853.0,,,,,,,,,,,1804.2105263157894
818,1807.0,1788.0,1800.0,1807.0,1719.0,1836.0,1705.0,1966.0,1787.0,1783.0,1984.0,1805.0,1694.0,1786.0,1723.0,1729.0,1783.0,1886.0,1863.0,,,,,,,,,,,1802.6842105263158
819,1823.0,1807.0,1825.0,1794.0,1743.0,1867.0,1695.0,1989.0,1764.0,1752.0,1967.0,1815.0,1688.0,1772.0,1718.0,1759.0,1802.0,1877.0,1826.0,,,,,,,,,,,1804.3684210526317
820,1853.0,1809.0,1831.0,1784.0,1753.0,1891.0,1693.0,1955.0,1780.0,1769.0,1960.0,1837.0,1688.0,1754.0,1676.0,1790.0,1804.0,1896.0,1819.0,,,,,,,,,,,1807.4736842105262
821,1868.0,1796.0,1820.0,1790.0,1742.0,1856.0,1710.0,1967.0,1821.0,1772.0,1968.0,1883.0,1655.0,1781.0,1670.0,1787.0,1800.0,1875.0,1882.0,,,,,,,,,,,1812.7894736842106
822,1859.0,1773.0,1798.0,1781.0,1707.0,1885.0,1733.0,1944.0,1794.0,1777.0,1946.0,1874.0,1647.0,1788.0,1675.0,1772.0,1800.0,1847.0,1911.0,,,,,,,,,,,1805.842105263158
823,1827.0,1773.0,1818.0,1786.0,1707.0,1883.0,1730.0,1956.0,1793.0,1741.0,1963.0,1859.0,1679.0,1802.0,1649.0,1766.0,1824.0,1864.0,1940.0,,,,,,,,,,,1808.421052631579
824,1835.0,1788.0,1802.0,1777.0,1666.0,1873.0,1708.0,1954.0,1768.0,1738.0,1957.0,1861.0,1682.0,1817.0,1661.0,1789.0,1800.0,1842.0,1913.0,,,,,,,,,,,1801.6315789473683
825,1850.0,1800.0,1790.0,1763.0,1683.0,1855.0,1714.0,1965.0,1795.0,1755.0,1963.0,1872.0,1682.0,1800.0,1687.0,1801.0,1823.0,1868.0,1907.0,,,,,,,,,,,1809.1052631578948
826,1843.0,1815.0,1793.0,1744.0,1686.0,1831.0,1716.0,1953.0,1763.0,1751.0,1963.0,1854.0,1684.0,1771.0,1681.0,1773.0,1825.0,1894.0,1912.0,,,,,,,,,,,1802.7368421052631
827,1826.0,1818.0,1779.0,1764.0,1697.0,1808.0,1724.0,1969.0,1800.0,1763.0,1962.0,1841.0,1688.0,1756.0,1657.0,1770.0,1807.0,1874.0,1884.0,,,,,,,,,,,1799.3157894736842
828,1813.0,1811.0,1792.0,1774.0,1688.0,1801.0,1738.0,1929.0,1797.0,1795.0,1932.0,1852.0,1700.0,1744.0,1688.0,1758.0,1821.0,1844.0,1884.0,,,,,,,,,,,1797.9473684210527
829,1822.0,1821.0,1774.0,1782.0,1684.0,1812.0,1729.0,1932.0,1805.0,1792.0,1955.0,1889.0,1713.0,1775.0,1720.0,1765.0,1834.0,1854.0,1883.0,,,,,,,,,,,1807.421052631579
830,1826.0,1836.0,1782.0,1777.0,1712.0,1831.0,1710.0,1932.0,1785.0,1768.0,1980.0,1882.0,1728.0,1750.0,1684.0,1733.0,1847.0,1846.0,1882.0,,,,,,,,,,,1804.7894736842106
831,1832.0,1823.0,1774.0,1750.0,1709.0,1857.0,1758.0,1950.0,1787.0,1743.0,1988.0,1862.0,1713.0,1736.0,1725.0,1728.0,1819.0,1825.0,1876.0,,,,,,,,,,,1802.8947368421052
832,1830.0,1826.0,1789.0,1720.0,1680.0,1844.0,1752.0,1944.0,1792.0,1740.0,1945.0,1871.0,1708.0,1762.0,1757.0,1727.0,1840.0,1805.0,1873.0,,,,,,,,,,,1800.2631578947369
833,1819.0,1872.0,1816.0,1743.0,1713.0,1854.0,1756.0,1936.0,1785.0,1770.0,1972.0,1884.0,1729.0,1741.0,1749.0,1738.0,1836.0,1823.0,1893.0,,,,,,,,,,,1812.0526315789473
834,1823.0,1848.0,1810.0,1733.0,1708.0,1822.0,1748.0,1928.0,1781.0,1764.0,1969.0,1870.0,1707.0,1755.0,1715.0,1748.0,1827.0,1822.0,1903.0,,,,,,,,,,,1804.2631578947369
835,1811.0,1856.0,1794.0,1725.0,1684.0,1826.0,1774.0,1932.0,1758.0,1760.0,1972.0,1878.0,1698.0,1737.0,1744.0,1718.0,1841.0,1788.0,1893.0,,,,,,,,,,,1799.421052631579
836,1816.0,1827.0,1797.0,1725.0,1687.0,1815.0,1793.0,1919.0,1739.0,1771.0,1956.0,1898.0,1696.0,1750.0,1737.0,1721.0,1865.0,1769.0,1899.0,,,,,,,,,,,1798.9473684210527
837,1814.0,1814.0,1785.0,1710.0,1643.0,1838.0,1779.0,1929.0,1721.0,1760.0,1931.0,1930.0,1712.0,1745.0,1737.0,1747.0,1855.0,1753.0,1920.0,,,,,,,,,,,1795.9473684210527
838,1806.0,1818.0,1813.0,1703.0,1646.0,1831.0,1772.0,1973.0,1733.0,1768.0,1917.0,1920.0,1703.0,1754.0,1743.0,1739.0,1844.0,1768.0,1919.0,,,,,,,,,,,1798.421052631579
839,1789.0,1842.0,1808.0,1710.0,1634.0,1813.0,1772.0,1979.0,1761.0,1756.0,1914.0,1933.0,1714.0,1736.0,1708.0,1724.0,1856.0,1781.0,1875.0,,,,,,,,,,,1795.0
840,1819.0,1866.0,1785.0,1743.0,1648.0,1836.0,1765.0,1981.0,1800.0,1735.0,1914.0,1912.0,1736.0,1749.0,1684.0,1724.0,1850.0,1804.0,1877.0,,,,,,,,,,,1801.4736842105262
841,1806.0,1859.0,1791.0,1744.0,1663.0,1799.0,1757.0,1973.0,1772.0,1733.0,1931.0,1910.0,1759.0,1767.0,1689.0,1720.0,1835.0,1821.0,1875.0,,,,,,,,,,,1800.2105263157894
842,1811.0,1849.0,1781.0,1775.0,1661.0,1773.0,1746.0,1969.0,1769.0,1765.0,1958.0,1869.0,1752.0,1764.0,1723.0,1730.0,1843.0,1843.0,1874.0,,,,,,,,,,,1802.8947368421052
843,1808.0,1839.0,1743.0,1753.0,1669.0,1802.0,1797.0,1959.0,1761.0,1808.0,1941.0,1864.0,1715.0,1766.0,1725.0,1740.0,1851.0,1829.0,1834.0,,,,,,,,,,,1800.2105263157894
844,1807.0,1830.0,1759.0,1740.0,1678.0,1811.0,1787.0,1956.0,1770.0,1835.0,1936.0,1847.0,1713.0,1733.0,1739.0,1726.0,1852.0,1839.0,1879.0,,,,,,,,,,,1801.9473684210527
845,1800.0,1841.0,1764.0,1742.0,1650.0,1834.0,1791.0,1980.0,1756.0,1848.0,1937.0,1855.0,1708.0,1744.0,1716.0,1740.0,1817.0,1845.0,1878.0,,,,,,,,,,,1802.421052631579
846,1814.0,1842.0,1752.0,1739.0,1666.0,1841.0,1808.0,1953.0,1770.0,1843.0,1907.0,1845.0,1740.0,1755.0,1732.0,1730.0,1840.0,1863.0,1897.0,,,,,,,,,,,1807.2105263157894
847,1802.0,1822.0,1771.0,1751.0,1685.0,1822.0,1781.0,1965.0,1740.0,1810.0,1866.0,1864.0,1731.0,1754.0,1722.0,1745.0,1820.0,1880.0,1877.0,,,,,,,,,,,1800.421052631579
848,1798.0,1825.0,1781.0,1762.0,1679.0,1805.0,1766.0,1965.0,1770.0,1801.0,1893.0,1869.0,1729.0,1775.0,1754.0,1739.0,1852.0,1874.0,1883.0,,,,,,,,,,,1806.3157894736842
849,1824.0,1799.0,1810.0,1770.0,1671.0,1813.0,1773.0,2003.0,1785.0,1790.0,1906.0,1861.0,1754.0,1752.0,1754.0,1757.0,1876.0,1858.0,1845.0,,,,,,,,,,,1810.578947368421
850,1812.0,1807.0,1820.0,1781.0,1669.0,1802.0,1788.0,1980.0,1785.0,1826.0,1930.0,1849.0,1772.0,1764.0,1726.0,1787.0,1892.0,1818.0,1808.0,,,,,,,,,,,1811.3684210526317
851,1816.0,1819.0,1816.0,1779.0,1676.0,1815.0,1777.0,1979.0,1768.0,1842.0,1943.0,1825.0,1756.0,1781.0,1710.0,1749.0,1893.0,1828.0,1854.0,,,,,,,,,,,1811.8947368421052
852,1799.0,1845.0,1816.0,1746.0,1672.0,1828.0,1798.0,1964.0,1783.0,1847.0,1945.0,1827.0,1722.0,1787.0,1676.0,1762.0,1909.0,1859.0,1860.0,,,,,,,,,,,1812.8947368421052
853,1789.0,1826.0,1801.0,1748.0,1661.0,1842.0,1792.0,1968.0,1780.0,1814.0,1927.0,1849.0,1749.0,1776.0,1670.0,1803.0,1868.0,1835.0,1847.0,,,,,,,,,,,1807.6315789473683
854,1771.0,1810.0,1782.0,1751.0,1702.0,1817.0,1788.0,1962.0,1810.0,1815.0,1909.0,1862.0,1726.0,1767.0,1701.0,1782.0,1847.0,1841.0,1869.0,,,,,,,,,,,1805.8947368421052
855,1778.0,1802.0,1778.0,1717.0,1718.0,1804.0,1782.0,1960.0,1788.0,1796.0,1930.0,1850.0,1757.0,1765.0,1698.0,1820.0,1840.0,1861.0,1867.0,,,,,,,,,,,1805.842105263158
856,1784.0,1804.0,1769.0,1702.0,1695.0,1805.0,1790.0,1944.0,1770.0,1789.0,1926.0,1859.0,1769.0,1767.0,1712.0,1787.0,1870.0,1850.0,1848.0,,,,,,,,,,,1802.1052631578948
857,1784.0,1794.0,1731.0,1713.0,1717.0,1816.0,1778.0,1949.0,1795.0,1790.0,1959.0,1898.0,1774.0,1794.0,1703.0,1782.0,1882.0,1867.0,1853.0,,,,,,,,,,,1809.421052631579
858,1795.0,1791.0,1755.0,1695.0,1706.0,1844.0,1764.0,1957.0,1798.0,1839.0,1950.0,1883.0,1767.0,1797.0,1661.0,1816.0,1892.0,1853.0,1856.0,,,,,,,,,,,1811.5263157894738
859,1800.0,1826.0,1756.0,1736.0,1728.0,1844.0,1779.0,1914.0,1773.0,1828.0,1930.0,1890.0,1778.0,1776.0,1658.0,1807.0,1869.0,1847.0,1866.0,,,,,,,,,,,1810.7894736842106
860,1809.0,1836.0,1761.0,1749.0,1714.0,1785.0,1815.0,1930.0,1747.0,1825.0,1894.0,1866.0,1751.0,1757.0,1672.0,1802.0,1884.0,1850.0,1823.0,,,,,,,,,,,1803.6842105263158
861,1838.0,1822.0,1806.0,1726.0,1703.0,1791.0,1780.0,1955.0,1761.0,1841.0,1942.0,1876.0,1765.0,1775.0,1692.0,1795.0,1881.0,1834.0,1862.0,,,,,,,,,,,1812.8947368421052
862,1850.0,1818.0,1789.0,1732.0,1676.0,1821.0,1787.0,1982.0,1787.0,1813.0,1932.0,1859.0,1766.0,1773.0,1682.0,1815.0,1881.0,1848.0,1850.0,,,,,,,,,,,1813.7368421052631
863,1835.0,1794.0,1789.0,1744.0,1702.0,1806.0,1791.0,1989.0,1811.0,1784.0,1914.0,1891.0,1740.0,1771.0,1685.0,1798.0,1897.0,1862.0,1840.0,,,,,,,,,,,1812.7894736842106
864,1843.0,1795.0,1781.0,1738.0,1691.0,1807.0,1807.0,1980.0,1802.0,1785.0,1920.0,1900.0,1771.0,1794.0,1688.0,1792.0,1883.0,1917.0,1838.0,,,,,,,,,,,1817.4736842105262
865,1854.0,1819.0,1804.0,1754.0,1682.0,1797.0,1841.0,1972.0,1802.0,1799.0,1909.0,1877.0,1737.0,1786.0,1689.0,1762.0,1857.0,1926.0,1843.0,,,,,,,,,,,1816.3157894736842
866,1827.0,1827.0,1791.0,1726.0,1713.0,1821.0,1848.0,1973.0,1799.0,1799.0,1928.0,1880.0,1750.0,1796.0,1705.0,1746.0,1859.0,1935.0,1862.0,,,,,,,,,,,1820.2631578947369
867,1817.0,1810.0,1788.0,1711.0,1729.0,1814.0,1834.0,1960.0,1827.0,1817.0,1944.0,1871.0,1737.0,1767.0,1706.0,1739.0,1877.0,1942.0,1860.0,,,,,,,,,,,1818.421052631579
868,1817.0,1794.0,1790.0,1675.0,1705.0,1813.0,1814.0,1954.0,1826.0,1809.0,1915.0,1879.0,1756.0,1767.0,1680.0,1741.0,1894.0,1949.0,1847.0,,,,,,,,,,,1811.842105263158
869,1811.0,1791.0,1783.0,1718.0,1686.0,1786.0,1797.0,1954.0,1826.0,1814.0,1908.0,1896.0,1777.0,1784.0,1703.0,1780.0,1874.0,1953.0,1864.0,,,,,,,,,,,1816.0526315789473
870,1814.0,1774.0,1795.0,1700.0,1659.0,1787.0,1823.0,1970.0,1838.0,1792.0,1916.0,1900.0,1787.0,1768.0,1675.0,1756.0,1887.0,1903.0,1823.0,,,,,,,,,,,1808.7894736842106
871,1804.0,1774.0,1774.0,1712.0,1659.0,1788.0,1805.0,1954.0,1809.0,1774.0,1892.0,1887.0,1783.0,1747.0,1670.0,1777.0,1909.0,1907.0,1832.0,,,,,,,,,,,1803.0
872,1805.0,1779.0,1776.0,1703.0,1667.0,1792.0,1821.0,1967.0,1805.0,1791.0,1907.0,1909.0,1762.0,1742.0,1661.0,1800.0,1922.0,1886.0,1846.0,,,,,,,,,,,1807.421052631579
873,1798.0,1773.0,1776.0,1708.0,1671.0,1797.0,1803.0,1958.0,1840.0,1832.0,1882.0,1898.0,1764.0,1761.0,1669.0,1814.0,1923.0,1907.0,1866.0,,,,,,,,,,,1812.6315789473683
874,1819.0,1757.0,1782.0,1705.0,1677.0,1811.0,1808.0,1950.0,1825.0,1819.0,1921.0,1898.0,1761.0,1767.0,1657.0,1812.0,1935.0,1890.0,1851.0,,,,,,,,,,,1812.8947368421052
875,1832.0,1760.0,1757.0,1693.0,1695.0,1836.0,1802.0,1969.0,1838.0,1774.0,1936.0,1846.0,1734.0,1764.0,1688.0,1834.0,1942.0,1859.0,1843.0,,,,,,,,,,,1810.6315789473683
876,1793.0,1761.0,1767.0,1691.0,1698.0,1800.0,1796.0,1952.0,1839.0,1762.0,1911.0,1852.0,1725.0,1752.0,1674.0,1851.0,1932.0,1855.0,1840.0,,,,,,,,,,,1802.6842105263158
877,1783.0,1802.0,1758.0,1705.0,1702.0,1809.0,1793.0,1978.0,1819.0,1775.0,1904.0,1898.0,1729.0,1761.0,1646.0,1842.0,1963.0,1886.0,1801.0,,,,,,,,,,,1808.1052631578948
878,1821.0,1820.0,1762.0,1703.0,1674.0,1817.0,1779.0,2034.0,1799.0,1771.0,1933.0,1878.0,1751.0,1787.0,1648.0,1835.0,1920.0,1890.0,1821.0,,,,,,,,,,,1812.7894736842106
879,1803.0,1814.0,1764.0,1712.0,1677.0,1805.0,1779.0,2008.0,1802.0,1746.0,1925.0,1885.0,1768.0,1743.0,1650.0,1824.0,1920.0,1886.0,1864.0,,,,,,,,,,,1809.2105263157894
880,1805.0,1813.0,1763.0,1697.0,1666.0,1825.0,1759.0,2001.0,1802.0,1754.0,1979.0,1879.0,1759.0,1737.0,1654.0,1795.0,1910.0,1865.0,1839.0,,,,,,,,,,,1805.3684210526317
881,1809.0,1834.0,1786.0,1718.0,1694.0,1812.0,1790.0,2004.0,1787.0,1746.0,1955.0,1887.0,1781.0,1744.0,1658.0,1841.0,1911.0,1864.0,1819.0,,,,,,,,,,,1812.6315789473683
882,1795.0,1831.0,1790.0,1733.0,1682.0,1823.0,1798.0,2006.0,1777.0,1739.0,1948.0,1880.0,1779.0,1756.0,1651.0,1836.0,1929.0,1887.0,1815.0,,,,,,,,,,,1813.421052631579
883,1822.0,1843.0,1759.0,1725.0,1659.0,1838.0,1800.0,2017.0,1798.0,1800.0,1939.0,1899.0,1788.0,1756.0,1665.0,1826.0,1906.0,1887.0,1775.0,,,,,,,,,,,1815.8947368421052
884,1804.0,1825.0,1772.0,1712.0,1658.0,1844.0,1788.0,2010.0,1809.0,1838.0,1927.0,1905.0,1783.0,1736.0,1634.0,1808.0,1896.0,1892.0,1790.0,,,,,,,,,,,1812.157894736842
885,1768.0,1817.0,1782.0,1727.0,1661.0,1795.0,1775.0,2012.0,1833.0,1809.0,1920.0,1875.0,1772.0,1733.0,1663.0,1814.0,1881.0,1843.0,1785.0,,,,,,,,,,,1803.421052631579
886,1816.0,1800.0,1776.0,1695.0,1665.0,1807.0,1779.0,1999.0,1852.0,1794.0,1922.0,1867.0,1770.0,1735.0,1700.0,1831.0,1880.0,1839.0,1772.0,,,,,,,,,,,1805.2105263157894
887,1843.0,1805.0,1758.0,1698.0,1656.0,1818.0,1784.0,1998.0,1857.0,1773.0,1927.0,1882.0,1754.0,1738.0,1695.0,1837.0,1879.0,1862.0,1771.0,,,,,,,,,,,1807.1052631578948
888,1837.0,1785.0,1774.0,1688.0,1622.0,1814.0,1805.0,2011.0,1824.0,1769.0,1948.0,1868.0,1729.0,1717.0,1698.0,1775.0,1879.0,1880.0,1785.0,,,,,,,,,,,1800.421052631579
889,1832.0,1763.0,1810.0,1690.0,1672.0,1857.0,1792.0,2007.0,1837.0,1793.0,1971.0,1863.0,1743.0,1729.0,1712.0,1745.0,1882.0,1902.0,1801.0,,,,,,,,,,,1810.578947368421
890,1841.0,1771.0,1779.0,1692.0,1660.0,1841.0,1798.0,1990.0,1839.0,1823.0,1964.0,1860.0,1739.0,1738.0,1686.0,1764.0,1865.0,1882.0,1786.0,,,,,,,,,,,1806.2105263157894
891,1853.0,1797.0,1791.0,1695.0,1649.0,1840.0,1794.0,1986.0,1844.0,1796.0,1946.0,1852.0,1687.0,1744.0,1687.0,1786.0,1886.0,1880.0,1837.0,,,,,,,,,,,1807.8947368421052
892,1835.0,1793.0,1803.0,1698.0,1652.0,1858.0,1797.0,1997.0,1836.0,1787.0,1962.0,1871.0,1702.0,1735.0,1674.0,1811.0,1908.0,1906.0,1861.0,,,,,,,,,,,1815.0526315789473
893,1801.0,1780.0,1768.0,1717.0,1664.0,1876.0,1802.0,2004.0,1831.0,1800.0,1979.0,1859.0,1698.0,1736.0,1650.0,1818.0,1912.0,1908.0,1871.0,,,,,,,,,,,1814.421052631579
894,1850.0,1770.0,1764.0,1713.0,1690.0,1868.0,1816.0,2005.0,1824.0,1802.0,1976.0,1827.0,1738.0,1750.0,1673.0,1816.0,1883.0,1910.0,1820.0,,,,,,,,,,,1815.5263157894738
895,1844.0,1771.0,1762.0,1712.0,1711.0,1827.0,1827.0,1981.0,1844.0,1786.0,1970.0,1855.0,1701.0,1730.0,1673.0,1834.0,1886.0,1888.0,1825.0,,,,,,,,,,,1811.9473684210527
896,1845.0,1771.0,1745.0,1708.0,1703.0,1813.0,1839.0,1973.0,1839.0,1790.0,1998.0,1850.0,1740.0,1729.0,1673.0,1792.0,1907.0,1878.0,1823.0,,,,,,,,,,,1811.3684210526317
897,1845.0,1759.0,1745.0,1700.0,1698.0,1845.0,1826.0,1974.0,1828.0,1794.0,2040.0,1860.0,1734.0,1756.0,1684.0,1751.0,1937.0,1870.0,1821.0,,,,,,,,,,,1814.0526315789473
898,1877.0,1779.0,1774.0,1702.0,1717.0,1862.0,1809.0,2016.0,1856.0,1769.0,2027.0,1870.0,1730.0,1743.0,1673.0,1771.0,1936.0,1876.0,1824.0,,,,,,,,,,,1821.6315789473683
899,1893.0,1784.0,1773.0,1700.0,1686.0,1839.0,1772.0,2023.0,1868.0,1754.0,2030.0,1860.0,1712.0,1762.0,1687.0,1811.0,1937.0,1907.0,1821.0,,,,,,,,,,,1822.0526315789473
900,1870.0,1782.0,1801.0,1708.0,1671.0,1814.0,1818.0,2017.0,1855.0,1758.0,2058.0,1862.0,1716.0,1755.0,1683.0,1841.0,1949.0,1925.0,1814.0,,,,,,,,,,,1826.157894736842
901,1863.0,1791.0,1787.0,1737.0,1674.0,1780.0,1819.0,2016.0,1827.0,1752.0,2030.0,1859.0,1742.0,1751.0,1681.0,1839.0,1961.0,1944.0,1824.0,,,,,,,,,,,1825.1052631578948
902,1837.0,1796.0,1798.0,1730.0,1690.0,1799.0,1794.0,2021.0,1805.0,1769.0,2000.0,1847.0,1757.0,1721.0,1657.0,1836.0,1944.0,1946.0,1843.0,,,,,,,,,,,1820.5263157894738
903,1805.0,1834.0,1772.0,1712.0,1685.0,1788.0,1792.0,2003.0,1805.0,1768.0,1969.0,1834.0,1728.0,1696.0,1654.0,1845.0,1913.0,1954.0,1803.0,,,,,,,,,,,1808.421052631579
904,1838.0,1861.0,1795.0,1701.0,1688.0,1763.0,1780.0,2032.0,1778.0,1756.0,1963.0,1832.0,1722.0,1721.0,1674.0,1825.0,1926.0,1949.0,1783.0,,,,,,,,,,,1809.842105263158
905,1865.0,1852.0,1815.0,1704.0,1709.0,1774.0,1765.0,2013.0,1806.0,1746.0,1990.0,1833.0,1711.0,1732.0,1688.0,1805.0,1931.0,1927.0,1772.0,,,,,,,,,,,1812.5263157894738
906,1879.0,1836.0,1788.0,1706.0,1665.0,1788.0,1797.0,1989.0,1801.0,1763.0,1983.0,1785.0,1750.0,1743.0,1678.0,1853.0,1939.0,1934.0,1782.0,,,,,,,,,,,1813.6315789473683
907,1850.0,1818.0,1784.0,1709.0,1661.0,1794.0,1785.0,1998.0,1801.0,1782.0,1967.0,1828.0,1763.0,1739.0,1699.0,1835.0,1943.0,1928.0,1826.0,,,,,,,,,,,1816.3157894736842
908,1838.0,1835.0,1748.0,1725.0,1649.0,1770.0,1821.0,1992.0,1791.0,1796.0,1973.0,1803.0,1750.0,1751.0,1631.0,1835.0,1944.0,1930.0,1837.0,,,,,,,,,,,1811.5263157894738
909,1866.0,1847.0,1753.0,1711.0,1634.0,1794.0,1825.0,2004.0,1813.0,1820.0,1994.0,1785.0,1782.0,1749.0,1663.0,1814.0,1933.0,1944.0,1795.0,,,,,,,,,,,1817.157894736842
910,1891.0,1840.0,1742.0,1728.0,1627.0,1823.0,1810.0,1971.0,1783.0,1851.0,1986.0,1792.0,1758.0,1748.0,1678.0,1792.0,1928.0,1954.0,1826.0,,,,,,,,,,,1817.2631578947369
911,1888.0,1821.0,1740.0,1715.0,1654.0,1800.0,1828.0,2008.0,1772.0,1822.0,1978.0,1796.0,1734.0,1764.0,1700.0,1770.0,1950.0,1944.0,1828.0,,,,,,,,,,,1816.421052631579
912,1874.0,1815.0,1765.0,1702.0,1656.0,1793.0,1821.0,1976.0,1775.0,1804.0,1992.0,1782.0,1705.0,1735.0,1692.0,1777.0,1960.0,1947.0,1795.0,,,,,,,,,,,1808.7368421052631
913,1876.0,1826.0,1771.0,1710.0,1653.0,1809.0,1829.0,1940.0,1798.0,1809.0,1991.0,1818.0,1751.0,1738.0,1700.0,1773.0,1946.0,1953.0,1803.0,,,,,,,,,,,1815.4736842105262
914,1881.0,1794.0,1782.0,1713.0,1634.0,1808.0,1814.0,1941.0,1780.0,1792.0,1996.0,1812.0,1748.0,1744.0,1699.0,1773.0,1898.0,1964.0,1800.0,,,,,,,,,,,1809.1052631578948
915,1931.0,1814.0,1778.0,1729.0,1640.0,1822.0,1841.0,1969.0,1775.0,1780.0,1974.0,1795.0,1699.0,1733.0,1695.0,1767.0,1874.0,1999.0,1811.0,,,,,,,,,,,1811.8947368421052
916,1885.0,1814.0,1783.0,1721.0,1661.0,1801.0,1821.0,1980.0,1789.0,1767.0,1982.0,1784.0,1700.0,1730.0,1681.0,1758.0,1907.0,1959.0,1794.0,,,,,,,,,,,1806.157894736842
917,1878.0,1857.0,1822.0,1691.0,1655.0,1795.0,1816.0,1948.0,1858.0,1788.0,1971.0,1786.0,1724.0,1734.0,1697.0,1760.0,1918.0,1935.0,1807.0,,,,,,,,,,,1812.6315789473683
918,1864.0,1852.0,1788.0,1724.0,1667.0,1780.0,1823.0,1972.0,1841.0,1788.0,1996.0,1795.0,1738.0,1739.0,1702.0,1773.0,1936.0,1925.0,1799.0,,,,,,,,,,,1815.8947368421052
919,1857.0,1837.0,1808.0,1710.0,1643.0,1802.0,1830.0,1972.0,1820.0,1773.0,1967.0,1817.0,1733.0,1734.0,1710.0,1768.0,1931.0,1956.0,1827.0,,,,,,,,,,,1815.5263157894738
920,1844.0,1812.0,1784.0,1710.0,1675.0,1810.0,1822.0,1984.0,1817.0,1782.0,1952.0,1791.0,1721.0,1760.0,1727.0,1770.0,1927.0,1948.0,1798.0,,,,,,,,,,,1812.3157894736842
921,1849.0,1823.0,1781.0,1722.0,1655.0,1808.0,1810.0,2009.0,1795.0,1766.0,1943.0,1811.0,1707.0,1762.0,1727.0,1756.0,1905.0,1956.0,1829.0,,,,,,,,,,,1811.2631578947369
922,1842.0,1819.0,1789.0,1714.0,1656.0,1818.0,1826.0,2016.0,1830.0,1761.0,1923.0,1805.0,1716.0,1750.0,1719.0,1745.0,1893.0,1970.0,1826.0,,,,,,,,,,,1811.4736842105262
923,1864.0,1803.0,1788.0,1702.0,1648.0,1812.0,1836.0,1984.0,1797.0,1776.0,1924.0,1806.0,1667.0,1756.0,1736.0,1743.0,1903.0,1962.0,1827.0,,,,,,,,,,,1807.0526315789473
924,1827.0,1804.0,1766.0,1730.0,1614.0,1794.0,1847.0,1959.0,1792.0,1787.0,1912.0,1821.0,1679.0,1757.0,1739.0,1735.0,1871.0,1976.0,1831.0,,,,,,,,,,,1802.157894736842
925,1841.0,1784.0,1759.0,1732.0,1590.0,1795.0,1857.0,1985.0,1802.0,1778.0,1889.0,1816.0,1665.0,1737.0,1742.0,1765.0,1885.0,1975.0,1821.0,,,,,,,,,,,1800.9473684210527
926,1842.0,1795.0,1768.0,1745.0,1634.0,1799.0,1831.0,2014.0,1816.0,1774.0,1876.0,1827.0,1675.0,1729.0,1730.0,1785.0,1869.0,1968.0,1826.0,,,,,,,,,,,1805.421052631579
927,1837.0,1799.0,1780.0,1757.0,1661.0,1793.0,1816.0,2051.0,1819.0,1776.0,1892.0,1845.0,1658.0,1700.0,1714.0,1807.0,1864.0,1965.0,1806.0,,,,,,,,,,,1807.3684210526317
928,1837.0,1792.0,1733.0,1741.0,1663.0,1815.0,1823.0,2034.0,1806.0,1755.0,1908.0,1875.0,1685.0,1709.0,1703.0,1794.0,1870.0,1914.0,1788.0,,,,,,,,,,,1802.3684210526317
929,1833.0,1769.0,1729.0,1731.0,1683.0,1818.0,1836.0,2004.0,1778.0,1748.0,1927.0,1854.0,1682.0,1740.0,1691.0,1788.0,1874.0,1887.0,1785.0,,,,,,,,,,,1797.7368421052631
930,1838.0,1777.0,1721.0,1701.0,1704.0,1837.0,1839.0,1982.0,1772.0,1731.0,1909.0,1828.0,1686.0,1717.0,1708.0,1815.0,1889.0,1876.0,1777.0,,,,,,,,,,,1795.1052631578948
931,1841.0,1809.0,1725.0,1738.0,1681.0,1839.0,1851.0,1999.0,1770.0,1755.0,1893.0,1822.0,1685.0,1712.0,1725.0,1799.0,1900.0,1881.0,1762.0,,,,,,,,,,,1799.3157894736842
932,1837.0,1805.0,1703.0,1721.0,1692.0,1836.0,1845.0,2020.0,1786.0,1759.0,1905.0,1840.0,1710.0,1714.0,1703.0,1796.0,1901.0,1891.0,1794.0,,,,,,,,,,,1803.0526315789473
933,1828.0,1802.0,1722.0,1738.0,1675.0,1818.0,1834.0,1992.0,1794.0,1757.0,1917.0,1824.0,1717.0,1731.0,1700.0,1814.0,1915.0,1894.0,1808.0,,,,,,,,,,,1804.2105263157894
934,1846.0,1827.0,1724.0,1730.0,1671.0,1831.0,1831.0,1953.0,1793.0,1780.0,1917.0,1842.0,1705.0,1735.0,1701.0,1809.0,1905.0,1915.0,1813.0,,,,,,,,,,,1806.7368421052631
935,1820.0,1827.0,1762.0,1686.0,1655.0,1812.0,1806.0,1959.0,1821.0,1752.0,1911.0,1821.0,1698.0,1701.0,1669.0,1809.0,1895.0,1903.0,1833.0,,,,,,,,,,,1796.842105263158
936,1805.0,1798.0,1783.0,1707.0,1662.0,1815.0,1814.0,1969.0,1797.0,1783.0,1918.0,1833.0,1734.0,1703.0,1653.0,1776.0,1902.0,1889.0,1845.0,,,,,,,,,,,1799.2631578947369
937,1803.0,1818.0,1777.0,1722.0,1697.0,1839.0,1798.0,1989.0,1811.0,1775.0,1936.0,1842.0,1725.0,1722.0,1672.0,1763.0,1905.0,1896.0,1843.0,,,,,,,,,,,1807.0
938,1775.0,1810.0,1788.0,1713.0,1685.0,1851.0,1786.0,2018.0,1848.0,1774.0,1936.0,1838.0,1735.0,1723.0,1701.0,1786.0,1904.0,1886.0,1858.0,,,,,,,,,,,1811.3157894736842
939,1800.0,1841.0,1779.0,1715.0,1692.0,1830.0,1804.0,2003.0,1854.0,1753.0,1940.0,1830.0,1706.0,1724.0,1708.0,1796.0,1863.0,1883.0,1838.0,,,,,,,,,,,1808.3684210526317
940,1787.0,1832.0,1762.0,1737.0,1661.0,1772.0,1798.0,1951.0,1876.0,1762.0,1936.0,1833.0,1717.0,1746.0,1707.0,1820.0,1875.0,1901.0,1851.0,,,,,,,,,,,1806.5263157894738
941,1819.0,1848.0,1781.0,1726.0,1670.0,1792.0,1779.0,1922.0,1882.0,1778.0,1935.0,1833.0,1704.0,1735.0,1723.0,1843.0,1906.0,1878.0,1847.0,,,,,,,,,,,1810.578947368421
942,1826.0,1871.0,1789.0,1753.0,1703.0,1783.0,1768.0,1923.0,1871.0,1768.0,1931.0,1837.0,1728.0,1722.0,1703.0,1845.0,1926.0,1843.0,1850.0,,,,,,,,,,,1812.6315789473683
943,1798.0,1877.0,1786.0,1747.0,1695.0,1806.0,1768.0,1948.0,1841.0,1761.0,1918.0,1852.0,1715.0,1733.0,1727.0,1823.0,1921.0,1845.0,1831.0,,,,,,,,,,,1810.1052631578948
944,1816.0,1868.0,1787.0,1748.0,1685.0,1764.0,1763.0,1959.0,1819.0,1784.0,1854.0,1872.0,1698.0,1752.0,1718.0,1805.0,1906.0,1845.0,1814.0,,,,,,,,,,,1803.0
945,1791.0,1869.0,1796.0,1730.0,1723.0,1773.0,1762.0,1966.0,1772.0,1793.0,1888.0,1863.0,1697.0,1766.0,1721.0,1795.0,1912.0,1824.0,1789.0,,,,,,,,,,,1801.578947368421
946,1821.0,1862.0,1789.0,1742.0,1698.0,1766.0,1766.0,1982.0,1775.0,1802.0,1911.0,1834.0,1681.0,1772.0,1719.0,1780.0,1909.0,1846.0,1796.0,,,,,,,,,,,1802.6842105263158
947,1795.0,1866.0,1766.0,1742.0,1695.0,1762.0,1793.0,1985.0,1780.0,1797.0,1907.0,1863.0,1716.0,1731.0,1706.0,1794.0,1907.0,1837.0,1827.0,,,,,,,,,,,1803.6315789473683
948,1774.0,1836.0,1749.0,1742.0,1713.0,1769.0,1778.0,1990.0,1794.0,1781.0,1937.0,1912.0,1701.0,1759.0,1705.0,1810.0,1927.0,1810.0,1809.0,,,,,,,,,,,1805.0526315789473
949,1771.0,1838.0,1724.0,1730.0,1731.0,1788.0,1773.0,2008.0,1807.0,1775.0,1913.0,1890.0,1738.0,1754.0,1703.0,1803.0,1897.0,1808.0,1793.0,,,,,,,,,,,1802.3157894736842
950,1772.0,1841.0,1747.0,1706.0,1688.0,1810.0,1799.0,1969.0,1842.0,1777.0,1929.0,1873.0,1741.0,1758.0,1702.0,1784.0,1876.0,1794.0,1777.0,,,,,,,,,,,1799.2105263157894
951,1740.0,1857.0,1759.0,1692.0,1672.0,1819.0,1826.0,1969.0,1858.0,1786.0,1904.0,1852.0,1756.0,1770.0,1712.0,1754.0,1871.0,1794.0,1800.0,,,,,,,,,,,1799.5263157894738
952,1748.0,1860.0,1781.0,1695.0,1688.0,1854.0,1804.0,1987.0,1846.0,1762.0,1914.0,1883.0,1742.0,1775.0,1726.0,1794.0,1894.0,1834.0,1802.0,,,,,,,,,,,1809.9473684210527
953,1760.0,1861.0,1788.0,1704.0,1686.0,1851.0,1801.0,2025.0,1846.0,1761.0,1910.0,1865.0,1734.0,1760.0,1711.0,1765.0,1879.0,1834.0,1777.0,,,,,,,,,,,1806.2105263157894
954,1818.0,1852.0,1773.0,1713.0,1679.0,1857.0,1773.0,2029.0,1848.0,1779.0,1906.0,1831.0,1746.0,1759.0,1715.0,1789.0,1884.0,1838.0,1782.0,,,,,,,,,,,1809.0
955,1827.0,1870.0,1760.0,1693.0,1697.0,1849.0,1788.0,2032.0,1838.0,1772.0,1880.0,1841.0,1760.0,1759.0,1735.0,1801.0,1863.0,1827.0,1797.0,,,,,,,,,,,1809.9473684210527
956,1824.0,1844.0,1762.0,1716.0,1706.0,1811.0,1806.0,1987.0,1856.0,1770.0,1863.0,1850.0,1783.0,1748.0,1712.0,1786.0,1874.0,1830.0,1813.0,,,,,,,,,,,1807.421052631579
957,1810.0,1857.0,1771.0,1716.0,1715.0,1821.0,1796.0,1998.0,1867.0,1777.0,1868.0,1847.0,1773.0,1737.0,1721.0,1781.0,1864.0,1851.0,1845.0,,,,,,,,,,,1811.3157894736842
958,1791.0,1872.0,1741.0,1725.0,1716.0,1832.0,1777.0,2001.0,1877.0,1807.0,1890.0,1850.0,1787.0,1782.0,1741.0,1751.0,1888.0,1853.0,1855.0,,,,,,,,,,,1817.6842105263158
959,1755.0,1865.0,1749.0,1710.0,1711.0,1852.0,1777.0,1998.0,1872.0,1816.0,1915.0,1827.0,1786.0,1759.0,1684.0,1777.0,1874.0,1857.0,1836.0,,,,,,,,,,,1811.578947368421
960,1755.0,1852.0,1720.0,1700.0,1719.0,1823.0,1798.0,1993.0,1880.0,1817.0,1920.0,1817.0,1756.0,1771.0,1715.0,1743.0,1905.0,1840.0,1831.0,,,,,,,,,,,1808.157894736842
961,1744.0,1845.0,1728.0,1713.0,1688.0,1798.0,1773.0,1997.0,1864.0,1829.0,1961.0,1824.0,1757.0,1750.0,1693.0,1755.0,1917.0,1864.0,1834.0,,,,,,,,,,,1807.0526315789473
962,1736.0,1845.0,1740.0,1717.0,1690.0,1802.0,1781.0,1994.0,1899.0,1845.0,1956.0,1839.0,1738.0,1730.0,1685.0,1771.0,1892.0,1836.0,1783.0,,,,,,,,,,,1804.157894736842
963,1764.0,1822.0,1753.0,1693.0,1683.0,1768.0,1807.0,1999.0,1884.0,1845.0,1974.0,1860.0,1753.0,1736.0,1692.0,1791.0,1877.0,1850.0,1804.0,,,,,,,,,,,1808.157894736842
964,1762.0,1827.0,1765.0,1689.0,1679.0,1811.0,1820.0,1974.0,1852.0,1839.0,1954.0,1845.0,1793.0,1735.0,1687.0,1769.0,1897.0,1823.0,1801.0,,,,,,,,,,,1806.421052631579
965,1761.0,1855.0,1738.0,1686.0,1658.0,1794.0,1764.0,1968.0,1859.0,1833.0,1962.0,1840.0,1790.0,1711.0,1692.0,1768.0,1912.0,1811.0,1822.0,,,,,,,,,,,1801.2631578947369
966,1804.0,1866.0,1725.0,1693.0,1682.0,1793.0,1753.0,1994.0,1874.0,1806.0,1959.0,1834.0,1810.0,1733.0,1703.0,1778.0,1944.0,1802.0,1815.0,,,,,,,,,,,1808.842105263158
967,1800.0,1859.0,1748.0,1713.0,1673.0,1813.0,1761.0,1977.0,1890.0,1809.0,1961.0,1833.0,1821.0,1737.0,1693.0,1772.0,1900.0,1815.0,1808.0,,,,,,,,,,,1809.6315789473683
968,1781.0,1861.0,1735.0,1705.0,1684.0,1823.0,1744.0,1967.0,1914.0,1824.0,1953.0,1839.0,1815.0,1745.0,1693.0,1788.0,1884.0,1809.0,1864.0,,,,,,,,,,,1812.0
969,1781.0,1865.0,1777.0,1688.0,1677.0,1824.0,1734.0,1984.0,1909.0,1840.0,1939.0,1832.0,1844.0,1729.0,1724.0,1759.0,1903.0,1842.0,1839.0,,,,,,,,,,,1815.2631578947369
970,1770.0,1841.0,1776.0,1712.0,1657.0,1819.0,1735.0,2007.0,1884.0,1849.0,1962.0,1835.0,1830.0,1744.0,1713.0,1755.0,1924.0,1866.0,1818.0,,,,,,,,,,,1815.6315789473683
971,1786.0,1833.0,1736.0,1715.0,1666.0,1810.0,1757.0,2004.0,1878.0,1822.0,1976.0,1838.0,1811.0,1749.0,1720.0,1757.0,1950.0,1870.0,1821.0,,,,,,,,,,,1815.7368421052631
972,1772.0,1826.0,1721.0,1749.0,1690.0,1817.0,1776.0,2015.0,1875.0,1874.0,1947.0,1832.0,1827.0,1757.0,1680.0,1781.0,1920.0,1847.0,1842.0,,,,,,,,,,,1818.3157894736842
973,1787.0,1852.0,1701.0,1752.0,1671.0,1839.0,1759.0,2003.0,1892.0,1860.0,1944.0,1837.0,1817.0,1773.0,1696.0,1804.0,1913.0,1865.0,1842.0,,,,,,,,,,,1821.421052631579
974,1786.0,1856.0,1725.0,1765.0,1668.0,1841.0,1766.0,2014.0,1886.0,1859.0,1974.0,1811.0,1814.0,1766.0,1690.0,1803.0,1934.0,1859.0,1840.0,,,,,,,,,,,1824.0526315789473
975,1798.0,1845.0,1746.0,1730.0,1666.0,1840.0,1750.0,2009.0,1875.0,1855.0,1980.0,1815.0,1799.0,1764.0,1695.0,1820.0,1911.0,1889.0,1850.0,,,,,,,,,,,1823.0
976,1800.0,1818.0,1722.0,1748.0,1657.0,1832.0,1785.0,2014.0,1871.0,1837.0,1972.0,1793.0,1793.0,1777.0,1707.0,1815.0,1877.0,1874.0,1829.0,,,,,,,,,,,1816.8947368421052
977,1788.0,1842.0,1739.0,1733.0,1657.0,1818.0,1781.0,2024.0,1873.0,1827.0,1960.0,1816.0,1782.0,1768.0,1704.0,1780.0,1894.0,1884.0,1798.0,,,,,,,,,,,1814.1052631578948
978,1806.0,1869.0,1773.0,1713.0,1672.0,1814.0,1780.0,2026.0,1868.0,1849.0,1959.0,1790.0,1804.0,1766.0,1681.0,1796.0,1894.0,1877.0,1787.0,,,,,,,,,,,1817.0526315789473
979,1784.0,1861.0,1748.0,1730.0,1657.0,1818.0,1774.0,2045.0,1878.0,1862.0,1983.0,1775.0,1832.0,1764.0,1707.0,1802.0,1902.0,1887.0,1813.0,,,,,,,,,,,1822.2105263157894
980,1755.0,1856.0,1775.0,1745.0,1657.0,1808.0,1764.0,2028.0,1874.0,1867.0,1982.0,1767.0,1848.0,1758.0,1726.0,1822.0,1871.0,1874.0,1818.0,,,,,,,,,,,1820.7894736842106
981,1746.0,1835.0,1824.0,1750.0,1647.0,1815.0,1773.0,2043.0,1882.0,1851.0,1941.0,1785.0,1875.0,1729.0,1705.0,1821.0,1861.0,1918.0,1825.0,,,,,,,,,,,1822.421052631579
982,1739.0,1850.0,1794.0,1759.0,1636.0,1823.0,1741.0,2007.0,1886.0,1838.0,1909.0,1779.0,1876.0,1737.0,1710.0,1832.0,1882.0,1878.0,1845.0,,,,,,,,,,,1816.8947368421052
983,1748.0,1816.0,1803.0,1754.0,1621.0,1787.0,1761.0,2000.0,1892.0,1842.0,1923.0,1795.0,1834.0,1758.0,1718.0,1813.0,1865.0,1881.0,1844.0,,,,,,,,,,,1813.421052631579
984,1743.0,1819.0,1785.0,1746.0,1622.0,1784.0,1764.0,1981.0,1893.0,1824.0,1913.0,1814.0,1832.0,1789.0,1709.0,1782.0,1850.0,1871.0,1864.0,,,,,,,,,,,1809.7368421052631
985,1754.0,1817.0,1774.0,1749.0,1632.0,1790.0,1798.0,1985.0,1868.0,1811.0,1915.0,1833.0,1833.0,1783.0,1730.0,1790.0,1855.0,1886.0,1876.0,,,,,,,,,,,1814.6842105263158
986,1779.0,1834.0,1785.0,1730.0,1630.0,1823.0,1819.0,1988.0,1839.0,1841.0,1933.0,1798.0,1811.0,1777.0,1733.0,1796.0,1885.0,1872.0,1860.0,,,,,,,,,,,1817.5263157894738
987,1783.0,1845.0,1807.0,1739.0,1657.0,1819.0,1829.0,2005.0,1846.0,1835.0,1913.0,1768.0,1807.0,1761.0,1722.0,1811.0,1889.0,1878.0,1844.0,,,,,,,,,,,1818.842105263158
988,1797.0,1827.0,1804.0,1752.0,1656.0,1817.0,1817.0,1990.0,1854.0,1853.0,1947.0,1758.0,1811.0,1795.0,1717.0,1823.0,1873.0,1897.0,1871.0,,,,,,,,,,,1824.157894736842
989,1795.0,1826.0,1832.0,1768.0,1672.0,1827.0,1823.0,2002.0,1869.0,1857.0,1954.0,1757.0,1819.0,1786.0,1683.0,1843.0,1867.0,1889.0,1845.0,,,,,,,,,,,1827.0526315789473
990,1778.0,1828.0,1834.0,1759.0,1703.0,1797.0,1834.0,2027.0,1871.0,1870.0,1970.0,1796.0,1814.0,1769.0,1702.0,1860.0,1895.0,1887.0,1891.0,,,,,,,,,,,1836.0526315789473
991,1820.0,1812.0,1828.0,1777.0,1703.0,1808.0,1836.0,2035.0,1878.0,1848.0,1989.0,1845.0,1819.0,1779.0,1710.0,1835.0,1892.0,1857.0,1878.0,,,,,,,,,,,1839.421052631579
992,1836.0,1828.0,1782.0,1753.0,1717.0,1820.0,1825.0,2022.0,1864.0,1826.0,1997.0,1838.0,1838.0,1774.0,1701.0,1841.0,1886.0,1843.0,1875.0,,,,,,,,,,,1835.0526315789473
993,1859.0,1833.0,1772.0,1715.0,1717.0,1832.0,1824.0,2003.0,1878.0,1836.0,1950.0,1832.0,1872.0,1773.0,1730.0,1842.0,1902.0,1833.0,1856.0,,,,,,,,,,,1834.6842105263158
994,1858.0,1831.0,1795.0,1744.0,1696.0,1808.0,1810.0,2012.0,1939.0,1810.0,1942.0,1838.0,1844.0,1761.0,1720.0,1809.0,1902.0,1836.0,1859.0,,,,,,,,,,,1832.3157894736842
995,1857.0,1863.0,1824.0,1749.0,1693.0,1815.0,1816.0,1998.0,1878.0,1792.0,1934.0,1838.0,1847.0,1754.0,1736.0,1854.0,1896.0,1864.0,1862.0,,,,,,,,,,,1835.2631578947369
996,1845.0,1833.0,1827.0,1752.0,1705.0,1802.0,1785.0,2011.0,1842.0,1807.0,1963.0,1824.0,1859.0,1733.0,1716.0,1855.0,1882.0,1851.0,1847.0,,,,,,,,,,,1828.3684210526317
997,1867.0,1817.0,1871.0,1753.0,1683.0,1831.0,1790.0,1995.0,1841.0,1820.0,1967.0,1836.0,1830.0,1739.0,1733.0,1860.0,1864.0,1874.0,1883.0,,,,,,,,,,,1834.421052631579
998,1854.0,1811.0,1862.0,1749.0,1697.0,1820.0,1753.0,2014.0,1847.0,1813.0,1944.0,1820.0,1832.0,1758.0,1739.0,1832.0,1873.0,1849.0,1876.0,,,,,,,,,,,1828.578947368421
999,1861.0,1818.0,1844.0,1715.0,1693.0,1842.0,1776.0,2000.0,1864.0,1824.0,1917.0,1833.0,1801.0,1776.0,1737.0,1839.0,1895.0,1845.0,1866.0,,,,,,,,,,,1828.7368421052631
1000,1875.0,1832.0,1826.0,1732.0,1707.0,1843.0,1788.0,1969.0,1840.0,1799.0,1956.0,1826.0,1816.0,1820.0,1713.0,1836.0,1901.0,1877.0,1836.0,,,,,,,,,,,1831.157894736842
