,TotalSugar,AvgSugarLevel,SugarGini,NumCooperators,RiskAverseAvgSugar,NeutralAvgSugar,RiskSeekingAvgSugar,RiskAverseCoopSugar,NeutralCoopSugar,RiskSeekingCoopSugar,RiskSeekingNonCoopSugar,RiskAverseNonCoopSugar,NeutralNonCoopSugar
0,4622,0.0,0.0,28,0.0,0.0,0.0,0,0,0,0,0,0
1,4539,0.83,0.17,28,0.8529411764705882,0.8181818181818182,0.8181818181818182,10,7,6,21,19,20
2,4456,1.66,0.17,28,1.7058823529411764,1.6363636363636365,1.6363636363636365,20,14,12,42,38,40
3,4371,2.51,0.16322709163346616,28,2.588235294117647,2.484848484848485,2.4545454545454546,30,22,18,63,58,60
4,4286,3.36,0.1598809523809524,28,3.4705882352941178,3.3333333333333335,3.272727272727273,40,30,24,84,78,80
5,4201,4.21,0.15788598574821847,28,4.352941176470588,4.181818181818182,4.090909090909091,50,38,30,105,98,100
6,4116,5.06,0.15656126482213437,28,5.235294117647059,5.03030303030303,4.909090909090909,60,46,36,126,118,120
7,4031,5.91,0.15561759729272423,28,6.117647058823529,5.878787878787879,5.7272727272727275,70,54,42,147,138,140
8,3946,6.76,0.15491124260355035,28,7.0,6.7272727272727275,6.545454545454546,80,62,48,168,158,160
9,3862,7.6,0.15542105263157893,28,7.882352941176471,7.575757575757576,7.333333333333333,90,70,54,188,178,180
10,3778,8.44,0.15582938388625592,28,8.764705882352942,8.424242424242424,8.121212121212121,100,78,60,208,198,200
11,3694,9.28,0.15620689655172412,28,9.647058823529411,9.272727272727273,8.909090909090908,110,86,66,228,218,220
12,3610,10.12,0.15652173913043485,28,10.529411764705882,10.121212121212121,9.696969696969697,120,94,72,248,238,240
13,3528,10.97,0.15601640838650865,28,11.411764705882353,10.969696969696969,10.515151515151516,130,102,78,269,258,260
14,3446,11.82,0.1555668358714044,28,12.323529411764707,11.818181818181818,11.303030303030303,140,110,84,289,279,280
15,3367,12.67,0.15517758484609318,28,13.235294117647058,12.666666666666666,12.090909090909092,150,118,90,309,300,300
16,3291,13.52,0.1548372781065089,28,14.147058823529411,13.515151515151516,12.878787878787879,160,126,96,329,321,320
17,3208,14.38,0.15394993045897082,28,15.058823529411764,14.363636363636363,13.696969696969697,170,134,102,350,342,340
18,3134,15.24,0.15316272965879263,28,15.970588235294118,15.212121212121213,14.515151515151516,180,142,108,371,363,360
19,3058,16.09,0.15297078931013047,28,16.852941176470587,16.060606060606062,15.333333333333334,190,150,114,392,383,380
20,2979,16.94,0.15279811097992918,28,17.735294117647058,16.90909090909091,16.151515151515152,200,158,120,413,403,400
21,2906,17.79,0.15264193367060144,28,18.61764705882353,17.757575757575758,16.96969696969697,210,166,126,434,423,420
22,2824,18.64,0.1525,28,19.5,18.606060606060606,17.78787878787879,220,174,132,455,443,440
23,2743,19.48,0.1528131416837782,28,20.352941176470587,19.454545454545453,18.606060606060606,230,182,138,476,462,460
24,2679,20.33,0.15268568617806197,28,21.235294117647058,20.303030303030305,19.424242424242426,240,190,144,497,482,480
25,2597,21.18,0.15256846081208691,28,22.11764705882353,21.151515151515152,20.242424242424242,250,198,150,518,502,500
26,2521,22.03,0.15246028143440768,28,23.0,22.0,21.060606060606062,260,206,156,539,522,520
27,2457,22.88,0.15236013986013985,28,23.88235294117647,22.848484848484848,21.87878787878788,270,214,162,560,542,540
28,2387,23.73,0.15226717235566795,28,24.764705882352942,23.696969696969695,22.696969696969695,280,222,168,581,562,560
29,2308,24.58,0.15218063466232706,28,25.647058823529413,24.545454545454547,23.515151515151516,290,230,174,602,582,580
30,2250,25.43,0.15209988202909955,28,26.529411764705884,25.393939393939394,24.333333333333332,300,238,180,623,602,600
31,2180,26.28,0.15203196347031964,28,27.41176470588235,26.242424242424242,25.151515151515152,310,246,186,644,622,620
32,2101,27.13,0.15196830077405082,28,28.294117647058822,27.09090909090909,25.96969696969697,320,254,192,665,642,640
33,2031,27.98,0.15190850607576833,28,29.176470588235293,27.939393939393938,26.78787878787879,330,262,198,686,662,660
34,1964,28.83,0.15185223725286165,28,30.058823529411764,28.78787878787879,27.606060606060606,340,270,204,707,682,680
35,1894,29.68,0.15179919137466313,28,30.941176470588236,29.636363636363637,28.424242424242426,350,278,210,728,702,700
36,1824,30.53,0.15171634457910257,28,31.823529411764707,30.515151515151516,29.21212121212121,360,286,216,748,722,721
37,1749,31.4,0.15110191082802543,28,32.73529411764706,31.393939393939394,30.03030303030303,370,294,222,769,743,742
38,1679,32.25,0.15101705426356588,28,33.588235294117645,32.27272727272727,30.848484848484848,380,302,228,790,762,763
39,1604,33.12,0.1504528985507247,28,34.5,33.15151515151515,31.666666666666668,390,310,234,811,783,784
40,1535,33.99,0.14991762283024415,28,35.411764705882355,34.03030303030303,32.484848484848484,400,318,240,832,804,805
41,1467,34.82,0.15022400919012058,28,36.3235294117647,34.78787878787879,33.303030303030305,410,325,246,853,825,823
42,1403,35.67,0.15004485562097003,28,37.205882352941174,35.63636363636363,34.121212121212125,420,333,252,874,845,843
43,1335,36.47,0.15077872223745545,28,38.029411764705884,36.42424242424242,34.90909090909091,429,341,258,894,864,861
44,1276,37.27,0.15155621143010464,28,38.911764705882355,37.18181818181818,35.666666666666664,439,348,264,913,884,879
45,1211,38.04,0.1526866456361725,28,39.794117647058826,37.84848484848485,36.42424242424242,449,355,270,932,904,894
46,1150,38.83,0.1533891321143446,28,40.6764705882353,38.60606060606061,37.15151515151515,459,362,276,950,924,912
47,1092,39.56,0.15492922143579377,28,41.55882352941177,39.24242424242424,37.81818181818182,469,368,282,966,944,927
48,1027,40.3,0.15623325062034737,28,42.470588235294116,39.878787878787875,38.484848484848484,479,374,288,982,965,942
49,962,41.07,0.15717798879961037,28,43.35294117647059,40.63636363636363,39.15151515151515,489,381,294,998,985,960
50,900,41.84,0.15792065009560233,28,44.205882352941174,41.42424242424242,39.81818181818182,499,388,300,1014,1004,979
51,834,42.59,0.15904437661422877,28,45.029411764705884,42.18181818181818,40.484848484848484,509,395,306,1030,1022,997
52,769,43.3,0.1606143187066975,28,45.85294117647059,42.878787878787875,41.09090909090909,519,401,311,1045,1040,1014
53,722,43.95,0.16254152445961323,28,46.61764705882353,43.45454545454545,41.696969696969695,529,407,316,1060,1056,1027
54,667,44.59,0.16442027360394704,28,47.411764705882355,44.06060606060606,42.21212121212121,539,412,321,1072,1073,1042
55,619,45.25,0.16599116022099453,28,48.14705882352941,44.72727272727273,42.78787878787879,547,417,327,1085,1090,1059
56,577,45.88,0.16765039232781162,28,48.911764705882355,45.27272727272727,43.36363636363637,556,421,333,1098,1107,1073
57,517,46.48,0.16903614457831323,28,49.64705882352941,45.78787878787879,43.90909090909091,563,425,339,1110,1125,1086
58,476,47.04,0.17118622448979592,28,50.35294117647059,46.303030303030305,44.36363636363637,572,430,343,1121,1140,1098
59,433,47.56,0.1730361648444071,28,51.05882352941177,46.78787878787879,44.72727272727273,581,434,347,1129,1155,1110
60,383,48.09,0.1751528384279476,28,51.73529411764706,47.27272727272727,45.15151515151515,590,439,352,1138,1169,1121
61,342,48.59,0.17748713727104345,28,52.44117647058823,47.696969696969695,45.515151515151516,599,443,356,1146,1184,1131
62,312,49.04,0.17961256117455135,28,53.088235294117645,48.121212121212125,45.78787878787879,607,445,358,1153,1198,1143
63,271,49.48,0.18194421988682294,28,53.705882352941174,48.484848484848484,46.121212121212125,615,447,361,1161,1211,1153
64,250,49.84,0.1843539325842697,28,54.23529411764706,48.81818181818182,46.333333333333336,623,450,364,1165,1221,1161
65,226,50.17,0.18628861869643218,28,54.705882352941174,49.121212121212125,46.54545454545455,630,453,367,1169,1230,1168
66,202,50.47,0.18811769367941353,28,55.14705882352941,49.39393939393939,46.72727272727273,636,456,370,1172,1239,1174
67,190,50.77,0.19021272404963568,28,55.588235294117645,49.63636363636363,46.93939393939394,644,459,375,1174,1246,1179
68,188,51.03,0.19192435822065448,28,55.94117647058823,49.84848484848485,47.15151515151515,650,462,379,1177,1252,1183
69,162,51.32,0.1938230709275136,28,56.35294117647059,50.121212121212125,47.333333333333336,657,466,381,1181,1259,1188
70,150,51.59,0.19554758674161662,28,56.73529411764706,50.42424242424242,47.45454545454545,664,470,382,1184,1265,1194
71,147,51.8,0.19706563706563712,28,57.029411764705884,50.63636363636363,47.57575757575758,670,473,383,1187,1269,1198
72,127,52.0,0.19839230769230767,28,57.3235294117647,50.81818181818182,47.696969696969695,676,476,385,1189,1273,1201
73,116,52.2,0.19970498084291194,28,57.61764705882353,51.0,47.81818181818182,682,478,386,1192,1277,1205
74,111,52.37,0.2014034752721024,28,57.88235294117647,51.15151515151515,47.90909090909091,688,479,388,1193,1280,1209
75,97,52.54,0.2028892272554245,28,58.14705882352941,51.303030303030305,48.0,693,480,390,1194,1284,1213
76,88,52.69,0.20452267982539382,28,58.38235294117647,51.45454545454545,48.06060606060606,698,481,391,1195,1287,1217
77,92,52.8,0.2058295454545454,28,58.55882352941177,51.57575757575758,48.09090909090909,702,482,392,1195,1289,1220
78,80,52.92,0.20722222222222228,28,58.73529411764706,51.696969696969695,48.15151515151515,706,483,393,1196,1291,1223
79,68,53.07,0.2084284906726964,28,58.94117647058823,51.878787878787875,48.21212121212121,711,484,395,1196,1293,1228
80,67,53.2,0.2096616541353383,28,59.205882352941174,51.96969696969697,48.24242424242424,716,485,396,1196,1297,1230
81,60,53.3,0.21031144465290807,28,59.38235294117647,52.06060606060606,48.27272727272727,719,486,396,1197,1300,1232
82,60,53.39,0.21107885371792479,28,59.55882352941177,52.15151515151515,48.27272727272727,723,487,396,1197,1302,1234
83,59,53.49,0.2119442886520845,28,59.76470588235294,52.21212121212121,48.303030303030305,727,488,397,1197,1305,1235
84,51,53.57,0.21280007466865783,28,59.94117647058823,52.24242424242424,48.333333333333336,731,489,398,1197,1307,1235
85,50,53.64,0.21359060402684563,28,60.088235294117645,52.27272727272727,48.36363636363637,734,490,399,1197,1309,1235
86,50,53.73,0.2144183882374837,28,60.23529411764706,52.39393939393939,48.36363636363637,737,492,399,1197,1311,1237
87,43,53.8,0.2152007434944238,28,60.35294117647059,52.484848484848484,48.36363636363637,740,493,399,1197,1312,1239
88,39,53.87,0.21599591609430108,28,60.470588235294116,52.57575757575758,48.36363636363637,743,494,399,1197,1313,1241
89,44,53.91,0.21654795028751622,28,60.55882352941177,52.60606060606061,48.36363636363637,746,495,399,1197,1313,1241
90,39,53.96,0.21690882134914757,28,60.6764705882353,52.63636363636363,48.36363636363637,749,496,399,1197,1314,1241
91,36,54.02,0.2173232136245835,28,60.794117647058826,52.696969696969695,48.36363636363637,752,498,399,1197,1315,1241
92,38,54.09,0.2177796265483454,28,60.94117647058823,52.75757575757576,48.36363636363637,755,500,399,1197,1317,1241
93,32,54.15,0.21840997229916895,28,61.029411764705884,52.84848484848485,48.36363636363637,758,502,399,1197,1317,1242
94,30,54.2,0.21903690036900372,28,61.11764705882353,52.90909090909091,48.36363636363637,761,504,399,1197,1317,1242
95,35,54.24,0.2195833333333333,28,61.205882352941174,52.93939393939394,48.36363636363637,764,505,399,1197,1317,1242
96,31,54.28,0.22012896094325726,28,61.294117647058826,52.96969696969697,48.36363636363637,767,506,399,1197,1317,1242
97,30,54.32,0.22067378497790868,28,61.38235294117647,53.0,48.36363636363637,770,507,399,1197,1317,1242
98,35,54.36,0.2212178072111847,28,61.470588235294116,53.03030303030303,48.36363636363637,773,508,399,1197,1317,1242
99,30,54.41,0.2216890277522515,28,61.55882352941177,53.06060606060606,48.39393939393939,776,509,399,1198,1317,1242
100,26,54.48,0.2221989720998532,28,61.6764705882353,53.09090909090909,48.45454545454545,779,510,399,1200,1318,1242
101,29,54.54,0.2227319398606528,28,61.76470588235294,53.15151515151515,48.484848484848484,782,511,399,1201,1318,1243
102,25,54.58,0.22327226090142915,28,61.85294117647059,53.18181818181818,48.484848484848484,785,512,399,1201,1318,1243
103,27,54.62,0.223811790552911,28,61.94117647058823,53.21212121212121,48.484848484848484,788,513,399,1201,1318,1243
104,34,54.67,0.22447594658862258,28,62.029411764705884,53.24242424242424,48.515151515151516,791,514,400,1201,1318,1243
105,31,54.73,0.2250630367257446,28,62.11764705882353,53.303030303030305,48.54545454545455,794,516,401,1201,1318,1243
106,30,54.8,0.22552919708029193,28,62.205882352941174,53.39393939393939,48.57575757575758,797,519,402,1201,1318,1243
107,35,54.87,0.2260123929287407,28,62.294117647058826,53.484848484848484,48.60606060606061,800,522,403,1201,1318,1243
108,31,54.94,0.22650891882053145,28,62.38235294117647,53.57575757575758,48.63636363636363,803,525,404,1201,1318,1243
109,30,55.01,0.22701145246318843,28,62.470588235294116,53.666666666666664,48.666666666666664,806,528,405,1201,1318,1243
110,35,55.08,0.22752723311546844,28,62.55882352941177,53.75757575757576,48.696969696969695,809,531,406,1201,1318,1243
111,31,55.15,0.22804533091568444,28,62.64705882352941,53.84848484848485,48.72727272727273,812,534,407,1201,1318,1243
112,30,55.22,0.22857660268018834,28,62.73529411764706,53.93939393939394,48.75757575757576,815,537,408,1201,1318,1243
113,35,55.29,0.2291354675348164,28,62.8235294117647,54.03030303030303,48.78787878787879,818,540,409,1201,1318,1243
114,31,55.36,0.22971098265895962,28,62.911764705882355,54.121212121212125,48.81818181818182,821,543,410,1201,1318,1243
115,33,55.43,0.23031030128089483,28,63.0,54.21212121212121,48.84848484848485,824,546,411,1201,1318,1243
116,40,55.51,0.23086470906143033,28,63.11764705882353,54.303030303030305,48.878787878787875,828,549,412,1201,1318,1243
117,40,55.6,0.23139568345323738,28,63.26470588235294,54.39393939393939,48.90909090909091,833,552,413,1201,1318,1243
118,42,55.7,0.2320035906642728,28,63.411764705882355,54.484848484848484,48.96969696969697,838,555,415,1201,1318,1243
119,47,55.8,0.2326272401433691,28,63.55882352941177,54.57575757575758,49.03030303030303,843,558,417,1201,1318,1243
120,46,55.9,0.23329159212880143,28,63.705882352941174,54.666666666666664,49.09090909090909,848,561,419,1201,1318,1243
121,44,56.01,0.23406713086948755,28,63.85294117647059,54.75757575757576,49.18181818181818,853,564,421,1202,1318,1243
122,50,56.13,0.2349670407981472,28,64.02941176470588,54.84848484848485,49.27272727272727,859,567,423,1203,1318,1243
123,43,56.26,0.23603981514397446,28,64.20588235294117,54.96969696969697,49.36363636363637,865,570,425,1204,1318,1244
124,39,56.39,0.23699414789856363,28,64.3529411764706,55.09090909090909,49.484848484848484,870,573,427,1206,1318,1245
125,41,56.52,0.238004246284501,28,64.5,55.21212121212121,49.60606060606061,875,576,429,1208,1318,1246
126,36,56.63,0.23894225675437042,28,64.61764705882354,55.333333333333336,49.696969696969695,879,579,431,1209,1318,1247
127,34,56.74,0.23995770179767362,28,64.76470588235294,55.45454545454545,49.75757575757576,884,582,433,1209,1318,1248
128,38,56.85,0.24098328935795948,28,64.91176470588235,55.57575757575758,49.81818181818182,889,585,435,1209,1318,1249
129,33,56.96,0.2420435393258427,28,65.05882352941177,55.696969696969695,49.878787878787875,894,588,437,1209,1318,1250
130,31,57.07,0.24314175573856672,28,65.20588235294117,55.81818181818182,49.93939393939394,899,591,439,1209,1318,1251
131,36,57.17,0.24416477173342657,28,65.3529411764706,55.90909090909091,50.0,904,594,441,1209,1318,1251
132,32,57.27,0.2451981840405098,28,65.5,56.0,50.06060606060606,909,597,443,1209,1318,1251
133,31,57.37,0.24623496601010986,28,65.6470588235294,56.09090909090909,50.121212121212125,914,600,445,1209,1318,1251
134,36,57.47,0.2472716199756394,28,65.79411764705883,56.18181818181818,50.18181818181818,919,603,447,1209,1318,1251
135,38,57.57,0.2483116206357478,28,65.94117647058823,56.27272727272727,50.24242424242424,924,606,449,1209,1318,1251
136,39,57.68,0.24940360610263526,28,66.11764705882354,56.36363636363637,50.303030303030305,930,609,451,1209,1318,1251
137,52,57.79,0.2505052777297111,28,66.29411764705883,56.45454545454545,50.36363636363637,936,612,453,1209,1318,1251
138,49,57.91,0.251723363840442,28,66.47058823529412,56.57575757575758,50.42424242424242,942,615,455,1209,1318,1252
139,43,58.03,0.2529467516801654,28,66.6470588235294,56.696969696969695,50.484848484848484,948,618,457,1209,1318,1253
140,52,58.15,0.2541926053310404,28,66.82352941176471,56.81818181818182,50.54545454545455,954,621,459,1209,1318,1254
141,49,58.27,0.2554504891024541,28,67.0,56.93939393939394,50.60606060606061,960,624,461,1209,1318,1255
142,52,58.39,0.25671005309128275,28,67.17647058823529,57.06060606060606,50.666666666666664,966,627,463,1209,1318,1256
143,64,58.51,0.2579678687403863,28,67.3529411764706,57.18181818181818,50.72727272727273,972,630,465,1209,1318,1257
144,61,58.63,0.259220535561999,28,67.52941176470588,57.303030303030305,50.78787878787879,978,633,467,1209,1318,1258
145,58,58.75,0.26047148936170217,28,67.70588235294117,57.42424242424242,50.84848484848485,984,636,469,1209,1318,1259
146,70,58.87,0.2617207406149141,28,67.88235294117646,57.54545454545455,50.90909090909091,990,639,471,1209,1318,1260
147,61,58.99,0.2629750805221224,28,68.05882352941177,57.666666666666664,50.96969696969697,996,642,473,1209,1318,1261
148,57,59.12,0.2641644113667118,28,68.26470588235294,57.78787878787879,51.03030303030303,1002,645,475,1209,1319,1262
149,65,59.25,0.26535527426160344,28,68.47058823529412,57.90909090909091,51.09090909090909,1008,648,477,1209,1320,1263
150,61,59.38,0.2665409228696531,28,68.67647058823529,58.03030303030303,51.15151515151515,1014,651,479,1209,1321,1264
151,63,59.51,0.267728112922198,28,68.88235294117646,58.15151515151515,51.21212121212121,1020,654,481,1209,1322,1265
152,68,59.64,0.26891683433936964,28,69.08823529411765,58.27272727272727,51.27272727272727,1026,657,483,1209,1323,1266
153,64,59.77,0.27010707712899445,28,69.29411764705883,58.39393939393939,51.333333333333336,1032,660,485,1209,1324,1267
154,60,59.9,0.27131218697829707,28,69.5,58.515151515151516,51.39393939393939,1038,663,487,1209,1325,1268
155,65,60.03,0.2725220722971848,28,69.70588235294117,58.63636363636363,51.45454545454545,1044,666,489,1209,1326,1269
156,64,60.16,0.2737400265957447,28,69.91176470588235,58.75757575757576,51.515151515151516,1050,669,491,1209,1327,1270
157,57,60.29,0.2749626803781722,28,70.11764705882354,58.878787878787875,51.57575757575758,1056,672,493,1209,1328,1271
158,59,60.42,0.27618338298576633,28,70.32352941176471,59.0,51.63636363636363,1062,675,495,1209,1329,1272
159,64,60.55,0.27740214698596205,28,70.52941176470588,59.121212121212125,51.696969696969695,1068,678,497,1209,1330,1273
160,63,60.68,0.27862557679630856,28,70.73529411764706,59.24242424242424,51.75757575757576,1074,681,499,1209,1331,1274
161,62,60.81,0.2798503535602697,28,70.94117647058823,59.36363636363637,51.81818181818182,1080,684,501,1209,1332,1275
162,52,60.94,0.2810797505743354,28,71.1470588235294,59.484848484848484,51.878787878787875,1086,687,503,1209,1333,1276
163,51,61.07,0.28230391354183726,28,71.3529411764706,59.60606060606061,51.93939393939394,1092,690,505,1209,1334,1277
164,53,61.2,0.28352614379084967,28,71.55882352941177,59.72727272727273,52.0,1098,693,507,1209,1335,1278
165,46,61.33,0.2847431925648134,28,71.76470588235294,59.84848484848485,52.06060606060606,1104,696,509,1209,1336,1279
166,49,61.45,0.2855801464605371,28,72.0,59.96969696969697,52.06060606060606,1110,699,509,1209,1338,1280
167,52,61.57,0.28645606626603864,28,72.20588235294117,60.09090909090909,52.09090909090909,1116,702,510,1209,1339,1281
168,41,61.71,0.28748501053313885,28,72.44117647058823,60.21212121212121,52.15151515151515,1122,705,512,1209,1341,1282
169,39,61.85,0.2885092966855295,28,72.67647058823529,60.333333333333336,52.21212121212121,1128,708,514,1209,1343,1283
170,41,61.95,0.28922195318805494,28,72.82352941176471,60.45454545454545,52.24242424242424,1132,711,515,1209,1344,1284
171,33,62.06,0.28999355462455684,28,73.0,60.57575757575758,52.27272727272727,1136,714,516,1209,1346,1285
172,29,62.16,0.29070785070785066,28,73.1470588235294,60.696969696969695,52.303030303030305,1140,717,517,1209,1347,1286
173,35,62.25,0.291336546184739,28,73.26470588235294,60.81818181818182,52.333333333333336,1143,720,518,1209,1348,1287
174,33,62.33,0.2918771057275791,28,73.38235294117646,60.90909090909091,52.36363636363637,1146,722,519,1209,1349,1288
175,27,62.42,0.2925024030759371,28,73.5,61.03030303030303,52.39393939393939,1149,725,520,1209,1350,1289
176,31,62.5,0.2929248,28,73.6470588235294,61.09090909090909,52.42424242424242,1152,727,521,1209,1352,1289
177,27,62.57,0.2933594374300783,28,73.76470588235294,61.15151515151515,52.45454545454545,1155,729,522,1209,1353,1289
178,25,62.65,0.2938882681564246,28,73.88235294117646,61.24242424242424,52.484848484848484,1158,732,523,1209,1354,1289
179,29,62.73,0.2944189383070301,28,74.0,61.333333333333336,52.515151515151516,1161,735,524,1209,1355,1289
180,25,62.8,0.295124203821656,28,74.08823529411765,61.42424242424242,52.54545454545455,1164,738,525,1209,1355,1289
181,24,62.87,0.29582789883887384,28,74.17647058823529,61.515151515151516,52.57575757575758,1167,741,526,1209,1355,1289
182,29,62.94,0.29653002859866534,28,74.26470588235294,61.60606060606061,52.60606060606061,1170,744,527,1209,1355,1289
183,25,63.01,0.2972305983177273,28,74.3529411764706,61.696969696969695,52.63636363636363,1173,747,528,1209,1355,1289
184,24,63.08,0.29792961318960054,28,74.44117647058823,61.78787878787879,52.666666666666664,1176,750,529,1209,1355,1289
185,29,63.15,0.29863024544734756,28,74.52941176470588,61.878787878787875,52.696969696969695,1179,753,530,1209,1355,1289
186,25,63.22,0.2993293261626067,28,74.61764705882354,61.96969696969697,52.72727272727273,1182,756,531,1209,1355,1289
187,24,63.29,0.30002686048348864,28,74.70588235294117,62.06060606060606,52.75757575757576,1185,759,532,1209,1355,1289
188,29,63.36,0.3007228535353535,28,74.79411764705883,62.15151515151515,52.78787878787879,1188,762,533,1209,1355,1289
189,25,63.43,0.30141731042093656,28,74.88235294117646,62.24242424242424,52.81818181818182,1191,765,534,1209,1355,1289
190,24,63.5,0.3021102362204725,28,74.97058823529412,62.333333333333336,52.84848484848485,1194,768,535,1209,1355,1289
191,29,63.57,0.30280163599182003,28,75.05882352941177,62.42424242424242,52.878787878787875,1197,771,536,1209,1355,1289
192,25,63.64,0.30349151477058456,28,75.1470588235294,62.515151515151516,52.90909090909091,1200,774,537,1209,1355,1289
193,27,63.71,0.3039161827028724,28,75.26470588235294,62.57575757575758,52.93939393939394,1203,776,538,1209,1356,1289
194,29,63.78,0.30433678269049863,28,75.38235294117646,62.666666666666664,52.93939393939394,1206,779,538,1209,1357,1289
195,26,63.84,0.3046647869674186,28,75.5,62.72727272727273,52.93939393939394,1209,781,538,1209,1358,1289
196,22,63.91,0.3050837114692537,28,75.61764705882354,62.81818181818182,52.93939393939394,1212,784,538,1209,1359,1289
197,25,63.97,0.30541347506643746,28,75.73529411764706,62.878787878787875,52.93939393939394,1215,786,538,1209,1360,1289
198,25,64.03,0.3057426206465719,28,75.8529411764706,62.93939393939394,52.93939393939394,1218,788,538,1209,1361,1289
199,25,64.09,0.3063301607114994,28,75.94117647058823,63.03030303030303,52.93939393939394,1221,791,538,1209,1361,1289
200,33,64.16,0.30701059850374063,28,76.02941176470588,63.121212121212125,52.96969696969697,1224,794,539,1209,1361,1289
201,39,64.25,0.3077836575875486,28,76.17647058823529,63.21212121212121,53.0,1228,797,540,1209,1362,1289
202,42,64.34,0.3085669878769039,28,76.32352941176471,63.303030303030305,53.03030303030303,1232,800,541,1209,1363,1289
203,51,64.43,0.3093481297532206,28,76.47058823529412,63.39393939393939,53.06060606060606,1236,803,542,1209,1364,1289
204,48,64.52,0.31013019218846866,28,76.61764705882354,63.484848484848484,53.09090909090909,1240,806,543,1209,1365,1289
205,48,64.61,0.31091007583965335,28,76.76470588235294,63.57575757575758,53.121212121212125,1244,809,544,1209,1366,1289
206,57,64.7,0.3116908809891808,28,76.91176470588235,63.666666666666664,53.15151515151515,1248,812,545,1209,1367,1289
207,54,64.79,0.3124726037968823,28,77.05882352941177,63.75757575757576,53.18181818181818,1252,815,546,1209,1368,1289
208,48,64.88,0.31325215782983973,28,77.20588235294117,63.84848484848485,53.21212121212121,1256,818,547,1209,1369,1289
209,57,64.97,0.3140326304448207,28,77.3529411764706,63.93939393939394,53.24242424242424,1260,821,548,1209,1370,1289
210,58,65.05,0.3147624903920061,28,77.47058823529412,64.03030303030303,53.27272727272727,1264,824,549,1209,1370,1289
211,56,65.13,0.3154905573468447,28,77.58823529411765,64.12121212121212,53.303030303030305,1268,827,550,1209,1370,1289
212,66,65.21,0.3162168379082962,28,77.70588235294117,64.21212121212122,53.333333333333336,1272,830,551,1209,1370,1289
213,61,65.29,0.3169413386429775,28,77.82352941176471,64.3030303030303,53.36363636363637,1276,833,552,1209,1370,1289
214,58,65.38,0.3176598348118691,28,77.94117647058823,64.42424242424242,53.39393939393939,1280,836,553,1209,1370,1290
215,58,65.47,0.31838552008553533,28,78.05882352941177,64.54545454545455,53.42424242424242,1284,839,554,1209,1370,1291
216,61,65.56,0.31911226357535083,28,78.17647058823529,64.66666666666667,53.45454545454545,1288,842,555,1209,1370,1292
217,61,65.65,0.31984006092916983,28,78.29411764705883,64.78787878787878,53.484848484848484,1292,845,556,1209,1370,1293
218,67,65.74,0.32057499239428056,28,78.41176470588235,64.9090909090909,53.515151515151516,1296,848,557,1209,1370,1294
219,64,65.83,0.3213109524532888,28,78.52941176470588,65.03030303030303,53.54545454545455,1300,851,558,1209,1370,1295
220,58,65.92,0.32205400485436897,28,78.6470588235294,65.15151515151516,53.57575757575758,1304,854,559,1209,1370,1296
221,64,66.01,0.3227950310559007,28,78.76470588235294,65.27272727272727,53.60606060606061,1308,857,560,1209,1370,1297
222,64,66.1,0.3235370650529501,28,78.88235294117646,65.39393939393939,53.63636363636363,1312,860,561,1209,1370,1298
223,64,66.19,0.3242770811300801,28,79.0,65.51515151515152,53.666666666666664,1316,863,562,1209,1370,1299
224,64,66.28,0.3250211225105612,28,79.11764705882354,65.63636363636364,53.696969696969695,1320,866,563,1209,1370,1300
225,58,66.37,0.32576615940937176,28,79.23529411764706,65.75757575757575,53.72727272727273,1324,869,564,1209,1370,1301
226,55,66.46,0.32650917845320493,28,79.3529411764706,65.87878787878788,53.75757575757576,1328,872,565,1209,1370,1302
227,64,66.55,0.3272531930879039,28,79.47058823529412,66.0,53.78787878787879,1332,875,566,1209,1370,1303
228,58,66.64,0.32800420168067235,28,79.58823529411765,66.12121212121212,53.81818181818182,1336,878,567,1209,1370,1304
229,55,66.73,0.3287591787801588,28,79.70588235294117,66.24242424242425,53.84848484848485,1340,881,568,1209,1370,1305
230,67,66.82,0.3295151152349595,28,79.82352941176471,66.36363636363636,53.878787878787875,1344,884,569,1209,1370,1306
231,63,66.92,0.3301793185893604,28,79.94117647058823,66.48484848484848,53.93939393939394,1348,887,571,1209,1370,1307
232,60,67.04,0.3307368735083533,28,80.05882352941177,66.63636363636364,54.03030303030303,1352,891,574,1209,1370,1308
233,69,67.16,0.3313073257891602,28,80.17647058823529,66.78787878787878,54.121212121212125,1356,895,577,1209,1370,1309
234,60,67.28,0.33189060642092744,28,80.29411764705883,66.93939393939394,54.21212121212121,1360,899,580,1209,1370,1310
235,57,67.4,0.332486646884273,28,80.41176470588235,67.0909090909091,54.303030303030305,1364,903,583,1209,1370,1311
236,66,67.52,0.3330835308056872,28,80.52941176470588,67.24242424242425,54.39393939393939,1368,907,586,1209,1370,1312
237,57,67.64,0.3336901241868716,28,80.6470588235294,67.39393939393939,54.484848484848484,1372,911,589,1209,1370,1313
238,54,67.76,0.3343152302243212,28,80.76470588235294,67.54545454545455,54.57575757575758,1376,915,592,1209,1370,1314
239,63,67.88,0.33495875073659404,28,80.88235294117646,67.6969696969697,54.666666666666664,1380,919,595,1209,1370,1315
240,54,68.0,0.3356205882352941,28,81.0,67.84848484848484,54.75757575757576,1384,923,598,1209,1370,1316
241,50,68.13,0.3363085278144723,28,81.11764705882354,68.03030303030303,54.84848484848485,1388,927,601,1209,1370,1318
242,56,68.25,0.33711794871794865,28,81.23529411764706,68.21212121212122,54.90909090909091,1392,931,603,1209,1370,1320
243,53,68.34,0.33782265144863916,28,81.3529411764706,68.33333333333333,54.93939393939394,1396,934,604,1209,1370,1321
244,48,68.45,0.3384850255661067,28,81.47058823529412,68.48484848484848,55.0,1400,938,605,1210,1370,1322
245,55,68.56,0.339156942823804,28,81.58823529411765,68.63636363636364,55.06060606060606,1404,942,606,1211,1370,1323
246,44,68.67,0.3398383573612931,28,81.70588235294117,68.78787878787878,55.121212121212125,1408,946,607,1212,1370,1324
247,42,68.75,0.34051345454545456,28,81.82352941176471,68.87878787878788,55.15151515151515,1412,949,608,1212,1370,1324
248,52,68.83,0.34118698242045625,28,81.94117647058823,68.96969696969697,55.18181818181818,1416,952,609,1212,1370,1324
249,44,68.91,0.3418589464518938,28,82.05882352941177,69.06060606060606,55.21212121212121,1420,955,610,1212,1370,1324
250,42,68.99,0.3425293520800116,28,82.17647058823529,69.15151515151516,55.24242424242424,1424,958,611,1212,1370,1324
251,52,69.07,0.3431982047198494,28,82.29411764705883,69.24242424242425,55.27272727272727,1428,961,612,1212,1370,1324
252,46,69.16,0.3439213418160787,28,82.41176470588235,69.36363636363636,55.303030303030305,1432,964,613,1212,1370,1325
253,45,69.26,0.34467224949465786,28,82.52941176470588,69.51515151515152,55.333333333333336,1436,967,614,1212,1370,1327
254,49,69.37,0.34532362692806684,28,82.6470588235294,69.66666666666667,55.39393939393939,1440,970,616,1212,1370,1329
255,50,69.48,0.3459729418537708,28,82.76470588235294,69.81818181818181,55.45454545454545,1444,974,618,1212,1370,1330
256,46,69.58,0.3465967231963208,28,82.88235294117646,69.93939393939394,55.515151515151516,1448,978,620,1212,1370,1330
257,46,69.67,0.34730730587053243,28,83.0,70.06060606060606,55.54545454545455,1452,982,621,1212,1370,1330
258,53,69.75,0.3479641577060931,28,83.11764705882354,70.15151515151516,55.57575757575758,1456,985,622,1212,1370,1330
259,57,69.83,0.34861950451095525,28,83.23529411764706,70.24242424242425,55.60606060606061,1460,988,623,1212,1370,1330
260,61,69.91,0.3492733514518667,28,83.3529411764706,70.33333333333333,55.63636363636363,1464,991,624,1212,1370,1330
261,59,69.99,0.34992570367195314,28,83.47058823529412,70.42424242424242,55.666666666666664,1468,994,625,1212,1370,1330
262,54,70.07,0.350576566290852,28,83.58823529411765,70.51515151515152,55.696969696969695,1472,997,626,1212,1370,1330
263,58,70.15,0.3512259444048468,28,83.70588235294117,70.60606060606061,55.72727272727273,1476,1000,627,1212,1370,1330
264,50,70.23,0.35187384308699987,28,83.82352941176471,70.6969696969697,55.75757575757576,1480,1003,628,1212,1370,1330
265,51,70.31,0.35252026738728487,28,83.94117647058823,70.78787878787878,55.78787878787879,1484,1006,629,1212,1370,1330
266,58,70.39,0.3531652223327177,28,84.05882352941177,70.87878787878788,55.81818181818182,1488,1009,630,1212,1370,1330
267,59,70.47,0.35380871292748695,28,84.17647058823529,70.96969696969697,55.84848484848485,1492,1012,631,1212,1370,1330
268,54,70.55,0.354450744153083,28,84.29411764705883,71.06060606060606,55.878787878787875,1496,1015,632,1212,1370,1330
269,64,70.63,0.35509132096842705,28,84.41176470588235,71.15151515151516,55.90909090909091,1500,1018,633,1212,1370,1330
270,61,70.72,0.35578337104072405,28,84.52941176470588,71.27272727272727,55.93939393939394,1504,1021,634,1212,1370,1331
271,58,70.81,0.35647366191215923,28,84.6470588235294,71.39393939393939,55.96969696969697,1508,1024,635,1212,1370,1332
272,58,70.9,0.3571622002820874,28,84.76470588235294,71.51515151515152,56.0,1512,1027,636,1212,1370,1333
273,52,70.99,0.3578489928158896,28,84.88235294117646,71.63636363636364,56.03030303030303,1516,1030,637,1212,1370,1334
274,49,71.08,0.3585340461451885,28,85.0,71.75757575757575,56.06060606060606,1520,1033,638,1212,1370,1335
275,55,71.17,0.35921736686806244,28,85.11764705882354,71.87878787878788,56.09090909090909,1524,1036,639,1212,1370,1336
276,51,71.27,0.35995369720780135,28,85.26470588235294,72.0,56.121212121212125,1529,1039,640,1212,1370,1337
277,55,71.38,0.36074530680862993,28,85.44117647058823,72.12121212121212,56.15151515151515,1535,1042,641,1212,1370,1338
278,56,71.49,0.3615344803469017,28,85.61764705882354,72.24242424242425,56.18181818181818,1541,1045,642,1212,1370,1339
279,48,71.6,0.3623240223463686,28,85.79411764705883,72.36363636363636,56.21212121212121,1547,1048,643,1212,1370,1340
280,51,71.72,0.3631483547127719,28,86.0,72.48484848484848,56.24242424242424,1554,1051,644,1212,1370,1341
281,54,71.84,0.3639755011135857,28,86.20588235294117,72.60606060606061,56.27272727272727,1561,1054,645,1212,1370,1342
282,51,71.96,0.3648026681489716,28,86.41176470588235,72.72727272727273,56.303030303030305,1568,1057,646,1212,1370,1343
283,55,72.07,0.36555154710697935,28,86.61764705882354,72.84848484848484,56.303030303030305,1575,1060,646,1212,1370,1344
284,61,72.19,0.3663734589278293,28,86.82352941176471,72.96969696969697,56.333333333333336,1582,1063,647,1212,1370,1345
285,64,72.31,0.36720094039551926,28,87.02941176470588,73.0909090909091,56.36363636363637,1589,1066,648,1212,1370,1346
286,67,72.43,0.36802567996686464,28,87.23529411764706,73.21212121212122,56.39393939393939,1596,1069,649,1212,1370,1347
287,73,72.55,0.3688476912474155,28,87.44117647058823,73.33333333333333,56.42424242424242,1603,1072,650,1212,1370,1348
288,73,72.67,0.36966698775285534,28,87.6470588235294,73.45454545454545,56.45454545454545,1610,1075,651,1212,1370,1349
289,69,72.8,0.37052472527472524,28,87.8529411764706,73.60606060606061,56.484848484848484,1617,1078,652,1212,1370,1351
290,68,72.93,0.37137940490881666,28,88.05882352941177,73.75757575757575,56.515151515151516,1624,1081,653,1212,1370,1353
291,65,73.05,0.37220123203285416,28,88.26470588235294,73.87878787878788,56.54545454545455,1631,1084,654,1212,1370,1354
292,58,73.18,0.37306094561355563,28,88.47058823529412,74.03030303030303,56.57575757575758,1638,1087,655,1212,1370,1356
293,61,73.3,0.3738772169167804,28,88.67647058823529,74.15151515151516,56.60606060606061,1645,1090,656,1212,1370,1357
294,70,73.42,0.3746581312993735,28,88.88235294117646,74.24242424242425,56.666666666666664,1652,1093,657,1213,1370,1357
295,65,73.56,0.3752746057640022,28,89.08823529411765,74.36363636363636,56.75757575757576,1659,1097,659,1214,1370,1357
296,68,73.71,0.37590150590150595,28,89.29411764705883,74.48484848484848,56.878787878787875,1666,1101,662,1215,1370,1357
297,70,73.87,0.37646541221064034,28,89.5,74.63636363636364,57.0,1673,1105,665,1216,1370,1358
298,61,74.02,0.37704404215077003,28,89.70588235294117,74.78787878787878,57.09090909090909,1680,1109,667,1217,1370,1359
299,62,74.16,0.3776995685005394,28,89.91176470588235,74.93939393939394,57.15151515151515,1687,1113,668,1218,1370,1360
300,60,74.3,0.37834993270524897,28,90.11764705882354,75.06060606060606,57.24242424242424,1694,1116,670,1219,1370,1361
301,52,74.44,0.37901128425577646,28,90.32352941176471,75.18181818181819,57.333333333333336,1701,1119,672,1220,1370,1362
302,53,74.58,0.37968624296057923,28,90.52941176470588,75.3030303030303,57.42424242424242,1708,1122,674,1221,1370,1363
303,55,74.71,0.380413599250435,28,90.73529411764706,75.42424242424242,57.484848484848484,1715,1125,675,1222,1370,1364
304,46,74.83,0.3811906989175464,28,90.94117647058823,75.51515151515152,57.54545454545455,1722,1128,676,1223,1370,1364
305,49,74.95,0.3819653102068045,28,91.1470588235294,75.60606060606061,57.60606060606061,1729,1131,677,1224,1370,1364
306,53,75.06,0.38256328270716755,28,91.29411764705883,75.72727272727273,57.666666666666664,1734,1135,678,1225,1370,1364
307,52,75.16,0.38310005321979773,28,91.41176470588235,75.84848484848484,57.72727272727273,1738,1139,679,1226,1370,1364
308,66,75.26,0.3836433696518735,28,91.52941176470588,75.96969696969697,57.78787878787879,1742,1143,680,1227,1370,1364
309,67,75.37,0.3840639511742072,28,91.6470588235294,76.0909090909091,57.878787878787875,1746,1147,681,1229,1370,1364
310,59,75.48,0.3844939056703762,28,91.76470588235294,76.21212121212122,57.96969696969697,1750,1151,682,1231,1370,1364
311,57,75.59,0.38494642148432334,28,91.88235294117646,76.33333333333333,58.06060606060606,1754,1155,683,1233,1370,1364
312,68,75.69,0.3855238472717664,28,92.0,76.45454545454545,58.121212121212125,1758,1159,684,1234,1370,1364
313,62,75.78,0.3860702032198469,28,92.11764705882354,76.57575757575758,58.15151515151515,1762,1163,685,1234,1370,1364
314,68,75.87,0.38662317121391854,28,92.23529411764706,76.6969696969697,58.18181818181818,1766,1167,686,1234,1370,1364
315,68,75.96,0.3871774618220116,28,92.3529411764706,76.81818181818181,58.21212121212121,1770,1171,687,1234,1370,1364
316,65,76.05,0.38773570019723863,28,92.47058823529412,76.93939393939394,58.24242424242424,1774,1175,688,1234,1370,1364
317,68,76.14,0.3883004990806409,28,92.58823529411765,77.06060606060606,58.27272727272727,1778,1179,689,1234,1370,1364
318,71,76.23,0.3888639643185098,28,92.70588235294117,77.18181818181819,58.303030303030305,1782,1183,690,1234,1370,1364
319,62,76.32,0.38943396226415095,28,92.82352941176471,77.3030303030303,58.333333333333336,1786,1187,691,1234,1370,1364
320,56,76.41,0.39000261745844783,28,92.94117647058823,77.42424242424242,58.36363636363637,1790,1191,692,1234,1370,1364
321,70,76.51,0.3905384917004313,28,93.05882352941177,77.57575757575758,58.39393939393939,1794,1195,693,1234,1370,1365
322,66,76.61,0.3910834094765696,28,93.17647058823529,77.72727272727273,58.42424242424242,1798,1199,694,1234,1370,1366
323,62,76.71,0.39163733541911094,28,93.29411764705883,77.87878787878788,58.45454545454545,1802,1203,695,1234,1370,1367
324,67,76.81,0.39219242286160655,28,93.41176470588235,78.03030303030303,58.484848484848484,1806,1207,696,1234,1370,1368
325,66,76.91,0.39275126771551166,28,93.52941176470588,78.18181818181819,58.515151515151516,1810,1211,697,1234,1370,1369
326,65,77.01,0.3933190494740943,28,93.6470588235294,78.33333333333333,58.54545454545455,1814,1215,698,1234,1370,1370
327,70,77.11,0.39389313967060047,28,93.76470588235294,78.48484848484848,58.57575757575758,1818,1219,699,1234,1370,1371
328,66,77.21,0.39447869446962824,28,93.88235294117646,78.63636363636364,58.60606060606061,1822,1223,700,1234,1370,1372
329,71,77.31,0.3950627344457379,28,94.0,78.78787878787878,58.63636363636363,1826,1227,701,1234,1370,1373
330,76,77.41,0.39564526546957757,28,94.11764705882354,78.93939393939394,58.666666666666664,1830,1231,702,1234,1370,1374
331,72,77.51,0.3962262933814991,28,94.23529411764706,79.0909090909091,58.696969696969695,1834,1235,703,1234,1370,1375
332,74,77.61,0.39681097796675685,28,94.3529411764706,79.24242424242425,58.72727272727273,1838,1239,704,1234,1370,1376
333,79,77.71,0.39739415776605325,28,94.47058823529412,79.39393939393939,58.75757575757576,1842,1243,705,1234,1370,1377
334,78,77.81,0.3979758385811592,28,94.58823529411765,79.54545454545455,58.78787878787879,1846,1247,706,1234,1370,1378
335,74,77.91,0.3985585932486202,28,94.70588235294117,79.6969696969697,58.81818181818182,1850,1251,707,1234,1370,1379
336,79,78.01,0.3991475451865146,28,94.82352941176471,79.84848484848484,58.84848484848485,1854,1255,708,1234,1370,1380
337,69,78.11,0.3997401101011394,28,94.94117647058823,80.0,58.878787878787875,1858,1259,709,1234,1370,1381
338,68,78.21,0.4003337169159954,28,95.05882352941177,80.15151515151516,58.90909090909091,1862,1263,710,1234,1370,1382
339,73,78.31,0.4009258076873962,28,95.17647058823529,80.3030303030303,58.93939393939394,1866,1267,711,1234,1370,1383
340,74,78.42,0.40135679673552666,28,95.29411764705883,80.45454545454545,59.0,1870,1271,712,1235,1370,1384
341,66,78.53,0.4017891251750923,28,95.41176470588235,80.60606060606061,59.06060606060606,1874,1275,713,1236,1370,1385
342,88,78.64,0.40222024415055946,28,95.52941176470588,80.75757575757575,59.121212121212125,1878,1279,714,1237,1370,1386
343,77,78.75,0.4026526984126984,28,95.6470588235294,80.9090909090909,59.18181818181818,1882,1283,715,1238,1370,1387
344,74,78.87,0.4030264993026499,28,95.76470588235294,81.0909090909091,59.24242424242424,1886,1287,716,1239,1370,1389
345,73,79.0,0.4032835443037975,28,95.88235294117646,81.3030303030303,59.303030303030305,1890,1291,717,1240,1370,1392
346,69,79.13,0.40354479969670165,28,96.0,81.51515151515152,59.36363636363637,1894,1295,718,1241,1370,1395
347,59,79.26,0.4038228614685844,28,96.11764705882354,81.72727272727273,59.42424242424242,1898,1299,719,1242,1370,1398
348,61,79.39,0.4041100894319184,28,96.23529411764706,81.93939393939394,59.484848484848484,1902,1303,720,1243,1370,1401
349,57,79.52,0.4044039235412475,28,96.3529411764706,82.15151515151516,59.54545454545455,1906,1307,721,1244,1370,1404
350,49,79.66,0.40475269897062516,28,96.47058823529412,82.39393939393939,59.60606060606061,1910,1311,722,1245,1370,1408
351,48,79.79,0.40508209048752974,28,96.58823529411765,82.60606060606061,59.666666666666664,1914,1315,723,1246,1370,1411
352,43,79.9,0.405351689612015,28,96.70588235294117,82.75757575757575,59.72727272727273,1918,1318,724,1247,1370,1413
353,37,80.02,0.4056585853536616,28,96.82352941176471,82.93939393939394,59.78787878787879,1922,1321,725,1248,1370,1416
354,40,80.11,0.40582823617525904,28,96.91176470588235,83.06060606060606,59.84848484848485,1925,1323,726,1249,1370,1418
355,34,80.2,0.406002493765586,28,97.0,83.18181818181819,59.90909090909091,1928,1325,727,1250,1370,1420
356,33,80.3,0.4062166874221668,28,97.08823529411765,83.33333333333333,59.96969696969697,1931,1327,728,1251,1370,1423
357,36,80.39,0.40652444333872373,28,97.17647058823529,83.45454545454545,60.03030303030303,1934,1329,729,1252,1370,1425
358,29,80.49,0.40689899366380916,28,97.29411764705883,83.57575757575758,60.09090909090909,1938,1331,730,1253,1370,1427
359,26,80.58,0.40742616033755275,28,97.41176470588235,83.6969696969697,60.121212121212125,1942,1333,731,1253,1370,1429
360,33,80.66,0.4078824696255889,28,97.5,83.81818181818181,60.15151515151515,1945,1335,732,1253,1370,1431
361,29,80.73,0.40828812089681654,28,97.58823529411765,83.9090909090909,60.18181818181818,1948,1337,733,1253,1370,1432
362,31,80.8,0.4086930693069307,28,97.67647058823529,84.0,60.21212121212121,1951,1339,734,1253,1370,1433
363,31,80.89,0.4089689702064532,28,97.79411764705883,84.0909090909091,60.27272727272727,1954,1341,735,1254,1371,1434
364,23,80.97,0.4091774731381993,28,97.88235294117646,84.18181818181819,60.333333333333336,1956,1343,736,1255,1372,1435
365,19,81.04,0.40931638696939787,28,97.94117647058823,84.27272727272727,60.39393939393939,1957,1345,737,1256,1373,1436
366,26,81.09,0.40958317918362314,28,97.97058823529412,84.36363636363636,60.42424242424242,1958,1347,738,1256,1373,1437
367,21,81.14,0.4098373182154301,28,98.02941176470588,84.42424242424242,60.45454545454545,1959,1349,739,1256,1374,1437
368,19,81.19,0.4100936075871413,28,98.08823529411765,84.48484848484848,60.484848484848484,1960,1351,740,1256,1375,1437
369,23,81.24,0.4103495814869522,28,98.1470588235294,84.54545454545455,60.515151515151516,1961,1353,741,1256,1376,1437
370,19,81.28,0.4105807086614173,28,98.17647058823529,84.60606060606061,60.54545454545455,1962,1355,742,1256,1376,1437
371,18,81.32,0.4108116084604033,28,98.20588235294117,84.66666666666667,60.57575757575758,1963,1357,743,1256,1376,1437
372,23,81.36,0.41104228121927233,28,98.23529411764706,84.72727272727273,60.60606060606061,1964,1359,744,1256,1376,1437
373,19,81.4,0.41127272727272723,28,98.26470588235294,84.78787878787878,60.63636363636363,1965,1361,745,1256,1376,1437
374,18,81.44,0.4115029469548134,28,98.29411764705883,84.84848484848484,60.666666666666664,1966,1363,746,1256,1376,1437
375,23,81.48,0.41173294059892,28,98.32352941176471,84.9090909090909,60.696969696969695,1967,1365,747,1256,1376,1437
376,19,81.52,0.41196270853778216,28,98.3529411764706,84.96969696969697,60.72727272727273,1968,1367,748,1256,1376,1437
377,18,81.56,0.4121922511034821,28,98.38235294117646,85.03030303030303,60.75757575757576,1969,1369,749,1256,1376,1437
378,23,81.6,0.412421568627451,28,98.41176470588235,85.0909090909091,60.78787878787879,1970,1371,750,1256,1376,1437
379,19,81.64,0.41265066144047036,28,98.44117647058823,85.15151515151516,60.81818181818182,1971,1373,751,1256,1376,1437
380,18,81.68,0.4128819784524975,28,98.47058823529412,85.21212121212122,60.84848484848485,1972,1375,752,1256,1376,1437
381,23,81.72,0.41311306901615275,28,98.5,85.27272727272727,60.878787878787875,1973,1377,753,1256,1376,1437
382,19,81.76,0.4133439334637965,28,98.52941176470588,85.33333333333333,60.90909090909091,1974,1379,754,1256,1376,1437
383,18,81.8,0.4135745721271394,28,98.55882352941177,85.39393939393939,60.93939393939394,1975,1381,755,1256,1376,1437
384,23,81.84,0.4138049853372434,28,98.58823529411765,85.45454545454545,60.96969696969697,1976,1383,756,1256,1376,1437
385,19,81.88,0.4140351734245237,28,98.61764705882354,85.51515151515152,61.0,1977,1385,757,1256,1376,1437
386,18,81.92,0.41426513671875,28,98.6470588235294,85.57575757575758,61.03030303030303,1978,1387,758,1256,1376,1437
387,23,81.96,0.41449487554904835,28,98.67647058823529,85.63636363636364,61.06060606060606,1979,1389,759,1256,1376,1437
388,19,82.0,0.4147243902439024,28,98.70588235294117,85.6969696969697,61.09090909090909,1980,1391,760,1256,1376,1437
389,18,82.04,0.41495368113115555,28,98.73529411764706,85.75757575757575,61.121212121212125,1981,1393,761,1256,1376,1437
390,23,82.08,0.41518762183235863,28,98.76470588235294,85.81818181818181,61.15151515151515,1982,1395,762,1256,1376,1437
391,19,82.12,0.4154213346322455,28,98.79411764705883,85.87878787878788,61.18181818181818,1983,1397,763,1256,1376,1437
392,18,82.16,0.41565481986368064,28,98.82352941176471,85.93939393939394,61.21212121212121,1984,1399,764,1256,1376,1437
393,23,82.2,0.41588807785888077,28,98.8529411764706,86.0,61.24242424242424,1985,1401,765,1256,1376,1437
394,19,82.24,0.41612110894941634,28,98.88235294117646,86.06060606060606,61.27272727272727,1986,1403,766,1256,1376,1437
395,18,82.28,0.4163563441905688,28,98.91176470588235,86.12121212121212,61.303030303030305,1987,1405,767,1256,1376,1437
396,23,82.32,0.4165913508260447,28,98.94117647058823,86.18181818181819,61.333333333333336,1988,1407,768,1256,1376,1437
397,19,82.36,0.41682612918892664,28,98.97058823529412,86.24242424242425,61.36363636363637,1989,1409,769,1256,1376,1437
398,18,82.4,0.4170606796116505,28,99.0,86.3030303030303,61.39393939393939,1990,1411,770,1256,1376,1437
399,23,82.44,0.4172950024260068,28,99.02941176470588,86.36363636363636,61.42424242424242,1991,1413,771,1256,1376,1437
400,19,82.48,0.4175290979631426,28,99.05882352941177,86.42424242424242,61.45454545454545,1992,1415,772,1256,1376,1437
401,18,82.52,0.41776296655356276,28,99.08823529411765,86.48484848484848,61.484848484848484,1993,1417,773,1256,1376,1437
402,23,82.56,0.417999031007752,28,99.11764705882354,86.54545454545455,61.515151515151516,1994,1419,774,1256,1376,1437
403,19,82.6,0.41823486682808714,28,99.1470588235294,86.60606060606061,61.54545454545455,1995,1421,775,1256,1376,1437
404,18,82.64,0.41847047434656337,28,99.17647058823529,86.66666666666667,61.57575757575758,1996,1423,776,1256,1376,1437
405,23,82.68,0.41870585389453313,28,99.20588235294117,86.72727272727273,61.60606060606061,1997,1425,777,1256,1376,1437
406,19,82.72,0.41894100580270793,28,99.23529411764706,86.78787878787878,61.63636363636363,1998,1427,778,1256,1376,1437
407,18,82.76,0.41917593040115997,28,99.26470588235294,86.84848484848484,61.666666666666664,1999,1429,779,1256,1376,1437
408,23,82.8,0.41941062801932366,28,99.29411764705883,86.9090909090909,61.696969696969695,2000,1431,780,1256,1376,1437
409,19,82.84,0.41964509898599706,28,99.32352941176471,86.96969696969697,61.72727272727273,2001,1433,781,1256,1376,1437
410,18,82.88,0.4198793436293436,28,99.3529411764706,87.03030303030303,61.75757575757576,2002,1435,782,1256,1376,1437
411,23,82.92,0.4201133622768934,28,99.38235294117646,87.0909090909091,61.78787878787879,2003,1437,783,1256,1376,1437
412,19,82.96,0.4203519768563163,28,99.41176470588235,87.15151515151516,61.81818181818182,2004,1439,784,1256,1376,1437
413,18,83.0,0.42059277108433735,28,99.44117647058823,87.21212121212122,61.84848484848485,2005,1441,785,1256,1376,1437
414,23,83.04,0.42083333333333334,28,99.47058823529412,87.27272727272727,61.878787878787875,2006,1443,786,1256,1376,1437
415,19,83.08,0.4210736639383727,28,99.5,87.33333333333333,61.90909090909091,2007,1445,787,1256,1376,1437
416,18,83.12,0.42131376323387876,28,99.52941176470588,87.39393939393939,61.93939393939394,2008,1447,788,1256,1376,1437
417,23,83.16,0.4215560365560366,28,99.55882352941177,87.45454545454545,61.96969696969697,2009,1449,789,1256,1376,1437
418,19,83.2,0.4217980769230769,28,99.58823529411765,87.51515151515152,62.0,2010,1451,790,1256,1376,1437
419,18,83.24,0.42203988467083137,28,99.61764705882354,87.57575757575758,62.03030303030303,2011,1453,791,1256,1376,1437
420,23,83.28,0.4222814601344861,28,99.6470588235294,87.63636363636364,62.06060606060606,2012,1455,792,1256,1376,1437
421,19,83.32,0.4225228036485838,28,99.67647058823529,87.6969696969697,62.09090909090909,2013,1457,793,1256,1376,1437
422,18,83.36,0.4227639155470249,28,99.70588235294117,87.75757575757575,62.121212121212125,2014,1459,794,1256,1376,1437
423,23,83.4,0.42300959232613905,28,99.73529411764706,87.81818181818181,62.15151515151515,2015,1461,795,1256,1376,1437
424,19,83.44,0.42325503355704697,28,99.76470588235294,87.87878787878788,62.18181818181818,2016,1463,796,1256,1376,1437
425,18,83.48,0.4235002395783421,28,99.79411764705883,87.93939393939394,62.21212121212121,2017,1465,797,1256,1376,1437
426,23,83.52,0.4237452107279694,28,99.82352941176471,88.0,62.24242424242424,2018,1467,798,1256,1376,1437
427,19,83.56,0.4239899473432264,28,99.8529411764706,88.06060606060606,62.27272727272727,2019,1469,799,1256,1376,1437
428,18,83.6,0.4242368421052632,28,99.88235294117646,88.12121212121212,62.303030303030305,2020,1471,800,1256,1376,1437
429,23,83.64,0.4244835007173601,28,99.91176470588235,88.18181818181819,62.333333333333336,2021,1473,801,1256,1376,1437
430,19,83.68,0.42472992351816446,28,99.94117647058823,88.24242424242425,62.36363636363637,2022,1475,802,1256,1376,1437
431,18,83.72,0.4249761108456761,28,99.97058823529412,88.3030303030303,62.39393939393939,2023,1477,803,1256,1376,1437
432,23,83.76,0.4252220630372493,28,100.0,88.36363636363636,62.42424242424242,2024,1479,804,1256,1376,1437
433,19,83.8,0.42546778042959427,28,100.02941176470588,88.42424242424242,62.45454545454545,2025,1481,805,1256,1376,1437
434,18,83.84,0.4257132633587786,28,100.05882352941177,88.48484848484848,62.484848484848484,2026,1483,806,1256,1376,1437
435,23,83.88,0.42595851216022884,28,100.08823529411765,88.54545454545455,62.515151515151516,2027,1485,807,1256,1376,1437
436,19,83.92,0.4262035271687321,28,100.11764705882354,88.60606060606061,62.54545454545455,2028,1487,808,1256,1376,1437
437,18,83.96,0.42644830871843736,28,100.1470588235294,88.66666666666667,62.57575757575758,2029,1489,809,1256,1376,1437
438,23,84.0,0.42669285714285715,28,100.17647058823529,88.72727272727273,62.60606060606061,2030,1491,810,1256,1376,1437
439,19,84.04,0.4269371727748691,28,100.20588235294117,88.78787878787878,62.63636363636363,2031,1493,811,1256,1376,1437
440,18,84.08,0.4271812559467174,28,100.23529411764706,88.84848484848484,62.666666666666664,2032,1495,812,1256,1376,1437
441,23,84.12,0.4274251069900143,28,100.26470588235294,88.9090909090909,62.696969696969695,2033,1497,813,1256,1376,1437
442,19,84.16,0.4276687262357414,28,100.29411764705883,88.96969696969697,62.72727272727273,2034,1499,814,1256,1376,1437
443,18,84.2,0.4279121140142518,28,100.32352941176471,89.03030303030303,62.75757575757576,2035,1501,815,1256,1376,1437
444,23,84.24,0.42815527065527065,28,100.3529411764706,89.0909090909091,62.78787878787879,2036,1503,816,1256,1376,1437
445,19,84.28,0.4283981964878975,28,100.38235294117646,89.15151515151516,62.81818181818182,2037,1505,817,1256,1376,1437
446,18,84.32,0.4286408918406072,28,100.41176470588235,89.21212121212122,62.84848484848485,2038,1507,818,1256,1376,1437
447,23,84.36,0.42888335704125174,28,100.44117647058823,89.27272727272727,62.878787878787875,2039,1509,819,1256,1376,1437
448,19,84.4,0.4291255924170616,28,100.47058823529412,89.33333333333333,62.90909090909091,2040,1511,820,1256,1376,1437
449,18,84.44,0.42936759829464705,28,100.5,89.39393939393939,62.93939393939394,2041,1513,821,1256,1376,1437
450,23,84.48,0.429609375,28,100.52941176470588,89.45454545454545,62.96969696969697,2042,1515,822,1256,1376,1437
451,19,84.52,0.429850922858495,28,100.55882352941177,89.51515151515152,63.0,2043,1517,823,1256,1376,1437
452,18,84.56,0.4300922421948912,28,100.58823529411765,89.57575757575758,63.03030303030303,2044,1519,824,1256,1376,1437
453,23,84.6,0.4303333333333333,28,100.61764705882354,89.63636363636364,63.06060606060606,2045,1521,825,1256,1376,1437
454,19,84.64,0.4305741965973535,28,100.6470588235294,89.6969696969697,63.09090909090909,2046,1523,826,1256,1376,1437
455,18,84.68,0.43081483230987244,28,100.67647058823529,89.75757575757575,63.121212121212125,2047,1525,827,1256,1376,1437
456,23,84.72,0.4310552407932011,28,100.70588235294117,89.81818181818181,63.15151515151515,2048,1527,828,1256,1376,1437
457,19,84.76,0.431295422369042,28,100.73529411764706,89.87878787878788,63.18181818181818,2049,1529,829,1256,1376,1437
458,18,84.8,0.43153537735849057,28,100.76470588235294,89.93939393939394,63.21212121212121,2050,1531,830,1256,1376,1437
459,23,84.84,0.43177510608203673,28,100.79411764705883,90.0,63.24242424242424,2051,1533,831,1256,1376,1437
460,19,84.88,0.43201460885956644,28,100.82352941176471,90.06060606060606,63.27272727272727,2052,1535,832,1256,1376,1437
461,18,84.92,0.43225388601036274,28,100.8529411764706,90.12121212121212,63.303030303030305,2053,1537,833,1256,1376,1437
462,23,84.96,0.43249293785310733,28,100.88235294117646,90.18181818181819,63.333333333333336,2054,1539,834,1256,1376,1437
463,19,85.0,0.4327317647058823,28,100.91176470588235,90.24242424242425,63.36363636363637,2055,1541,835,1256,1376,1437
464,18,85.04,0.4329703668861712,28,100.94117647058823,90.3030303030303,63.39393939393939,2056,1543,836,1256,1376,1437
465,23,85.08,0.43320874471086035,28,100.97058823529412,90.36363636363636,63.42424242424242,2057,1545,837,1256,1376,1437
466,19,85.12,0.43344689849624063,28,101.0,90.42424242424242,63.45454545454545,2058,1547,838,1256,1376,1437
467,18,85.16,0.43368482855800844,28,101.02941176470588,90.48484848484848,63.484848484848484,2059,1549,839,1256,1376,1437
468,23,85.2,0.4339225352112676,28,101.05882352941177,90.54545454545455,63.515151515151516,2060,1551,840,1256,1376,1437
469,19,85.24,0.4341600187705303,28,101.08823529411765,90.60606060606061,63.54545454545455,2061,1553,841,1256,1376,1437
470,18,85.28,0.4343996247654784,28,101.11764705882354,90.66666666666667,63.57575757575758,2062,1555,842,1256,1376,1437
471,23,85.32,0.4346390060947023,28,101.1470588235294,90.72727272727273,63.60606060606061,2063,1557,843,1256,1376,1437
472,19,85.36,0.43487816307403937,28,101.17647058823529,90.78787878787878,63.63636363636363,2064,1559,844,1256,1376,1437
473,18,85.4,0.4351170960187353,28,101.20588235294117,90.84848484848484,63.666666666666664,2065,1561,845,1256,1376,1437
474,23,85.44,0.4353558052434457,28,101.23529411764706,90.9090909090909,63.696969696969695,2066,1563,846,1256,1376,1437
475,25,85.48,0.43559429106223674,28,101.26470588235294,90.96969696969697,63.72727272727273,2067,1565,847,1256,1376,1437
476,29,85.53,0.4358692856307728,28,101.29411764705883,91.03030303030303,63.78787878787879,2068,1567,849,1256,1376,1437
477,39,85.58,0.4361439588688946,28,101.32352941176471,91.0909090909091,63.84848484848485,2069,1569,851,1256,1376,1437
478,37,85.63,0.4364183113394838,28,101.3529411764706,91.15151515151516,63.90909090909091,2070,1571,853,1256,1376,1437
479,38,85.68,0.43669467787114846,28,101.38235294117646,91.21212121212122,63.96969696969697,2071,1573,855,1256,1376,1437
480,42,85.73,0.43697538784556167,28,101.41176470588235,91.27272727272727,64.03030303030303,2072,1575,857,1256,1376,1437
481,52,85.78,0.4372557705758918,28,101.44117647058823,91.33333333333333,64.0909090909091,2073,1577,859,1256,1376,1437
482,50,85.83,0.437535826634044,28,101.47058823529412,91.39393939393939,64.15151515151516,2074,1579,861,1256,1376,1437
483,48,85.88,0.4378155565905915,28,101.5,91.45454545454545,64.21212121212122,2075,1581,863,1256,1376,1437
484,46,85.93,0.43809496101477946,28,101.52941176470588,91.51515151515152,64.27272727272727,2076,1583,865,1256,1376,1437
485,50,85.98,0.438376366596883,28,101.55882352941177,91.57575757575758,64.33333333333333,2077,1585,867,1256,1376,1437
486,57,86.03,0.43865744507729865,28,101.58823529411765,91.63636363636364,64.39393939393939,2078,1587,869,1256,1376,1437
487,55,86.08,0.43893819702602227,28,101.61764705882354,91.6969696969697,64.45454545454545,2079,1589,871,1256,1376,1437
488,50,86.13,0.43921862301172643,28,101.6470588235294,91.75757575757575,64.51515151515152,2080,1591,873,1256,1376,1437
489,45,86.18,0.4394987236017638,28,101.67647058823529,91.81818181818181,64.57575757575758,2081,1593,875,1256,1376,1437
490,55,86.23,0.4397784993621709,28,101.70588235294117,91.87878787878788,64.63636363636364,2082,1595,877,1256,1376,1437
491,56,86.28,0.44006026889197963,28,101.73529411764706,91.93939393939394,64.6969696969697,2083,1597,879,1256,1376,1437
492,54,86.33,0.4403417120352138,28,101.76470588235294,92.0,64.75757575757575,2084,1599,881,1256,1376,1437
493,49,86.38,0.4406251447094235,28,101.79411764705883,92.06060606060606,64.81818181818181,2085,1601,883,1256,1376,1437
494,47,86.43,0.4409082494504223,28,101.82352941176471,92.12121212121212,64.87878787878788,2086,1603,885,1256,1376,1437
495,60,86.48,0.44119102682701206,28,101.8529411764706,92.18181818181819,64.93939393939394,2087,1605,887,1256,1376,1437
496,61,86.53,0.44147347740667975,28,101.88235294117646,92.24242424242425,65.0,2088,1607,889,1256,1376,1437
497,59,86.58,0.4417556017556018,28,101.91176470588235,92.3030303030303,65.06060606060606,2089,1609,891,1256,1376,1437
498,60,86.63,0.4420397091076994,28,101.94117647058823,92.36363636363636,65.12121212121212,2090,1611,893,1256,1376,1437
499,61,86.68,0.4423234886940471,28,101.97058823529412,92.42424242424242,65.18181818181819,2091,1613,895,1256,1376,1437
500,65,86.73,0.4426069410815173,28,102.0,92.48484848484848,65.24242424242425,2092,1615,897,1256,1376,1437
501,62,86.79,0.4427917962898952,28,102.05882352941177,92.54545454545455,65.3030303030303,2093,1617,899,1256,1377,1437
502,55,86.86,0.4428344462353212,28,102.1470588235294,92.60606060606061,65.36363636363636,2094,1619,901,1256,1379,1437
503,54,86.93,0.44287932819509945,28,102.23529411764706,92.66666666666667,65.42424242424242,2095,1621,903,1256,1381,1437
504,56,87.0,0.44293103448275867,28,102.32352941176471,92.72727272727273,65.48484848484848,2096,1623,905,1256,1383,1437
505,52,87.07,0.4429849546342024,28,102.41176470588235,92.78787878787878,65.54545454545455,2097,1625,907,1256,1385,1437
506,45,87.14,0.44304567362864355,28,102.5,92.84848484848484,65.60606060606061,2098,1627,909,1256,1387,1437
507,44,87.21,0.44311088177961244,28,102.58823529411765,92.9090909090909,65.66666666666667,2099,1629,911,1256,1389,1437
508,43,87.28,0.4431805682859762,28,102.67647058823529,92.96969696969697,65.72727272727273,2100,1631,913,1256,1391,1437
509,36,87.35,0.44325472238122493,28,102.76470588235294,93.03030303030303,65.78787878787878,2101,1633,915,1256,1393,1437
510,38,87.42,0.44333562113932734,28,102.8529411764706,93.0909090909091,65.84848484848484,2102,1635,917,1256,1395,1437
511,37,87.49,0.4434186764201623,28,102.94117647058823,93.15151515151516,65.9090909090909,2103,1637,919,1256,1397,1437
512,33,87.56,0.44351987208771126,28,103.02941176470588,93.21212121212122,65.96969696969697,2104,1639,921,1256,1399,1437
513,36,87.62,0.44356996119607395,28,103.08823529411765,93.27272727272727,66.03030303030303,2104,1641,923,1256,1401,1437
514,38,87.69,0.44368457064659594,28,103.17647058823529,93.33333333333333,66.0909090909091,2105,1643,925,1256,1403,1437
515,34,87.76,0.44380583409298086,28,103.26470588235294,93.39393939393939,66.15151515151516,2106,1645,927,1256,1405,1437
516,42,87.83,0.44393145849937377,28,103.3529411764706,93.45454545454545,66.21212121212122,2107,1647,929,1256,1407,1437
517,41,87.9,0.444061433447099,28,103.44117647058823,93.51515151515152,66.27272727272727,2108,1649,931,1256,1409,1437
518,38,87.96,0.4441450659390632,28,103.5,93.57575757575758,66.33333333333333,2108,1651,933,1256,1411,1437
519,36,88.01,0.4441688444494944,28,103.55882352941177,93.63636363636364,66.36363636363636,2108,1653,934,1256,1413,1437
520,34,88.06,0.44419940949352715,28,103.61764705882354,93.6969696969697,66.39393939393939,2108,1655,935,1256,1415,1437
521,35,88.11,0.44422993984791737,28,103.67647058823529,93.75757575757575,66.42424242424242,2108,1657,936,1256,1417,1437
522,32,88.17,0.44432233185890896,28,103.73529411764706,93.81818181818181,66.48484848484848,2108,1659,938,1256,1419,1437
523,38,88.23,0.4444145982092259,28,103.79411764705883,93.87878787878788,66.54545454545455,2108,1661,940,1256,1421,1437
524,43,88.3,0.444563986409966,28,103.88235294117646,93.93939393939394,66.60606060606061,2109,1663,942,1256,1423,1437
525,45,88.37,0.44471313794274075,28,103.97058823529412,94.0,66.66666666666667,2110,1665,944,1256,1425,1437
526,41,88.44,0.44486205336951606,28,104.05882352941177,94.06060606060606,66.72727272727273,2111,1667,946,1256,1427,1437
527,43,88.51,0.4450152525138402,28,104.1470588235294,94.12121212121212,66.78787878787878,2112,1669,948,1256,1429,1437
528,51,88.58,0.4451749830661549,28,104.23529411764706,94.18181818181819,66.84848484848484,2113,1671,950,1256,1431,1437
529,47,88.65,0.44533897349125773,28,104.32352941176471,94.24242424242425,66.9090909090909,2114,1673,952,1256,1433,1437
530,46,88.72,0.4455049594229035,28,104.41176470588235,94.3030303030303,66.96969696969697,2115,1675,954,1256,1435,1437
531,45,88.79,0.4456729361414574,28,104.5,94.36363636363636,67.03030303030303,2116,1677,956,1256,1437,1437
532,41,88.86,0.4458451496736439,28,104.58823529411765,94.42424242424242,67.0909090909091,2117,1679,958,1256,1439,1437
533,40,88.93,0.4460215900146182,28,104.67647058823529,94.48484848484848,67.15151515151516,2118,1681,960,1256,1441,1437
534,42,89.0,0.44620224719101126,28,104.76470588235294,94.54545454545455,67.21212121212122,2119,1683,962,1256,1443,1437
535,41,89.07,0.4463893566857528,28,104.8529411764706,94.60606060606061,67.27272727272727,2120,1685,964,1256,1445,1437
536,37,89.14,0.4465806596365268,28,104.94117647058823,94.66666666666667,67.33333333333333,2121,1687,966,1256,1447,1437
537,36,89.21,0.4467716623696895,28,105.02941176470588,94.72727272727273,67.39393939393939,2122,1689,968,1256,1449,1437
538,35,89.28,0.446964605734767,28,105.11764705882354,94.78787878787878,67.45454545454545,2123,1691,970,1256,1451,1437
539,38,89.34,0.4471032012536378,28,105.20588235294117,94.84848484848484,67.48484848484848,2124,1693,971,1256,1453,1437
540,41,89.4,0.4472438478747203,28,105.29411764705883,94.9090909090909,67.51515151515152,2125,1695,972,1256,1455,1437
541,46,89.47,0.447451659774226,28,105.38235294117646,94.96969696969697,67.57575757575758,2126,1697,974,1256,1457,1437
542,39,89.54,0.44766138038865316,28,105.47058823529412,95.03030303030303,67.63636363636364,2127,1699,976,1256,1459,1437
543,44,89.61,0.44787746903247405,28,105.55882352941177,95.0909090909091,67.6969696969697,2128,1701,978,1256,1461,1437
544,51,89.69,0.4480978927416658,28,105.67647058823529,95.15151515151516,67.75757575757575,2130,1703,980,1256,1463,1437
545,45,89.78,0.44804188015148144,28,105.82352941176471,95.24242424242425,67.78787878787878,2132,1705,981,1256,1466,1438
546,39,89.87,0.44799933236897743,28,105.97058823529412,95.33333333333333,67.81818181818181,2134,1707,982,1256,1469,1439
547,34,89.95,0.44796998332406895,28,106.08823529411765,95.42424242424242,67.84848484848484,2135,1709,983,1256,1472,1440
548,37,90.01,0.44814242861904235,28,106.17647058823529,95.48484848484848,67.87878787878788,2136,1711,984,1256,1474,1440
549,40,90.07,0.44833240812701236,28,106.26470588235294,95.54545454545455,67.9090909090909,2137,1713,985,1256,1476,1440
550,40,90.13,0.4485243537113059,28,106.3529411764706,95.60606060606061,67.93939393939394,2138,1715,986,1256,1478,1440
551,37,90.19,0.4487249140702961,28,106.44117647058823,95.66666666666667,67.96969696969697,2139,1717,987,1256,1480,1440
552,33,90.26,0.44899180146244183,28,106.52941176470588,95.72727272727273,68.03030303030303,2140,1719,989,1256,1482,1440
553,29,90.33,0.44926048931694895,28,106.61764705882354,95.78787878787878,68.0909090909091,2141,1721,991,1256,1484,1440
554,28,90.4,0.4495353982300885,28,106.70588235294117,95.84848484848484,68.15151515151516,2142,1723,993,1256,1486,1440
555,33,90.47,0.44982093511661325,28,106.79411764705883,95.9090909090909,68.21212121212122,2143,1725,995,1256,1488,1440
556,38,90.54,0.4501082394521758,28,106.88235294117646,95.96969696969697,68.27272727272727,2144,1727,997,1256,1490,1440
557,38,90.6,0.45034878587196464,28,106.94117647058823,96.03030303030303,68.33333333333333,2144,1729,999,1256,1492,1440
558,40,90.67,0.45064188816587625,28,107.02941176470588,96.0909090909091,68.39393939393939,2145,1731,1001,1256,1494,1440
559,54,90.74,0.4509345382411285,28,107.11764705882354,96.15151515151516,68.45454545454545,2146,1733,1003,1256,1496,1440
560,47,90.81,0.45122673714348643,28,107.20588235294117,96.21212121212122,68.51515151515152,2147,1735,1005,1256,1498,1440
561,40,90.88,0.45152068661971834,28,107.29411764705883,96.27272727272727,68.57575757575758,2148,1737,1007,1256,1500,1440
562,48,90.95,0.45181418361737213,28,107.38235294117646,96.33333333333333,68.63636363636364,2149,1739,1009,1256,1502,1440
563,44,91.02,0.4521072291803999,28,107.47058823529412,96.39393939393939,68.6969696969697,2150,1741,1011,1256,1504,1440
564,40,91.09,0.45240421561093425,28,107.55882352941177,96.45454545454545,68.75757575757575,2151,1743,1013,1256,1506,1440
565,45,91.16,0.45270732777534006,28,107.6470588235294,96.51515151515152,68.81818181818181,2152,1745,1015,1256,1508,1440
566,47,91.23,0.4530121670503124,28,107.73529411764706,96.57575757575758,68.87878787878788,2153,1747,1017,1256,1510,1440
567,43,91.3,0.45331653888280393,28,107.82352941176471,96.63636363636364,68.93939393939394,2154,1749,1019,1256,1512,1440
568,57,91.37,0.4536204443471599,28,107.91176470588235,96.6969696969697,69.0,2155,1751,1021,1256,1514,1440
569,56,91.44,0.4539238845144357,28,108.0,96.75757575757575,69.06060606060606,2156,1753,1023,1256,1516,1440
570,49,91.51,0.45423123155939243,28,108.08823529411765,96.81818181818181,69.12121212121212,2157,1755,1025,1256,1518,1440
571,54,91.58,0.4545381087573706,28,108.17647058823529,96.87878787878788,69.18181818181819,2158,1757,1027,1256,1520,1440
572,50,91.65,0.4548466993998909,28,108.26470588235294,96.93939393939394,69.24242424242425,2159,1759,1029,1256,1522,1440
573,42,91.73,0.45501471710454594,28,108.38235294117646,97.0,69.3030303030303,2160,1761,1031,1256,1525,1440
574,46,91.81,0.45518679882365753,28,108.5,97.06060606060606,69.36363636363636,2161,1763,1033,1256,1528,1440
575,47,91.89,0.45535858091195996,28,108.61764705882354,97.12121212121212,69.42424242424242,2162,1765,1035,1256,1531,1440
576,42,91.97,0.45553223877351307,28,108.73529411764706,97.18181818181819,69.48484848484848,2163,1767,1037,1256,1534,1440
577,47,92.04,0.4556540634506736,28,108.82352941176471,97.24242424242425,69.54545454545455,2163,1769,1039,1256,1537,1440
578,46,92.11,0.45577570296384756,28,108.91176470588235,97.3030303030303,69.60606060606061,2163,1771,1041,1256,1540,1440
579,41,92.19,0.45595075387786094,28,109.02941176470588,97.36363636363636,69.66666666666667,2164,1773,1043,1256,1543,1440
580,45,92.27,0.45612550124634227,28,109.1470588235294,97.42424242424242,69.72727272727273,2165,1775,1045,1256,1546,1440
581,43,92.35,0.4563021115322144,28,109.26470588235294,97.48484848484848,69.78787878787878,2166,1777,1047,1256,1549,1440
582,47,92.43,0.45648274369793357,28,109.38235294117646,97.54545454545455,69.84848484848484,2167,1779,1049,1256,1552,1440
583,42,92.51,0.45666306345259966,28,109.5,97.60606060606061,69.9090909090909,2168,1781,1051,1256,1555,1440
584,34,92.59,0.45684739172696837,28,109.61764705882354,97.66666666666667,69.96969696969697,2169,1783,1053,1256,1558,1440
585,34,92.68,0.4569874838152784,28,109.73529411764706,97.72727272727273,70.06060606060606,2170,1785,1055,1257,1561,1440
586,28,92.77,0.4571294599547267,28,109.8529411764706,97.78787878787878,70.15151515151516,2171,1787,1057,1258,1564,1440
587,28,92.86,0.45727977600689207,28,109.97058823529412,97.84848484848484,70.24242424242425,2172,1789,1059,1259,1567,1440
588,28,92.95,0.4574362560516407,28,110.08823529411765,97.9090909090909,70.33333333333333,2173,1791,1061,1260,1570,1440
589,30,93.02,0.45758116534078697,28,110.20588235294117,97.96969696969697,70.36363636363636,2174,1793,1062,1260,1573,1440
590,34,93.1,0.457765843179377,28,110.32352941176471,98.03030303030303,70.42424242424242,2175,1795,1064,1260,1576,1440
591,35,93.18,0.4579523502897617,28,110.44117647058823,98.0909090909091,70.48484848484848,2176,1797,1066,1260,1579,1440
592,36,93.26,0.45814282650654087,28,110.55882352941177,98.15151515151516,70.54545454545455,2177,1799,1068,1260,1582,1440
593,36,93.35,0.45831065881092664,28,110.67647058823529,98.21212121212122,70.63636363636364,2178,1801,1070,1261,1585,1440
594,30,93.44,0.458482448630137,28,110.79411764705883,98.27272727272727,70.72727272727273,2179,1803,1072,1262,1588,1440
595,32,93.51,0.45865148112501336,28,110.88235294117646,98.33333333333333,70.78787878787878,2180,1805,1074,1262,1590,1440
596,40,93.58,0.4588223979482795,28,110.97058823529412,98.39393939393939,70.84848484848484,2181,1807,1076,1262,1592,1440
597,40,93.64,0.4589555745407945,28,111.05882352941177,98.45454545454545,70.87878787878788,2182,1809,1077,1262,1594,1440
598,41,93.72,0.4591186513017499,28,111.1470588235294,98.51515151515152,70.96969696969697,2183,1811,1079,1263,1596,1440
599,41,93.81,0.4592207653768255,28,111.23529411764706,98.60606060606061,71.06060606060606,2184,1814,1081,1264,1598,1440
600,38,93.9,0.45933546325878594,28,111.32352941176471,98.6969696969697,71.15151515151516,2185,1817,1083,1265,1600,1440
601,39,93.98,0.4594296658863588,28,111.41176470588235,98.78787878787878,71.21212121212122,2186,1820,1084,1266,1602,1440
602,40,94.06,0.4595768658303211,28,111.5,98.87878787878788,71.27272727272727,2187,1823,1086,1266,1604,1440
603,41,94.14,0.4597323135755258,28,111.58823529411765,98.96969696969697,71.33333333333333,2188,1826,1088,1266,1606,1440
604,40,94.21,0.459837596858083,28,111.67647058823529,99.06060606060606,71.36363636363636,2189,1829,1089,1266,1608,1440
605,38,94.29,0.46000530278926716,28,111.76470588235294,99.15151515151516,71.42424242424242,2190,1832,1091,1266,1610,1440
606,43,94.36,0.46013988978380665,28,111.8529411764706,99.24242424242425,71.45454545454545,2191,1835,1092,1266,1612,1440
607,38,94.44,0.46032825074121136,28,111.94117647058823,99.33333333333333,71.51515151515152,2192,1838,1094,1266,1614,1440
608,40,94.51,0.4604645011109935,28,112.02941176470588,99.42424242424242,71.54545454545455,2193,1841,1095,1266,1616,1440
609,41,94.59,0.4606692039327624,28,112.11764705882354,99.51515151515152,71.60606060606061,2194,1844,1097,1266,1618,1440
610,40,94.66,0.4608366786393408,28,112.20588235294117,99.60606060606061,71.63636363636364,2195,1847,1098,1266,1620,1440
611,38,94.74,0.4610449651678277,28,112.29411764705883,99.6969696969697,71.6969696969697,2196,1850,1100,1266,1622,1440
612,40,94.81,0.46120135006855817,28,112.38235294117646,99.78787878787878,71.72727272727273,2197,1853,1101,1266,1624,1440
613,38,94.89,0.4614174307092423,28,112.47058823529412,99.87878787878788,71.78787878787878,2198,1856,1103,1266,1626,1440
614,40,94.96,0.4615964616680708,28,112.55882352941177,99.96969696969697,71.81818181818181,2199,1859,1104,1266,1628,1440
615,38,95.04,0.4618287037037037,28,112.6470588235294,100.06060606060606,71.87878787878788,2200,1862,1106,1266,1630,1440
616,40,95.11,0.46201135527284193,28,112.73529411764706,100.15151515151516,71.9090909090909,2201,1865,1107,1266,1632,1440
617,38,95.19,0.4622638932660994,28,112.82352941176471,100.24242424242425,71.96969696969697,2202,1868,1109,1266,1634,1440
618,40,95.26,0.4624858282595003,28,112.91176470588235,100.33333333333333,72.0,2203,1871,1110,1266,1636,1440
619,38,95.34,0.4627480595762534,28,113.0,100.42424242424242,72.06060606060606,2204,1874,1112,1266,1638,1440
620,43,95.41,0.4629588093491248,28,113.08823529411765,100.51515151515152,72.0909090909091,2205,1877,1113,1266,1640,1440
621,46,95.5,0.4632753926701571,28,113.20588235294117,100.60606060606061,72.15151515151516,2207,1880,1115,1266,1642,1440
622,48,95.6,0.4634644351464435,28,113.3529411764706,100.72727272727273,72.18181818181819,2210,1884,1116,1266,1644,1440
623,46,95.71,0.4636976282520113,28,113.5,100.84848484848484,72.24242424242425,2213,1888,1118,1266,1646,1440
624,45,95.81,0.46387746581776435,28,113.6470588235294,100.96969696969697,72.27272727272727,2216,1892,1119,1266,1648,1440
625,46,95.92,0.463917848206839,28,113.79411764705883,101.0909090909091,72.33333333333333,2219,1896,1120,1267,1650,1440
626,48,96.02,0.46392001666319516,28,113.94117647058823,101.21212121212122,72.36363636363636,2222,1900,1120,1268,1652,1440
627,46,96.13,0.46396026214501196,28,114.08823529411765,101.33333333333333,72.42424242424242,2225,1904,1121,1269,1654,1440
628,47,96.24,0.46400249376558605,28,114.23529411764706,101.45454545454545,72.48484848484848,2228,1908,1122,1270,1656,1440
629,45,96.35,0.4640487804878049,28,114.38235294117646,101.57575757575758,72.54545454545455,2231,1912,1123,1271,1658,1440
630,40,96.46,0.4640991084387311,28,114.52941176470588,101.6969696969697,72.60606060606061,2234,1916,1124,1272,1660,1440
631,38,96.57,0.46415553484519,28,114.67647058823529,101.81818181818181,72.66666666666667,2237,1920,1125,1273,1662,1440
632,36,96.68,0.46421597021100536,28,114.82352941176471,101.93939393939394,72.72727272727273,2240,1924,1126,1274,1664,1440
633,36,96.77,0.46437842306499943,28,114.97058823529412,102.06060606060606,72.72727272727273,2243,1928,1126,1274,1666,1440
634,35,96.87,0.4645783008155259,28,115.11764705882354,102.18181818181819,72.75757575757575,2246,1932,1127,1274,1668,1440
635,38,96.96,0.46474216171617166,28,115.23529411764706,102.3030303030303,72.78787878787878,2249,1936,1128,1274,1669,1440
636,35,97.05,0.4649077794951056,28,115.3529411764706,102.42424242424242,72.81818181818181,2252,1940,1129,1274,1670,1440
637,35,97.14,0.4650730903850113,28,115.47058823529412,102.54545454545455,72.84848484848484,2255,1944,1130,1274,1671,1440
638,35,97.23,0.4652401522163941,28,115.58823529411765,102.66666666666667,72.87878787878788,2258,1948,1131,1274,1672,1440
639,32,97.32,0.46540690505548704,28,115.70588235294117,102.78787878787878,72.9090909090909,2261,1952,1132,1274,1673,1440
640,33,97.4,0.46553798767967147,28,115.82352941176471,102.9090909090909,72.9090909090909,2264,1956,1132,1274,1674,1440
641,36,97.49,0.4657062262796184,28,115.94117647058823,103.03030303030303,72.93939393939394,2267,1960,1133,1274,1675,1440
642,33,97.58,0.4658762041401927,28,116.05882352941177,103.15151515151516,72.96969696969697,2270,1964,1134,1274,1676,1440
643,33,97.67,0.46604791645336335,28,116.17647058823529,103.27272727272727,73.0,2273,1968,1135,1274,1677,1440
644,43,97.75,0.46619028132992324,28,116.29411764705883,103.39393939393939,73.0,2276,1972,1135,1274,1678,1440
645,45,97.85,0.46641900868676545,28,116.41176470588235,103.51515151515152,73.06060606060606,2279,1976,1137,1274,1679,1440
646,47,97.95,0.4666472690148035,28,116.52941176470588,103.63636363636364,73.12121212121212,2282,1980,1139,1274,1680,1440
647,51,98.06,0.46681011625535385,28,116.6470588235294,103.75757575757575,73.21212121212122,2285,1984,1141,1275,1681,1440
648,52,98.17,0.4669705612712642,28,116.76470588235294,103.84848484848484,73.33333333333333,2288,1987,1143,1277,1682,1440
649,60,98.3,0.46702136317395726,28,116.91176470588235,103.93939393939394,73.48484848484848,2291,1990,1146,1279,1684,1440
650,67,98.44,0.46702153596099144,28,117.02941176470588,104.06060606060606,73.66666666666667,2293,1994,1149,1282,1686,1440
651,67,98.59,0.46685566487473373,28,117.17647058823529,104.21212121212122,73.81818181818181,2296,1999,1151,1285,1688,1440
652,64,98.74,0.4667085274458173,28,117.29411764705883,104.36363636363636,74.0,2298,2004,1154,1288,1690,1440
653,61,98.89,0.4665719486297907,28,117.41176470588235,104.51515151515152,74.18181818181819,2300,2009,1157,1291,1692,1440
654,56,99.03,0.46657073614056344,28,117.52941176470588,104.63636363636364,74.36363636363636,2302,2013,1160,1294,1694,1440
655,55,99.16,0.4666034691407826,28,117.6470588235294,104.75757575757575,74.51515151515152,2304,2017,1163,1296,1696,1440
656,55,99.28,0.4666498791297341,28,117.76470588235294,104.87878787878788,74.63636363636364,2306,2021,1166,1297,1698,1440
657,52,99.4,0.4667022132796781,28,117.88235294117646,105.0,74.75757575757575,2308,2025,1169,1298,1700,1440
658,52,99.52,0.46675844051446946,28,118.0,105.12121212121212,74.87878787878788,2310,2029,1172,1299,1702,1440
659,52,99.64,0.46682055399437977,28,118.11764705882354,105.24242424242425,75.0,2312,2033,1175,1300,1704,1440
660,50,99.75,0.4668461152882205,28,118.23529411764706,105.36363636363636,75.0909090909091,2314,2037,1177,1301,1706,1440
661,48,99.86,0.46687362307230124,28,118.3529411764706,105.48484848484848,75.18181818181819,2316,2041,1179,1302,1708,1440
662,49,99.97,0.4669030709212764,28,118.47058823529412,105.60606060606061,75.27272727272727,2318,2045,1181,1303,1710,1440
663,50,100.08,0.4669324540367706,28,118.58823529411765,105.72727272727273,75.36363636363636,2320,2049,1183,1304,1712,1440
664,48,100.19,0.4669637688392055,28,118.70588235294117,105.84848484848484,75.45454545454545,2322,2053,1185,1305,1714,1440
665,46,100.3,0.4669970089730808,28,118.82352941176471,105.96969696969697,75.54545454545455,2324,2057,1187,1306,1716,1440
666,44,100.41,0.4670341599442287,28,118.94117647058823,106.0909090909091,75.63636363636364,2326,2061,1189,1307,1718,1440
667,42,100.52,0.4670732192598488,28,119.05882352941177,106.21212121212122,75.72727272727273,2328,2065,1191,1308,1720,1440
668,40,100.63,0.4671161681407135,28,119.17647058823529,106.33333333333333,75.81818181818181,2330,2069,1193,1309,1722,1440
669,40,100.72,0.46708895949166007,28,119.26470588235294,106.42424242424242,75.9090909090909,2332,2072,1195,1310,1723,1440
670,43,100.81,0.4670657672849916,28,119.3529411764706,106.51515151515152,76.0,2334,2075,1197,1311,1724,1440
671,42,100.91,0.4670984045188782,28,119.44117647058823,106.63636363636364,76.0909090909091,2336,2079,1199,1312,1725,1440
672,41,101.01,0.4671369171369172,28,119.52941176470588,106.75757575757575,76.18181818181819,2338,2083,1201,1313,1726,1440
673,40,101.11,0.4671832657501731,28,119.61764705882354,106.87878787878788,76.27272727272727,2340,2087,1203,1314,1727,1440
674,40,101.2,0.46717786561264824,28,119.70588235294117,106.96969696969697,76.36363636363636,2342,2090,1205,1315,1728,1440
675,42,101.3,0.46723000987166835,28,119.79411764705883,107.0909090909091,76.45454545454545,2344,2094,1207,1316,1729,1440
676,41,101.4,0.4672859960552268,28,119.88235294117646,107.21212121212122,76.54545454545455,2346,2098,1209,1317,1730,1440
677,40,101.5,0.46734975369458126,28,119.97058823529412,107.33333333333333,76.63636363636364,2348,2102,1211,1318,1731,1440
678,40,101.59,0.4673658824687469,28,120.05882352941177,107.42424242424242,76.72727272727273,2350,2105,1213,1319,1732,1440
679,40,101.68,0.4673859166011015,28,120.1470588235294,107.51515151515152,76.81818181818181,2352,2108,1215,1320,1733,1440
680,42,101.78,0.467463155826292,28,120.23529411764706,107.63636363636364,76.9090909090909,2354,2112,1217,1321,1734,1440
681,41,101.88,0.46754613270514334,28,120.32352941176471,107.75757575757575,77.0,2356,2116,1219,1322,1735,1440
682,40,101.98,0.46763679152775056,28,120.41176470588235,107.87878787878788,77.0909090909091,2358,2120,1221,1323,1736,1440
683,40,102.07,0.4676800235132752,28,120.5,107.96969696969697,77.18181818181819,2360,2123,1223,1324,1737,1440
684,40,102.16,0.4677310101801096,28,120.58823529411765,108.06060606060606,77.27272727272727,2362,2126,1225,1325,1738,1440
685,37,102.25,0.4677877750611247,28,120.67647058823529,108.15151515151516,77.36363636363636,2364,2129,1227,1326,1739,1440
686,34,102.34,0.4678483486417823,28,120.76470588235294,108.24242424242425,77.45454545454545,2366,2132,1229,1327,1740,1440
687,34,102.43,0.46791076832959094,28,120.8529411764706,108.33333333333333,77.54545454545455,2368,2135,1231,1328,1741,1440
688,30,102.53,0.46799863454598656,28,120.97058823529412,108.42424242424242,77.63636363636364,2370,2138,1233,1329,1743,1440
689,34,102.61,0.4680469739791443,28,121.02941176470588,108.51515151515152,77.72727272727273,2372,2141,1235,1330,1743,1440
690,40,102.7,0.4682882181110029,28,121.11764705882354,108.63636363636364,77.78787878787878,2374,2145,1237,1330,1744,1440
691,39,102.8,0.4684377431906615,28,121.20588235294117,108.75757575757575,77.87878787878788,2376,2149,1239,1331,1745,1440
692,38,102.9,0.4685947521865889,28,121.29411764705883,108.87878787878788,77.96969696969697,2378,2153,1241,1332,1746,1440
693,44,102.99,0.46871055442275944,28,121.38235294117646,108.96969696969697,78.06060606060606,2380,2156,1243,1333,1747,1440
694,40,103.09,0.46888058977592395,28,121.47058823529412,109.0909090909091,78.15151515151516,2382,2160,1245,1334,1748,1440
695,39,103.19,0.4690599864327939,28,121.55882352941177,109.21212121212122,78.24242424242425,2384,2164,1247,1335,1749,1440
696,41,103.29,0.46925258979572076,28,121.6470588235294,109.33333333333333,78.33333333333333,2386,2168,1249,1336,1750,1440
697,44,103.38,0.4694002708454246,28,121.73529411764706,109.42424242424242,78.42424242424242,2388,2171,1251,1337,1751,1440
698,48,103.49,0.46957870325635326,28,121.82352941176471,109.54545454545455,78.54545454545455,2390,2175,1254,1338,1752,1440
699,55,103.6,0.4697644787644788,28,121.91176470588235,109.66666666666667,78.66666666666667,2392,2179,1257,1339,1753,1440
700,56,103.71,0.46995757400443544,28,122.0,109.78787878787878,78.78787878787878,2394,2183,1260,1340,1754,1440
701,59,103.83,0.4700828276991236,28,122.08823529411765,109.9090909090909,78.93939393939394,2396,2187,1263,1342,1755,1440
702,56,103.95,0.47021356421356425,28,122.17647058823529,110.03030303030303,79.0909090909091,2398,2191,1266,1344,1756,1440
703,65,104.07,0.47034976458153166,28,122.26470588235294,110.15151515151516,79.24242424242425,2400,2195,1269,1346,1757,1440
704,64,104.2,0.47039539347408826,28,122.3529411764706,110.3030303030303,79.39393939393939,2402,2199,1272,1348,1758,1441
705,60,104.33,0.4704524106201476,28,122.44117647058823,110.45454545454545,79.54545454545455,2404,2203,1275,1350,1759,1442
706,62,104.46,0.4705322611525943,28,122.52941176470588,110.60606060606061,79.6969696969697,2406,2207,1278,1352,1760,1443
707,58,104.59,0.470632947700545,28,122.61764705882354,110.75757575757575,79.84848484848484,2408,2211,1281,1354,1761,1444
708,52,104.74,0.4707313347336261,28,122.73529411764706,110.93939393939394,80.0,2410,2215,1284,1356,1763,1446
709,49,104.89,0.4708561349985699,28,122.8529411764706,111.12121212121212,80.15151515151516,2412,2219,1287,1358,1765,1448
710,48,105.02,0.47095219958103224,28,122.97058823529412,111.3030303030303,80.24242424242425,2414,2223,1288,1360,1767,1450
711,54,105.14,0.4710576374357999,28,123.05882352941177,111.45454545454545,80.36363636363636,2416,2227,1290,1362,1768,1451
712,53,105.27,0.4712197207181534,28,123.1470588235294,111.60606060606061,80.51515151515152,2418,2231,1293,1364,1769,1452
713,52,105.4,0.4713946869070209,28,123.23529411764706,111.75757575757575,80.66666666666667,2420,2235,1296,1366,1770,1453
714,45,105.53,0.4715768028048896,28,123.32352941176471,111.9090909090909,80.81818181818181,2422,2239,1299,1368,1771,1454
715,49,105.64,0.4716925407042787,28,123.38235294117646,112.06060606060606,80.93939393939394,2424,2243,1301,1370,1771,1455
716,52,105.76,0.4718551437216339,28,123.44117647058823,112.21212121212122,81.0909090909091,2426,2247,1304,1372,1771,1456
717,46,105.88,0.47202871174914995,28,123.5,112.36363636363636,81.24242424242425,2428,2251,1307,1374,1771,1457
718,46,106.0,0.4722037735849057,28,123.55882352941177,112.51515151515152,81.39393939393939,2430,2255,1310,1376,1771,1458
719,50,106.11,0.4723485062670813,28,123.61764705882354,112.66666666666667,81.51515151515152,2432,2259,1312,1378,1771,1459
720,44,106.23,0.4725454203144121,28,123.67647058823529,112.81818181818181,81.66666666666667,2434,2263,1315,1380,1771,1460
721,45,106.34,0.4727948091028776,28,123.73529411764706,112.93939393939394,81.81818181818181,2436,2267,1318,1382,1771,1460
722,50,106.44,0.4730026305900038,28,123.79411764705883,113.06060606060606,81.93939393939394,2438,2271,1320,1384,1771,1460
723,44,106.56,0.47324324324324324,28,123.8529411764706,113.18181818181819,82.12121212121212,2440,2275,1323,1387,1771,1460
724,42,106.67,0.47346114183931753,28,123.91176470588235,113.27272727272727,82.3030303030303,2442,2278,1326,1390,1771,1460
725,44,106.77,0.4736751896600168,28,123.97058823529412,113.36363636363636,82.45454545454545,2444,2281,1328,1393,1771,1460
726,37,106.87,0.47389257976981375,28,124.0,113.48484848484848,82.60606060606061,2445,2285,1330,1396,1771,1460
727,37,106.96,0.47406694091249063,28,124.02941176470588,113.60606060606061,82.72727272727273,2446,2289,1331,1399,1771,1460
728,40,107.05,0.4742447454460532,28,124.05882352941177,113.72727272727273,82.84848484848484,2447,2293,1332,1402,1771,1460
729,35,107.13,0.47445813497619715,28,124.08823529411765,113.81818181818181,82.96969696969697,2448,2296,1334,1404,1771,1460
730,36,107.21,0.4746730715418338,28,124.11764705882354,113.9090909090909,83.0909090909091,2449,2299,1336,1406,1771,1460
731,37,107.29,0.47488768757572936,28,124.1470588235294,114.0,83.21212121212122,2450,2302,1338,1408,1771,1460
732,36,107.36,0.47505774962742175,28,124.17647058823529,114.0909090909091,83.3030303030303,2451,2305,1339,1410,1771,1460
733,37,107.44,0.4752717795979151,28,124.20588235294117,114.18181818181819,83.42424242424242,2452,2308,1341,1412,1771,1460
734,38,107.52,0.47548549107142857,28,124.23529411764706,114.27272727272727,83.54545454545455,2453,2311,1343,1414,1771,1460
735,33,107.6,0.4756988847583643,28,124.26470588235294,114.36363636363636,83.66666666666667,2454,2314,1345,1416,1771,1460
736,38,107.67,0.475871644840717,28,124.29411764705883,114.45454545454545,83.75757575757575,2455,2317,1346,1418,1771,1460
737,42,107.75,0.476091879350348,28,124.32352941176471,114.54545454545455,83.87878787878788,2456,2320,1348,1420,1771,1460
738,37,107.83,0.47631178707224336,28,124.3529411764706,114.63636363636364,84.0,2457,2323,1350,1422,1771,1460
739,38,107.91,0.4765350755259012,28,124.38235294117646,114.72727272727273,84.12121212121212,2458,2326,1352,1424,1771,1460
740,40,107.98,0.4767142063345064,28,124.41176470588235,114.81818181818181,84.21212121212122,2459,2329,1353,1426,1771,1460
741,38,108.06,0.47693688691467706,28,124.44117647058823,114.9090909090909,84.33333333333333,2460,2332,1355,1428,1771,1460
742,39,108.14,0.4771610874791936,28,124.47058823529412,115.0,84.45454545454545,2461,2335,1357,1430,1771,1460
743,43,108.22,0.47738680465717986,28,124.5,115.0909090909091,84.57575757575758,2462,2338,1359,1432,1771,1460
744,41,108.3,0.477612188365651,28,124.52941176470588,115.18181818181819,84.6969696969697,2463,2341,1361,1434,1771,1460
745,42,108.38,0.4778372393430522,28,124.55882352941177,115.27272727272727,84.81818181818181,2464,2344,1363,1436,1771,1460
746,43,108.46,0.4780638023234372,28,124.58823529411765,115.36363636363636,84.93939393939394,2465,2347,1365,1438,1771,1460
747,37,108.55,0.4783205895900507,28,124.6470588235294,115.45454545454545,85.06060606060606,2466,2350,1367,1440,1772,1460
748,49,108.64,0.4785769513991163,28,124.70588235294117,115.54545454545455,85.18181818181819,2467,2353,1369,1442,1773,1460
749,46,108.73,0.47883472822588063,28,124.76470588235294,115.63636363636364,85.3030303030303,2468,2356,1371,1444,1774,1460
750,43,108.82,0.4790957544569013,28,124.82352941176471,115.72727272727273,85.42424242424242,2469,2359,1373,1446,1775,1460
751,43,108.91,0.4793563492792214,28,124.88235294117646,115.81818181818181,85.54545454545455,2470,2362,1375,1448,1776,1460
752,43,109.0,0.4796201834862385,28,124.94117647058823,115.9090909090909,85.66666666666667,2471,2365,1377,1450,1777,1460
753,37,109.09,0.4798854157117976,28,125.0,116.0,85.78787878787878,2472,2368,1379,1452,1778,1460
754,37,109.18,0.48015021066129326,28,125.05882352941177,116.0909090909091,85.9090909090909,2473,2371,1381,1454,1779,1460
755,40,109.27,0.48041456941521005,28,125.11764705882354,116.18181818181819,86.03030303030303,2474,2374,1383,1456,1780,1460
756,35,109.35,0.48067032464563325,28,125.17647058823529,116.27272727272727,86.12121212121212,2475,2377,1385,1457,1781,1460
757,36,109.43,0.480925705930732,28,125.23529411764706,116.36363636363636,86.21212121212122,2476,2380,1387,1458,1782,1460
758,37,109.51,0.4811807140900375,28,125.29411764705883,116.45454545454545,86.3030303030303,2477,2383,1389,1459,1783,1460
759,36,109.58,0.4813925898886658,28,125.3529411764706,116.51515151515152,86.39393939393939,2478,2385,1391,1460,1784,1460
760,41,109.65,0.4816041951664387,28,125.41176470588235,116.57575757575758,86.48484848484848,2479,2387,1393,1461,1785,1460
761,39,109.73,0.48180534038093503,28,125.47058823529412,116.66666666666667,86.57575757575758,2480,2389,1395,1462,1786,1461
762,39,109.82,0.4820542706246585,28,125.52941176470588,116.78787878787878,86.66666666666667,2481,2392,1397,1463,1787,1462
763,42,109.91,0.48230279319443187,28,125.58823529411765,116.9090909090909,86.75757575757575,2482,2395,1399,1464,1788,1463
764,45,110.0,0.48255272727272724,28,125.6470588235294,117.03030303030303,86.84848484848484,2483,2398,1401,1465,1789,1464
765,48,110.09,0.4828058860931965,28,125.70588235294117,117.15151515151516,86.93939393939394,2484,2401,1403,1466,1790,1465
766,55,110.17,0.48303440137968595,28,125.73529411764706,117.27272727272727,87.03030303030303,2485,2404,1405,1467,1790,1466
767,48,110.27,0.4833218463770744,28,125.79411764705883,117.39393939393939,87.15151515151516,2486,2407,1408,1468,1791,1467
768,50,110.37,0.4836105825858476,28,125.8529411764706,117.51515151515152,87.27272727272727,2487,2410,1411,1469,1792,1468
769,55,110.47,0.4838987960532271,28,125.91176470588235,117.63636363636364,87.39393939393939,2488,2413,1414,1470,1793,1469
770,48,110.57,0.4841864881975219,28,125.97058823529412,117.75757575757575,87.51515151515152,2489,2416,1417,1471,1794,1470
771,50,110.67,0.48447546760639737,28,126.02941176470588,117.87878787878788,87.63636363636364,2490,2419,1420,1472,1795,1471
772,52,110.77,0.4847639252505191,28,126.08823529411765,118.0,87.75757575757575,2491,2422,1423,1473,1796,1472
773,52,110.86,0.48500811834746527,28,126.1470588235294,118.0909090909091,87.87878787878788,2492,2424,1426,1474,1797,1473
774,54,110.96,0.48529560201874555,28,126.20588235294117,118.21212121212122,88.0,2493,2427,1429,1475,1798,1474
775,62,111.06,0.4855825679812714,28,126.26470588235294,118.33333333333333,88.12121212121212,2494,2430,1432,1476,1799,1475
776,64,111.16,0.48586901763224183,28,126.32352941176471,118.45454545454545,88.24242424242425,2495,2433,1435,1477,1800,1476
777,60,111.26,0.486158547546288,28,126.38235294117646,118.57575757575758,88.36363636363636,2496,2436,1438,1478,1801,1477
778,59,111.36,0.4864475574712644,28,126.44117647058823,118.6969696969697,88.48484848484848,2497,2439,1441,1479,1802,1478
779,58,111.46,0.48673784317243857,28,126.5,118.81818181818181,88.60606060606061,2498,2442,1444,1480,1803,1479
780,63,111.56,0.48702940121907495,28,126.55882352941177,118.93939393939394,88.72727272727273,2499,2445,1447,1481,1804,1480
781,59,111.66,0.48732043704101735,28,126.61764705882354,119.06060606060606,88.84848484848484,2500,2448,1450,1482,1805,1481
782,51,111.77,0.4875574841191733,28,126.70588235294117,119.18181818181819,88.96969696969697,2501,2451,1453,1483,1807,1482
783,55,111.88,0.4877958526993207,28,126.79411764705883,119.3030303030303,89.0909090909091,2502,2454,1456,1484,1809,1483
784,61,112.0,0.48805,28,126.88235294117646,119.45454545454545,89.21212121212122,2503,2458,1459,1485,1811,1484
785,67,112.12,0.4882804138423118,28,126.94117647058823,119.60606060606061,89.36363636363636,2504,2462,1463,1486,1812,1485
786,71,112.26,0.48851950828433993,28,127.05882352941177,119.75757575757575,89.51515151515152,2506,2466,1467,1487,1814,1486
787,65,112.41,0.4886905079619251,28,127.20588235294117,119.87878787878788,89.6969696969697,2508,2469,1471,1489,1817,1487
788,68,112.56,0.48888059701492537,28,127.3529411764706,120.03030303030303,89.84848484848484,2510,2472,1475,1490,1820,1489
789,59,112.71,0.4889690355780321,28,127.47058823529412,120.18181818181819,90.03030303030303,2511,2475,1479,1492,1823,1491
790,56,112.86,0.48905192273613324,28,127.58823529411765,120.36363636363636,90.18181818181819,2512,2478,1482,1494,1826,1494
791,57,113.0,0.48921946902654867,28,127.70588235294117,120.51515151515152,90.33333333333333,2513,2481,1485,1496,1829,1496
792,56,113.13,0.4894625651904888,28,127.82352941176471,120.66666666666667,90.45454545454545,2514,2484,1488,1497,1832,1498
793,55,113.26,0.48971216669609746,28,127.94117647058823,120.81818181818181,90.57575757575758,2515,2487,1491,1498,1835,1500
794,59,113.4,0.4899223985890652,28,128.08823529411765,120.96969696969697,90.6969696969697,2517,2490,1494,1499,1838,1502
795,57,113.54,0.49013211203100226,28,128.23529411764707,121.12121212121212,90.81818181818181,2519,2494,1497,1500,1841,1503
796,48,113.69,0.49037294397044595,28,128.38235294117646,121.27272727272727,90.96969696969697,2521,2498,1501,1501,1844,1504
797,51,113.84,0.4906148981026001,28,128.52941176470588,121.42424242424242,91.12121212121212,2523,2502,1505,1502,1847,1505
798,56,113.97,0.49080722997279985,28,128.6764705882353,121.57575757575758,91.21212121212122,2525,2506,1508,1502,1850,1506
799,66,114.08,0.49095722300140254,28,128.8235294117647,121.72727272727273,91.24242424242425,2527,2510,1509,1502,1853,1507
800,85,114.22,0.4912204517597618,28,129.0,121.87878787878788,91.33333333333333,2530,2514,1512,1502,1856,1508
801,76,114.37,0.4914916499081927,28,129.1764705882353,122.03030303030303,91.45454545454545,2533,2518,1515,1503,1859,1509
802,64,114.52,0.49176213761788334,28,129.35294117647058,122.18181818181819,91.57575757575758,2536,2522,1518,1504,1862,1510
803,70,114.64,0.49193824145150034,28,129.5,122.33333333333333,91.63636363636364,2539,2526,1519,1505,1864,1511
804,75,114.77,0.49204234556068654,28,129.61764705882354,122.48484848484848,91.75757575757575,2541,2530,1521,1507,1866,1512
805,67,114.91,0.49219302062483683,28,129.73529411764707,122.63636363636364,91.9090909090909,2543,2534,1524,1509,1868,1513
806,65,115.05,0.4923502824858757,28,129.85294117647058,122.78787878787878,92.06060606060606,2545,2538,1527,1511,1870,1514
807,56,115.17,0.49248849526786487,28,129.97058823529412,122.93939393939394,92.15151515151516,2547,2542,1529,1512,1872,1515
808,60,115.28,0.4925902151283831,28,130.08823529411765,123.0909090909091,92.21212121212122,2549,2546,1530,1513,1874,1516
809,66,115.4,0.4927296360485268,28,130.2058823529412,123.24242424242425,92.3030303030303,2551,2550,1532,1514,1876,1517
810,65,115.53,0.49280619752445254,28,130.3235294117647,123.39393939393939,92.42424242424242,2553,2554,1534,1516,1878,1518
811,61,115.66,0.49290506657444233,28,130.41176470588235,123.57575757575758,92.54545454545455,2555,2558,1536,1518,1879,1520
812,55,115.78,0.4929763344273622,28,130.5,123.72727272727273,92.66666666666667,2557,2561,1538,1520,1880,1522
813,52,115.9,0.49305435720448665,28,130.58823529411765,123.87878787878788,92.78787878787878,2559,2564,1540,1522,1881,1524
814,49,116.02,0.4931391139458714,28,130.6764705882353,124.03030303030303,92.9090909090909,2561,2567,1542,1524,1882,1526
815,49,116.14,0.49323574995694847,28,130.76470588235293,124.18181818181819,93.03030303030303,2563,2570,1544,1526,1883,1528
816,47,116.22,0.4932799862330064,28,130.85294117647058,124.27272727272727,93.0909090909091,2565,2572,1544,1528,1884,1529
817,49,116.32,0.4934147180192572,28,130.94117647058823,124.42424242424242,93.15151515151516,2567,2576,1544,1530,1885,1530
818,46,116.44,0.49358639642734453,28,131.02941176470588,124.60606060606061,93.24242424242425,2569,2580,1545,1532,1886,1532
819,45,116.57,0.49378656601183835,28,131.14705882352942,124.78787878787878,93.33333333333333,2571,2584,1546,1534,1888,1534
820,40,116.68,0.49391326705519367,28,131.26470588235293,124.93939393939394,93.39393939393939,2573,2587,1546,1536,1890,1536
821,33,116.78,0.494050351087515,28,131.38235294117646,125.06060606060606,93.45454545454545,2575,2590,1546,1538,1892,1537
822,39,116.87,0.4941499101565842,28,131.5,125.15151515151516,93.51515151515152,2577,2592,1546,1540,1894,1538
823,41,116.97,0.4942694708044798,28,131.58823529411765,125.27272727272727,93.60606060606061,2579,2595,1547,1542,1895,1539
824,43,117.07,0.4943905355770052,28,131.6764705882353,125.39393939393939,93.6969696969697,2581,2598,1548,1544,1896,1540
825,42,117.17,0.49449091064265593,28,131.73529411764707,125.54545454545455,93.78787878787878,2583,2601,1549,1546,1896,1542
826,37,117.28,0.4946214188267394,28,131.7941176470588,125.72727272727273,93.87878787878788,2585,2605,1550,1548,1896,1544
827,31,117.37,0.4947848683649995,28,131.85294117647058,125.87878787878788,93.93939393939394,2587,2609,1551,1549,1896,1545
828,27,117.47,0.49487103090150675,28,131.94117647058823,126.0,94.03030303030303,2589,2612,1552,1551,1897,1546
829,20,117.57,0.4949672535510759,28,132.02941176470588,126.12121212121212,94.12121212121212,2591,2615,1553,1553,1898,1547
830,12,117.65,0.4950386740331492,28,132.08823529411765,126.21212121212122,94.21212121212122,2593,2617,1554,1555,1898,1548
831,7,117.7,0.4950433305012744,28,132.08823529411765,126.27272727272727,94.3030303030303,2593,2618,1555,1557,1898,1549
832,5,117.72,0.495045871559633,28,132.08823529411765,126.3030303030303,94.33333333333333,2593,2618,1555,1558,1898,1550
833,3,117.74,0.4950501104127739,28,132.08823529411765,126.33333333333333,94.36363636363636,2593,2618,1555,1559,1898,1551
834,1,117.76,0.4950543478260869,28,132.08823529411765,126.36363636363636,94.39393939393939,2593,2618,1555,1560,1898,1552
835,0,117.77,0.4950437293028785,28,132.08823529411765,126.36363636363636,94.42424242424242,2593,2618,1555,1561,1898,1552
836,0,117.77,0.4950437293028785,28,132.08823529411765,126.36363636363636,94.42424242424242,2593,2618,1555,1561,1898,1552
837,0,117.77,0.4950437293028785,28,132.08823529411765,126.36363636363636,94.42424242424242,2593,2618,1555,1561,1898,1552
838,0,117.77,0.4950437293028785,28,132.08823529411765,126.36363636363636,94.42424242424242,2593,2618,1555,1561,1898,1552
839,3,117.77,0.4950437293028785,28,132.08823529411765,126.36363636363636,94.42424242424242,2593,2618,1555,1561,1898,1552
840,5,117.78,0.49508405501782987,28,132.08823529411765,126.39393939393939,94.42424242424242,2593,2619,1555,1561,1898,1552
841,6,117.8,0.4951629881154499,28,132.08823529411765,126.42424242424242,94.45454545454545,2593,2620,1556,1561,1898,1552
842,6,117.83,0.4952550284307901,28,132.11764705882354,126.45454545454545,94.48484848484848,2594,2621,1557,1561,1898,1552
843,6,117.86,0.4953487188189377,28,132.14705882352942,126.48484848484848,94.51515151515152,2595,2622,1558,1561,1898,1552
844,6,117.89,0.49544236152345406,28,132.1764705882353,126.51515151515152,94.54545454545455,2596,2623,1559,1561,1898,1552
845,6,117.92,0.4955359565807327,28,132.2058823529412,126.54545454545455,94.57575757575758,2597,2624,1560,1561,1898,1552
846,6,117.95,0.49563119966087327,28,132.23529411764707,126.57575757575758,94.60606060606061,2598,2625,1561,1561,1898,1552
847,6,117.98,0.4957263943041193,28,132.26470588235293,126.60606060606061,94.63636363636364,2599,2626,1562,1561,1898,1552
848,6,118.01,0.4958232353190407,28,132.2941176470588,126.63636363636364,94.66666666666667,2600,2627,1563,1561,1898,1552
849,12,118.04,0.49592002710945443,28,132.3235294117647,126.66666666666667,94.6969696969697,2601,2628,1564,1561,1898,1552
850,21,118.07,0.4960167697128822,28,132.35294117647058,126.6969696969697,94.72727272727273,2602,2629,1565,1561,1898,1552
851,23,118.11,0.49600118533570403,28,132.38235294117646,126.75757575757575,94.75757575757575,2603,2631,1566,1561,1898,1552
852,25,118.15,0.49598730427422766,28,132.41176470588235,126.81818181818181,94.78787878787878,2604,2633,1567,1561,1898,1552
853,24,118.19,0.4959734326085117,28,132.44117647058823,126.87878787878788,94.81818181818181,2605,2635,1568,1561,1898,1552
854,29,118.23,0.49596126194705237,28,132.47058823529412,126.93939393939394,94.84848484848484,2606,2637,1569,1561,1898,1552
855,34,118.27,0.4959507905639638,28,132.5,127.0,94.87878787878788,2607,2639,1570,1561,1898,1552
856,29,118.32,0.49586713995943205,28,132.52941176470588,127.0909090909091,94.9090909090909,2608,2641,1571,1561,1898,1553
857,26,118.38,0.4957678661936138,28,132.55882352941177,127.18181818181819,94.96969696969697,2609,2643,1572,1562,1898,1554
858,26,118.44,0.49566869300911853,28,132.58823529411765,127.27272727272727,95.03030303030303,2610,2645,1573,1563,1898,1555
859,26,118.5,0.4955746835443038,28,132.61764705882354,127.36363636363636,95.0909090909091,2611,2647,1574,1564,1898,1556
860,26,118.56,0.4954824561403509,28,132.64705882352942,127.45454545454545,95.15151515151516,2612,2649,1575,1565,1898,1557
861,32,118.62,0.49539032203675604,28,132.6764705882353,127.54545454545455,95.21212121212122,2613,2651,1576,1566,1898,1558
862,35,118.68,0.49529154027637345,28,132.6764705882353,127.66666666666667,95.27272727272727,2613,2653,1577,1567,1898,1560
863,37,118.75,0.49521768421052637,28,132.7058823529412,127.78787878787878,95.33333333333333,2614,2655,1578,1568,1898,1562
864,33,118.82,0.4951506480390507,28,132.73529411764707,127.9090909090909,95.39393939393939,2615,2657,1579,1569,1898,1564
865,38,118.89,0.4950904197157036,28,132.76470588235293,128.03030303030303,95.45454545454545,2616,2659,1580,1570,1898,1566
866,30,118.97,0.4950567369925192,28,132.8235294117647,128.15151515151516,95.51515151515152,2617,2661,1581,1571,1899,1568
867,28,119.05,0.4950314993700126,28,132.88235294117646,128.27272727272728,95.57575757575758,2618,2663,1582,1572,1900,1570
868,32,119.13,0.4950146898346345,28,132.94117647058823,128.3939393939394,95.63636363636364,2619,2665,1583,1573,1901,1572
869,33,119.21,0.495001258283701,28,133.0,128.5151515151515,95.6969696969697,2620,2667,1584,1574,1902,1574
870,40,119.29,0.49499958085338247,28,133.05882352941177,128.63636363636363,95.75757575757575,2621,2669,1585,1575,1903,1576
871,35,119.37,0.49500125659713495,28,133.11764705882354,128.75757575757575,95.81818181818181,2622,2671,1586,1576,1904,1578
872,33,119.45,0.49501130179991626,28,133.1764705882353,128.87878787878788,95.87878787878788,2623,2673,1587,1577,1905,1580
873,34,119.53,0.49502467999665356,28,133.23529411764707,129.0,95.93939393939394,2624,2675,1588,1578,1906,1582
874,29,119.61,0.495038040297634,28,133.2941176470588,129.12121212121212,96.0,2625,2677,1589,1579,1907,1584
875,21,119.69,0.49505472470548917,28,133.35294117647058,129.24242424242425,96.06060606060606,2626,2679,1590,1580,1908,1586
876,18,119.75,0.4951039665970772,28,133.41176470588235,129.33333333333334,96.0909090909091,2627,2681,1591,1580,1909,1587
877,15,119.81,0.49515983640764544,28,133.47058823529412,129.42424242424244,96.12121212121212,2628,2683,1592,1580,1910,1588
878,16,119.86,0.49519439345903554,28,133.5,129.5151515151515,96.15151515151516,2628,2685,1593,1580,1911,1589
879,21,119.9,0.4952060050041701,28,133.5,129.6060606060606,96.18181818181819,2628,2687,1594,1580,1911,1590
880,28,119.95,0.4952238432680284,28,133.5,129.6969696969697,96.24242424242425,2628,2689,1595,1581,1911,1591
881,27,120.02,0.4952974504249292,28,133.55882352941177,129.78787878787878,96.3030303030303,2630,2691,1596,1582,1911,1592
882,33,120.08,0.49533477681545635,28,133.61764705882354,129.87878787878788,96.33333333333333,2632,2693,1596,1583,1911,1593
883,39,120.14,0.4953737306475778,28,133.6764705882353,129.96969696969697,96.36363636363636,2634,2695,1596,1584,1911,1594
884,35,120.21,0.49545212544713413,28,133.73529411764707,130.06060606060606,96.42424242424242,2636,2697,1597,1585,1911,1595
885,37,120.28,0.4955404057199867,28,133.7941176470588,130.15151515151516,96.48484848484848,2638,2699,1598,1586,1911,1596
886,42,120.35,0.4956302451184047,28,133.85294117647058,130.24242424242425,96.54545454545455,2640,2701,1599,1587,1911,1597
887,41,120.42,0.49572662348447105,28,133.91176470588235,130.33333333333334,96.60606060606061,2642,2703,1600,1588,1911,1598
888,43,120.49,0.4958278695327413,28,133.97058823529412,130.42424242424244,96.66666666666667,2644,2705,1601,1589,1911,1599
889,41,120.57,0.4959019656631003,28,134.02941176470588,130.54545454545453,96.72727272727273,2646,2707,1602,1590,1911,1601
890,39,120.65,0.4959809365934521,28,134.08823529411765,130.66666666666666,96.78787878787878,2648,2709,1603,1591,1911,1603
891,41,120.72,0.4960901259111995,28,134.14705882352942,130.75757575757575,96.84848484848484,2650,2711,1604,1592,1911,1604
892,41,120.78,0.4961963901308164,28,134.2058823529412,130.84848484848484,96.87878787878788,2652,2713,1605,1592,1911,1605
893,40,120.85,0.4963152668597435,28,134.26470588235293,130.93939393939394,96.93939393939394,2654,2715,1606,1593,1911,1606
894,41,120.93,0.496445050855867,28,134.3235294117647,131.03030303030303,97.03030303030303,2656,2717,1607,1595,1911,1607
895,36,121.01,0.49657796876291216,28,134.38235294117646,131.12121212121212,97.12121212121212,2658,2719,1608,1597,1911,1608
896,30,121.1,0.4966903385631709,28,134.44117647058823,131.24242424242425,97.21212121212122,2660,2721,1609,1599,1911,1610
897,30,121.19,0.4968058420661771,28,134.5,131.36363636363637,97.3030303030303,2662,2723,1610,1601,1911,1612
898,25,121.27,0.49693988620433743,28,134.55882352941177,131.45454545454547,97.39393939393939,2664,2725,1611,1603,1911,1613
899,20,121.35,0.49707540173053155,28,134.61764705882354,131.54545454545453,97.48484848484848,2666,2727,1612,1605,1911,1614
900,22,121.42,0.4971734475374733,28,134.6764705882353,131.63636363636363,97.54545454545455,2668,2729,1612,1607,1911,1615
901,19,121.48,0.4972357589726704,28,134.73529411764707,131.6969696969697,97.60606060606061,2670,2730,1612,1609,1911,1616
902,17,121.53,0.4972772155023451,28,134.76470588235293,131.75757575757575,97.66666666666667,2671,2731,1612,1611,1911,1617
903,14,121.59,0.4973427091043671,28,134.8235294117647,131.8181818181818,97.72727272727273,2673,2732,1612,1613,1911,1618
904,15,121.64,0.4974021703387044,28,134.85294117647058,131.9090909090909,97.75757575757575,2674,2734,1612,1614,1911,1619
905,18,121.7,0.4974971240755957,28,134.91176470588235,132.0,97.78787878787878,2676,2736,1612,1615,1911,1620
906,25,121.75,0.49755318275154004,28,134.97058823529412,132.06060606060606,97.81818181818181,2678,2737,1612,1616,1911,1621
907,28,121.81,0.4976512601592644,28,135.02941176470588,132.15151515151516,97.84848484848484,2680,2739,1612,1617,1911,1622
908,28,121.87,0.4977492409945023,28,135.08823529411765,132.24242424242425,97.87878787878788,2682,2741,1612,1618,1911,1623
909,30,121.94,0.49773167131376084,28,135.14705882352942,132.36363636363637,97.9090909090909,2684,2743,1612,1619,1911,1625
910,23,122.01,0.4977157610031965,28,135.2058823529412,132.4848484848485,97.93939393939394,2686,2745,1612,1620,1911,1627
911,22,122.08,0.4976736566186108,28,135.26470588235293,132.57575757575756,98.0,2688,2746,1612,1622,1911,1629
912,22,122.14,0.4976469625020469,28,135.3235294117647,132.63636363636363,98.06060606060606,2690,2746,1612,1624,1911,1631
913,16,122.2,0.49762193126022913,28,135.38235294117646,132.6969696969697,98.12121212121212,2692,2746,1612,1626,1911,1633
914,17,122.25,0.4975926380368098,28,135.44117647058823,132.75757575757575,98.15151515151516,2694,2746,1612,1627,1911,1635
915,17,122.31,0.4975496688741722,28,135.5,132.84848484848484,98.18181818181819,2696,2747,1612,1628,1911,1637
916,16,122.35,0.4974556599918267,28,135.5,132.93939393939394,98.21212121212122,2696,2748,1612,1629,1911,1639
917,11,122.4,0.4974035947712418,28,135.5,133.06060606060606,98.24242424242425,2696,2750,1612,1630,1911,1641
918,7,122.44,0.49736360666448876,28,135.5,133.15151515151516,98.27272727272727,2696,2751,1612,1631,1911,1643
919,3,122.48,0.4973236446766819,28,135.5,133.24242424242425,98.3030303030303,2696,2752,1612,1632,1911,1645
920,0,122.51,0.4972663456044405,28,135.5,133.33333333333334,98.3030303030303,2696,2753,1612,1632,1911,1647
921,0,122.51,0.4972663456044405,28,135.5,133.33333333333334,98.3030303030303,2696,2753,1612,1632,1911,1647
922,0,122.51,0.4972663456044405,28,135.5,133.33333333333334,98.3030303030303,2696,2753,1612,1632,1911,1647
923,0,122.51,0.4972663456044405,28,135.5,133.33333333333334,98.3030303030303,2696,2753,1612,1632,1911,1647
924,0,122.51,0.4972663456044405,28,135.5,133.33333333333334,98.3030303030303,2696,2753,1612,1632,1911,1647
925,0,122.51,0.4972663456044405,28,135.5,133.33333333333334,98.3030303030303,2696,2753,1612,1632,1911,1647
926,0,122.51,0.4972663456044405,28,135.5,133.33333333333334,98.3030303030303,2696,2753,1612,1632,1911,1647
927,0,122.51,0.4972663456044405,28,135.5,133.33333333333334,98.3030303030303,2696,2753,1612,1632,1911,1647
928,3,122.51,0.4972663456044405,28,135.5,133.33333333333334,98.3030303030303,2696,2753,1612,1632,1911,1647
929,5,122.52,0.49728534116878875,28,135.52941176470588,133.33333333333334,98.3030303030303,2697,2753,1612,1632,1911,1647
930,6,122.54,0.497220499428758,28,135.55882352941177,133.36363636363637,98.3030303030303,2698,2754,1612,1632,1911,1647
931,9,122.57,0.497097984824998,28,135.58823529411765,133.3939393939394,98.33333333333333,2699,2755,1613,1632,1911,1647
932,8,122.61,0.49700921621401195,28,135.61764705882354,133.45454545454547,98.36363636363636,2700,2757,1614,1632,1911,1647
933,7,122.65,0.49692702812882183,28,135.64705882352942,133.5151515151515,98.39393939393939,2701,2759,1615,1632,1911,1647
934,6,122.69,0.4968497840084766,28,135.6764705882353,133.57575757575756,98.42424242424242,2702,2761,1616,1632,1911,1647
935,9,122.72,0.49674869621903517,28,135.7058823529412,133.6060606060606,98.45454545454545,2703,2762,1617,1632,1911,1647
936,17,122.76,0.49668458781362007,28,135.76470588235293,133.63636363636363,98.48484848484848,2705,2763,1618,1632,1911,1647
937,23,122.82,0.4966894642566357,28,135.85294117647058,133.6969696969697,98.51515151515152,2708,2765,1619,1632,1911,1647
938,31,122.89,0.4967361054601676,28,135.94117647058823,133.78787878787878,98.54545454545455,2711,2768,1620,1632,1911,1647
939,35,122.97,0.49679515328942014,28,136.02941176470588,133.87878787878788,98.60606060606061,2714,2771,1621,1633,1911,1647
940,38,123.06,0.49688444661140907,28,136.14705882352942,133.96969696969697,98.66666666666667,2718,2774,1622,1634,1911,1647
941,39,123.17,0.49700495250466836,28,136.26470588235293,134.0909090909091,98.75757575757575,2722,2778,1624,1635,1911,1647
942,40,123.28,0.4971333549643089,28,136.38235294117646,134.21212121212122,98.84848484848484,2726,2782,1626,1636,1911,1647
943,47,123.39,0.49726963287138337,28,136.5,134.33333333333334,98.93939393939394,2730,2786,1628,1637,1911,1647
944,51,123.5,0.49740728744939267,28,136.61764705882354,134.45454545454547,99.03030303030303,2734,2790,1630,1638,1911,1647
945,50,123.6,0.4975566343042071,28,136.73529411764707,134.54545454545453,99.12121212121212,2738,2793,1632,1639,1911,1647
946,51,123.71,0.49769218333198606,28,136.85294117647058,134.66666666666666,99.21212121212122,2742,2796,1634,1640,1911,1648
947,48,123.83,0.49784947104901883,28,136.97058823529412,134.8181818181818,99.3030303030303,2746,2799,1636,1641,1911,1650
948,39,123.95,0.49801290843081886,28,137.08823529411765,134.96969696969697,99.39393939393939,2750,2802,1638,1642,1911,1652
949,45,124.07,0.49817764165390505,28,137.2058823529412,135.12121212121212,99.48484848484848,2754,2805,1640,1643,1911,1654
950,42,124.19,0.4983034060713423,28,137.3235294117647,135.27272727272728,99.57575757575758,2758,2808,1641,1645,1911,1656
951,41,124.32,0.49847007722007725,28,137.44117647058823,135.42424242424244,99.6969696969697,2762,2811,1643,1647,1911,1658
952,35,124.44,0.4986065573770492,28,137.52941176470588,135.57575757575756,99.81818181818181,2765,2814,1645,1649,1911,1660
953,38,124.56,0.49875561978163135,28,137.61764705882354,135.72727272727272,99.93939393939394,2768,2817,1647,1651,1911,1662
954,37,124.66,0.4988288143751003,28,137.7058823529412,135.84848484848484,100.03030303030303,2771,2819,1648,1653,1911,1664
955,39,124.76,0.4989596024366784,28,137.7941176470588,135.93939393939394,100.15151515151516,2774,2821,1650,1655,1911,1665
956,37,124.87,0.4990349963962521,28,137.88235294117646,136.06060606060606,100.27272727272727,2777,2823,1652,1657,1911,1667
957,32,124.98,0.49911345815330455,28,137.97058823529412,136.1818181818182,100.39393939393939,2780,2825,1654,1659,1911,1669
958,31,125.08,0.49916373520946594,28,138.05882352941177,136.3030303030303,100.48484848484848,2783,2827,1655,1661,1911,1671
959,28,125.17,0.49926899416793163,28,138.14705882352942,136.3939393939394,100.57575757575758,2786,2829,1656,1663,1911,1672
960,25,125.26,0.4993756985470222,28,138.23529411764707,136.4848484848485,100.66666666666667,2789,2831,1657,1665,1911,1673
961,21,125.36,0.4995149968091896,28,138.35294117647058,136.57575757575756,100.75757575757575,2793,2833,1658,1667,1911,1674
962,22,125.44,0.49959661989795917,28,138.44117647058823,136.63636363636363,100.84848484848484,2796,2834,1659,1669,1911,1675
963,23,125.52,0.4996526449968133,28,138.5,136.72727272727272,100.93939393939394,2798,2836,1660,1671,1911,1676
964,23,125.61,0.49967279675185095,28,138.55882352941177,136.84848484848484,101.03030303030303,2800,2839,1661,1673,1911,1677
965,19,125.71,0.49959350886962056,28,138.64705882352942,137.0,101.0909090909091,2802,2842,1662,1674,1912,1679
966,16,125.8,0.49950715421303654,28,138.73529411764707,137.15151515151516,101.12121212121212,2804,2845,1663,1674,1913,1681
967,12,125.87,0.4994303646619528,28,138.7941176470588,137.27272727272728,101.15151515151516,2806,2848,1664,1674,1913,1682
968,9,125.93,0.4993893432859525,28,138.85294117647058,137.36363636363637,101.18181818181819,2808,2850,1665,1674,1913,1683
969,8,125.97,0.4993149162499008,28,138.88235294117646,137.42424242424244,101.21212121212122,2809,2851,1666,1674,1913,1684
970,10,126.01,0.49924371081660185,28,138.91176470588235,137.4848484848485,101.24242424242425,2810,2852,1667,1674,1913,1685
971,8,126.06,0.49914167856576236,28,138.94117647058823,137.57575757575756,101.27272727272727,2811,2854,1668,1674,1913,1686
972,7,126.1,0.49911181601903254,28,138.97058823529412,137.63636363636363,101.3030303030303,2812,2856,1669,1674,1913,1686
973,6,126.14,0.49908355795148246,28,139.0,137.6969696969697,101.33333333333333,2813,2858,1670,1674,1913,1686
974,6,126.17,0.4990909090909091,28,139.02941176470588,137.72727272727272,101.36363636363636,2814,2859,1671,1674,1913,1686
975,6,126.2,0.4991014263074485,28,139.05882352941177,137.75757575757575,101.39393939393939,2815,2860,1672,1674,1913,1686
976,6,126.23,0.49911193852491487,28,139.08823529411765,137.78787878787878,101.42424242424242,2816,2861,1673,1674,1913,1686
977,6,126.26,0.4991224457468715,28,139.11764705882354,137.8181818181818,101.45454545454545,2817,2862,1674,1674,1913,1686
978,6,126.29,0.4991329479768786,28,139.14705882352942,137.84848484848484,101.48484848484848,2818,2863,1675,1674,1913,1686
979,6,126.32,0.49914344521849274,28,139.1764705882353,137.87878787878788,101.51515151515152,2819,2864,1676,1674,1913,1686
980,6,126.35,0.49915552037989713,28,139.2058823529412,137.9090909090909,101.54545454545455,2820,2865,1677,1674,1913,1686
981,6,126.38,0.499167589808514,28,139.23529411764707,137.93939393939394,101.57575757575758,2821,2866,1678,1674,1913,1686
982,6,126.41,0.4991812356617356,28,139.26470588235293,137.96969696969697,101.60606060606061,2822,2867,1679,1674,1913,1686
983,6,126.44,0.49919645681746283,28,139.2941176470588,138.0,101.63636363636364,2823,2868,1680,1674,1913,1686
984,6,126.47,0.49921325215466117,28,139.3235294117647,138.03030303030303,101.66666666666667,2824,2869,1681,1674,1913,1686
985,6,126.5,0.49923003952569167,28,139.35294117647058,138.06060606060606,101.6969696969697,2825,2870,1682,1674,1913,1686
986,6,126.53,0.49924681893622064,28,139.38235294117646,138.0909090909091,101.72727272727273,2826,2871,1683,1674,1913,1686
987,6,126.56,0.49926675094816686,28,139.41176470588235,138.12121212121212,101.75757575757575,2827,2872,1684,1674,1913,1686
988,6,126.59,0.4992866735129157,28,139.44117647058823,138.15151515151516,101.78787878787878,2828,2873,1685,1674,1913,1686
989,6,126.62,0.4993097456957827,28,139.47058823529412,138.1818181818182,101.81818181818181,2829,2874,1686,1674,1913,1686
990,6,126.65,0.4993328069482827,28,139.5,138.21212121212122,101.84848484848484,2830,2875,1687,1674,1913,1686
991,6,126.68,0.4993558572781812,28,139.52941176470588,138.24242424242425,101.87878787878788,2831,2876,1688,1674,1913,1686
992,6,126.71,0.49937889669323654,28,139.55882352941177,138.27272727272728,101.9090909090909,2832,2877,1689,1674,1913,1686
993,6,126.74,0.49940350323496924,28,139.58823529411765,138.3030303030303,101.93939393939394,2833,2878,1690,1674,1913,1686
994,6,126.77,0.49942809813047245,28,139.61764705882354,138.33333333333334,101.96969696969697,2834,2879,1691,1674,1913,1686
995,6,126.8,0.49945268138801263,28,139.64705882352942,138.36363636363637,102.0,2835,2880,1692,1674,1913,1686
996,6,126.83,0.49947725301584794,28,139.6764705882353,138.3939393939394,102.03030303030303,2836,2881,1693,1674,1913,1686
997,9,126.86,0.49950181302222924,28,139.7058823529412,138.42424242424244,102.06060606060606,2837,2882,1694,1674,1913,1686
998,8,126.9,0.49955713159968484,28,139.76470588235293,138.45454545454547,102.0909090909091,2839,2883,1695,1674,1913,1686
999,7,126.94,0.4996124153143217,28,139.8235294117647,138.4848484848485,102.12121212121212,2841,2884,1696,1674,1913,1686
1000,6,126.98,0.4996676641990864,28,139.88235294117646,138.5151515151515,102.15151515151516,2843,2885,1697,1674,1913,1686
