,TotalSugar,AvgSugarLevel,SugarGini,NumCooperators,RiskAverseAvgSugar,NeutralAvgSugar,RiskSeekingAvgSugar,RiskAverseCoopSugar,NeutralCoopSugar,RiskSeekingCoopSugar,RiskSeekingNonCoopSugar,RiskAverseNonCoopSugar,NeutralNonCoopSugar
0,4622,0.0,0.0,28,0.0,0.0,0.0,0,0,0,0,0,0
1,4540,0.85,0.15,28,0.7352941176470589,0.9090909090909091,0.9090909090909091,9,7,8,22,16,23
2,4458,1.7,0.15,28,1.4705882352941178,1.8181818181818181,1.8181818181818181,18,14,16,44,32,46
3,4376,2.55,0.15,28,2.2058823529411766,2.727272727272727,2.727272727272727,27,21,24,66,48,69
4,4291,3.4,0.15,28,2.9411764705882355,3.6363636363636362,3.6363636363636362,36,28,32,88,64,92
5,4209,4.25,0.15,28,3.676470588235294,4.545454545454546,4.545454545454546,45,35,40,110,80,115
6,4123,5.11,0.14831702544031317,28,4.411764705882353,5.484848484848484,5.454545454545454,54,43,48,132,96,138
7,4037,5.97,0.14711892797319934,28,5.147058823529412,6.424242424242424,6.363636363636363,63,51,56,154,112,161
8,3950,6.84,0.14494152046783626,28,5.882352941176471,7.363636363636363,7.303030303030303,72,59,64,177,128,184
9,3863,7.71,0.1432555123216602,28,6.617647058823529,8.303030303030303,8.242424242424242,81,67,72,200,144,207
10,3776,8.58,0.14191142191142192,28,7.352941176470588,9.242424242424242,9.181818181818182,90,75,80,223,160,230
11,3689,9.45,0.14081481481481475,28,8.088235294117647,10.181818181818182,10.121212121212121,99,83,88,246,176,253
12,3602,10.32,0.13990310077519383,28,8.823529411764707,11.121212121212121,11.06060606060606,108,91,96,269,192,276
13,3514,11.2,0.13833928571428572,28,9.558823529411764,12.06060606060606,12.030303030303031,117,99,105,292,208,299
14,3426,12.08,0.1369536423841059,28,10.323529411764707,12.969696969696969,13.0,126,106,114,315,225,322
15,3337,12.97,0.1350732459521974,28,11.117647058823529,13.909090909090908,13.93939393939394,135,114,122,338,243,345
16,3249,13.85,0.13404332129963906,28,11.882352941176471,14.848484848484848,14.878787878787879,144,122,130,361,260,368
17,3163,14.71,0.1343099932019035,28,12.588235294117647,15.787878787878787,15.818181818181818,152,130,138,384,276,391
18,3077,15.57,0.13454720616570326,28,13.294117647058824,16.727272727272727,16.757575757575758,160,138,146,407,292,414
19,2990,16.44,0.13420924574209253,28,14.029411764705882,17.666666666666668,17.696969696969695,168,146,154,430,309,437
20,2905,17.29,0.1348814343551186,28,14.735294117647058,18.606060606060606,18.606060606060606,176,154,162,452,325,460
21,2819,18.15,0.13498071625344352,28,15.441176470588236,19.545454545454547,19.545454545454547,184,162,170,475,341,483
22,2735,18.99,0.13588730911005797,28,16.147058823529413,20.454545454545453,20.454545454545453,192,170,178,497,357,505
23,2650,19.84,0.13636088709677424,28,16.852941176470587,21.393939393939394,21.363636363636363,200,178,186,519,373,528
24,2563,20.71,0.13605504587155962,28,17.58823529411765,22.333333333333332,22.303030303030305,208,186,194,542,390,551
25,2478,21.59,0.1353450671607226,28,18.323529411764707,23.272727272727273,23.272727272727273,216,194,203,565,407,574
26,2393,22.47,0.13469069870939024,28,19.058823529411764,24.21212121212121,24.242424242424242,224,202,212,588,424,597
27,2312,23.34,0.13439588688946016,28,19.794117647058822,25.151515151515152,25.181818181818183,232,210,221,610,441,620
28,2230,24.22,0.13382328654004952,28,20.529411764705884,26.09090909090909,26.151515151515152,240,218,230,633,458,643
29,2154,25.1,0.13329880478087644,28,21.264705882352942,27.03030303030303,27.12121212121212,248,226,239,656,475,666
30,2070,25.97,0.13310358105506354,28,22.0,27.96969696969697,28.060606060606062,256,234,248,678,492,689
31,1995,26.84,0.13290611028315952,28,22.735294117647058,28.90909090909091,29.0,264,242,257,700,509,712
32,1907,27.72,0.13246753246753243,28,23.470588235294116,29.848484848484848,29.96969696969697,272,250,266,723,526,735
33,1822,28.6,0.13206293706293706,28,24.205882352941178,30.78787878787879,30.939393939393938,280,258,275,746,543,758
34,1738,29.47,0.13198167628096372,28,24.91176470588235,31.727272727272727,31.90909090909091,288,266,284,769,559,781
35,1660,30.31,0.13253381722203897,28,25.58823529411765,32.666666666666664,32.81818181818182,296,274,293,790,574,804
36,1577,31.17,0.13269489894128966,28,26.294117647058822,33.60606060606061,33.75757575757576,304,282,302,812,590,827
37,1496,32.01,0.13332396126210555,28,26.970588235294116,34.515151515151516,34.696969696969695,312,289,310,835,605,850
38,1416,32.87,0.13344386979008221,28,27.676470588235293,35.45454545454545,35.63636363636363,320,297,319,857,621,873
39,1333,33.73,0.13346279276608355,28,28.41176470588235,36.36363636363637,36.57575757575758,328,305,328,879,638,895
40,1253,34.56,0.13413194444444443,28,29.11764705882353,37.24242424242424,37.484848484848484,336,313,336,901,654,916
41,1179,35.36,0.1352092760180996,28,29.764705882352942,38.06060606060606,38.42424242424242,343,320,345,923,669,936
42,1107,36.11,0.13707283301024645,28,30.41176470588235,38.75757575757576,39.333333333333336,349,327,354,944,685,952
43,1034,36.87,0.13845131543260109,28,31.058823529411764,39.515151515151516,40.21212121212121,356,334,363,964,700,970
44,968,37.59,0.1404761904761905,28,31.647058823529413,40.333333333333336,40.96969696969697,362,341,370,982,714,990
45,897,38.33,0.14218888599008608,28,32.26470588235294,41.18181818181818,41.72727272727273,368,348,376,1001,729,1011
46,839,39.0,0.14442564102564107,28,32.85294117647059,41.93939393939394,42.39393939393939,373,355,382,1017,744,1029
47,786,39.62,0.14687531549722366,28,33.411764705882355,42.666666666666664,42.96969696969697,380,362,386,1032,756,1046
48,724,40.3,0.1483473945409429,28,34.029411764705884,43.39393939393939,43.666666666666664,386,369,392,1049,771,1063
49,668,40.92,0.1510166177908114,28,34.55882352941177,44.09090909090909,44.303030303030305,391,376,396,1066,784,1079
50,617,41.52,0.15363198458574176,28,35.088235294117645,44.72727272727273,44.93939393939394,396,383,402,1081,797,1093
51,565,42.1,0.15660807600950122,28,35.55882352941177,45.333333333333336,45.60606060606061,401,390,408,1097,808,1106
52,515,42.66,0.1593811533052039,28,36.05882352941177,45.96969696969697,46.15151515151515,406,397,413,1110,820,1120
53,473,43.17,0.16179522816770914,28,36.470588235294116,46.515151515151516,46.72727272727273,409,404,419,1123,831,1131
54,431,43.65,0.16444215349369984,28,36.911764705882355,47.06060606060606,47.18181818181818,412,411,425,1132,843,1142
55,391,44.11,0.16711630015869416,28,37.3235294117647,47.63636363636363,47.57575757575758,415,418,430,1140,854,1154
56,355,44.56,0.16983842010771993,28,37.76470588235294,48.18181818181818,47.93939393939394,418,425,434,1148,866,1165
57,317,45.0,0.1725066666666666,28,38.1764705882353,48.72727272727273,48.303030303030305,421,431,438,1156,877,1177
58,277,45.46,0.1750461944566652,28,38.61764705882353,49.333333333333336,48.63636363636363,424,438,442,1163,889,1190
59,242,45.9,0.17727233115468408,28,39.05882352941177,49.81818181818182,49.03030303030303,427,444,446,1172,901,1200
60,210,46.25,0.17978594594594596,28,39.38235294117647,50.24242424242424,49.333333333333336,430,449,449,1179,909,1209
61,190,46.54,0.18169316716802755,28,39.61764705882353,50.57575757575758,49.63636363636363,433,453,451,1187,914,1216
62,178,46.78,0.18361693031209925,28,39.8235294117647,50.84848484848485,49.878787878787875,436,457,452,1194,918,1221
63,158,47.04,0.18516581632653056,28,40.05882352941177,51.15151515151515,50.121212121212125,440,461,454,1200,922,1227
64,138,47.3,0.18671458773784352,28,40.3235294117647,51.42424242424242,50.36363636363637,442,465,456,1206,929,1232
65,135,47.48,0.1881634372367313,28,40.44117647058823,51.666666666666664,50.54545454545455,444,469,458,1210,931,1236
66,119,47.7,0.1897987421383648,28,40.55882352941177,52.0,50.75757575757576,446,472,459,1216,933,1244
67,103,47.89,0.19148674044685735,28,40.705882352941174,52.24242424242424,50.93939393939394,448,474,460,1221,936,1250
68,92,48.06,0.1933832709113608,28,40.76470588235294,52.484848484848484,51.15151515151515,450,476,462,1226,936,1256
69,81,48.2,0.19520746887966808,28,40.8235294117647,52.666666666666664,51.333333333333336,452,478,464,1230,936,1260
70,71,48.33,0.1968694392716739,28,40.911764705882355,52.84848484848485,51.45454545454545,454,480,465,1233,937,1264
71,64,48.46,0.198349153941395,28,41.0,53.03030303030303,51.57575757575758,456,482,465,1237,938,1268
72,56,48.57,0.19963557751698574,28,41.088235294117645,53.18181818181818,51.666666666666664,458,484,465,1240,939,1271
73,49,48.67,0.20090199301417713,28,41.1764705882353,53.303030303030305,51.75757575757576,460,486,465,1243,940,1273
74,48,48.74,0.2017562576938859,28,41.23529411764706,53.39393939393939,51.81818181818182,462,488,466,1244,940,1274
75,46,48.79,0.2024820659971306,28,41.294117647058826,53.484848484848484,51.81818181818182,464,491,466,1244,940,1274
76,50,48.84,0.20324733824733826,28,41.35294117647059,53.57575757575758,51.81818181818182,466,493,466,1244,940,1275
77,55,48.91,0.2040339398895931,28,41.411764705882355,53.696969696969695,51.84848484848485,468,496,466,1245,940,1276
78,56,48.99,0.20493365993059812,28,41.5,53.81818181818182,51.878787878787875,470,499,466,1246,941,1277
79,55,49.06,0.20566245413779044,28,41.588235294117645,53.93939393939394,51.878787878787875,472,502,466,1246,942,1278
80,61,49.15,0.20619125127161753,28,41.705882352941174,54.06060606060606,51.90909090909091,475,505,466,1247,943,1279
81,58,49.24,0.2067587327376117,28,41.8235294117647,54.18181818181818,51.93939393939394,478,508,466,1248,944,1280
82,55,49.33,0.20746604500304072,28,41.94117647058823,54.303030303030305,51.96969696969697,481,511,466,1249,945,1281
83,62,49.41,0.20808136004857317,28,42.029411764705884,54.42424242424242,52.0,483,514,466,1250,946,1282
84,56,49.5,0.20847272727272725,28,42.11764705882353,54.515151515151516,52.09090909090909,485,517,467,1252,947,1282
85,51,49.58,0.20911657926583302,28,42.205882352941174,54.60606060606061,52.15151515151515,487,520,467,1254,948,1282
86,50,49.65,0.20971399798590126,28,42.294117647058826,54.696969696969695,52.18181818181818,489,523,467,1255,949,1282
87,57,49.73,0.2104303237482405,28,42.38235294117647,54.78787878787879,52.24242424242424,491,526,467,1257,950,1282
88,49,49.81,0.21119654687813694,28,42.470588235294116,54.878787878787875,52.303030303030305,493,529,467,1259,951,1282
89,45,49.88,0.21188853247794712,28,42.55882352941177,54.96969696969697,52.333333333333336,495,532,467,1260,952,1282
90,62,49.95,0.21260260260260266,28,42.64705882352941,55.06060606060606,52.36363636363637,497,535,467,1261,953,1282
91,65,50.04,0.2134172661870504,28,42.76470588235294,55.15151515151515,52.42424242424242,500,538,467,1263,954,1282
92,66,50.15,0.2141515453639083,28,42.88235294117647,55.27272727272727,52.515151515151516,503,541,468,1265,955,1283
93,69,50.27,0.21488959618062467,28,43.029411764705884,55.42424242424242,52.57575757575758,507,544,469,1266,956,1285
94,69,50.39,0.21567176026989487,28,43.1764705882353,55.57575757575758,52.63636363636363,511,547,470,1267,957,1287
95,69,50.51,0.21648980399920803,28,43.3235294117647,55.75757575757576,52.666666666666664,515,550,470,1268,958,1290
96,70,50.62,0.21744764915053338,28,43.44117647058823,55.93939393939394,52.696969696969695,518,553,470,1269,959,1293
97,62,50.73,0.21844864971417308,28,43.55882352941177,56.121212121212125,52.72727272727273,521,556,470,1270,960,1296
98,55,50.83,0.21951013181192208,28,43.6764705882353,56.27272727272727,52.75757575757576,524,559,470,1271,961,1298
99,54,50.93,0.22059886118201447,28,43.794117647058826,56.42424242424242,52.78787878787879,527,562,470,1272,962,1300
100,50,51.03,0.22171859690378212,28,43.911764705882355,56.57575757575758,52.81818181818182,530,565,470,1273,963,1302
101,49,51.13,0.22287306864854287,28,44.029411764705884,56.72727272727273,52.84848484848485,533,568,470,1274,964,1304
102,54,51.23,0.2240464571540113,28,44.14705882352941,56.878787878787875,52.878787878787875,536,571,470,1275,965,1306
103,50,51.33,0.22507110851353984,28,44.294117647058826,57.03030303030303,52.878787878787875,539,574,470,1275,967,1308
104,46,51.43,0.22627843671009146,28,44.411764705882355,57.18181818181818,52.90909090909091,542,577,470,1276,968,1310
105,41,51.54,0.2274155995343422,28,44.55882352941177,57.333333333333336,52.93939393939394,545,580,470,1277,970,1312
106,38,51.63,0.22855897733875652,28,44.64705882352941,57.484848484848484,52.96969696969697,547,583,470,1278,971,1314
107,35,51.72,0.22951276102088172,28,44.76470588235294,57.63636363636363,52.96969696969697,550,586,470,1278,972,1316
108,33,51.8,0.23033976833976838,28,44.85294117647059,57.78787878787879,52.96969696969697,552,589,470,1278,973,1318
109,32,51.87,0.23105648737227683,28,44.911764705882355,57.93939393939394,52.96969696969697,554,592,470,1278,973,1320
110,36,51.95,0.23175168431183835,28,45.0,58.09090909090909,52.96969696969697,556,595,470,1278,974,1322
111,44,52.02,0.23269127258746636,28,45.088235294117645,58.21212121212121,52.96969696969697,558,598,470,1278,975,1323
112,48,52.1,0.23354318618042227,28,45.205882352941174,58.333333333333336,52.96969696969697,560,601,470,1278,977,1324
113,43,52.21,0.23470407967822254,28,45.35294117647059,58.484848484848484,53.0,563,604,470,1279,979,1326
114,45,52.31,0.23579239151213913,28,45.5,58.60606060606061,53.03030303030303,566,607,470,1280,981,1327
115,38,52.41,0.2368918145392101,28,45.64705882352941,58.72727272727273,53.06060606060606,569,610,470,1281,983,1328
116,36,52.49,0.23792531910840153,28,45.76470588235294,58.84848484848485,53.06060606060606,572,613,470,1281,984,1329
117,41,52.56,0.23882420091324208,28,45.85294117647059,58.96969696969697,53.06060606060606,574,616,470,1281,985,1330
118,42,52.64,0.23968465045592707,28,45.970588235294116,59.09090909090909,53.06060606060606,576,619,470,1281,987,1331
119,41,52.74,0.2406788016685627,28,46.11764705882353,59.21212121212121,53.09090909090909,579,622,470,1282,989,1332
120,47,52.83,0.24168654173764906,28,46.26470588235294,59.333333333333336,53.09090909090909,582,625,470,1282,991,1333
121,48,52.91,0.24255717255717257,28,46.38235294117647,59.45454545454545,53.09090909090909,584,628,470,1282,993,1334
122,51,53.0,0.2435622641509434,28,46.529411764705884,59.57575757575758,53.09090909090909,587,631,470,1282,995,1335
123,53,53.1,0.2445084745762712,28,46.6764705882353,59.696969696969695,53.121212121212125,590,634,470,1283,997,1336
124,50,53.19,0.24554427523970673,28,46.8235294117647,59.81818181818182,53.121212121212125,593,637,470,1283,999,1337
125,50,53.28,0.2465878378378379,28,46.970588235294116,59.93939393939394,53.121212121212125,596,640,470,1283,1001,1338
126,56,53.37,0.24763912310286684,28,47.11764705882353,60.06060606060606,53.121212121212125,599,643,470,1283,1003,1339
127,53,53.46,0.24869060980172095,28,47.26470588235294,60.18181818181818,53.121212121212125,602,646,470,1283,1005,1340
128,59,53.55,0.24974976657329592,28,47.411764705882355,60.303030303030305,53.121212121212125,605,649,470,1283,1007,1341
129,62,53.64,0.2508165548098434,28,47.55882352941177,60.42424242424242,53.121212121212125,608,652,470,1283,1009,1342
130,56,53.73,0.2518872138470128,28,47.705882352941174,60.54545454545455,53.121212121212125,611,655,470,1283,1011,1343
131,47,53.82,0.25296172426607216,28,47.85294117647059,60.666666666666664,53.121212121212125,614,658,470,1283,1013,1344
132,53,53.91,0.2540363568911148,28,48.0,60.78787878787879,53.121212121212125,617,661,470,1283,1015,1345
133,47,54.0,0.2551148148148148,28,48.14705882352941,60.90909090909091,53.121212121212125,620,664,470,1283,1017,1346
134,44,54.09,0.256189683860233,28,48.294117647058826,61.03030303030303,53.121212121212125,623,667,470,1283,1019,1347
135,47,54.18,0.25726467331118497,28,48.44117647058823,61.15151515151515,53.121212121212125,626,670,470,1283,1021,1348
136,41,54.27,0.2583397825686383,28,48.588235294117645,61.27272727272727,53.121212121212125,629,673,470,1283,1023,1349
137,44,54.36,0.259411331861663,28,48.73529411764706,61.39393939393939,53.121212121212125,632,676,470,1283,1025,1350
138,59,54.45,0.2604793388429752,28,48.88235294117647,61.515151515151516,53.121212121212125,635,679,470,1283,1027,1351
139,53,54.54,0.26154382104877155,28,49.029411764705884,61.63636363636363,53.121212121212125,638,682,470,1283,1029,1352
140,48,54.62,0.2624935920908092,28,49.1764705882353,61.72727272727273,53.121212121212125,641,685,470,1283,1031,1352
141,60,54.71,0.26355510875525495,28,49.3235294117647,61.84848484848485,53.121212121212125,644,688,470,1283,1033,1353
142,54,54.8,0.26461313868613134,28,49.470588235294116,61.96969696969697,53.121212121212125,647,691,470,1283,1035,1354
143,51,54.89,0.26566769903443244,28,49.61764705882353,62.09090909090909,53.121212121212125,650,694,470,1283,1037,1355
144,51,54.98,0.2667224445252819,28,49.76470588235294,62.21212121212121,53.121212121212125,653,697,470,1283,1039,1356
145,48,55.07,0.2677737425095333,28,49.911764705882355,62.333333333333336,53.121212121212125,656,700,470,1283,1041,1357
146,45,55.16,0.26882160986221904,28,50.05882352941177,62.45454545454545,53.121212121212125,659,703,470,1283,1043,1358
147,47,55.26,0.2698407528049222,28,50.205882352941174,62.57575757575758,53.15151515151515,662,706,470,1284,1045,1359
148,52,55.36,0.2708562138728324,28,50.35294117647059,62.696969696969695,53.18181818181818,665,709,470,1285,1047,1360
149,54,55.46,0.27187161918499825,28,50.5,62.81818181818182,53.21212121212121,668,712,470,1286,1049,1361
150,56,55.56,0.2728941684665227,28,50.64705882352941,62.93939393939394,53.24242424242424,671,715,470,1287,1051,1362
151,60,55.67,0.2738009700017963,28,50.8235294117647,63.06060606060606,53.27272727272727,675,718,470,1288,1053,1363
152,57,55.79,0.27478938877935105,28,51.0,63.18181818181818,53.333333333333336,679,721,471,1289,1055,1364
153,60,55.91,0.27579502772312653,28,51.1764705882353,63.303030303030305,53.39393939393939,683,724,472,1290,1057,1365
154,55,56.02,0.27674401999285975,28,51.35294117647059,63.42424242424242,53.42424242424242,687,727,472,1291,1059,1366
155,57,56.12,0.27780470420527437,28,51.5,63.54545454545455,53.45454545454545,690,730,472,1292,1061,1367
156,56,56.22,0.27887228744219145,28,51.64705882352941,63.666666666666664,53.484848484848484,693,733,472,1293,1063,1368
157,49,56.32,0.27993963068181815,28,51.794117647058826,63.78787878787879,53.515151515151516,696,736,472,1294,1065,1369
158,48,56.42,0.28101028004253803,28,51.94117647058823,63.90909090909091,53.54545454545455,699,739,472,1295,1067,1370
159,51,56.51,0.2819766413024243,28,52.088235294117645,64.0,53.57575757575758,702,741,472,1296,1069,1371
160,45,56.6,0.2829469964664311,28,52.23529411764706,64.0909090909091,53.60606060606061,705,743,472,1297,1071,1372
161,42,56.69,0.28391427059446117,28,52.38235294117647,64.18181818181819,53.63636363636363,708,745,472,1298,1073,1373
162,45,56.78,0.28488200070447334,28,52.529411764705884,64.27272727272727,53.666666666666664,711,747,472,1299,1075,1374
163,44,56.88,0.28586497890295365,28,52.6764705882353,64.36363636363636,53.72727272727273,714,749,472,1301,1077,1375
164,46,56.98,0.2869357669357669,28,52.8235294117647,64.48484848484848,53.75757575757576,717,752,472,1302,1079,1376
165,51,57.08,0.28800280308339166,28,52.970588235294116,64.60606060606061,53.78787878787879,720,755,472,1303,1081,1377
166,48,57.17,0.28897148854294213,28,53.088235294117645,64.72727272727273,53.81818181818182,723,758,472,1304,1082,1378
167,48,57.26,0.28993712888578416,28,53.205882352941174,64.84848484848484,53.84848484848485,726,761,472,1305,1083,1379
168,50,57.36,0.2909972105997211,28,53.35294117647059,64.96969696969697,53.878787878787875,729,764,472,1306,1085,1380
169,46,57.46,0.2920536025060912,28,53.5,65.0909090909091,53.90909090909091,732,767,472,1307,1087,1381
170,52,57.55,0.29301303214596003,28,53.61764705882353,65.21212121212122,53.93939393939394,735,770,472,1308,1088,1382
171,52,57.64,0.29397293546148506,28,53.73529411764706,65.33333333333333,53.96969696969697,738,773,472,1309,1089,1383
172,45,57.74,0.29502251472116386,28,53.88235294117647,65.45454545454545,54.0,741,776,472,1310,1091,1384
173,47,57.84,0.2960684647302905,28,54.029411764705884,65.57575757575758,54.03030303030303,744,779,472,1311,1093,1385
174,43,57.94,0.2971108042802899,28,54.1764705882353,65.6969696969697,54.06060606060606,747,782,472,1312,1095,1386
175,33,58.04,0.2981495520330806,28,54.3235294117647,65.81818181818181,54.09090909090909,750,785,472,1313,1097,1387
176,35,58.14,0.2991847265221878,28,54.470588235294116,65.93939393939394,54.121212121212125,753,788,472,1314,1099,1388
177,33,58.22,0.30002061147372033,28,54.588235294117645,66.06060606060606,54.121212121212125,755,791,472,1314,1101,1389
178,29,58.29,0.3007565620174987,28,54.705882352941174,66.15151515151516,54.121212121212125,757,793,472,1314,1103,1390
179,34,58.36,0.3014873200822481,28,54.794117647058826,66.24242424242425,54.15151515151515,759,795,472,1315,1104,1391
180,27,58.43,0.30221632722916314,28,54.88235294117647,66.33333333333333,54.18181818181818,761,797,472,1316,1105,1392
181,20,58.5,0.3029435897435897,28,54.970588235294116,66.42424242424242,54.21212121212121,763,799,472,1317,1106,1393
182,26,58.56,0.303582650273224,28,55.05882352941177,66.51515151515152,54.21212121212121,765,801,472,1317,1107,1394
183,20,58.62,0.3042204025929716,28,55.14705882352941,66.60606060606061,54.21212121212121,767,803,472,1317,1108,1395
184,16,58.66,0.304653937947494,28,55.205882352941174,66.66666666666667,54.21212121212121,769,805,472,1317,1108,1395
185,24,58.7,0.3050868824531516,28,55.26470588235294,66.72727272727273,54.21212121212121,771,807,472,1317,1108,1395
186,20,58.74,0.30551923731699004,28,55.3235294117647,66.78787878787878,54.21212121212121,773,809,472,1317,1108,1395
187,19,58.78,0.3059510037427697,28,55.38235294117647,66.84848484848484,54.21212121212121,775,811,472,1317,1108,1395
188,26,58.83,0.30628760836308005,28,55.470588235294116,66.9090909090909,54.21212121212121,778,813,472,1317,1108,1395
189,21,58.88,0.3066270380434783,28,55.55882352941177,66.96969696969697,54.21212121212121,781,815,472,1317,1108,1395
190,16,58.93,0.3069726794501952,28,55.64705882352941,67.03030303030303,54.21212121212121,784,817,472,1317,1108,1395
191,24,58.97,0.307402068848567,28,55.705882352941174,67.0909090909091,54.21212121212121,786,819,472,1317,1108,1395
192,20,59.01,0.3078308761226911,28,55.76470588235294,67.15151515151516,54.21212121212121,788,821,472,1317,1108,1395
193,16,59.05,0.3082624894157493,28,55.8235294117647,67.21212121212122,54.21212121212121,790,823,472,1317,1108,1395
194,24,59.09,0.3086935183618209,28,55.88235294117647,67.27272727272727,54.21212121212121,792,825,472,1317,1108,1395
195,20,59.13,0.3091239641467952,28,55.94117647058823,67.33333333333333,54.21212121212121,794,827,472,1317,1108,1395
196,16,59.17,0.3095538279533547,28,56.0,67.39393939393939,54.21212121212121,796,829,472,1317,1108,1395
197,24,59.21,0.30998648876878904,28,56.05882352941177,67.45454545454545,54.21212121212121,798,831,472,1317,1108,1395
198,20,59.25,0.31041856540084384,28,56.11764705882353,67.51515151515152,54.21212121212121,800,833,472,1317,1108,1395
199,16,59.29,0.31085005903187723,28,56.1764705882353,67.57575757575758,54.21212121212121,802,835,472,1317,1108,1395
200,24,59.33,0.31128097084105844,28,56.23529411764706,67.63636363636364,54.21212121212121,804,837,472,1317,1108,1395
201,20,59.37,0.3117113020043793,28,56.294117647058826,67.6969696969697,54.21212121212121,806,839,472,1317,1108,1395
202,16,59.41,0.3121410536946642,28,56.35294117647059,67.75757575757575,54.21212121212121,808,841,472,1317,1108,1395
203,24,59.45,0.31257022708158116,28,56.411764705882355,67.81818181818181,54.21212121212121,810,843,472,1317,1108,1395
204,20,59.49,0.3129988233316524,28,56.470588235294116,67.87878787878788,54.21212121212121,812,845,472,1317,1108,1395
205,16,59.53,0.31342684360826467,28,56.529411764705884,67.93939393939394,54.21212121212121,814,847,472,1317,1108,1395
206,24,59.57,0.3138576464663421,28,56.588235294117645,68.0,54.21212121212121,816,849,472,1317,1108,1395
207,20,59.61,0.31428787116255663,28,56.64705882352941,68.06060606060606,54.21212121212121,818,851,472,1317,1108,1395
208,16,59.65,0.3147175188600167,28,56.705882352941174,68.12121212121212,54.21212121212121,820,853,472,1317,1108,1395
209,24,59.69,0.31514659071871337,28,56.76470588235294,68.18181818181819,54.21212121212121,822,855,472,1317,1108,1395
210,20,59.73,0.31557508789552985,28,56.8235294117647,68.24242424242425,54.21212121212121,824,857,472,1317,1108,1395
211,16,59.77,0.316003011544253,28,56.88235294117647,68.3030303030303,54.21212121212121,826,859,472,1317,1108,1395
212,24,59.81,0.31643370673800364,28,56.94117647058823,68.36363636363636,54.21212121212121,828,861,472,1317,1108,1395
213,20,59.85,0.3168638262322473,28,57.0,68.42424242424242,54.21212121212121,830,863,472,1317,1108,1395
214,16,59.89,0.31729337118049755,28,57.05882352941177,68.48484848484848,54.21212121212121,832,865,472,1317,1108,1395
215,24,59.93,0.3177223427331887,28,57.11764705882353,68.54545454545455,54.21212121212121,834,867,472,1317,1108,1395
216,20,59.97,0.31815074203768545,28,57.1764705882353,68.60606060606061,54.21212121212121,836,869,472,1317,1108,1395
217,16,60.01,0.31857857023829367,28,57.23529411764706,68.66666666666667,54.21212121212121,838,871,472,1317,1108,1395
218,24,60.05,0.3190058284762698,28,57.294117647058826,68.72727272727273,54.21212121212121,840,873,472,1317,1108,1395
219,20,60.09,0.3194325178898319,28,57.35294117647059,68.78787878787878,54.21212121212121,842,875,472,1317,1108,1395
220,16,60.13,0.31985863961416927,28,57.411764705882355,68.84848484848484,54.21212121212121,844,877,472,1317,1108,1395
221,24,60.17,0.32028419478145254,28,57.470588235294116,68.9090909090909,54.21212121212121,846,879,472,1317,1108,1395
222,20,60.21,0.3207091845208437,28,57.529411764705884,68.96969696969697,54.21212121212121,848,881,472,1317,1108,1395
223,16,60.25,0.32113360995850626,28,57.588235294117645,69.03030303030303,54.21212121212121,850,883,472,1317,1108,1395
224,24,60.29,0.3215574722176149,28,57.64705882352941,69.0909090909091,54.21212121212121,852,885,472,1317,1108,1395
225,20,60.33,0.3219807724183657,28,57.705882352941174,69.15151515151516,54.21212121212121,854,887,472,1317,1108,1395
226,19,60.37,0.3224035116779858,28,57.76470588235294,69.21212121212122,54.21212121212121,856,889,472,1317,1108,1395
227,26,60.42,0.3228434293280371,28,57.85294117647059,69.27272727272727,54.21212121212121,859,891,472,1317,1108,1395
228,21,60.47,0.3232859269059037,28,57.94117647058823,69.33333333333333,54.21212121212121,862,893,472,1317,1108,1395
229,19,60.52,0.32373760740251156,28,58.029411764705884,69.39393939393939,54.21212121212121,865,895,472,1317,1108,1395
230,26,60.57,0.3241984480766055,28,58.11764705882353,69.45454545454545,54.21212121212121,868,897,472,1317,1108,1395
231,21,60.62,0.32466182777961067,28,58.205882352941174,69.51515151515152,54.21212121212121,871,899,472,1317,1108,1395
232,16,60.67,0.3251310367562222,28,58.294117647058826,69.57575757575758,54.21212121212121,874,901,472,1317,1108,1395
233,24,60.71,0.32554933289408666,28,58.35294117647059,69.63636363636364,54.21212121212121,876,903,472,1317,1108,1395
234,20,60.75,0.32596707818930043,28,58.411764705882355,69.6969696969697,54.21212121212121,878,905,472,1317,1108,1395
235,16,60.79,0.32638427372923173,28,58.470588235294116,69.75757575757575,54.21212121212121,880,907,472,1317,1108,1395
236,24,60.83,0.326800920598389,28,58.529411764705884,69.81818181818181,54.21212121212121,882,909,472,1317,1108,1395
237,20,60.87,0.3272170198784295,28,58.588235294117645,69.87878787878788,54.21212121212121,884,911,472,1317,1108,1395
238,16,60.91,0.3276325726481694,28,58.64705882352941,69.93939393939394,54.21212121212121,886,913,472,1317,1108,1395
239,24,60.95,0.3280475799835931,28,58.705882352941174,70.0,54.21212121212121,888,915,472,1317,1108,1395
240,20,60.99,0.32846204295786197,28,58.76470588235294,70.06060606060606,54.21212121212121,890,917,472,1317,1108,1395
241,16,61.03,0.32887596264132396,28,58.8235294117647,70.12121212121212,54.21212121212121,892,919,472,1317,1108,1395
242,24,61.07,0.3292893401015229,28,58.88235294117647,70.18181818181819,54.21212121212121,894,921,472,1317,1108,1395
243,20,61.11,0.32970217640320726,28,58.94117647058823,70.24242424242425,54.21212121212121,896,923,472,1317,1108,1395
244,16,61.15,0.3301144726083402,28,59.0,70.3030303030303,54.21212121212121,898,925,472,1317,1108,1395
245,24,61.19,0.33052622977610724,28,59.05882352941177,70.36363636363636,54.21212121212121,900,927,472,1317,1108,1395
246,20,61.23,0.33093744896292665,28,59.11764705882353,70.42424242424242,54.21212121212121,902,929,472,1317,1108,1395
247,16,61.27,0.33134813122245804,28,59.1764705882353,70.48484848484848,54.21212121212121,904,931,472,1317,1108,1395
248,24,61.31,0.3317582776056108,28,59.23529411764706,70.54545454545455,54.21212121212121,906,933,472,1317,1108,1395
249,20,61.35,0.33216788916055423,28,59.294117647058826,70.60606060606061,54.21212121212121,908,935,472,1317,1108,1395
250,16,61.39,0.3325769669327252,28,59.35294117647059,70.66666666666667,54.21212121212121,910,937,472,1317,1108,1395
251,27,61.43,0.332985511964838,28,59.411764705882355,70.72727272727273,54.21212121212121,912,939,472,1317,1108,1395
252,25,61.48,0.33331489915419654,28,59.5,70.78787878787878,54.21212121212121,915,941,472,1317,1108,1395
253,22,61.54,0.3334839129021775,28,59.588235294117645,70.84848484848484,54.24242424242424,918,943,473,1317,1108,1395
254,27,61.61,0.3336942054861224,28,59.6764705882353,70.9090909090909,54.303030303030305,921,945,474,1318,1108,1395
255,27,61.67,0.3339662720934004,28,59.73529411764706,70.96969696969697,54.36363636363637,923,947,475,1319,1108,1395
256,23,61.74,0.3341690962099125,28,59.8235294117647,71.06060606060606,54.39393939393939,926,950,476,1319,1108,1395
257,31,61.81,0.3343779323734023,28,59.94117647058823,71.15151515151516,54.39393939393939,929,953,476,1319,1109,1395
258,30,61.88,0.33459276018099543,28,60.05882352941177,71.24242424242425,54.39393939393939,932,956,476,1319,1110,1395
259,31,61.96,0.33485797288573266,28,60.1764705882353,71.33333333333333,54.42424242424242,935,959,477,1319,1111,1395
260,46,62.05,0.33512812248186946,28,60.26470588235294,71.42424242424242,54.515151515151516,937,962,479,1320,1112,1395
261,44,62.16,0.3354311454311454,28,60.38235294117647,71.51515151515152,54.63636363636363,940,965,482,1321,1113,1395
262,40,62.26,0.33572116929007395,28,60.5,71.57575757575758,54.75757575757576,943,967,485,1322,1114,1395
263,48,62.36,0.3360359204618345,28,60.61764705882353,71.63636363636364,54.878787878787875,946,969,488,1323,1115,1395
264,41,62.46,0.33635606788344546,28,60.73529411764706,71.6969696969697,55.0,949,971,491,1324,1116,1395
265,35,62.55,0.3368649080735412,28,60.8235294117647,71.75757575757575,55.121212121212125,952,973,494,1325,1116,1395
266,45,62.63,0.3373415296183937,28,60.911764705882355,71.81818181818181,55.21212121212121,955,975,497,1325,1116,1395
267,40,62.71,0.3378552065061393,28,61.0,71.87878787878788,55.303030303030305,958,977,500,1325,1116,1395
268,35,62.79,0.33838031533683705,28,61.088235294117645,71.93939393939394,55.39393939393939,961,979,503,1325,1116,1395
269,45,62.87,0.3389168124701766,28,61.1764705882353,72.0,55.484848484848484,964,981,506,1325,1116,1395
270,40,62.95,0.33946465448768864,28,61.26470588235294,72.06060606060606,55.57575757575758,967,983,509,1325,1116,1395
271,35,63.03,0.3400237981913375,28,61.35294117647059,72.12121212121212,55.666666666666664,970,985,512,1325,1116,1395
272,45,63.11,0.3406005387418793,28,61.44117647058823,72.18181818181819,55.75757575757576,973,987,515,1325,1116,1395
273,40,63.19,0.34118214907422056,28,61.529411764705884,72.24242424242425,55.84848484848485,976,989,518,1325,1116,1395
274,35,63.27,0.34177493282756444,28,61.61764705882353,72.3030303030303,55.93939393939394,979,991,521,1325,1116,1395
275,45,63.35,0.3423851617995264,28,61.705882352941174,72.36363636363636,56.03030303030303,982,993,524,1325,1116,1395
276,40,63.43,0.3430064638183825,28,61.794117647058826,72.42424242424242,56.121212121212125,985,995,527,1325,1116,1395
277,35,63.51,0.34362620059833093,28,61.88235294117647,72.48484848484848,56.21212121212121,988,997,530,1325,1116,1395
278,45,63.59,0.3442506683440793,28,61.970588235294116,72.54545454545455,56.303030303030305,991,999,533,1325,1116,1395
279,40,63.67,0.3448861316161458,28,62.05882352941177,72.60606060606061,56.39393939393939,994,1001,536,1325,1116,1395
280,35,63.75,0.34552000000000005,28,62.14705882352941,72.66666666666667,56.484848484848484,997,1003,539,1325,1116,1395
281,45,63.83,0.3461522794924016,28,62.23529411764706,72.72727272727273,56.57575757575758,1000,1005,542,1325,1116,1395
282,40,63.91,0.346789234861524,28,62.3235294117647,72.78787878787878,56.666666666666664,1003,1007,545,1325,1116,1395
283,35,63.99,0.3474245975933739,28,62.411764705882355,72.84848484848484,56.75757575757576,1006,1009,548,1325,1116,1395
284,45,64.07,0.34806461682534734,28,62.5,72.9090909090909,56.84848484848485,1009,1011,551,1325,1116,1395
285,40,64.15,0.34870303975058464,28,62.588235294117645,72.96969696969697,56.93939393939394,1012,1013,554,1325,1116,1395
286,35,64.23,0.34933987233380037,28,62.6764705882353,73.03030303030303,57.03030303030303,1015,1015,557,1325,1116,1395
287,45,64.31,0.34998134038252215,28,62.76470588235294,73.0909090909091,57.121212121212125,1018,1017,560,1325,1116,1395
288,40,64.39,0.35062121447429734,28,62.85294117647059,73.15151515151516,57.21212121212121,1021,1019,563,1325,1116,1395
289,35,64.47,0.35125950054288824,28,62.94117647058823,73.21212121212122,57.303030303030305,1024,1021,566,1325,1116,1395
290,45,64.55,0.3518962044926414,28,63.029411764705884,73.27272727272727,57.39393939393939,1027,1023,569,1325,1116,1395
291,40,64.63,0.3525313321986694,28,63.11764705882353,73.33333333333333,57.484848484848484,1030,1025,572,1325,1116,1395
292,35,64.71,0.35316488950703134,28,63.205882352941174,73.39393939393939,57.57575757575758,1033,1027,575,1325,1116,1395
293,45,64.79,0.35379688223491285,28,63.294117647058826,73.45454545454545,57.666666666666664,1036,1029,578,1325,1116,1395
294,40,64.87,0.35442731617080314,28,63.38235294117647,73.51515151515152,57.75757575757576,1039,1031,581,1325,1116,1395
295,35,64.95,0.3550561970746729,28,63.470588235294116,73.57575757575758,57.84848484848485,1042,1033,584,1325,1116,1395
296,45,65.03,0.35568968168537596,28,63.55882352941177,73.63636363636364,57.93939393939394,1045,1035,587,1325,1116,1395
297,40,65.11,0.35632160958378123,28,63.64705882352941,73.6969696969697,58.03030303030303,1048,1037,590,1325,1116,1395
298,35,65.19,0.35695198650099713,28,63.73529411764706,73.75757575757575,58.121212121212125,1051,1039,593,1325,1116,1395
299,45,65.27,0.35758081814003373,28,63.8235294117647,73.81818181818181,58.21212121212121,1054,1041,596,1325,1116,1395
300,40,65.35,0.3582081101759755,28,63.911764705882355,73.87878787878788,58.303030303030305,1057,1043,599,1325,1116,1395
301,35,65.43,0.3588338682561516,28,64.0,73.93939393939394,58.39393939393939,1060,1045,602,1325,1116,1395
302,45,65.51,0.3594580980003053,28,64.08823529411765,74.0,58.484848484848484,1063,1047,605,1325,1116,1395
303,40,65.59,0.36008080500076234,28,64.17647058823529,74.06060606060606,58.57575757575758,1066,1049,608,1325,1116,1395
304,35,65.67,0.3607080858839653,28,64.26470588235294,74.12121212121212,58.666666666666664,1069,1051,611,1325,1116,1395
305,45,65.75,0.3613338403041826,28,64.3529411764706,74.18181818181819,58.75757575757576,1072,1053,614,1325,1116,1395
306,40,65.83,0.3619580738265229,28,64.44117647058823,74.24242424242425,58.84848484848485,1075,1055,617,1325,1116,1395
307,35,65.91,0.36258079198907595,28,64.52941176470588,74.3030303030303,58.93939393939394,1078,1057,620,1325,1116,1395
308,45,65.99,0.3632020003030762,28,64.61764705882354,74.36363636363636,59.03030303030303,1081,1059,623,1325,1116,1395
309,40,66.07,0.363821704253065,28,64.70588235294117,74.42424242424242,59.121212121212125,1084,1061,626,1325,1116,1395
310,35,66.15,0.3644399092970522,28,64.79411764705883,74.48484848484848,59.21212121212121,1087,1063,629,1325,1116,1395
311,45,66.23,0.3650566208666767,28,64.88235294117646,74.54545454545455,59.303030303030305,1090,1065,632,1325,1116,1395
312,40,66.31,0.3656718443673654,28,64.97058823529412,74.60606060606061,59.39393939393939,1093,1067,635,1325,1116,1395
313,35,66.39,0.36628558517849075,28,65.05882352941177,74.66666666666667,59.484848484848484,1096,1069,638,1325,1116,1395
314,45,66.47,0.3668978486535279,28,65.1470588235294,74.72727272727273,59.57575757575758,1099,1071,641,1325,1116,1395
315,43,66.55,0.3675086401202104,28,65.23529411764706,74.78787878787878,59.666666666666664,1102,1073,644,1325,1116,1395
316,40,66.64,0.36807322929171676,28,65.32352941176471,74.84848484848484,59.78787878787879,1105,1075,648,1325,1116,1395
317,54,66.74,0.3685286185196284,28,65.41176470588235,74.9090909090909,59.93939393939394,1108,1077,653,1325,1116,1395
318,52,66.85,0.3688541510845175,28,65.5,75.0,60.09090909090909,1111,1080,658,1325,1116,1395
319,47,66.96,0.36919952210274787,28,65.58823529411765,75.0909090909091,60.24242424242424,1114,1083,663,1325,1116,1395
320,57,67.07,0.3695616520053676,28,65.67647058823529,75.18181818181819,60.39393939393939,1117,1086,668,1325,1116,1395
321,52,67.18,0.3699374813932718,28,65.76470588235294,75.27272727272727,60.54545454545455,1120,1089,673,1325,1116,1395
322,47,67.29,0.3703269430821816,28,65.8529411764706,75.36363636363636,60.696969696969695,1123,1092,678,1325,1116,1395
323,60,67.4,0.37073887240356085,28,65.94117647058823,75.45454545454545,60.84848484848485,1126,1095,683,1325,1116,1395
324,55,67.51,0.37116427195970964,28,66.02941176470588,75.54545454545455,61.0,1129,1098,688,1325,1116,1395
325,50,67.62,0.37160899142265597,28,66.11764705882354,75.63636363636364,61.15151515151515,1132,1101,693,1325,1116,1395
326,60,67.73,0.3720758895614942,28,66.20588235294117,75.72727272727273,61.303030303030305,1135,1104,698,1325,1116,1395
327,55,67.84,0.37256485849056603,28,66.29411764705883,75.81818181818181,61.45454545454545,1138,1107,703,1325,1116,1395
328,50,67.95,0.37305518763796913,28,66.38235294117646,75.9090909090909,61.60606060606061,1141,1110,708,1325,1116,1395
329,60,68.06,0.37355274757566853,28,66.47058823529412,76.0,61.75757575757576,1144,1113,713,1325,1116,1395
330,53,68.19,0.3737923449186098,28,66.58823529411765,76.12121212121212,61.90909090909091,1147,1116,718,1325,1117,1396
331,44,68.31,0.37415751720099544,28,66.67647058823529,76.24242424242425,62.06060606060606,1150,1119,723,1325,1117,1397
332,54,68.42,0.3745513007892429,28,66.76470588235294,76.36363636363636,62.18181818181818,1153,1122,727,1325,1117,1398
333,47,68.52,0.37490367775831873,28,66.8529411764706,76.48484848484848,62.27272727272727,1156,1125,730,1325,1117,1399
334,40,68.62,0.3752666860973477,28,66.94117647058823,76.60606060606061,62.36363636363637,1159,1128,733,1325,1117,1400
335,48,68.72,0.37562863795110596,28,67.02941176470588,76.72727272727273,62.45454545454545,1162,1131,736,1325,1117,1401
336,42,68.81,0.37603981979363466,28,67.11764705882354,76.81818181818181,62.54545454545455,1165,1133,739,1325,1117,1402
337,36,68.9,0.37644992743105954,28,67.20588235294117,76.9090909090909,62.63636363636363,1168,1135,742,1325,1117,1403
338,45,68.99,0.3768589650674011,28,67.29411764705883,77.0,62.72727272727273,1171,1137,745,1325,1117,1404
339,40,69.07,0.37744172578543506,28,67.38235294117646,77.06060606060606,62.81818181818182,1174,1139,748,1325,1117,1404
340,35,69.15,0.3780231381055676,28,67.47058823529412,77.12121212121212,62.90909090909091,1177,1141,751,1325,1117,1404
341,45,69.23,0.3786032067022967,28,67.55882352941177,77.18181818181819,63.0,1180,1143,754,1325,1117,1404
342,40,69.31,0.3791819362285384,28,67.6470588235294,77.24242424242425,63.09090909090909,1183,1145,757,1325,1117,1404
343,35,69.39,0.37976509583513474,28,67.73529411764706,77.3030303030303,63.18181818181818,1186,1147,760,1325,1117,1404
344,45,69.47,0.3803469123362603,28,67.82352941176471,77.36363636363636,63.27272727272727,1189,1149,763,1325,1117,1404
345,40,69.55,0.3809273903666427,28,67.91176470588235,77.42424242424242,63.36363636363637,1192,1151,766,1325,1117,1404
346,35,69.63,0.3815065345397099,28,68.0,77.48484848484848,63.45454545454545,1195,1153,769,1325,1117,1404
347,45,69.71,0.3820900875053794,28,68.08823529411765,77.54545454545455,63.54545454545455,1198,1155,772,1325,1117,1404
348,40,69.79,0.3826723026221521,28,68.17647058823529,77.60606060606061,63.63636363636363,1201,1157,775,1325,1117,1404
349,35,69.87,0.383253184485473,28,68.26470588235294,77.66666666666667,63.72727272727273,1204,1159,778,1325,1117,1404
350,45,69.95,0.3838327376697641,28,68.3529411764706,77.72727272727273,63.81818181818182,1207,1161,781,1325,1117,1404
351,40,70.03,0.3844109667285449,28,68.44117647058823,77.78787878787878,63.90909090909091,1210,1163,784,1325,1117,1404
352,35,70.11,0.38498787619455144,28,68.52941176470588,77.84848484848484,64.0,1213,1165,787,1325,1117,1404
353,45,70.19,0.3855634705798547,28,68.61764705882354,77.9090909090909,64.0909090909091,1216,1167,790,1325,1117,1404
354,40,70.27,0.38613775437597836,28,68.70588235294117,77.96969696969697,64.18181818181819,1219,1169,793,1325,1117,1404
355,35,70.35,0.3867107320540156,28,68.79411764705883,78.03030303030303,64.27272727272727,1222,1171,796,1325,1117,1404
356,45,70.43,0.38728808746272897,28,68.88235294117646,78.0909090909091,64.36363636363636,1225,1173,799,1325,1117,1404
357,40,70.51,0.38786980570131896,28,68.97058823529412,78.15151515151516,64.45454545454545,1228,1175,802,1325,1117,1404
358,35,70.59,0.3884502054115314,28,69.05882352941177,78.21212121212122,64.54545454545455,1231,1177,805,1325,1117,1404
359,45,70.67,0.38902929107117584,28,69.1470588235294,78.27272727272727,64.63636363636364,1234,1179,808,1325,1117,1404
360,40,70.75,0.3896070671378091,28,69.23529411764706,78.33333333333333,64.72727272727273,1237,1181,811,1325,1117,1404
361,35,70.83,0.39018918537342934,28,69.32352941176471,78.39393939393939,64.81818181818181,1240,1183,814,1325,1117,1404
362,45,70.91,0.3907756310816528,28,69.41176470588235,78.45454545454545,64.9090909090909,1243,1185,817,1325,1117,1404
363,40,70.99,0.39136075503592055,28,69.5,78.51515151515152,65.0,1246,1187,820,1325,1117,1404
364,35,71.07,0.39194456169973263,28,69.58823529411765,78.57575757575758,65.0909090909091,1249,1189,823,1325,1117,1404
365,45,71.15,0.3925270555165144,28,69.67647058823529,78.63636363636364,65.18181818181819,1252,1191,826,1325,1117,1404
366,40,71.23,0.39310824090972907,28,69.76470588235294,78.6969696969697,65.27272727272727,1255,1193,829,1325,1117,1404
367,35,71.31,0.39368812228298977,28,69.8529411764706,78.75757575757575,65.36363636363636,1258,1195,832,1325,1117,1404
368,45,71.39,0.3942667040201709,28,69.94117647058823,78.81818181818181,65.45454545454545,1261,1197,835,1325,1117,1404
369,40,71.47,0.39484399048551844,28,70.02941176470588,78.87878787878788,65.54545454545455,1264,1199,838,1325,1117,1404
370,35,71.55,0.39542557651991617,28,70.11764705882354,78.93939393939394,65.63636363636364,1267,1201,841,1325,1117,1404
371,45,71.63,0.39600586346502864,28,70.20588235294117,79.0,65.72727272727273,1270,1203,844,1325,1117,1404
372,40,71.71,0.39658485566866547,28,70.29411764705883,79.06060606060606,65.81818181818181,1273,1205,847,1325,1117,1404
373,35,71.79,0.39716255745925616,28,70.38235294117646,79.12121212121212,65.9090909090909,1276,1207,850,1325,1117,1404
374,45,71.87,0.397738973145958,28,70.47058823529412,79.18181818181819,66.0,1279,1209,853,1325,1117,1404
375,40,71.95,0.398314107018763,28,70.55882352941177,79.24242424242425,66.0909090909091,1282,1211,856,1325,1117,1404
376,35,72.03,0.3988935165903096,28,70.6470588235294,79.3030303030303,66.18181818181819,1285,1213,859,1325,1117,1404
377,45,72.11,0.399471640549161,28,70.73529411764706,79.36363636363636,66.27272727272727,1288,1215,862,1325,1117,1404
378,40,72.19,0.40004848316941405,28,70.82352941176471,79.42424242424242,66.36363636363636,1291,1217,865,1325,1117,1404
379,35,72.27,0.4006240487062405,28,70.91176470588235,79.48484848484848,66.45454545454545,1294,1219,868,1325,1117,1404
380,48,72.35,0.4011983413959917,28,71.0,79.54545454545455,66.54545454545455,1297,1221,871,1325,1117,1404
381,45,72.44,0.401791827719492,28,71.08823529411765,79.63636363636364,66.63636363636364,1300,1224,874,1325,1117,1404
382,41,72.54,0.4022277364212848,28,71.20588235294117,79.72727272727273,66.72727272727273,1304,1227,877,1325,1117,1404
383,51,72.65,0.4024845147969718,28,71.32352941176471,79.84848484848484,66.81818181818181,1308,1231,880,1325,1117,1404
384,46,72.76,0.40274601429356793,28,71.44117647058823,79.96969696969697,66.9090909090909,1312,1235,883,1325,1117,1404
385,41,72.87,0.4030122135309455,28,71.55882352941177,80.0909090909091,67.0,1316,1239,886,1325,1117,1404
386,51,72.98,0.40327761030419296,28,71.67647058823529,80.21212121212122,67.0909090909091,1320,1243,889,1325,1117,1404
387,46,73.09,0.4035449445888631,28,71.79411764705883,80.33333333333333,67.18181818181819,1324,1247,892,1325,1117,1404
388,41,73.2,0.4038142076502732,28,71.91176470588235,80.45454545454545,67.27272727272727,1328,1251,895,1325,1117,1404
389,51,73.31,0.4040826626653935,28,72.02941176470588,80.57575757575758,67.36363636363636,1332,1255,898,1325,1117,1404
390,46,73.42,0.4043530373195315,28,72.1470588235294,80.6969696969697,67.45454545454545,1336,1259,901,1325,1117,1404
391,41,73.53,0.4046226030191758,28,72.26470588235294,80.81818181818181,67.54545454545455,1340,1263,904,1325,1117,1404
392,51,73.64,0.40489679521998917,28,72.38235294117646,80.93939393939394,67.63636363636364,1344,1267,907,1325,1117,1404
393,46,73.75,0.4051728813559322,28,72.5,81.06060606060606,67.72727272727273,1348,1271,910,1325,1117,1404
394,41,73.86,0.40545085296506905,28,72.61764705882354,81.18181818181819,67.81818181818181,1352,1275,913,1325,1117,1404
395,51,73.97,0.4057279978369609,28,72.73529411764706,81.3030303030303,67.9090909090909,1356,1279,916,1325,1117,1404
396,46,74.08,0.4060043196544277,28,72.8529411764706,81.42424242424242,68.0,1360,1283,919,1325,1117,1404
397,41,74.19,0.40627982207844726,28,72.97058823529412,81.54545454545455,68.0909090909091,1364,1287,922,1325,1117,1404
398,51,74.3,0.4065464333781965,28,73.11764705882354,81.63636363636364,68.18181818181819,1368,1290,925,1325,1118,1404
399,44,74.4,0.40696774193548385,28,73.23529411764706,81.72727272727273,68.27272727272727,1371,1293,928,1325,1119,1404
400,38,74.49,0.40734729493891797,28,73.3529411764706,81.78787878787878,68.36363636363636,1374,1295,931,1325,1120,1404
401,53,74.58,0.40772593188522394,28,73.47058823529412,81.84848484848484,68.45454545454545,1377,1297,934,1325,1121,1404
402,46,74.68,0.40794322442421,28,73.58823529411765,81.93939393939394,68.54545454545455,1380,1300,937,1325,1122,1404
403,39,74.78,0.40816261032361595,28,73.70588235294117,82.03030303030303,68.63636363636364,1383,1303,940,1325,1123,1404
404,47,74.88,0.4083814102564103,28,73.82352941176471,82.12121212121212,68.72727272727273,1386,1306,943,1325,1124,1404
405,41,74.97,0.4087621715352808,28,73.94117647058823,82.18181818181819,68.81818181818181,1389,1308,946,1325,1125,1404
406,35,75.06,0.4091420197175593,28,74.05882352941177,82.24242424242425,68.9090909090909,1392,1310,949,1325,1126,1404
407,48,75.14,0.4096859196167155,28,74.1470588235294,82.3030303030303,69.0,1395,1312,952,1325,1126,1404
408,45,75.23,0.4100638043333777,28,74.26470588235294,82.36363636363636,69.0909090909091,1398,1314,955,1325,1127,1404
409,39,75.32,0.4104407859798194,28,74.38235294117646,82.42424242424242,69.18181818181819,1401,1316,958,1325,1128,1404
410,48,75.41,0.4108195199575653,28,74.5,82.48484848484848,69.27272727272727,1404,1318,961,1325,1129,1404
411,45,75.5,0.41119735099337745,28,74.61764705882354,82.54545454545455,69.36363636363636,1407,1320,964,1325,1130,1404
412,38,75.6,0.41160582010582014,28,74.73529411764706,82.60606060606061,69.48484848484848,1410,1322,968,1325,1131,1404
413,46,75.7,0.41201585204755614,28,74.8529411764706,82.66666666666667,69.60606060606061,1413,1324,972,1325,1132,1404
414,40,75.79,0.41258609315213085,28,74.94117647058823,82.72727272727273,69.72727272727273,1416,1326,976,1325,1132,1404
415,35,75.87,0.41312112824568337,28,75.02941176470588,82.78787878787878,69.81818181818181,1419,1328,979,1325,1132,1404
416,45,75.95,0.4136550362080316,28,75.11764705882354,82.84848484848484,69.9090909090909,1422,1330,982,1325,1132,1404
417,40,76.03,0.4141878205971327,28,75.20588235294117,82.9090909090909,70.0,1425,1332,985,1325,1132,1404
418,35,76.11,0.41471948495598476,28,75.29411764705883,82.96969696969697,70.0909090909091,1428,1334,988,1325,1132,1404
419,45,76.19,0.41525003281270506,28,75.38235294117646,83.03030303030303,70.18181818181819,1431,1336,991,1325,1132,1404
420,40,76.27,0.41577946768060836,28,75.47058823529412,83.0909090909091,70.27272727272727,1434,1338,994,1325,1132,1404
421,35,76.35,0.4163077930582842,28,75.55882352941177,83.15151515151516,70.36363636363636,1437,1340,997,1325,1132,1404
422,45,76.43,0.41683501242967425,28,75.6470588235294,83.21212121212122,70.45454545454545,1440,1342,1000,1325,1132,1404
423,40,76.51,0.4173611292641485,28,75.73529411764706,83.27272727272727,70.54545454545455,1443,1344,1003,1325,1132,1404
424,35,76.59,0.41788614701658183,28,75.82352941176471,83.33333333333333,70.63636363636364,1446,1346,1006,1325,1132,1404
425,45,76.67,0.4184100691274293,28,75.91176470588235,83.39393939393939,70.72727272727273,1449,1348,1009,1325,1132,1404
426,40,76.75,0.4189328990228013,28,76.0,83.45454545454545,70.81818181818181,1452,1350,1012,1325,1132,1404
427,38,76.83,0.4194546401145386,28,76.08823529411765,83.51515151515152,70.9090909090909,1455,1352,1015,1325,1132,1404
428,47,76.92,0.41982319292771714,28,76.20588235294117,83.57575757575758,71.0,1459,1354,1018,1325,1132,1404
429,44,77.01,0.42019088430074014,28,76.32352941176471,83.63636363636364,71.0909090909091,1463,1356,1021,1325,1132,1404
430,40,77.11,0.4205537543768642,28,76.47058823529412,83.6969696969697,71.18181818181819,1467,1358,1024,1325,1133,1404
431,52,77.2,0.42107512953367876,28,76.58823529411765,83.75757575757575,71.27272727272727,1470,1360,1027,1325,1134,1404
432,51,77.3,0.42154204398447603,28,76.70588235294117,83.84848484848484,71.36363636363636,1473,1363,1030,1325,1135,1404
433,44,77.4,0.42201291989664086,28,76.82352941176471,83.93939393939394,71.45454545454545,1476,1366,1033,1325,1136,1404
434,61,77.5,0.4224903225806452,28,76.94117647058823,84.03030303030303,71.54545454545455,1479,1369,1036,1325,1137,1404
435,60,77.6,0.4229819587628866,28,77.05882352941177,84.12121212121212,71.63636363636364,1482,1372,1039,1325,1138,1404
436,53,77.7,0.42348777348777344,28,77.17647058823529,84.21212121212122,71.72727272727273,1485,1375,1042,1325,1139,1404
437,67,77.8,0.42400257069408737,28,77.29411764705883,84.3030303030303,71.81818181818181,1488,1378,1045,1325,1140,1404
438,63,77.9,0.4245263157894737,28,77.41176470588235,84.39393939393939,71.9090909090909,1491,1381,1048,1325,1141,1404
439,59,78.0,0.42505128205128206,28,77.52941176470588,84.48484848484848,72.0,1494,1384,1051,1325,1142,1404
440,67,78.1,0.42557746478873243,28,77.6470588235294,84.57575757575758,72.0909090909091,1497,1387,1054,1325,1143,1404
441,63,78.2,0.42610997442455245,28,77.76470588235294,84.66666666666667,72.18181818181819,1500,1390,1057,1325,1144,1404
442,62,78.3,0.4266411238825032,28,77.88235294117646,84.75757575757575,72.27272727272727,1503,1393,1060,1325,1145,1404
443,76,78.4,0.4271785714285714,28,78.0,84.84848484848484,72.36363636363636,1506,1396,1063,1325,1146,1404
444,69,78.5,0.42772229299363057,28,78.11764705882354,84.93939393939394,72.45454545454545,1509,1399,1066,1325,1147,1404
445,62,78.6,0.42826972010178116,28,78.23529411764706,85.03030303030303,72.54545454545455,1512,1402,1069,1325,1148,1404
446,73,78.7,0.4288182973316391,28,78.3529411764706,85.12121212121212,72.63636363636364,1515,1405,1072,1325,1149,1404
447,72,78.8,0.42936802030456855,28,78.47058823529412,85.21212121212122,72.72727272727273,1518,1408,1075,1325,1150,1404
448,65,78.9,0.42992141951837765,28,78.58823529411765,85.3030303030303,72.81818181818181,1521,1411,1078,1325,1151,1404
449,76,79.0,0.430473417721519,28,78.70588235294117,85.39393939393939,72.9090909090909,1524,1414,1081,1325,1152,1404
450,69,79.1,0.43102402022756003,28,78.82352941176471,85.48484848484848,73.0,1527,1417,1084,1325,1153,1404
451,68,79.2,0.4315732323232323,28,78.94117647058823,85.57575757575758,73.0909090909091,1530,1420,1087,1325,1154,1404
452,76,79.3,0.4321210592686003,28,79.05882352941177,85.66666666666667,73.18181818181819,1533,1423,1090,1325,1155,1404
453,75,79.4,0.4326725440806045,28,79.17647058823529,85.75757575757575,73.27272727272727,1536,1426,1093,1325,1156,1404
454,68,79.5,0.43322515723270444,28,79.29411764705883,85.84848484848484,73.36363636363636,1539,1429,1096,1325,1157,1404
455,79,79.6,0.4337788944723618,28,79.41176470588235,85.93939393939394,73.45454545454545,1542,1432,1099,1325,1158,1404
456,78,79.7,0.43433375156838144,28,79.52941176470588,86.03030303030303,73.54545454545455,1545,1435,1102,1325,1159,1404
457,71,79.8,0.43488721804511277,28,79.6470588235294,86.12121212121212,73.63636363636364,1548,1438,1105,1325,1160,1404
458,76,79.9,0.4354392991239049,28,79.76470588235294,86.21212121212122,73.72727272727273,1551,1441,1108,1325,1161,1404
459,75,80.0,0.43599,28,79.88235294117646,86.3030303030303,73.81818181818181,1554,1444,1111,1325,1162,1404
460,74,80.1,0.4365393258426966,28,80.0,86.39393939393939,73.9090909090909,1557,1447,1114,1325,1163,1404
461,79,80.2,0.4370872817955112,28,80.11764705882354,86.48484848484848,74.0,1560,1450,1117,1325,1164,1404
462,75,80.3,0.43763387297633877,28,80.23529411764706,86.57575757575758,74.0909090909091,1563,1453,1120,1325,1165,1404
463,68,80.4,0.438181592039801,28,80.3529411764706,86.66666666666667,74.18181818181819,1566,1456,1123,1325,1166,1404
464,70,80.5,0.438727950310559,28,80.47058823529412,86.75757575757575,74.27272727272727,1569,1459,1126,1325,1167,1404
465,75,80.6,0.43927543424317617,28,80.58823529411765,86.84848484848484,74.36363636363636,1572,1462,1129,1325,1168,1404
466,71,80.7,0.4398215613382899,28,80.70588235294117,86.93939393939394,74.45454545454545,1575,1465,1132,1325,1169,1404
467,79,80.8,0.44036633663366337,28,80.82352941176471,87.03030303030303,74.54545454545455,1578,1468,1135,1325,1170,1404
468,87,80.9,0.4409097651421508,28,80.94117647058823,87.12121212121212,74.63636363636364,1581,1471,1138,1325,1171,1404
469,80,81.0,0.4414518518518518,28,81.05882352941177,87.21212121212122,74.72727272727273,1584,1474,1141,1325,1172,1404
470,88,81.1,0.44199260172626387,28,81.17647058823529,87.3030303030303,74.81818181818181,1587,1477,1144,1325,1173,1404
471,81,81.2,0.4425320197044335,28,81.29411764705883,87.39393939393939,74.9090909090909,1590,1480,1147,1325,1174,1404
472,80,81.3,0.443070110701107,28,81.41176470588235,87.48484848484848,75.0,1593,1483,1150,1325,1175,1404
473,88,81.4,0.4436068796068796,28,81.52941176470588,87.57575757575758,75.0909090909091,1596,1486,1153,1325,1176,1404
474,81,81.5,0.4441423312883435,28,81.6470588235294,87.66666666666667,75.18181818181819,1599,1489,1156,1325,1177,1404
475,83,81.6,0.4446764705882353,28,81.76470588235294,87.75757575757575,75.27272727272727,1602,1492,1159,1325,1178,1404
476,88,81.7,0.44520930232558137,28,81.88235294117646,87.84848484848484,75.36363636363636,1605,1495,1162,1325,1179,1404
477,78,81.8,0.4457432762836186,28,82.0,87.93939393939394,75.45454545454545,1608,1498,1165,1325,1180,1404
478,74,81.9,0.44627594627594624,28,82.11764705882354,88.03030303030303,75.54545454545455,1611,1501,1168,1325,1181,1404
479,82,82.0,0.44680731707317073,28,82.23529411764706,88.12121212121212,75.63636363636364,1614,1504,1171,1325,1182,1404
480,81,82.1,0.44733739342265527,28,82.3529411764706,88.21212121212122,75.72727272727273,1617,1507,1174,1325,1183,1404
481,71,82.2,0.4478661800486618,28,82.47058823529412,88.3030303030303,75.81818181818181,1620,1510,1177,1325,1184,1404
482,79,82.3,0.44839368165249094,28,82.58823529411765,88.39393939393939,75.9090909090909,1623,1513,1180,1325,1185,1404
483,78,82.4,0.44891990291262135,28,82.70588235294117,88.48484848484848,76.0,1626,1516,1183,1325,1186,1404
484,71,82.5,0.4494448484848485,28,82.82352941176471,88.57575757575758,76.0909090909091,1629,1519,1186,1325,1187,1404
485,76,82.6,0.4499685230024213,28,82.94117647058823,88.66666666666667,76.18181818181819,1632,1522,1189,1325,1188,1404
486,75,82.7,0.450490931076179,28,83.05882352941177,88.75757575757575,76.27272727272727,1635,1525,1192,1325,1189,1404
487,80,82.8,0.4510144927536232,28,83.17647058823529,88.84848484848484,76.36363636363636,1638,1528,1195,1325,1190,1404
488,88,82.9,0.45153679131483715,28,83.29411764705883,88.93939393939394,76.45454545454545,1641,1531,1198,1325,1191,1404
489,78,83.0,0.4520578313253012,28,83.41176470588235,89.03030303030303,76.54545454545455,1644,1534,1201,1325,1192,1404
490,80,83.1,0.4525776173285198,28,83.52941176470588,89.12121212121212,76.63636363636364,1647,1537,1204,1325,1193,1404
491,82,83.2,0.4530961538461538,28,83.6470588235294,89.21212121212122,76.72727272727273,1650,1540,1207,1325,1194,1404
492,75,83.3,0.4536134453781513,28,83.76470588235294,89.3030303030303,76.81818181818181,1653,1543,1210,1325,1195,1404
493,68,83.4,0.4541294964028777,28,83.88235294117646,89.39393939393939,76.9090909090909,1656,1546,1213,1325,1196,1404
494,85,83.5,0.45464431137724554,28,84.0,89.48484848484848,77.0,1659,1549,1216,1325,1197,1404
495,87,83.6,0.4551578947368421,28,84.11764705882354,89.57575757575758,77.0909090909091,1662,1552,1219,1325,1198,1404
496,82,83.71,0.4555286106797276,28,84.26470588235294,89.66666666666667,77.18181818181819,1666,1555,1222,1325,1199,1404
497,83,83.82,0.455898353614889,28,84.41176470588235,89.75757575757575,77.27272727272727,1670,1558,1225,1325,1200,1404
498,78,83.93,0.45627189324437034,28,84.55882352941177,89.84848484848484,77.36363636363636,1674,1561,1228,1325,1201,1404
499,71,84.03,0.45678091157919787,28,84.67647058823529,89.93939393939394,77.45454545454545,1677,1564,1231,1325,1202,1404
500,82,84.13,0.45728871983834546,28,84.79411764705883,90.03030303030303,77.54545454545455,1680,1567,1234,1325,1203,1404
501,78,84.23,0.45779532233171083,28,84.91176470588235,90.12121212121212,77.63636363636364,1683,1570,1237,1325,1204,1404
502,71,84.33,0.458300723348749,28,85.02941176470588,90.21212121212122,77.72727272727273,1686,1573,1240,1325,1205,1404
503,79,84.43,0.4588049271585929,28,85.1470588235294,90.3030303030303,77.81818181818181,1689,1576,1243,1325,1206,1404
504,78,84.53,0.4593079380101739,28,85.26470588235294,90.39393939393939,77.9090909090909,1692,1579,1246,1325,1207,1404
505,74,84.63,0.45980976013234076,28,85.38235294117646,90.48484848484848,78.0,1695,1582,1249,1325,1208,1404
506,79,84.73,0.4603103977339785,28,85.5,90.57575757575758,78.0909090909091,1698,1585,1252,1325,1209,1404
507,81,84.83,0.46080985500412586,28,85.61764705882354,90.66666666666667,78.18181818181819,1701,1588,1255,1325,1210,1404
508,77,84.93,0.4613081361120923,28,85.73529411764706,90.75757575757575,78.27272727272727,1704,1591,1258,1325,1211,1404
509,82,85.03,0.4618052452075738,28,85.8529411764706,90.84848484848484,78.36363636363636,1707,1594,1261,1325,1212,1404
510,75,85.13,0.46230118642076823,28,85.97058823529412,90.93939393939394,78.45454545454545,1710,1597,1264,1325,1213,1404
511,73,85.24,0.4627897700610042,28,86.08823529411765,91.06060606060606,78.54545454545455,1713,1600,1267,1325,1214,1405
512,77,85.35,0.4632770943175161,28,86.20588235294117,91.18181818181819,78.63636363636364,1716,1603,1270,1325,1215,1406
513,69,85.46,0.4637678446056635,28,86.32352941176471,91.3030303030303,78.72727272727273,1719,1606,1273,1325,1216,1407
514,64,85.57,0.46426200771298354,28,86.44117647058823,91.42424242424242,78.81818181818181,1722,1609,1276,1325,1217,1408
515,80,85.68,0.4647595704948646,28,86.55882352941177,91.54545454545455,78.9090909090909,1725,1612,1279,1325,1218,1409
516,72,85.79,0.46525818860006996,28,86.67647058823529,91.66666666666667,79.0,1728,1615,1282,1325,1219,1410
517,67,85.9,0.46575785797438884,28,86.79411764705883,91.78787878787878,79.0909090909091,1731,1618,1285,1325,1220,1411
518,74,86.01,0.46626089989536096,28,86.91176470588235,91.9090909090909,79.18181818181819,1734,1621,1288,1325,1221,1412
519,63,86.12,0.46676265675801204,28,87.02941176470588,92.03030303030303,79.27272727272727,1737,1624,1291,1325,1222,1413
520,55,86.23,0.46726545285863386,28,87.1470588235294,92.15151515151516,79.36363636363636,1740,1627,1294,1325,1223,1414
521,56,86.34,0.4677669678017141,28,87.26470588235294,92.27272727272727,79.45454545454545,1743,1630,1297,1325,1224,1415
522,51,86.45,0.4682672064777328,28,87.38235294117646,92.39393939393939,79.54545454545455,1746,1633,1300,1325,1225,1416
523,49,86.56,0.4687684842883549,28,87.5,92.51515151515152,79.63636363636364,1749,1636,1303,1325,1226,1417
524,59,86.67,0.4692707972770278,28,87.61764705882354,92.63636363636364,79.72727272727273,1752,1639,1306,1325,1227,1418
525,51,86.78,0.46958054851348235,28,87.73529411764706,92.78787878787878,79.78787878787878,1755,1643,1308,1325,1228,1419
526,54,86.9,0.4699079401611047,28,87.8529411764706,92.93939393939394,79.87878787878788,1758,1647,1310,1326,1229,1420
527,66,87.02,0.4702344288669271,28,87.97058823529412,93.0909090909091,79.96969696969697,1761,1651,1312,1327,1230,1421
528,64,87.13,0.4707046941352003,28,88.08823529411765,93.21212121212122,80.06060606060606,1764,1654,1314,1328,1231,1422
529,62,87.24,0.4711760660247593,28,88.20588235294117,93.33333333333333,80.15151515151516,1767,1657,1316,1329,1232,1423
530,66,87.35,0.4716485403548941,28,88.32352941176471,93.45454545454545,80.24242424242425,1770,1660,1318,1330,1233,1424
531,55,87.46,0.47212211296592727,28,88.44117647058823,93.57575757575758,80.33333333333333,1773,1663,1320,1331,1234,1425
532,54,87.56,0.4725810872544541,28,88.55882352941177,93.6969696969697,80.39393939393939,1776,1666,1322,1331,1235,1426
533,59,87.66,0.4730412959160393,28,88.67647058823529,93.81818181818181,80.45454545454545,1779,1669,1324,1331,1236,1427
534,48,87.77,0.47354335194257724,28,88.79411764705883,93.93939393939394,80.54545454545455,1782,1672,1327,1331,1237,1428
535,47,87.87,0.4740036417434847,28,88.91176470588235,94.06060606060606,80.60606060606061,1785,1675,1329,1331,1238,1429
536,57,87.98,0.4745078426915208,28,89.02941176470588,94.18181818181819,80.6969696969697,1788,1678,1332,1331,1239,1430
537,49,88.09,0.47501078442501987,28,89.1470588235294,94.3030303030303,80.78787878787878,1791,1681,1335,1331,1240,1431
538,47,88.2,0.4755124716553288,28,89.26470588235294,94.42424242424242,80.87878787878788,1794,1684,1338,1331,1241,1432
539,52,88.3,0.4759705549263873,28,89.38235294117646,94.54545454545455,80.93939393939394,1797,1687,1340,1331,1242,1433
540,44,88.41,0.47647211853862687,28,89.5,94.66666666666667,81.03030303030303,1800,1690,1343,1331,1243,1434
541,43,88.51,0.47693029036267093,28,89.61764705882354,94.78787878787878,81.0909090909091,1803,1693,1345,1331,1244,1435
542,52,88.6,0.4773408577878104,28,89.70588235294117,94.9090909090909,81.15151515151516,1805,1696,1347,1331,1245,1436
543,51,88.7,0.4776820744081172,28,89.8529411764706,95.03030303030303,81.18181818181819,1809,1699,1348,1331,1246,1437
544,53,88.83,0.4778126758977823,28,90.0,95.18181818181819,81.27272727272727,1813,1703,1351,1331,1247,1438
545,58,88.96,0.4779496402877698,28,90.1470588235294,95.33333333333333,81.36363636363636,1817,1707,1354,1331,1248,1439
546,52,89.08,0.4780511899416255,28,90.26470588235294,95.48484848484848,81.45454545454545,1820,1711,1357,1331,1249,1440
547,46,89.2,0.4781569506726457,28,90.38235294117646,95.63636363636364,81.54545454545455,1823,1715,1360,1331,1250,1441
548,49,89.32,0.4782669055082848,28,90.5,95.78787878787878,81.63636363636364,1826,1719,1363,1331,1251,1442
549,43,89.44,0.47839445438282646,28,90.61764705882354,95.93939393939394,81.72727272727273,1829,1723,1366,1331,1252,1443
550,35,89.55,0.4784935790061418,28,90.73529411764706,96.0909090909091,81.78787878787878,1832,1727,1368,1331,1253,1444
551,47,89.67,0.4786428013828482,28,90.8529411764706,96.24242424242425,81.87878787878788,1835,1731,1371,1331,1254,1445
552,39,89.78,0.4787658721318779,28,90.97058823529412,96.36363636363636,81.96969696969697,1838,1734,1374,1331,1255,1446
553,38,89.88,0.4788518024032043,28,91.08823529411765,96.48484848484848,82.03030303030303,1841,1737,1376,1331,1256,1447
554,53,90.0,0.4790377777777778,28,91.23529411764706,96.60606060606061,82.12121212121212,1845,1740,1379,1331,1257,1448
555,49,90.13,0.4792732719405304,28,91.38235294117646,96.75757575757575,82.21212121212122,1849,1744,1382,1331,1258,1449
556,48,90.26,0.47951030356747176,28,91.52941176470588,96.9090909090909,82.3030303030303,1853,1748,1385,1331,1259,1450
557,62,90.39,0.4797555039274256,28,91.6470588235294,97.06060606060606,82.42424242424242,1856,1752,1389,1331,1260,1451
558,64,90.52,0.48000441891294743,28,91.76470588235294,97.21212121212122,82.54545454545455,1859,1756,1393,1331,1261,1452
559,62,90.66,0.48030443414956986,28,91.91176470588235,97.36363636363636,82.66666666666667,1863,1760,1397,1331,1262,1453
560,69,90.8,0.48061233480176213,28,92.05882352941177,97.51515151515152,82.78787878787878,1867,1764,1401,1331,1263,1454
561,73,90.94,0.4809368814603035,28,92.20588235294117,97.66666666666667,82.9090909090909,1871,1768,1405,1331,1264,1455
562,68,91.08,0.4812692138779095,28,92.3529411764706,97.81818181818181,83.03030303030303,1875,1772,1409,1331,1265,1456
563,72,91.22,0.4816092962069722,28,92.5,97.96969696969697,83.15151515151516,1879,1776,1413,1331,1266,1457
564,76,91.36,0.48195490367775834,28,92.6470588235294,98.12121212121212,83.27272727272727,1883,1780,1417,1331,1267,1458
565,68,91.5,0.4823038251366121,28,92.79411764705883,98.27272727272727,83.39393939393939,1887,1784,1421,1331,1268,1459
566,72,91.64,0.48266041030117857,28,92.94117647058823,98.42424242424242,83.51515151515152,1891,1788,1425,1331,1269,1460
567,76,91.78,0.48288951841359773,28,93.11764705882354,98.57575757575758,83.60606060606061,1895,1792,1428,1331,1271,1461
568,65,91.92,0.48312880765883376,28,93.29411764705883,98.72727272727273,83.6969696969697,1899,1796,1431,1331,1273,1462
569,72,92.06,0.4833717140995003,28,93.47058823529412,98.87878787878788,83.78787878787878,1903,1800,1434,1331,1275,1463
570,73,92.2,0.4837093275488069,28,93.6470588235294,99.0,83.9090909090909,1907,1803,1438,1331,1277,1464
571,59,92.34,0.4840524149880875,28,93.82352941176471,99.12121212121212,84.03030303030303,1911,1806,1442,1331,1279,1465
572,60,92.48,0.4843987889273357,28,94.0,99.24242424242425,84.15151515151516,1915,1809,1446,1331,1281,1466
573,64,92.62,0.4847484344633988,28,94.17647058823529,99.36363636363636,84.27272727272727,1919,1812,1450,1331,1283,1467
574,59,92.76,0.4849525657611039,28,94.3529411764706,99.51515151515152,84.36363636363636,1923,1816,1453,1331,1285,1468
575,65,92.91,0.48520826606393286,28,94.52941176470588,99.66666666666667,84.48484848484848,1927,1820,1457,1331,1287,1469
576,65,93.06,0.485471738663228,28,94.70588235294117,99.81818181818181,84.60606060606061,1931,1824,1461,1331,1289,1470
577,60,93.2,0.4858755364806867,28,94.8529411764706,99.96969696969697,84.72727272727273,1935,1828,1465,1331,1290,1471
578,70,93.34,0.48628455110349256,28,95.0,100.12121212121212,84.84848484848484,1939,1832,1469,1331,1291,1472
579,68,93.48,0.4866987590928541,28,95.1470588235294,100.27272727272727,84.96969696969697,1943,1836,1473,1331,1292,1473
580,69,93.62,0.4871160008545183,28,95.29411764705883,100.42424242424242,85.0909090909091,1947,1840,1477,1331,1293,1474
581,73,93.76,0.48754266211604097,28,95.44117647058823,100.57575757575758,85.21212121212122,1951,1844,1481,1331,1294,1475
582,65,93.9,0.48797444089456865,28,95.58823529411765,100.72727272727273,85.33333333333333,1955,1848,1485,1331,1295,1476
583,63,94.04,0.4884091875797533,28,95.73529411764706,100.87878787878788,85.45454545454545,1959,1852,1489,1331,1296,1477
584,69,94.19,0.4886962522560781,28,95.91176470588235,101.03030303030303,85.57575757575758,1964,1856,1493,1331,1297,1478
585,63,94.34,0.4889866440534238,28,96.08823529411765,101.18181818181819,85.6969696969697,1969,1860,1497,1331,1298,1479
586,66,94.49,0.48928458037887607,28,96.26470588235294,101.33333333333333,85.81818181818181,1974,1864,1501,1331,1299,1480
587,67,94.63,0.48974004015639866,28,96.41176470588235,101.48484848484848,85.93939393939394,1978,1868,1505,1331,1300,1481
588,65,94.77,0.4902004853856706,28,96.55882352941177,101.63636363636364,86.06060606060606,1982,1872,1509,1331,1301,1482
589,54,94.91,0.49066378674533767,28,96.70588235294117,101.78787878787878,86.18181818181819,1986,1876,1513,1331,1302,1483
590,70,95.05,0.491127827459232,28,96.8529411764706,101.93939393939394,86.3030303030303,1990,1880,1517,1331,1303,1484
591,65,95.19,0.49159470532618976,28,97.0,102.0909090909091,86.42424242424242,1994,1884,1521,1331,1304,1485
592,63,95.33,0.49206440784642824,28,97.1470588235294,102.24242424242425,86.54545454545455,1998,1888,1525,1331,1305,1486
593,73,95.47,0.49253482769456375,28,97.29411764705883,102.39393939393939,86.66666666666667,2002,1892,1529,1331,1306,1487
594,68,95.61,0.4930080535508838,28,97.44117647058823,102.54545454545455,86.78787878787878,2006,1896,1533,1331,1307,1488
595,66,95.75,0.4934840731070496,28,97.58823529411765,102.6969696969697,86.9090909090909,2010,1900,1537,1331,1308,1489
596,76,95.89,0.4939649598498279,28,97.73529411764706,102.84848484848484,87.03030303030303,2014,1904,1541,1331,1309,1490
597,65,96.03,0.4944444444444444,28,97.88235294117646,103.0,87.15151515151516,2018,1908,1545,1331,1310,1491
598,60,96.17,0.49492461266507226,28,98.02941176470588,103.15151515151516,87.27272727272727,2022,1912,1549,1331,1311,1492
599,76,96.31,0.4954054615304745,28,98.17647058823529,103.3030303030303,87.39393939393939,2026,1916,1553,1331,1312,1493
600,71,96.45,0.4958869880767237,28,98.32352941176471,103.45454545454545,87.51515151515152,2030,1920,1557,1331,1313,1494
601,60,96.59,0.49636918935707636,28,98.47058823529412,103.60606060606061,87.63636363636364,2034,1924,1561,1331,1314,1495
602,76,96.73,0.4968499948309728,28,98.61764705882354,103.75757575757575,87.75757575757575,2038,1928,1565,1331,1315,1496
603,68,96.87,0.49732941055022195,28,98.76470588235294,103.9090909090909,87.87878787878788,2042,1932,1569,1331,1316,1497
604,57,97.01,0.49780950417482733,28,98.91176470588235,104.06060606060606,88.0,2046,1936,1573,1331,1317,1498
605,70,97.15,0.49829233144621715,28,99.05882352941177,104.21212121212122,88.12121212121212,2050,1940,1577,1331,1318,1499
606,68,97.29,0.4987737691437969,28,99.20588235294117,104.36363636363636,88.24242424242425,2054,1944,1581,1331,1319,1500
607,66,97.43,0.4992558760135482,28,99.3529411764706,104.51515151515152,88.36363636363636,2058,1948,1585,1331,1320,1501
608,79,97.57,0.49973659936455883,28,99.5,104.66666666666667,88.48484848484848,2062,1952,1589,1331,1321,1502
609,74,97.71,0.5002179920171937,28,99.6470588235294,104.81818181818181,88.60606060606061,2066,1956,1593,1331,1322,1503
610,69,97.85,0.5006980071538069,28,99.79411764705883,104.96969696969697,88.72727272727273,2070,1960,1597,1331,1323,1504
611,77,97.98,0.5011349254949989,28,99.94117647058823,105.12121212121212,88.81818181818181,2074,1964,1600,1331,1324,1505
612,81,98.12,0.5016123114553608,28,100.08823529411765,105.27272727272727,88.93939393939394,2078,1968,1604,1331,1325,1506
613,76,98.26,0.5020883370649297,28,100.23529411764706,105.42424242424242,89.06060606060606,2082,1972,1608,1331,1326,1507
614,80,98.4,0.5025650406504065,28,100.38235294117646,105.57575757575758,89.18181818181819,2086,1976,1612,1331,1327,1508
615,81,98.54,0.5030444489547392,28,100.52941176470588,105.72727272727273,89.3030303030303,2090,1980,1616,1331,1328,1509
616,76,98.68,0.5035245237130117,28,100.67647058823529,105.87878787878788,89.42424242424242,2094,1984,1620,1331,1329,1510
617,83,98.82,0.5040032382108884,28,100.82352941176471,106.03030303030303,89.54545454545455,2098,1988,1624,1331,1330,1511
618,81,98.96,0.5044805982215036,28,100.97058823529412,106.18181818181819,89.66666666666667,2102,1992,1628,1331,1331,1512
619,82,99.1,0.5049566094853684,28,101.11764705882354,106.33333333333333,89.78787878787878,2106,1996,1632,1331,1332,1513
620,89,99.24,0.5054312777106006,28,101.26470588235294,106.48484848484848,89.9090909090909,2110,2000,1636,1331,1333,1514
621,84,99.38,0.5059046085731536,28,101.41176470588235,106.63636363636364,90.03030303030303,2114,2004,1640,1331,1334,1515
622,79,99.52,0.5063766077170418,28,101.55882352941177,106.78787878787878,90.15151515151516,2118,2008,1644,1331,1335,1516
623,86,99.66,0.5068472807545655,28,101.70588235294117,106.93939393939394,90.27272727272727,2122,2012,1648,1331,1336,1517
624,84,99.8,0.5073166332665331,28,101.8529411764706,107.0909090909091,90.39393939393939,2126,2016,1652,1331,1337,1518
625,88,99.94,0.5077846708024815,28,102.0,107.24242424242425,90.51515151515152,2130,2020,1656,1331,1338,1519
626,95,100.08,0.5082513988808953,28,102.1470588235294,107.39393939393939,90.63636363636364,2134,2024,1660,1331,1339,1520
627,90,100.22,0.5087168229894232,28,102.29411764705883,107.54545454545455,90.75757575757575,2138,2028,1664,1331,1340,1521
628,85,100.36,0.5091809485850937,28,102.44117647058823,107.6969696969697,90.87878787878788,2142,2032,1668,1331,1341,1522
629,97,100.51,0.5095443239478659,28,102.61764705882354,107.84848484848484,91.0,2147,2036,1672,1331,1342,1523
630,88,100.66,0.5099145638784025,28,102.79411764705883,108.0,91.12121212121212,2152,2040,1676,1331,1343,1524
631,97,100.81,0.5102896538041861,28,102.97058823529412,108.15151515151516,91.24242424242425,2157,2044,1680,1331,1344,1525
632,103,100.96,0.5106636291600634,28,103.1470588235294,108.3030303030303,91.36363636363636,2162,2048,1684,1331,1345,1526
633,100,101.11,0.5110424290376817,28,103.32352941176471,108.45454545454545,91.48484848484848,2167,2052,1688,1331,1346,1527
634,103,101.26,0.5114240568832709,28,103.5,108.60606060606061,91.60606060606061,2172,2056,1692,1331,1347,1528
635,112,101.41,0.5118085001479143,28,103.67647058823529,108.75757575757575,91.72727272727273,2177,2060,1696,1331,1348,1529
636,100,101.56,0.512199684915321,28,103.8529411764706,108.9090909090909,91.84848484848484,2182,2064,1700,1331,1349,1530
637,92,101.7,0.5125585054080629,28,104.02941176470588,109.06060606060606,91.93939393939394,2187,2068,1703,1331,1350,1531
638,101,101.85,0.5129553264604811,28,104.20588235294117,109.21212121212122,92.06060606060606,2192,2072,1707,1331,1351,1532
639,92,102.0,0.5133509803921569,28,104.38235294117646,109.36363636363636,92.18181818181819,2197,2076,1711,1331,1352,1533
640,86,102.15,0.5137493881546745,28,104.55882352941177,109.51515151515152,92.3030303030303,2202,2080,1715,1331,1353,1534
641,96,102.29,0.5141216150161306,28,104.73529411764706,109.66666666666667,92.39393939393939,2207,2084,1718,1331,1354,1535
642,84,102.44,0.5145372901210464,28,104.91176470588235,109.81818181818181,92.51515151515152,2212,2088,1722,1331,1355,1536
643,84,102.59,0.5149575982064529,28,105.08823529411765,109.96969696969697,92.63636363636364,2217,2092,1726,1331,1356,1537
644,96,102.74,0.5153825189799494,28,105.26470588235294,110.12121212121212,92.75757575757575,2222,2096,1730,1331,1357,1538
645,85,102.88,0.5157717729393468,28,105.41176470588235,110.27272727272727,92.87878787878788,2226,2100,1734,1331,1358,1539
646,86,103.02,0.516161910308678,28,105.55882352941177,110.42424242424242,93.0,2230,2104,1738,1331,1359,1540
647,87,103.16,0.5165548662272199,28,105.70588235294117,110.57575757575758,93.12121212121212,2234,2108,1742,1331,1360,1541
648,74,103.29,0.5169203214251137,28,105.8529411764706,110.6969696969697,93.24242424242425,2238,2112,1746,1331,1361,1541
649,73,103.42,0.5172887255849933,28,106.0,110.81818181818181,93.36363636363636,2242,2116,1750,1331,1362,1541
650,87,103.55,0.5176600676001931,28,106.1470588235294,110.93939393939394,93.48484848484848,2246,2120,1754,1331,1363,1541
651,76,103.69,0.5180605651461085,28,106.29411764705883,111.0909090909091,93.60606060606061,2250,2124,1758,1331,1364,1542
652,74,103.83,0.51845998266397,28,106.44117647058823,111.24242424242425,93.72727272727273,2254,2128,1762,1331,1365,1543
653,80,103.95,0.5188061568061568,28,106.55882352941177,111.36363636363636,93.84848484848484,2258,2132,1766,1331,1365,1543
654,77,104.07,0.5191553761891035,28,106.67647058823529,111.48484848484848,93.96969696969697,2262,2136,1770,1331,1365,1543
655,74,104.19,0.5195037911507822,28,106.79411764705883,111.60606060606061,94.0909090909091,2266,2140,1774,1331,1365,1543
656,80,104.31,0.5198533218291631,28,106.91176470588235,111.72727272727273,94.21212121212122,2270,2144,1778,1331,1365,1543
657,74,104.43,0.5202020492195729,28,107.02941176470588,111.84848484848484,94.33333333333333,2274,2148,1782,1331,1365,1543
658,71,104.55,0.5205518890483023,28,107.1470588235294,111.96969696969697,94.45454545454545,2278,2152,1786,1331,1365,1543
659,83,104.67,0.520904748256425,28,107.26470588235294,112.0909090909091,94.57575757575758,2282,2156,1790,1331,1365,1543
660,77,104.79,0.5212606164710373,28,107.38235294117646,112.21212121212122,94.6969696969697,2286,2160,1794,1331,1365,1543
661,77,104.91,0.5216156705747784,28,107.5,112.33333333333333,94.81818181818181,2290,2164,1798,1331,1365,1543
662,83,105.03,0.5219718175759307,28,107.61764705882354,112.45454545454545,94.93939393939394,2294,2168,1802,1331,1365,1543
663,71,105.15,0.5223271516880647,28,107.73529411764706,112.57575757575758,95.06060606060606,2298,2172,1806,1331,1365,1543
664,74,105.27,0.52268167569108,28,107.8529411764706,112.6969696969697,95.18181818181819,2302,2176,1810,1331,1365,1543
665,86,105.39,0.5230353923522155,28,107.97058823529412,112.81818181818181,95.3030303030303,2306,2180,1814,1331,1365,1543
666,80,105.51,0.5233901999810445,28,108.08823529411765,112.93939393939394,95.42424242424242,2310,2184,1818,1331,1365,1543
667,74,105.63,0.5237460948594149,28,108.20588235294117,113.06060606060606,95.54545454545455,2314,2188,1822,1331,1365,1543
668,86,105.75,0.524101182033097,28,108.32352941176471,113.18181818181819,95.66666666666667,2318,2192,1826,1331,1365,1543
669,74,105.87,0.5244592424671768,28,108.44117647058823,113.3030303030303,95.78787878787878,2322,2196,1830,1331,1365,1543
670,71,105.99,0.5248164921218983,28,108.55882352941177,113.42424242424242,95.9090909090909,2326,2200,1834,1331,1365,1543
671,86,106.11,0.5251748185844878,28,108.67647058823529,113.54545454545455,96.03030303030303,2330,2204,1838,1331,1365,1543
672,80,106.23,0.5255323354984468,28,108.79411764705883,113.66666666666667,96.15151515151516,2334,2208,1842,1331,1365,1543
673,74,106.35,0.5258909261871181,28,108.91176470588235,113.78787878787878,96.27272727272727,2338,2212,1846,1331,1365,1543
674,80,106.47,0.5262487085564009,28,109.02941176470588,113.9090909090909,96.39393939393939,2342,2216,1850,1331,1365,1543
675,80,106.59,0.5266056853363356,28,109.1470588235294,114.03030303030303,96.51515151515152,2346,2220,1854,1331,1365,1543
676,80,106.71,0.5269618592446819,28,109.26470588235294,114.15151515151516,96.63636363636364,2350,2224,1858,1331,1365,1543
677,86,106.83,0.5273191051202846,28,109.38235294117646,114.27272727272727,96.75757575757575,2354,2228,1862,1331,1365,1543
678,74,106.95,0.5276755493221131,28,109.5,114.39393939393939,96.87878787878788,2358,2232,1866,1331,1365,1543
679,68,107.07,0.5280311945456243,28,109.61764705882354,114.51515151515152,97.0,2362,2236,1870,1331,1365,1543
680,77,107.19,0.5283860434742047,28,109.73529411764706,114.63636363636364,97.12121212121212,2366,2240,1874,1331,1365,1543
681,77,107.31,0.5287419625384401,28,109.8529411764706,114.75757575757575,97.24242424242425,2370,2244,1878,1331,1365,1543
682,80,107.43,0.5290970864749139,28,109.97058823529412,114.87878787878788,97.36363636363636,2374,2248,1882,1331,1365,1543
683,89,107.55,0.5294514179451418,28,110.08823529411765,115.0,97.48484848484848,2378,2252,1886,1331,1365,1543
684,77,107.67,0.529804959598774,28,110.20588235294117,115.12121212121212,97.60606060606061,2382,2256,1890,1331,1365,1543
685,76,107.8,0.5300575139146568,28,110.32352941176471,115.27272727272727,97.72727272727273,2386,2260,1894,1331,1365,1544
686,87,107.93,0.5303131659408876,28,110.44117647058823,115.42424242424242,97.84848484848484,2390,2264,1898,1331,1365,1545
687,80,108.06,0.5305682028502684,28,110.55882352941177,115.57575757575758,97.96969696969697,2394,2268,1902,1331,1365,1546
688,76,108.19,0.5308300212588963,28,110.67647058823529,115.72727272727273,98.0909090909091,2398,2272,1906,1331,1365,1547
689,90,108.32,0.5310967503692762,28,110.79411764705883,115.87878787878788,98.21212121212122,2402,2276,1910,1331,1365,1548
690,89,108.45,0.5313646841862609,28,110.91176470588235,116.03030303030303,98.33333333333333,2406,2280,1914,1331,1365,1549
691,82,108.58,0.5316375023024498,28,111.02941176470588,116.18181818181819,98.45454545454545,2410,2284,1918,1331,1365,1550
692,90,108.71,0.5319133474381382,28,111.1470588235294,116.33333333333333,98.57575757575758,2414,2288,1922,1331,1365,1551
693,83,108.84,0.5321940463065049,28,111.26470588235294,116.48484848484848,98.6969696969697,2418,2292,1926,1331,1365,1552
694,79,108.97,0.5324832522712674,28,111.38235294117646,116.63636363636364,98.81818181818181,2422,2296,1930,1331,1365,1553
695,93,109.1,0.5327736021998166,28,111.5,116.78787878787878,98.93939393939394,2426,2300,1934,1331,1365,1554
696,86,109.23,0.53306875400531,28,111.61764705882354,116.93939393939394,99.06060606060606,2430,2304,1938,1331,1365,1555
697,88,109.36,0.5333632040965618,28,111.73529411764706,117.0909090909091,99.18181818181819,2434,2308,1942,1331,1365,1556
698,93,109.49,0.5336587816238926,28,111.8529411764706,117.24242424242425,99.3030303030303,2438,2312,1946,1331,1365,1557
699,83,109.62,0.5339609560299216,28,111.97058823529412,117.39393939393939,99.42424242424242,2442,2316,1950,1331,1365,1558
700,85,109.75,0.5342733485193621,28,112.08823529411765,117.54545454545455,99.54545454545455,2446,2320,1954,1331,1365,1559
701,90,109.88,0.5345904623225336,28,112.20588235294117,117.6969696969697,99.66666666666667,2450,2324,1958,1331,1365,1560
702,80,110.01,0.5349104626852105,28,112.32352941176471,117.84848484848484,99.78787878787878,2454,2328,1962,1331,1365,1561
703,84,110.15,0.5351221062187925,28,112.47058823529412,118.0,99.9090909090909,2458,2332,1966,1331,1366,1562
704,91,110.29,0.535338652643032,28,112.61764705882354,118.15151515151516,100.03030303030303,2462,2336,1970,1331,1367,1563
705,80,110.43,0.5355600833106946,28,112.76470588235294,118.3030303030303,100.15151515151516,2466,2340,1974,1331,1368,1564
706,75,110.57,0.5357845708600886,28,112.91176470588235,118.45454545454545,100.27272727272727,2470,2344,1978,1331,1369,1565
707,79,110.71,0.5360157167374221,28,113.05882352941177,118.60606060606061,100.39393939393939,2474,2348,1982,1331,1370,1566
708,74,110.85,0.5362516914749661,28,113.20588235294117,118.75757575757575,100.51515151515152,2478,2352,1986,1331,1371,1567
709,75,110.99,0.5364978826921345,28,113.3529411764706,118.9090909090909,100.63636363636364,2482,2356,1990,1331,1372,1568
710,88,111.13,0.5367488526950419,28,113.5,119.06060606060606,100.75757575757575,2486,2360,1994,1331,1373,1569
711,82,111.28,0.5368799424874191,28,113.67647058823529,119.21212121212122,100.87878787878788,2490,2364,1998,1331,1375,1570
712,76,111.43,0.5370178587454008,28,113.8529411764706,119.36363636363636,101.0,2494,2368,2002,1331,1377,1571
713,82,111.58,0.5371589890661409,28,114.02941176470588,119.51515151515152,101.12121212121212,2498,2372,2006,1331,1379,1572
714,70,111.73,0.5373051105343238,28,114.20588235294117,119.66666666666667,101.24242424242425,2502,2376,2010,1331,1381,1573
715,64,111.88,0.537457990704326,28,114.38235294117646,119.81818181818181,101.36363636363636,2506,2380,2014,1331,1383,1574
716,68,112.02,0.5375915015175861,28,114.55882352941177,119.96969696969697,101.45454545454545,2510,2384,2017,1331,1385,1575
717,54,112.16,0.5377300285306705,28,114.73529411764706,120.12121212121212,101.54545454545455,2514,2388,2020,1331,1387,1576
718,49,112.3,0.5378717720391808,28,114.91176470588235,120.27272727272727,101.63636363636364,2518,2392,2023,1331,1389,1577
719,57,112.43,0.5379978653384329,28,115.08823529411765,120.39393939393939,101.72727272727273,2522,2395,2026,1331,1391,1578
720,48,112.55,0.5381314971123945,28,115.26470588235294,120.48484848484848,101.81818181818181,2526,2398,2029,1331,1393,1578
721,45,112.67,0.5382701695216118,28,115.41176470588235,120.60606060606061,101.9090909090909,2529,2402,2032,1331,1395,1578
722,51,112.79,0.5384138664775245,28,115.55882352941177,120.72727272727273,102.0,2532,2406,2035,1331,1397,1578
723,40,112.9,0.5386784765279008,28,115.67647058823529,120.84848484848484,102.0909090909091,2535,2410,2038,1331,1398,1578
724,36,113.0,0.5389362831858407,28,115.76470588235294,120.96969696969697,102.18181818181819,2537,2414,2041,1331,1399,1578
725,46,113.08,0.5392041032897064,28,115.82352941176471,121.06060606060606,102.27272727272727,2539,2417,2044,1331,1399,1578
726,38,113.16,0.5394715447154471,28,115.88235294117646,121.15151515151516,102.36363636363636,2541,2420,2047,1331,1399,1578
727,36,113.24,0.5397386082656306,28,115.94117647058823,121.24242424242425,102.45454545454545,2543,2423,2050,1331,1399,1578
728,49,113.32,0.5400052947405577,28,116.0,121.33333333333333,102.54545454545455,2545,2426,2053,1331,1399,1578
729,43,113.41,0.5402795167974606,28,116.08823529411765,121.42424242424242,102.63636363636364,2548,2429,2056,1331,1399,1578
730,42,113.51,0.5405752797110387,28,116.20588235294117,121.51515151515152,102.72727272727273,2552,2432,2059,1331,1399,1578
731,52,113.62,0.5408906882591092,28,116.32352941176471,121.60606060606061,102.84848484848484,2556,2435,2063,1331,1399,1578
732,44,113.73,0.5412054866789765,28,116.44117647058823,121.6969696969697,102.96969696969697,2560,2438,2067,1331,1399,1578
733,42,113.84,0.5415196767392831,28,116.55882352941177,121.78787878787878,103.0909090909091,2564,2441,2071,1331,1399,1578
734,52,113.95,0.5418332602018429,28,116.67647058823529,121.87878787878788,103.21212121212122,2568,2444,2075,1331,1399,1578
735,44,114.06,0.5421462388216728,28,116.79411764705883,121.96969696969697,103.33333333333333,2572,2447,2079,1331,1399,1578
736,45,114.17,0.5424586143470264,28,116.91176470588235,122.06060606060606,103.45454545454545,2576,2450,2083,1331,1399,1578
737,60,114.29,0.5427885204304839,28,117.02941176470588,122.18181818181819,103.57575757575758,2580,2454,2087,1331,1399,1578
738,63,114.41,0.5431177344637707,28,117.1470588235294,122.3030303030303,103.6969696969697,2584,2458,2091,1331,1399,1578
739,63,114.53,0.5434462586221951,28,117.26470588235294,122.42424242424242,103.81818181818181,2588,2462,2095,1331,1399,1578
740,81,114.65,0.5437740950719582,28,117.38235294117646,122.54545454545455,103.93939393939394,2592,2466,2099,1331,1399,1578
741,81,114.77,0.5441029885858675,28,117.5,122.66666666666667,104.06060606060606,2596,2470,2103,1331,1399,1578
742,78,114.89,0.5444311950561407,28,117.61764705882354,122.78787878787878,104.18181818181819,2600,2474,2107,1331,1399,1578
743,87,115.01,0.5447587166333362,28,117.73529411764706,122.9090909090909,104.3030303030303,2604,2478,2111,1331,1399,1578
744,77,115.14,0.5450599270453361,28,117.88235294117646,123.03030303030303,104.42424242424242,2608,2482,2115,1331,1400,1578
745,78,115.28,0.5453747397640527,28,118.02941176470588,123.18181818181819,104.54545454545455,2612,2487,2119,1331,1401,1578
746,91,115.42,0.5456887887714434,28,118.17647058823529,123.33333333333333,104.66666666666667,2616,2492,2123,1331,1402,1578
747,89,115.56,0.5460055382485289,28,118.32352941176471,123.48484848484848,104.78787878787878,2620,2497,2127,1331,1403,1578
748,87,115.7,0.5463249783923941,28,118.47058823529412,123.63636363636364,104.9090909090909,2624,2502,2131,1331,1404,1578
749,97,115.84,0.5466470994475138,28,118.61764705882354,123.78787878787878,105.03030303030303,2628,2507,2135,1331,1405,1578
750,95,115.98,0.5469701672702191,28,118.76470588235294,123.93939393939394,105.15151515151516,2632,2512,2139,1331,1406,1578
751,101,116.13,0.5471962455868423,28,118.91176470588235,124.12121212121212,105.27272727272727,2636,2517,2143,1331,1407,1579
752,110,116.28,0.5474269005847954,28,119.05882352941177,124.3030303030303,105.39393939393939,2640,2522,2147,1331,1408,1580
753,98,116.43,0.547656961264279,28,119.20588235294117,124.48484848484848,105.51515151515152,2644,2527,2151,1331,1409,1581
754,98,116.58,0.5478950077200205,28,119.3529411764706,124.66666666666667,105.63636363636364,2648,2532,2155,1331,1410,1582
755,101,116.73,0.5481375824552386,28,119.5,124.84848484848484,105.75757575757575,2652,2537,2159,1331,1411,1583
756,104,116.88,0.5483812457221081,28,119.6470588235294,125.03030303030303,105.87878787878788,2656,2542,2163,1331,1412,1584
757,101,117.03,0.5486311202255831,28,119.79411764705883,125.21212121212122,106.0,2660,2547,2167,1331,1413,1585
758,107,117.18,0.5488871821129886,28,119.94117647058823,125.39393939393939,106.12121212121212,2664,2552,2171,1331,1414,1586
759,113,117.33,0.5491459984658654,28,120.08823529411765,125.57575757575758,106.24242424242425,2668,2557,2175,1331,1415,1587
760,107,117.48,0.5494160708205652,28,120.23529411764706,125.75757575757575,106.36363636363636,2672,2562,2179,1331,1416,1588
761,107,117.63,0.5496871546374225,28,120.38235294117646,125.93939393939394,106.48484848484848,2676,2567,2183,1331,1417,1589
762,110,117.78,0.5499609441331296,28,120.52941176470588,126.12121212121212,106.60606060606061,2680,2572,2187,1331,1418,1590
763,110,117.93,0.5502340371406766,28,120.67647058823529,126.3030303030303,106.72727272727273,2684,2577,2191,1331,1419,1591
764,104,118.08,0.5505081300813008,28,120.82352941176471,126.48484848484848,106.84848484848484,2688,2582,2195,1331,1420,1592
765,104,118.23,0.550788294003214,28,120.97058823529412,126.66666666666667,106.96969696969697,2692,2587,2199,1331,1421,1593
766,110,118.38,0.551077884777834,28,121.11764705882354,126.84848484848484,107.0909090909091,2696,2592,2203,1331,1422,1594
767,116,118.53,0.551373491942968,28,121.26470588235294,127.03030303030303,107.21212121212122,2700,2597,2207,1331,1423,1595
768,113,118.68,0.5516717222783957,28,121.41176470588235,127.21212121212122,107.33333333333333,2704,2602,2211,1331,1424,1596
769,116,118.83,0.5519725658503745,28,121.55882352941177,127.39393939393939,107.45454545454545,2708,2607,2215,1331,1425,1597
770,112,118.99,0.552210269770569,28,121.70588235294117,127.60606060606061,107.57575757575758,2712,2612,2219,1331,1426,1599
771,111,119.15,0.5524523709609735,28,121.8529411764706,127.81818181818181,107.6969696969697,2716,2617,2223,1331,1427,1601
772,113,119.31,0.5526971754253625,28,122.0,128.03030303030303,107.81818181818181,2720,2622,2227,1331,1428,1603
773,115,119.47,0.5529446723026701,28,122.1470588235294,128.24242424242425,107.93939393939394,2724,2627,2231,1331,1429,1605
774,123,119.63,0.5531965226113851,28,122.29411764705883,128.45454545454547,108.06060606060606,2728,2632,2235,1331,1430,1607
775,124,119.8,0.5533455759599333,28,122.47058823529412,128.66666666666666,108.18181818181819,2732,2637,2239,1331,1432,1609
776,122,119.97,0.5535058764691173,28,122.6470588235294,128.87878787878788,108.3030303030303,2736,2642,2243,1331,1434,1611
777,137,120.15,0.5536803995006242,28,122.8529411764706,129.0909090909091,108.42424242424242,2741,2647,2247,1331,1436,1613
778,134,120.33,0.5538627108784177,28,123.05882352941177,129.3030303030303,108.54545454545455,2746,2652,2251,1331,1438,1615
779,134,120.51,0.554049456476641,28,123.26470588235294,129.5151515151515,108.66666666666667,2751,2657,2255,1331,1440,1617
780,146,120.69,0.5542373021791367,28,123.47058823529412,129.72727272727272,108.78787878787878,2756,2662,2259,1331,1442,1619
781,140,120.87,0.5544312070819889,28,123.67647058823529,129.93939393939394,108.9090909090909,2761,2667,2263,1331,1444,1621
782,133,121.06,0.5546241533124071,28,123.88235294117646,130.1818181818182,109.03030303030303,2766,2672,2267,1331,1446,1624
783,128,121.26,0.5547435263071087,28,124.08823529411765,130.45454545454547,109.15151515151516,2771,2677,2271,1331,1448,1628
784,120,121.46,0.55487238597069,28,124.29411764705883,130.72727272727272,109.27272727272727,2776,2682,2275,1331,1450,1632
785,123,121.67,0.5549675351360236,28,124.5,131.03030303030303,109.39393939393939,2781,2687,2279,1331,1452,1637
786,117,121.88,0.5550344601247129,28,124.70588235294117,131.33333333333334,109.51515151515152,2786,2692,2283,1331,1454,1642
787,109,122.08,0.5550524246395806,28,124.88235294117646,131.63636363636363,109.63636363636364,2791,2696,2287,1331,1455,1648
788,109,122.29,0.5550110393327337,28,125.05882352941177,131.96969696969697,109.75757575757575,2796,2700,2291,1331,1456,1655
789,107,122.49,0.5550191852396114,28,125.20588235294117,132.3030303030303,109.87878787878788,2800,2705,2295,1331,1457,1661
790,126,122.69,0.5550403455864373,28,125.3529411764706,132.63636363636363,110.0,2804,2710,2299,1331,1458,1667
791,116,122.91,0.5550541046294036,28,125.52941176470588,133.0,110.12121212121212,2809,2715,2303,1331,1459,1674
792,122,123.12,0.5551104613385315,28,125.70588235294117,133.33333333333334,110.24242424242425,2814,2720,2307,1331,1460,1680
793,127,123.34,0.5551856656396952,28,125.91176470588235,133.66666666666666,110.36363636363636,2819,2725,2311,1331,1462,1686
794,123,123.56,0.5552767886047265,28,126.11764705882354,134.0,110.48484848484848,2824,2730,2315,1331,1464,1692
795,123,123.77,0.5553841803344914,28,126.32352941176471,134.3030303030303,110.60606060606061,2829,2735,2319,1331,1466,1697
796,127,123.97,0.5554787448576268,28,126.52941176470588,134.57575757575756,110.72727272727273,2834,2739,2323,1331,1468,1702
797,118,124.18,0.5555677242712193,28,126.73529411764706,134.87878787878788,110.84848484848484,2839,2743,2327,1331,1470,1708
798,112,124.39,0.5556773052496182,28,126.94117647058823,135.1818181818182,110.96969696969697,2844,2747,2331,1331,1472,1714
799,110,124.59,0.5557982181555502,28,127.1470588235294,135.45454545454547,111.0909090909091,2849,2751,2335,1331,1474,1719
800,105,124.79,0.5559283596442023,28,127.3529411764706,135.72727272727272,111.21212121212122,2854,2755,2339,1331,1476,1724
801,95,124.98,0.5561001760281645,28,127.55882352941177,135.96969696969697,111.33333333333333,2859,2759,2343,1331,1478,1728
802,102,125.18,0.5563157053842467,28,127.76470588235294,136.24242424242425,111.45454545454545,2864,2764,2347,1331,1480,1732
803,106,125.38,0.5565401180411549,28,127.97058823529412,136.5151515151515,111.57575757575758,2869,2769,2351,1331,1482,1736
804,97,125.59,0.5567170953101361,28,128.1764705882353,136.78787878787878,111.72727272727273,2874,2774,2355,1332,1484,1740
805,97,125.8,0.5569252782193959,28,128.38235294117646,137.0909090909091,111.84848484848484,2879,2779,2359,1332,1486,1745
806,88,125.98,0.5571249404667408,28,128.58823529411765,137.33333333333334,111.93939393939394,2884,2783,2362,1332,1488,1749
807,77,126.15,0.5573119302417756,28,128.76470588235293,137.57575757575756,112.03030303030303,2888,2787,2365,1332,1490,1753
808,80,126.33,0.5575247368004432,28,128.97058823529412,137.8181818181818,112.12121212121212,2893,2791,2368,1332,1492,1757
809,80,126.51,0.5577400995968698,28,129.1764705882353,138.06060606060606,112.21212121212122,2898,2795,2371,1332,1494,1761
810,75,126.65,0.5579131464666404,28,129.2941176470588,138.27272727272728,112.3030303030303,2901,2798,2374,1332,1495,1765
811,78,126.8,0.55802523659306,28,129.44117647058823,138.4848484848485,112.39393939393939,2904,2802,2377,1332,1497,1768
812,79,126.94,0.5581392783992437,28,129.55882352941177,138.6969696969697,112.48484848484848,2907,2806,2380,1332,1498,1771
813,80,127.08,0.5582546427447277,28,129.6764705882353,138.9090909090909,112.57575757575758,2910,2810,2383,1332,1499,1774
814,80,127.23,0.5583313683879588,28,129.7941176470588,139.12121212121212,112.6969696969697,2913,2814,2386,1333,1500,1777
815,79,127.39,0.558438652955491,28,129.91176470588235,139.36363636363637,112.81818181818181,2916,2819,2389,1334,1501,1780
816,75,127.55,0.5585488043904351,28,130.02941176470588,139.6060606060606,112.93939393939394,2919,2824,2392,1335,1502,1783
817,70,127.69,0.5586694337849479,28,130.14705882352942,139.8181818181818,113.03030303030303,2922,2828,2395,1335,1503,1786
818,75,127.82,0.5587607573149742,28,130.26470588235293,140.0,113.12121212121212,2925,2831,2398,1335,1504,1789
819,70,127.96,0.5588871522350735,28,130.38235294117646,140.21212121212122,113.21212121212122,2928,2835,2401,1335,1505,1792
820,68,128.1,0.5590148321623731,28,130.5,140.42424242424244,113.3030303030303,2931,2839,2404,1335,1506,1795
821,69,128.24,0.5591437928883344,28,130.61764705882354,140.63636363636363,113.39393939393939,2934,2843,2407,1335,1507,1798
822,68,128.37,0.5592435927397367,28,130.73529411764707,140.8181818181818,113.48484848484848,2937,2846,2410,1335,1508,1801
823,72,128.51,0.5593767022021633,28,130.85294117647058,141.03030303030303,113.57575757575758,2940,2850,2413,1335,1509,1804
824,66,128.66,0.5594668117519043,28,130.97058823529412,141.24242424242425,113.6969696969697,2943,2854,2417,1335,1510,1807
825,65,128.82,0.5594767893184288,28,131.08823529411765,141.45454545454547,113.84848484848484,2946,2858,2422,1335,1511,1810
826,70,128.98,0.5593859513102807,28,131.23529411764707,141.63636363636363,114.0,2950,2861,2427,1335,1512,1813
827,69,129.14,0.5593077280470807,28,131.38235294117646,141.84848484848484,114.12121212121212,2954,2865,2431,1335,1513,1816
828,62,129.3,0.5592436194895591,28,131.52941176470588,142.06060606060606,114.24242424242425,2958,2869,2435,1335,1514,1819
829,62,129.45,0.5591556585554268,28,131.6764705882353,142.27272727272728,114.33333333333333,2962,2873,2438,1335,1515,1822
830,63,129.59,0.5590469943668492,28,131.8235294117647,142.45454545454547,114.42424242424242,2966,2876,2441,1335,1516,1825
831,60,129.74,0.5589748728225682,28,131.97058823529412,142.66666666666666,114.51515151515152,2970,2880,2444,1335,1517,1828
832,60,129.89,0.5589090769112326,28,132.11764705882354,142.87878787878788,114.60606060606061,2974,2884,2447,1335,1518,1831
833,65,130.05,0.5587412533640908,28,132.2941176470588,143.0909090909091,114.6969696969697,2979,2888,2450,1335,1519,1834
834,65,130.2,0.5585545314900153,28,132.47058823529412,143.27272727272728,114.78787878787878,2984,2891,2453,1335,1520,1837
835,67,130.36,0.5584090211721388,28,132.64705882352942,143.4848484848485,114.87878787878788,2989,2895,2456,1335,1521,1840
836,64,130.51,0.55837943452609,28,132.7941176470588,143.6969696969697,114.96969696969697,2994,2899,2459,1335,1521,1843
837,58,130.66,0.5583606306444207,28,132.94117647058823,143.9090909090909,115.06060606060606,2999,2903,2462,1335,1521,1846
838,68,130.8,0.5583165137614678,28,133.08823529411765,144.0909090909091,115.15151515151516,3004,2906,2465,1335,1521,1849
839,71,130.95,0.5583375334096984,28,133.23529411764707,144.27272727272728,115.27272727272727,3009,2910,2469,1335,1521,1851
840,70,131.11,0.5582571886202425,28,133.41176470588235,144.45454545454547,115.39393939393939,3014,2914,2473,1335,1522,1853
841,78,131.27,0.5581846575759885,28,133.58823529411765,144.63636363636363,115.51515151515152,3019,2918,2477,1335,1523,1855
842,75,131.42,0.5580885709937605,28,133.76470588235293,144.78787878787878,115.63636363636364,3024,2921,2481,1335,1524,1857
843,75,131.57,0.5579987839173064,28,133.94117647058823,144.93939393939394,115.75757575757575,3029,2924,2485,1335,1525,1859
844,86,131.73,0.5579146739543005,28,134.11764705882354,145.12121212121212,115.87878787878788,3034,2927,2489,1335,1526,1862
845,81,131.9,0.5578665655799848,28,134.2941176470588,145.33333333333334,116.0,3039,2931,2493,1335,1527,1865
846,82,132.07,0.5578261527977587,28,134.47058823529412,145.54545454545453,116.12121212121212,3044,2935,2497,1335,1528,1868
847,87,132.26,0.5577876909118403,28,134.64705882352942,145.8181818181818,116.24242424242425,3049,2940,2501,1335,1529,1872
848,90,132.44,0.5577227423739052,28,134.8235294117647,146.06060606060606,116.36363636363636,3054,2944,2505,1335,1530,1876
849,93,132.62,0.5577952043432363,28,134.97058823529412,146.3030303030303,116.51515151515152,3058,2948,2510,1335,1531,1880
850,95,132.81,0.5578051351554852,28,135.11764705882354,146.54545454545453,116.6969696969697,3062,2952,2515,1336,1532,1884
851,96,133.01,0.5577152093827532,28,135.2941176470588,146.78787878787878,116.87878787878788,3066,2956,2520,1337,1534,1888
852,100,133.21,0.5576375647473913,28,135.47058823529412,147.03030303030303,117.06060606060606,3070,2960,2525,1338,1536,1892
853,99,133.43,0.5573671588098628,28,135.6764705882353,147.3030303030303,117.24242424242425,3075,2964,2530,1339,1538,1897
854,105,133.64,0.5570891948518407,28,135.88235294117646,147.54545454545453,117.42424242424242,3080,2967,2535,1340,1540,1902
855,103,133.87,0.5568260252483753,28,136.08823529411765,147.84848484848484,117.60606060606061,3085,2972,2540,1341,1542,1907
856,109,134.11,0.5566035344120498,28,136.2941176470588,148.1818181818182,117.78787878787878,3090,2978,2545,1342,1544,1912
857,118,134.35,0.5563952363230369,28,136.5,148.5151515151515,117.96969696969697,3095,2984,2550,1343,1546,1917
858,113,134.55,0.5563024897807507,28,136.6764705882353,148.75757575757575,118.15151515151516,3100,2989,2555,1344,1547,1920
859,104,134.76,0.5562229148115168,28,136.85294117647058,149.03030303030303,118.33333333333333,3105,2994,2560,1345,1548,1924
860,121,134.98,0.556135723810935,28,137.02941176470588,149.33333333333334,118.51515151515152,3110,2999,2565,1346,1549,1929
861,115,135.19,0.5560300318070863,28,137.2058823529412,149.63636363636363,118.66666666666667,3115,3004,2569,1347,1550,1934
862,107,135.39,0.555902947041879,28,137.38235294117646,149.9090909090909,118.81818181818181,3120,3008,2573,1348,1551,1939
863,104,135.6,0.5557979351032448,28,137.55882352941177,150.21212121212122,118.96969696969697,3125,3013,2577,1349,1552,1944
864,104,135.81,0.5557123923127899,28,137.73529411764707,150.5151515151515,119.12121212121212,3130,3018,2581,1350,1553,1949
865,106,136.03,0.5556590457987209,28,137.91176470588235,150.78787878787878,119.33333333333333,3135,3023,2586,1352,1554,1953
866,112,136.24,0.5555930710510864,28,138.08823529411765,151.06060606060606,119.51515151515152,3140,3028,2590,1354,1555,1957
867,116,136.44,0.5554998534154207,28,138.23529411764707,151.33333333333334,119.6969696969697,3144,3033,2594,1356,1556,1961
868,112,136.66,0.5554690472705985,28,138.41176470588235,151.6060606060606,119.9090909090909,3149,3038,2599,1358,1557,1965
869,113,136.89,0.5554773906055958,28,138.58823529411765,151.9090909090909,120.12121212121212,3154,3044,2604,1360,1558,1969
870,110,137.1,0.5555215171407731,28,138.76470588235293,152.1818181818182,120.3030303030303,3159,3050,2609,1361,1559,1972
871,120,137.3,0.5555528040786598,28,138.94117647058823,152.45454545454547,120.45454545454545,3164,3056,2613,1362,1560,1975
872,114,137.51,0.5556141371536616,28,139.11764705882354,152.72727272727272,120.63636363636364,3169,3062,2618,1363,1561,1978
873,115,137.71,0.5556495534093385,28,139.26470588235293,153.0,120.81818181818181,3173,3068,2623,1364,1562,1981
874,124,137.92,0.5555408932714617,28,139.47058823529412,153.24242424242425,121.0,3177,3074,2628,1365,1565,1983
875,116,138.12,0.5554170286707211,28,139.6764705882353,153.4848484848485,121.15151515151516,3181,3080,2632,1366,1568,1985
876,116,138.33,0.5553278392250416,28,139.88235294117646,153.72727272727272,121.33333333333333,3185,3086,2637,1367,1571,1987
877,124,138.55,0.555277517141826,28,140.11764705882354,153.96969696969697,121.51515151515152,3190,3092,2642,1368,1574,1989
878,128,138.78,0.5552341835999424,28,140.38235294117646,154.21212121212122,121.6969696969697,3195,3098,2647,1369,1578,1991
879,122,139.02,0.5551388289454755,28,140.64705882352942,154.45454545454547,121.9090909090909,3200,3104,2651,1372,1582,1993
880,118,139.27,0.5550764701658649,28,140.91176470588235,154.6969696969697,122.15151515151516,3205,3110,2656,1375,1586,1995
881,120,139.52,0.5550258027522935,28,141.1764705882353,154.93939393939394,122.39393939393939,3210,3116,2661,1378,1590,1997
882,119,139.77,0.5549853330471489,28,141.44117647058823,155.1818181818182,122.63636363636364,3215,3122,2666,1381,1594,1999
883,113,140.01,0.5549310763516891,28,141.7058823529412,155.42424242424244,122.84848484848484,3220,3128,2670,1384,1598,2001
884,118,140.26,0.554910879794667,28,141.97058823529412,155.66666666666666,123.0909090909091,3225,3134,2675,1387,1602,2003
885,103,140.5,0.5549067615658363,28,142.23529411764707,155.9090909090909,123.3030303030303,3230,3140,2679,1390,1606,2005
886,98,140.73,0.5549840119377532,28,142.47058823529412,156.15151515151516,123.51515151515152,3235,3146,2683,1393,1609,2007
887,97,140.95,0.5550443419652359,28,142.7058823529412,156.3939393939394,123.6969696969697,3240,3152,2686,1396,1612,2009
888,85,141.16,0.5551147633890621,28,142.91176470588235,156.63636363636363,123.87878787878788,3244,3158,2689,1399,1615,2011
889,94,141.37,0.5551934639598217,28,143.11764705882354,156.87878787878788,124.06060606060606,3248,3164,2692,1402,1618,2013
890,93,141.59,0.5552969842503002,28,143.3235294117647,157.12121212121212,124.27272727272727,3252,3170,2696,1405,1621,2015
891,89,141.78,0.5554126110876005,28,143.52941176470588,157.33333333333334,124.42424242424242,3256,3175,2700,1406,1624,2017
892,88,141.97,0.5555575121504543,28,143.7058823529412,157.54545454545453,124.60606060606061,3260,3180,2704,1408,1626,2019
893,91,142.15,0.5557249384453042,28,143.88235294117646,157.75757575757575,124.75757575757575,3264,3185,2708,1409,1628,2021
894,85,142.33,0.5558835101524626,28,144.05882352941177,157.96969696969697,124.9090909090909,3268,3190,2711,1411,1630,2023
895,95,142.5,0.556061754385965,28,144.23529411764707,158.1818181818182,125.03030303030303,3272,3195,2714,1412,1632,2025
896,99,142.67,0.556242377514544,28,144.41176470588235,158.3939393939394,125.15151515151516,3276,3200,2717,1413,1634,2027
897,97,142.84,0.5564379725567068,28,144.58823529411765,158.6060606060606,125.27272727272727,3280,3205,2721,1413,1636,2029
898,104,143.01,0.55653660583176,28,144.76470588235293,158.8181818181818,125.39393939393939,3284,3210,2725,1413,1638,2031
899,119,143.19,0.5566387317550108,28,144.97058823529412,159.03030303030303,125.51515151515152,3288,3215,2729,1413,1641,2033
900,125,143.4,0.5567252440725244,28,145.2058823529412,159.27272727272728,125.66666666666667,3293,3221,2734,1413,1644,2035
901,131,143.61,0.5567195877724392,28,145.44117647058823,159.54545454545453,125.78787878787878,3298,3227,2738,1413,1647,2038
902,130,143.83,0.5567371202113606,28,145.6764705882353,159.8181818181818,125.93939393939394,3303,3233,2743,1413,1650,2041
903,134,144.06,0.5567541302235179,28,145.91176470588235,160.0909090909091,126.12121212121212,3308,3239,2748,1414,1653,2044
904,135,144.29,0.5567766303971169,28,146.14705882352942,160.36363636363637,126.3030303030303,3313,3245,2753,1415,1656,2047
905,139,144.52,0.5568018267367838,28,146.38235294117646,160.63636363636363,126.48484848484848,3318,3251,2758,1416,1659,2050
906,140,144.75,0.5568338514680484,28,146.61764705882354,160.9090909090909,126.66666666666667,3323,3257,2763,1417,1662,2053
907,120,144.98,0.5568699130914608,28,146.85294117647058,161.1818181818182,126.84848484848484,3328,3263,2768,1418,1665,2056
908,124,145.21,0.556911369740376,28,147.08823529411765,161.45454545454547,127.03030303030303,3333,3269,2773,1419,1668,2059
909,128,145.44,0.556958195819582,28,147.3235294117647,161.72727272727272,127.21212121212122,3338,3275,2778,1420,1671,2062
910,114,145.67,0.556977414704469,28,147.55882352941177,162.0,127.39393939393939,3343,3281,2782,1422,1674,2065
911,118,145.9,0.5570034270047978,28,147.7941176470588,162.27272727272728,127.57575757575758,3348,3287,2786,1424,1677,2068
912,106,146.11,0.5570467456026281,28,148.0,162.54545454545453,127.72727272727273,3352,3293,2789,1426,1680,2071
913,111,146.33,0.5570894553406683,28,148.23529411764707,162.8181818181818,127.87878787878788,3357,3299,2792,1428,1683,2074
914,104,146.55,0.5571361310133061,28,148.47058823529412,163.0909090909091,128.03030303030303,3362,3305,2795,1430,1686,2077
915,97,146.77,0.5571881174626967,28,148.7058823529412,163.36363636363637,128.1818181818182,3367,3311,2798,1432,1689,2080
916,106,146.98,0.5572826234861886,28,148.91176470588235,163.63636363636363,128.33333333333334,3371,3317,2802,1433,1692,2083
917,125,147.21,0.5573581957747435,28,149.14705882352942,163.9090909090909,128.5151515151515,3376,3323,2806,1435,1695,2086
918,125,147.45,0.5574343845371312,28,149.38235294117646,164.1818181818182,128.72727272727272,3381,3329,2811,1437,1698,2089
919,125,147.69,0.5575143882456497,28,149.61764705882354,164.45454545454547,128.93939393939394,3386,3335,2816,1439,1701,2092
920,116,147.93,0.5575941323599,28,149.85294117647058,164.72727272727272,129.15151515151516,3391,3341,2821,1441,1704,2095
921,125,148.17,0.5576763177431329,28,150.08823529411765,165.0,129.36363636363637,3396,3347,2826,1443,1707,2098
922,127,148.42,0.5576862956474868,28,150.3235294117647,165.27272727272728,129.6060606060606,3401,3353,2831,1446,1710,2101
923,121,148.66,0.5577061751648056,28,150.55882352941177,165.54545454545453,129.8181818181818,3406,3359,2835,1449,1713,2104
924,118,148.9,0.5577300201477502,28,150.7941176470588,165.8181818181818,130.03030303030303,3411,3365,2839,1452,1716,2107
925,115,149.14,0.5577591524741853,28,151.02941176470588,166.0909090909091,130.24242424242425,3416,3371,2843,1455,1719,2110
926,98,149.37,0.5577699671955546,28,151.26470588235293,166.36363636363637,130.42424242424244,3421,3377,2846,1458,1722,2113
927,99,149.6,0.5578796791443851,28,151.5,166.63636363636363,130.6060606060606,3426,3383,2850,1460,1725,2116
928,98,149.82,0.5579989320517955,28,151.73529411764707,166.87878787878788,130.78787878787878,3431,3388,2854,1462,1728,2119
929,95,150.03,0.558134373125375,28,151.94117647058823,167.15151515151516,130.93939393939394,3435,3394,2857,1464,1731,2122
930,94,150.22,0.5582612168819066,28,152.14705882352942,167.36363636363637,131.0909090909091,3439,3398,2860,1466,1734,2125
931,102,150.41,0.5583903995744963,28,152.35294117647058,167.57575757575756,131.24242424242425,3443,3402,2863,1468,1737,2128
932,93,150.59,0.5585304469088253,28,152.55882352941177,167.75757575757575,131.3939393939394,3447,3406,2866,1470,1740,2130
933,78,150.77,0.5586728128938118,28,152.76470588235293,167.93939393939394,131.54545454545453,3451,3410,2869,1472,1743,2132
934,87,150.95,0.5588161642928121,28,152.97058823529412,168.12121212121212,131.6969696969697,3455,3414,2872,1474,1746,2134
935,79,151.12,0.5589478560084701,28,153.1764705882353,168.27272727272728,131.84848484848484,3459,3417,2875,1476,1749,2136
936,74,151.29,0.5590792517681274,28,153.38235294117646,168.42424242424244,132.0,3463,3420,2878,1478,1752,2138
937,75,151.46,0.5592407236233989,28,153.55882352941177,168.6060606060606,132.15151515151516,3466,3424,2881,1480,1755,2140
938,73,151.63,0.5593741344061202,28,153.76470588235293,168.75757575757575,132.3030303030303,3470,3427,2884,1482,1758,2142
939,64,151.81,0.5595645873130887,28,153.97058823529412,168.96969696969697,132.42424242424244,3474,3432,2887,1483,1761,2144
940,67,151.99,0.5597361668530825,28,154.2058823529412,169.15151515151516,132.54545454545453,3479,3436,2890,1484,1764,2146
941,66,152.15,0.5598573775879067,28,154.44117647058823,169.36363636363637,132.57575757575756,3484,3441,2890,1485,1767,2148
942,56,152.31,0.5600124745584663,28,154.64705882352942,169.54545454545453,132.66666666666666,3488,3445,2892,1486,1770,2150
943,58,152.47,0.5601619990817865,28,154.85294117647058,169.72727272727272,132.75757575757575,3492,3449,2894,1487,1773,2152
944,55,152.62,0.5603459572795177,28,155.02941176470588,169.87878787878788,132.87878787878788,3496,3452,2897,1488,1775,2154
945,52,152.74,0.5604622233861464,28,155.2058823529412,170.03030303030303,132.9090909090909,3500,3455,2897,1489,1777,2156
946,60,152.87,0.5605579904494015,28,155.41176470588235,170.15151515151516,132.96969696969697,3504,3457,2898,1490,1780,2158
947,55,153.01,0.5606711979609176,28,155.61764705882354,170.3030303030303,133.03030303030303,3508,3460,2899,1491,1783,2160
948,54,153.14,0.5607692307692308,28,155.8235294117647,170.42424242424244,133.0909090909091,3512,3462,2900,1492,1786,2162
949,55,153.28,0.560883350730689,28,156.02941176470588,170.57575757575756,133.15151515151516,3516,3465,2901,1493,1789,2164
950,57,153.41,0.5609849423114529,28,156.23529411764707,170.6969696969697,133.21212121212122,3520,3467,2902,1494,1792,2166
951,49,153.55,0.56110257245197,28,156.44117647058823,170.84848484848484,133.27272727272728,3524,3470,2903,1495,1795,2168
952,55,153.67,0.5611863083230298,28,156.64705882352942,170.96969696969697,133.3030303030303,3528,3472,2903,1496,1798,2170
953,56,153.81,0.5612931538911644,28,156.88235294117646,171.12121212121212,133.33333333333334,3533,3475,2903,1497,1801,2172
954,48,153.95,0.5613855147775252,28,157.11764705882354,171.24242424242425,133.3939393939394,3538,3477,2904,1498,1804,2174
955,45,154.1,0.5614743672939649,28,157.35294117647058,171.3939393939394,133.45454545454547,3543,3480,2905,1499,1807,2176
956,56,154.23,0.5615593593983013,28,157.55882352941177,171.5151515151515,133.5151515151515,3547,3482,2906,1500,1810,2178
957,61,154.39,0.5616717403976942,28,157.76470588235293,171.6969696969697,133.6060606060606,3551,3486,2908,1501,1813,2180
958,80,154.56,0.5618115942028985,28,158.0,171.84848484848484,133.72727272727272,3557,3489,2911,1502,1815,2182
959,94,154.72,0.5619454498448812,28,158.23529411764707,171.96969696969697,133.84848484848484,3563,3492,2914,1503,1817,2183
960,103,154.9,0.5620438992898644,28,158.5,172.0909090909091,134.0,3570,3495,2918,1504,1819,2184
961,102,155.09,0.56216197046876,28,158.76470588235293,172.24242424242425,134.15151515151516,3577,3499,2922,1505,1821,2185
962,107,155.28,0.562284904688305,28,159.02941176470588,172.3939393939394,134.3030303030303,3584,3503,2926,1506,1823,2186
963,112,155.47,0.5623753778864089,28,159.3235294117647,172.5151515151515,134.45454545454547,3591,3506,2930,1507,1826,2187
964,102,155.66,0.5624681999229089,28,159.61764705882354,172.63636363636363,134.6060606060606,3598,3509,2934,1508,1829,2188
965,109,155.86,0.5625792377774926,28,159.91176470588235,172.78787878787878,134.75757575757575,3605,3513,2938,1509,1832,2189
966,112,156.07,0.5626251041199462,28,160.2058823529412,172.93939393939394,134.93939393939394,3612,3517,2942,1511,1835,2190
967,112,156.28,0.5626644484259022,28,160.5,173.0909090909091,135.12121212121212,3619,3520,2946,1513,1838,2192
968,106,156.49,0.5627100773212346,28,160.7941176470588,173.24242424242425,135.3030303030303,3626,3523,2950,1515,1841,2194
969,105,156.71,0.5627751898411077,28,161.08823529411765,173.42424242424244,135.4848484848485,3633,3527,2954,1517,1844,2196
970,99,156.92,0.5628587815447361,28,161.35294117647058,173.6060606060606,135.66666666666666,3640,3531,2958,1519,1846,2198
971,94,157.12,0.5629289714867617,28,161.61764705882354,173.75757575757575,135.84848484848484,3647,3534,2962,1521,1848,2200
972,95,157.32,0.5630053394355454,28,161.88235294117646,173.9090909090909,136.03030303030303,3654,3537,2966,1523,1850,2202
973,98,157.5,0.5630679365079365,28,162.14705882352942,174.0,136.21212121212122,3661,3539,2970,1525,1852,2203
974,100,157.69,0.5631485826621853,28,162.41176470588235,174.15151515151516,136.36363636363637,3668,3543,2973,1527,1854,2204
975,99,157.88,0.5632353686344058,28,162.6764705882353,174.27272727272728,136.54545454545453,3675,3546,2977,1529,1856,2205
976,103,158.08,0.5633033906882592,28,162.94117647058823,174.3939393939394,136.75757575757575,3682,3549,2981,1532,1858,2206
977,116,158.28,0.5633762951731109,28,163.2058823529412,174.5151515151515,136.96969696969697,3689,3552,2985,1535,1860,2207
978,118,158.5,0.5634738170347003,28,163.47058823529412,174.6969696969697,137.1818181818182,3696,3556,2989,1538,1862,2209
979,108,158.72,0.5635761088709678,28,163.73529411764707,174.87878787878788,137.3939393939394,3703,3560,2993,1541,1864,2211
980,123,158.93,0.5636651355942868,28,164.0,175.03030303030303,137.6060606060606,3710,3563,2997,1544,1866,2213
981,123,159.14,0.5637576976247329,28,164.26470588235293,175.1818181818182,137.8181818181818,3717,3566,3001,1547,1868,2215
982,116,159.36,0.5638667168674698,28,164.52941176470588,175.36363636363637,138.03030303030303,3724,3570,3005,1550,1870,2217
983,121,159.58,0.5639766888081214,28,164.7941176470588,175.54545454545453,138.24242424242425,3731,3574,3009,1553,1872,2219
984,112,159.79,0.5640722197884724,28,165.05882352941177,175.6969696969697,138.45454545454547,3738,3577,3013,1556,1874,2221
985,109,160.0,0.56417375,28,165.3235294117647,175.84848484848484,138.66666666666666,3745,3580,3017,1559,1876,2223
986,106,160.21,0.5642700205979652,28,165.58823529411765,176.03030303030303,138.84848484848484,3752,3584,3020,1562,1878,2225
987,111,160.43,0.564388830019323,28,165.85294117647058,176.21212121212122,139.06060606060606,3759,3588,3024,1565,1880,2227
988,111,160.64,0.56449203187251,28,166.11764705882354,176.36363636363637,139.27272727272728,3766,3591,3028,1568,1882,2229
989,114,160.85,0.5645986944358098,28,166.38235294117646,176.5151515151515,139.4848484848485,3773,3594,3032,1571,1884,2231
990,111,161.06,0.5647100459456103,28,166.64705882352942,176.66666666666666,139.6969696969697,3780,3597,3036,1574,1886,2233
991,105,161.27,0.5648273082408384,28,166.91176470588235,176.8181818181818,139.9090909090909,3787,3600,3040,1577,1888,2235
992,99,161.48,0.5649442655437206,28,167.1764705882353,176.96969696969697,140.12121212121212,3794,3603,3044,1580,1890,2237
993,98,161.67,0.5650862868806829,28,167.44117647058823,177.12121212121212,140.27272727272728,3801,3606,3048,1581,1892,2239
994,100,161.86,0.5652292104287656,28,167.7058823529412,177.27272727272728,140.42424242424244,3808,3609,3052,1582,1894,2241
995,96,162.05,0.5653742672014811,28,167.97058823529412,177.42424242424244,140.57575757575756,3815,3612,3056,1583,1896,2243
996,99,162.23,0.5655051470134993,28,168.23529411764707,177.54545454545453,140.72727272727272,3822,3614,3060,1584,1898,2245
997,93,162.41,0.5656357367157194,28,168.5,177.66666666666666,140.87878787878788,3829,3616,3064,1585,1900,2247
998,93,162.59,0.5657672673596162,28,168.76470588235293,177.78787878787878,141.03030303030303,3836,3618,3068,1586,1902,2249
999,91,162.76,0.5658859670680757,28,169.02941176470588,177.87878787878788,141.1818181818182,3843,3619,3072,1587,1904,2251
1000,86,162.93,0.5659663659240164,28,169.26470588235293,178.0,141.33333333333334,3849,3620,3076,1588,1906,2254
