,TotalSugar,AvgSugarLevel,SugarGini,NumCooperators,RiskAverseAvgSugar,NeutralAvgSugar,RiskSeekingAvgSugar,RiskAverseCoopSugar,NeutralCoopSugar,RiskSeekingCoopSugar,RiskSeekingNonCoopSugar,RiskAverseNonCoopSugar,NeutralNonCoopSugar
0,4622,0.0,0.0,28,0.0,0.0,0.0,0,0,0,0,0,0
1,4531,0.91,0.09,28,0.9117647058823529,0.9696969696969697,0.8484848484848485,8,8,8,20,23,24
2,4439,1.83,0.08497267759562846,28,1.8235294117647058,1.9393939393939394,1.7272727272727273,16,16,16,41,46,48
3,4347,2.75,0.08330909090909089,28,2.735294117647059,2.909090909090909,2.606060606060606,24,24,24,62,69,72
4,4255,3.67,0.08247956403269754,28,3.6470588235294117,3.878787878787879,3.484848484848485,32,32,32,83,92,96
5,4163,4.59,0.0819825708061002,28,4.5588235294117645,4.848484848484849,4.363636363636363,40,40,40,104,115,120
6,4071,5.51,0.0816515426497277,28,5.470588235294118,5.818181818181818,5.242424242424242,48,48,48,125,138,144
7,3979,6.43,0.08141524105754272,28,6.382352941176471,6.787878787878788,6.121212121212121,56,56,56,146,161,168
8,3888,7.34,0.0824523160762942,28,7.294117647058823,7.7272727272727275,7.0,64,64,64,167,184,191
9,3797,8.25,0.08328484848484848,28,8.205882352941176,8.666666666666666,7.878787878787879,72,72,72,188,207,214
10,3705,9.17,0.08295528898582333,28,9.117647058823529,9.636363636363637,8.757575757575758,80,80,80,209,230,238
11,3616,10.09,0.0826858275520317,28,10.029411764705882,10.606060606060606,9.636363636363637,88,88,88,230,253,262
12,3524,11.01,0.08246139872842875,28,10.941176470588236,11.575757575757576,10.515151515151516,96,96,96,251,276,286
13,3432,11.93,0.08227158424140825,28,11.852941176470589,12.545454545454545,11.393939393939394,104,104,104,272,299,310
14,3340,12.85,0.08210894941634236,28,12.764705882352942,13.515151515151516,12.272727272727273,112,112,112,293,322,334
15,3248,13.77,0.08196804647785044,28,13.676470588235293,14.484848484848484,13.151515151515152,120,120,120,314,345,358
16,3156,14.69,0.08184479237576582,28,14.588235294117647,15.454545454545455,14.030303030303031,128,128,128,335,368,382
17,3064,15.61,0.08173606662395898,28,15.5,16.424242424242426,14.909090909090908,136,136,136,356,391,406
18,2972,16.53,0.08163944343617657,28,16.41176470588235,17.393939393939394,15.787878787878787,144,144,144,377,414,430
19,2880,17.45,0.08154154727793696,28,17.323529411764707,18.333333333333332,16.696969696969695,152,152,153,398,437,453
20,2788,18.37,0.08145345672291782,28,18.235294117647058,19.272727272727273,17.606060606060606,160,160,162,419,460,476
21,2696,19.29,0.08137376879212027,28,19.147058823529413,20.21212121212121,18.515151515151516,168,168,171,440,483,499
22,2603,20.22,0.08085064292779422,28,20.058823529411764,21.181818181818183,19.424242424242426,176,176,180,461,506,523
23,2510,21.15,0.08037352245862892,28,20.970588235294116,22.151515151515152,20.333333333333332,184,184,189,482,529,547
24,2418,22.07,0.08034888989578619,28,21.88235294117647,23.09090909090909,21.242424242424242,192,192,198,503,552,570
25,2330,22.98,0.08073107049608354,28,22.794117647058822,24.03030303030303,22.12121212121212,200,200,206,524,575,593
26,2246,23.88,0.08144891122278054,28,23.705882352941178,24.96969696969697,22.96969696969697,208,208,214,544,598,616
27,2158,24.79,0.08174667204517945,28,24.61764705882353,25.90909090909091,23.848484848484848,216,216,223,564,621,639
28,2073,25.7,0.08202334630350194,28,25.529411764705884,26.848484848484848,24.727272727272727,224,224,232,584,644,662
29,1990,26.59,0.0828845430613012,28,26.38235294117647,27.757575757575758,25.636363636363637,230,232,241,605,667,684
30,1907,27.45,0.08464480874316933,28,27.264705882352942,28.636363636363637,26.454545454545453,237,240,249,624,690,705
31,1823,28.32,0.08600988700564968,28,28.147058823529413,29.515151515151516,27.303030303030305,244,248,257,644,713,726
32,1738,29.2,0.08697260273972603,28,29.029411764705884,30.393939393939394,28.181818181818183,251,256,266,664,736,747
33,1646,30.12,0.0867529880478088,28,29.941176470588236,31.333333333333332,29.09090909090909,259,264,275,685,759,770
34,1555,31.03,0.08679020302932643,28,30.823529411764707,32.27272727272727,30.0,266,272,284,706,782,793
35,1465,31.93,0.08711869715001569,28,31.705882352941178,33.18181818181818,30.90909090909091,273,280,293,727,805,815
36,1379,32.79,0.08829216224458676,28,32.470588235294116,34.09090909090909,31.818181818181817,280,288,302,748,824,837
37,1294,33.64,0.08966111771700355,28,33.23529411764706,34.96969696969697,32.72727272727273,286,296,311,769,844,858
38,1212,34.46,0.09144515380150907,28,34.0,35.81818181818182,33.57575757575758,292,303,319,789,864,879
39,1132,35.26,0.09356778218944982,28,34.73529411764706,36.60606060606061,34.45454545454545,298,310,327,810,883,898
40,1053,36.05,0.09546463245492376,28,35.529411764705884,37.36363636363637,35.27272727272727,305,316,334,830,903,917
41,980,36.78,0.09827079934747146,28,36.26470588235294,38.121212121212125,35.96969696969697,312,322,341,846,921,936
42,908,37.5,0.10106133333333332,28,36.970588235294116,38.878787878787875,36.666666666666664,319,328,348,862,938,955
43,844,38.14,0.10474567383324597,28,37.588235294117645,39.60606060606061,37.24242424242424,324,334,354,875,954,973
44,785,38.73,0.10892073328169374,28,38.11764705882353,40.24242424242424,37.84848484848485,329,340,361,888,967,988
45,727,39.31,0.11286949885525317,28,38.6764705882353,40.878787878787875,38.39393939393939,335,345,368,899,980,1004
46,676,39.88,0.11689568706118351,28,39.23529411764706,41.515151515151516,38.90909090909091,340,351,375,909,994,1019
47,625,40.45,0.12080840543881337,28,39.8235294117647,42.121212121212125,39.42424242424242,345,357,382,919,1009,1033
48,571,40.99,0.1245303732617711,28,40.38235294117647,42.666666666666664,39.93939393939394,350,363,388,930,1023,1045
49,520,41.5,0.12804819277108437,28,40.911764705882355,43.21212121212121,40.39393939393939,355,369,394,939,1036,1057
50,473,41.97,0.13115320467000247,28,41.38235294117647,43.63636363636363,40.90909090909091,360,373,401,949,1047,1067
51,437,42.42,0.13414427157001413,28,41.8235294117647,44.06060606060606,41.39393939393939,365,376,409,957,1057,1078
52,402,42.83,0.1369764183983189,28,42.205882352941174,44.42424242424242,41.878787878787875,368,380,416,966,1067,1086
53,369,43.19,0.13990043991664736,28,42.61764705882353,44.696969696969695,42.27272727272727,371,381,422,973,1078,1094
54,344,43.5,0.14288275862068972,28,42.970588235294116,44.93939393939394,42.60606060606061,374,382,425,981,1087,1101
55,315,43.82,0.1457873117298037,28,43.294117647058826,45.21212121212121,42.96969696969697,377,384,429,989,1095,1108
56,288,44.12,0.14862194016319122,28,43.55882352941177,45.515151515151516,43.303030303030305,379,386,433,996,1102,1116
57,261,44.42,0.15110760918505178,28,43.88235294117647,45.72727272727273,43.666666666666664,381,386,437,1004,1111,1123
58,241,44.65,0.15325643896976487,28,44.1764705882353,45.90909090909091,43.878787878787875,383,386,440,1008,1119,1129
59,220,44.89,0.15542659835152592,28,44.411764705882355,46.09090909090909,44.18181818181818,384,387,444,1014,1126,1134
60,199,45.1,0.1574146341463414,28,44.6764705882353,46.24242424242424,44.39393939393939,386,388,447,1018,1133,1138
61,183,45.32,0.15926301853486322,28,44.970588235294116,46.39393939393939,44.60606060606061,388,388,451,1021,1141,1143
62,164,45.51,0.16088551966600748,28,45.205882352941174,46.54545454545455,44.78787878787879,389,388,453,1025,1148,1148
63,144,45.71,0.16303434697002842,28,45.5,46.696969696969695,44.93939393939394,390,388,456,1027,1157,1153
64,129,45.86,0.16445268207588312,28,45.73529411764706,46.81818181818182,45.03030303030303,390,388,458,1028,1165,1157
65,117,45.98,0.16561548499347536,28,45.911764705882355,46.96969696969697,45.06060606060606,390,388,458,1029,1171,1162
66,106,46.09,0.16670210457799953,28,46.088235294117645,47.09090909090909,45.09090909090909,390,388,459,1029,1177,1166
67,95,46.2,0.16818614718614724,28,46.26470588235294,47.21212121212121,45.121212121212125,390,388,460,1029,1183,1170
68,86,46.29,0.16929574422121405,28,46.44117647058823,47.303030303030305,45.121212121212125,391,388,460,1029,1188,1173
69,77,46.38,0.1700862440707202,28,46.588235294117645,47.36363636363637,45.18181818181818,392,388,460,1031,1192,1175
70,67,46.48,0.17094664371772808,28,46.73529411764706,47.42424242424242,45.27272727272727,393,388,461,1033,1196,1177
71,57,46.58,0.17188063546586518,28,46.8235294117647,47.54545454545455,45.36363636363637,393,388,462,1035,1199,1181
72,49,46.66,0.17268324046292322,28,46.88235294117647,47.666666666666664,45.42424242424242,393,388,462,1037,1201,1185
73,44,46.71,0.17321558552772431,28,46.911764705882355,47.72727272727273,45.484848484848484,393,388,462,1039,1202,1187
74,42,46.73,0.17345816392039382,28,46.911764705882355,47.75757575757576,45.515151515151516,393,388,462,1040,1202,1188
75,39,46.76,0.17373396065012828,28,46.94117647058823,47.78787878787879,45.54545454545455,393,388,462,1041,1203,1189
76,36,46.79,0.1739752083778585,28,47.0,47.78787878787879,45.57575757575758,394,388,462,1042,1204,1189
77,35,46.8,0.17396581196581196,28,47.0,47.78787878787879,45.60606060606061,394,388,462,1043,1204,1189
78,32,46.83,0.1742878496690156,28,47.029411764705884,47.81818181818182,45.63636363636363,394,388,462,1044,1205,1190
79,32,46.83,0.1742878496690156,28,47.029411764705884,47.81818181818182,45.63636363636363,394,388,462,1044,1205,1190
80,30,46.85,0.1745677694770545,28,47.029411764705884,47.878787878787875,45.63636363636363,394,388,462,1044,1205,1192
81,29,46.86,0.17472044387537353,28,47.029411764705884,47.90909090909091,45.63636363636363,394,388,462,1044,1205,1193
82,28,46.87,0.17487305312566676,28,47.029411764705884,47.93939393939394,45.63636363636363,394,388,462,1044,1205,1194
83,27,46.88,0.1750298634812286,28,47.029411764705884,47.96969696969697,45.63636363636363,394,388,462,1044,1205,1195
84,25,46.9,0.17505756929637528,28,47.029411764705884,48.03030303030303,45.63636363636363,394,389,462,1044,1205,1196
85,23,46.92,0.17511082693947144,28,47.029411764705884,48.09090909090909,45.63636363636363,394,390,462,1044,1205,1197
86,21,46.94,0.17518108223263737,28,47.05882352941177,48.121212121212125,45.63636363636363,394,391,462,1044,1206,1197
87,21,46.94,0.17518108223263737,28,47.05882352941177,48.121212121212125,45.63636363636363,394,391,462,1044,1206,1197
88,20,46.95,0.17529073482428117,28,47.05882352941177,48.121212121212125,45.666666666666664,394,391,463,1044,1206,1197
89,19,46.96,0.17546422487223168,28,47.088235294117645,48.121212121212125,45.666666666666664,394,391,463,1044,1207,1197
90,19,46.96,0.17546422487223168,28,47.088235294117645,48.121212121212125,45.666666666666664,394,391,463,1044,1207,1197
91,19,46.96,0.17546422487223168,28,47.088235294117645,48.121212121212125,45.666666666666664,394,391,463,1044,1207,1197
92,19,46.96,0.17546422487223168,28,47.088235294117645,48.121212121212125,45.666666666666664,394,391,463,1044,1207,1197
93,18,46.97,0.17530977219501806,28,47.088235294117645,48.121212121212125,45.696969696969695,394,391,463,1045,1207,1197
94,17,46.98,0.1751681566624096,28,47.088235294117645,48.121212121212125,45.72727272727273,394,391,463,1046,1207,1197
95,16,46.99,0.17504362630346876,28,47.088235294117645,48.121212121212125,45.75757575757576,394,391,463,1047,1207,1197
96,14,47.01,0.17493937460114864,28,47.088235294117645,48.15151515151515,45.78787878787879,394,391,463,1048,1207,1198
97,12,47.03,0.174869232404848,28,47.088235294117645,48.18181818181818,45.81818181818182,394,391,463,1049,1207,1199
98,10,47.05,0.17482890541976615,28,47.088235294117645,48.21212121212121,45.84848484848485,394,391,463,1050,1207,1200
99,9,47.06,0.17487462813429658,28,47.088235294117645,48.24242424242424,45.84848484848485,394,391,463,1050,1207,1201
100,8,47.07,0.17492033142128746,28,47.088235294117645,48.27272727272727,45.84848484848485,394,391,463,1050,1207,1202
101,7,47.08,0.17497875955819878,28,47.088235294117645,48.303030303030305,45.84848484848485,394,391,463,1050,1207,1203
102,6,47.09,0.17505839881078786,28,47.088235294117645,48.333333333333336,45.84848484848485,394,391,463,1050,1207,1204
103,9,47.09,0.17505839881078786,28,47.088235294117645,48.333333333333336,45.84848484848485,394,391,463,1050,1207,1204
104,11,47.1,0.17504458598726116,28,47.088235294117645,48.36363636363637,45.84848484848485,394,392,463,1050,1207,1204
105,10,47.14,0.17514637250742468,28,47.11764705882353,48.42424242424242,45.878787878787875,394,393,463,1051,1208,1205
106,13,47.17,0.1751091795632817,28,47.11764705882353,48.45454545454545,45.93939393939394,394,394,464,1052,1208,1205
107,12,47.21,0.17502859563651768,28,47.11764705882353,48.515151515151516,46.0,394,396,465,1053,1208,1205
108,11,47.25,0.17497777777777784,28,47.11764705882353,48.57575757575758,46.06060606060606,394,398,466,1054,1208,1205
109,8,47.28,0.17491539763113365,28,47.11764705882353,48.60606060606061,46.121212121212125,394,399,467,1055,1208,1205
110,10,47.29,0.1748424614083315,28,47.11764705882353,48.60606060606061,46.15151515151515,394,399,467,1056,1208,1205
111,12,47.3,0.1747822410147991,28,47.11764705882353,48.60606060606061,46.18181818181818,394,399,467,1057,1208,1205
112,10,47.32,0.17467878275570584,28,47.11764705882353,48.63636363636363,46.21212121212121,394,400,467,1058,1208,1205
113,14,47.34,0.17460498521335027,28,47.11764705882353,48.666666666666664,46.24242424242424,394,401,467,1059,1208,1205
114,16,47.38,0.17446179822710006,28,47.14705882352941,48.72727272727273,46.27272727272727,394,403,467,1060,1209,1205
115,15,47.42,0.17437368199072126,28,47.1764705882353,48.78787878787879,46.303030303030305,394,405,467,1061,1210,1205
116,14,47.46,0.1743404972608512,28,47.205882352941174,48.84848484848485,46.333333333333336,394,407,467,1062,1211,1205
117,15,47.51,0.17419701115554617,28,47.26470588235294,48.90909090909091,46.36363636363637,395,409,467,1063,1212,1205
118,13,47.56,0.17437762825904116,28,47.294117647058826,48.96969696969697,46.42424242424242,395,411,468,1064,1213,1205
119,13,47.59,0.1746144147930238,28,47.294117647058826,49.03030303030303,46.45454545454545,395,413,469,1064,1213,1205
120,12,47.63,0.1748078941843376,28,47.3235294117647,49.09090909090909,46.484848484848484,395,415,470,1064,1214,1205
121,18,47.66,0.17509861519093575,28,47.3235294117647,49.15151515151515,46.515151515151516,395,417,471,1064,1214,1205
122,16,47.71,0.1756843429050514,28,47.35294117647059,49.21212121212121,46.57575757575758,395,419,473,1064,1215,1205
123,13,47.77,0.17632195938873763,28,47.38235294117647,49.27272727272727,46.666666666666664,395,421,475,1065,1216,1205
124,14,47.82,0.17685069008782933,28,47.411764705882355,49.333333333333336,46.72727272727273,395,423,476,1066,1217,1205
125,13,47.86,0.17714166318428753,28,47.411764705882355,49.39393939393939,46.78787878787879,395,425,477,1067,1217,1205
126,11,47.91,0.17760175328741398,28,47.411764705882355,49.484848484848484,46.84848484848485,395,427,478,1068,1217,1206
127,10,47.95,0.17806673618352448,28,47.411764705882355,49.54545454545455,46.90909090909091,395,429,479,1069,1217,1206
128,10,47.98,0.17844518549395588,28,47.411764705882355,49.57575757575758,46.96969696969697,395,430,480,1070,1217,1206
129,10,48.01,0.17883565923765887,28,47.411764705882355,49.60606060606061,47.03030303030303,395,431,481,1071,1217,1206
130,10,48.04,0.1791257285595337,28,47.411764705882355,49.666666666666664,47.06060606060606,395,433,481,1072,1217,1206
131,11,48.09,0.17967768766895403,28,47.44117647058823,49.72727272727273,47.121212121212125,396,435,482,1073,1217,1206
132,12,48.14,0.18013710012463646,28,47.470588235294116,49.78787878787879,47.18181818181818,396,437,483,1074,1218,1206
133,22,48.19,0.1807698692674829,28,47.470588235294116,49.878787878787875,47.24242424242424,396,440,484,1075,1218,1206
134,20,48.24,0.18116915422885568,28,47.470588235294116,49.96969696969697,47.303030303030305,396,442,485,1076,1218,1207
135,29,48.3,0.1817556935817805,28,47.470588235294116,50.09090909090909,47.36363636363637,396,445,486,1077,1218,1208
136,29,48.36,0.18237799834574034,28,47.470588235294116,50.21212121212121,47.42424242424242,396,448,487,1078,1218,1209
137,33,48.41,0.18307581078289614,28,47.470588235294116,50.303030303030305,47.484848484848484,396,451,488,1079,1218,1209
138,30,48.47,0.18374871054260367,28,47.470588235294116,50.42424242424242,47.54545454545455,396,454,489,1080,1218,1210
139,33,48.53,0.1844364310735628,28,47.470588235294116,50.54545454545455,47.60606060606061,396,457,490,1081,1218,1211
140,30,48.59,0.18515126569252927,28,47.470588235294116,50.666666666666664,47.666666666666664,396,460,491,1082,1218,1212
141,35,48.66,0.1858487464036169,28,47.5,50.78787878787879,47.72727272727273,396,463,492,1083,1219,1213
142,36,48.74,0.1868157570783751,28,47.5,50.90909090909091,47.84848484848485,396,466,495,1084,1219,1214
143,33,48.83,0.1877513823469178,28,47.5,51.06060606060606,47.96969696969697,396,470,498,1085,1219,1215
144,29,48.93,0.1887655834866135,28,47.529411764705884,51.21212121212121,48.09090909090909,396,474,501,1086,1220,1216
145,33,49.04,0.1896451876019576,28,47.588235294117645,51.36363636363637,48.21212121212121,397,478,504,1087,1221,1217
146,36,49.13,0.19035416242621622,28,47.61764705882353,51.484848484848484,48.333333333333336,398,481,507,1088,1221,1218
147,39,49.22,0.19110524177163754,28,47.64705882352941,51.60606060606061,48.45454545454545,399,484,510,1089,1221,1219
148,47,49.32,0.19197080291970806,28,47.705882352941174,51.72727272727273,48.57575757575758,400,487,513,1090,1222,1220
149,43,49.42,0.19287333063537035,28,47.76470588235294,51.84848484848485,48.696969696969695,401,490,516,1091,1223,1221
150,39,49.52,0.19379240710823908,28,47.8235294117647,51.96969696969697,48.81818181818182,402,493,519,1092,1224,1222
151,41,49.62,0.19474808544941552,28,47.88235294117647,52.09090909090909,48.93939393939394,403,496,522,1093,1225,1223
152,37,49.72,0.19574818986323408,28,47.94117647058823,52.21212121212121,49.06060606060606,404,499,525,1094,1226,1224
153,30,49.82,0.19677639502207953,28,48.0,52.333333333333336,49.18181818181818,405,502,528,1095,1227,1225
154,39,49.91,0.19774193548387103,28,48.029411764705884,52.45454545454545,49.303030303030305,406,505,531,1096,1227,1226
155,39,50.0,0.19872399999999998,28,48.05882352941177,52.57575757575758,49.42424242424242,407,508,534,1097,1227,1227
156,33,50.09,0.19972649231383513,28,48.088235294117645,52.696969696969695,49.54545454545455,408,511,537,1098,1227,1228
157,42,50.18,0.20074531685930652,28,48.11764705882353,52.81818181818182,49.666666666666664,409,514,540,1099,1227,1229
158,39,50.27,0.2017923214640939,28,48.14705882352941,52.93939393939394,49.78787878787879,410,517,543,1100,1227,1230
159,33,50.36,0.20287132644956316,28,48.1764705882353,53.06060606060606,49.90909090909091,411,520,546,1101,1227,1231
160,42,50.45,0.20396233894945495,28,48.205882352941174,53.18181818181818,50.03030303030303,412,523,549,1102,1227,1232
161,39,50.54,0.20506133755441242,28,48.23529411764706,53.303030303030305,50.15151515151515,413,526,552,1103,1227,1233
162,33,50.63,0.20617222990321948,28,48.26470588235294,53.42424242424242,50.27272727272727,414,529,555,1104,1227,1234
163,36,50.72,0.20729495268138806,28,48.294117647058826,53.54545454545455,50.39393939393939,415,532,558,1105,1227,1235
164,33,50.81,0.20842157055697696,28,48.3235294117647,53.666666666666664,50.515151515151516,416,535,561,1106,1227,1236
165,28,50.89,0.20941442326586754,28,48.35294117647059,53.78787878787879,50.60606060606061,417,538,564,1106,1227,1237
166,35,50.97,0.2104120070629783,28,48.38235294117647,53.90909090909091,50.696969696969695,418,541,567,1106,1227,1238
167,39,51.05,0.21125367286973556,28,48.411764705882355,54.03030303030303,50.78787878787879,419,545,570,1106,1227,1238
168,40,51.13,0.21211226285937812,28,48.44117647058823,54.15151515151515,50.878787878787875,420,549,573,1106,1227,1238
169,44,51.21,0.21299550868970912,28,48.470588235294116,54.27272727272727,50.96969696969697,421,553,576,1106,1227,1238
170,51,51.29,0.213899395593683,28,48.5,54.39393939393939,51.06060606060606,422,557,579,1106,1227,1238
171,49,51.37,0.21481604049055875,28,48.529411764705884,54.515151515151516,51.15151515151515,423,561,582,1106,1227,1238
172,46,51.46,0.21581422464049752,28,48.588235294117645,54.63636363636363,51.24242424242424,424,565,585,1106,1228,1238
173,60,51.56,0.21695500387897595,28,48.64705882352941,54.78787878787879,51.333333333333336,425,570,588,1106,1229,1238
174,58,51.67,0.21815173214631314,28,48.73529411764706,54.93939393939394,51.42424242424242,427,575,591,1106,1230,1238
175,61,51.79,0.2191871017570959,28,48.85294117647059,55.09090909090909,51.515151515151516,429,580,594,1106,1232,1238
176,73,51.91,0.22025621267578502,28,48.970588235294116,55.24242424242424,51.60606060606061,431,585,597,1106,1234,1238
177,70,52.03,0.22134729963482613,28,49.088235294117645,55.39393939393939,51.696969696969695,433,590,600,1106,1236,1238
178,73,52.15,0.22247171620325987,28,49.205882352941174,55.54545454545455,51.78787878787879,435,595,603,1106,1238,1238
179,79,52.27,0.22363305911612785,28,49.3235294117647,55.696969696969695,51.878787878787875,437,600,606,1106,1240,1238
180,76,52.39,0.22481198702042376,28,49.44117647058823,55.84848484848485,51.96969696969697,439,605,609,1106,1242,1238
181,82,52.51,0.22600076175966477,28,49.55882352941177,56.0,52.06060606060606,441,610,612,1106,1244,1238
182,85,52.63,0.22719931597947934,28,49.6764705882353,56.15151515151515,52.15151515151515,443,615,615,1106,1246,1238
183,85,52.75,0.2284075829383886,28,49.794117647058826,56.303030303030305,52.24242424242424,445,620,618,1106,1248,1238
184,82,52.87,0.22963684509173446,28,49.911764705882355,56.45454545454545,52.333333333333336,447,625,621,1106,1250,1238
185,88,52.99,0.23088695980373658,28,50.029411764705884,56.60606060606061,52.42424242424242,449,630,624,1106,1252,1238
186,85,53.11,0.2321464884202598,28,50.14705882352941,56.75757575757576,52.515151515151516,451,635,627,1106,1254,1238
187,85,53.23,0.2334228818335525,28,50.26470588235294,56.90909090909091,52.60606060606061,453,640,630,1106,1256,1238
188,79,53.35,0.23471227741330836,28,50.38235294117647,57.06060606060606,52.696969696969695,455,645,633,1106,1258,1238
189,88,53.47,0.23602206844959794,28,50.5,57.21212121212121,52.78787878787879,457,650,636,1106,1260,1238
190,79,53.59,0.23733718977421162,28,50.61764705882353,57.36363636363637,52.878787878787875,459,655,639,1106,1262,1238
191,76,53.71,0.23864643455594858,28,50.73529411764706,57.515151515151516,52.96969696969697,461,660,642,1106,1264,1238
192,78,53.84,0.239888558692422,28,50.85294117647059,57.696969696969695,53.06060606060606,463,665,645,1106,1266,1239
193,77,53.97,0.2411469334815638,28,50.970588235294116,57.878787878787875,53.15151515151515,465,670,648,1106,1268,1240
194,82,54.1,0.24241404805914968,28,51.088235294117645,58.06060606060606,53.24242424242424,467,675,651,1106,1270,1241
195,78,54.23,0.2436935275677669,28,51.205882352941174,58.24242424242424,53.333333333333336,469,680,654,1106,1272,1242
196,74,54.36,0.24498528329654165,28,51.3235294117647,58.42424242424242,53.42424242424242,471,685,657,1106,1274,1243
197,70,54.49,0.2462928977794091,28,51.44117647058823,58.60606060606061,53.515151515151516,473,690,660,1106,1276,1244
198,75,54.62,0.24760893445624318,28,51.55882352941177,58.78787878787879,53.60606060606061,475,695,663,1106,1278,1245
199,71,54.75,0.2489296803652968,28,51.6764705882353,58.96969696969697,53.696969696969695,477,700,666,1106,1280,1246
200,73,54.88,0.25025510204081625,28,51.794117647058826,59.15151515151515,53.78787878787879,479,705,669,1106,1282,1247
201,84,55.01,0.2515851663333939,28,51.911764705882355,59.333333333333336,53.878787878787875,481,710,672,1106,1284,1248
202,85,55.15,0.25300271985494105,28,52.05882352941177,59.515151515151516,53.96969696969697,483,715,675,1106,1287,1249
203,76,55.3,0.2543580470162749,28,52.205882352941174,59.72727272727273,54.06060606060606,485,720,678,1106,1290,1251
204,79,55.45,0.2557276825969342,28,52.35294117647059,59.93939393939394,54.15151515151515,487,725,681,1106,1293,1253
205,80,55.59,0.25697247706422016,28,52.5,60.15151515151515,54.21212121212121,489,730,683,1106,1296,1255
206,72,55.73,0.2582397272564148,28,52.64705882352941,60.36363636363637,54.27272727272727,491,735,685,1106,1299,1257
207,71,55.89,0.25966899266416177,28,52.8235294117647,60.57575757575758,54.36363636363637,494,740,688,1106,1302,1259
208,72,56.06,0.2611808776311095,28,53.029411764705884,60.78787878787879,54.45454545454545,497,745,691,1106,1306,1261
209,68,56.22,0.26256136606189967,28,53.23529411764706,61.0,54.515151515151516,500,750,693,1106,1310,1263
210,68,56.37,0.26385133936491045,28,53.44117647058823,61.21212121212121,54.54545454545455,503,755,694,1106,1314,1265
211,72,56.51,0.26503804636347555,28,53.64705882352941,61.39393939393939,54.57575757575758,506,759,695,1106,1318,1267
212,67,56.65,0.26623654015887027,28,53.85294117647059,61.57575757575758,54.60606060606061,509,763,696,1106,1322,1269
213,59,56.79,0.267450255326642,28,54.05882352941177,61.75757575757576,54.63636363636363,512,767,697,1106,1326,1271
214,68,56.91,0.2684958706729924,28,54.23529411764706,61.90909090909091,54.666666666666664,515,770,698,1106,1329,1273
215,59,57.03,0.26954059267052427,28,54.411764705882355,62.06060606060606,54.696969696969695,518,773,699,1106,1332,1275
216,54,57.14,0.27050402520126,28,54.55882352941177,62.21212121212121,54.72727272727273,520,776,700,1106,1335,1277
217,58,57.25,0.27147772925764185,28,54.705882352941174,62.36363636363637,54.75757575757576,522,779,701,1106,1338,1279
218,51,57.35,0.27233304272013953,28,54.85294117647059,62.515151515151516,54.75757575757576,524,782,701,1106,1341,1281
219,44,57.45,0.2731888598781549,28,55.0,62.666666666666664,54.75757575757576,526,785,701,1106,1344,1283
220,55,57.55,0.2740521285838402,28,55.14705882352941,62.81818181818182,54.75757575757576,528,788,701,1106,1347,1285
221,56,57.66,0.2750502948317724,28,55.26470588235294,63.0,54.78787878787879,530,792,702,1106,1349,1287
222,67,57.79,0.27625367710676585,28,55.411764705882355,63.15151515151515,54.878787878787875,532,795,705,1106,1352,1289
223,76,57.94,0.2776630997583707,28,55.588235294117645,63.333333333333336,54.96969696969697,535,799,708,1106,1355,1291
224,76,58.09,0.2790927870545705,28,55.73529411764706,63.54545454545455,55.06060606060606,538,804,711,1106,1357,1293
225,72,58.25,0.2805957081545064,28,55.911764705882355,63.75757575757576,55.15151515151515,541,809,714,1106,1360,1295
226,74,58.41,0.28210066769388803,28,56.088235294117645,63.96969696969697,55.24242424242424,544,814,717,1106,1363,1297
227,78,58.55,0.28337660119555935,28,56.26470588235294,64.15151515151516,55.303030303030305,547,818,719,1106,1366,1299
228,75,58.7,0.2847529812606473,28,56.44117647058823,64.36363636363636,55.36363636363637,550,823,721,1106,1369,1301
229,69,58.85,0.2861223449447749,28,56.61764705882353,64.57575757575758,55.42424242424242,553,828,723,1106,1372,1303
230,71,59.01,0.28738349432299615,28,56.794117647058826,64.81818181818181,55.484848484848484,556,833,725,1106,1375,1306
231,70,59.17,0.2886479634950143,28,56.970588235294116,65.06060606060606,55.54545454545455,559,838,727,1106,1378,1309
232,66,59.33,0.2899190965784595,28,57.14705882352941,65.3030303030303,55.60606060606061,562,843,729,1106,1381,1312
233,64,59.47,0.29102236421725236,28,57.26470588235294,65.54545454545455,55.666666666666664,565,848,731,1106,1382,1315
234,74,59.61,0.2921271598725046,28,57.38235294117647,65.78787878787878,55.72727272727273,568,853,733,1106,1383,1318
235,70,59.77,0.2933561987619207,28,57.529411764705884,66.03030303030303,55.81818181818182,571,858,735,1107,1385,1321
236,70,59.92,0.2946461949265688,28,57.6764705882353,66.24242424242425,55.90909090909091,574,863,737,1108,1387,1323
237,71,60.06,0.2958275058275058,28,57.8235294117647,66.45454545454545,55.96969696969697,577,868,738,1109,1389,1325
238,72,60.2,0.2968737541528239,28,57.970588235294116,66.66666666666667,56.03030303030303,580,873,739,1110,1391,1327
239,72,60.35,0.29786743993372,28,58.11764705882353,66.9090909090909,56.09090909090909,583,878,740,1111,1393,1330
240,71,60.51,0.29889109238142453,28,58.26470588235294,67.15151515151516,56.18181818181818,586,883,742,1112,1395,1333
241,70,60.67,0.29992253172902594,28,58.44117647058823,67.39393939393939,56.24242424242424,590,888,743,1113,1397,1336
242,71,60.81,0.30070876500575566,28,58.61764705882353,67.57575757575758,56.303030303030305,594,892,744,1114,1399,1338
243,68,60.96,0.30148293963254585,28,58.794117647058826,67.75757575757575,56.39393939393939,598,896,746,1115,1401,1340
244,68,61.11,0.30227949599083614,28,58.970588235294116,67.93939393939394,56.484848484848484,602,900,748,1116,1403,1342
245,64,61.27,0.3030406397910886,28,59.14705882352941,68.12121212121212,56.60606060606061,606,904,750,1118,1405,1344
246,60,61.43,0.30383363177600514,28,59.3235294117647,68.3030303030303,56.72727272727273,610,908,752,1120,1407,1346
247,61,61.57,0.3046207568621082,28,59.470588235294116,68.48484848484848,56.81818181818182,614,912,754,1121,1408,1348
248,60,61.7,0.30534197730956236,28,59.588235294117645,68.66666666666667,56.90909090909091,618,916,756,1122,1408,1350
249,59,61.83,0.306073103671357,28,59.705882352941174,68.84848484848484,57.0,622,920,758,1123,1408,1352
250,61,61.96,0.3068269851517108,28,59.8235294117647,69.03030303030303,57.09090909090909,626,924,760,1124,1408,1354
251,59,62.1,0.30768115942028984,28,59.970588235294116,69.21212121212122,57.18181818181818,630,928,762,1125,1409,1356
252,57,62.24,0.30854755784061694,28,60.11764705882353,69.39393939393939,57.27272727272727,634,932,764,1126,1410,1358
253,58,62.38,0.30942289195254885,28,60.26470588235294,69.57575757575758,57.36363636363637,638,936,766,1127,1411,1360
254,57,62.51,0.3102335626299792,28,60.38235294117647,69.75757575757575,57.45454545454545,642,940,768,1128,1411,1362
255,56,62.64,0.31106002554278417,28,60.5,69.93939393939394,57.54545454545455,646,944,770,1129,1411,1364
256,58,62.77,0.31190218257129204,28,60.61764705882353,70.12121212121212,57.63636363636363,650,948,772,1130,1411,1366
257,57,62.9,0.31275993640699523,28,60.73529411764706,70.3030303030303,57.72727272727273,654,952,774,1131,1411,1368
258,56,63.03,0.3136268443598287,28,60.85294117647059,70.48484848484848,57.81818181818182,658,956,776,1132,1411,1370
259,58,63.16,0.31450601646611775,28,60.970588235294116,70.66666666666667,57.90909090909091,662,960,778,1133,1411,1372
260,57,63.29,0.3153942170959077,28,61.088235294117645,70.84848484848484,58.0,666,964,780,1134,1411,1374
261,56,63.42,0.3162850835698518,28,61.205882352941174,71.03030303030303,58.09090909090909,670,968,782,1135,1411,1376
262,58,63.55,0.31718174665617627,28,61.3235294117647,71.21212121212122,58.18181818181818,674,972,784,1136,1411,1378
263,57,63.68,0.3180841708542714,28,61.44117647058823,71.39393939393939,58.27272727272727,678,976,786,1137,1411,1380
264,56,63.81,0.3189954552577966,28,61.55882352941177,71.57575757575758,58.36363636363637,682,980,788,1138,1411,1382
265,58,63.94,0.3199124178917735,28,61.6764705882353,71.75757575757575,58.45454545454545,686,984,790,1139,1411,1384
266,57,64.07,0.32083190260652417,28,61.794117647058826,71.93939393939394,58.54545454545455,690,988,792,1140,1411,1386
267,56,64.2,0.3217538940809969,28,61.911764705882355,72.12121212121212,58.63636363636363,694,992,794,1141,1411,1388
268,58,64.33,0.32267837711798536,28,62.029411764705884,72.3030303030303,58.72727272727273,698,996,796,1142,1411,1390
269,57,64.46,0.3236022339435308,28,62.14705882352941,72.48484848484848,58.81818181818182,702,1000,798,1143,1411,1392
270,56,64.59,0.3245254683387522,28,62.26470588235294,72.66666666666667,58.90909090909091,706,1004,800,1144,1411,1394
271,58,64.72,0.32544808405438813,28,62.38235294117647,72.84848484848484,59.0,710,1008,802,1145,1411,1396
272,57,64.85,0.32637316885119505,28,62.5,73.03030303030303,59.09090909090909,714,1012,804,1146,1411,1398
273,56,64.98,0.3272976300400123,28,62.61764705882353,73.21212121212122,59.18181818181818,718,1016,806,1147,1411,1400
274,58,65.11,0.32822454308093996,28,62.73529411764706,73.39393939393939,59.27272727272727,722,1020,808,1148,1411,1402
275,57,65.24,0.3291508277130595,28,62.85294117647059,73.57575757575758,59.36363636363637,726,1024,810,1149,1411,1404
276,56,65.37,0.33007342817806334,28,62.970588235294116,73.75757575757575,59.45454545454545,730,1028,812,1150,1411,1406
277,58,65.5,0.3309923664122137,28,63.088235294117645,73.93939393939394,59.54545454545455,734,1032,814,1151,1411,1408
278,57,65.63,0.331913758951699,28,63.205882352941174,74.12121212121212,59.63636363636363,738,1036,816,1152,1411,1410
279,56,65.76,0.3328315085158151,28,63.3235294117647,74.3030303030303,59.72727272727273,742,1040,818,1153,1411,1412
280,58,65.89,0.3337486720291395,28,63.44117647058823,74.48484848484848,59.81818181818182,746,1044,820,1154,1411,1414
281,57,66.02,0.33466525295365046,28,63.55882352941177,74.66666666666667,59.90909090909091,750,1048,822,1155,1411,1416
282,56,66.15,0.335578231292517,28,63.6764705882353,74.84848484848484,60.0,754,1052,824,1156,1411,1418
283,58,66.28,0.3364906457453229,28,63.794117647058826,75.03030303030303,60.09090909090909,758,1056,826,1157,1411,1420
284,57,66.41,0.3374055112181901,28,63.911764705882355,75.21212121212122,60.18181818181818,762,1060,828,1158,1411,1422
285,56,66.54,0.3383198076345056,28,64.02941176470588,75.39393939393939,60.27272727272727,766,1064,830,1159,1411,1424
286,58,66.67,0.3392335383230838,28,64.1470588235294,75.57575757575758,60.36363636363637,770,1068,832,1160,1411,1426
287,57,66.8,0.34014371257485027,28,64.26470588235294,75.75757575757575,60.45454545454545,774,1072,834,1161,1411,1428
288,56,66.93,0.34105333930972664,28,64.38235294117646,75.93939393939394,60.54545454545455,778,1076,836,1162,1411,1430
289,58,67.06,0.3419624217118998,28,64.5,76.12121212121212,60.63636363636363,782,1080,838,1163,1411,1432
290,57,67.19,0.3428739395743415,28,64.61764705882354,76.3030303030303,60.72727272727273,786,1084,840,1164,1411,1434
291,56,67.32,0.343784907902555,28,64.73529411764706,76.48484848484848,60.81818181818182,790,1088,842,1165,1411,1436
292,58,67.45,0.34469532987398066,28,64.8529411764706,76.66666666666667,60.90909090909091,794,1092,844,1166,1411,1438
293,57,67.58,0.3456022491861498,28,64.97058823529412,76.84848484848484,61.0,798,1096,846,1167,1411,1440
294,56,67.71,0.34650863978732827,28,65.08823529411765,77.03030303030303,61.09090909090909,802,1100,848,1168,1411,1442
295,58,67.84,0.3474174528301887,28,65.20588235294117,77.21212121212122,61.18181818181818,806,1104,850,1169,1411,1444
296,57,67.97,0.34832573194056193,28,65.32352941176471,77.39393939393939,61.27272727272727,810,1108,852,1170,1411,1446
297,59,68.1,0.34923348017621153,28,65.44117647058823,77.57575757575758,61.36363636363637,814,1112,854,1171,1411,1448
298,66,68.24,0.35019636576787805,28,65.55882352941177,77.78787878787878,61.45454545454545,818,1117,856,1172,1411,1450
299,76,68.38,0.35116115823340155,28,65.67647058823529,78.0,61.54545454545455,822,1122,858,1173,1411,1452
300,83,68.52,0.3521249270286047,28,65.79411764705883,78.21212121212122,61.63636363636363,826,1127,860,1174,1411,1454
301,87,68.66,0.35308767841538014,28,65.91176470588235,78.42424242424242,61.72727272727273,830,1132,862,1175,1411,1456
302,82,68.8,0.354046511627907,28,66.02941176470588,78.63636363636364,61.81818181818182,834,1137,864,1176,1411,1458
303,80,68.94,0.35500435161009575,28,66.1470588235294,78.84848484848484,61.90909090909091,838,1142,866,1177,1411,1460
304,90,69.08,0.3559583092067169,28,66.26470588235294,79.06060606060606,62.0,842,1147,868,1178,1411,1462
305,91,69.22,0.3569170759895984,28,66.38235294117646,79.27272727272727,62.09090909090909,846,1152,870,1179,1411,1464
306,89,69.36,0.35787197231833917,28,66.5,79.48484848484848,62.18181818181818,850,1157,872,1180,1411,1466
307,86,69.51,0.35868651992519063,28,66.61764705882354,79.6969696969697,62.303030303030305,854,1162,874,1182,1411,1468
308,89,69.66,0.3595061728395062,28,66.73529411764706,79.9090909090909,62.42424242424242,858,1167,876,1184,1411,1470
309,92,69.81,0.36033949290932527,28,66.8529411764706,80.12121212121212,62.54545454545455,862,1172,878,1186,1411,1472
310,98,69.96,0.36117495711835335,28,66.97058823529412,80.33333333333333,62.666666666666664,866,1177,880,1188,1411,1474
311,97,70.12,0.36196805476326305,28,67.08823529411765,80.54545454545455,62.81818181818182,870,1182,883,1190,1411,1476
312,99,70.28,0.36277746158224244,28,67.20588235294117,80.75757575757575,62.96969696969697,874,1187,886,1192,1411,1478
313,98,70.44,0.3635888699602499,28,67.32352941176471,80.96969696969697,63.121212121212125,878,1192,889,1194,1411,1480
314,96,70.61,0.3644087239767738,28,67.47058823529412,81.18181818181819,63.27272727272727,882,1197,892,1196,1412,1482
315,87,70.79,0.3652563921457833,28,67.6470588235294,81.39393939393939,63.42424242424242,886,1202,895,1198,1414,1484
316,90,70.97,0.36611103283077356,28,67.82352941176471,81.60606060606061,63.57575757575758,890,1207,898,1200,1416,1486
317,88,71.14,0.3669946584200169,28,68.0,81.81818181818181,63.696969696969695,894,1212,900,1202,1418,1488
318,88,71.32,0.3678715647784632,28,68.17647058823529,82.03030303030303,63.84848484848485,898,1217,903,1204,1420,1490
319,82,71.5,0.3687608391608391,28,68.3529411764706,82.24242424242425,64.0,902,1222,906,1206,1422,1492
320,82,71.68,0.3696623883928571,28,68.52941176470588,82.45454545454545,64.15151515151516,906,1227,909,1208,1424,1494
321,82,71.86,0.3705677706651823,28,68.70588235294117,82.66666666666667,64.3030303030303,910,1232,912,1210,1426,1496
322,79,72.04,0.37147695724597446,28,68.88235294117646,82.87878787878788,64.45454545454545,914,1237,915,1212,1428,1498
323,88,72.22,0.37240099695375245,28,69.05882352941177,83.0909090909091,64.60606060606061,918,1242,918,1214,1430,1500
324,88,72.4,0.3731077348066298,28,69.23529411764706,83.33333333333333,64.72727272727273,922,1248,920,1216,1432,1502
325,91,72.58,0.37382198952879586,28,69.41176470588235,83.57575757575758,64.84848484848484,926,1254,922,1218,1434,1504
326,91,72.76,0.37453820780648706,28,69.58823529411765,83.81818181818181,64.96969696969697,930,1260,924,1220,1436,1506
327,91,72.94,0.3752591170825336,28,69.76470588235294,84.06060606060606,65.0909090909091,934,1266,926,1222,1438,1508
328,88,73.12,0.37598194748358865,28,69.94117647058823,84.3030303030303,65.21212121212122,938,1272,928,1224,1440,1510
329,94,73.3,0.37671214188267393,28,70.11764705882354,84.54545454545455,65.33333333333333,942,1278,930,1226,1442,1512
330,96,73.49,0.37748401143012655,28,70.29411764705883,84.78787878787878,65.48484848484848,946,1284,933,1228,1444,1514
331,95,73.68,0.378257328990228,28,70.47058823529412,85.03030303030303,65.63636363636364,950,1290,936,1230,1446,1516
332,97,73.87,0.3790293759306891,28,70.6470588235294,85.27272727272727,65.78787878787878,954,1296,939,1232,1448,1518
333,99,74.06,0.37980286254388335,28,70.82352941176471,85.51515151515152,65.93939393939394,958,1302,942,1234,1450,1520
334,101,74.25,0.3805750841750842,28,71.0,85.75757575757575,66.0909090909091,962,1308,945,1236,1452,1522
335,98,74.43,0.3813099556630391,28,71.17647058823529,86.0,66.21212121212122,966,1314,947,1238,1454,1524
336,95,74.61,0.3820439619353974,28,71.3529411764706,86.24242424242425,66.33333333333333,970,1320,949,1240,1456,1526
337,101,74.79,0.3827771092392031,28,71.52941176470588,86.48484848484848,66.45454545454545,974,1326,951,1242,1458,1528
338,97,74.98,0.38351560416110964,28,71.70588235294117,86.72727272727273,66.60606060606061,978,1332,953,1245,1460,1530
339,93,75.17,0.3842556871092191,28,71.88235294117646,86.96969696969697,66.75757575757575,982,1338,955,1248,1462,1532
340,92,75.36,0.38499734607218683,28,72.05882352941177,87.21212121212122,66.9090909090909,986,1344,957,1251,1464,1534
341,82,75.55,0.385735274652548,28,72.23529411764706,87.45454545454545,67.06060606060606,990,1350,959,1254,1466,1536
342,79,75.73,0.3864188564637528,28,72.41176470588235,87.66666666666667,67.21212121212122,994,1355,961,1257,1468,1538
343,81,75.92,0.3871548998946259,28,72.58823529411765,87.9090909090909,67.36363636363636,998,1361,963,1260,1470,1540
344,74,76.11,0.38790040730521613,28,72.76470588235294,88.15151515151516,67.51515151515152,1002,1367,965,1263,1472,1542
345,71,76.29,0.38858959234499935,28,72.94117647058823,88.39393939393939,67.63636363636364,1006,1373,966,1266,1474,1544
346,72,76.46,0.38947423489406224,28,73.11764705882354,88.60606060606061,67.75757575757575,1010,1378,967,1269,1476,1546
347,67,76.63,0.3903575623124103,28,73.29411764705883,88.81818181818181,67.87878787878788,1014,1383,968,1272,1478,1548
348,59,76.8,0.39124218749999995,28,73.47058823529412,89.03030303030303,68.0,1018,1388,969,1275,1480,1550
349,55,76.96,0.3920764033264033,28,73.61764705882354,89.24242424242425,68.12121212121212,1021,1393,970,1278,1482,1552
350,54,77.09,0.3927733817615774,28,73.73529411764706,89.42424242424242,68.21212121212122,1024,1397,970,1281,1483,1554
351,51,77.21,0.3934555109441782,28,73.8529411764706,89.60606060606061,68.27272727272727,1027,1401,970,1283,1484,1556
352,52,77.32,0.39412053802379726,28,73.97058823529412,89.78787878787878,68.3030303030303,1030,1405,970,1284,1485,1558
353,53,77.43,0.3947862585561152,28,74.08823529411765,89.96969696969697,68.33333333333333,1033,1409,970,1285,1486,1560
354,54,77.54,0.3954758834150116,28,74.20588235294117,90.15151515151516,68.36363636363636,1037,1413,970,1286,1486,1562
355,60,77.66,0.39601339170744265,28,74.3529411764706,90.33333333333333,68.39393939393939,1042,1417,970,1287,1486,1564
356,59,77.79,0.3966023910528345,28,74.5,90.51515151515152,68.45454545454545,1047,1421,971,1288,1486,1566
357,58,77.92,0.3971894250513347,28,74.6470588235294,90.6969696969697,68.51515151515152,1052,1425,972,1289,1486,1568
358,60,78.05,0.39778219090326716,28,74.79411764705883,90.87878787878788,68.57575757575758,1057,1429,973,1290,1486,1570
359,59,78.18,0.3983806600153492,28,74.94117647058823,91.06060606060606,68.63636363636364,1062,1433,974,1291,1486,1572
360,58,78.31,0.39897969607968325,28,75.08823529411765,91.24242424242425,68.6969696969697,1067,1437,975,1292,1486,1574
361,60,78.44,0.3995843957164712,28,75.23529411764706,91.42424242424242,68.75757575757575,1072,1441,976,1293,1486,1576
362,59,78.57,0.40019982181494207,28,75.38235294117646,91.60606060606061,68.81818181818181,1077,1445,977,1294,1486,1578
363,58,78.7,0.4008208386277001,28,75.52941176470588,91.78787878787878,68.87878787878788,1082,1449,978,1295,1486,1580
364,60,78.83,0.4014423442851706,28,75.67647058823529,91.96969696969697,68.93939393939394,1087,1453,979,1296,1486,1582
365,59,78.96,0.4020694022289767,28,75.82352941176471,92.15151515151516,69.0,1092,1457,980,1297,1486,1584
366,70,79.09,0.40269945631558984,28,75.97058823529412,92.33333333333333,69.06060606060606,1097,1461,981,1298,1486,1586
367,77,79.23,0.40319449703395177,28,76.11764705882354,92.51515151515152,69.15151515151516,1102,1465,983,1299,1486,1588
368,81,79.37,0.40369787073201463,28,76.26470588235294,92.6969696969697,69.24242424242425,1107,1469,985,1300,1486,1590
369,82,79.51,0.4042095333920262,28,76.41176470588235,92.87878787878788,69.33333333333333,1112,1473,987,1301,1486,1592
370,86,79.65,0.4047294413057125,28,76.55882352941177,93.06060606060606,69.42424242424242,1117,1477,989,1302,1486,1594
371,84,79.79,0.40527008397042236,28,76.70588235294117,93.24242424242425,69.51515151515152,1122,1481,991,1303,1486,1596
372,85,79.93,0.40582134367571626,28,76.8529411764706,93.42424242424242,69.60606060606061,1127,1485,993,1304,1486,1598
373,82,80.08,0.4064035964035964,28,77.02941176470588,93.60606060606061,69.6969696969697,1132,1489,995,1305,1487,1600
374,79,80.23,0.4069911504424779,28,77.20588235294117,93.78787878787878,69.78787878787878,1137,1493,997,1306,1488,1602
375,82,80.38,0.40758895247574023,28,77.38235294117646,93.96969696969697,69.87878787878788,1142,1497,999,1307,1489,1604
376,91,80.53,0.408199428784304,28,77.55882352941177,94.15151515151516,69.96969696969697,1147,1501,1001,1308,1490,1606
377,89,80.7,0.40862205700123916,28,77.73529411764706,94.36363636363636,70.0909090909091,1152,1506,1003,1310,1491,1608
378,90,80.87,0.4090701125262768,28,77.91176470588235,94.57575757575758,70.21212121212122,1157,1511,1005,1312,1492,1610
379,88,81.04,0.40954096742349455,28,78.08823529411765,94.78787878787878,70.33333333333333,1162,1516,1007,1314,1493,1612
380,83,81.21,0.4100270902598202,28,78.26470588235294,95.0,70.45454545454545,1167,1521,1009,1316,1494,1614
381,84,81.38,0.4105283853526665,28,78.44117647058823,95.21212121212122,70.57575757575758,1172,1526,1011,1318,1495,1616
382,94,81.55,0.41104966278356836,28,78.61764705882354,95.42424242424242,70.6969696969697,1177,1531,1013,1320,1496,1618
383,88,81.73,0.4115808148782577,28,78.79411764705883,95.66666666666667,70.81818181818181,1182,1536,1015,1322,1497,1621
384,84,81.92,0.4120166015625,28,79.0,95.9090909090909,70.93939393939394,1187,1541,1017,1324,1499,1624
385,87,82.1,0.41257490864799023,28,79.17647058823529,96.15151515151516,71.06060606060606,1192,1546,1019,1326,1500,1627
386,84,82.28,0.4129922216820613,28,79.3529411764706,96.39393939393939,71.18181818181819,1196,1551,1021,1328,1502,1630
387,75,82.46,0.41342469075915594,28,79.52941176470588,96.63636363636364,71.3030303030303,1200,1556,1023,1330,1504,1633
388,79,82.63,0.41390415103473316,28,79.70588235294117,96.87878787878788,71.39393939393939,1204,1561,1024,1332,1506,1636
389,74,82.8,0.41444685990338165,28,79.8529411764706,97.12121212121212,71.51515151515152,1207,1566,1026,1334,1508,1639
390,68,82.98,0.4149939744516751,28,80.02941176470588,97.36363636363636,71.63636363636364,1211,1571,1028,1336,1510,1642
391,65,83.16,0.4155459355459355,28,80.20588235294117,97.60606060606061,71.75757575757575,1215,1576,1030,1338,1512,1645
392,61,83.32,0.41604896783485357,28,80.38235294117646,97.84848484848484,71.81818181818181,1219,1581,1031,1339,1514,1648
393,59,83.46,0.41663072130361845,28,80.52941176470588,98.06060606060606,71.87878787878788,1222,1585,1032,1340,1516,1651
394,57,83.6,0.4172846889952153,28,80.67647058823529,98.27272727272727,71.93939393939394,1226,1589,1033,1341,1517,1654
395,53,83.73,0.41793025200047773,28,80.82352941176471,98.45454545454545,72.0,1230,1593,1034,1342,1518,1656
396,56,83.85,0.4185271317829457,28,80.97058823529412,98.63636363636364,72.03030303030303,1234,1597,1034,1343,1519,1658
397,61,83.98,0.4192117170754942,28,81.11764705882354,98.81818181818181,72.0909090909091,1238,1601,1035,1344,1520,1660
398,59,84.12,0.4198953875416072,28,81.29411764705883,99.0,72.15151515151516,1243,1605,1036,1345,1521,1662
399,60,84.26,0.4205767861381438,28,81.47058823529412,99.18181818181819,72.21212121212122,1248,1609,1037,1346,1522,1664
400,64,84.4,0.42106161137440756,28,81.6470588235294,99.39393939393939,72.24242424242425,1253,1614,1037,1347,1523,1666
401,62,84.54,0.42154956233735513,28,81.79411764705883,99.60606060606061,72.3030303030303,1257,1619,1038,1348,1524,1668
402,59,84.69,0.42207698665722043,28,81.97058823529412,99.81818181818181,72.36363636363636,1262,1624,1039,1349,1525,1670
403,60,84.83,0.4227525639514323,28,82.1470588235294,100.0,72.42424242424242,1267,1628,1040,1350,1526,1672
404,62,84.96,0.42342278719397364,28,82.29411764705883,100.18181818181819,72.48484848484848,1271,1632,1041,1351,1527,1674
405,65,85.11,0.4240853013746916,28,82.47058823529412,100.39393939393939,72.54545454545455,1276,1637,1042,1352,1528,1676
406,75,85.25,0.4247049853372434,28,82.6470588235294,100.60606060606061,72.57575757575758,1281,1642,1042,1353,1529,1678
407,78,85.4,0.42537002341920377,28,82.82352941176471,100.81818181818181,72.63636363636364,1286,1647,1043,1354,1530,1680
408,82,85.57,0.4258910833235947,28,83.02941176470588,101.03030303030303,72.72727272727273,1292,1652,1044,1356,1531,1682
409,86,85.74,0.42641240961045024,28,83.23529411764706,101.24242424242425,72.81818181818181,1298,1657,1045,1358,1532,1684
410,93,85.91,0.42693400069840526,28,83.44117647058823,101.45454545454545,72.9090909090909,1304,1662,1046,1360,1533,1686
411,96,86.09,0.42743524218840745,28,83.6470588235294,101.66666666666667,73.03030303030303,1310,1667,1048,1362,1534,1688
412,99,86.27,0.4279413469340443,28,83.8529411764706,101.87878787878788,73.15151515151516,1316,1672,1050,1364,1535,1690
413,102,86.45,0.4284499710815501,28,84.05882352941177,102.0909090909091,73.27272727272727,1322,1677,1052,1366,1536,1692
414,94,86.65,0.42870051933064046,28,84.29411764705883,102.33333333333333,73.39393939393939,1328,1682,1054,1368,1538,1695
415,90,86.84,0.429120221096269,28,84.5,102.57575757575758,73.51515151515152,1333,1687,1056,1370,1540,1698
416,100,87.04,0.42939568014705887,28,84.73529411764706,102.81818181818181,73.63636363636364,1339,1692,1058,1372,1542,1701
417,103,87.25,0.4296171919770774,28,85.0,103.06060606060606,73.75757575757575,1345,1697,1060,1374,1545,1704
418,91,87.46,0.4298536473816602,28,85.26470588235294,103.3030303030303,73.87878787878788,1351,1702,1062,1376,1548,1707
419,92,87.66,0.430041067761807,28,85.52941176470588,103.51515151515152,74.0,1357,1706,1064,1378,1551,1710
420,108,87.86,0.43031868882312774,28,85.79411764705883,103.75757575757575,74.0909090909091,1363,1711,1065,1380,1554,1713
421,105,88.07,0.43060633586919494,28,86.05882352941177,104.0,74.21212121212122,1369,1716,1067,1382,1557,1716
422,102,88.28,0.430747621205256,28,86.32352941176471,104.21212121212122,74.36363636363636,1375,1721,1069,1385,1560,1718
423,99,88.49,0.4309085772403662,28,86.58823529411765,104.42424242424242,74.51515151515152,1381,1726,1071,1388,1563,1720
424,105,88.7,0.4310913190529876,28,86.8529411764706,104.63636363636364,74.66666666666667,1387,1731,1073,1391,1566,1722
425,99,88.91,0.431297941738837,28,87.11764705882354,104.84848484848484,74.81818181818181,1393,1736,1075,1394,1569,1724
426,92,89.13,0.4314069336923595,28,87.38235294117646,105.06060606060606,75.0,1399,1741,1077,1398,1572,1726
427,95,89.34,0.4315379449294829,28,87.6470588235294,105.27272727272727,75.15151515151516,1405,1746,1078,1402,1575,1728
428,87,89.54,0.43167969622515073,28,87.91176470588235,105.45454545454545,75.3030303030303,1411,1750,1079,1406,1578,1730
429,79,89.74,0.4318520169378203,28,88.17647058823529,105.63636363636364,75.45454545454545,1417,1754,1080,1410,1581,1732
430,89,89.94,0.4320391372025795,28,88.44117647058823,105.81818181818181,75.60606060606061,1423,1758,1081,1414,1584,1734
431,84,90.14,0.4320301752828933,28,88.70588235294117,106.06060606060606,75.6969696969697,1429,1764,1081,1417,1587,1736
432,77,90.33,0.43198605114579874,28,88.97058823529412,106.27272727272727,75.78787878787878,1435,1769,1081,1420,1590,1738
433,89,90.54,0.4320300419703998,28,89.23529411764706,106.48484848484848,75.93939393939394,1441,1774,1083,1423,1593,1740
434,84,90.77,0.4320909992288201,28,89.5,106.72727272727273,76.12121212121212,1447,1780,1086,1426,1596,1742
435,73,91.0,0.4321648351648351,28,89.76470588235294,106.96969696969697,76.3030303030303,1453,1786,1089,1429,1599,1744
436,80,91.2,0.43229166666666663,28,89.97058823529412,107.21212121212122,76.45454545454545,1458,1792,1092,1431,1601,1746
437,73,91.39,0.43233504759820546,28,90.20588235294117,107.39393939393939,76.60606060606061,1464,1796,1094,1434,1603,1748
438,59,91.56,0.43246395806028837,28,90.41176470588235,107.57575757575758,76.72727272727273,1470,1800,1096,1436,1604,1750
439,61,91.72,0.43256214566070644,28,90.58823529411765,107.75757575757575,76.84848484848484,1475,1804,1098,1438,1605,1752
440,57,91.88,0.4326926425772747,28,90.76470588235294,107.93939393939394,76.96969696969697,1480,1808,1100,1440,1606,1754
441,59,92.04,0.43282920469361147,28,90.94117647058823,108.12121212121212,77.0909090909091,1485,1812,1102,1442,1607,1756
442,66,92.21,0.432973647109858,28,91.11764705882354,108.3030303030303,77.24242424242425,1490,1816,1105,1444,1608,1758
443,71,92.37,0.43310490418967196,28,91.23529411764706,108.51515151515152,77.39393939393939,1493,1821,1108,1446,1609,1760
444,62,92.55,0.43317666126418153,28,91.38235294117646,108.72727272727273,77.57575757575758,1497,1826,1111,1449,1610,1762
445,68,92.73,0.4332610805564542,28,91.52941176470588,108.93939393939394,77.75757575757575,1501,1831,1114,1452,1611,1764
446,64,92.92,0.4334158415841584,28,91.67647058823529,109.18181818181819,77.93939393939394,1505,1837,1117,1455,1612,1766
447,60,93.08,0.4334507950150408,28,91.79411764705883,109.39393939393939,78.0909090909091,1508,1842,1119,1458,1613,1768
448,78,93.26,0.4336006862534849,28,91.94117647058823,109.63636363636364,78.24242424242425,1512,1848,1121,1461,1614,1770
449,89,93.45,0.4338159443552702,28,92.11764705882354,109.84848484848484,78.42424242424242,1517,1854,1124,1464,1615,1771
450,100,93.64,0.4340474156343443,28,92.29411764705883,110.06060606060606,78.60606060606061,1522,1860,1127,1467,1616,1772
451,107,93.84,0.43430520034100595,28,92.5,110.27272727272727,78.78787878787878,1528,1866,1130,1470,1617,1773
452,111,94.04,0.4345789025946406,28,92.70588235294117,110.48484848484848,78.96969696969697,1534,1872,1133,1473,1618,1774
453,115,94.24,0.43487054329371816,28,92.91176470588235,110.6969696969697,79.15151515151516,1540,1878,1136,1476,1619,1775
454,113,94.44,0.4351757729775519,28,93.11764705882354,110.9090909090909,79.33333333333333,1546,1884,1139,1479,1620,1776
455,123,94.64,0.43549661876584955,28,93.32352941176471,111.12121212121212,79.51515151515152,1552,1890,1142,1482,1621,1777
456,121,94.84,0.43577604386334884,28,93.5,111.33333333333333,79.72727272727273,1558,1896,1145,1486,1621,1778
457,130,95.05,0.43609994739610736,28,93.70588235294117,111.54545454545455,79.93939393939394,1564,1902,1148,1490,1622,1779
458,136,95.26,0.4364371194625236,28,93.91176470588235,111.75757575757575,80.15151515151516,1570,1908,1151,1494,1623,1780
459,131,95.49,0.4367546339930882,28,94.11764705882354,112.0,80.39393939393939,1576,1915,1154,1499,1624,1781
460,129,95.72,0.4370956957793565,28,94.32352941176471,112.24242424242425,80.63636363636364,1582,1922,1157,1504,1625,1782
461,148,95.95,0.4374517978113601,28,94.52941176470588,112.48484848484848,80.87878787878788,1588,1929,1160,1509,1626,1783
462,139,96.19,0.4378677617215927,28,94.73529411764706,112.75757575757575,81.12121212121212,1594,1936,1163,1514,1627,1785
463,151,96.43,0.4383023955200664,28,94.94117647058823,113.03030303030303,81.36363636363636,1600,1943,1166,1519,1628,1787
464,156,96.68,0.4387484484898635,28,95.1470588235294,113.33333333333333,81.60606060606061,1606,1950,1169,1524,1629,1790
465,148,96.94,0.43911697957499485,28,95.38235294117646,113.63636363636364,81.84848484848484,1612,1957,1172,1529,1631,1793
466,146,97.2,0.43949794238683126,28,95.61764705882354,113.93939393939394,82.0909090909091,1618,1964,1175,1534,1633,1796
467,129,97.46,0.4398973938025857,28,95.8529411764706,114.24242424242425,82.33333333333333,1624,1971,1178,1539,1635,1799
468,121,97.72,0.44031109291854276,28,96.08823529411765,114.54545454545455,82.57575757575758,1630,1978,1181,1544,1637,1802
469,119,97.98,0.44073892631149214,28,96.32352941176471,114.84848484848484,82.81818181818181,1636,1985,1184,1549,1639,1805
470,107,98.22,0.44120138464671144,28,96.55882352941177,115.15151515151516,83.0,1642,1992,1186,1553,1641,1808
471,97,98.47,0.4416847770894689,28,96.79411764705883,115.45454545454545,83.21212121212122,1648,1999,1189,1557,1643,1811
472,99,98.69,0.44213091498632084,28,97.0,115.72727272727273,83.39393939393939,1654,2006,1191,1561,1644,1813
473,93,98.9,0.4425520728008089,28,97.20588235294117,115.96969696969697,83.57575757575758,1660,2012,1193,1565,1645,1815
474,93,99.14,0.4430240064555174,28,97.44117647058823,116.24242424242425,83.78787878787878,1666,2018,1196,1569,1647,1818
475,85,99.37,0.4435070946965885,28,97.67647058823529,116.48484848484848,84.0,1672,2024,1199,1573,1649,1820
476,81,99.56,0.4439634391321816,28,97.91176470588235,116.6969696969697,84.12121212121212,1678,2029,1201,1575,1651,1822
477,81,99.74,0.44439342289953876,28,98.1470588235294,116.87878787878788,84.24242424242425,1684,2033,1203,1577,1653,1824
478,85,99.91,0.44483535181663497,28,98.38235294117646,117.03030303030303,84.36363636363636,1690,2036,1205,1579,1655,1826
479,95,100.08,0.4452857713828937,28,98.61764705882354,117.18181818181819,84.48484848484848,1696,2039,1207,1581,1657,1828
480,94,100.27,0.44574349257006085,28,98.8529411764706,117.39393939393939,84.60606060606061,1702,2044,1209,1583,1659,1830
481,98,100.47,0.44623171095849506,28,99.08823529411765,117.60606060606061,84.75757575757575,1708,2049,1212,1585,1661,1832
482,93,100.67,0.4467239495380948,28,99.32352941176471,117.81818181818181,84.9090909090909,1714,2054,1215,1587,1663,1834
483,93,100.88,0.447210547184774,28,99.55882352941177,118.06060606060606,85.06060606060606,1720,2060,1218,1589,1665,1836
484,95,101.1,0.44768941641938675,28,99.79411764705883,118.3030303030303,85.24242424242425,1726,2066,1221,1592,1667,1838
485,91,101.32,0.4481701539676273,28,100.02941176470588,118.54545454545455,85.42424242424242,1732,2072,1224,1595,1669,1840
486,94,101.53,0.4486171574903969,28,100.26470588235294,118.78787878787878,85.57575757575758,1738,2078,1227,1597,1671,1842
487,91,101.74,0.4490583841163751,28,100.47058823529412,119.03030303030303,85.75757575757575,1743,2084,1230,1600,1673,1844
488,87,101.93,0.44942509565388017,28,100.6470588235294,119.24242424242425,85.93939393939394,1748,2089,1233,1603,1674,1846
489,94,102.13,0.44984333692352885,28,100.82352941176471,119.48484848484848,86.12121212121212,1753,2095,1236,1606,1675,1848
490,95,102.33,0.4502736245480309,28,101.02941176470588,119.72727272727273,86.27272727272727,1759,2101,1239,1608,1676,1850
491,90,102.53,0.450704184141227,28,101.23529411764706,119.96969696969697,86.42424242424242,1765,2107,1242,1610,1677,1852
492,86,102.72,0.45108644859813085,28,101.44117647058823,120.18181818181819,86.57575757575758,1771,2112,1245,1612,1678,1854
493,99,102.89,0.4514481485081155,28,101.58823529411765,120.39393939393939,86.72727272727273,1775,2117,1248,1614,1679,1856
494,97,103.09,0.4518876709671161,28,101.79411764705883,120.63636363636364,86.87878787878788,1781,2123,1251,1616,1680,1858
495,92,103.29,0.452329363926808,28,102.0,120.87878787878788,87.03030303030303,1787,2129,1254,1618,1681,1860
496,97,103.51,0.45250797024442085,28,102.20588235294117,121.15151515151516,87.21212121212122,1793,2135,1257,1621,1682,1863
497,100,103.69,0.45261355964895356,28,102.3529411764706,121.39393939393939,87.36363636363636,1797,2140,1260,1623,1683,1866
498,85,103.9,0.4527776708373436,28,102.52941176470588,121.66666666666667,87.54545454545455,1801,2146,1263,1626,1685,1869
499,95,104.1,0.4529356388088377,28,102.67647058823529,121.93939393939394,87.72727272727273,1805,2152,1266,1629,1686,1872
500,87,104.3,0.4529376797698945,28,102.82352941176471,122.18181818181819,87.93939393939394,1809,2157,1269,1633,1687,1875
501,74,104.49,0.45289597090630684,28,102.97058823529412,122.39393939393939,88.15151515151516,1813,2161,1272,1637,1688,1878
502,78,104.66,0.4527536785782534,28,103.11764705882354,122.54545454545455,88.36363636363636,1817,2163,1275,1641,1689,1881
503,81,104.84,0.4526650133536818,28,103.26470588235294,122.72727272727273,88.57575757575758,1821,2166,1278,1645,1690,1884
504,72,105.05,0.4526596858638744,28,103.41176470588235,123.0,88.78787878787878,1825,2172,1281,1649,1691,1887
505,67,105.25,0.45256342042755343,28,103.58823529411765,123.24242424242425,88.96969696969697,1830,2177,1283,1653,1692,1890
506,65,105.42,0.45255169797002465,28,103.67647058823529,123.48484848484848,89.15151515151516,1833,2182,1286,1656,1692,1893
507,66,105.59,0.45256842504025,28,103.79411764705883,123.6969696969697,89.33333333333333,1837,2186,1289,1659,1692,1896
508,63,105.77,0.45266994421858747,28,103.88235294117646,123.96969696969697,89.51515151515152,1840,2192,1292,1662,1692,1899
509,68,105.93,0.45270178419711127,28,103.94117647058823,124.24242424242425,89.66666666666667,1842,2198,1294,1665,1692,1902
510,63,106.1,0.45272007540056547,28,104.0,124.51515151515152,89.84848484848484,1844,2204,1296,1669,1692,1905
511,62,106.26,0.4527630340673819,28,104.08823529411765,124.72727272727273,90.03030303030303,1847,2208,1298,1673,1692,1908
512,57,106.43,0.45270788311566285,28,104.17647058823529,124.9090909090909,90.27272727272727,1850,2211,1301,1678,1692,1911
513,46,106.6,0.4526529080675422,28,104.26470588235294,125.0909090909091,90.51515151515152,1853,2214,1304,1683,1692,1914
514,51,106.76,0.45293368302735104,28,104.3529411764706,125.33333333333333,90.66666666666667,1856,2219,1307,1685,1692,1917
515,67,106.9,0.4530533208606174,28,104.44117647058823,125.51515151515152,90.81818181818181,1859,2224,1310,1687,1692,1918
516,73,107.08,0.4532667164736645,28,104.58823529411765,125.72727272727273,91.0,1864,2230,1313,1690,1692,1919
517,96,107.27,0.45352941176470585,28,104.73529411764706,125.96969696969697,91.18181818181819,1869,2237,1316,1693,1692,1920
518,112,107.47,0.4536196147762166,28,104.91176470588235,126.18181818181819,91.39393939393939,1875,2243,1319,1697,1692,1921
519,101,107.67,0.4537187703167085,28,105.08823529411765,126.39393939393939,91.60606060606061,1881,2249,1322,1701,1692,1922
520,96,107.87,0.4538286826735886,28,105.26470588235294,126.60606060606061,91.81818181818181,1887,2255,1325,1705,1692,1923
521,103,108.07,0.45393263625427965,28,105.44117647058823,126.81818181818181,92.03030303030303,1893,2261,1327,1710,1692,1924
522,102,108.26,0.4540864585257713,28,105.61764705882354,127.03030303030303,92.21212121212122,1899,2267,1329,1714,1692,1925
523,95,108.45,0.4542268326417704,28,105.82352941176471,127.24242424242425,92.36363636363636,1905,2273,1331,1717,1693,1926
524,95,108.63,0.4543689588511461,28,106.02941176470588,127.42424242424242,92.51515151515152,1911,2278,1333,1720,1694,1927
525,92,108.81,0.4544977483687161,28,106.26470588235294,127.57575757575758,92.66666666666667,1917,2282,1335,1723,1696,1928
526,101,108.99,0.454635287641068,28,106.5,127.72727272727273,92.81818181818181,1923,2286,1337,1726,1698,1929
527,95,109.17,0.454774205367775,28,106.73529411764706,127.87878787878788,92.96969696969697,1929,2290,1339,1729,1700,1930
528,96,109.34,0.4548966526431315,28,106.97058823529412,128.0,93.12121212121212,1935,2293,1341,1732,1702,1931
529,95,109.5,0.45505022831050224,28,107.17647058823529,128.12121212121212,93.27272727272727,1941,2296,1343,1735,1703,1932
530,98,109.65,0.45526949384404924,28,107.38235294117646,128.21212121212122,93.42424242424242,1947,2299,1345,1738,1704,1932
531,101,109.8,0.4554899817850637,28,107.58823529411765,128.3030303030303,93.57575757575758,1953,2302,1347,1741,1705,1932
532,98,109.95,0.45571168713051385,28,107.79411764705883,128.3939393939394,93.72727272727273,1959,2305,1349,1744,1706,1932
533,95,110.1,0.45593460490463217,28,108.0,128.4848484848485,93.87878787878788,1965,2308,1351,1747,1707,1932
534,95,110.25,0.45615873015873015,28,108.20588235294117,128.57575757575756,94.03030303030303,1971,2311,1353,1750,1708,1932
535,95,110.4,0.4563840579710145,28,108.41176470588235,128.66666666666666,94.18181818181819,1977,2314,1355,1753,1709,1932
536,83,110.55,0.45661058344640437,28,108.61764705882354,128.75757575757575,94.33333333333333,1983,2317,1357,1756,1710,1932
537,87,110.72,0.45679190751445087,28,108.82352941176471,128.87878787878788,94.51515151515152,1989,2320,1359,1760,1711,1933
538,84,110.9,0.45687466185752934,28,109.05882352941177,129.0,94.6969696969697,1995,2323,1361,1764,1713,1934
539,75,111.08,0.45697155203456963,28,109.29411764705883,129.12121212121212,94.87878787878788,2001,2326,1363,1768,1715,1935
540,67,111.25,0.457041797752809,28,109.52941176470588,129.24242424242425,95.03030303030303,2007,2329,1364,1772,1717,1936
541,65,111.42,0.4571208041644229,28,109.76470588235294,129.36363636363637,95.18181818181819,2013,2332,1365,1776,1719,1937
542,65,111.54,0.45703604088219474,28,109.94117647058823,129.3939393939394,95.33333333333333,2017,2333,1366,1780,1721,1937
543,62,111.69,0.4570516608469872,28,110.17647058823529,129.45454545454547,95.48484848484848,2023,2335,1367,1784,1723,1937
544,56,111.84,0.4570726037195994,28,110.41176470588235,129.5151515151515,95.63636363636364,2029,2337,1368,1788,1725,1937
545,54,111.98,0.4570851937846044,28,110.6470588235294,129.57575757575756,95.75757575757575,2035,2339,1369,1791,1727,1937
546,53,112.11,0.4571090892873071,28,110.82352941176471,129.66666666666666,95.87878787878788,2039,2342,1370,1794,1729,1937
547,51,112.25,0.4570913140311804,28,111.05882352941177,129.75757575757575,95.96969696969697,2044,2345,1371,1796,1732,1937
548,47,112.38,0.45706353443673253,28,111.26470588235294,129.84848484848484,96.06060606060606,2048,2348,1372,1798,1735,1937
549,55,112.51,0.45701093236156787,28,111.47058823529412,129.9090909090909,96.18181818181819,2052,2350,1373,1801,1738,1937
550,57,112.64,0.45701704545454547,28,111.67647058823529,130.0,96.27272727272727,2056,2353,1374,1803,1741,1937
551,63,112.76,0.45711777225966654,28,111.8529411764706,130.0909090909091,96.36363636363636,2060,2356,1375,1805,1743,1937
552,72,112.91,0.4571614560269241,28,112.08823529411765,130.1818181818182,96.48484848484848,2065,2359,1377,1807,1746,1937
553,79,113.08,0.45716307039264237,28,112.3529411764706,130.27272727272728,96.63636363636364,2071,2362,1379,1810,1749,1937
554,80,113.25,0.45717350993377487,28,112.61764705882354,130.36363636363637,96.78787878787878,2077,2365,1381,1813,1752,1937
555,85,113.41,0.4572762542985627,28,112.8529411764706,130.45454545454547,96.93939393939394,2083,2368,1383,1816,1754,1937
556,82,113.56,0.4573864036632617,28,113.05882352941177,130.54545454545453,97.0909090909091,2088,2371,1385,1819,1756,1937
557,84,113.72,0.45738128737249384,28,113.26470588235294,130.63636363636363,97.27272727272727,2093,2374,1387,1823,1758,1937
558,87,113.9,0.4573099209833187,28,113.52941176470588,130.72727272727272,97.45454545454545,2099,2377,1389,1827,1761,1937
559,84,114.08,0.4572440392706872,28,113.79411764705883,130.8181818181818,97.63636363636364,2105,2380,1391,1831,1764,1937
560,73,114.25,0.4572210065645514,28,114.05882352941177,130.9090909090909,97.78787878787878,2111,2383,1393,1834,1767,1937
561,66,114.41,0.45718643475220694,28,114.29411764705883,131.0,97.93939393939394,2116,2386,1395,1837,1770,1937
562,78,114.56,0.4571281424581006,28,114.5,131.0909090909091,98.0909090909091,2120,2389,1397,1840,1773,1937
563,75,114.71,0.457171127190306,28,114.70588235294117,131.1818181818182,98.24242424242425,2125,2392,1399,1843,1775,1937
564,69,114.86,0.4572209646526206,28,114.91176470588235,131.27272727272728,98.39393939393939,2130,2395,1401,1846,1777,1937
565,72,115.01,0.4572758890531258,28,115.11764705882354,131.36363636363637,98.54545454545455,2135,2398,1403,1849,1779,1937
566,76,115.15,0.45730004342162395,28,115.29411764705883,131.45454545454547,98.6969696969697,2139,2401,1405,1852,1781,1937
567,75,115.31,0.45726042841037207,28,115.52941176470588,131.57575757575756,98.81818181818181,2144,2404,1406,1855,1784,1938
568,64,115.48,0.45724974021475584,28,115.76470588235294,131.6969696969697,98.96969696969697,2149,2407,1408,1858,1787,1939
569,66,115.64,0.45736423382912483,28,116.0,131.8181818181818,99.0909090909091,2154,2410,1410,1860,1790,1940
570,73,115.81,0.45737069337708314,28,116.23529411764706,131.93939393939394,99.24242424242425,2159,2413,1412,1863,1793,1941
571,69,115.97,0.4573829438647926,28,116.44117647058823,132.06060606060606,99.39393939393939,2163,2416,1414,1866,1796,1942
572,69,116.12,0.4573665173957974,28,116.6470588235294,132.15151515151516,99.54545454545455,2167,2418,1416,1869,1799,1943
573,72,116.27,0.4573570138470801,28,116.8529411764706,132.24242424242425,99.6969696969697,2171,2420,1418,1872,1802,1944
574,74,116.43,0.45736236365197974,28,117.08823529411765,132.33333333333334,99.84848484848484,2176,2422,1420,1875,1805,1945
575,78,116.6,0.45741680960548886,28,117.32352941176471,132.45454545454547,100.0,2181,2425,1422,1878,1808,1946
576,77,116.76,0.4573158615964371,28,117.58823529411765,132.54545454545453,100.12121212121212,2187,2427,1424,1880,1811,1947
577,85,116.92,0.45722545330140263,28,117.8529411764706,132.63636363636363,100.24242424242425,2193,2429,1426,1882,1814,1948
578,84,117.08,0.4571489579774513,28,118.11764705882354,132.72727272727272,100.36363636363636,2199,2431,1428,1884,1817,1949
579,68,117.24,0.45708461276015017,28,118.38235294117646,132.8181818181818,100.48484848484848,2205,2433,1430,1886,1820,1950
580,71,117.39,0.45699207768975214,28,118.61764705882354,132.9090909090909,100.60606060606061,2210,2435,1432,1888,1823,1951
581,76,117.55,0.456948532539345,28,118.88235294117646,133.0,100.72727272727273,2216,2437,1434,1890,1826,1952
582,67,117.7,0.45693627867459646,28,119.11764705882354,133.0909090909091,100.84848484848484,2222,2439,1436,1892,1828,1953
583,66,117.86,0.4569132869506194,28,119.38235294117646,133.1818181818182,100.96969696969697,2228,2441,1438,1894,1831,1954
584,69,118.01,0.4568570460130498,28,119.61764705882354,133.27272727272728,101.0909090909091,2233,2443,1440,1896,1834,1955
585,58,118.15,0.4568404570461278,28,119.82352941176471,133.36363636363637,101.21212121212122,2237,2445,1442,1898,1837,1956
586,58,118.3,0.4568740490278952,28,120.05882352941177,133.45454545454547,101.33333333333333,2242,2447,1444,1900,1840,1957
587,62,118.44,0.4569064505234718,28,120.26470588235294,133.54545454545453,101.45454545454545,2246,2449,1446,1902,1843,1958
588,59,118.59,0.4568825364701914,28,120.52941176470588,133.6060606060606,101.57575757575758,2252,2450,1448,1904,1846,1959
589,57,118.73,0.4568306241051124,28,120.76470588235294,133.66666666666666,101.6969696969697,2257,2451,1450,1906,1849,1960
590,58,118.87,0.4568108017161605,28,121.02941176470588,133.72727272727272,101.78787878787878,2263,2452,1451,1908,1852,1961
591,51,119.0,0.4568268907563025,28,121.26470588235294,133.78787878787878,101.87878787878788,2268,2453,1452,1910,1855,1962
592,47,119.13,0.45685805422647524,28,121.5,133.84848484848484,101.96969696969697,2273,2454,1453,1912,1858,1963
593,47,119.25,0.45685953878406704,28,121.70588235294117,133.9090909090909,102.06060606060606,2277,2455,1454,1914,1861,1964
594,45,119.39,0.4568799731970852,28,121.97058823529412,133.96969696969697,102.15151515151516,2283,2456,1455,1916,1864,1965
595,45,119.51,0.4569031880177391,28,122.20588235294117,134.03030303030303,102.21212121212122,2289,2457,1456,1917,1866,1966
596,48,119.63,0.4569363871938477,28,122.44117647058823,134.0909090909091,102.27272727272727,2295,2458,1457,1918,1868,1967
597,54,119.75,0.45692943632567845,28,122.67647058823529,134.15151515151516,102.33333333333333,2300,2459,1458,1919,1871,1968
598,54,119.9,0.4569741451209341,28,122.94117647058823,134.24242424242425,102.42424242424242,2306,2461,1459,1921,1874,1969
599,58,120.04,0.4570776407864045,28,123.20588235294117,134.33333333333334,102.48484848484848,2312,2463,1460,1922,1877,1970
600,55,120.19,0.4571852899575672,28,123.47058823529412,134.42424242424244,102.57575757575758,2318,2465,1462,1923,1880,1971
601,69,120.32,0.4572423537234042,28,123.70588235294117,134.5151515151515,102.63636363636364,2323,2467,1464,1923,1883,1972
602,75,120.47,0.4573246451398688,28,123.97058823529412,134.63636363636363,102.6969696969697,2329,2470,1465,1924,1886,1973
603,73,120.61,0.45746206782190535,28,124.23529411764706,134.75757575757575,102.72727272727273,2335,2473,1466,1924,1889,1974
604,77,120.75,0.45760082815734987,28,124.5,134.87878787878788,102.75757575757575,2341,2476,1467,1924,1892,1975
605,82,120.88,0.4577051621442753,28,124.73529411764706,135.0,102.78787878787878,2346,2479,1468,1924,1895,1976
606,74,121.02,0.45784828953891915,28,125.0,135.12121212121212,102.81818181818181,2352,2482,1469,1924,1898,1977
607,84,121.16,0.4579976890062727,28,125.26470588235294,135.24242424242425,102.84848484848484,2358,2485,1470,1924,1901,1978
608,82,121.3,0.45815169002473205,28,125.52941176470588,135.36363636363637,102.87878787878788,2364,2488,1471,1924,1904,1979
609,81,121.43,0.4582697850613522,28,125.76470588235294,135.4848484848485,102.9090909090909,2369,2491,1472,1924,1907,1980
610,77,121.56,0.45838762750904904,28,126.0,135.6060606060606,102.93939393939394,2374,2494,1473,1924,1910,1981
611,88,121.72,0.45849490634242523,28,126.29411764705883,135.72727272727272,103.0,2380,2497,1474,1925,1914,1982
612,75,121.88,0.45860682638660977,28,126.58823529411765,135.84848484848484,103.06060606060606,2386,2500,1475,1926,1918,1983
613,71,122.04,0.45872173058013765,28,126.88235294117646,135.96969696969697,103.12121212121212,2392,2503,1476,1927,1922,1984
614,70,122.2,0.45884124386252045,28,127.17647058823529,136.0909090909091,103.18181818181819,2398,2506,1477,1928,1926,1985
615,63,122.36,0.4589686171951618,28,127.47058823529412,136.21212121212122,103.24242424242425,2404,2509,1478,1929,1930,1986
616,58,122.5,0.45911183673469386,28,127.70588235294117,136.33333333333334,103.3030303030303,2409,2512,1479,1930,1933,1987
617,75,122.63,0.45922449645274405,28,127.91176470588235,136.45454545454547,103.36363636363636,2413,2515,1480,1931,1936,1988
618,70,122.77,0.4593182373544025,28,128.14705882352942,136.57575757575756,103.42424242424242,2418,2518,1481,1932,1939,1989
619,65,122.91,0.4594166463265804,28,128.38235294117646,136.6969696969697,103.48484848484848,2423,2521,1482,1933,1942,1990
620,75,123.05,0.45951645672490854,28,128.61764705882354,136.8181818181818,103.54545454545455,2428,2524,1483,1934,1945,1991
621,67,123.19,0.45961766377141006,28,128.85294117647058,136.93939393939394,103.60606060606061,2433,2527,1484,1935,1948,1992
622,65,123.33,0.4597218843752534,28,129.08823529411765,137.06060606060606,103.66666666666667,2438,2530,1485,1936,1951,1993
623,66,123.47,0.45983234793877054,28,129.3235294117647,137.1818181818182,103.72727272727273,2443,2533,1486,1937,1954,1994
624,65,123.6,0.4599417475728156,28,129.55882352941177,137.3030303030303,103.75757575757575,2448,2536,1486,1938,1957,1995
625,55,123.73,0.46001535601713406,28,129.76470588235293,137.42424242424244,103.81818181818181,2452,2539,1487,1939,1960,1996
626,52,123.85,0.4600508679854663,28,129.97058823529412,137.5151515151515,103.87878787878788,2456,2541,1488,1940,1963,1997
627,48,123.98,0.46012743990966287,28,130.1764705882353,137.63636363636363,103.93939393939394,2460,2544,1489,1941,1966,1998
628,36,124.1,0.46019500402900887,28,130.38235294117646,137.75757575757575,103.96969696969697,2464,2547,1490,1941,1969,1999
629,37,124.21,0.46022622977216004,28,130.58823529411765,137.84848484848484,104.0,2468,2549,1491,1941,1972,2000
630,35,124.29,0.46020999275887037,28,130.73529411764707,137.9090909090909,104.03030303030303,2471,2550,1492,1941,1974,2001
631,36,124.37,0.46019377663423655,28,130.88235294117646,137.96969696969697,104.06060606060606,2474,2551,1493,1941,1976,2002
632,50,124.47,0.46026914115851203,28,131.05882352941177,138.06060606060606,104.0909090909091,2479,2553,1494,1941,1977,2003
633,61,124.6,0.46048796147672555,28,131.26470588235293,138.21212121212122,104.12121212121212,2485,2557,1495,1941,1978,2004
634,55,124.75,0.460739879759519,28,131.5,138.3939393939394,104.15151515151516,2491,2562,1496,1941,1980,2005
635,65,124.89,0.4609792617503403,28,131.7058823529412,138.57575757575756,104.18181818181819,2496,2567,1497,1941,1982,2006
636,71,125.04,0.46123160588611645,28,131.94117647058823,138.75757575757575,104.21212121212122,2502,2572,1498,1941,1984,2007
637,62,125.19,0.4614849428868121,28,132.1764705882353,138.93939393939394,104.24242424242425,2508,2577,1499,1941,1986,2008
638,77,125.34,0.46173926918780916,28,132.41176470588235,139.12121212121212,104.27272727272727,2514,2582,1500,1941,1988,2009
639,80,125.49,0.4619977687465137,28,132.64705882352942,139.3030303030303,104.3030303030303,2520,2587,1501,1941,1990,2010
640,74,125.64,0.4622588347659981,28,132.88235294117646,139.4848484848485,104.33333333333333,2526,2592,1502,1941,1992,2011
641,81,125.78,0.46248370170138337,28,133.08823529411765,139.66666666666666,104.36363636363636,2531,2597,1503,1941,1994,2012
642,87,125.93,0.4627451758913682,28,133.3235294117647,139.84848484848484,104.39393939393939,2537,2602,1504,1941,1996,2013
643,78,126.08,0.46300761421319797,28,133.55882352941177,140.03030303030303,104.42424242424242,2543,2607,1505,1941,1998,2014
644,78,126.23,0.46326942882040717,28,133.7941176470588,140.21212121212122,104.45454545454545,2549,2612,1506,1941,2000,2015
645,90,126.38,0.4634514954897927,28,134.02941176470588,140.3939393939394,104.48484848484848,2554,2617,1507,1941,2003,2016
646,89,126.54,0.4636763078868342,28,134.2941176470588,140.57575757575756,104.51515151515152,2560,2622,1508,1941,2006,2017
647,91,126.7,0.4639037095501184,28,134.55882352941177,140.75757575757575,104.54545454545455,2566,2627,1509,1941,2009,2018
648,96,126.86,0.4641352672237112,28,134.8235294117647,140.93939393939394,104.57575757575758,2572,2632,1510,1941,2012,2019
649,83,127.02,0.46436939064714217,28,135.08823529411765,141.12121212121212,104.60606060606061,2578,2637,1511,1941,2015,2020
650,85,127.18,0.4646029249882057,28,135.35294117647058,141.3030303030303,104.63636363636364,2584,2642,1512,1941,2018,2021
651,90,127.34,0.46484058426260405,28,135.61764705882354,141.4848484848485,104.66666666666667,2590,2647,1513,1941,2021,2022
652,86,127.5,0.4650792156862745,28,135.88235294117646,141.66666666666666,104.6969696969697,2596,2652,1514,1941,2024,2023
653,82,127.66,0.4653203822653924,28,136.14705882352942,141.84848484848484,104.72727272727273,2602,2657,1515,1941,2027,2024
654,87,127.82,0.46556250977937724,28,136.41176470588235,142.03030303030303,104.75757575757575,2608,2662,1516,1941,2030,2025
655,80,127.98,0.46580715736833883,28,136.6764705882353,142.21212121212122,104.78787878787878,2614,2667,1517,1941,2033,2026
656,82,128.14,0.4660558763852037,28,136.94117647058823,142.3939393939394,104.81818181818181,2620,2672,1518,1941,2036,2027
657,93,128.3,0.4663039750584567,28,137.2058823529412,142.57575757575756,104.84848484848484,2626,2677,1519,1941,2039,2028
658,86,128.46,0.46655145570605633,28,137.47058823529412,142.75757575757575,104.87878787878788,2632,2682,1520,1941,2042,2029
659,82,128.62,0.46679832063442706,28,137.73529411764707,142.93939393939394,104.9090909090909,2638,2687,1521,1941,2045,2030
660,81,128.78,0.4670461251747166,28,138.0,143.12121212121212,104.93939393939394,2644,2692,1522,1941,2048,2031
661,77,128.94,0.4672948658290678,28,138.26470588235293,143.3030303030303,104.96969696969697,2650,2697,1523,1941,2051,2032
662,80,129.09,0.4675087148501046,28,138.5,143.4848484848485,105.0,2655,2702,1524,1941,2054,2033
663,77,129.24,0.4677251624883937,28,138.73529411764707,143.66666666666666,105.03030303030303,2660,2707,1525,1941,2057,2034
664,72,129.38,0.4679394033080847,28,138.94117647058823,143.84848484848484,105.06060606060606,2665,2712,1526,1941,2059,2035
665,76,129.52,0.468153180975911,28,139.14705882352942,144.03030303030303,105.0909090909091,2670,2717,1527,1941,2061,2036
666,73,129.67,0.4683743348500039,28,139.38235294117646,144.21212121212122,105.12121212121212,2675,2722,1528,1941,2064,2037
667,68,129.81,0.46856559587088825,28,139.61764705882354,144.36363636363637,105.15151515151516,2680,2726,1529,1941,2067,2038
668,75,129.95,0.46875952289342054,28,139.85294117647058,144.5151515151515,105.18181818181819,2685,2730,1530,1941,2070,2039
669,72,130.1,0.4689592621060722,28,140.08823529411765,144.66666666666666,105.24242424242425,2690,2734,1531,1942,2073,2040
670,63,130.25,0.46916161228406905,28,140.3235294117647,144.8181818181818,105.3030303030303,2695,2738,1532,1943,2076,2041
671,63,130.4,0.46936656441717794,28,140.55882352941177,144.96969696969697,105.36363636363636,2700,2742,1533,1944,2079,2042
672,61,130.54,0.4695648843266432,28,140.7941176470588,145.12121212121212,105.39393939393939,2705,2746,1534,1944,2082,2043
673,56,130.68,0.46976277930823385,28,141.02941176470588,145.27272727272728,105.42424242424242,2710,2750,1535,1944,2085,2044
674,67,130.81,0.47001223148077365,28,141.2058823529412,145.45454545454547,105.45454545454545,2715,2755,1536,1944,2086,2045
675,74,130.95,0.4701053837342497,28,141.41176470588235,145.6060606060606,105.51515151515152,2720,2759,1538,1944,2088,2046
676,73,131.11,0.47023949355503014,28,141.61764705882354,145.78787878787878,105.60606060606061,2725,2764,1540,1945,2090,2047
677,78,131.27,0.4703763236078312,28,141.8235294117647,145.96969696969697,105.6969696969697,2730,2769,1542,1946,2092,2048
678,81,131.42,0.4706072135139248,28,142.05882352941177,146.15151515151516,105.72727272727273,2735,2774,1543,1946,2095,2049
679,75,131.57,0.4708390970586,28,142.2941176470588,146.33333333333334,105.75757575757575,2740,2779,1544,1946,2098,2050
680,83,131.73,0.47097623927730964,28,142.52941176470588,146.5151515151515,105.81818181818181,2745,2784,1546,1946,2101,2051
681,85,131.89,0.4711191144135264,28,142.76470588235293,146.6969696969697,105.87878787878788,2750,2789,1548,1946,2104,2052
682,72,132.05,0.47126770162817117,28,143.0,146.87878787878788,105.93939393939394,2755,2794,1550,1946,2107,2053
683,83,132.21,0.47142198018304216,28,143.23529411764707,147.06060606060606,106.0,2760,2799,1552,1946,2110,2054
684,82,132.37,0.4715789076074639,28,143.47058823529412,147.24242424242425,106.06060606060606,2765,2804,1554,1946,2113,2055
685,69,132.53,0.4717369652154229,28,143.7058823529412,147.42424242424244,106.12121212121212,2770,2809,1556,1946,2116,2056
686,80,132.69,0.4718976561911222,28,143.94117647058823,147.6060606060606,106.18181818181819,2775,2814,1558,1946,2119,2057
687,79,132.85,0.47206548739179527,28,144.1764705882353,147.78787878787878,106.24242424242425,2780,2819,1560,1946,2122,2058
688,70,133.0,0.4721984962406015,28,144.41176470588235,147.93939393939394,106.3030303030303,2785,2823,1562,1946,2125,2059
689,81,133.16,0.47237308501051367,28,144.64705882352942,148.12121212121212,106.36363636363636,2790,2828,1564,1946,2128,2060
690,80,133.32,0.47255325532553255,28,144.88235294117646,148.3030303030303,106.42424242424242,2795,2833,1566,1946,2131,2061
691,67,133.48,0.4727419838178004,28,145.11764705882354,148.4848484848485,106.48484848484848,2800,2838,1568,1946,2134,2062
692,82,133.63,0.47289455960487914,28,145.35294117647058,148.63636363636363,106.54545454545455,2805,2842,1570,1946,2137,2063
693,81,133.79,0.47308692727408624,28,145.58823529411765,148.8181818181818,106.60606060606061,2810,2847,1572,1946,2140,2064
694,68,133.95,0.4732833146696529,28,145.8235294117647,149.0,106.66666666666667,2815,2852,1574,1946,2143,2065
695,79,134.11,0.47348519871747075,28,146.05882352941177,149.1818181818182,106.72727272727273,2820,2857,1576,1946,2146,2066
696,92,134.28,0.47372207327971405,28,146.3235294117647,149.36363636363637,106.78787878787878,2826,2862,1578,1946,2149,2067
697,81,134.45,0.47396429899590925,28,146.58823529411765,149.54545454545453,106.84848484848484,2832,2867,1580,1946,2152,2068
698,85,134.62,0.4742103699301738,28,146.85294117647058,149.72727272727272,106.9090909090909,2838,2872,1582,1946,2155,2069
699,106,134.8,0.474459940652819,28,147.11764705882354,149.9090909090909,107.0,2844,2877,1584,1947,2158,2070
700,91,134.98,0.4747103274559194,28,147.38235294117646,150.0909090909091,107.0909090909091,2850,2882,1586,1948,2161,2071
701,88,135.16,0.4749630068067476,28,147.64705882352942,150.27272727272728,107.18181818181819,2856,2887,1588,1949,2164,2072
702,100,135.34,0.4752179695581498,28,147.91176470588235,150.45454545454547,107.27272727272727,2862,2892,1590,1950,2167,2073
703,97,135.52,0.4754722550177095,28,148.1764705882353,150.63636363636363,107.36363636363636,2868,2897,1592,1951,2170,2074
704,94,135.7,0.47572733971997055,28,148.44117647058823,150.8181818181818,107.45454545454545,2874,2902,1594,1952,2173,2075
705,103,135.88,0.4759832204886665,28,148.7058823529412,151.0,107.54545454545455,2880,2907,1596,1953,2176,2076
706,97,136.06,0.47624136410407175,28,148.97058823529412,151.1818181818182,107.63636363636364,2886,2912,1598,1954,2179,2077
707,97,136.24,0.47650176159718144,28,149.23529411764707,151.36363636363637,107.72727272727273,2892,2917,1600,1955,2182,2078
708,103,136.42,0.4767629379856326,28,149.5,151.54545454545453,107.81818181818181,2898,2922,1602,1956,2185,2079
709,91,136.6,0.4770263543191801,28,149.76470588235293,151.72727272727272,107.9090909090909,2904,2927,1604,1957,2188,2080
710,91,136.78,0.4772920017546425,28,150.02941176470588,151.9090909090909,108.0,2910,2932,1606,1958,2191,2081
711,106,136.96,0.4775584112149533,28,150.2941176470588,152.0909090909091,108.0909090909091,2916,2937,1608,1959,2194,2082
712,91,137.14,0.477827038063293,28,150.55882352941177,152.27272727272728,108.18181818181819,2922,2942,1610,1960,2197,2083
713,97,137.32,0.47809641712787654,28,150.8235294117647,152.45454545454547,108.27272727272727,2928,2947,1612,1961,2200,2084
714,112,137.5,0.47836654545454543,28,151.08823529411765,152.63636363636363,108.36363636363636,2934,2952,1614,1962,2203,2085
715,100,137.68,0.4786388727484021,28,151.35294117647058,152.8181818181818,108.45454545454545,2940,2957,1616,1963,2206,2086
716,97,137.86,0.47891339039605396,28,151.61764705882354,153.0,108.54545454545455,2946,2962,1618,1964,2209,2087
717,106,138.04,0.47918719211822663,28,151.88235294117646,153.1818181818182,108.63636363636364,2952,2967,1620,1965,2212,2088
718,94,138.22,0.47946028071190855,28,152.14705882352942,153.36363636363637,108.72727272727273,2958,2972,1622,1966,2215,2089
719,94,138.4,0.4797326589595376,28,152.41176470588235,153.54545454545453,108.81818181818181,2964,2977,1624,1967,2218,2090
720,101,138.57,0.4799992783430757,28,152.6764705882353,153.72727272727272,108.87878787878788,2970,2982,1626,1967,2221,2091
721,93,138.74,0.48026812743260777,28,152.94117647058823,153.9090909090909,108.93939393939394,2976,2987,1628,1967,2224,2092
722,91,138.91,0.48054063782305095,28,153.2058823529412,154.0909090909091,109.0,2982,2992,1630,1967,2227,2093
723,104,139.08,0.480812482024734,28,153.47058823529412,154.27272727272728,109.06060606060606,2988,2997,1632,1967,2230,2094
724,93,139.25,0.4810836624775583,28,153.73529411764707,154.45454545454547,109.12121212121212,2994,3002,1634,1967,2233,2095
725,88,139.42,0.4813541816095252,28,154.0,154.63636363636363,109.18181818181819,3000,3007,1636,1967,2236,2096
726,98,139.59,0.48162977290636866,28,154.26470588235293,154.8181818181818,109.24242424242425,3006,3012,1638,1967,2239,2097
727,90,139.76,0.48190612478534633,28,154.52941176470588,155.0,109.3030303030303,3012,3017,1640,1967,2242,2098
728,88,139.93,0.48218180518830844,28,154.7941176470588,155.1818181818182,109.36363636363636,3018,3022,1642,1967,2245,2099
729,92,140.1,0.48245681655960027,28,155.05882352941177,155.36363636363637,109.42424242424242,3024,3027,1644,1967,2248,2100
730,96,140.27,0.4827354387966066,28,155.3235294117647,155.54545454545453,109.48484848484848,3030,3032,1646,1967,2251,2101
731,94,140.44,0.4830162346909712,28,155.58823529411765,155.72727272727272,109.54545454545455,3036,3037,1648,1967,2254,2102
732,98,140.61,0.4832963516108385,28,155.85294117647058,155.9090909090909,109.60606060606061,3042,3042,1650,1967,2257,2103
733,102,140.78,0.48357721267225456,28,156.11764705882354,156.0909090909091,109.66666666666667,3048,3047,1652,1967,2260,2104
734,109,140.95,0.483861653068464,28,156.38235294117646,156.27272727272728,109.72727272727273,3054,3052,1654,1967,2263,2105
735,101,141.12,0.48414682539682535,28,156.64705882352942,156.45454545454547,109.78787878787878,3060,3057,1656,1967,2266,2106
736,99,141.29,0.4844341425437044,28,156.91176470588235,156.63636363636363,109.84848484848484,3066,3062,1658,1967,2269,2107
737,109,141.46,0.4847207691220133,28,157.1764705882353,156.8181818181818,109.9090909090909,3072,3067,1660,1967,2272,2108
738,104,141.63,0.48500811974864083,28,157.44117647058823,157.0,109.96969696969697,3078,3072,1662,1967,2275,2109
739,102,141.8,0.4852947813822285,28,157.7058823529412,157.1818181818182,110.03030303030303,3084,3077,1664,1967,2278,2110
740,103,141.97,0.48558357399450586,28,157.97058823529412,157.36363636363637,110.0909090909091,3090,3082,1666,1967,2281,2111
741,98,142.14,0.4858744899394963,28,158.23529411764707,157.54545454545453,110.15151515151516,3096,3087,1668,1967,2284,2112
742,102,142.31,0.4861647108425269,28,158.5,157.72727272727272,110.21212121212122,3102,3092,1670,1967,2287,2113
743,106,142.48,0.48645564289724874,28,158.76470588235293,157.9090909090909,110.27272727272727,3108,3097,1672,1967,2290,2114
744,101,142.65,0.4867458815282159,28,159.02941176470588,158.0909090909091,110.33333333333333,3114,3102,1674,1967,2293,2115
745,99,142.82,0.48703542921159504,28,159.2941176470588,158.27272727272728,110.39393939393939,3120,3107,1676,1967,2296,2116
746,100,142.99,0.4873256871109868,28,159.55882352941177,158.45454545454547,110.45454545454545,3126,3112,1678,1967,2299,2117
747,95,143.16,0.4876166526962839,28,159.8235294117647,158.63636363636363,110.51515151515152,3132,3117,1680,1967,2302,2118
748,96,143.33,0.4879097188306705,28,160.08823529411765,158.8181818181818,110.57575757575758,3138,3122,1682,1967,2305,2119
749,97,143.5,0.48820348432055755,28,160.35294117647058,159.0,110.63636363636364,3144,3127,1684,1967,2308,2120
750,104,143.67,0.48849655460430147,28,160.61764705882354,159.1818181818182,110.6969696969697,3150,3132,1686,1967,2311,2121
751,96,143.84,0.4887903225806452,28,160.88235294117646,159.36363636363637,110.75757575757575,3156,3137,1688,1967,2314,2122
752,97,144.01,0.48908617457121034,28,161.14705882352942,159.54545454545453,110.81818181818181,3162,3142,1690,1967,2317,2123
753,98,144.18,0.48938410320432796,28,161.41176470588235,159.72727272727272,110.87878787878788,3168,3147,1692,1967,2320,2124
754,96,144.35,0.4896827156217527,28,161.6764705882353,159.9090909090909,110.93939393939394,3174,3152,1694,1967,2323,2125
755,100,144.52,0.4899806255189593,28,161.94117647058823,160.0909090909091,111.0,3180,3157,1696,1967,2326,2126
756,95,144.69,0.490277835372175,28,162.2058823529412,160.27272727272728,111.06060606060606,3186,3162,1698,1967,2329,2127
757,93,144.86,0.49057572828938284,28,162.47058823529412,160.45454545454547,111.12121212121212,3192,3167,1700,1967,2332,2128
758,91,145.03,0.4908729228435496,28,162.73529411764707,160.63636363636363,111.18181818181819,3198,3172,1702,1967,2335,2129
759,92,145.2,0.4911694214876033,28,163.0,160.8181818181818,111.24242424242425,3204,3177,1704,1967,2338,2130
760,87,145.37,0.49146522666299786,28,163.26470588235293,161.0,111.3030303030303,3210,3182,1706,1967,2341,2131
761,88,145.54,0.4917603407997801,28,163.52941176470588,161.1818181818182,111.36363636363636,3216,3187,1708,1967,2344,2132
762,84,145.7,0.49202608098833217,28,163.76470588235293,161.36363636363637,111.42424242424242,3221,3192,1710,1967,2347,2133
763,86,145.86,0.4922967228849582,28,164.0,161.54545454545453,111.48484848484848,3226,3197,1712,1967,2350,2134
764,94,146.02,0.4925640323243391,28,164.26470588235293,161.6969696969697,111.54545454545455,3232,3201,1714,1967,2353,2135
765,96,146.18,0.49283622930633464,28,164.5,161.87878787878788,111.60606060606061,3237,3206,1716,1967,2356,2136
766,98,146.34,0.49310919775864426,28,164.73529411764707,162.06060606060606,111.66666666666667,3242,3211,1718,1967,2359,2137
767,100,146.5,0.4933829351535836,28,164.97058823529412,162.24242424242425,111.72727272727273,3247,3216,1720,1967,2362,2138
768,99,146.66,0.4936560752761489,28,165.2058823529412,162.42424242424244,111.78787878787878,3252,3221,1722,1967,2365,2139
769,100,146.83,0.49395831914458893,28,165.47058823529412,162.6060606060606,111.84848484848484,3258,3226,1724,1967,2368,2140
770,107,147.0,0.49425986394557825,28,165.73529411764707,162.78787878787878,111.9090909090909,3264,3231,1726,1967,2371,2141
771,108,147.17,0.49456207107426786,28,166.0,162.96969696969697,111.96969696969697,3270,3236,1728,1967,2374,2142
772,103,147.34,0.4948635808334465,28,166.26470588235293,163.15151515151516,112.03030303030303,3276,3241,1730,1967,2377,2143
773,113,147.51,0.49516439563419434,28,166.52941176470588,163.33333333333334,112.0909090909091,3282,3246,1732,1967,2380,2144
774,117,147.68,0.4954645178764897,28,166.7941176470588,163.5151515151515,112.15151515151516,3288,3251,1734,1967,2383,2145
775,109,147.85,0.49576530267162666,28,167.05882352941177,163.6969696969697,112.21212121212122,3294,3256,1736,1967,2386,2146
776,119,148.02,0.49606539656803134,28,167.3235294117647,163.87878787878788,112.27272727272727,3300,3261,1738,1967,2389,2147
777,123,148.19,0.49636480194345095,28,167.58823529411765,164.06060606060606,112.33333333333333,3306,3266,1740,1967,2392,2148
778,115,148.36,0.4966648692369911,28,167.85294117647058,164.24242424242425,112.39393939393939,3312,3271,1742,1967,2395,2149
779,128,148.53,0.4969655961758567,28,168.11764705882354,164.42424242424244,112.45454545454545,3318,3276,1744,1967,2398,2150
780,117,148.7,0.4972669804976463,28,168.38235294117646,164.6060606060606,112.51515151515152,3324,3281,1746,1967,2401,2151
781,106,148.87,0.4975690199502922,28,168.64705882352942,164.78787878787878,112.57575757575758,3330,3286,1748,1967,2404,2152
782,119,149.04,0.49787439613526574,28,168.91176470588235,164.96969696969697,112.63636363636364,3336,3291,1750,1967,2407,2153
783,114,149.21,0.49817907646940557,28,169.1764705882353,165.15151515151516,112.6969696969697,3342,3296,1752,1967,2410,2154
784,115,149.38,0.4984844021957424,28,169.44117647058823,165.33333333333334,112.75757575757575,3348,3301,1754,1967,2413,2155
785,115,149.56,0.4987617009895694,28,169.73529411764707,165.5151515151515,112.81818181818181,3354,3306,1756,1967,2417,2156
786,112,149.74,0.49903833311072526,28,170.02941176470588,165.6969696969697,112.87878787878788,3360,3311,1758,1967,2421,2157
787,106,149.92,0.4993156350053362,28,170.3235294117647,165.87878787878788,112.93939393939394,3366,3316,1760,1967,2425,2158
788,120,150.11,0.4995476650456332,28,170.64705882352942,166.06060606060606,113.0,3373,3321,1762,1967,2429,2159
789,128,150.3,0.4997844311377246,28,170.97058823529412,166.24242424242425,113.06060606060606,3380,3326,1764,1967,2433,2160
790,130,150.49,0.5000245863512526,28,171.2941176470588,166.42424242424244,113.12121212121212,3387,3331,1766,1967,2437,2161
791,129,150.68,0.5002667905495088,28,171.61764705882354,166.6060606060606,113.18181818181819,3394,3336,1768,1967,2441,2162
792,140,150.87,0.500509710346656,28,171.94117647058823,166.78787878787878,113.24242424242425,3401,3341,1770,1967,2445,2163
793,136,151.06,0.5007533430424996,28,172.26470588235293,166.96969696969697,113.3030303030303,3408,3346,1772,1967,2449,2164
794,132,151.25,0.5009990082644628,28,172.58823529411765,167.15151515151516,113.36363636363636,3415,3351,1774,1967,2453,2165
795,125,151.44,0.5012453777073429,28,172.91176470588235,167.33333333333334,113.42424242424242,3422,3356,1776,1967,2457,2166
796,130,151.63,0.5014924487238673,28,173.23529411764707,167.5151515151515,113.48484848484848,3429,3361,1778,1967,2461,2167
797,144,151.82,0.5017402186800158,28,173.55882352941177,167.6969696969697,113.54545454545455,3436,3366,1780,1967,2465,2168
798,146,152.01,0.5019886849549372,28,173.88235294117646,167.87878787878788,113.60606060606061,3443,3371,1782,1967,2469,2169
799,139,152.2,0.5022378449408673,28,174.2058823529412,168.06060606060606,113.66666666666667,3450,3376,1784,1967,2473,2170
800,129,152.39,0.5024890084651223,28,174.52941176470588,168.24242424242425,113.72727272727273,3457,3381,1786,1967,2477,2171
801,125,152.58,0.5027395464674269,28,174.85294117647058,168.42424242424244,113.78787878787878,3464,3386,1788,1967,2481,2172
802,124,152.77,0.5029907704392224,28,175.1764705882353,168.6060606060606,113.84848484848484,3471,3391,1790,1967,2485,2173
803,127,152.95,0.5032173913043478,28,175.5,168.75757575757575,113.9090909090909,3478,3395,1792,1967,2489,2174
804,133,153.13,0.5034460915561941,28,175.8235294117647,168.9090909090909,113.96969696969697,3485,3399,1794,1967,2493,2175
805,133,153.31,0.503675559324245,28,176.14705882352942,169.06060606060606,114.03030303030303,3492,3403,1796,1967,2497,2176
806,135,153.5,0.5039322475570033,28,176.47058823529412,169.24242424242425,114.0909090909091,3499,3408,1798,1967,2501,2177
807,134,153.69,0.5041883011256425,28,176.7941176470588,169.42424242424244,114.15151515151516,3506,3413,1800,1967,2505,2178
808,134,153.87,0.504421264703971,28,177.11764705882354,169.57575757575756,114.21212121212122,3513,3417,1802,1967,2509,2179
809,148,154.06,0.5046786966117097,28,177.44117647058823,169.75757575757575,114.27272727272727,3520,3422,1804,1967,2513,2180
810,143,154.26,0.5049410086866329,28,177.76470588235293,169.93939393939394,114.36363636363636,3527,3427,1807,1967,2517,2181
811,135,154.46,0.50511847727567,28,178.08823529411765,170.12121212121212,114.45454545454545,3534,3431,1810,1967,2521,2183
812,140,154.65,0.5053456191399935,28,178.35294117647058,170.33333333333334,114.54545454545455,3541,3436,1813,1967,2523,2185
813,143,154.86,0.5055585690300917,28,178.6764705882353,170.54545454545453,114.63636363636364,3548,3441,1816,1967,2527,2187
814,146,155.07,0.5057722318952731,28,179.0,170.75757575757575,114.72727272727273,3555,3446,1819,1967,2531,2189
815,144,155.27,0.5059592967089586,28,179.3235294117647,170.93939393939394,114.81818181818181,3562,3450,1822,1967,2535,2191
816,142,155.47,0.5061484530777642,28,179.64705882352942,171.12121212121212,114.9090909090909,3569,3454,1825,1967,2539,2193
817,136,155.68,0.5063694758478932,28,179.97058823529412,171.33333333333334,115.0,3576,3459,1828,1967,2543,2195
818,142,155.89,0.5065924690486882,28,180.2941176470588,171.54545454545453,115.0909090909091,3583,3464,1831,1967,2547,2197
819,136,156.1,0.5068161434977578,28,180.61764705882354,171.75757575757575,115.18181818181819,3590,3469,1834,1967,2551,2199
820,125,156.3,0.5070147152911069,28,180.94117647058823,171.93939393939394,115.27272727272727,3597,3473,1837,1967,2555,2201
821,131,156.48,0.507170245398773,28,181.26470588235293,172.06060606060606,115.36363636363636,3604,3476,1840,1967,2559,2202
822,130,156.64,0.5073110316649643,28,181.52941176470588,172.1818181818182,115.45454545454545,3611,3479,1843,1967,2561,2203
823,121,156.79,0.5074437145226098,28,181.76470588235293,172.3030303030303,115.54545454545455,3617,3482,1846,1967,2563,2204
824,126,156.95,0.5075839439311882,28,182.02941176470588,172.42424242424244,115.63636363636364,3623,3485,1849,1967,2566,2205
825,124,157.12,0.5076973014256619,28,182.3235294117647,172.54545454545453,115.72727272727273,3630,3488,1852,1967,2569,2206
826,112,157.3,0.5078169103623649,28,182.64705882352942,172.66666666666666,115.81818181818181,3637,3491,1855,1967,2573,2207
827,123,157.49,0.5079325671471204,28,182.97058823529412,172.78787878787878,115.93939393939394,3644,3494,1858,1968,2577,2208
828,130,157.66,0.5080388177089941,28,183.23529411764707,172.9090909090909,116.06060606060606,3650,3497,1861,1969,2580,2209
829,118,157.84,0.5081690319310694,28,183.5,173.06060606060606,116.18181818181819,3656,3500,1864,1970,2583,2211
830,121,158.02,0.5083002151626377,28,183.76470588235293,173.21212121212122,116.3030303030303,3662,3503,1867,1971,2586,2213
831,118,158.2,0.5084323640960808,28,184.02941176470588,173.36363636363637,116.42424242424242,3668,3506,1870,1972,2589,2215
832,117,158.36,0.5084655215963627,28,184.23529411764707,173.5151515151515,116.54545454545455,3673,3509,1873,1973,2591,2217
833,126,158.54,0.5085316008578277,28,184.5,173.66666666666666,116.66666666666667,3680,3512,1876,1974,2593,2219
834,125,158.73,0.5086265986265986,28,184.76470588235293,173.84848484848484,116.78787878787878,3687,3516,1879,1975,2595,2221
835,117,158.93,0.5087126407852514,28,185.05882352941177,174.03030303030303,116.9090909090909,3694,3520,1882,1976,2598,2223
836,115,159.13,0.5088022371645824,28,185.35294117647058,174.21212121212122,117.03030303030303,3701,3524,1885,1977,2601,2225
837,120,159.32,0.5088727090133065,28,185.64705882352942,174.36363636363637,117.15151515151516,3708,3527,1888,1978,2604,2227
838,115,159.52,0.5089706619859579,28,185.94117647058823,174.54545454545453,117.27272727272727,3715,3531,1891,1979,2607,2229
839,111,159.71,0.5090495272681735,28,186.23529411764707,174.6969696969697,117.39393939393939,3722,3534,1894,1980,2610,2231
840,117,159.89,0.5091106385640127,28,186.5,174.84848484848484,117.51515151515152,3728,3537,1897,1981,2613,2233
841,114,160.07,0.5091878553133005,28,186.76470588235293,175.0,117.63636363636364,3734,3540,1900,1982,2616,2235
842,110,160.26,0.5092774241856982,28,187.05882352941177,175.15151515151516,117.75757575757575,3741,3543,1903,1983,2619,2237
843,111,160.46,0.5093917487224231,28,187.35294117647058,175.33333333333334,117.87878787878788,3748,3547,1906,1984,2622,2239
844,110,160.65,0.5094883286647992,28,187.61764705882354,175.5151515151515,118.0,3754,3551,1909,1985,2625,2241
845,112,160.84,0.5095734891817956,28,187.91176470588235,175.66666666666666,118.12121212121212,3760,3554,1912,1986,2629,2243
846,105,161.03,0.5096745947960007,28,188.1764705882353,175.84848484848484,118.24242424242425,3765,3558,1915,1987,2633,2245
847,91,161.23,0.5097866402034361,28,188.47058823529412,176.03030303030303,118.36363636363636,3771,3562,1918,1988,2637,2247
848,102,161.42,0.5098897286581588,28,188.73529411764707,176.21212121212122,118.48484848484848,3777,3566,1921,1989,2640,2249
849,101,161.58,0.5100123777695259,28,188.97058823529412,176.33333333333334,118.60606060606061,3783,3569,1924,1990,2642,2250
850,94,161.74,0.5101508594039817,28,189.1764705882353,176.4848484848485,118.72727272727273,3788,3573,1927,1991,2644,2251
851,92,161.91,0.5103088135383855,28,189.38235294117646,176.66666666666666,118.84848484848484,3793,3577,1930,1992,2646,2253
852,96,162.08,0.5104689042448174,28,189.58823529411765,176.84848484848484,118.96969696969697,3798,3581,1933,1993,2648,2255
853,92,162.24,0.510607741617357,28,189.7941176470588,177.0,119.0909090909091,3803,3584,1936,1994,2650,2257
854,98,162.39,0.5107315721411417,28,190.0,177.12121212121212,119.21212121212122,3808,3587,1939,1995,2652,2258
855,95,162.54,0.5108564045773348,28,190.2058823529412,177.24242424242425,119.33333333333333,3813,3590,1942,1996,2654,2259
856,88,162.7,0.5109846342962507,28,190.44117647058823,177.36363636363637,119.45454545454545,3818,3593,1945,1997,2657,2260
857,91,162.85,0.5111114522566779,28,190.64705882352942,177.4848484848485,119.57575757575758,3823,3596,1948,1998,2659,2261
858,85,163.0,0.511239263803681,28,190.85294117647058,177.6060606060606,119.6969696969697,3828,3599,1951,1999,2661,2262
859,79,163.15,0.5113668403309838,28,191.05882352941177,177.72727272727272,119.81818181818181,3833,3602,1954,2000,2663,2263
860,80,163.29,0.5114685528813767,28,191.26470588235293,177.8181818181818,119.93939393939394,3838,3604,1957,2001,2665,2264
861,83,163.44,0.5116005873715125,28,191.47058823529412,177.93939393939394,120.06060606060606,3843,3607,1960,2002,2667,2265
862,77,163.59,0.511733602298429,28,191.6764705882353,178.06060606060606,120.18181818181819,3848,3610,1963,2003,2669,2266
863,80,163.74,0.5118688164162697,28,191.88235294117646,178.1818181818182,120.3030303030303,3853,3613,1966,2004,2671,2267
864,77,163.89,0.5119037159070108,28,192.08823529411765,178.27272727272728,120.45454545454545,3858,3615,1969,2006,2673,2268
865,74,164.04,0.5119397707876128,28,192.2941176470588,178.36363636363637,120.60606060606061,3863,3617,1972,2008,2675,2269
866,79,164.2,0.5120085261875762,28,192.5,178.4848484848485,120.75757575757575,3868,3620,1975,2010,2677,2270
867,88,164.35,0.5121515059324612,28,192.7058823529412,178.6060606060606,120.87878787878788,3873,3623,1978,2011,2679,2271
868,91,164.5,0.5122942249240121,28,192.91176470588235,178.72727272727272,121.0,3878,3626,1981,2012,2681,2272
869,88,164.65,0.51243789857273,28,193.11764705882354,178.84848484848484,121.12121212121212,3883,3629,1984,2013,2683,2273
870,103,164.8,0.5125849514563107,28,193.3235294117647,178.96969696969697,121.24242424242425,3888,3632,1987,2014,2685,2274
871,100,164.95,0.5127329493785996,28,193.52941176470588,179.0909090909091,121.36363636363636,3893,3635,1990,2015,2687,2275
872,88,165.1,0.5128818897637796,28,193.73529411764707,179.21212121212122,121.48484848484848,3898,3638,1993,2016,2689,2276
873,88,165.25,0.5130329803328291,28,193.94117647058823,179.33333333333334,121.60606060606061,3903,3641,1996,2017,2691,2277
874,90,165.41,0.5131352397073937,28,194.14705882352942,179.45454545454547,121.75757575757575,3908,3644,1999,2019,2693,2278
875,80,165.57,0.5132397173400978,28,194.35294117647058,179.57575757575756,121.9090909090909,3913,3647,2002,2021,2695,2279
876,86,165.72,0.5133248853487811,28,194.55882352941177,179.6969696969697,122.03030303030303,3918,3650,2004,2023,2697,2280
877,92,165.87,0.5134147223729427,28,194.76470588235293,179.8181818181818,122.15151515151516,3923,3653,2006,2025,2699,2281
878,85,166.03,0.5135282780220443,28,194.97058823529412,179.93939393939394,122.3030303030303,3928,3656,2009,2027,2701,2282
879,78,166.19,0.513642818460798,28,195.1764705882353,180.06060606060606,122.45454545454545,3933,3659,2012,2029,2703,2283
880,79,166.36,0.5137424861745612,28,195.38235294117646,180.21212121212122,122.60606060606061,3938,3663,2015,2031,2705,2284
881,83,166.53,0.5138443523689425,28,195.58823529411765,180.36363636363637,122.75757575757575,3943,3667,2018,2033,2707,2285
882,86,166.68,0.5139512838972883,28,195.76470588235293,180.5151515151515,122.87878787878788,3947,3671,2020,2035,2709,2286
883,94,166.84,0.5140781587149365,28,195.97058823529412,180.66666666666666,123.0,3952,3675,2022,2037,2711,2287
884,108,167.0,0.5142059880239521,28,196.1764705882353,180.8181818181818,123.12121212121212,3957,3679,2024,2039,2713,2288
885,104,167.16,0.5143359655419957,28,196.38235294117646,180.96969696969697,123.24242424242425,3962,3683,2026,2041,2715,2289
886,103,167.32,0.5144656944776476,28,196.58823529411765,181.12121212121212,123.36363636363636,3967,3687,2028,2043,2717,2290
887,95,167.49,0.5145805719744463,28,196.8235294117647,181.27272727272728,123.48484848484848,3972,3691,2030,2045,2720,2291
888,108,167.66,0.5146976022903496,28,197.05882352941177,181.42424242424244,123.60606060606061,3977,3695,2032,2047,2723,2292
889,98,167.82,0.5147956143487069,28,197.2941176470588,181.57575757575756,123.6969696969697,3982,3699,2033,2049,2726,2293
890,91,167.98,0.5148934396952017,28,197.52941176470588,181.72727272727272,123.78787878787878,3987,3703,2034,2051,2729,2294
891,87,168.14,0.5149922683478054,28,197.76470588235293,181.87878787878788,123.87878787878788,3992,3707,2035,2053,2732,2295
892,89,168.3,0.5150920974450386,28,198.0,182.03030303030303,123.96969696969697,3997,3711,2036,2055,2735,2296
893,82,168.46,0.5151929241362935,28,198.23529411764707,182.1818181818182,124.06060606060606,4002,3715,2037,2057,2738,2297
894,84,168.62,0.5152947455817816,28,198.47058823529412,182.33333333333334,124.15151515151516,4007,3719,2038,2059,2741,2298
895,76,168.76,0.5154124200047404,28,198.6764705882353,182.4848484848485,124.21212121212122,4012,3723,2039,2060,2743,2299
896,82,168.88,0.5155779251539555,28,198.88235294117646,182.6060606060606,124.24242424242425,4017,3727,2040,2060,2745,2299
897,82,169.0,0.5157443786982249,28,199.08823529411765,182.72727272727272,124.27272727272727,4022,3731,2041,2060,2747,2299
898,79,169.12,0.5159141438032167,28,199.2941176470588,182.84848484848484,124.3030303030303,4027,3735,2042,2060,2749,2299
899,79,169.24,0.5160836681635547,28,199.5,182.96969696969697,124.33333333333333,4032,3739,2043,2060,2751,2299
900,91,169.36,0.5162564950401511,28,199.7058823529412,183.0909090909091,124.36363636363636,4037,3743,2044,2060,2753,2299
901,82,169.48,0.5164290771772481,28,199.91176470588235,183.21212121212122,124.39393939393939,4042,3747,2045,2060,2755,2299
902,82,169.6,0.5166014150943397,28,200.11764705882354,183.33333333333334,124.42424242424242,4047,3751,2046,2060,2757,2299
903,88,169.72,0.5167735093094509,28,200.3235294117647,183.45454545454547,124.45454545454545,4052,3755,2047,2060,2759,2299
904,87,169.85,0.5169543715042685,28,200.55882352941177,183.57575757575756,124.48484848484848,4057,3759,2048,2060,2762,2299
905,82,169.99,0.5171451261838932,28,200.8235294117647,183.6969696969697,124.51515151515152,4063,3763,2049,2060,2765,2299
906,89,170.13,0.5173355669194146,28,201.08823529411765,183.8181818181818,124.54545454545455,4069,3767,2050,2060,2768,2299
907,84,170.27,0.5175268690902685,28,201.35294117647058,183.93939393939394,124.57575757575758,4075,3771,2051,2060,2771,2299
908,79,170.41,0.5177178569332785,28,201.61764705882354,184.06060606060606,124.60606060606061,4081,3775,2052,2060,2774,2299
909,86,170.55,0.5179097038991498,28,201.88235294117646,184.1818181818182,124.63636363636364,4087,3779,2053,2060,2777,2299
910,81,170.69,0.5181012361591188,28,202.14705882352942,184.3030303030303,124.66666666666667,4093,3783,2054,2060,2780,2299
911,82,170.83,0.5182924544869167,28,202.41176470588235,184.42424242424244,124.6969696969697,4099,3787,2055,2060,2783,2299
912,86,170.97,0.5184833596537404,28,202.6764705882353,184.54545454545453,124.72727272727273,4105,3791,2056,2060,2786,2299
913,84,171.11,0.5186739524282625,28,202.94117647058823,184.66666666666666,124.75757575757575,4111,3795,2057,2060,2789,2299
914,73,171.25,0.518865401459854,28,203.2058823529412,184.78787878787878,124.78787878787878,4117,3799,2058,2060,2792,2299
915,86,171.39,0.519057704650213,28,203.47058823529412,184.9090909090909,124.81818181818181,4123,3803,2059,2060,2795,2299
916,81,171.53,0.5192508599078878,28,203.73529411764707,185.03030303030303,124.84848484848484,4129,3807,2060,2060,2798,2299
917,88,171.67,0.5194437001223278,28,204.0,185.15151515151516,124.87878787878788,4135,3811,2061,2060,2801,2299
918,89,171.81,0.519636226063675,28,204.26470588235293,185.27272727272728,124.9090909090909,4141,3815,2062,2060,2804,2299
919,84,171.95,0.5198284384995638,28,204.52941176470588,185.3939393939394,124.93939393939394,4147,3819,2063,2060,2807,2299
920,85,172.09,0.5200203381951305,28,204.7941176470588,185.5151515151515,124.96969696969697,4153,3823,2064,2060,2810,2299
921,86,172.23,0.5202119259130233,28,205.05882352941177,185.63636363636363,125.0,4159,3827,2065,2060,2813,2299
922,84,172.37,0.520403202413413,28,205.3235294117647,185.75757575757575,125.03030303030303,4165,3831,2066,2060,2816,2299
923,85,172.51,0.5205941684540026,28,205.58823529411765,185.87878787878788,125.06060606060606,4171,3835,2067,2060,2819,2299
924,83,172.65,0.5207871416159862,28,205.85294117647058,186.0,125.0909090909091,4177,3839,2068,2060,2822,2299
925,78,172.79,0.5209809595462701,28,206.11764705882354,186.12121212121212,125.12121212121212,4183,3843,2069,2060,2825,2299
926,88,172.93,0.5211744636558145,28,206.38235294117646,186.24242424242425,125.15151515151516,4189,3847,2070,2060,2828,2299
927,89,173.07,0.5213676547061883,28,206.64705882352942,186.36363636363637,125.18181818181819,4195,3851,2071,2060,2831,2299
928,81,173.21,0.5215605334564979,28,206.91176470588235,186.4848484848485,125.21212121212122,4201,3855,2072,2060,2834,2299
929,79,173.35,0.5217542543986154,28,207.1764705882353,186.6060606060606,125.24242424242425,4207,3859,2073,2060,2837,2299
930,86,173.49,0.5219476626894921,28,207.44117647058823,186.72727272727272,125.27272727272727,4213,3863,2074,2060,2840,2299
931,90,173.63,0.5221419109600876,28,207.7058823529412,186.84848484848484,125.3030303030303,4219,3867,2075,2060,2843,2299
932,91,173.77,0.522335846233527,28,207.97058823529412,186.96969696969697,125.33333333333333,4225,3871,2076,2060,2846,2299
933,101,173.91,0.5225306192858374,28,208.23529411764707,187.0909090909091,125.36363636363636,4231,3875,2077,2060,2849,2299
934,93,174.05,0.5227250790002873,28,208.5,187.21212121212122,125.39393939393939,4237,3879,2078,2060,2852,2299
935,91,174.19,0.522920374303921,28,208.76470588235293,187.33333333333334,125.42424242424242,4243,3883,2079,2060,2855,2299
936,104,174.33,0.5231153559341479,28,209.02941176470588,187.45454545454547,125.45454545454545,4249,3887,2080,2060,2858,2299
937,93,174.47,0.5233100246460709,28,209.2941176470588,187.57575757575756,125.48484848484848,4255,3891,2081,2060,2861,2299
938,90,174.62,0.5234978811132746,28,209.55882352941177,187.6969696969697,125.54545454545455,4261,3895,2082,2061,2864,2299
939,96,174.77,0.5236865594781713,28,209.8235294117647,187.8181818181818,125.60606060606061,4267,3899,2083,2062,2867,2299
940,99,174.92,0.5238760576263435,28,210.08823529411765,187.93939393939394,125.66666666666667,4273,3903,2084,2063,2870,2299
941,90,175.07,0.5240663734506197,28,210.35294117647058,188.06060606060606,125.72727272727273,4279,3907,2085,2064,2873,2299
942,93,175.22,0.5242563634288323,28,210.61764705882354,188.1818181818182,125.78787878787878,4285,3911,2086,2065,2876,2299
943,93,175.37,0.5244460283971033,28,210.88235294117646,188.3030303030303,125.84848484848484,4291,3915,2087,2066,2879,2299
944,93,175.52,0.5246353691886965,28,211.14705882352942,188.42424242424244,125.9090909090909,4297,3919,2088,2067,2882,2299
945,93,175.67,0.5248255251323504,28,211.41176470588235,188.54545454545453,125.96969696969697,4303,3923,2089,2068,2885,2299
946,87,175.82,0.5250164941417359,28,211.6764705882353,188.66666666666666,126.03030303030303,4309,3927,2090,2069,2888,2299
947,78,175.97,0.5252071375802694,28,211.94117647058823,188.78787878787878,126.0909090909091,4315,3931,2091,2070,2891,2299
948,84,176.12,0.52539859186918,28,212.2058823529412,188.9090909090909,126.15151515151516,4321,3935,2092,2071,2894,2299
949,84,176.27,0.5255908549384467,28,212.47058823529412,189.03030303030303,126.21212121212122,4327,3939,2093,2072,2897,2299
950,81,176.42,0.5257827910667725,28,212.73529411764707,189.15151515151516,126.27272727272727,4333,3943,2094,2073,2900,2299
951,90,176.57,0.5259744010873875,28,213.0,189.27272727272728,126.33333333333333,4339,3947,2095,2074,2903,2299
952,102,176.72,0.5261656858306926,28,213.26470588235293,189.3939393939394,126.39393939393939,4345,3951,2096,2075,2906,2299
953,93,176.87,0.526356646124272,28,213.52941176470588,189.5151515151515,126.45454545454545,4351,3955,2097,2076,2909,2299
954,90,177.02,0.5265472827929047,28,213.7941176470588,189.63636363636363,126.51515151515152,4357,3959,2098,2077,2912,2299
955,90,177.17,0.5267375966585766,28,214.05882352941177,189.75757575757575,126.57575757575758,4363,3963,2099,2078,2915,2299
956,94,177.31,0.5269161355817495,28,214.2941176470588,189.87878787878788,126.63636363636364,4369,3967,2100,2079,2917,2299
957,94,177.46,0.5271058266651639,28,214.55882352941177,190.0,126.6969696969697,4375,3971,2101,2080,2920,2299
958,85,177.61,0.5272974494679353,28,214.8235294117647,190.12121212121212,126.75757575757575,4381,3975,2102,2081,2923,2299
959,83,177.75,0.5274773558368495,28,215.05882352941177,190.24242424242425,126.81818181818181,4387,3979,2103,2082,2925,2299
960,93,177.89,0.5276581033222778,28,215.2941176470588,190.36363636363637,126.87878787878788,4393,3983,2104,2083,2927,2299
961,91,178.03,0.5278385665337303,28,215.52941176470588,190.4848484848485,126.93939393939394,4399,3987,2105,2084,2929,2299
962,89,178.17,0.5280187461413257,28,215.76470588235293,190.6060606060606,127.0,4405,3991,2106,2085,2931,2299
963,93,178.31,0.5281997644551624,28,216.0,190.72727272727272,127.06060606060606,4411,3995,2107,2086,2933,2299
964,95,178.47,0.5284109374124503,28,216.26470588235293,190.87878787878788,127.12121212121212,4417,4000,2108,2087,2936,2299
965,100,178.63,0.5286217320718805,28,216.52941176470588,191.03030303030303,127.18181818181819,4423,4005,2109,2088,2939,2299
966,102,178.79,0.5288321494490744,28,216.7941176470588,191.1818181818182,127.24242424242425,4429,4010,2110,2089,2942,2299
967,101,178.95,0.5290421905560213,28,217.05882352941177,191.33333333333334,127.3030303030303,4435,4015,2111,2090,2945,2299
968,100,179.11,0.5292529730333314,28,217.3235294117647,191.4848484848485,127.36363636363636,4441,4020,2112,2091,2948,2299
969,96,179.27,0.5294633792603336,28,217.58823529411765,191.63636363636363,127.42424242424242,4447,4025,2113,2092,2951,2299
970,101,179.43,0.52967675416597,28,217.85294117647058,191.78787878787878,127.48484848484848,4453,4030,2114,2093,2954,2299
971,94,179.59,0.5298897488724317,28,218.11764705882354,191.93939393939394,127.54545454545455,4459,4035,2115,2094,2957,2299
972,93,179.75,0.530102364394993,28,218.38235294117646,192.0909090909091,127.60606060606061,4465,4040,2116,2095,2960,2299
973,92,179.91,0.5303146017453171,28,218.64705882352942,192.24242424242425,127.66666666666667,4471,4045,2117,2096,2963,2299
974,94,180.07,0.5305264619314711,28,218.91176470588235,192.3939393939394,127.72727272727273,4477,4050,2118,2097,2966,2299
975,87,180.23,0.5307379459579427,28,219.1764705882353,192.54545454545453,127.78787878787878,4483,4055,2119,2098,2969,2299
976,88,180.37,0.5309280922548095,28,219.44117647058823,192.66666666666666,127.81818181818181,4489,4059,2120,2098,2972,2299
977,84,180.53,0.5311399767351687,28,219.7058823529412,192.8181818181818,127.87878787878788,4495,4064,2121,2099,2975,2299
978,92,180.69,0.5313514859704466,28,219.97058823529412,192.96969696969697,127.93939393939394,4501,4069,2122,2100,2978,2299
979,102,180.86,0.531511666482362,28,220.23529411764707,193.15151515151516,128.0,4507,4074,2123,2101,2981,2300
980,105,181.04,0.531669244365886,28,220.5,193.33333333333334,128.0909090909091,4513,4079,2125,2102,2984,2301
981,117,181.22,0.53182871647721,28,220.76470588235293,193.5151515151515,128.1818181818182,4519,4084,2127,2103,2987,2302
982,111,181.4,0.5319911797133406,28,221.02941176470588,193.6969696969697,128.27272727272728,4525,4089,2129,2104,2990,2303
983,111,181.58,0.5321544222932041,28,221.2941176470588,193.87878787878788,128.36363636363637,4531,4094,2131,2105,2993,2304
984,124,181.75,0.5323130674002752,28,221.55882352941177,194.06060606060606,128.42424242424244,4537,4099,2132,2106,2996,2305
985,112,181.93,0.5324800747540263,28,221.8235294117647,194.24242424242425,128.5151515151515,4543,4104,2134,2107,2999,2306
986,109,182.11,0.5326489484377575,28,222.08823529411765,194.42424242424244,128.6060606060606,4549,4109,2136,2108,3002,2307
987,115,182.29,0.532818585769927,28,222.35294117647058,194.6060606060606,128.6969696969697,4555,4114,2138,2109,3005,2308
988,118,182.47,0.5329889844906012,28,222.61764705882354,194.78787878787878,128.78787878787878,4561,4119,2140,2110,3008,2309
989,112,182.65,0.5331612373391733,28,222.88235294117646,194.96969696969697,128.87878787878788,4567,4124,2142,2111,3011,2310
990,114,182.84,0.5333023408444542,28,223.1764705882353,195.15151515151516,128.96969696969697,4573,4129,2144,2112,3015,2311
991,116,183.03,0.533443151395946,28,223.47058823529412,195.33333333333334,129.06060606060606,4579,4134,2146,2113,3019,2312
992,119,183.21,0.5335773156487091,28,223.76470588235293,195.5151515151515,129.12121212121212,4585,4139,2147,2114,3023,2313
993,124,183.4,0.5337208287895311,28,224.05882352941177,195.6969696969697,129.21212121212122,4591,4144,2149,2115,3027,2314
994,123,183.59,0.5338662236505256,28,224.35294117647058,195.87878787878788,129.3030303030303,4597,4149,2151,2116,3031,2315
995,113,183.78,0.5340145826531723,28,224.64705882352942,196.06060606060606,129.3939393939394,4603,4154,2153,2117,3035,2316
996,130,183.97,0.5341648094798065,28,224.94117647058823,196.24242424242425,129.4848484848485,4609,4159,2155,2118,3039,2317
997,135,184.16,0.5343147263249348,28,225.23529411764707,196.42424242424244,129.57575757575756,4615,4164,2157,2119,3043,2318
998,131,184.35,0.5344675888256034,28,225.52941176470588,196.6060606060606,129.66666666666666,4621,4169,2159,2120,3047,2319
999,131,184.53,0.5346203869289546,28,225.8235294117647,196.78787878787878,129.72727272727272,4627,4174,2161,2120,3051,2320
1000,125,184.71,0.5347739700070381,28,226.11764705882354,196.96969696969697,129.78787878787878,4633,4179,2163,2120,3055,2321
