,TotalSugar,AvgSugarLevel,SugarGini,NumCooperators,RiskAverseAvgSugar,NeutralAvgSugar,RiskSeekingAvgSugar,RiskAverseCoopSugar,NeutralCoopSugar,RiskSeekingCoopSugar,RiskSeekingNonCoopSugar,RiskAverseNonCoopSugar,NeutralNonCoopSugar
0,4622,0.0,0.0,28,0.0,0.0,0.0,0,0,0,0,0,0
1,4545,0.83,0.17,28,0.8823529411764706,0.8484848484848485,0.7575757575757576,9,7,4,21,21,21
2,4467,1.67,0.16497005988023958,28,1.7941176470588236,1.696969696969697,1.5151515151515151,18,14,8,42,43,42
3,4391,2.52,0.15992063492063494,28,2.7058823529411766,2.5454545454545454,2.303030303030303,27,21,12,64,65,63
4,4318,3.37,0.1574183976261128,28,3.6176470588235294,3.393939393939394,3.090909090909091,36,28,16,86,87,84
5,4248,4.22,0.15592417061611372,28,4.529411764705882,4.242424242424242,3.878787878787879,45,35,20,108,109,105
6,4176,5.06,0.15652173913043485,28,5.4411764705882355,5.0606060606060606,4.666666666666667,54,42,24,130,131,125
7,4094,5.91,0.15558375634517774,28,6.352941176470588,5.909090909090909,5.454545454545454,63,49,28,152,153,146
8,4021,6.76,0.15488165680473373,28,7.264705882352941,6.757575757575758,6.242424242424242,72,56,32,174,175,167
9,3937,7.6,0.15536842105263163,28,8.176470588235293,7.575757575757576,7.03030303030303,81,63,36,196,197,187
10,3866,8.43,0.1567141162514828,28,9.058823529411764,8.393939393939394,7.818181818181818,90,70,40,218,218,207
11,3798,9.26,0.15788336933045358,28,9.941176470588236,9.212121212121213,8.606060606060606,99,77,44,240,239,227
12,3717,10.1,0.15803960396039599,28,10.823529411764707,10.06060606060606,9.393939393939394,108,84,48,262,260,248
13,3639,10.94,0.15819012797074947,28,11.705882352941176,10.909090909090908,10.181818181818182,117,91,52,284,281,269
14,3557,11.76,0.15957482993197275,28,12.558823529411764,11.757575757575758,10.93939393939394,125,98,56,305,302,290
15,3484,12.58,0.16087440381558024,28,13.411764705882353,12.606060606060606,11.696969696969697,133,105,60,326,323,311
16,3414,13.4,0.16202985074626866,28,14.264705882352942,13.454545454545455,12.454545454545455,141,112,64,347,344,332
17,3339,14.21,0.1636242083040112,28,15.117647058823529,14.272727272727273,13.212121212121213,149,119,68,368,365,352
18,3263,15.03,0.16451763140385892,28,16.0,15.090909090909092,13.969696969696969,158,126,72,389,386,372
19,3184,15.85,0.16524290220820192,28,16.88235294117647,15.878787878787879,14.757575757575758,167,133,76,411,407,391
20,3114,16.67,0.16594481103779246,28,17.764705882352942,16.666666666666668,15.545454545454545,176,140,80,433,428,410
21,3043,17.5,0.16610285714285708,28,18.647058823529413,17.484848484848484,16.333333333333332,185,147,84,455,449,430
22,2962,18.34,0.16576881134133045,28,19.558823529411764,18.303030303030305,17.12121212121212,194,154,88,477,471,450
23,2884,19.18,0.16547445255474458,28,20.470588235294116,19.12121212121212,17.90909090909091,203,161,92,499,493,470
24,2818,19.99,0.16631815907953978,28,21.352941176470587,19.87878787878788,18.696969696969695,211,167,96,521,515,489
25,2745,20.81,0.16672272945699176,28,22.264705882352942,20.636363636363637,19.484848484848484,220,174,100,543,537,507
26,2668,21.64,0.1667190388170056,28,23.176470588235293,21.393939393939394,20.303030303030305,229,181,104,566,559,525
27,2593,22.48,0.16637900355871893,28,24.08823529411765,22.181818181818183,21.12121212121212,238,188,109,588,581,544
28,2517,23.33,0.165679382768967,28,25.0,23.0,21.939393939393938,247,196,114,610,603,563
29,2436,24.2,0.16430578512396693,28,25.91176470588235,23.848484848484848,22.78787878787879,256,204,120,632,625,583
30,2357,25.08,0.16271929824561396,28,26.823529411764707,24.727272727272727,23.636363636363637,265,212,126,654,647,604
31,2286,25.97,0.160912591451675,28,27.764705882352942,25.606060606060606,24.484848484848484,274,220,132,676,670,625
32,2207,26.85,0.15952700186219743,28,28.705882352941178,26.454545454545453,25.333333333333332,283,228,138,698,693,645
33,2127,27.74,0.15793799567411682,28,29.647058823529413,27.333333333333332,26.181818181818183,292,236,144,720,716,666
34,2052,28.61,0.15697658161481998,28,30.558823529411764,28.181818181818183,27.03030303030303,301,243,150,742,738,687
35,1979,29.49,0.1558528314682944,28,31.470588235294116,29.060606060606062,27.87878787878788,310,251,156,764,760,708
36,1915,30.37,0.15479420480737574,28,32.38235294117647,29.939393939393938,28.727272727272727,319,259,162,786,782,729
37,1844,31.26,0.15348688419705694,28,33.294117647058826,30.848484848484848,29.575757575757574,328,268,168,808,804,750
38,1771,32.14,0.15250777846919733,28,34.205882352941174,31.727272727272727,30.424242424242426,337,277,174,830,826,770
39,1698,33.02,0.1514778921865536,28,35.088235294117645,32.63636363636363,31.272727272727273,345,286,180,852,848,791
40,1625,33.9,0.15047787610619465,28,35.94117647058823,33.57575757575758,32.121212121212125,353,295,186,874,869,813
41,1552,34.78,0.14960322024151806,28,36.8235294117647,34.484848484848484,32.96969696969697,361,304,192,896,891,834
42,1481,35.61,0.14965739960685198,28,37.61764705882353,35.36363636363637,33.78787878787879,369,313,198,917,910,854
43,1411,36.37,0.15085235083860327,28,38.3235294117647,36.15151515151515,34.57575757575758,377,321,204,937,926,872
44,1350,37.1,0.15233423180592992,28,39.029411764705884,36.878787878787875,35.333333333333336,385,328,210,956,942,889
45,1292,37.83,0.1536690457309014,28,39.705882352941174,37.696969696969695,36.03030303030303,393,336,214,975,957,908
46,1224,38.54,0.15526206538661128,28,40.35294117647059,38.515151515151516,36.696969696969695,401,344,219,992,971,927
47,1161,39.23,0.156795819525873,28,41.029411764705884,39.303030303030305,37.303030303030305,410,352,224,1007,985,945
48,1101,39.92,0.15831162324649298,28,41.73529411764706,40.06060606060606,37.90909090909091,418,359,229,1022,1001,963
49,1040,40.59,0.1601010101010101,28,42.35294117647059,40.81818181818182,38.54545454545455,426,367,234,1038,1014,980
50,984,41.24,0.16184287099903003,28,42.911764705882355,41.63636363636363,39.121212121212125,433,376,239,1052,1026,998
51,932,41.85,0.16389725209080042,28,43.5,42.333333333333336,39.666666666666664,439,382,243,1066,1040,1015
52,888,42.44,0.1662252591894439,28,44.05882352941177,43.0,40.21212121212121,445,388,247,1080,1053,1031
53,842,43.02,0.16847512784751273,28,44.55882352941177,43.72727272727273,40.72727272727273,450,395,251,1093,1065,1048
54,805,43.57,0.1708308469130135,28,45.029411764705884,44.39393939393939,41.24242424242424,456,401,255,1106,1075,1064
55,752,44.13,0.17321776569227282,28,45.5,45.09090909090909,41.75757575757576,462,407,259,1119,1085,1081
56,706,44.65,0.17535722284434485,28,45.94117647058823,45.666666666666664,42.303030303030305,467,413,263,1133,1095,1094
57,669,45.17,0.17740757139694494,28,46.38235294117647,46.27272727272727,42.81818181818182,472,419,267,1146,1105,1108
58,624,45.68,0.17935639229422065,28,46.794117647058826,46.878787878787875,43.333333333333336,477,425,271,1159,1114,1122
59,583,46.21,0.18143475438216838,28,47.26470588235294,47.45454545454545,43.878787878787875,483,431,275,1173,1124,1135
60,545,46.71,0.18351744808392212,28,47.705882352941174,48.0,44.39393939393939,488,437,279,1186,1134,1147
61,515,47.19,0.18546090273363006,28,48.1764705882353,48.515151515151516,44.84848484848485,493,443,283,1197,1145,1158
62,469,47.68,0.18755453020134227,28,48.61764705882353,49.06060606060606,45.333333333333336,498,449,287,1209,1155,1170
63,437,48.09,0.18938032855063425,28,48.94117647058823,49.57575757575758,45.72727272727273,503,454,290,1219,1161,1182
64,414,48.47,0.19127914173715696,28,49.23529411764706,50.06060606060606,46.09090909090909,507,459,293,1228,1167,1193
65,390,48.86,0.19321735571019233,28,49.55882352941177,50.54545454545455,46.45454545454545,511,464,296,1237,1174,1204
66,358,49.21,0.19480390164600692,28,49.8235294117647,51.0,46.78787878787879,514,469,299,1245,1180,1214
67,335,49.56,0.1964850686037127,28,50.088235294117645,51.42424242424242,47.15151515151515,517,474,302,1254,1186,1223
68,309,49.88,0.19807538091419402,28,50.38235294117647,51.78787878787879,47.45454545454545,521,479,304,1262,1192,1230
69,285,50.21,0.19973511252738504,28,50.64705882352941,52.18181818181818,47.78787878787879,524,484,307,1270,1198,1238
70,271,50.5,0.2012792079207921,28,50.911764705882355,52.484848484848484,48.09090909090909,527,488,310,1277,1204,1244
71,245,50.79,0.20266784800157508,28,51.088235294117645,52.90909090909091,48.36363636363637,530,492,313,1283,1207,1254
72,236,51.06,0.20392871132001575,28,51.26470588235294,53.333333333333336,48.57575757575758,533,496,316,1287,1210,1264
73,216,51.32,0.20515198752922842,28,51.44117647058823,53.666666666666664,48.84848484848485,536,500,319,1293,1213,1271
74,197,51.57,0.20630017452006982,28,51.588235294117645,54.0,49.121212121212125,538,504,322,1299,1216,1278
75,185,51.75,0.20715169082125598,28,51.705882352941174,54.27272727272727,49.27272727272727,540,508,325,1301,1218,1283
76,172,51.97,0.207844910525303,28,51.88235294117647,54.57575757575758,49.45454545454545,544,512,328,1304,1220,1289
77,163,52.18,0.20849367573783056,28,52.05882352941177,54.878787878787875,49.60606060606061,548,516,331,1306,1222,1295
78,154,52.36,0.2092818945760122,28,52.205882352941174,55.09090909090909,49.78787878787879,551,520,334,1309,1224,1298
79,140,52.53,0.21003807348181994,28,52.35294117647059,55.303030303030305,49.93939393939394,554,524,337,1311,1226,1301
80,130,52.69,0.21050483962801295,28,52.529411764705884,55.45454545454545,50.09090909090909,556,527,340,1313,1230,1303
81,113,52.86,0.21085887249337873,28,52.705882352941174,55.63636363636363,50.24242424242424,558,531,343,1315,1234,1305
82,99,53.0,0.21118113207547168,28,52.8235294117647,55.81818181818182,50.36363636363637,559,534,346,1316,1237,1308
83,95,53.1,0.21101318267419955,28,52.88235294117647,55.93939393939394,50.484848484848484,560,537,349,1317,1238,1309
84,97,53.2,0.2109022556390977,28,52.94117647058823,56.06060606060606,50.60606060606061,561,540,352,1318,1239,1310
85,98,53.28,0.21102477477477477,28,53.0,56.15151515151515,50.696969696969695,562,543,355,1318,1240,1310
86,90,53.36,0.21117691154422785,28,53.05882352941177,56.24242424242424,50.78787878787879,563,546,358,1318,1241,1310
87,85,53.44,0.21135853293413176,28,53.088235294117645,56.36363636363637,50.878787878787875,563,549,361,1318,1242,1311
88,80,53.52,0.211737668161435,28,53.11764705882353,56.484848484848484,50.96969696969697,563,552,364,1318,1243,1312
89,77,53.58,0.2117693169092945,28,53.11764705882353,56.60606060606061,51.03030303030303,563,555,366,1318,1243,1313
90,71,53.64,0.21184190902311711,28,53.11764705882353,56.72727272727273,51.09090909090909,563,558,368,1318,1243,1314
91,75,53.69,0.2117917675544794,28,53.11764705882353,56.81818181818182,51.15151515151515,563,560,370,1318,1243,1315
92,72,53.75,0.21190139534883726,28,53.14705882352941,56.90909090909091,51.21212121212121,563,562,372,1318,1244,1316
93,68,53.82,0.21224451876625794,28,53.14705882352941,57.03030303030303,51.303030303030305,563,564,375,1318,1244,1318
94,65,53.88,0.212253155159614,28,53.1764705882353,57.121212121212125,51.36363636363637,563,566,377,1318,1245,1319
95,57,53.96,0.21236842105263165,28,53.23529411764706,57.21212121212121,51.45454545454545,563,568,380,1318,1247,1320
96,60,54.02,0.2123287671232876,28,53.294117647058826,57.27272727272727,51.515151515151516,563,570,382,1318,1249,1320
97,57,54.08,0.21234097633136087,28,53.35294117647059,57.333333333333336,51.57575757575758,563,572,384,1318,1251,1320
98,54,54.14,0.2124048762467676,28,53.411764705882355,57.39393939393939,51.63636363636363,563,574,386,1318,1253,1320
99,47,54.21,0.21264895775687137,28,53.5,57.45454545454545,51.696969696969695,563,576,388,1318,1256,1320
100,48,54.26,0.21287873203096197,28,53.529411764705884,57.515151515151516,51.75757575757576,563,578,390,1318,1257,1320
101,43,54.31,0.21314490885656412,28,53.55882352941177,57.57575757575758,51.81818181818182,563,580,392,1318,1258,1320
102,48,54.35,0.21347378104875803,28,53.55882352941177,57.63636363636363,51.878787878787875,563,582,394,1318,1258,1320
103,43,54.4,0.21377941176470586,28,53.588235294117645,57.696969696969695,51.93939393939394,563,584,396,1318,1259,1320
104,39,54.44,0.214121969140338,28,53.588235294117645,57.75757575757576,52.0,563,586,398,1318,1259,1320
105,35,54.48,0.21447503671071957,28,53.588235294117645,57.81818181818182,52.06060606060606,563,588,400,1318,1259,1320
106,39,54.53,0.21481936548688793,28,53.61764705882353,57.878787878787875,52.121212121212125,563,590,402,1318,1260,1320
107,44,54.57,0.21519332966831597,28,53.61764705882353,57.93939393939394,52.18181818181818,563,592,404,1318,1260,1320
108,43,54.61,0.21558505768174327,28,53.61764705882353,58.0,52.24242424242424,563,594,406,1318,1260,1320
109,48,54.65,0.21600914913083258,28,53.61764705882353,58.06060606060606,52.303030303030305,563,596,408,1318,1260,1320
110,47,54.69,0.21645821905284335,28,53.61764705882353,58.121212121212125,52.36363636363637,563,598,410,1318,1260,1320
111,46,54.73,0.21691759546866435,28,53.61764705882353,58.18181818181818,52.42424242424242,563,600,412,1318,1260,1320
112,45,54.77,0.21738360416286284,28,53.61764705882353,58.24242424242424,52.484848484848484,563,602,414,1318,1260,1320
113,56,54.81,0.21785987958401748,28,53.61764705882353,58.303030303030305,52.54545454545455,563,604,416,1318,1260,1320
114,55,54.85,0.2183427529626253,28,53.61764705882353,58.36363636363637,52.60606060606061,563,606,418,1318,1260,1320
115,51,54.89,0.2188285662233558,28,53.61764705882353,58.42424242424242,52.666666666666664,563,608,420,1318,1260,1320
116,47,54.93,0.21932095394137988,28,53.61764705882353,58.484848484848484,52.72727272727273,563,610,422,1318,1260,1320
117,48,54.98,0.21975991269552567,28,53.61764705882353,58.57575757575758,52.78787878787879,563,612,424,1318,1260,1321
118,44,55.02,0.22027262813522355,28,53.61764705882353,58.63636363636363,52.84848484848485,563,614,426,1318,1260,1321
119,40,55.06,0.22079186342172177,28,53.61764705882353,58.696969696969695,52.90909090909091,563,616,428,1318,1260,1321
120,48,55.1,0.22131397459165159,28,53.61764705882353,58.75757575757576,52.96969696969697,563,618,430,1318,1260,1321
121,44,55.14,0.22183532825534996,28,53.61764705882353,58.81818181818182,53.03030303030303,563,620,432,1318,1260,1321
122,48,55.19,0.22238267802138068,28,53.61764705882353,58.90909090909091,53.09090909090909,563,622,434,1318,1260,1322
123,44,55.23,0.22290965055223608,28,53.61764705882353,58.96969696969697,53.15151515151515,563,624,436,1318,1260,1322
124,52,55.27,0.22343586032205537,28,53.61764705882353,59.03030303030303,53.21212121212121,563,626,438,1318,1260,1322
125,48,55.31,0.22396130898571684,28,53.61764705882353,59.09090909090909,53.27272727272727,563,628,440,1318,1260,1322
126,44,55.35,0.22449322493224927,28,53.61764705882353,59.15151515151515,53.333333333333336,563,630,442,1318,1260,1322
127,40,55.39,0.22502437263043873,28,53.61764705882353,59.21212121212121,53.39393939393939,563,632,444,1318,1260,1322
128,42,55.43,0.22555475374346018,28,53.61764705882353,59.27272727272727,53.45454545454545,563,634,446,1318,1260,1322
129,44,55.47,0.22608436992969175,28,53.61764705882353,59.333333333333336,53.515151515151516,563,636,448,1318,1260,1322
130,40,55.51,0.22661322284273097,28,53.61764705882353,59.39393939393939,53.57575757575758,563,638,450,1318,1260,1322
131,45,55.55,0.22714131413141317,28,53.61764705882353,59.45454545454545,53.63636363636363,563,640,452,1318,1260,1322
132,44,55.59,0.22766864543982734,28,53.61764705882353,59.515151515151516,53.696969696969695,563,642,454,1318,1260,1322
133,43,55.63,0.22819521840733414,28,53.61764705882353,59.57575757575758,53.75757575757576,563,644,456,1318,1260,1322
134,42,55.67,0.22872103466858276,28,53.61764705882353,59.63636363636363,53.81818181818182,563,646,458,1318,1260,1322
135,50,55.71,0.22924609585352726,28,53.61764705882353,59.696969696969695,53.878787878787875,563,648,460,1318,1260,1322
136,49,55.75,0.22977040358744388,28,53.61764705882353,59.75757575757576,53.93939393939394,563,650,462,1318,1260,1322
137,45,55.79,0.2302939594909482,28,53.61764705882353,59.81818181818182,54.0,563,652,464,1318,1260,1322
138,44,55.83,0.23081676518001074,28,53.61764705882353,59.878787878787875,54.06060606060606,563,654,466,1318,1260,1322
139,48,55.88,0.2313063707945598,28,53.61764705882353,59.93939393939394,54.15151515151515,563,656,468,1319,1260,1322
140,44,55.92,0.23182761087267523,28,53.61764705882353,60.0,54.21212121212121,563,658,470,1319,1260,1322
141,40,55.96,0.2323481057898499,28,53.61764705882353,60.06060606060606,54.27272727272727,563,660,472,1319,1260,1322
142,42,56.0,0.23286785714285713,28,53.61764705882353,60.121212121212125,54.333333333333336,563,662,474,1319,1260,1322
143,41,56.04,0.23338686652391147,28,53.61764705882353,60.18181818181818,54.39393939393939,563,664,476,1319,1260,1322
144,43,56.08,0.2339051355206847,28,53.61764705882353,60.24242424242424,54.45454545454545,563,666,478,1319,1260,1322
145,45,56.12,0.23442266571632217,28,53.61764705882353,60.303030303030305,54.515151515151516,563,668,480,1319,1260,1322
146,44,56.16,0.23493945868945873,28,53.61764705882353,60.36363636363637,54.57575757575758,563,670,482,1319,1260,1322
147,43,56.2,0.23545551601423484,28,53.61764705882353,60.42424242424242,54.63636363636363,563,672,484,1319,1260,1322
148,44,56.25,0.23577422222222225,28,53.61764705882353,60.484848484848484,54.72727272727273,563,674,487,1319,1260,1322
149,48,56.3,0.23609236234458264,28,53.61764705882353,60.54545454545455,54.81818181818182,563,676,490,1319,1260,1322
150,46,56.35,0.2364099378881987,28,53.61764705882353,60.60606060606061,54.90909090909091,563,678,493,1319,1260,1322
151,50,56.4,0.23673404255319155,28,53.61764705882353,60.666666666666664,55.0,563,680,496,1319,1260,1322
152,45,56.45,0.23705757307351633,28,53.61764705882353,60.72727272727273,55.09090909090909,563,682,499,1319,1260,1322
153,46,56.5,0.2373805309734513,28,53.61764705882353,60.78787878787879,55.18181818181818,563,684,502,1319,1260,1322
154,44,56.55,0.23770291777188335,28,53.61764705882353,60.84848484848485,55.27272727272727,563,686,505,1319,1260,1322
155,48,56.6,0.23802473498233212,28,53.61764705882353,60.90909090909091,55.36363636363637,563,688,508,1319,1260,1322
156,43,56.65,0.23834598411297436,28,53.61764705882353,60.96969696969697,55.45454545454545,563,690,511,1319,1260,1322
157,47,56.7,0.2386666666666666,28,53.61764705882353,61.03030303030303,55.54545454545455,563,692,514,1319,1260,1322
158,42,56.75,0.23898678414096922,28,53.61764705882353,61.09090909090909,55.63636363636363,563,694,517,1319,1260,1322
159,46,56.8,0.239306338028169,28,53.61764705882353,61.15151515151515,55.72727272727273,563,696,520,1319,1260,1322
160,53,56.85,0.2396288478452067,28,53.61764705882353,61.21212121212121,55.81818181818182,563,698,523,1319,1260,1322
161,48,56.9,0.23995079086115992,28,53.61764705882353,61.27272727272727,55.90909090909091,563,700,526,1319,1260,1322
162,46,56.95,0.2402721685689201,28,53.61764705882353,61.333333333333336,56.0,563,702,529,1319,1260,1322
163,47,57.0,0.2405929824561403,28,53.61764705882353,61.39393939393939,56.09090909090909,563,704,532,1319,1260,1322
164,51,57.05,0.24091323400525852,28,53.61764705882353,61.45454545454545,56.18181818181818,563,706,535,1319,1260,1322
165,52,57.1,0.2412329246935201,28,53.61764705882353,61.515151515151516,56.27272727272727,563,708,538,1319,1260,1322
166,47,57.15,0.2415520559930009,28,53.61764705882353,61.57575757575758,56.36363636363637,563,710,541,1319,1260,1322
167,45,57.2,0.24187062937062934,28,53.61764705882353,61.63636363636363,56.45454545454545,563,712,544,1319,1260,1322
168,46,57.25,0.24218864628820966,28,53.61764705882353,61.696969696969695,56.54545454545455,563,714,547,1319,1260,1322
169,47,57.3,0.24250610820244334,28,53.61764705882353,61.75757575757576,56.63636363636363,563,716,550,1319,1260,1322
170,51,57.35,0.24282301656495206,28,53.61764705882353,61.81818181818182,56.72727272727273,563,718,553,1319,1260,1322
171,52,57.4,0.24313937282229972,28,53.61764705882353,61.878787878787875,56.81818181818182,563,720,556,1319,1260,1322
172,50,57.45,0.2434551784160139,28,53.61764705882353,61.93939393939394,56.90909090909091,563,722,559,1319,1260,1322
173,54,57.5,0.24377043478260874,28,53.61764705882353,62.0,57.0,563,724,562,1319,1260,1322
174,52,57.55,0.2440851433536055,28,53.61764705882353,62.06060606060606,57.09090909090909,563,726,565,1319,1260,1322
175,53,57.6,0.24439930555555547,28,53.61764705882353,62.121212121212125,57.18181818181818,563,728,568,1319,1260,1322
176,57,57.65,0.2447129228100607,28,53.61764705882353,62.18181818181818,57.27272727272727,563,730,571,1319,1260,1322
177,58,57.7,0.24502599653379548,28,53.61764705882353,62.24242424242424,57.36363636363637,563,732,574,1319,1260,1322
178,56,57.75,0.24534199134199128,28,53.61764705882353,62.303030303030305,57.45454545454545,563,734,577,1319,1260,1322
179,57,57.8,0.24565743944636678,28,53.61764705882353,62.36363636363637,57.54545454545455,563,736,580,1319,1260,1322
180,55,57.85,0.24597234226447712,28,53.61764705882353,62.42424242424242,57.63636363636363,563,738,583,1319,1260,1322
181,59,57.9,0.24628670120898108,28,53.61764705882353,62.484848484848484,57.72727272727273,563,740,586,1319,1260,1322
182,60,57.95,0.2466005176876618,28,53.61764705882353,62.54545454545455,57.81818181818182,563,742,589,1319,1260,1322
183,55,58.0,0.2469137931034483,28,53.61764705882353,62.60606060606061,57.90909090909091,563,744,592,1319,1260,1322
184,53,58.05,0.2472265288544358,28,53.61764705882353,62.666666666666664,58.0,563,746,595,1319,1260,1322
185,54,58.1,0.247538726333907,28,53.61764705882353,62.72727272727273,58.09090909090909,563,748,598,1319,1260,1322
186,58,58.15,0.24785382631126396,28,53.61764705882353,62.78787878787879,58.18181818181818,563,750,601,1319,1260,1322
187,53,58.2,0.24816838487972503,28,53.61764705882353,62.84848484848485,58.27272727272727,563,752,604,1319,1260,1322
188,51,58.25,0.24848583690987128,28,53.61764705882353,62.90909090909091,58.36363636363637,563,754,607,1319,1260,1322
189,55,58.3,0.24881646655231562,28,53.61764705882353,62.96969696969697,58.45454545454545,563,756,610,1319,1260,1322
190,53,58.35,0.24915681233933157,28,53.61764705882353,63.03030303030303,58.54545454545455,563,758,613,1319,1260,1322
191,57,58.4,0.24951027397260275,28,53.61764705882353,63.09090909090909,58.63636363636363,563,760,616,1319,1260,1322
192,58,58.45,0.24986313088109496,28,53.61764705882353,63.15151515151515,58.72727272727273,563,762,619,1319,1260,1322
193,53,58.5,0.25022564102564104,28,53.61764705882353,63.21212121212121,58.81818181818182,563,764,622,1319,1260,1322
194,51,58.55,0.250601195559351,28,53.61764705882353,63.27272727272727,58.90909090909091,563,766,625,1319,1260,1322
195,58,58.6,0.2509761092150171,28,53.61764705882353,63.333333333333336,59.0,563,768,628,1319,1260,1322
196,53,58.65,0.25135720375106557,28,53.61764705882353,63.39393939393939,59.09090909090909,563,770,631,1319,1260,1322
197,48,58.7,0.2517512776831346,28,53.61764705882353,63.45454545454545,59.18181818181818,563,772,634,1319,1260,1322
198,58,58.75,0.25215148936170206,28,53.61764705882353,63.515151515151516,59.27272727272727,563,774,637,1319,1260,1322
199,59,58.8,0.25255442176870746,28,53.61764705882353,63.57575757575758,59.36363636363637,563,776,640,1319,1260,1322
200,57,58.85,0.2529600679694137,28,53.61764705882353,63.63636363636363,59.45454545454545,563,778,643,1319,1260,1322
201,52,58.9,0.25337181663837016,28,53.61764705882353,63.696969696969695,59.54545454545455,563,780,646,1319,1260,1322
202,59,58.95,0.2537828668363019,28,53.61764705882353,63.75757575757576,59.63636363636363,563,782,649,1319,1260,1322
203,57,59.0,0.2541932203389831,28,53.61764705882353,63.81818181818182,59.72727272727273,563,784,652,1319,1260,1322
204,55,59.05,0.25461642675698554,28,53.61764705882353,63.878787878787875,59.81818181818182,563,786,655,1319,1260,1322
205,50,59.1,0.2550389170896786,28,53.61764705882353,63.93939393939394,59.90909090909091,563,788,658,1319,1260,1322
206,51,59.15,0.25546407438715135,28,53.61764705882353,64.0,60.0,563,790,661,1319,1260,1322
207,52,59.2,0.2558918918918918,28,53.61764705882353,64.06060606060606,60.09090909090909,563,792,664,1319,1260,1322
208,53,59.25,0.2563291139240506,28,53.61764705882353,64.12121212121212,60.18181818181818,563,794,667,1319,1260,1322
209,51,59.3,0.25678246205733557,28,53.61764705882353,64.18181818181819,60.27272727272727,563,796,670,1319,1260,1322
210,55,59.35,0.25724852569502943,28,53.61764705882353,64.24242424242425,60.36363636363637,563,798,673,1319,1260,1322
211,55,59.41,0.2577562699882175,28,53.64705882352941,64.3030303030303,60.45454545454545,563,800,676,1319,1261,1322
212,53,59.46,0.2582273797510932,28,53.64705882352941,64.36363636363636,60.54545454545455,563,802,679,1319,1261,1322
213,51,59.51,0.2587077802050075,28,53.64705882352941,64.42424242424242,60.63636363636363,563,804,682,1319,1261,1322
214,49,59.56,0.2591873740765614,28,53.64705882352941,64.48484848484848,60.72727272727273,563,806,685,1319,1261,1322
215,53,59.61,0.25966951853715814,28,53.64705882352941,64.54545454545455,60.81818181818182,563,808,688,1319,1261,1322
216,51,59.66,0.26016091183372436,28,53.64705882352941,64.60606060606061,60.90909090909091,563,810,691,1319,1261,1322
217,46,59.71,0.2606548316864847,28,53.64705882352941,64.66666666666667,61.0,563,812,694,1319,1261,1322
218,47,59.76,0.2611579651941098,28,53.64705882352941,64.72727272727273,61.09090909090909,563,814,697,1319,1261,1322
219,54,59.81,0.2616736331717104,28,53.64705882352941,64.78787878787878,61.18181818181818,563,816,700,1319,1261,1322
220,52,59.86,0.26220514533912465,28,53.64705882352941,64.84848484848484,61.27272727272727,563,818,703,1319,1261,1322
221,53,59.91,0.26274578534468374,28,53.64705882352941,64.9090909090909,61.36363636363637,563,820,706,1319,1261,1322
222,48,59.96,0.26328552368245495,28,53.64705882352941,64.96969696969697,61.45454545454545,563,822,709,1319,1261,1322
223,49,60.01,0.2638243626062322,28,53.64705882352941,65.03030303030303,61.54545454545455,563,824,712,1319,1261,1322
224,50,60.06,0.2643656343656343,28,53.64705882352941,65.0909090909091,61.63636363636363,563,826,715,1319,1261,1322
225,54,60.11,0.2649060056562968,28,53.64705882352941,65.15151515151516,61.72727272727273,563,828,718,1319,1261,1322
226,52,60.16,0.2654454787234043,28,53.64705882352941,65.21212121212122,61.81818181818182,563,830,721,1319,1261,1322
227,47,60.21,0.26598405580468365,28,53.64705882352941,65.27272727272727,61.90909090909091,563,832,724,1319,1261,1322
228,51,60.26,0.26652505808164617,28,53.64705882352941,65.33333333333333,62.0,563,834,727,1319,1261,1322
229,52,60.31,0.2670684795224672,28,53.64705882352941,65.39393939393939,62.09090909090909,563,836,730,1319,1261,1322
230,50,60.36,0.2676176275679258,28,53.64705882352941,65.45454545454545,62.18181818181818,563,838,733,1319,1261,1322
231,51,60.41,0.2681691772885284,28,53.64705882352941,65.51515151515152,62.27272727272727,563,840,736,1319,1261,1322
232,61,60.46,0.2687198147535561,28,53.64705882352941,65.57575757575758,62.36363636363637,563,842,739,1319,1261,1322
233,59,60.51,0.26927284746322927,28,53.64705882352941,65.63636363636364,62.45454545454545,563,844,742,1319,1261,1322
234,57,60.56,0.2698282694848085,28,53.64705882352941,65.6969696969697,62.54545454545455,563,846,745,1319,1261,1322
235,52,60.61,0.2703827751196172,28,53.64705882352941,65.75757575757575,62.63636363636363,563,848,748,1319,1261,1322
236,53,60.66,0.2709363666336959,28,53.64705882352941,65.81818181818181,62.72727272727273,563,850,751,1319,1261,1322
237,54,60.71,0.27149563498599905,28,53.64705882352941,65.87878787878788,62.81818181818182,563,852,754,1319,1261,1322
238,52,60.76,0.27205398288347593,28,53.64705882352941,65.93939393939394,62.90909090909091,563,854,757,1319,1261,1322
239,50,60.81,0.2726114125966124,28,53.64705882352941,66.0,63.0,563,856,760,1319,1261,1322
240,57,60.86,0.2731679263884325,28,53.64705882352941,66.06060606060606,63.09090909090909,563,858,763,1319,1261,1322
241,52,60.91,0.2737235265145296,28,53.64705882352941,66.12121212121212,63.18181818181818,563,860,766,1319,1261,1322
242,59,60.96,0.27427821522309714,28,53.64705882352941,66.18181818181819,63.27272727272727,563,862,769,1319,1261,1322
243,57,61.01,0.27483199475495823,28,53.64705882352941,66.24242424242425,63.36363636363637,563,864,772,1319,1261,1322
244,55,61.06,0.2753848673435965,28,53.64705882352941,66.3030303030303,63.45454545454545,563,866,775,1319,1261,1322
245,56,61.11,0.2759368352151857,28,53.64705882352941,66.36363636363636,63.54545454545455,563,868,778,1319,1261,1322
246,57,61.16,0.27648790058862005,28,53.64705882352941,66.42424242424242,63.63636363636363,563,870,781,1319,1261,1322
247,55,61.21,0.27703806567554323,28,53.64705882352941,66.48484848484848,63.72727272727273,563,872,784,1319,1261,1322
248,56,61.26,0.2775873326803787,28,53.64705882352941,66.54545454545455,63.81818181818182,563,874,787,1319,1261,1322
249,57,61.31,0.27813570380035885,28,53.64705882352941,66.60606060606061,63.90909090909091,563,876,790,1319,1261,1322
250,52,61.36,0.2786831812255541,28,53.64705882352941,66.66666666666667,64.0,563,878,793,1319,1261,1322
251,53,61.41,0.2792297671389025,28,53.64705882352941,66.72727272727273,64.0909090909091,563,880,796,1319,1261,1322
252,51,61.46,0.2797754637162382,28,53.64705882352941,66.78787878787878,64.18181818181819,563,882,799,1319,1261,1322
253,55,61.51,0.28032027312632096,28,53.64705882352941,66.84848484848484,64.27272727272727,563,884,802,1319,1261,1322
254,53,61.56,0.28086419753086417,28,53.64705882352941,66.9090909090909,64.36363636363636,563,886,805,1319,1261,1322
255,54,61.61,0.2814072390845642,28,53.64705882352941,66.96969696969697,64.45454545454545,563,888,808,1319,1261,1322
256,52,61.66,0.2819493999351282,28,53.64705882352941,67.03030303030303,64.54545454545455,563,890,811,1319,1261,1322
257,50,61.71,0.28249068222330254,28,53.64705882352941,67.0909090909091,64.63636363636364,563,892,814,1319,1261,1322
258,51,61.76,0.2830310880829016,28,53.64705882352941,67.15151515151516,64.72727272727273,563,894,817,1319,1261,1322
259,55,61.81,0.28357061964083485,28,53.64705882352941,67.21212121212122,64.81818181818181,563,896,820,1319,1261,1322
260,53,61.86,0.2841092790171355,28,53.64705882352941,67.27272727272727,64.9090909090909,563,898,823,1319,1261,1322
261,54,61.91,0.28464706832498793,28,53.64705882352941,67.33333333333333,65.0,563,900,826,1319,1261,1322
262,52,61.96,0.28518398967075526,28,53.64705882352941,67.39393939393939,65.0909090909091,563,902,829,1319,1261,1322
263,50,62.01,0.28572004515400734,28,53.64705882352941,67.45454545454545,65.18181818181819,563,904,832,1319,1261,1322
264,48,62.06,0.28625523686754745,28,53.64705882352941,67.51515151515152,65.27272727272727,563,906,835,1319,1261,1322
265,58,62.11,0.28678956689744,28,53.64705882352941,67.57575757575758,65.36363636363636,563,908,838,1319,1261,1322
266,65,62.16,0.2873230373230373,28,53.64705882352941,67.63636363636364,65.45454545454545,563,910,841,1319,1261,1322
267,64,62.23,0.2877342117949542,28,53.6764705882353,67.6969696969697,65.57575757575758,564,912,844,1320,1261,1322
268,65,62.31,0.2881030332209919,28,53.73529411764706,67.75757575757575,65.6969696969697,566,914,847,1321,1261,1322
269,68,62.4,0.28838141025641023,28,53.794117647058826,67.84848484848484,65.81818181818181,568,917,850,1322,1261,1322
270,63,62.48,0.2886843790012804,28,53.85294117647059,67.93939393939394,65.9090909090909,570,920,853,1322,1261,1322
271,57,62.57,0.28906664535719995,28,53.911764705882355,68.03030303030303,66.03030303030303,572,923,856,1323,1261,1322
272,55,62.65,0.2895339185953711,28,53.94117647058823,68.12121212121212,66.15151515151516,573,926,859,1324,1261,1322
273,61,62.74,0.2899458080969079,28,54.0,68.21212121212122,66.27272727272727,575,929,862,1325,1261,1322
274,65,62.82,0.29038841133397014,28,54.029411764705884,68.3030303030303,66.39393939393939,576,932,865,1326,1261,1322
275,61,62.89,0.2909190650341867,28,54.05882352941177,68.36363636363636,66.51515151515152,577,934,868,1327,1261,1322
276,57,62.96,0.29143900889453617,28,54.05882352941177,68.45454545454545,66.63636363636364,577,937,871,1328,1261,1322
277,56,63.03,0.29197366333491986,28,54.05882352941177,68.54545454545455,66.75757575757575,577,940,874,1329,1261,1322
278,55,63.1,0.29251347068145805,28,54.05882352941177,68.63636363636364,66.87878787878788,577,943,877,1330,1261,1322
279,52,63.16,0.29311589613679545,28,54.05882352941177,68.6969696969697,67.0,577,945,880,1331,1261,1322
280,48,63.23,0.29358690495018197,28,54.088235294117645,68.75757575757575,67.12121212121212,577,947,883,1332,1262,1322
281,51,63.29,0.29397219149944703,28,54.11764705882353,68.81818181818181,67.21212121212122,577,949,886,1332,1263,1322
282,48,63.35,0.2943662194159431,28,54.14705882352941,68.87878787878788,67.3030303030303,577,951,889,1332,1264,1322
283,48,63.41,0.2947721179624665,28,54.1764705882353,68.93939393939394,67.39393939393939,577,953,892,1332,1265,1322
284,54,63.47,0.2951772490940601,28,54.205882352941174,69.0,67.48484848484848,577,955,895,1332,1266,1322
285,54,63.53,0.2955879112230443,28,54.23529411764706,69.06060606060606,67.57575757575758,577,957,898,1332,1267,1322
286,48,63.59,0.29600408869319084,28,54.26470588235294,69.12121212121212,67.66666666666667,577,959,901,1332,1268,1322
287,42,63.65,0.29642576590730557,28,54.294117647058826,69.18181818181819,67.75757575757575,577,961,904,1332,1269,1322
288,54,63.71,0.2968497881023387,28,54.3235294117647,69.24242424242425,67.84848484848484,577,963,907,1332,1270,1322
289,51,63.77,0.29727614865924423,28,54.35294117647059,69.3030303030303,67.93939393939394,577,965,910,1332,1271,1322
290,48,63.83,0.29770797430675233,28,54.38235294117647,69.36363636363636,68.03030303030303,577,967,913,1332,1272,1322
291,53,63.9,0.29795305164319247,28,54.411764705882355,69.45454545454545,68.12121212121212,577,969,916,1332,1273,1323
292,52,63.97,0.2981975926215414,28,54.44117647058823,69.54545454545455,68.21212121212122,577,971,919,1332,1274,1324
293,51,64.04,0.29845096814490946,28,54.470588235294116,69.63636363636364,68.3030303030303,577,973,922,1332,1275,1325
294,56,64.11,0.2987131492746842,28,54.5,69.72727272727273,68.39393939393939,577,975,925,1332,1276,1326
295,64,64.18,0.29898099096291675,28,54.529411764705884,69.81818181818181,68.48484848484848,577,977,928,1332,1277,1327
296,59,64.26,0.2990694055399938,28,54.55882352941177,69.93939393939394,68.57575757575758,577,979,931,1332,1278,1329
297,53,64.35,0.299103341103341,28,54.588235294117645,70.0909090909091,68.66666666666667,577,982,934,1332,1279,1331
298,47,64.44,0.2991527001862197,28,54.61764705882353,70.24242424242425,68.75757575757575,577,985,937,1332,1280,1333
299,48,64.52,0.2994079355238685,28,54.64705882352941,70.36363636363636,68.84848484848484,577,988,940,1332,1281,1334
300,44,64.59,0.2997166744078031,28,54.6764705882353,70.45454545454545,68.93939393939394,577,990,943,1332,1282,1335
301,43,64.66,0.30003093102381684,28,54.705882352941174,70.54545454545455,69.03030303030303,577,992,946,1332,1283,1336
302,42,64.73,0.3003537772284875,28,54.73529411764706,70.63636363636364,69.12121212121212,577,994,949,1332,1284,1337
303,41,64.8,0.300679012345679,28,54.76470588235294,70.72727272727273,69.21212121212122,577,996,952,1332,1285,1338
304,43,64.87,0.30100662864189914,28,54.794117647058826,70.81818181818181,69.3030303030303,577,998,955,1332,1286,1339
305,45,64.94,0.30134277794887593,28,54.8235294117647,70.9090909090909,69.39393939393939,577,1000,958,1332,1287,1340
306,47,65.01,0.30168127980310716,28,54.85294117647059,71.0,69.48484848484848,577,1002,961,1332,1288,1341
307,46,65.08,0.3020282728948986,28,54.88235294117647,71.0909090909091,69.57575757575758,577,1004,964,1332,1289,1342
308,45,65.15,0.30238679969301613,28,54.911764705882355,71.18181818181819,69.66666666666667,577,1006,967,1332,1290,1343
309,44,65.22,0.3027598896044158,28,54.94117647058823,71.27272727272727,69.75757575757575,577,1008,970,1332,1291,1344
310,43,65.29,0.30314136927553986,28,54.970588235294116,71.36363636363636,69.84848484848484,577,1010,973,1332,1292,1345
311,48,65.36,0.3035220318237454,28,55.0,71.45454545454545,69.93939393939394,577,1012,976,1332,1293,1346
312,50,65.43,0.30390187987161854,28,55.029411764705884,71.54545454545455,70.03030303030303,577,1014,979,1332,1294,1347
313,55,65.5,0.3042809160305343,28,55.05882352941177,71.63636363636364,70.12121212121212,577,1016,982,1332,1295,1348
314,61,65.59,0.30438329013569143,28,55.14705882352941,71.72727272727273,70.21212121212122,579,1018,985,1332,1296,1349
315,65,65.7,0.30435920852359205,28,55.23529411764706,71.81818181818181,70.36363636363636,581,1020,990,1332,1297,1350
316,72,65.81,0.3043473636225498,28,55.3235294117647,71.9090909090909,70.51515151515152,583,1022,995,1332,1298,1351
317,70,65.92,0.30435679611650485,28,55.411764705882355,72.0,70.66666666666667,585,1024,1000,1332,1299,1352
318,77,66.03,0.30438134181432686,28,55.5,72.0909090909091,70.81818181818181,587,1026,1005,1332,1300,1353
319,80,66.15,0.3042736205593349,28,55.588235294117645,72.21212121212122,70.96969696969697,589,1029,1010,1332,1301,1354
320,89,66.27,0.3041964689904934,28,55.6764705882353,72.33333333333333,71.12121212121212,591,1032,1015,1332,1302,1355
321,83,66.39,0.3041346588341618,28,55.76470588235294,72.45454545454545,71.27272727272727,593,1035,1020,1332,1303,1356
322,80,66.51,0.30409111411817774,28,55.85294117647059,72.57575757575758,71.42424242424242,595,1038,1025,1332,1304,1357
323,82,66.64,0.3040666266506602,28,55.970588235294116,72.6969696969697,71.57575757575758,597,1041,1030,1332,1306,1358
324,84,66.77,0.3040721881084319,28,56.088235294117645,72.81818181818181,71.72727272727273,599,1044,1035,1332,1308,1359
325,89,66.9,0.30412257100149476,28,56.205882352941174,72.93939393939394,71.87878787878788,601,1047,1040,1332,1310,1360
326,91,67.03,0.30420856332985224,28,56.3235294117647,73.06060606060606,72.03030303030303,603,1050,1045,1332,1312,1361
327,93,67.16,0.3043091125670041,28,56.44117647058823,73.18181818181819,72.18181818181819,605,1053,1050,1332,1314,1362
328,92,67.29,0.30444196760291276,28,56.55882352941177,73.3030303030303,72.33333333333333,607,1056,1055,1332,1316,1363
329,86,67.44,0.30437129300118626,28,56.705882352941174,73.45454545454545,72.48484848484848,609,1059,1060,1332,1319,1365
330,83,67.59,0.3043305222666075,28,56.85294117647059,73.60606060606061,72.63636363636364,611,1062,1065,1332,1322,1367
331,92,67.74,0.30432536167700036,28,57.0,73.75757575757575,72.78787878787878,613,1065,1070,1332,1325,1369
332,89,67.89,0.30436441302106343,28,57.14705882352941,73.9090909090909,72.93939393939394,615,1068,1075,1332,1328,1371
333,83,68.04,0.3044385655496767,28,57.294117647058826,74.06060606060606,73.0909090909091,617,1071,1080,1332,1331,1373
334,96,68.18,0.3044881196831915,28,57.44117647058823,74.21212121212122,73.21212121212122,619,1074,1084,1332,1334,1375
335,91,68.32,0.30456088992974245,28,57.588235294117645,74.36363636363636,73.33333333333333,621,1077,1088,1332,1337,1377
336,92,68.46,0.3046654981010809,28,57.73529411764706,74.51515151515152,73.45454545454545,623,1080,1092,1332,1340,1379
337,89,68.61,0.3048724675703251,28,57.88235294117647,74.66666666666667,73.60606060606061,625,1083,1097,1332,1343,1381
338,89,68.76,0.30511343804537516,28,58.029411764705884,74.81818181818181,73.75757575757575,627,1086,1102,1332,1346,1383
339,82,68.92,0.30542658154381896,28,58.1764705882353,74.96969696969697,73.93939393939394,629,1089,1107,1333,1349,1385
340,87,69.08,0.30577591198610304,28,58.3235294117647,75.12121212121212,74.12121212121212,631,1092,1112,1334,1352,1387
341,80,69.24,0.30615251299826696,28,58.470588235294116,75.27272727272727,74.3030303030303,633,1095,1117,1335,1355,1389
342,75,69.38,0.30668780628423176,28,58.588235294117645,75.42424242424242,74.45454545454545,635,1098,1121,1336,1357,1391
343,84,69.53,0.3071897022867827,28,58.73529411764706,75.57575757575758,74.60606060606061,638,1101,1125,1337,1359,1393
344,85,69.7,0.30769296987087513,28,58.88235294117647,75.75757575757575,74.78787878787878,641,1105,1130,1338,1361,1395
345,90,69.89,0.30828301616826437,28,59.029411764705884,75.96969696969697,75.0,644,1110,1135,1340,1363,1397
346,90,70.07,0.3088325959754532,28,59.14705882352941,76.18181818181819,75.21212121212122,646,1115,1140,1342,1365,1399
347,90,70.25,0.3094078291814947,28,59.26470588235294,76.39393939393939,75.42424242424242,648,1120,1145,1344,1367,1401
348,81,70.43,0.3100141984949596,28,59.38235294117647,76.60606060606061,75.63636363636364,650,1125,1150,1346,1369,1403
349,73,70.6,0.310586402266289,28,59.5,76.81818181818181,75.81818181818181,652,1130,1154,1348,1371,1405
350,68,70.77,0.3111897696764166,28,59.61764705882353,77.03030303030303,76.0,654,1135,1158,1350,1373,1407
351,65,70.95,0.31189147286821706,28,59.76470588235294,77.24242424242425,76.18181818181819,657,1140,1162,1352,1375,1409
352,65,71.13,0.31264867144664693,28,59.911764705882355,77.45454545454545,76.36363636363636,660,1145,1166,1354,1377,1411
353,80,71.28,0.3134455667789001,28,59.970588235294116,77.66666666666667,76.54545454545455,661,1150,1170,1356,1378,1413
354,78,71.45,0.31440867739678097,28,60.05882352941177,77.87878787878788,76.75757575757575,663,1155,1175,1358,1379,1415
355,79,71.62,0.3153979335381179,28,60.14705882352941,78.0909090909091,76.96969696969697,665,1160,1180,1360,1380,1417
356,89,71.79,0.3164047917537262,28,60.23529411764706,78.3030303030303,77.18181818181819,667,1165,1185,1362,1381,1419
357,84,71.96,0.3174096720400222,28,60.3235294117647,78.51515151515152,77.39393939393939,669,1170,1190,1364,1382,1421
358,74,72.12,0.31835274542429287,28,60.411764705882355,78.72727272727273,77.57575757575758,671,1175,1195,1365,1383,1423
359,76,72.28,0.3193082457111234,28,60.5,78.93939393939394,77.75757575757575,673,1180,1200,1366,1384,1425
360,73,72.43,0.32024713516498693,28,60.61764705882353,79.12121212121212,77.9090909090909,675,1185,1205,1366,1386,1426
361,68,72.57,0.32113132148270634,28,60.705882352941174,79.3030303030303,78.06060606060606,677,1190,1210,1366,1387,1427
362,69,72.71,0.3220286067941136,28,60.794117647058826,79.48484848484848,78.21212121212122,679,1195,1215,1366,1388,1428
363,67,72.85,0.3229526424159231,28,60.88235294117647,79.66666666666667,78.36363636363636,681,1200,1220,1366,1389,1429
364,65,72.99,0.3238895739142349,28,60.970588235294116,79.84848484848484,78.51515151515152,683,1205,1225,1366,1390,1430
365,74,73.14,0.32469237079573415,28,61.088235294117645,80.03030303030303,78.66666666666667,686,1210,1230,1366,1391,1431
366,76,73.3,0.3253451568894953,28,61.23529411764706,80.21212121212122,78.81818181818181,689,1215,1235,1366,1393,1432
367,72,73.46,0.3259787639531719,28,61.38235294117647,80.39393939393939,78.96969696969697,692,1219,1240,1366,1395,1434
368,76,73.63,0.32670514735841366,28,61.529411764705884,80.60606060606061,79.12121212121212,695,1224,1245,1366,1397,1436
369,75,73.79,0.3274251253557392,28,61.6764705882353,80.78787878787878,79.27272727272727,698,1229,1250,1366,1399,1437
370,68,73.95,0.32814739688979044,28,61.8235294117647,80.96969696969697,79.42424242424242,701,1234,1255,1366,1401,1438
371,66,74.12,0.32889368591473284,28,61.970588235294116,81.18181818181819,79.57575757575758,704,1239,1260,1366,1403,1440
372,62,74.28,0.32956381260096934,28,62.11764705882353,81.39393939393939,79.6969696969697,707,1244,1264,1366,1405,1442
373,71,74.43,0.33021496708316533,28,62.26470588235294,81.57575757575758,79.81818181818181,710,1249,1268,1366,1407,1443
374,74,74.61,0.33097305991154,28,62.44117647058823,81.78787878787878,79.96969696969697,713,1254,1273,1366,1410,1445
375,78,74.78,0.3317384327360257,28,62.588235294117645,82.0,80.12121212121212,716,1259,1278,1366,1412,1447
376,70,74.95,0.33246030687124745,28,62.76470588235294,82.18181818181819,80.27272727272727,719,1263,1283,1366,1415,1449
377,64,75.13,0.3332503660322108,28,62.94117647058823,82.39393939393939,80.42424242424242,722,1268,1288,1366,1418,1451
378,59,75.3,0.33396812749003985,28,63.11764705882353,82.60606060606061,80.54545454545455,725,1273,1292,1366,1421,1453
379,52,75.46,0.33468062549695204,28,63.26470588235294,82.81818181818181,80.66666666666667,728,1278,1296,1366,1423,1455
380,54,75.62,0.335398042845808,28,63.411764705882355,83.03030303030303,80.78787878787878,731,1283,1300,1366,1425,1457
381,61,75.79,0.33621190130624085,28,63.529411764705884,83.27272727272727,80.93939393939394,733,1288,1305,1366,1427,1460
382,54,75.95,0.33692297564186957,28,63.61764705882353,83.48484848484848,81.12121212121212,734,1292,1310,1367,1429,1463
383,56,76.08,0.33742902208201897,28,63.6764705882353,83.66666666666667,81.27272727272727,735,1295,1314,1368,1430,1466
384,63,76.22,0.3380372605615324,28,63.73529411764706,83.87878787878788,81.42424242424242,736,1299,1318,1369,1431,1469
385,63,76.37,0.3387023700405919,28,63.8235294117647,84.0909090909091,81.57575757575758,738,1303,1322,1370,1432,1472
386,61,76.54,0.33943820224719107,28,63.94117647058823,84.33333333333333,81.72727272727273,740,1308,1326,1371,1434,1475
387,74,76.71,0.34007952027115107,28,64.08823529411765,84.57575757575758,81.84848484848484,743,1313,1329,1372,1436,1478
388,78,76.88,0.34072580645161293,28,64.23529411764706,84.81818181818181,81.96969696969697,746,1318,1332,1373,1438,1481
389,66,77.06,0.34146898520633273,28,64.38235294117646,85.06060606060606,82.12121212121212,749,1323,1336,1374,1440,1484
390,72,77.24,0.34223718280683585,28,64.52941176470588,85.3030303030303,82.27272727272727,752,1328,1340,1375,1442,1487
391,69,77.42,0.3430328080599328,28,64.67647058823529,85.51515151515152,82.45454545454545,755,1333,1345,1376,1444,1489
392,57,77.57,0.3436444501740364,28,64.79411764705883,85.72727272727273,82.57575757575758,757,1338,1348,1377,1446,1491
393,63,77.72,0.3443257848687597,28,64.88235294117646,85.93939393939394,82.72727272727273,759,1343,1352,1378,1447,1493
394,67,77.86,0.3449524788081172,28,64.97058823529412,86.12121212121212,82.87878787878788,761,1347,1356,1379,1448,1495
395,60,78.02,0.34569341194565495,28,65.08823529411765,86.33333333333333,83.03030303030303,764,1352,1360,1380,1449,1497
396,68,78.18,0.3462445638270657,28,65.20588235294117,86.57575757575758,83.15151515151516,767,1357,1364,1380,1450,1500
397,64,78.34,0.34681133520551444,28,65.32352941176471,86.81818181818181,83.27272727272727,770,1362,1368,1380,1451,1503
398,54,78.47,0.3471581496113164,28,65.38235294117646,87.06060606060606,83.36363636363636,772,1367,1370,1381,1451,1506
399,67,78.61,0.3475830047067804,28,65.47058823529412,87.3030303030303,83.45454545454545,775,1372,1372,1382,1451,1509
400,73,78.76,0.34808024377856783,28,65.55882352941177,87.54545454545455,83.57575757575758,778,1377,1375,1383,1451,1512
401,72,78.92,0.34866447034972126,28,65.6470588235294,87.78787878787878,83.72727272727273,781,1382,1379,1384,1451,1515
402,78,79.07,0.34923611989376496,28,65.73529411764706,88.0,83.87878787878788,784,1387,1383,1385,1451,1517
403,74,79.23,0.3498561151079137,28,65.82352941176471,88.21212121212122,84.06060606060606,787,1392,1387,1387,1451,1519
404,65,79.38,0.35044343663391286,28,65.91176470588235,88.42424242424242,84.21212121212122,790,1397,1391,1388,1451,1521
405,71,79.53,0.3510411165597887,28,66.0,88.63636363636364,84.36363636363636,793,1402,1395,1389,1451,1523
406,62,79.68,0.35164407630522093,28,66.08823529411765,88.84848484848484,84.51515151515152,796,1407,1399,1390,1451,1525
407,58,79.81,0.3522904397945119,28,66.17647058823529,89.03030303030303,84.63636363636364,799,1412,1403,1390,1451,1526
408,69,79.94,0.3529271953965474,28,66.26470588235294,89.24242424242425,84.72727272727273,802,1417,1406,1390,1451,1528
409,65,80.07,0.35356438116647937,28,66.3529411764706,89.45454545454545,84.81818181818181,805,1422,1409,1390,1451,1530
410,58,80.2,0.35420199501246885,28,66.44117647058823,89.66666666666667,84.9090909090909,808,1427,1412,1390,1451,1532
411,68,80.34,0.3549066467513069,28,66.52941176470588,89.87878787878788,85.03030303030303,811,1432,1416,1390,1451,1534
412,63,80.48,0.3556138170974155,28,66.61764705882354,90.0909090909091,85.15151515151516,814,1437,1420,1390,1451,1536
413,49,80.62,0.3563259737037956,28,66.70588235294117,90.3030303030303,85.27272727272727,817,1442,1424,1390,1451,1538
414,57,80.75,0.35698452012383897,28,66.79411764705883,90.48484848484848,85.39393939393939,820,1446,1428,1390,1451,1540
415,51,80.87,0.35758501298380113,28,66.88235294117646,90.66666666666667,85.48484848484848,823,1450,1431,1390,1451,1542
416,39,80.99,0.3581985430300037,28,66.97058823529412,90.84848484848484,85.57575757575758,826,1454,1434,1390,1451,1544
417,48,81.08,0.3587469166255551,28,67.02941176470588,91.0,85.63636363636364,828,1458,1436,1390,1451,1545
418,48,81.17,0.35929407416533193,28,67.08823529411765,91.15151515151516,85.6969696969697,830,1462,1438,1390,1451,1546
419,38,81.27,0.3598757228989787,28,67.1470588235294,91.3030303030303,85.78787878787878,832,1466,1440,1391,1451,1547
420,46,81.37,0.3604559419933636,28,67.20588235294117,91.45454545454545,85.87878787878788,834,1470,1442,1392,1451,1548
421,43,81.46,0.3609918978639823,28,67.26470588235294,91.57575757575758,85.96969696969697,836,1474,1444,1393,1451,1548
422,38,81.54,0.36149374540103013,28,67.32352941176471,91.6969696969697,86.03030303030303,838,1478,1446,1393,1451,1548
423,47,81.63,0.36205194168810495,28,67.38235294117646,91.81818181818181,86.12121212121212,840,1482,1449,1393,1451,1548
424,44,81.72,0.36261380323054326,28,67.44117647058823,91.93939393939394,86.21212121212122,842,1486,1452,1393,1451,1548
425,38,81.81,0.3631744285539665,28,67.5,92.06060606060606,86.3030303030303,844,1490,1455,1393,1451,1548
426,47,81.9,0.3637313797313797,28,67.55882352941177,92.18181818181819,86.39393939393939,846,1494,1458,1393,1451,1548
427,44,81.99,0.3642871081839249,28,67.61764705882354,92.3030303030303,86.48484848484848,848,1498,1461,1393,1451,1548
428,35,82.08,0.36484892787524376,28,67.67647058823529,92.42424242424242,86.57575757575758,850,1502,1464,1393,1451,1548
429,45,82.16,0.36535296981499515,28,67.73529411764706,92.54545454545455,86.63636363636364,852,1506,1466,1393,1451,1548
430,43,82.24,0.3658584630350195,28,67.79411764705883,92.66666666666667,86.6969696969697,854,1510,1468,1393,1451,1548
431,44,82.32,0.3663654033041789,28,67.8529411764706,92.78787878787878,86.75757575757575,856,1514,1470,1393,1451,1548
432,63,82.43,0.3668530874681548,28,67.91176470588235,92.93939393939394,86.87878787878788,858,1519,1474,1393,1451,1548
433,73,82.57,0.36742279278188206,28,67.97058823529412,93.12121212121212,87.06060606060606,860,1524,1480,1393,1451,1549
434,68,82.71,0.3679929875468504,28,68.02941176470588,93.3030303030303,87.24242424242425,862,1529,1486,1393,1451,1550
435,77,82.86,0.36858797972483714,28,68.08823529411765,93.51515151515152,87.42424242424242,864,1534,1492,1393,1451,1552
436,80,83.01,0.36919286832911696,28,68.1470588235294,93.72727272727273,87.60606060606061,866,1539,1498,1393,1451,1554
437,74,83.16,0.36980038480038474,28,68.20588235294117,93.93939393939394,87.78787878787878,868,1544,1504,1393,1451,1556
438,75,83.3,0.3703673469387755,28,68.26470588235294,94.15151515151516,87.93939393939394,870,1549,1509,1393,1451,1558
439,82,83.44,0.3709395973154363,28,68.32352941176471,94.36363636363636,88.0909090909091,872,1554,1514,1393,1451,1560
440,74,83.58,0.37151710935630533,28,68.38235294117646,94.57575757575758,88.24242424242425,874,1559,1519,1393,1451,1562
441,73,83.71,0.37205710189941466,28,68.44117647058823,94.75757575757575,88.39393939393939,876,1563,1524,1393,1451,1564
442,78,83.84,0.37260257633587784,28,68.5,94.93939393939394,88.54545454545455,878,1567,1529,1393,1451,1566
443,71,83.97,0.3731606526140288,28,68.55882352941177,95.12121212121212,88.6969696969697,880,1571,1534,1393,1451,1568
444,72,84.11,0.3736737605516586,28,68.61764705882354,95.33333333333333,88.84848484848484,882,1575,1538,1394,1451,1571
445,76,84.22,0.37417240560436954,28,68.67647058823529,95.48484848484848,88.96969696969697,884,1579,1541,1395,1451,1572
446,73,84.34,0.37472610860801514,28,68.73529411764706,95.66666666666667,89.0909090909091,886,1584,1544,1396,1451,1573
447,75,84.47,0.3753439090801468,28,68.79411764705883,95.84848484848484,89.24242424242425,888,1589,1548,1397,1451,1574
448,71,84.6,0.37596690307328606,28,68.8529411764706,96.03030303030303,89.39393939393939,890,1594,1552,1398,1451,1575
449,62,84.72,0.37654154863078376,28,68.91176470588235,96.18181818181819,89.54545454545455,892,1598,1556,1399,1451,1576
450,66,84.83,0.3770658964988801,28,68.97058823529412,96.33333333333333,89.66666666666667,894,1602,1559,1400,1451,1577
451,70,84.94,0.3775983046856604,28,69.02941176470588,96.48484848484848,89.78787878787878,896,1606,1562,1401,1451,1578
452,59,85.05,0.37813403880070545,28,69.08823529411765,96.63636363636364,89.9090909090909,898,1610,1565,1402,1451,1579
453,60,85.16,0.37866838891498356,28,69.1470588235294,96.78787878787878,90.03030303030303,900,1614,1568,1403,1451,1580
454,58,85.27,0.37920605136624835,28,69.20588235294117,96.93939393939394,90.15151515151516,902,1618,1571,1404,1451,1581
455,50,85.38,0.3797446708831108,28,69.26470588235294,97.0909090909091,90.27272727272727,904,1622,1574,1405,1451,1582
456,51,85.49,0.3802842437712013,28,69.32352941176471,97.24242424242425,90.39393939393939,906,1626,1577,1406,1451,1583
457,49,85.6,0.3808247663551402,28,69.38235294117646,97.39393939393939,90.51515151515152,908,1630,1580,1407,1451,1584
458,50,85.71,0.38136856842842143,28,69.44117647058823,97.54545454545455,90.63636363636364,910,1634,1583,1408,1451,1585
459,62,85.83,0.38176977746708607,28,69.52941176470588,97.6969696969697,90.75757575757575,913,1638,1586,1409,1451,1586
460,67,85.96,0.38210097719869707,28,69.61764705882354,97.84848484848484,90.9090909090909,916,1642,1590,1410,1451,1587
461,56,86.1,0.38249709639953544,28,69.70588235294117,98.0,91.0909090909091,919,1646,1595,1411,1451,1588
462,57,86.24,0.3829081632653061,28,69.79411764705883,98.15151515151516,91.27272727272727,922,1650,1600,1412,1451,1589
463,59,86.37,0.3832823897186523,28,69.88235294117646,98.3030303030303,91.42424242424242,925,1654,1604,1413,1451,1590
464,48,86.51,0.3837255808577043,28,69.97058823529412,98.45454545454545,91.60606060606061,928,1658,1609,1414,1451,1591
465,49,86.65,0.38417657241777264,28,70.05882352941177,98.60606060606061,91.78787878787878,931,1662,1614,1415,1451,1592
466,50,86.79,0.38463071782463415,28,70.1470588235294,98.75757575757575,91.96969696969697,934,1666,1619,1416,1451,1593
467,48,86.9,0.3849113924050633,28,70.23529411764706,98.87878787878788,92.0909090909091,937,1669,1622,1417,1451,1594
468,50,87.03,0.38531885556704587,28,70.32352941176471,99.03030303030303,92.24242424242425,940,1673,1626,1418,1451,1595
469,46,87.16,0.38572969251950434,28,70.41176470588235,99.18181818181819,92.39393939393939,943,1677,1630,1419,1451,1596
470,36,87.29,0.38615076182838814,28,70.5,99.33333333333333,92.54545454545455,946,1681,1634,1420,1451,1597
471,37,87.4,0.3864553775743707,28,70.58823529411765,99.45454545454545,92.66666666666667,949,1684,1637,1421,1451,1598
472,38,87.51,0.3867706547823106,28,70.67647058823529,99.57575757575758,92.78787878787878,952,1687,1640,1422,1451,1599
473,34,87.61,0.3870825248259331,28,70.76470588235294,99.6969696969697,92.87878787878788,955,1690,1643,1422,1451,1600
474,35,87.72,0.3874487004103967,28,70.8529411764706,99.84848484848484,92.96969696969697,958,1694,1646,1422,1451,1601
475,44,87.81,0.3876881904111149,28,70.94117647058823,99.96969696969697,93.03030303030303,961,1697,1648,1422,1451,1602
476,44,87.9,0.38793401592719,28,71.02941176470588,100.0909090909091,93.0909090909091,964,1700,1650,1422,1451,1603
477,49,88.0,0.38825227272727275,28,71.11764705882354,100.24242424242425,93.15151515151516,967,1704,1652,1422,1451,1604
478,51,88.1,0.3886061293984109,28,71.20588235294117,100.36363636363636,93.24242424242425,970,1708,1655,1422,1451,1604
479,54,88.22,0.38906597143504873,28,71.29411764705883,100.54545454545455,93.33333333333333,973,1713,1658,1422,1451,1605
480,57,88.34,0.38952682816391215,28,71.38235294117646,100.72727272727273,93.42424242424242,976,1718,1661,1422,1451,1606
481,57,88.46,0.3899932172733439,28,71.47058823529412,100.9090909090909,93.51515151515152,979,1723,1664,1422,1451,1607
482,57,88.58,0.3904673741250847,28,71.55882352941177,101.0909090909091,93.60606060606061,982,1728,1667,1422,1451,1608
483,59,88.71,0.39100777815353394,28,71.6470588235294,101.27272727272727,93.72727272727273,985,1733,1671,1422,1451,1609
484,62,88.83,0.39148148148148143,28,71.73529411764706,101.42424242424242,93.84848484848484,988,1737,1675,1422,1451,1610
485,59,88.95,0.39196514896008994,28,71.82352941176471,101.57575757575758,93.96969696969697,991,1741,1679,1422,1451,1611
486,62,89.07,0.3924542494667116,28,71.91176470588235,101.72727272727273,94.0909090909091,994,1745,1683,1422,1451,1612
487,63,89.18,0.39288854003139717,28,72.0,101.87878787878788,94.18181818181819,997,1749,1686,1422,1451,1613
488,57,89.3,0.3933840985442329,28,72.08823529411765,102.03030303030303,94.3030303030303,1000,1753,1690,1422,1451,1614
489,54,89.42,0.39388951017669427,28,72.17647058823529,102.18181818181819,94.42424242424242,1003,1757,1694,1422,1451,1615
490,61,89.53,0.39433374287948175,28,72.26470588235294,102.3030303030303,94.54545454545455,1006,1760,1698,1422,1451,1616
491,66,89.63,0.3947171705902042,28,72.3529411764706,102.42424242424242,94.63636363636364,1009,1763,1701,1422,1451,1617
492,61,89.74,0.3951704925339871,28,72.44117647058823,102.57575757575758,94.72727272727273,1012,1767,1704,1422,1451,1618
493,56,89.85,0.3956293823038397,28,72.52941176470588,102.72727272727273,94.81818181818181,1015,1771,1707,1422,1451,1619
494,52,89.95,0.39603891050583656,28,72.61764705882354,102.87878787878788,94.87878787878788,1018,1775,1709,1422,1451,1620
495,61,90.04,0.3963882718791648,28,72.70588235294117,103.0,94.93939393939394,1021,1778,1711,1422,1451,1621
496,63,90.14,0.3967983137341913,28,72.79411764705883,103.15151515151516,95.0,1024,1782,1713,1422,1451,1622
497,59,90.24,0.3972096631205674,28,72.88235294117646,103.3030303030303,95.06060606060606,1027,1786,1715,1422,1451,1623
498,74,90.33,0.3975611646186206,28,72.97058823529412,103.42424242424242,95.12121212121212,1030,1789,1717,1422,1451,1624
499,78,90.44,0.39803847854931446,28,73.05882352941177,103.60606060606061,95.18181818181819,1033,1794,1719,1422,1451,1625
500,86,90.57,0.3986386220602849,28,73.1470588235294,103.78787878787878,95.3030303030303,1036,1799,1723,1422,1451,1626
501,81,90.71,0.39929996692757136,28,73.23529411764706,103.96969696969697,95.45454545454545,1039,1804,1728,1422,1451,1627
502,92,90.84,0.3998987230295024,28,73.32352941176471,104.12121212121212,95.60606060606061,1042,1808,1733,1422,1451,1628
503,88,91.0,0.40060439560439565,28,73.41176470588235,104.33333333333333,95.78787878787878,1045,1813,1738,1423,1451,1630
504,87,91.16,0.40130978499341813,28,73.5,104.54545454545455,95.96969696969697,1048,1818,1743,1424,1451,1632
505,94,91.3,0.40194742606790795,28,73.58823529411765,104.75757575757575,96.0909090909091,1051,1823,1747,1424,1451,1634
506,84,91.43,0.40245105545225857,28,73.67647058823529,104.96969696969697,96.18181818181819,1054,1827,1750,1424,1451,1637
507,85,91.57,0.4030217320082997,28,73.76470588235294,105.21212121212122,96.27272727272727,1057,1832,1753,1424,1451,1640
508,85,91.72,0.4036546009594418,28,73.8529411764706,105.45454545454545,96.39393939393939,1060,1837,1757,1424,1451,1643
509,79,91.87,0.40428540328725376,28,73.94117647058823,105.6969696969697,96.51515151515152,1063,1842,1761,1424,1451,1646
510,71,92.01,0.40485708075209215,28,74.02941176470588,105.9090909090909,96.63636363636364,1066,1846,1765,1424,1451,1649
511,70,92.14,0.4053635771651834,28,74.11764705882354,106.12121212121212,96.72727272727273,1069,1850,1768,1424,1451,1652
512,77,92.25,0.4057723577235772,28,74.20588235294117,106.27272727272727,96.81818181818181,1072,1853,1771,1424,1451,1654
513,80,92.37,0.40621955180253333,28,74.29411764705883,106.42424242424242,96.93939393939394,1075,1856,1775,1424,1451,1656
514,77,92.49,0.4066720726565034,28,74.38235294117646,106.57575757575758,97.06060606060606,1078,1859,1779,1424,1451,1658
515,80,92.61,0.40712773998488283,28,74.47058823529412,106.72727272727273,97.18181818181819,1081,1862,1783,1424,1451,1660
516,86,92.73,0.407618893561954,28,74.55882352941177,106.84848484848484,97.33333333333333,1084,1865,1788,1424,1451,1661
517,83,92.85,0.4081130856219709,28,74.6470588235294,106.96969696969697,97.48484848484848,1087,1868,1793,1424,1451,1662
518,80,92.97,0.40861245563084864,28,74.73529411764706,107.0909090909091,97.63636363636364,1090,1871,1798,1424,1451,1663
519,84,93.08,0.40904813064030937,28,74.82352941176471,107.21212121212122,97.75757575757575,1093,1874,1802,1424,1451,1664
520,79,93.19,0.40948277712200876,28,74.91176470588235,107.33333333333333,97.87878787878788,1096,1877,1806,1424,1451,1665
521,67,93.31,0.40995284535419574,28,75.02941176470588,107.45454545454545,98.0,1099,1880,1810,1424,1452,1666
522,76,93.43,0.41042170609012096,28,75.1470588235294,107.57575757575758,98.12121212121212,1102,1883,1814,1424,1453,1667
523,82,93.55,0.4108893639764832,28,75.26470588235294,107.6969696969697,98.24242424242425,1105,1886,1818,1424,1454,1668
524,70,93.67,0.4113579587915021,28,75.38235294117646,107.81818181818181,98.36363636363636,1108,1889,1822,1424,1455,1669
525,67,93.79,0.41182535451540675,28,75.5,107.93939393939394,98.48484848484848,1111,1892,1826,1424,1456,1670
526,79,93.91,0.41229368544350975,28,75.61764705882354,108.06060606060606,98.60606060606061,1114,1895,1830,1424,1457,1671
527,82,94.03,0.41276294799532065,28,75.73529411764706,108.18181818181819,98.72727272727273,1117,1898,1834,1424,1458,1672
528,82,94.15,0.41323101433882103,28,75.8529411764706,108.3030303030303,98.84848484848484,1120,1901,1838,1424,1459,1673
529,76,94.27,0.41370001060782857,28,75.97058823529412,108.42424242424242,98.96969696969697,1123,1904,1842,1424,1460,1674
530,70,94.39,0.4141678143871173,28,76.08823529411765,108.54545454545455,99.0909090909091,1126,1907,1846,1424,1461,1675
531,82,94.51,0.41463654639720665,28,76.20588235294117,108.66666666666667,99.21212121212122,1129,1910,1850,1424,1462,1676
532,82,94.63,0.4151040896121737,28,76.32352941176471,108.78787878787878,99.33333333333333,1132,1913,1854,1424,1463,1677
533,76,94.75,0.4155704485488127,28,76.44117647058823,108.9090909090909,99.45454545454545,1135,1916,1858,1424,1464,1678
534,73,94.87,0.4160377358490566,28,76.55882352941177,109.03030303030303,99.57575757575758,1138,1919,1862,1424,1465,1679
535,82,94.99,0.4165038425097379,28,76.67647058823529,109.15151515151516,99.6969696969697,1141,1922,1866,1424,1466,1680
536,78,95.12,0.41693650126156434,28,76.79411764705883,109.27272727272727,99.84848484848484,1144,1925,1870,1425,1467,1681
537,77,95.25,0.4173742782152231,28,76.91176470588235,109.39393939393939,100.0,1147,1928,1874,1426,1468,1682
538,79,95.38,0.4178171524428601,28,77.02941176470588,109.51515151515152,100.15151515151516,1150,1931,1878,1427,1469,1683
539,78,95.51,0.41826510313056225,28,77.1470588235294,109.63636363636364,100.3030303030303,1153,1934,1882,1428,1470,1684
540,80,95.64,0.41871183605186113,28,77.26470588235294,109.75757575757575,100.45454545454545,1156,1937,1886,1429,1471,1685
541,79,95.77,0.41915735616581395,28,77.38235294117646,109.87878787878788,100.60606060606061,1159,1940,1890,1430,1472,1686
542,78,95.9,0.4196016684045881,28,77.5,110.0,100.75757575757575,1162,1943,1894,1431,1473,1687
543,80,96.03,0.4200447776736436,28,77.61764705882354,110.12121212121212,100.9090909090909,1165,1946,1898,1432,1474,1688
544,73,96.16,0.420488768718802,28,77.73529411764706,110.24242424242425,101.06060606060606,1168,1949,1902,1433,1475,1689
545,74,96.3,0.4209366562824507,28,77.8529411764706,110.36363636363636,101.24242424242425,1171,1952,1906,1435,1476,1690
546,73,96.43,0.42138234989111273,28,77.97058823529412,110.48484848484848,101.39393939393939,1174,1955,1910,1436,1477,1691
547,64,96.58,0.42179126113066884,28,78.08823529411765,110.60606060606061,101.60606060606061,1177,1958,1914,1439,1478,1692
548,51,96.74,0.4222245193301633,28,78.20588235294117,110.72727272727273,101.84848484848484,1180,1961,1918,1443,1479,1693
549,49,96.88,0.42260941370767957,28,78.32352941176471,110.84848484848484,102.03030303030303,1183,1964,1921,1446,1480,1694
550,44,97.02,0.42298495155638016,28,78.44117647058823,110.96969696969697,102.21212121212122,1186,1967,1924,1449,1481,1695
551,39,97.16,0.4233882256072458,28,78.55882352941177,111.0909090909091,102.39393939393939,1189,1970,1927,1452,1482,1696
552,46,97.27,0.4238110414310682,28,78.67647058823529,111.21212121212122,102.48484848484848,1192,1973,1930,1452,1483,1697
553,56,97.38,0.42420620250564794,28,78.79411764705883,111.33333333333333,102.57575757575758,1195,1976,1932,1453,1484,1698
554,56,97.5,0.4246297435897436,28,78.91176470588235,111.45454545454545,102.6969696969697,1198,1979,1935,1454,1485,1699
555,65,97.62,0.4250542921532473,28,79.02941176470588,111.57575757575758,102.81818181818181,1201,1982,1938,1455,1486,1700
556,75,97.76,0.4254378068739771,28,79.17647058823529,111.6969696969697,102.96969696969697,1205,1985,1942,1456,1487,1701
557,79,97.9,0.4258243105209397,28,79.32352941176471,111.81818181818181,103.12121212121212,1209,1988,1946,1457,1488,1702
558,80,98.04,0.42621379028967765,28,79.47058823529412,111.93939393939394,103.27272727272727,1213,1991,1950,1458,1489,1703
559,78,98.18,0.4266062334487675,28,79.61764705882354,112.06060606060606,103.42424242424242,1217,1994,1954,1459,1490,1704
560,73,98.32,0.4270077298616761,28,79.76470588235294,112.18181818181819,103.57575757575758,1221,1997,1958,1460,1491,1705
561,71,98.46,0.42741417834653667,28,79.91176470588235,112.3030303030303,103.72727272727273,1225,2000,1962,1461,1492,1706
562,86,98.61,0.427783186289423,28,80.05882352941177,112.42424242424242,103.9090909090909,1229,2003,1966,1463,1493,1707
563,85,98.77,0.42813101144072085,28,80.20588235294117,112.54545454545455,104.12121212121212,1233,2006,1970,1466,1494,1708
564,97,98.95,0.428544719555331,28,80.38235294117646,112.66666666666667,104.36363636363636,1238,2009,1975,1469,1495,1709
565,109,99.13,0.42897508322404926,28,80.55882352941177,112.78787878787878,104.60606060606061,1243,2012,1980,1472,1496,1710
566,103,99.31,0.42941597019434097,28,80.73529411764706,112.9090909090909,104.84848484848484,1248,2015,1985,1475,1497,1711
567,106,99.49,0.42986129259222033,28,80.91176470588235,113.03030303030303,105.0909090909091,1253,2018,1990,1478,1498,1712
568,106,99.67,0.43030701314337316,28,81.08823529411765,113.15151515151516,105.33333333333333,1258,2021,1995,1481,1499,1713
569,109,99.85,0.4307551326990486,28,81.26470588235294,113.27272727272727,105.57575757575758,1263,2024,2000,1484,1500,1714
570,112,100.03,0.4312076377086874,28,81.44117647058823,113.39393939393939,105.81818181818181,1268,2027,2005,1487,1501,1715
571,106,100.21,0.43166450454046507,28,81.61764705882354,113.51515151515152,106.06060606060606,1273,2030,2010,1490,1502,1716
572,114,100.4,0.432097609561753,28,81.79411764705883,113.63636363636364,106.33333333333333,1278,2033,2015,1494,1503,1717
573,113,100.59,0.43254299632170196,28,81.97058823529412,113.75757575757575,106.60606060606061,1283,2036,2020,1498,1504,1718
574,118,100.78,0.4330005953562215,28,82.1470588235294,113.87878787878788,106.87878787878788,1288,2039,2025,1502,1505,1719
575,107,100.98,0.43343434343434345,28,82.3529411764706,114.0,107.15151515151516,1293,2042,2030,1506,1507,1720
576,114,101.18,0.43387428345522827,28,82.55882352941177,114.12121212121212,107.42424242424242,1298,2045,2035,1510,1509,1721
577,118,101.38,0.43431643322154273,28,82.76470588235294,114.24242424242425,107.6969696969697,1303,2048,2040,1514,1511,1722
578,119,101.58,0.4347627485725536,28,82.97058823529412,114.36363636363636,107.96969696969697,1308,2051,2045,1518,1513,1723
579,114,101.78,0.43521516997445475,28,83.17647058823529,114.48484848484848,108.24242424242425,1313,2054,2050,1522,1515,1724
580,120,101.99,0.43568291008922444,28,83.38235294117646,114.60606060606061,108.54545454545455,1318,2057,2055,1527,1517,1725
581,117,102.2,0.4361624266144814,28,83.58823529411765,114.72727272727273,108.84848484848484,1323,2060,2060,1532,1519,1726
582,111,102.41,0.43664583536763985,28,83.79411764705883,114.84848484848484,109.15151515151516,1328,2063,2065,1537,1521,1727
583,114,102.62,0.4371370103293705,28,84.0,114.96969696969697,109.45454545454545,1333,2066,2070,1542,1523,1728
584,123,102.83,0.4376320140036954,28,84.20588235294117,115.0909090909091,109.75757575757575,1338,2069,2075,1547,1525,1729
585,119,103.05,0.4380679281901989,28,84.41176470588235,115.24242424242425,110.06060606060606,1343,2072,2080,1552,1527,1731
586,115,103.27,0.43851554178367386,28,84.61764705882354,115.39393939393939,110.36363636363636,1348,2075,2085,1557,1529,1733
587,115,103.48,0.43898337843061463,28,84.79411764705883,115.54545454545455,110.66666666666667,1353,2078,2090,1562,1530,1735
588,106,103.69,0.4394512489150352,28,84.97058823529412,115.6969696969697,110.96969696969697,1358,2081,2095,1567,1531,1737
589,109,103.9,0.4399210779595765,28,85.1470588235294,115.84848484848484,111.27272727272727,1363,2084,2100,1572,1532,1739
590,103,104.11,0.44039285371241954,28,85.32352941176471,116.0,111.57575757575758,1368,2087,2105,1577,1533,1741
591,96,104.3,0.4407938638542665,28,85.5,116.15151515151516,111.81818181818181,1373,2090,2108,1582,1534,1743
592,99,104.51,0.4412678212611233,28,85.67647058823529,116.3030303030303,112.12121212121212,1378,2093,2113,1587,1535,1745
593,94,104.71,0.44171998853977656,28,85.8529411764706,116.45454545454545,112.39393939393939,1383,2096,2117,1592,1536,1747
594,83,104.91,0.442172338194643,28,86.02941176470588,116.60606060606061,112.66666666666667,1388,2099,2121,1597,1537,1749
595,87,105.11,0.4426305774902483,28,86.20588235294117,116.75757575757575,112.93939393939394,1393,2102,2125,1602,1538,1751
596,77,105.3,0.4430712250712251,28,86.38235294117646,116.9090909090909,113.18181818181819,1398,2105,2129,1606,1539,1753
597,67,105.49,0.4435140771637122,28,86.55882352941177,117.06060606060606,113.42424242424242,1403,2108,2133,1610,1540,1755
598,66,105.68,0.44396101438304314,28,86.73529411764706,117.21212121212122,113.66666666666667,1408,2111,2137,1614,1541,1757
599,71,105.87,0.44440634740719753,28,86.91176470588235,117.36363636363636,113.9090909090909,1413,2114,2141,1618,1542,1759
600,69,106.04,0.44479441720105617,28,87.05882352941177,117.51515151515152,114.12121212121212,1417,2117,2144,1622,1543,1761
601,79,106.21,0.44515488183786833,28,87.23529411764706,117.66666666666667,114.3030303030303,1422,2120,2146,1626,1544,1763
602,81,106.37,0.4454742878631193,28,87.38235294117646,117.81818181818181,114.48484848484848,1426,2123,2148,1630,1545,1765
603,75,106.55,0.44586297512904743,28,87.55882352941177,117.96969696969697,114.6969696969697,1431,2126,2151,1634,1546,1767
604,80,106.71,0.44621778652422456,28,87.70588235294117,118.12121212121212,114.87878787878788,1435,2129,2153,1638,1547,1769
605,70,106.87,0.44657714980817814,28,87.8529411764706,118.27272727272727,115.06060606060606,1439,2132,2155,1642,1548,1771
606,69,107.03,0.4468980659628141,28,88.0,118.42424242424242,115.24242424242425,1443,2135,2157,1646,1549,1773
607,71,107.19,0.4471974997667693,28,88.17647058823529,118.57575757575758,115.39393939393939,1448,2138,2158,1650,1550,1775
608,73,107.35,0.44752771308802985,28,88.3529411764706,118.72727272727273,115.54545454545455,1453,2141,2160,1653,1551,1777
609,69,107.51,0.4478643847083992,28,88.52941176470588,118.87878787878788,115.6969696969697,1458,2144,2162,1656,1552,1779
610,73,107.65,0.4481569902461681,28,88.70588235294117,119.0,115.81818181818181,1463,2146,2164,1658,1553,1781
611,74,107.79,0.44848408943315704,28,88.8529411764706,119.15151515151516,115.93939393939394,1467,2149,2166,1660,1554,1783
612,77,107.94,0.44868630720770797,28,89.0,119.3030303030303,116.0909090909091,1471,2152,2169,1662,1555,1785
613,82,108.1,0.448895467160037,28,89.1470588235294,119.45454545454545,116.27272727272727,1475,2155,2172,1665,1556,1787
614,95,108.27,0.44904682737600443,28,89.29411764705883,119.63636363636364,116.45454545454545,1479,2159,2175,1668,1557,1789
615,94,108.46,0.449262400885119,28,89.47058823529412,119.81818181818181,116.66666666666667,1484,2163,2179,1671,1558,1791
616,88,108.64,0.4494348306332842,28,89.6470588235294,120.0,116.84848484848484,1489,2167,2182,1674,1559,1793
617,106,108.82,0.4496103657415916,28,89.82352941176471,120.18181818181819,117.03030303030303,1494,2171,2185,1677,1560,1795
618,106,109.0,0.44979633027522936,28,89.97058823529412,120.36363636363636,117.24242424242425,1498,2175,2188,1681,1561,1797
619,99,109.19,0.4499890099825991,28,90.1470588235294,120.54545454545455,117.45454545454545,1503,2179,2191,1685,1562,1799
620,107,109.38,0.45018467727189615,28,90.32352941176471,120.72727272727273,117.66666666666667,1508,2183,2194,1689,1563,1801
621,100,109.57,0.45038514191840834,28,90.5,120.9090909090909,117.87878787878788,1513,2187,2197,1693,1564,1803
622,93,109.76,0.45058673469387756,28,90.67647058823529,121.0909090909091,118.0909090909091,1518,2191,2200,1697,1565,1805
623,98,109.95,0.4507912687585266,28,90.8529411764706,121.27272727272727,118.3030303030303,1523,2195,2203,1701,1566,1807
624,95,110.13,0.4509933714700808,28,91.02941176470588,121.45454545454545,118.48484848484848,1528,2199,2206,1704,1567,1809
625,98,110.31,0.4511984407578642,28,91.20588235294117,121.63636363636364,118.66666666666667,1533,2203,2209,1707,1568,1811
626,94,110.47,0.45140852720195523,28,91.3529411764706,121.78787878787878,118.84848484848484,1537,2207,2212,1710,1569,1812
627,101,110.64,0.451502169197397,28,91.5,121.93939393939394,119.06060606060606,1541,2211,2215,1714,1570,1813
628,91,110.83,0.451546512677073,28,91.67647058823529,122.12121212121212,119.27272727272727,1546,2215,2218,1718,1571,1815
629,90,111.02,0.4515943073320123,28,91.8529411764706,122.3030303030303,119.48484848484848,1551,2219,2221,1722,1572,1817
630,95,111.21,0.45164733387285316,28,92.02941176470588,122.48484848484848,119.6969696969697,1556,2223,2224,1726,1573,1819
631,90,111.41,0.4516946414145947,28,92.20588235294117,122.6969696969697,119.9090909090909,1561,2227,2227,1730,1574,1822
632,96,111.59,0.4517420915852675,28,92.38235294117646,122.84848484848484,120.12121212121212,1566,2229,2230,1734,1575,1825
633,96,111.77,0.45179475709045364,28,92.55882352941177,123.0,120.33333333333333,1571,2231,2233,1738,1576,1828
634,101,111.96,0.4518917470525187,28,92.73529411764706,123.15151515151516,120.57575757575758,1576,2233,2237,1742,1577,1831
635,101,112.17,0.45199696888651153,28,92.91176470588235,123.36363636363636,120.81818181818181,1581,2237,2241,1746,1578,1834
636,100,112.39,0.45214075985407953,28,93.08823529411765,123.57575757575758,121.0909090909091,1586,2241,2246,1750,1579,1837
637,104,112.62,0.45228023441662224,28,93.26470588235294,123.78787878787878,121.39393939393939,1591,2245,2251,1755,1580,1840
638,108,112.85,0.4524315463003987,28,93.44117647058823,124.0,121.6969696969697,1596,2249,2256,1760,1581,1843
639,105,113.06,0.4525897753405272,28,93.61764705882354,124.18181818181819,121.96969696969697,1601,2252,2261,1764,1582,1846
640,101,113.28,0.45277012711864406,28,93.79411764705883,124.36363636363636,122.27272727272727,1606,2255,2266,1769,1583,1849
641,104,113.49,0.4529553264604811,28,93.97058823529412,124.54545454545455,122.54545454545455,1611,2258,2271,1773,1584,1852
642,98,113.7,0.45314687774846085,28,94.1470588235294,124.72727272727273,122.81818181818181,1616,2261,2276,1777,1585,1855
643,96,113.9,0.45338542581211594,28,94.32352941176471,124.9090909090909,123.06060606060606,1621,2264,2280,1781,1586,1858
644,99,114.11,0.4536754009289282,28,94.5,125.0909090909091,123.33333333333333,1626,2267,2285,1785,1587,1861
645,105,114.32,0.45406053184044787,28,94.67647058823529,125.3030303030303,123.57575757575758,1631,2271,2289,1789,1588,1864
646,105,114.53,0.454363922116476,28,94.8529411764706,125.51515151515152,123.81818181818181,1636,2275,2293,1793,1589,1867
647,105,114.74,0.4545546452849921,28,95.02941176470588,125.6969696969697,124.0909090909091,1641,2279,2298,1797,1590,1869
648,98,114.96,0.4547494780793319,28,95.20588235294117,125.87878787878788,124.39393939393939,1646,2283,2303,1802,1591,1871
649,100,115.18,0.45508421600972393,28,95.38235294117646,126.0909090909091,124.66666666666667,1651,2287,2307,1807,1592,1874
650,94,115.39,0.45542681341537394,28,95.55882352941177,126.3030303030303,124.9090909090909,1656,2291,2311,1811,1593,1877
651,90,115.58,0.4557086001038242,28,95.73529411764706,126.48484848484848,125.12121212121212,1661,2295,2314,1815,1594,1879
652,100,115.78,0.4560407669718432,28,95.91176470588235,126.66666666666667,125.36363636363636,1666,2299,2318,1819,1595,1881
653,107,115.98,0.4563752371098465,28,96.08823529411765,126.84848484848484,125.60606060606061,1671,2303,2322,1823,1596,1883
654,106,116.2,0.4564733218588641,28,96.26470588235294,127.03030303030303,125.9090909090909,1676,2307,2328,1827,1597,1885
655,118,116.44,0.4565097904500172,28,96.44117647058823,127.27272727272727,126.21212121212122,1681,2312,2334,1831,1598,1888
656,118,116.68,0.45651868357901954,28,96.6470588235294,127.51515151515152,126.48484848484848,1687,2317,2340,1834,1599,1891
657,112,116.92,0.4565018816284639,28,96.8529411764706,127.75757575757575,126.75757575757575,1693,2322,2345,1838,1600,1894
658,112,117.16,0.4564885626493684,28,97.05882352941177,128.0,127.03030303030303,1699,2327,2350,1842,1601,1897
659,118,117.4,0.456480408858603,28,97.26470588235294,128.24242424242425,127.3030303030303,1705,2332,2355,1846,1602,1900
660,125,117.63,0.45659525631216524,28,97.47058823529412,128.4848484848485,127.54545454545455,1711,2337,2359,1850,1603,1903
661,114,117.86,0.456718140166299,28,97.67647058823529,128.72727272727272,127.78787878787878,1717,2342,2363,1854,1604,1906
662,117,118.07,0.4568281527907174,28,97.88235294117646,128.93939393939394,128.0,1723,2346,2366,1858,1605,1909
663,126,118.28,0.4569411565776125,28,98.08823529411765,129.15151515151516,128.21212121212122,1729,2350,2369,1862,1606,1912
664,115,118.51,0.45696987595983457,28,98.32352941176471,129.36363636363637,128.45454545454547,1735,2354,2373,1866,1608,1915
665,108,118.76,0.45699730549006395,28,98.55882352941177,129.63636363636363,128.6969696969697,1741,2359,2377,1870,1610,1919
666,107,119.01,0.45702798084194607,28,98.79411764705883,129.9090909090909,128.93939393939394,1747,2364,2381,1874,1612,1923
667,107,119.22,0.4570323771179332,28,99.0,130.12121212121212,129.15151515151516,1752,2368,2385,1877,1614,1926
668,98,119.46,0.4569211451531893,28,99.20588235294117,130.3939393939394,129.3939393939394,1757,2372,2388,1882,1616,1931
669,102,119.69,0.4568075862645167,28,99.38235294117646,130.66666666666666,129.63636363636363,1761,2376,2391,1887,1618,1936
670,94,119.92,0.45670613742495,28,99.55882352941177,130.93939393939394,129.87878787878788,1765,2380,2394,1892,1620,1941
671,87,120.11,0.45670052451919074,28,99.67647058823529,131.1818181818182,130.0909090909091,1768,2384,2396,1897,1621,1945
672,75,120.32,0.45659906914893617,28,99.82352941176471,131.42424242424244,130.33333333333334,1771,2388,2398,1903,1623,1949
673,78,120.5,0.4565726141078838,28,99.94117647058823,131.63636363636363,130.54545454545453,1774,2391,2399,1909,1624,1953
674,72,120.68,0.4566937354988399,28,100.05882352941177,131.84848484848484,130.75757575757575,1777,2394,2400,1915,1625,1957
675,57,120.86,0.4568823432070164,28,100.17647058823529,132.06060606060606,130.96969696969697,1780,2397,2401,1921,1626,1961
676,55,121.0,0.45703636363636363,28,100.26470588235294,132.21212121212122,131.15151515151516,1783,2400,2402,1926,1626,1963
677,57,121.13,0.45725501527284734,28,100.3529411764706,132.33333333333334,131.33333333333334,1786,2403,2403,1931,1626,1964
678,58,121.27,0.4572499381545312,28,100.44117647058823,132.42424242424244,131.57575757575756,1789,2405,2404,1938,1626,1965
679,53,121.41,0.4572432254344782,28,100.55882352941177,132.5151515151515,131.78787878787878,1793,2407,2405,1944,1626,1966
680,69,121.55,0.4572743726861374,28,100.70588235294117,132.6060606060606,131.96969696969697,1798,2409,2406,1949,1626,1967
681,60,121.73,0.4573802678057997,28,100.88235294117646,132.75757575757575,132.1818181818182,1803,2412,2409,1953,1627,1969
682,55,121.9,0.4575504511894996,28,101.05882352941177,132.84848484848484,132.42424242424244,1808,2415,2413,1957,1628,1969
683,58,122.08,0.4577522935779817,28,101.23529411764706,132.93939393939394,132.6969696969697,1813,2418,2418,1961,1629,1969
684,63,122.24,0.4579597513089005,28,101.38235294117646,133.03030303030303,132.93939393939394,1818,2421,2423,1964,1629,1969
685,64,122.41,0.45823462135446447,28,101.52941176470588,133.21212121212122,133.12121212121212,1823,2424,2428,1965,1629,1972
686,67,122.56,0.45856723237597913,28,101.67647058823529,133.3939393939394,133.24242424242425,1828,2427,2431,1966,1629,1975
687,75,122.72,0.4589276401564537,28,101.82352941176471,133.57575757575756,133.3939393939394,1833,2430,2435,1967,1629,1978
688,81,122.87,0.4592178725482217,28,101.97058823529412,133.75757575757575,133.5151515151515,1837,2433,2438,1968,1630,1981
689,76,123.04,0.45954648894668404,28,102.1470588235294,133.93939393939394,133.66666666666666,1842,2436,2441,1970,1631,1984
690,69,123.2,0.4598522727272727,28,102.29411764705883,134.12121212121212,133.8181818181818,1846,2439,2444,1972,1632,1987
691,68,123.36,0.4601442931258106,28,102.44117647058823,134.3030303030303,133.96969696969697,1850,2442,2447,1974,1633,1990
692,64,123.52,0.4604371761658031,28,102.58823529411765,134.4848484848485,134.12121212121212,1854,2445,2450,1976,1634,1993
693,54,123.68,0.4606969598965071,28,102.73529411764706,134.66666666666666,134.27272727272728,1858,2448,2453,1978,1635,1996
694,53,123.84,0.46095607235142116,28,102.91176470588235,134.84848484848484,134.3939393939394,1863,2451,2455,1980,1636,1999
695,57,123.98,0.4612001935796096,28,103.08823529411765,134.96969696969697,134.5151515151515,1868,2453,2457,1982,1637,2001
696,49,124.12,0.4614469867869804,28,103.29411764705883,135.06060606060606,134.63636363636363,1873,2455,2458,1985,1639,2002
697,48,124.25,0.4616941649899396,28,103.5,135.15151515151516,134.72727272727272,1878,2457,2459,1987,1641,2003
698,48,124.37,0.46192570555600226,28,103.70588235294117,135.24242424242425,134.78787878787878,1883,2459,2460,1988,1643,2004
699,48,124.49,0.4621664390714113,28,103.88235294117646,135.33333333333334,134.87878787878788,1888,2461,2461,1990,1644,2005
700,50,124.62,0.4624169475204622,28,104.05882352941177,135.42424242424244,135.0,1893,2463,2463,1992,1645,2006
701,59,124.74,0.4626503126503127,28,104.23529411764706,135.4848484848485,135.12121212121212,1898,2465,2465,1994,1646,2006
702,71,124.86,0.46288322921672276,28,104.41176470588235,135.54545454545453,135.24242424242425,1903,2467,2467,1996,1647,2006
703,81,125.0,0.4630384,28,104.58823529411765,135.63636363636363,135.3939393939394,1908,2469,2470,1998,1648,2007
704,78,125.15,0.4631761885737115,28,104.79411764705883,135.72727272727272,135.54545454545453,1913,2471,2473,2000,1650,2008
705,66,125.3,0.46331524341580205,28,105.0,135.8181818181818,135.6969696969697,1918,2473,2476,2002,1652,2009
706,78,125.45,0.46345555998405735,28,105.20588235294117,135.9090909090909,135.84848484848484,1923,2475,2479,2004,1654,2010
707,87,125.6,0.4636019108280255,28,105.41176470588235,136.0,136.0,1928,2477,2482,2006,1656,2011
708,78,125.75,0.46374791252485087,28,105.61764705882354,136.0909090909091,136.15151515151516,1933,2479,2485,2008,1658,2012
709,76,125.89,0.463904202081182,28,105.79411764705883,136.1818181818182,136.3030303030303,1938,2481,2488,2010,1659,2013
710,79,126.04,0.4640669628689305,28,105.97058823529412,136.27272727272728,136.4848484848485,1943,2483,2491,2013,1660,2014
711,85,126.19,0.46423409144940175,28,106.1470588235294,136.36363636363637,136.66666666666666,1948,2485,2494,2016,1661,2015
712,90,126.35,0.4644392560348239,28,106.32352941176471,136.4848484848485,136.84848484848484,1953,2488,2497,2019,1662,2016
713,84,126.53,0.464636845016992,28,106.5,136.66666666666666,137.03030303030303,1958,2491,2500,2022,1663,2019
714,79,126.7,0.464817679558011,28,106.67647058823529,136.8181818181818,137.21212121212122,1963,2494,2503,2025,1664,2021
715,89,126.87,0.46500591156301724,28,106.8529411764706,136.96969696969697,137.3939393939394,1968,2497,2506,2028,1665,2023
716,85,127.03,0.4651995591592537,28,107.02941176470588,137.12121212121212,137.54545454545453,1973,2500,2509,2030,1666,2025
717,81,127.19,0.465392719553424,28,107.20588235294117,137.27272727272728,137.6969696969697,1978,2503,2512,2032,1667,2027
718,84,127.34,0.46558033610805716,28,107.38235294117646,137.42424242424244,137.8181818181818,1983,2506,2514,2034,1668,2029
719,89,127.5,0.4657835294117647,28,107.55882352941177,137.57575757575756,137.96969696969697,1988,2509,2517,2036,1669,2031
720,85,127.66,0.46598778004073316,28,107.73529411764706,137.72727272727272,138.12121212121212,1993,2512,2520,2038,1670,2033
721,89,127.83,0.46618868810138464,28,107.91176470588235,137.9090909090909,138.27272727272728,1998,2515,2523,2040,1671,2036
722,86,127.98,0.4663650570401625,28,108.08823529411765,138.0909090909091,138.36363636363637,2003,2518,2525,2041,1672,2039
723,80,128.13,0.46654569577772576,28,108.26470588235294,138.27272727272728,138.45454545454547,2008,2521,2527,2042,1673,2042
724,87,128.3,0.4667638347622759,28,108.44117647058823,138.4848484848485,138.57575757575756,2013,2524,2530,2043,1674,2046
725,88,128.47,0.4669907371370748,28,108.61764705882354,138.6969696969697,138.6969696969697,2018,2527,2533,2044,1675,2050
726,77,128.64,0.4672201492537314,28,108.79411764705883,138.9090909090909,138.8181818181818,2023,2530,2536,2045,1676,2054
727,79,128.8,0.46738975155279505,28,108.94117647058823,139.12121212121212,138.93939393939394,2027,2533,2538,2047,1677,2058
728,87,128.99,0.4675641522598651,28,109.1470588235294,139.33333333333334,139.0909090909091,2032,2536,2541,2049,1679,2062
729,71,129.18,0.46774423285338285,28,109.3529411764706,139.54545454545453,139.24242424242425,2037,2539,2544,2051,1681,2066
730,71,129.36,0.4679529993815708,28,109.55882352941177,139.75757575757575,139.36363636363637,2042,2542,2547,2052,1683,2070
731,74,129.51,0.4681514940931202,28,109.70588235294117,139.96969696969697,139.45454545454547,2046,2545,2549,2053,1684,2074
732,65,129.66,0.4683510720345519,28,109.8529411764706,140.1818181818182,139.54545454545453,2050,2548,2551,2054,1685,2078
733,67,129.82,0.46856416576798643,28,110.0,140.3939393939394,139.66666666666666,2054,2551,2554,2055,1686,2082
734,69,129.98,0.4687813509770734,28,110.1470588235294,140.6060606060606,139.78787878787878,2058,2554,2557,2056,1687,2086
735,63,130.13,0.469020979020979,28,110.29411764705883,140.75757575757575,139.93939393939394,2062,2556,2561,2057,1688,2089
736,65,130.29,0.469261647094942,28,110.44117647058823,140.9090909090909,140.12121212121212,2066,2558,2565,2059,1689,2092
737,73,130.45,0.4695032579532388,28,110.58823529411765,141.06060606060606,140.3030303030303,2070,2560,2569,2061,1690,2095
738,69,130.61,0.46974733940739605,28,110.73529411764706,141.21212121212122,140.4848484848485,2074,2562,2573,2063,1691,2098
739,68,130.77,0.46998776477785426,28,110.88235294117646,141.36363636363637,140.66666666666666,2078,2564,2578,2064,1692,2101
740,72,130.91,0.47016958215567944,28,111.02941176470588,141.4848484848485,140.8181818181818,2082,2566,2582,2065,1693,2103
741,60,131.06,0.4703723485426522,28,111.17647058823529,141.63636363636363,140.96969696969697,2086,2568,2586,2066,1694,2106
742,60,131.21,0.4705776998704367,28,111.32352941176471,141.78787878787878,141.12121212121212,2090,2570,2590,2067,1695,2109
743,70,131.35,0.47075675675675677,28,111.47058823529412,141.93939393939394,141.24242424242425,2094,2572,2593,2068,1696,2112
744,65,131.49,0.4709369533804852,28,111.61764705882354,142.0909090909091,141.36363636363637,2098,2574,2596,2069,1697,2115
745,64,131.62,0.47113356632730585,28,111.76470588235294,142.24242424242425,141.45454545454547,2102,2576,2599,2069,1698,2118
746,76,131.74,0.47132989221193256,28,111.91176470588235,142.36363636363637,141.54545454545453,2106,2578,2602,2069,1699,2120
747,73,131.86,0.4715258607614136,28,112.05882352941177,142.4848484848485,141.63636363636363,2110,2580,2605,2069,1700,2122
748,72,131.99,0.4717410409879536,28,112.23529411764706,142.6060606060606,141.72727272727272,2114,2582,2608,2069,1702,2124
749,86,132.12,0.4719573115349682,28,112.41176470588235,142.72727272727272,141.8181818181818,2118,2584,2611,2069,1704,2126
750,81,132.26,0.4722077725691819,28,112.58823529411765,142.87878787878788,141.9090909090909,2122,2587,2614,2069,1706,2128
751,84,132.41,0.4724273091156257,28,112.79411764705883,143.03030303030303,142.0,2126,2590,2617,2069,1709,2130
752,92,132.57,0.47264162329335446,28,113.0,143.21212121212122,142.0909090909091,2130,2593,2620,2069,1712,2133
753,91,132.73,0.47285692759737813,28,113.20588235294117,143.3939393939394,142.1818181818182,2134,2596,2623,2069,1715,2136
754,83,132.9,0.47306245297215954,28,113.44117647058823,143.57575757575756,142.27272727272728,2138,2599,2626,2069,1719,2139
755,96,133.07,0.4732674532201097,28,113.67647058823529,143.75757575757575,142.36363636363637,2142,2602,2629,2069,1723,2142
756,88,133.24,0.4734719303512459,28,113.91176470588235,143.93939393939394,142.45454545454547,2146,2605,2632,2069,1727,2145
757,83,133.41,0.4735664492916573,28,114.1470588235294,144.12121212121212,142.54545454545453,2150,2608,2635,2069,1731,2148
758,78,133.58,0.47366521934421324,28,114.38235294117646,144.3030303030303,142.63636363636363,2154,2611,2638,2069,1735,2151
759,73,133.75,0.473771214953271,28,114.61764705882354,144.4848484848485,142.72727272727272,2158,2614,2641,2069,1739,2154
760,68,133.92,0.47387843488649944,28,114.8529411764706,144.66666666666666,142.8181818181818,2162,2617,2644,2069,1743,2157
761,59,134.07,0.473972551652122,28,115.08823529411765,144.78787878787878,142.9090909090909,2166,2620,2647,2069,1747,2158
762,71,134.19,0.47402265444518965,28,115.26470588235294,144.87878787878788,143.0,2169,2622,2650,2069,1750,2159
763,71,134.34,0.4741253535804675,28,115.47058823529412,145.03030303030303,143.0909090909091,2173,2625,2653,2069,1753,2161
764,70,134.5,0.474257249070632,28,115.70588235294117,145.21212121212122,143.15151515151516,2178,2628,2655,2069,1756,2164
765,71,134.67,0.47438404989975497,28,115.94117647058823,145.3939393939394,143.24242424242425,2183,2631,2658,2069,1759,2167
766,69,134.81,0.4744536755433573,28,116.11764705882354,145.57575757575756,143.3030303030303,2186,2634,2660,2069,1762,2170
767,69,134.96,0.47455097806757557,28,116.29411764705883,145.75757575757575,143.3939393939394,2189,2637,2663,2069,1765,2173
768,81,135.11,0.47465102509066687,28,116.47058823529412,145.93939393939394,143.4848484848485,2192,2640,2666,2069,1768,2176
769,82,135.28,0.4747885866351272,28,116.67647058823529,146.15151515151516,143.57575757575756,2196,2643,2669,2069,1771,2180
770,80,135.45,0.474999630860096,28,116.88235294117646,146.36363636363637,143.66666666666666,2200,2646,2672,2069,1774,2184
771,67,135.61,0.4751987316569574,28,117.08823529411765,146.57575757575756,143.72727272727272,2204,2649,2674,2069,1777,2188
772,69,135.77,0.47539736318774395,28,117.29411764705883,146.78787878787878,143.78787878787878,2208,2652,2676,2069,1780,2192
773,66,135.92,0.4755650382577987,28,117.5,146.96969696969697,143.84848484848484,2212,2654,2678,2069,1783,2196
774,68,136.08,0.47566431510875956,28,117.73529411764706,147.15151515151516,143.9090909090909,2216,2656,2680,2069,1787,2200
775,68,136.23,0.4757446964692065,28,117.97058823529412,147.3030303030303,143.96969696969697,2220,2658,2682,2069,1791,2203
776,59,136.38,0.4758278339932541,28,118.20588235294117,147.45454545454547,144.03030303030303,2224,2660,2684,2069,1795,2206
777,49,136.51,0.4759878397187019,28,118.41176470588235,147.6060606060606,144.06060606060606,2228,2662,2685,2069,1798,2209
778,49,136.63,0.4761333528507648,28,118.58823529411765,147.75757575757575,144.0909090909091,2231,2664,2686,2069,1801,2212
779,48,136.73,0.4762546624734879,28,118.73529411764706,147.9090909090909,144.0909090909091,2234,2666,2686,2069,1803,2215
780,46,136.81,0.47636941744024563,28,118.88235294117646,148.0,144.0909090909091,2237,2668,2686,2069,1805,2216
781,53,136.89,0.4764840382789101,28,119.02941176470588,148.0909090909091,144.0909090909091,2240,2670,2686,2069,1807,2217
782,51,136.97,0.47660290574578373,28,119.17647058823529,148.1818181818182,144.0909090909091,2243,2672,2686,2069,1809,2218
783,46,137.05,0.47672163443998544,28,119.32352941176471,148.27272727272728,144.0909090909091,2246,2674,2686,2069,1811,2219
784,50,137.13,0.4768416830744549,28,119.47058823529412,148.36363636363637,144.0909090909091,2249,2676,2686,2069,1813,2220
785,48,137.21,0.4769630493404271,28,119.61764705882354,148.45454545454547,144.0909090909091,2252,2678,2686,2069,1815,2221
786,43,137.29,0.47708573093451817,28,119.76470588235294,148.54545454545453,144.0909090909091,2255,2680,2686,2069,1817,2222
787,44,137.37,0.47721263740263525,28,119.91176470588235,148.63636363636363,144.0909090909091,2258,2682,2686,2069,1819,2223
788,42,137.45,0.47733939614405235,28,120.05882352941177,148.72727272727272,144.0909090909091,2261,2684,2686,2069,1821,2224
789,43,137.53,0.47738166218279643,28,120.20588235294117,148.78787878787878,144.12121212121212,2264,2685,2686,2070,1823,2225
790,43,137.62,0.4774596715593664,28,120.3529411764706,148.87878787878788,144.15151515151516,2267,2687,2686,2071,1825,2226
791,37,137.71,0.4775375789702999,28,120.5,148.96969696969697,144.1818181818182,2270,2689,2686,2072,1827,2227
792,34,137.8,0.4776182873730043,28,120.6470588235294,149.06060606060606,144.21212121212122,2273,2691,2686,2073,1829,2228
793,35,137.88,0.477670438062083,28,120.79411764705883,149.12121212121212,144.24242424242425,2276,2692,2686,2074,1831,2229
794,35,137.97,0.47775675871566287,28,120.94117647058823,149.21212121212122,144.27272727272728,2279,2694,2686,2075,1833,2230
795,35,138.06,0.4778487614080834,28,121.08823529411765,149.3030303030303,144.3030303030303,2282,2696,2686,2076,1835,2231
796,38,138.15,0.4779363011219689,28,121.20588235294117,149.3939393939394,144.36363636363637,2284,2698,2687,2077,1837,2232
797,35,138.24,0.47800925925925924,28,121.32352941176471,149.45454545454547,144.45454545454547,2286,2699,2689,2078,1839,2233
798,37,138.34,0.4781176810756108,28,121.44117647058823,149.54545454545453,144.54545454545453,2288,2701,2691,2079,1841,2234
799,35,138.45,0.47812423257493675,28,121.55882352941177,149.66666666666666,144.63636363636363,2290,2703,2693,2080,1843,2236
800,34,138.55,0.4780996030313966,28,121.70588235294117,149.75757575757575,144.6969696969697,2293,2704,2694,2081,1845,2238
801,30,138.65,0.4780576992426975,28,121.8529411764706,149.8181818181818,144.78787878787878,2296,2704,2696,2082,1847,2240
802,21,138.74,0.47799336889145166,28,122.0,149.87878787878788,144.84848484848484,2299,2704,2697,2083,1849,2242
803,13,138.82,0.47791528598184696,28,122.11764705882354,149.93939393939394,144.9090909090909,2301,2704,2698,2084,1851,2244
804,9,138.89,0.4778695370437036,28,122.23529411764706,150.0,144.93939393939394,2303,2704,2699,2084,1853,2246
805,5,138.93,0.4777621823940114,28,122.29411764705883,150.06060606060606,144.93939393939394,2303,2704,2699,2084,1855,2248
806,3,138.95,0.47765311263044263,28,122.32352941176471,150.0909090909091,144.93939393939394,2303,2704,2699,2084,1856,2249
807,2,138.96,0.4776453655728268,28,122.3529411764706,150.0909090909091,144.93939393939394,2303,2704,2699,2084,1857,2249
808,1,138.97,0.477637619630136,28,122.38235294117646,150.0909090909091,144.93939393939394,2303,2704,2699,2084,1858,2249
809,0,138.98,0.47762987480212976,28,122.41176470588235,150.0909090909091,144.93939393939394,2303,2704,2699,2084,1859,2249
810,0,138.98,0.47762987480212976,28,122.41176470588235,150.0909090909091,144.93939393939394,2303,2704,2699,2084,1859,2249
811,0,138.98,0.47762987480212976,28,122.41176470588235,150.0909090909091,144.93939393939394,2303,2704,2699,2084,1859,2249
812,0,138.98,0.47762987480212976,28,122.41176470588235,150.0909090909091,144.93939393939394,2303,2704,2699,2084,1859,2249
813,0,138.98,0.47762987480212976,28,122.41176470588235,150.0909090909091,144.93939393939394,2303,2704,2699,2084,1859,2249
814,0,138.98,0.47762987480212976,28,122.41176470588235,150.0909090909091,144.93939393939394,2303,2704,2699,2084,1859,2249
815,0,138.98,0.47762987480212976,28,122.41176470588235,150.0909090909091,144.93939393939394,2303,2704,2699,2084,1859,2249
816,0,138.98,0.47762987480212976,28,122.41176470588235,150.0909090909091,144.93939393939394,2303,2704,2699,2084,1859,2249
817,0,138.98,0.47762987480212976,28,122.41176470588235,150.0909090909091,144.93939393939394,2303,2704,2699,2084,1859,2249
818,0,138.98,0.47762987480212976,28,122.41176470588235,150.0909090909091,144.93939393939394,2303,2704,2699,2084,1859,2249
819,0,138.98,0.47762987480212976,28,122.41176470588235,150.0909090909091,144.93939393939394,2303,2704,2699,2084,1859,2249
820,0,138.98,0.47762987480212976,28,122.41176470588235,150.0909090909091,144.93939393939394,2303,2704,2699,2084,1859,2249
821,0,138.98,0.47762987480212976,28,122.41176470588235,150.0909090909091,144.93939393939394,2303,2704,2699,2084,1859,2249
822,0,138.98,0.47762987480212976,28,122.41176470588235,150.0909090909091,144.93939393939394,2303,2704,2699,2084,1859,2249
823,0,138.98,0.47762987480212976,28,122.41176470588235,150.0909090909091,144.93939393939394,2303,2704,2699,2084,1859,2249
824,0,138.98,0.47762987480212976,28,122.41176470588235,150.0909090909091,144.93939393939394,2303,2704,2699,2084,1859,2249
825,0,138.98,0.47762987480212976,28,122.41176470588235,150.0909090909091,144.93939393939394,2303,2704,2699,2084,1859,2249
826,0,138.98,0.47762987480212976,28,122.41176470588235,150.0909090909091,144.93939393939394,2303,2704,2699,2084,1859,2249
827,0,138.98,0.47762987480212976,28,122.41176470588235,150.0909090909091,144.93939393939394,2303,2704,2699,2084,1859,2249
828,0,138.98,0.47762987480212976,28,122.41176470588235,150.0909090909091,144.93939393939394,2303,2704,2699,2084,1859,2249
829,0,138.98,0.47762987480212976,28,122.41176470588235,150.0909090909091,144.93939393939394,2303,2704,2699,2084,1859,2249
830,0,138.98,0.47762987480212976,28,122.41176470588235,150.0909090909091,144.93939393939394,2303,2704,2699,2084,1859,2249
831,0,138.98,0.47762987480212976,28,122.41176470588235,150.0909090909091,144.93939393939394,2303,2704,2699,2084,1859,2249
832,6,138.98,0.47762987480212976,28,122.41176470588235,150.0909090909091,144.93939393939394,2303,2704,2699,2084,1859,2249
833,10,139.0,0.4776589928057554,28,122.44117647058823,150.0909090909091,144.96969696969697,2304,2704,2700,2084,1859,2249
834,10,139.03,0.4777105660648781,28,122.47058823529412,150.12121212121212,145.0,2305,2705,2701,2084,1859,2249
835,10,139.06,0.4777621170717676,28,122.5,150.15151515151516,145.03030303030303,2306,2706,2702,2084,1859,2249
836,10,139.09,0.4778136458408225,28,122.52941176470588,150.1818181818182,145.06060606060606,2307,2707,2703,2084,1859,2249
837,10,139.12,0.477865152386429,28,122.55882352941177,150.21212121212122,145.0909090909091,2308,2708,2704,2084,1859,2249
838,10,139.15,0.4779166367229608,28,122.58823529411765,150.24242424242425,145.12121212121212,2309,2709,2705,2084,1859,2249
839,10,139.18,0.4779680988647794,28,122.61764705882354,150.27272727272728,145.15151515151516,2310,2710,2706,2084,1859,2249
840,10,139.21,0.4780195388262337,28,122.6470588235294,150.3030303030303,145.1818181818182,2311,2711,2707,2084,1859,2249
841,10,139.24,0.47807095662166044,28,122.67647058823529,150.33333333333334,145.21212121212122,2312,2712,2708,2084,1859,2249
842,10,139.27,0.47812235226538374,28,122.70588235294117,150.36363636363637,145.24242424242425,2313,2713,2709,2084,1859,2249
843,10,139.3,0.47817372577171574,28,122.73529411764706,150.3939393939394,145.27272727272728,2314,2714,2710,2084,1859,2249
844,10,139.33,0.4782250771549558,28,122.76470588235294,150.42424242424244,145.3030303030303,2315,2715,2711,2084,1859,2249
845,10,139.36,0.4782764064293915,28,122.79411764705883,150.45454545454547,145.33333333333334,2316,2716,2712,2084,1859,2249
846,10,139.39,0.4783277136092977,28,122.82352941176471,150.4848484848485,145.36363636363637,2317,2717,2713,2084,1859,2249
847,10,139.42,0.478378998708937,28,122.8529411764706,150.5151515151515,145.3939393939394,2318,2718,2714,2084,1859,2249
848,10,139.45,0.47843026174256004,28,122.88235294117646,150.54545454545453,145.42424242424244,2319,2719,2715,2084,1859,2249
849,10,139.48,0.47848150272440493,28,122.91176470588235,150.57575757575756,145.45454545454547,2320,2720,2716,2084,1859,2249
850,10,139.51,0.4785327216686976,28,122.94117647058823,150.6060606060606,145.4848484848485,2321,2721,2717,2084,1859,2249
851,10,139.54,0.4785839185896517,28,122.97058823529412,150.63636363636363,145.5151515151515,2322,2722,2718,2084,1859,2249
852,10,139.57,0.47863509350146877,28,123.0,150.66666666666666,145.54545454545453,2323,2723,2719,2084,1859,2249
853,10,139.6,0.4786862464183381,28,123.02941176470588,150.6969696969697,145.57575757575756,2324,2724,2720,2084,1859,2249
854,10,139.63,0.4787373773544368,28,123.05882352941177,150.72727272727272,145.6060606060606,2325,2725,2721,2084,1859,2249
855,10,139.66,0.4787884863239295,28,123.08823529411765,150.75757575757575,145.63636363636363,2326,2726,2722,2084,1859,2249
856,10,139.69,0.47883957334096927,28,123.11764705882354,150.78787878787878,145.66666666666666,2327,2727,2723,2084,1859,2249
857,10,139.72,0.47889063841969653,28,123.1470588235294,150.8181818181818,145.6969696969697,2328,2728,2724,2084,1859,2249
858,10,139.75,0.4789416815742397,28,123.17647058823529,150.84848484848484,145.72727272727272,2329,2729,2725,2084,1859,2249
859,10,139.78,0.47899270281871514,28,123.20588235294117,150.87878787878788,145.75757575757575,2330,2730,2726,2084,1859,2249
860,10,139.81,0.47904370216722697,28,123.23529411764706,150.9090909090909,145.78787878787878,2331,2731,2727,2084,1859,2249
861,10,139.84,0.47909467963386726,28,123.26470588235294,150.93939393939394,145.8181818181818,2332,2732,2728,2084,1859,2249
862,10,139.87,0.4791456352327161,28,123.29411764705883,150.96969696969697,145.84848484848484,2333,2733,2729,2084,1859,2249
863,10,139.9,0.4791965689778413,28,123.32352941176471,151.0,145.87878787878788,2334,2734,2730,2084,1859,2249
864,10,139.93,0.47924748088329877,28,123.3529411764706,151.03030303030303,145.9090909090909,2335,2735,2731,2084,1859,2249
865,10,139.96,0.47929979994284083,28,123.38235294117646,151.06060606060606,145.93939393939394,2336,2736,2732,2084,1859,2249
866,10,139.99,0.4793535252518037,28,123.41176470588235,151.0909090909091,145.96969696969697,2337,2737,2733,2084,1859,2249
867,10,140.02,0.4794086559062991,28,123.44117647058823,151.12121212121212,146.0,2338,2738,2734,2084,1859,2249
868,10,140.05,0.4794651910032131,28,123.47058823529412,151.15151515151516,146.03030303030303,2339,2739,2735,2084,1859,2249
869,10,140.08,0.47952170188463733,28,123.5,151.1818181818182,146.06060606060606,2340,2740,2736,2084,1859,2249
870,10,140.11,0.4795781885661266,28,123.52941176470588,151.21212121212122,146.0909090909091,2341,2741,2737,2084,1859,2249
871,10,140.14,0.47963465106322245,28,123.55882352941177,151.24242424242425,146.12121212121212,2342,2742,2738,2084,1859,2249
872,10,140.17,0.4796910893914532,28,123.58823529411765,151.27272727272728,146.15151515151516,2343,2743,2739,2084,1859,2249
873,10,140.2,0.4797475035663338,28,123.61764705882354,151.3030303030303,146.1818181818182,2344,2744,2740,2084,1859,2249
874,10,140.23,0.4798038936033659,28,123.6470588235294,151.33333333333334,146.21212121212122,2345,2745,2741,2084,1859,2249
875,10,140.26,0.47986025951803796,28,123.67647058823529,151.36363636363637,146.24242424242425,2346,2746,2742,2084,1859,2249
876,10,140.29,0.4799166013258251,28,123.70588235294117,151.3939393939394,146.27272727272728,2347,2747,2743,2084,1859,2249
877,10,140.32,0.47997291904218925,28,123.73529411764706,151.42424242424244,146.3030303030303,2348,2748,2744,2084,1859,2249
878,10,140.35,0.4800292126825793,28,123.76470588235294,151.45454545454547,146.33333333333334,2349,2749,2745,2084,1859,2249
879,10,140.38,0.4800854822624306,28,123.79411764705883,151.4848484848485,146.36363636363637,2350,2750,2746,2084,1859,2249
880,10,140.41,0.48014172779716546,28,123.82352941176471,151.5151515151515,146.3939393939394,2351,2751,2747,2084,1859,2249
881,10,140.44,0.4801979493021931,28,123.8529411764706,151.54545454545453,146.42424242424244,2352,2752,2748,2084,1859,2249
882,10,140.47,0.48025414679290956,28,123.88235294117646,151.57575757575756,146.45454545454547,2353,2753,2749,2084,1859,2249
883,10,140.5,0.4803103202846975,28,123.91176470588235,151.6060606060606,146.4848484848485,2354,2754,2750,2084,1859,2249
884,10,140.53,0.48036646979292674,28,123.94117647058823,151.63636363636363,146.5151515151515,2355,2755,2751,2084,1859,2249
885,10,140.56,0.48042259533295395,28,123.97058823529412,151.66666666666666,146.54545454545453,2356,2756,2752,2084,1859,2249
886,10,140.59,0.48047869692012235,28,124.0,151.6969696969697,146.57575757575756,2357,2757,2753,2084,1859,2249
887,10,140.62,0.48053477456976246,28,124.02941176470588,151.72727272727272,146.6060606060606,2358,2758,2754,2084,1859,2249
888,10,140.65,0.4805908282971916,28,124.05882352941177,151.75757575757575,146.63636363636363,2359,2759,2755,2084,1859,2249
889,10,140.68,0.48064685811771396,28,124.08823529411765,151.78787878787878,146.66666666666666,2360,2760,2756,2084,1859,2249
890,10,140.71,0.4807028640466207,28,124.11764705882354,151.8181818181818,146.6969696969697,2361,2761,2757,2084,1859,2249
891,10,140.74,0.48075884609919,28,124.1470588235294,151.84848484848484,146.72727272727272,2362,2762,2758,2084,1859,2249
892,10,140.77,0.4808148042906869,28,124.17647058823529,151.87878787878788,146.75757575757575,2363,2763,2759,2084,1859,2249
893,13,140.8,0.480859375,28,124.17647058823529,151.93939393939394,146.78787878787878,2363,2764,2760,2084,1859,2250
894,9,140.84,0.48092161317807436,28,124.20588235294117,152.0,146.8181818181818,2364,2765,2761,2084,1859,2251
895,5,140.88,0.4809838160136286,28,124.23529411764706,152.06060606060606,146.84848484848484,2365,2766,2762,2084,1859,2252
896,9,140.9,0.4810078069552874,28,124.26470588235294,152.0909090909091,146.84848484848484,2366,2766,2762,2084,1859,2253
897,12,140.93,0.48105371461009017,28,124.26470588235294,152.15151515151516,146.87878787878788,2366,2767,2763,2084,1859,2254
898,9,140.96,0.48110102156640183,28,124.26470588235294,152.21212121212122,146.9090909090909,2366,2768,2764,2084,1859,2255
899,12,140.99,0.48114830839066597,28,124.26470588235294,152.27272727272728,146.93939393939394,2366,2769,2765,2084,1859,2256
900,11,141.03,0.4812117989080338,28,124.29411764705883,152.33333333333334,146.96969696969697,2367,2770,2766,2084,1859,2257
901,7,141.07,0.4812752534202878,28,124.32352941176471,152.3939393939394,147.0,2368,2771,2767,2084,1859,2258
902,3,141.11,0.4813386719580469,28,124.3529411764706,152.45454545454547,147.03030303030303,2369,2772,2768,2084,1859,2259
903,1,141.13,0.48136399064692126,28,124.3529411764706,152.4848484848485,147.06060606060606,2369,2772,2769,2084,1859,2260
904,0,141.14,0.48137310471871897,28,124.3529411764706,152.5151515151515,147.06060606060606,2369,2772,2769,2084,1859,2261
905,0,141.14,0.48137310471871897,28,124.3529411764706,152.5151515151515,147.06060606060606,2369,2772,2769,2084,1859,2261
906,0,141.14,0.48137310471871897,28,124.3529411764706,152.5151515151515,147.06060606060606,2369,2772,2769,2084,1859,2261
907,0,141.14,0.48137310471871897,28,124.3529411764706,152.5151515151515,147.06060606060606,2369,2772,2769,2084,1859,2261
908,0,141.14,0.48137310471871897,28,124.3529411764706,152.5151515151515,147.06060606060606,2369,2772,2769,2084,1859,2261
909,0,141.14,0.48137310471871897,28,124.3529411764706,152.5151515151515,147.06060606060606,2369,2772,2769,2084,1859,2261
910,0,141.14,0.48137310471871897,28,124.3529411764706,152.5151515151515,147.06060606060606,2369,2772,2769,2084,1859,2261
911,0,141.14,0.48137310471871897,28,124.3529411764706,152.5151515151515,147.06060606060606,2369,2772,2769,2084,1859,2261
912,0,141.14,0.48137310471871897,28,124.3529411764706,152.5151515151515,147.06060606060606,2369,2772,2769,2084,1859,2261
913,0,141.14,0.48137310471871897,28,124.3529411764706,152.5151515151515,147.06060606060606,2369,2772,2769,2084,1859,2261
914,0,141.14,0.48137310471871897,28,124.3529411764706,152.5151515151515,147.06060606060606,2369,2772,2769,2084,1859,2261
915,0,141.14,0.48137310471871897,28,124.3529411764706,152.5151515151515,147.06060606060606,2369,2772,2769,2084,1859,2261
916,0,141.14,0.48137310471871897,28,124.3529411764706,152.5151515151515,147.06060606060606,2369,2772,2769,2084,1859,2261
917,0,141.14,0.48137310471871897,28,124.3529411764706,152.5151515151515,147.06060606060606,2369,2772,2769,2084,1859,2261
918,0,141.14,0.48137310471871897,28,124.3529411764706,152.5151515151515,147.06060606060606,2369,2772,2769,2084,1859,2261
919,0,141.14,0.48137310471871897,28,124.3529411764706,152.5151515151515,147.06060606060606,2369,2772,2769,2084,1859,2261
920,0,141.14,0.48137310471871897,28,124.3529411764706,152.5151515151515,147.06060606060606,2369,2772,2769,2084,1859,2261
921,3,141.14,0.48137310471871897,28,124.3529411764706,152.5151515151515,147.06060606060606,2369,2772,2769,2084,1859,2261
922,2,141.15,0.4813326248671626,28,124.38235294117646,152.5151515151515,147.06060606060606,2369,2772,2769,2084,1860,2261
923,1,141.16,0.48129356758288466,28,124.41176470588235,152.5151515151515,147.06060606060606,2369,2772,2769,2084,1861,2261
924,0,141.17,0.48125734929517605,28,124.44117647058823,152.5151515151515,147.06060606060606,2369,2772,2769,2084,1862,2261
925,0,141.17,0.48125734929517605,28,124.44117647058823,152.5151515151515,147.06060606060606,2369,2772,2769,2084,1862,2261
926,0,141.17,0.48125734929517605,28,124.44117647058823,152.5151515151515,147.06060606060606,2369,2772,2769,2084,1862,2261
927,0,141.17,0.48125734929517605,28,124.44117647058823,152.5151515151515,147.06060606060606,2369,2772,2769,2084,1862,2261
928,0,141.17,0.48125734929517605,28,124.44117647058823,152.5151515151515,147.06060606060606,2369,2772,2769,2084,1862,2261
929,0,141.17,0.48125734929517605,28,124.44117647058823,152.5151515151515,147.06060606060606,2369,2772,2769,2084,1862,2261
930,0,141.17,0.48125734929517605,28,124.44117647058823,152.5151515151515,147.06060606060606,2369,2772,2769,2084,1862,2261
931,0,141.17,0.48125734929517605,28,124.44117647058823,152.5151515151515,147.06060606060606,2369,2772,2769,2084,1862,2261
932,0,141.17,0.48125734929517605,28,124.44117647058823,152.5151515151515,147.06060606060606,2369,2772,2769,2084,1862,2261
933,0,141.17,0.48125734929517605,28,124.44117647058823,152.5151515151515,147.06060606060606,2369,2772,2769,2084,1862,2261
934,0,141.17,0.48125734929517605,28,124.44117647058823,152.5151515151515,147.06060606060606,2369,2772,2769,2084,1862,2261
935,0,141.17,0.48125734929517605,28,124.44117647058823,152.5151515151515,147.06060606060606,2369,2772,2769,2084,1862,2261
936,0,141.17,0.48125734929517605,28,124.44117647058823,152.5151515151515,147.06060606060606,2369,2772,2769,2084,1862,2261
937,0,141.17,0.48125734929517605,28,124.44117647058823,152.5151515151515,147.06060606060606,2369,2772,2769,2084,1862,2261
938,0,141.17,0.48125734929517605,28,124.44117647058823,152.5151515151515,147.06060606060606,2369,2772,2769,2084,1862,2261
939,0,141.17,0.48125734929517605,28,124.44117647058823,152.5151515151515,147.06060606060606,2369,2772,2769,2084,1862,2261
940,0,141.17,0.48125734929517605,28,124.44117647058823,152.5151515151515,147.06060606060606,2369,2772,2769,2084,1862,2261
941,0,141.17,0.48125734929517605,28,124.44117647058823,152.5151515151515,147.06060606060606,2369,2772,2769,2084,1862,2261
942,0,141.17,0.48125734929517605,28,124.44117647058823,152.5151515151515,147.06060606060606,2369,2772,2769,2084,1862,2261
943,0,141.17,0.48125734929517605,28,124.44117647058823,152.5151515151515,147.06060606060606,2369,2772,2769,2084,1862,2261
944,0,141.17,0.48125734929517605,28,124.44117647058823,152.5151515151515,147.06060606060606,2369,2772,2769,2084,1862,2261
945,0,141.17,0.48125734929517605,28,124.44117647058823,152.5151515151515,147.06060606060606,2369,2772,2769,2084,1862,2261
946,0,141.17,0.48125734929517605,28,124.44117647058823,152.5151515151515,147.06060606060606,2369,2772,2769,2084,1862,2261
947,0,141.17,0.48125734929517605,28,124.44117647058823,152.5151515151515,147.06060606060606,2369,2772,2769,2084,1862,2261
948,0,141.17,0.48125734929517605,28,124.44117647058823,152.5151515151515,147.06060606060606,2369,2772,2769,2084,1862,2261
949,0,141.17,0.48125734929517605,28,124.44117647058823,152.5151515151515,147.06060606060606,2369,2772,2769,2084,1862,2261
950,0,141.17,0.48125734929517605,28,124.44117647058823,152.5151515151515,147.06060606060606,2369,2772,2769,2084,1862,2261
951,0,141.17,0.48125734929517605,28,124.44117647058823,152.5151515151515,147.06060606060606,2369,2772,2769,2084,1862,2261
952,0,141.17,0.48125734929517605,28,124.44117647058823,152.5151515151515,147.06060606060606,2369,2772,2769,2084,1862,2261
953,0,141.17,0.48125734929517605,28,124.44117647058823,152.5151515151515,147.06060606060606,2369,2772,2769,2084,1862,2261
954,0,141.17,0.48125734929517605,28,124.44117647058823,152.5151515151515,147.06060606060606,2369,2772,2769,2084,1862,2261
955,0,141.17,0.48125734929517605,28,124.44117647058823,152.5151515151515,147.06060606060606,2369,2772,2769,2084,1862,2261
956,0,141.17,0.48125734929517605,28,124.44117647058823,152.5151515151515,147.06060606060606,2369,2772,2769,2084,1862,2261
957,0,141.17,0.48125734929517605,28,124.44117647058823,152.5151515151515,147.06060606060606,2369,2772,2769,2084,1862,2261
958,0,141.17,0.48125734929517605,28,124.44117647058823,152.5151515151515,147.06060606060606,2369,2772,2769,2084,1862,2261
959,0,141.17,0.48125734929517605,28,124.44117647058823,152.5151515151515,147.06060606060606,2369,2772,2769,2084,1862,2261
960,0,141.17,0.48125734929517605,28,124.44117647058823,152.5151515151515,147.06060606060606,2369,2772,2769,2084,1862,2261
961,3,141.17,0.48125734929517605,28,124.44117647058823,152.5151515151515,147.06060606060606,2369,2772,2769,2084,1862,2261
962,5,141.18,0.48129338433205837,28,124.44117647058823,152.5151515151515,147.0909090909091,2369,2772,2770,2084,1862,2261
963,9,141.2,0.48135410764872527,28,124.44117647058823,152.5151515151515,147.15151515151516,2369,2772,2772,2084,1862,2261
964,9,141.23,0.4814409119875381,28,124.44117647058823,152.54545454545453,147.21212121212122,2369,2773,2774,2084,1862,2261
965,9,141.26,0.4815276794563217,28,124.44117647058823,152.57575757575756,147.27272727272728,2369,2774,2776,2084,1862,2261
966,9,141.29,0.4816144100785618,28,124.44117647058823,152.6060606060606,147.33333333333334,2369,2775,2778,2084,1862,2261
967,9,141.32,0.4817011038777243,28,124.44117647058823,152.63636363636363,147.3939393939394,2369,2776,2780,2084,1862,2261
968,9,141.35,0.481787760877255,28,124.44117647058823,152.66666666666666,147.45454545454547,2369,2777,2782,2084,1862,2261
969,9,141.38,0.48187579572782574,28,124.44117647058823,152.6969696969697,147.5151515151515,2369,2778,2784,2084,1862,2261
970,15,141.41,0.481963793225373,28,124.44117647058823,152.72727272727272,147.57575757575756,2369,2779,2786,2084,1862,2261
971,23,141.45,0.48202969247083777,28,124.44117647058823,152.75757575757575,147.66666666666666,2369,2780,2789,2084,1862,2261
972,30,141.5,0.4819957597173145,28,124.44117647058823,152.8181818181818,147.75757575757575,2369,2781,2792,2084,1862,2262
973,25,141.55,0.48196185093606503,28,124.44117647058823,152.87878787878788,147.84848484848484,2369,2782,2795,2084,1862,2263
974,23,141.6,0.48192796610169497,28,124.44117647058823,152.93939393939394,147.93939393939394,2369,2783,2798,2084,1862,2264
975,21,141.65,0.48189410518884573,28,124.44117647058823,153.0,148.03030303030303,2369,2784,2801,2084,1862,2265
976,19,141.7,0.48186167960479886,28,124.44117647058823,153.06060606060606,148.12121212121212,2369,2785,2804,2084,1862,2266
977,20,141.75,0.48182927689594357,28,124.44117647058823,153.12121212121212,148.21212121212122,2369,2786,2807,2084,1862,2267
978,21,141.8,0.48180112834978844,28,124.44117647058823,153.1818181818182,148.3030303030303,2369,2787,2810,2084,1862,2268
979,28,141.85,0.48177440958759254,28,124.44117647058823,153.24242424242425,148.3939393939394,2369,2788,2813,2084,1862,2269
980,32,141.9,0.4817477096546864,28,124.44117647058823,153.3030303030303,148.4848484848485,2369,2789,2816,2084,1862,2270
981,30,141.95,0.48172102853117293,28,124.44117647058823,153.36363636363637,148.57575757575756,2369,2790,2819,2084,1862,2271
982,28,142.0,0.4816943661971831,28,124.44117647058823,153.42424242424244,148.66666666666666,2369,2791,2822,2084,1862,2272
983,23,142.05,0.48166772263287577,28,124.44117647058823,153.4848484848485,148.75757575757575,2369,2792,2825,2084,1862,2273
984,21,142.1,0.4816425052779733,28,124.44117647058823,153.54545454545453,148.84848484848484,2369,2793,2828,2084,1862,2274
985,22,142.15,0.48161871262750616,28,124.44117647058823,153.6060606060606,148.93939393939394,2369,2794,2831,2084,1862,2275
986,23,142.2,0.4815949367088608,28,124.44117647058823,153.66666666666666,149.03030303030303,2369,2795,2834,2084,1862,2276
987,18,142.25,0.4815711775043937,28,124.44117647058823,153.72727272727272,149.12121212121212,2369,2796,2837,2084,1862,2277
988,16,142.3,0.48154743499648633,28,124.44117647058823,153.78787878787878,149.21212121212122,2369,2797,2840,2084,1862,2278
989,11,142.35,0.4815237091675448,28,124.44117647058823,153.84848484848484,149.3030303030303,2369,2798,2843,2084,1862,2279
990,10,142.39,0.48146569281550666,28,124.44117647058823,153.9090909090909,149.36363636363637,2369,2799,2845,2084,1862,2280
991,12,142.43,0.48140770905005964,28,124.44117647058823,153.96969696969697,149.42424242424244,2369,2800,2847,2084,1862,2281
992,9,142.46,0.48131966867892745,28,124.44117647058823,154.0,149.4848484848485,2369,2800,2849,2084,1862,2282
993,9,142.49,0.4812330689872974,28,124.44117647058823,154.03030303030303,149.54545454545453,2369,2800,2851,2084,1862,2283
994,9,142.52,0.4811914117316868,28,124.47058823529412,154.06060606060606,149.57575757575756,2370,2800,2852,2084,1862,2284
995,5,142.56,0.48113355780022443,28,124.5,154.0909090909091,149.63636363636363,2371,2800,2854,2084,1862,2285
996,2,142.59,0.48104986324426674,28,124.52941176470588,154.12121212121212,149.66666666666666,2372,2800,2855,2084,1862,2286
997,0,142.61,0.48093611948671205,28,124.52941176470588,154.15151515151516,149.6969696969697,2372,2800,2856,2084,1862,2287
998,0,142.61,0.48093611948671205,28,124.52941176470588,154.15151515151516,149.6969696969697,2372,2800,2856,2084,1862,2287
999,0,142.61,0.48093611948671205,28,124.52941176470588,154.15151515151516,149.6969696969697,2372,2800,2856,2084,1862,2287
1000,0,142.61,0.48093611948671205,28,124.52941176470588,154.15151515151516,149.6969696969697,2372,2800,2856,2084,1862,2287
