,TotalSugar,AvgSugarLevel,SugarGini,NumCooperators,RiskAverseAvgSugar,NeutralAvgSugar,RiskSeekingAvgSugar,RiskAverseCoopSugar,NeutralCoopSugar,RiskSeekingCoopSugar,RiskSeekingNonCoopSugar,RiskAverseNonCoopSugar,NeutralNonCoopSugar
0,4622,0.0,0.0,28,0.0,0.0,0.0,0,0,0,0,0,0
1,4537,0.85,0.15,28,0.8823529411764706,0.7575757575757576,0.9090909090909091,7,5,8,22,23,20
2,4452,1.7,0.15,28,1.7647058823529411,1.5151515151515151,1.8181818181818181,14,10,16,44,46,40
3,4365,2.57,0.14322957198443576,28,2.676470588235294,2.303030303030303,2.727272727272727,22,15,24,66,69,61
4,4278,3.44,0.13988372093023257,28,3.588235294117647,3.090909090909091,3.6363636363636362,30,20,32,88,92,82
5,4191,4.31,0.13788863109048718,28,4.5,3.878787878787879,4.545454545454546,38,25,40,110,115,103
6,4104,5.18,0.13656370656370653,28,5.411764705882353,4.666666666666667,5.454545454545454,46,30,48,132,138,124
7,4017,6.05,0.13561983471074385,28,6.323529411764706,5.454545454545454,6.363636363636363,54,35,56,154,161,145
8,3930,6.92,0.1349132947976878,28,7.235294117647059,6.242424242424242,7.2727272727272725,62,40,64,176,184,166
9,3843,7.79,0.13436456996148904,28,8.147058823529411,7.03030303030303,8.181818181818182,70,45,72,198,207,187
10,3757,8.65,0.13492485549132952,28,9.029411764705882,7.818181818181818,9.090909090909092,77,50,80,220,230,208
11,3669,9.53,0.13354669464847846,28,9.941176470588236,8.636363636363637,10.0,85,56,88,242,253,229
12,3581,10.41,0.13240153698366952,28,10.852941176470589,9.454545454545455,10.909090909090908,93,62,96,264,276,250
13,3494,11.28,0.13219858156028366,28,11.735294117647058,10.272727272727273,11.818181818181818,100,68,104,286,299,271
14,3407,12.15,0.13202469135802475,28,12.617647058823529,11.090909090909092,12.727272727272727,107,74,112,308,322,292
15,3320,13.02,0.13187403993855612,28,13.5,11.909090909090908,13.636363636363637,114,80,120,330,345,313
16,3236,13.89,0.13171346292296618,28,14.411764705882353,12.727272727272727,14.515151515151516,122,86,128,351,368,334
17,3150,14.75,0.13208813559322038,28,15.264705882352942,13.545454545454545,15.424242424242424,129,92,136,373,390,355
18,3064,15.61,0.1324471492632928,28,16.11764705882353,14.363636363636363,16.333333333333332,136,98,144,395,412,376
19,2975,16.5,0.13123636363636365,28,17.058823529411764,15.181818181818182,17.242424242424242,144,104,152,417,436,397
20,2887,17.38,0.1306674338319908,28,17.970588235294116,16.0,18.151515151515152,152,110,160,439,459,418
21,2799,18.26,0.13015334063526837,28,18.88235294117647,16.818181818181817,19.060606060606062,160,116,168,461,482,439
22,2712,19.13,0.13009409304756928,28,19.794117647058822,17.636363636363637,19.939393939393938,168,122,176,482,505,460
23,2623,20.02,0.12920079920079913,28,20.735294117647058,18.454545454545453,20.848484848484848,176,128,184,504,529,481
24,2535,20.9,0.1288133971291866,28,21.647058823529413,19.272727272727273,21.757575757575758,184,134,192,526,552,502
25,2448,21.77,0.12880569591180518,28,22.558823529411764,20.09090909090909,22.636363636363637,192,140,199,548,575,523
26,2360,22.65,0.12846357615894036,28,23.470588235294116,20.90909090909091,23.545454545454547,200,146,207,570,598,544
27,2273,23.52,0.12846088435374156,28,24.38235294117647,21.696969696969695,24.454545454545453,208,152,215,592,621,564
28,2184,24.41,0.12777959852519458,28,25.323529411764707,22.515151515151516,25.363636363636363,217,158,223,614,644,585
29,2097,25.28,0.12777689873417727,28,26.264705882352942,23.303030303030305,26.242424242424242,226,164,231,635,667,605
30,2009,26.16,0.12748470948012225,28,27.205882352941178,24.09090909090909,27.151515151515152,235,170,239,657,690,625
31,1921,27.04,0.12721893491124261,28,28.147058823529413,24.90909090909091,28.03030303030303,244,176,247,678,713,646
32,1833,27.92,0.12696991404011457,28,29.08823529411765,25.727272727272727,28.90909090909091,253,182,255,699,736,667
33,1752,28.79,0.1269850642584231,28,30.029411764705884,26.545454545454547,29.757575757575758,262,188,263,719,759,688
34,1668,29.69,0.12612664196699228,28,31.0,27.393939393939394,30.636363636363637,272,195,271,740,782,709
35,1582,30.58,0.1254480052321779,28,31.970588235294116,28.242424242424242,31.484848484848484,282,203,279,760,805,729
36,1499,31.47,0.12482681919288212,28,32.94117647058823,29.09090909090909,32.333333333333336,292,211,286,781,828,749
37,1418,32.34,0.12471861471861473,28,33.88235294117647,29.90909090909091,33.18181818181818,302,218,293,802,850,769
38,1340,33.18,0.12520192887281495,28,34.76470588235294,30.757575757575758,33.96969696969697,310,226,300,821,872,789
39,1259,34.02,0.1255144032921811,28,35.6764705882353,31.545454545454547,34.78787878787879,319,234,307,841,894,807
40,1180,34.87,0.1256925724118153,28,36.55882352941177,32.36363636363637,35.63636363636363,328,242,315,861,915,826
41,1102,35.68,0.12644618834080718,28,37.411764705882355,33.15151515151515,36.42424242424242,337,249,323,879,935,845
42,1028,36.45,0.1276351165980796,28,38.26470588235294,33.90909090909091,37.121212121212125,346,255,329,896,955,864
43,954,37.22,0.1289736700698549,28,39.11764705882353,34.60606060606061,37.878787878787875,355,260,336,914,975,882
44,886,37.93,0.13077511204851036,28,39.85294117647059,35.303030303030305,38.57575757575758,363,265,344,929,992,900
45,817,38.62,0.1329829104091145,28,40.55882352941177,35.96969696969697,39.27272727272727,371,270,352,944,1008,917
46,755,39.27,0.1355411255411255,28,41.294117647058826,36.60606060606061,39.84848484848485,379,274,360,955,1025,934
47,693,39.92,0.13815130260521044,28,41.970588235294116,37.27272727272727,40.45454545454545,387,279,367,968,1040,951
48,631,40.57,0.14045600197190042,28,42.64705882352941,37.90909090909091,41.09090909090909,395,285,372,984,1055,966
49,572,41.19,0.14281864530225788,28,43.3235294117647,38.54545454545455,41.63636363636363,403,291,376,998,1070,981
50,520,41.77,0.14497725640411774,28,44.0,39.03030303030303,42.21212121212121,411,295,381,1012,1085,993
51,464,42.36,0.1472426817752597,28,44.6764705882353,39.60606060606061,42.72727272727273,419,300,386,1024,1100,1007
52,419,42.87,0.14946349428504788,28,45.3235294117647,40.09090909090909,43.121212121212125,427,303,389,1034,1114,1020
53,373,43.36,0.1521309963099631,28,45.911764705882355,40.54545454545455,43.54545454545455,435,305,394,1043,1126,1033
54,331,43.81,0.15473864414517238,28,46.44117647058823,40.90909090909091,44.0,442,307,399,1053,1137,1043
55,294,44.21,0.15645102917891876,28,46.88235294117647,41.21212121212121,44.45454545454545,449,309,403,1064,1145,1051
56,264,44.54,0.1583385720700494,28,47.3235294117647,41.42424242424242,44.78787878787879,456,311,406,1072,1153,1056
57,231,44.9,0.16051224944320708,28,47.794117647058826,41.666666666666664,45.15151515151515,462,313,409,1081,1163,1062
58,203,45.21,0.16235567352355673,28,48.14705882352941,41.90909090909091,45.484848484848484,467,316,412,1089,1170,1067
59,171,45.56,0.16394205443371376,28,48.55882352941177,42.18181818181818,45.84848484848485,472,320,415,1098,1179,1072
60,144,45.83,0.16543966833951557,28,48.8235294117647,42.42424242424242,46.15151515151515,477,323,419,1104,1183,1077
61,123,46.07,0.16610592576513994,28,49.05882352941177,42.57575757575758,46.484848484848484,482,325,423,1111,1186,1080
62,104,46.29,0.16699719161806,28,49.294117647058826,42.81818181818182,46.666666666666664,486,327,426,1114,1190,1086
63,86,46.47,0.16767161609640624,28,49.470588235294116,42.96969696969697,46.878787878787875,489,329,429,1118,1193,1089
64,86,46.59,0.16809830435715825,28,49.61764705882353,43.03030303030303,47.03030303030303,492,330,431,1121,1195,1090
65,76,46.72,0.16822773972602748,28,49.6764705882353,43.15151515151515,47.24242424242424,493,332,435,1124,1196,1092
66,66,46.85,0.16824119530416226,28,49.73529411764706,43.27272727272727,47.45454545454545,494,335,439,1127,1197,1093
67,55,46.99,0.16840391572675031,28,49.8235294117647,43.39393939393939,47.666666666666664,496,337,443,1130,1198,1095
68,44,47.13,0.16884998939104606,28,49.911764705882355,43.515151515151516,47.878787878787875,498,338,447,1133,1199,1098
69,42,47.18,0.1695379398050021,28,49.94117647058823,43.54545454545455,47.96969696969697,499,338,450,1133,1199,1099
70,41,47.25,0.1703470899470899,28,50.0,43.57575757575758,48.09090909090909,500,338,452,1135,1200,1100
71,32,47.34,0.17142374313476977,28,50.05882352941177,43.666666666666664,48.21212121212121,502,338,455,1136,1200,1103
72,28,47.38,0.17201350780920222,28,50.11764705882353,43.666666666666664,48.27272727272727,504,338,456,1137,1200,1103
73,25,47.41,0.17245095971314073,28,50.14705882352941,43.666666666666664,48.333333333333336,505,338,457,1138,1200,1103
74,23,47.43,0.17272823107737723,28,50.1764705882353,43.666666666666664,48.36363636363637,506,338,457,1139,1200,1103
75,20,47.46,0.17309734513274336,28,50.23529411764706,43.666666666666664,48.39393939393939,507,338,457,1140,1201,1103
76,17,47.49,0.1732806906717204,28,50.294117647058826,43.666666666666664,48.42424242424242,508,338,457,1141,1202,1103
77,17,47.49,0.1732806906717204,28,50.294117647058826,43.666666666666664,48.42424242424242,508,338,457,1141,1202,1103
78,16,47.5,0.17318736842105267,28,50.294117647058826,43.666666666666664,48.45454545454545,508,338,457,1142,1202,1103
79,16,47.5,0.17318736842105267,28,50.294117647058826,43.666666666666664,48.45454545454545,508,338,457,1142,1202,1103
80,15,47.51,0.17334666386023997,28,50.3235294117647,43.666666666666664,48.45454545454545,509,338,457,1142,1202,1103
81,12,47.54,0.17340344972654606,28,50.38235294117647,43.666666666666664,48.484848484848484,510,338,457,1143,1203,1103
82,10,47.56,0.1736837678721615,28,50.411764705882355,43.666666666666664,48.515151515151516,511,338,458,1143,1203,1103
83,8,47.58,0.17397646069777223,28,50.44117647058823,43.666666666666664,48.54545454545455,512,338,459,1143,1203,1103
84,7,47.59,0.174143727673881,28,50.470588235294116,43.666666666666664,48.54545454545455,513,338,459,1143,1203,1103
85,6,47.6,0.17431092436974793,28,50.5,43.666666666666664,48.54545454545455,514,338,459,1143,1203,1103
86,4,47.62,0.17462410751784957,28,50.529411764705884,43.666666666666664,48.57575757575758,515,338,459,1144,1203,1103
87,6,47.63,0.1747952970816712,28,50.55882352941177,43.666666666666664,48.57575757575758,516,338,459,1144,1203,1103
88,7,47.65,0.17472193074501574,28,50.588235294117645,43.666666666666664,48.60606060606061,516,338,460,1144,1204,1103
89,8,47.67,0.1750430039857352,28,50.588235294117645,43.666666666666664,48.666666666666664,516,338,462,1144,1204,1103
90,8,47.7,0.1755262054507338,28,50.61764705882353,43.666666666666664,48.72727272727273,517,338,464,1144,1204,1103
91,11,47.73,0.17600460926042316,28,50.64705882352941,43.666666666666664,48.78787878787879,518,338,465,1145,1204,1103
92,8,47.76,0.17648659966499167,28,50.6764705882353,43.666666666666664,48.84848484848485,519,338,466,1146,1204,1103
93,6,47.78,0.17679782335705313,28,50.705882352941174,43.666666666666664,48.878787878787875,520,338,466,1147,1204,1103
94,4,47.8,0.17711715481171553,28,50.73529411764706,43.666666666666664,48.90909090909091,521,338,466,1148,1204,1103
95,3,47.81,0.17727462873875752,28,50.73529411764706,43.666666666666664,48.93939393939394,521,338,466,1149,1204,1103
96,1,47.83,0.1773719422956303,28,50.73529411764706,43.666666666666664,49.0,521,338,466,1151,1204,1103
97,1,47.83,0.1773719422956303,28,50.73529411764706,43.666666666666664,49.0,521,338,466,1151,1204,1103
98,1,47.83,0.1773719422956303,28,50.73529411764706,43.666666666666664,49.0,521,338,466,1151,1204,1103
99,1,47.83,0.1773719422956303,28,50.73529411764706,43.666666666666664,49.0,521,338,466,1151,1204,1103
100,7,47.83,0.1773719422956303,28,50.73529411764706,43.666666666666664,49.0,521,338,466,1151,1204,1103
101,5,47.85,0.17750261233019857,28,50.73529411764706,43.666666666666664,49.06060606060606,521,338,467,1152,1204,1103
102,3,47.87,0.17765406308752874,28,50.73529411764706,43.666666666666664,49.121212121212125,521,338,468,1153,1204,1103
103,1,47.89,0.17782626853205258,28,50.73529411764706,43.666666666666664,49.18181818181818,521,338,469,1154,1204,1103
104,1,47.89,0.17782626853205258,28,50.73529411764706,43.666666666666664,49.18181818181818,521,338,469,1154,1204,1103
105,1,47.89,0.17782626853205258,28,50.73529411764706,43.666666666666664,49.18181818181818,521,338,469,1154,1204,1103
106,1,47.89,0.17782626853205258,28,50.73529411764706,43.666666666666664,49.18181818181818,521,338,469,1154,1204,1103
107,1,47.89,0.17782626853205258,28,50.73529411764706,43.666666666666664,49.18181818181818,521,338,469,1154,1204,1103
108,1,47.89,0.17782626853205258,28,50.73529411764706,43.666666666666664,49.18181818181818,521,338,469,1154,1204,1103
109,1,47.89,0.17782626853205258,28,50.73529411764706,43.666666666666664,49.18181818181818,521,338,469,1154,1204,1103
110,1,47.89,0.17782626853205258,28,50.73529411764706,43.666666666666664,49.18181818181818,521,338,469,1154,1204,1103
111,1,47.89,0.17782626853205258,28,50.73529411764706,43.666666666666664,49.18181818181818,521,338,469,1154,1204,1103
112,1,47.89,0.17782626853205258,28,50.73529411764706,43.666666666666664,49.18181818181818,521,338,469,1154,1204,1103
113,1,47.89,0.17782626853205258,28,50.73529411764706,43.666666666666664,49.18181818181818,521,338,469,1154,1204,1103
114,1,47.89,0.17782626853205258,28,50.73529411764706,43.666666666666664,49.18181818181818,521,338,469,1154,1204,1103
115,1,47.89,0.17782626853205258,28,50.73529411764706,43.666666666666664,49.18181818181818,521,338,469,1154,1204,1103
116,1,47.89,0.17782626853205258,28,50.73529411764706,43.666666666666664,49.18181818181818,521,338,469,1154,1204,1103
117,1,47.89,0.17782626853205258,28,50.73529411764706,43.666666666666664,49.18181818181818,521,338,469,1154,1204,1103
118,1,47.89,0.17782626853205258,28,50.73529411764706,43.666666666666664,49.18181818181818,521,338,469,1154,1204,1103
119,1,47.89,0.17782626853205258,28,50.73529411764706,43.666666666666664,49.18181818181818,521,338,469,1154,1204,1103
120,1,47.89,0.17782626853205258,28,50.73529411764706,43.666666666666664,49.18181818181818,521,338,469,1154,1204,1103
121,1,47.89,0.17782626853205258,28,50.73529411764706,43.666666666666664,49.18181818181818,521,338,469,1154,1204,1103
122,1,47.89,0.17782626853205258,28,50.73529411764706,43.666666666666664,49.18181818181818,521,338,469,1154,1204,1103
123,1,47.89,0.17782626853205258,28,50.73529411764706,43.666666666666664,49.18181818181818,521,338,469,1154,1204,1103
124,4,47.89,0.17782626853205258,28,50.73529411764706,43.666666666666664,49.18181818181818,521,338,469,1154,1204,1103
125,9,47.9,0.17764091858037573,28,50.73529411764706,43.696969696969695,49.18181818181818,521,339,469,1154,1204,1103
126,15,47.93,0.17738994366784894,28,50.76470588235294,43.75757575757576,49.18181818181818,522,341,469,1154,1204,1103
127,17,47.97,0.17695851573900356,28,50.794117647058826,43.81818181818182,49.21212121212121,523,343,470,1154,1204,1103
128,18,48.02,0.17653061224489788,28,50.8235294117647,43.90909090909091,49.24242424242424,524,346,471,1154,1204,1103
129,18,48.08,0.17629367720465894,28,50.85294117647059,44.0,49.303030303030305,525,349,473,1154,1204,1103
130,18,48.14,0.17609887827170753,28,50.88235294117647,44.09090909090909,49.36363636363637,526,352,475,1154,1204,1103
131,18,48.2,0.17594190871369292,28,50.911764705882355,44.18181818181818,49.42424242424242,527,355,477,1154,1204,1103
132,18,48.26,0.17581433899709908,28,50.94117647058823,44.27272727272727,49.484848484848484,528,358,479,1154,1204,1103
133,18,48.32,0.17572847682119203,28,50.970588235294116,44.36363636363637,49.54545454545455,529,361,481,1154,1204,1103
134,18,48.38,0.17567589913187262,28,51.0,44.45454545454545,49.60606060606061,530,364,483,1154,1204,1103
135,18,48.44,0.17567299752270857,28,51.029411764705884,44.54545454545455,49.666666666666664,531,367,485,1154,1204,1103
136,18,48.5,0.1757072164948454,28,51.05882352941177,44.63636363636363,49.72727272727273,532,370,487,1154,1204,1103
137,18,48.56,0.17575370675453045,28,51.088235294117645,44.72727272727273,49.78787878787879,533,373,489,1154,1204,1103
138,18,48.62,0.1758576717400247,28,51.11764705882353,44.81818181818182,49.84848484848485,534,376,491,1154,1204,1103
139,18,48.68,0.17600246507806078,28,51.14705882352941,44.90909090909091,49.90909090909091,535,379,493,1154,1204,1103
140,18,48.74,0.17616331555190812,28,51.1764705882353,45.0,49.96969696969697,536,382,495,1154,1204,1103
141,18,48.8,0.17636475409836067,28,51.205882352941174,45.09090909090909,50.03030303030303,537,385,497,1154,1204,1103
142,18,48.86,0.17660253786328284,28,51.23529411764706,45.18181818181818,50.09090909090909,538,388,499,1154,1204,1103
143,18,48.92,0.17686835650040877,28,51.26470588235294,45.27272727272727,50.15151515151515,539,391,501,1154,1204,1103
144,18,48.98,0.17717435688035935,28,51.294117647058826,45.36363636363637,50.21212121212121,540,394,503,1154,1204,1103
145,18,49.04,0.17753262642740622,28,51.3235294117647,45.45454545454545,50.27272727272727,541,397,505,1154,1204,1103
146,18,49.1,0.17793075356415486,28,51.35294117647059,45.54545454545455,50.333333333333336,542,400,507,1154,1204,1103
147,21,49.16,0.17837672904800655,28,51.38235294117647,45.63636363636363,50.39393939393939,543,403,509,1154,1204,1103
148,21,49.22,0.17885818772856565,28,51.411764705882355,45.72727272727273,50.45454545454545,544,406,511,1154,1204,1103
149,21,49.28,0.179375,28,51.44117647058823,45.81818181818182,50.515151515151516,545,409,513,1154,1204,1103
150,21,49.34,0.17995946493717072,28,51.470588235294116,45.90909090909091,50.57575757575758,546,412,515,1154,1204,1103
151,21,49.4,0.18058299595141705,28,51.5,46.0,50.63636363636363,547,415,517,1154,1204,1103
152,21,49.46,0.1812333198544279,28,51.529411764705884,46.09090909090909,50.696969696969695,548,418,519,1154,1204,1103
153,21,49.52,0.1819345718901454,28,51.55882352941177,46.18181818181818,50.75757575757576,549,421,521,1154,1204,1103
154,24,49.58,0.18266639774102458,28,51.588235294117645,46.27272727272727,50.81818181818182,550,424,523,1154,1204,1103
155,32,49.65,0.1832849949647533,28,51.64705882352941,46.36363636363637,50.878787878787875,552,427,525,1154,1204,1103
156,31,49.72,0.18394207562349152,28,51.705882352941174,46.45454545454545,50.93939393939394,554,430,527,1154,1204,1103
157,36,49.79,0.18463747740510145,28,51.76470588235294,46.54545454545455,51.0,556,433,529,1154,1204,1103
158,42,49.88,0.18539294306335208,28,51.88235294117647,46.63636363636363,51.06060606060606,558,436,531,1154,1206,1103
159,40,49.96,0.18602081665332265,28,52.0,46.72727272727273,51.09090909090909,560,439,532,1154,1208,1103
160,46,50.05,0.18686713286713286,28,52.11764705882353,46.81818181818182,51.15151515151515,562,442,534,1154,1210,1103
161,51,50.15,0.1877826520438684,28,52.23529411764706,46.90909090909091,51.24242424242424,564,445,536,1155,1212,1103
162,47,50.25,0.18875820895522394,28,52.35294117647059,47.0,51.333333333333336,566,448,538,1156,1214,1103
163,40,50.35,0.18976166832174785,28,52.470588235294116,47.09090909090909,51.42424242424242,568,451,540,1157,1216,1103
164,42,50.45,0.19080079286422205,28,52.588235294117645,47.18181818181818,51.515151515151516,570,454,542,1158,1218,1103
165,41,50.55,0.19190702274975266,28,52.705882352941174,47.27272727272727,51.60606060606061,572,457,544,1159,1220,1103
166,40,50.65,0.1930602171767029,28,52.8235294117647,47.36363636363637,51.696969696969695,574,460,546,1160,1222,1103
167,35,50.73,0.19411196530652475,28,52.88235294117647,47.45454545454545,51.78787878787879,575,463,548,1161,1223,1103
168,37,50.8,0.19502755905511804,28,52.94117647058823,47.54545454545455,51.84848484848485,576,466,549,1162,1224,1103
169,31,50.89,0.19600903910394976,28,53.029411764705884,47.63636363636363,51.93939393939394,577,469,551,1163,1226,1103
170,25,50.98,0.19701451549627308,28,53.11764705882353,47.72727272727273,52.03030303030303,578,472,553,1164,1228,1103
171,22,51.07,0.19803211278637164,28,53.205882352941174,47.81818181818182,52.121212121212125,579,475,555,1165,1230,1103
172,19,51.13,0.19871504009387833,28,53.26470588235294,47.878787878787875,52.18181818181818,580,477,557,1165,1231,1103
173,17,51.18,0.19928878468151623,28,53.294117647058826,47.93939393939394,52.24242424242424,581,479,559,1165,1231,1103
174,15,51.23,0.19987312121803627,28,53.3235294117647,48.0,52.303030303030305,582,481,561,1165,1231,1103
175,15,51.26,0.20028872415138507,28,53.35294117647059,48.06060606060606,52.303030303030305,583,483,561,1165,1231,1103
176,18,51.29,0.20070384090465979,28,53.38235294117647,48.121212121212125,52.303030303030305,584,485,561,1165,1231,1103
177,23,51.33,0.20097214104811997,28,53.411764705882355,48.18181818181818,52.333333333333336,585,487,562,1165,1231,1103
178,27,51.38,0.2012378357337485,28,53.44117647058823,48.24242424242424,52.39393939393939,586,489,564,1165,1231,1103
179,30,51.44,0.20154354587869364,28,53.470588235294116,48.303030303030305,52.484848484848484,587,491,567,1165,1231,1103
180,30,51.5,0.20189126213592232,28,53.5,48.36363636363637,52.57575757575758,588,493,570,1165,1231,1103
181,30,51.56,0.20226532195500382,28,53.529411764705884,48.42424242424242,52.666666666666664,589,495,573,1165,1231,1103
182,33,51.62,0.2026501356063541,28,53.55882352941177,48.484848484848484,52.75757575757576,590,497,576,1165,1231,1103
183,33,51.68,0.2030766253869969,28,53.588235294117645,48.54545454545455,52.84848484848485,591,499,579,1165,1231,1103
184,33,51.74,0.20354851178971786,28,53.61764705882353,48.60606060606061,52.93939393939394,592,501,582,1165,1231,1103
185,36,51.8,0.2040386100386101,28,53.64705882352941,48.666666666666664,53.03030303030303,593,503,585,1165,1231,1103
186,36,51.86,0.20454685692248362,28,53.6764705882353,48.72727272727273,53.121212121212125,594,505,588,1165,1231,1103
187,33,51.92,0.20508474576271182,28,53.705882352941174,48.78787878787879,53.21212121212121,595,507,591,1165,1231,1103
188,33,51.98,0.20564063101192773,28,53.73529411764706,48.84848484848485,53.303030303030305,596,509,594,1165,1231,1103
189,31,52.06,0.20617748751440643,28,53.76470588235294,48.96969696969697,53.39393939393939,597,511,597,1165,1231,1105
190,30,52.13,0.20676577786303468,28,53.794117647058826,49.06060606060606,53.484848484848484,598,513,600,1165,1231,1106
191,28,52.21,0.20736832024516375,28,53.8235294117647,49.18181818181818,53.57575757575758,599,515,603,1165,1231,1108
192,26,52.29,0.2080149168100975,28,53.85294117647059,49.303030303030305,53.666666666666664,600,517,606,1165,1231,1110
193,24,52.37,0.20868245178537337,28,53.88235294117647,49.42424242424242,53.75757575757576,601,519,609,1165,1231,1112
194,21,52.43,0.20911501049017744,28,53.88235294117647,49.515151515151516,53.84848484848485,601,520,612,1165,1231,1114
195,20,52.5,0.20968380952380955,28,53.911764705882355,49.60606060606061,53.93939393939394,601,521,615,1165,1232,1116
196,18,52.58,0.21044503613541266,28,53.94117647058823,49.72727272727273,54.03030303030303,601,523,618,1165,1233,1118
197,15,52.64,0.2110182370820668,28,53.970588235294116,49.78787878787879,54.121212121212125,601,524,621,1165,1234,1119
198,16,52.69,0.21148035680394756,28,54.0,49.84848484848485,54.18181818181818,601,525,623,1165,1235,1120
199,18,52.73,0.21184335293002093,28,54.029411764705884,49.878787878787875,54.24242424242424,601,525,625,1165,1236,1121
200,19,52.78,0.21233800682076548,28,54.05882352941177,49.90909090909091,54.333333333333336,601,525,628,1165,1237,1122
201,17,52.83,0.21283929585462802,28,54.088235294117645,49.93939393939394,54.42424242424242,601,525,631,1165,1238,1123
202,16,52.87,0.21327595990164552,28,54.11764705882353,49.93939393939394,54.515151515151516,601,525,634,1165,1239,1123
203,15,52.91,0.21371196371196377,28,54.14705882352941,49.93939393939394,54.60606060606061,601,525,637,1165,1240,1123
204,11,52.95,0.21407176581680828,28,54.1764705882353,49.93939393939394,54.696969696969695,601,525,639,1166,1241,1123
205,7,52.99,0.2144423476127571,28,54.205882352941174,49.93939393939394,54.78787878787879,601,525,641,1167,1242,1123
206,6,53.03,0.21481614180652456,28,54.23529411764706,49.93939393939394,54.878787878787875,601,525,643,1168,1243,1123
207,4,53.05,0.21498020735155507,28,54.26470588235294,49.93939393939394,54.90909090909091,601,525,643,1169,1244,1123
208,2,53.07,0.21516299227435468,28,54.294117647058826,49.93939393939394,54.93939393939394,601,525,643,1170,1245,1123
209,1,53.08,0.2152336096458177,28,54.294117647058826,49.93939393939394,54.96969696969697,601,525,643,1171,1245,1123
210,0,53.09,0.21530420041439072,28,54.294117647058826,49.93939393939394,55.0,601,525,643,1172,1245,1123
211,0,53.09,0.21530420041439072,28,54.294117647058826,49.93939393939394,55.0,601,525,643,1172,1245,1123
212,0,53.09,0.21530420041439072,28,54.294117647058826,49.93939393939394,55.0,601,525,643,1172,1245,1123
213,3,53.09,0.21530420041439072,28,54.294117647058826,49.93939393939394,55.0,601,525,643,1172,1245,1123
214,2,53.1,0.21541996233521657,28,54.3235294117647,49.93939393939394,55.0,601,525,643,1172,1246,1123
215,1,53.11,0.21553568066277534,28,54.35294117647059,49.93939393939394,55.0,601,525,643,1172,1247,1123
216,0,53.12,0.21565135542168676,28,54.38235294117647,49.93939393939394,55.0,601,525,643,1172,1248,1123
217,0,53.12,0.21565135542168676,28,54.38235294117647,49.93939393939394,55.0,601,525,643,1172,1248,1123
218,0,53.12,0.21565135542168676,28,54.38235294117647,49.93939393939394,55.0,601,525,643,1172,1248,1123
219,0,53.12,0.21565135542168676,28,54.38235294117647,49.93939393939394,55.0,601,525,643,1172,1248,1123
220,0,53.12,0.21565135542168676,28,54.38235294117647,49.93939393939394,55.0,601,525,643,1172,1248,1123
221,0,53.12,0.21565135542168676,28,54.38235294117647,49.93939393939394,55.0,601,525,643,1172,1248,1123
222,0,53.12,0.21565135542168676,28,54.38235294117647,49.93939393939394,55.0,601,525,643,1172,1248,1123
223,0,53.12,0.21565135542168676,28,54.38235294117647,49.93939393939394,55.0,601,525,643,1172,1248,1123
224,0,53.12,0.21565135542168676,28,54.38235294117647,49.93939393939394,55.0,601,525,643,1172,1248,1123
225,0,53.12,0.21565135542168676,28,54.38235294117647,49.93939393939394,55.0,601,525,643,1172,1248,1123
226,0,53.12,0.21565135542168676,28,54.38235294117647,49.93939393939394,55.0,601,525,643,1172,1248,1123
227,0,53.12,0.21565135542168676,28,54.38235294117647,49.93939393939394,55.0,601,525,643,1172,1248,1123
228,0,53.12,0.21565135542168676,28,54.38235294117647,49.93939393939394,55.0,601,525,643,1172,1248,1123
229,0,53.12,0.21565135542168676,28,54.38235294117647,49.93939393939394,55.0,601,525,643,1172,1248,1123
230,0,53.12,0.21565135542168676,28,54.38235294117647,49.93939393939394,55.0,601,525,643,1172,1248,1123
231,0,53.12,0.21565135542168676,28,54.38235294117647,49.93939393939394,55.0,601,525,643,1172,1248,1123
232,0,53.12,0.21565135542168676,28,54.38235294117647,49.93939393939394,55.0,601,525,643,1172,1248,1123
233,0,53.12,0.21565135542168676,28,54.38235294117647,49.93939393939394,55.0,601,525,643,1172,1248,1123
234,0,53.12,0.21565135542168676,28,54.38235294117647,49.93939393939394,55.0,601,525,643,1172,1248,1123
235,0,53.12,0.21565135542168676,28,54.38235294117647,49.93939393939394,55.0,601,525,643,1172,1248,1123
236,0,53.12,0.21565135542168676,28,54.38235294117647,49.93939393939394,55.0,601,525,643,1172,1248,1123
237,0,53.12,0.21565135542168676,28,54.38235294117647,49.93939393939394,55.0,601,525,643,1172,1248,1123
238,0,53.12,0.21565135542168676,28,54.38235294117647,49.93939393939394,55.0,601,525,643,1172,1248,1123
239,0,53.12,0.21565135542168676,28,54.38235294117647,49.93939393939394,55.0,601,525,643,1172,1248,1123
240,0,53.12,0.21565135542168676,28,54.38235294117647,49.93939393939394,55.0,601,525,643,1172,1248,1123
241,0,53.12,0.21565135542168676,28,54.38235294117647,49.93939393939394,55.0,601,525,643,1172,1248,1123
242,0,53.12,0.21565135542168676,28,54.38235294117647,49.93939393939394,55.0,601,525,643,1172,1248,1123
243,0,53.12,0.21565135542168676,28,54.38235294117647,49.93939393939394,55.0,601,525,643,1172,1248,1123
244,0,53.12,0.21565135542168676,28,54.38235294117647,49.93939393939394,55.0,601,525,643,1172,1248,1123
245,0,53.12,0.21565135542168676,28,54.38235294117647,49.93939393939394,55.0,601,525,643,1172,1248,1123
246,3,53.12,0.21565135542168676,28,54.38235294117647,49.93939393939394,55.0,601,525,643,1172,1248,1123
247,5,53.13,0.2154394880481837,28,54.38235294117647,49.96969696969697,55.0,601,526,643,1172,1248,1123
248,12,53.15,0.21529068673565377,28,54.38235294117647,50.0,55.03030303030303,601,527,644,1172,1248,1123
249,10,53.2,0.21520300751879703,28,54.44117647058823,50.03030303030303,55.09090909090909,603,528,645,1173,1248,1123
250,9,53.24,0.21535311795642373,28,54.5,50.03030303030303,55.15151515151515,605,528,646,1174,1248,1123
251,14,53.28,0.21553678678678678,28,54.55882352941177,50.03030303030303,55.21212121212121,607,528,647,1175,1248,1123
252,16,53.32,0.21567141785446367,28,54.61764705882353,50.03030303030303,55.27272727272727,608,528,648,1176,1249,1123
253,14,53.37,0.21563237774030355,28,54.6764705882353,50.06060606060606,55.333333333333336,609,529,649,1177,1250,1123
254,12,53.42,0.2156083863721453,28,54.73529411764706,50.09090909090909,55.39393939393939,610,530,650,1178,1251,1123
255,13,53.47,0.21561062277912854,28,54.794117647058826,50.121212121212125,55.45454545454545,611,531,651,1179,1252,1123
256,12,53.51,0.21552046346477297,28,54.8235294117647,50.15151515151515,55.515151515151516,611,532,652,1180,1253,1123
257,11,53.55,0.21548272642390287,28,54.88235294117647,50.18181818181818,55.54545454545455,612,533,652,1181,1254,1123
258,13,53.59,0.21556073894383274,28,54.911764705882355,50.21212121212121,55.60606060606061,613,534,653,1182,1254,1123
259,12,53.63,0.21564982286033937,28,54.94117647058823,50.24242424242424,55.666666666666664,614,535,654,1183,1254,1123
260,12,53.66,0.21594856503913534,28,54.970588235294116,50.24242424242424,55.72727272727273,615,535,655,1184,1254,1123
261,11,53.7,0.21605586592178766,28,55.0,50.27272727272727,55.78787878787879,616,536,656,1185,1254,1123
262,13,53.74,0.21616300707108294,28,55.029411764705884,50.303030303030305,55.84848484848485,617,537,657,1186,1254,1123
263,12,53.78,0.21628858311640017,28,55.05882352941177,50.333333333333336,55.90909090909091,618,538,658,1187,1254,1123
264,11,53.82,0.21642140468227425,28,55.088235294117645,50.36363636363637,55.96969696969697,619,539,659,1188,1254,1123
265,7,53.86,0.216565168956554,28,55.11764705882353,50.39393939393939,56.03030303030303,620,540,660,1189,1254,1123
266,4,53.89,0.2169066617183151,28,55.14705882352941,50.39393939393939,56.09090909090909,621,540,661,1190,1254,1123
267,2,53.91,0.21710814320163238,28,55.14705882352941,50.39393939393939,56.15151515151515,621,540,662,1191,1254,1123
268,1,53.92,0.21720697329376862,28,55.14705882352941,50.39393939393939,56.18181818181818,621,540,662,1192,1254,1123
269,3,53.93,0.21730576673465607,28,55.14705882352941,50.39393939393939,56.21212121212121,621,540,662,1193,1254,1123
270,2,53.94,0.21735261401557282,28,55.1764705882353,50.39393939393939,56.21212121212121,622,540,662,1193,1254,1123
271,4,53.95,0.21740685820203892,28,55.205882352941174,50.39393939393939,56.21212121212121,623,540,662,1193,1254,1123
272,8,53.97,0.21760051880674453,28,55.23529411764706,50.39393939393939,56.24242424242424,624,540,663,1193,1254,1123
273,11,54.0,0.21790000000000007,28,55.294117647058826,50.39393939393939,56.27272727272727,626,540,664,1193,1254,1123
274,11,54.03,0.21821765685730157,28,55.35294117647059,50.39393939393939,56.303030303030305,628,540,665,1193,1254,1123
275,14,54.06,0.21853866074731784,28,55.411764705882355,50.39393939393939,56.333333333333336,630,540,666,1193,1254,1123
276,17,54.09,0.21886670364207803,28,55.470588235294116,50.39393939393939,56.36363636363637,632,540,667,1193,1254,1123
277,17,54.12,0.21919807834441982,28,55.529411764705884,50.39393939393939,56.39393939393939,634,540,668,1193,1254,1123
278,17,54.15,0.21952908587257625,28,55.588235294117645,50.39393939393939,56.42424242424242,636,540,669,1193,1254,1123
279,17,54.18,0.21987080103359177,28,55.64705882352941,50.39393939393939,56.45454545454545,638,540,670,1193,1254,1123
280,20,54.21,0.22022320605054418,28,55.705882352941174,50.39393939393939,56.484848484848484,640,540,671,1193,1254,1123
281,20,54.24,0.2205789085545723,28,55.76470588235294,50.39393939393939,56.515151515151516,642,540,672,1193,1254,1123
282,20,54.27,0.22093421779988945,28,55.8235294117647,50.39393939393939,56.54545454545455,644,540,673,1193,1254,1123
283,23,54.3,0.22129281767955802,28,55.88235294117647,50.39393939393939,56.57575757575758,646,540,674,1193,1254,1123
284,22,54.34,0.22159366948840628,28,55.94117647058823,50.42424242424242,56.60606060606061,648,540,675,1193,1254,1124
285,24,54.38,0.2219087899963222,28,56.0,50.45454545454545,56.63636363636363,650,540,676,1193,1254,1125
286,23,54.42,0.22223079750091884,28,56.05882352941177,50.484848484848484,56.666666666666664,652,540,677,1193,1254,1126
287,25,54.46,0.2225633492471539,28,56.11764705882353,50.515151515151516,56.696969696969695,654,540,678,1193,1254,1127
288,38,54.51,0.2230324711062191,28,56.1764705882353,50.57575757575758,56.72727272727273,656,541,679,1193,1254,1128
289,41,54.6,0.2232564102564102,28,56.294117647058826,50.696969696969695,56.75757575757576,659,544,680,1193,1255,1129
290,40,54.7,0.22361608775137115,28,56.411764705882355,50.81818181818182,56.81818181818182,662,547,682,1193,1256,1130
291,36,54.8,0.22401094890510947,28,56.529411764705884,50.93939393939394,56.878787878787875,665,550,684,1193,1257,1131
292,38,54.9,0.22442622950819668,28,56.64705882352941,51.06060606060606,56.93939393939394,668,553,686,1193,1258,1132
293,38,54.99,0.22476268412438627,28,56.76470588235294,51.18181818181818,56.96969696969697,671,556,687,1193,1259,1133
294,32,55.08,0.22510893246187366,28,56.88235294117647,51.303030303030305,57.0,674,559,688,1193,1260,1134
295,35,55.17,0.22549392785934386,28,57.0,51.42424242424242,57.03030303030303,677,562,689,1193,1261,1135
296,32,55.26,0.2258812884545783,28,57.11764705882353,51.54545454545455,57.06060606060606,680,565,690,1193,1262,1136
297,26,55.35,0.22638663053297192,28,57.23529411764706,51.666666666666664,57.09090909090909,683,567,691,1193,1263,1138
298,29,55.44,0.22672077922077918,28,57.35294117647059,51.78787878787879,57.121212121212125,686,570,692,1193,1264,1139
299,25,55.51,0.22713925418843445,28,57.411764705882355,51.90909090909091,57.15151515151515,688,573,693,1193,1264,1140
300,20,55.56,0.22756299496040314,28,57.470588235294116,51.96969696969697,57.18181818181818,690,574,694,1193,1264,1141
301,24,55.61,0.22800035964754542,28,57.529411764705884,52.03030303030303,57.21212121212121,692,575,695,1193,1264,1142
302,22,55.66,0.22844412504491557,28,57.588235294117645,52.09090909090909,57.24242424242424,694,576,696,1193,1264,1143
303,17,55.71,0.22889427391850659,28,57.64705882352941,52.15151515151515,57.27272727272727,696,577,697,1193,1264,1144
304,22,55.75,0.22938295964125557,28,57.705882352941174,52.18181818181818,57.303030303030305,698,578,698,1193,1264,1144
305,24,55.79,0.22987094461373003,28,57.76470588235294,52.21212121212121,57.333333333333336,700,579,699,1193,1264,1144
306,19,55.84,0.2304906876790831,28,57.8235294117647,52.27272727272727,57.36363636363637,702,581,700,1193,1264,1144
307,23,55.89,0.23110932188226868,28,57.88235294117647,52.333333333333336,57.39393939393939,704,583,701,1193,1264,1144
308,21,55.94,0.2317268501966393,28,57.94117647058823,52.39393939393939,57.42424242424242,706,585,702,1193,1264,1144
309,17,55.98,0.23221507681314763,28,58.0,52.42424242424242,57.45454545454545,708,586,703,1193,1264,1144
310,22,56.02,0.2327061763655837,28,58.05882352941177,52.45454545454545,57.484848484848484,710,587,704,1193,1264,1144
311,21,56.06,0.23319657509810923,28,58.11764705882353,52.484848484848484,57.515151515151516,712,588,705,1193,1264,1144
312,17,56.1,0.23368983957219258,28,58.1764705882353,52.515151515151516,57.54545454545455,714,589,706,1193,1264,1144
313,22,56.14,0.2341824011400071,28,58.23529411764706,52.54545454545455,57.57575757575758,716,590,707,1193,1264,1144
314,21,56.18,0.23467782128871492,28,58.294117647058826,52.57575757575758,57.60606060606061,718,591,708,1193,1264,1144
315,17,56.22,0.23517609391675565,28,58.35294117647059,52.60606060606061,57.63636363636363,720,592,709,1193,1264,1144
316,22,56.26,0.23567721293992178,28,58.411764705882355,52.63636363636363,57.666666666666664,722,593,710,1193,1264,1144
317,21,56.3,0.23617761989342811,28,58.470588235294116,52.666666666666664,57.696969696969695,724,594,711,1193,1264,1144
318,17,56.34,0.23667731629392974,28,58.529411764705884,52.696969696969695,57.72727272727273,726,595,712,1193,1264,1144
319,22,56.38,0.23717630365377787,28,58.588235294117645,52.72727272727273,57.75757575757576,728,596,713,1193,1264,1144
320,21,56.42,0.23767458348103504,28,58.64705882352941,52.75757575757576,57.78787878787879,730,597,714,1193,1264,1144
321,17,56.46,0.23817569961034366,28,58.705882352941174,52.78787878787879,57.81818181818182,732,598,715,1193,1264,1144
322,22,56.5,0.23867964601769912,28,58.76470588235294,52.81818181818182,57.84848484848485,734,599,716,1193,1264,1144
323,21,56.54,0.23918287937743188,28,58.8235294117647,52.84848484848485,57.878787878787875,736,600,717,1193,1264,1144
324,17,56.58,0.23968540120183818,28,58.88235294117647,52.878787878787875,57.90909090909091,738,601,718,1193,1264,1144
325,22,56.62,0.24018721299894025,28,58.94117647058823,52.90909090909091,57.93939393939394,740,602,719,1193,1264,1144
326,21,56.66,0.24069184609954106,28,59.0,52.93939393939394,57.96969696969697,742,603,720,1193,1264,1144
327,17,56.7,0.24119576719576713,28,59.05882352941177,52.96969696969697,58.0,744,604,721,1193,1264,1144
328,22,56.74,0.24169897779344382,28,59.11764705882353,53.0,58.03030303030303,746,605,722,1193,1264,1144
329,21,56.78,0.24220147939415285,28,59.1764705882353,53.03030303030303,58.06060606060606,748,606,723,1193,1264,1144
330,17,56.82,0.2427032734952482,28,59.23529411764706,53.06060606060606,58.09090909090909,750,607,724,1193,1264,1144
331,22,56.86,0.24320787900105528,28,59.294117647058826,53.09090909090909,58.121212121212125,752,608,725,1193,1264,1144
332,21,56.9,0.2437117750439367,28,59.35294117647059,53.121212121212125,58.15151515151515,754,609,726,1193,1264,1144
333,17,56.94,0.24421496311907276,28,59.411764705882355,53.15151515151515,58.18181818181818,756,610,727,1193,1264,1144
334,22,56.98,0.24471744471744472,28,59.470588235294116,53.18181818181818,58.21212121212121,758,611,728,1193,1264,1144
335,21,57.02,0.2452192213258506,28,59.529411764705884,53.21212121212121,58.24242424242424,760,612,729,1193,1264,1144
336,17,57.06,0.245720294426919,28,59.588235294117645,53.24242424242424,58.27272727272727,762,613,730,1193,1264,1144
337,22,57.1,0.24622066549912433,28,59.64705882352941,53.27272727272727,58.303030303030305,764,614,731,1193,1264,1144
338,21,57.14,0.24672033601680085,28,59.705882352941174,53.303030303030305,58.333333333333336,766,615,732,1193,1264,1144
339,20,57.18,0.2472193074501574,28,59.76470588235294,53.333333333333336,58.36363636363637,768,616,733,1193,1264,1144
340,24,57.23,0.24782631486982354,28,59.85294117647059,53.36363636363637,58.39393939393939,771,617,734,1193,1264,1144
341,22,57.28,0.24843226256983242,28,59.94117647058823,53.39393939393939,58.42424242424242,774,618,735,1193,1264,1144
342,17,57.33,0.24903715332286766,28,60.029411764705884,53.42424242424242,58.45454545454545,777,619,736,1193,1264,1144
343,22,57.37,0.249532856893847,28,60.088235294117645,53.45454545454545,58.484848484848484,779,620,737,1193,1264,1144
344,21,57.41,0.2500278697091099,28,60.14705882352941,53.484848484848484,58.515151515151516,781,621,738,1193,1264,1144
345,17,57.45,0.2505221932114883,28,60.205882352941174,53.515151515151516,58.54545454545455,783,622,739,1193,1264,1144
346,25,57.49,0.25101582883979817,28,60.26470588235294,53.54545454545455,58.57575757575758,785,623,740,1193,1264,1144
347,26,57.54,0.25137643378519287,28,60.3235294117647,53.60606060606061,58.60606060606061,787,625,741,1193,1264,1144
348,20,57.6,0.2518541666666667,28,60.38235294117647,53.696969696969695,58.63636363636363,789,628,742,1193,1264,1144
349,23,57.66,0.2523343739160596,28,60.44117647058823,53.78787878787879,58.666666666666664,791,631,743,1193,1264,1144
350,21,57.71,0.2527031710275516,28,60.5,53.84848484848485,58.696969696969695,793,633,744,1193,1264,1144
351,17,57.75,0.2531930735930736,28,60.55882352941177,53.878787878787875,58.72727272727273,795,634,745,1193,1264,1144
352,22,57.79,0.25368229797542824,28,60.61764705882353,53.90909090909091,58.75757575757576,797,635,746,1193,1264,1144
353,21,57.83,0.25417084558187797,28,60.6764705882353,53.93939393939394,58.78787878787879,799,636,747,1193,1264,1144
354,17,57.87,0.2546587178157941,28,60.73529411764706,53.96969696969697,58.81818181818182,801,637,748,1193,1264,1144
355,22,57.91,0.2551459160766707,28,60.794117647058826,54.0,58.84848484848485,803,638,749,1193,1264,1144
356,21,57.95,0.2556324417601381,28,60.85294117647059,54.03030303030303,58.878787878787875,805,639,750,1193,1264,1144
357,17,57.99,0.25611829625797555,28,60.911764705882355,54.06060606060606,58.90909090909091,807,640,751,1193,1264,1144
358,28,58.03,0.2566034809581251,28,60.970588235294116,54.09090909090909,58.93939393939394,809,641,752,1193,1264,1144
359,28,58.09,0.25716474436219655,28,61.029411764705884,54.121212121212125,59.03030303030303,811,642,755,1193,1264,1144
360,24,58.16,0.25766506189821187,28,61.088235294117645,54.18181818181818,59.121212121212125,813,644,758,1193,1264,1144
361,29,58.23,0.25818134981968055,28,61.14705882352941,54.24242424242424,59.21212121212121,815,646,761,1193,1264,1144
362,28,58.3,0.25872384219554034,28,61.205882352941174,54.303030303030305,59.303030303030305,817,648,764,1193,1264,1144
363,24,58.37,0.2592753126606134,28,61.26470588235294,54.36363636363637,59.39393939393939,819,650,767,1193,1264,1144
364,29,58.44,0.25983572895277207,28,61.3235294117647,54.42424242424242,59.484848484848484,821,652,770,1193,1264,1144
365,31,58.51,0.26041531362160314,28,61.38235294117647,54.484848484848484,59.57575757575758,823,654,773,1193,1264,1144
366,32,58.59,0.26110428400750973,28,61.470588235294116,54.54545454545455,59.666666666666664,826,656,776,1193,1264,1144
367,47,58.68,0.2616121336059986,28,61.55882352941177,54.63636363636363,59.75757575757576,829,659,779,1193,1264,1144
368,51,58.79,0.26196121789419974,28,61.6764705882353,54.72727272727273,59.878787878787875,833,662,782,1194,1264,1144
369,54,58.91,0.26226277372262774,28,61.8235294117647,54.81818181818182,60.0,838,665,785,1195,1264,1144
370,70,59.02,0.2625245679430701,28,61.970588235294116,54.90909090909091,60.09090909090909,843,668,787,1196,1264,1144
371,71,59.13,0.26277185861660757,28,62.11764705882353,55.0,60.18181818181818,848,671,789,1197,1264,1144
372,70,59.26,0.26298346270671613,28,62.26470588235294,55.09090909090909,60.333333333333336,853,674,792,1199,1264,1144
373,69,59.39,0.2632311837009597,28,62.411764705882355,55.18181818181818,60.484848484848484,858,677,795,1201,1264,1144
374,77,59.52,0.26353158602150545,28,62.55882352941177,55.27272727272727,60.63636363636363,863,680,798,1203,1264,1144
375,69,59.66,0.26378142809252425,28,62.73529411764706,55.36363636363637,60.78787878787879,868,683,801,1205,1265,1144
376,74,59.79,0.26398227128282314,28,62.911764705882355,55.45454545454545,60.90909090909091,873,685,803,1207,1266,1145
377,67,59.92,0.26421228304405875,28,63.088235294117645,55.54545454545455,61.03030303030303,878,687,805,1209,1267,1146
378,61,60.04,0.26447035309793476,28,63.26470588235294,55.63636363636363,61.121212121212125,883,689,807,1210,1268,1147
379,70,60.16,0.2647506648936171,28,63.44117647058823,55.72727272727273,61.21212121212121,888,691,809,1211,1269,1148
380,70,60.28,0.2650497677504977,28,63.61764705882353,55.81818181818182,61.303030303030305,893,693,811,1212,1270,1149
381,61,60.4,0.26539735099337747,28,63.794117647058826,55.90909090909091,61.39393939393939,898,695,813,1213,1271,1150
382,67,60.52,0.26576999339061474,28,63.970588235294116,56.0,61.484848484848484,903,697,815,1214,1272,1151
383,61,60.64,0.26617414248021104,28,64.1470588235294,56.09090909090909,61.57575757575758,908,699,817,1215,1273,1152
384,67,60.76,0.2666161948650428,28,64.32352941176471,56.18181818181818,61.666666666666664,913,701,819,1216,1274,1153
385,77,60.9,0.26712643678160913,28,64.52941176470588,56.27272727272727,61.78787878787879,919,703,822,1217,1275,1154
386,71,61.05,0.2677461097461098,28,64.73529411764706,56.36363636363637,61.93939393939394,925,705,826,1218,1276,1155
387,65,61.2,0.26840522875816986,28,64.94117647058823,56.45454545454545,62.09090909090909,931,707,830,1219,1277,1156
388,68,61.35,0.2691002444987775,28,65.1470588235294,56.54545454545455,62.24242424242424,937,709,834,1220,1278,1157
389,72,61.49,0.26988290778988455,28,65.3529411764706,56.63636363636363,62.36363636363637,943,711,838,1220,1279,1158
390,66,61.64,0.27063595068137575,28,65.55882352941177,56.72727272727273,62.515151515151516,949,713,842,1221,1280,1159
391,63,61.79,0.27142741543939153,28,65.76470588235294,56.81818181818182,62.666666666666664,955,715,846,1222,1281,1160
392,63,61.94,0.27224410720051667,28,65.97058823529412,56.90909090909091,62.81818181818182,961,717,850,1223,1282,1161
393,60,62.09,0.2731116121758737,28,66.17647058823529,57.0,62.96969696969697,967,719,854,1224,1283,1162
394,61,62.23,0.2739498634099309,28,66.3529411764706,57.09090909090909,63.121212121212125,972,721,858,1225,1284,1163
395,65,62.37,0.27479397146063816,28,66.52941176470588,57.18181818181818,63.27272727272727,977,723,862,1226,1285,1164
396,60,62.51,0.27567909134538465,28,66.70588235294117,57.27272727272727,63.42424242424242,982,725,866,1227,1286,1165
397,67,62.65,0.2765794094173982,28,66.88235294117646,57.36363636363637,63.57575757575758,987,727,870,1228,1287,1166
398,65,62.79,0.2774916387959867,28,67.05882352941177,57.45454545454545,63.72727272727273,992,729,874,1229,1288,1167
399,57,62.93,0.2784188781185445,28,67.23529411764706,57.54545454545455,63.878787878787875,997,731,878,1230,1289,1168
400,58,63.07,0.27938005390835585,28,67.41176470588235,57.63636363636363,64.03030303030303,1002,733,882,1231,1290,1169
401,56,63.21,0.28035595633602284,28,67.58823529411765,57.72727272727273,64.18181818181819,1007,735,886,1232,1291,1170
402,48,63.35,0.28134648776637733,28,67.76470588235294,57.81818181818182,64.33333333333333,1012,737,890,1233,1292,1171
403,49,63.49,0.2822696487635848,28,67.91176470588235,57.90909090909091,64.51515151515152,1017,739,894,1235,1292,1172
404,53,63.6,0.2829968553459119,28,68.05882352941177,58.0,64.60606060606061,1022,741,896,1236,1292,1173
405,47,63.72,0.2835969868173258,28,68.20588235294117,58.121212121212125,64.6969696969697,1027,744,898,1237,1292,1174
406,50,63.84,0.28411654135338354,28,68.38235294117646,58.21212121212121,64.78787878787878,1032,747,900,1238,1293,1174
407,49,63.97,0.28473503204627165,28,68.55882352941177,58.333333333333336,64.87878787878788,1037,751,902,1239,1294,1174
408,44,64.08,0.285440074906367,28,68.70588235294117,58.42424242424242,64.96969696969697,1041,754,904,1240,1295,1174
409,48,64.19,0.286011839850444,28,68.8529411764706,58.54545454545455,65.03030303030303,1045,758,906,1240,1296,1174
410,46,64.3,0.28660653188180407,28,69.0,58.666666666666664,65.0909090909091,1049,762,908,1240,1297,1174
411,41,64.41,0.28721471821145783,28,69.1470588235294,58.78787878787879,65.15151515151516,1053,766,910,1240,1298,1174
412,41,64.5,0.2878759689922481,28,69.29411764705883,58.84848484848485,65.21212121212122,1057,768,912,1240,1299,1174
413,48,64.58,0.288538247135336,28,69.41176470588235,58.90909090909091,65.27272727272727,1061,770,914,1240,1299,1174
414,43,64.66,0.28920197958552424,28,69.52941176470588,58.96969696969697,65.33333333333333,1065,772,916,1240,1299,1174
415,47,64.74,0.2898733395118937,28,69.6470588235294,59.03030303030303,65.39393939393939,1069,774,918,1240,1299,1174
416,50,64.83,0.29062008329477096,28,69.76470588235294,59.09090909090909,65.48484848484848,1073,776,921,1240,1299,1174
417,50,64.92,0.2913647566235366,28,69.88235294117646,59.15151515151515,65.57575757575758,1077,778,924,1240,1299,1174
418,44,65.01,0.2921289032456545,28,70.0,59.21212121212121,65.66666666666667,1081,780,927,1240,1299,1174
419,51,65.09,0.29282378245506224,28,70.11764705882354,59.27272727272727,65.72727272727273,1085,782,929,1240,1299,1174
420,52,65.17,0.2935261623446371,28,70.23529411764706,59.333333333333336,65.78787878787878,1089,784,931,1240,1299,1174
421,56,65.25,0.2942298850574713,28,70.3529411764706,59.39393939393939,65.84848484848484,1093,786,933,1240,1299,1174
422,55,65.35,0.2947834736036725,28,70.47058823529412,59.515151515151516,65.9090909090909,1097,789,935,1240,1299,1175
423,60,65.45,0.29535064935064936,28,70.58823529411765,59.63636363636363,65.96969696969697,1101,792,937,1240,1299,1176
424,62,65.55,0.2959282990083905,28,70.70588235294117,59.75757575757576,66.03030303030303,1105,795,939,1240,1299,1177
425,67,65.65,0.29651942117288654,28,70.82352941176471,59.878787878787875,66.0909090909091,1109,798,941,1240,1299,1178
426,60,65.75,0.2971300380228136,28,70.94117647058823,60.0,66.15151515151516,1113,801,943,1240,1299,1179
427,56,65.85,0.29775702353834477,28,71.05882352941177,60.121212121212125,66.21212121212122,1117,804,945,1240,1299,1180
428,64,65.95,0.298388172858226,28,71.17647058823529,60.24242424242424,66.27272727272727,1121,807,947,1240,1299,1181
429,62,66.06,0.2989887980623675,28,71.29411764705883,60.39393939393939,66.33333333333333,1125,810,949,1240,1299,1183
430,63,66.17,0.2996085839504308,28,71.41176470588235,60.54545454545455,66.39393939393939,1129,813,951,1240,1299,1185
431,70,66.28,0.30024441762220877,28,71.52941176470588,60.696969696969695,66.45454545454545,1133,816,953,1240,1299,1187
432,61,66.4,0.3008614457831325,28,71.67647058823529,60.84848484848485,66.51515151515152,1138,819,955,1240,1299,1189
433,58,66.52,0.30150330727600716,28,71.82352941176471,61.0,66.57575757575758,1143,822,957,1240,1299,1191
434,61,66.64,0.3021758703481393,28,71.97058823529412,61.15151515151515,66.63636363636364,1148,825,959,1240,1299,1193
435,59,66.75,0.3028838951310861,28,72.08823529411765,61.303030303030305,66.6969696969697,1152,828,961,1240,1299,1195
436,60,66.86,0.30360454681423876,28,72.20588235294117,61.45454545454545,66.75757575757575,1156,831,963,1240,1299,1197
437,67,66.97,0.30435269523667313,28,72.32352941176471,61.60606060606061,66.81818181818181,1160,834,965,1240,1299,1199
438,61,67.09,0.30507527202265605,28,72.47058823529412,61.75757575757576,66.87878787878788,1165,837,967,1240,1299,1201
439,64,67.21,0.30583097753310523,28,72.61764705882354,61.90909090909091,66.93939393939394,1170,840,969,1240,1299,1203
440,73,67.33,0.30659884152680833,28,72.76470588235294,62.06060606060606,67.0,1175,843,971,1240,1299,1205
441,70,67.45,0.3073876945885841,28,72.91176470588235,62.21212121212121,67.06060606060606,1180,846,973,1240,1299,1207
442,73,67.57,0.30817966553204085,28,73.05882352941177,62.36363636363637,67.12121212121212,1185,849,975,1240,1299,1209
443,76,67.69,0.3089924656522382,28,73.20588235294117,62.515151515151516,67.18181818181819,1190,852,977,1240,1299,1211
444,76,67.81,0.3098171361156172,28,73.3529411764706,62.666666666666664,67.24242424242425,1195,855,979,1240,1299,1213
445,79,67.93,0.31065655822169885,28,73.5,62.81818181818182,67.3030303030303,1200,858,981,1240,1299,1215
446,85,68.05,0.3115077149155033,28,73.6470588235294,62.96969696969697,67.36363636363636,1205,861,983,1240,1299,1217
447,82,68.17,0.3123617427020683,28,73.79411764705883,63.121212121212125,67.42424242424242,1210,864,985,1240,1299,1219
448,76,68.29,0.3132361985649436,28,73.94117647058823,63.27272727272727,67.48484848484848,1215,867,987,1240,1299,1221
449,76,68.41,0.3141105101593334,28,74.08823529411765,63.42424242424242,67.54545454545455,1220,870,989,1240,1299,1223
450,79,68.53,0.31498759667299,28,74.23529411764706,63.57575757575758,67.60606060606061,1225,873,991,1240,1299,1225
451,78,68.66,0.3157122050684532,28,74.41176470588235,63.72727272727273,67.66666666666667,1230,876,993,1240,1300,1227
452,77,68.79,0.31644570431748803,28,74.58823529411765,63.878787878787875,67.72727272727273,1235,879,995,1240,1301,1229
453,79,68.92,0.3171909460243761,28,74.76470588235294,64.03030303030303,67.78787878787878,1240,882,997,1240,1302,1231
454,75,69.05,0.3179420709630702,28,74.94117647058823,64.18181818181819,67.84848484848484,1245,885,999,1240,1303,1233
455,71,69.18,0.31869615495808035,28,75.11764705882354,64.33333333333333,67.9090909090909,1250,888,1001,1240,1304,1235
456,70,69.31,0.3194560669456067,28,75.29411764705883,64.48484848484848,67.96969696969697,1255,891,1003,1240,1305,1237
457,63,69.44,0.32021601382488485,28,75.47058823529412,64.63636363636364,68.03030303030303,1260,894,1005,1240,1306,1239
458,71,69.57,0.32097312059795885,28,75.6470588235294,64.78787878787878,68.0909090909091,1265,897,1007,1240,1307,1241
459,76,69.7,0.321922525107604,28,75.79411764705883,64.96969696969697,68.15151515151516,1270,901,1009,1240,1307,1243
460,71,69.84,0.32289805269186717,28,75.94117647058823,65.15151515151516,68.24242424242425,1275,905,1012,1240,1307,1245
461,80,69.99,0.32376768109729964,28,76.08823529411765,65.36363636363636,68.33333333333333,1280,910,1015,1240,1307,1247
462,83,70.14,0.32465069860279444,28,76.23529411764706,65.57575757575758,68.42424242424242,1285,915,1018,1240,1307,1249
463,80,70.29,0.3255327927158913,28,76.38235294117646,65.78787878787878,68.51515151515152,1290,920,1021,1240,1307,1251
464,74,70.44,0.326419647927314,28,76.52941176470588,66.0,68.60606060606061,1295,925,1024,1240,1307,1253
465,77,70.59,0.32731406714832134,28,76.67647058823529,66.21212121212122,68.6969696969697,1300,930,1027,1240,1307,1255
466,80,70.74,0.3282046932428612,28,76.82352941176471,66.42424242424242,68.78787878787878,1305,935,1030,1240,1307,1257
467,80,70.89,0.3291056566511497,28,76.97058823529412,66.63636363636364,68.87878787878788,1310,940,1033,1240,1307,1259
468,80,71.04,0.3300140765765765,28,77.11764705882354,66.84848484848484,68.96969696969697,1315,945,1036,1240,1307,1261
469,80,71.19,0.33092428711897737,28,77.26470588235294,67.06060606060606,69.06060606060606,1320,950,1039,1240,1307,1263
470,83,71.34,0.33183908045977006,28,77.41176470588235,67.27272727272727,69.15151515151516,1325,955,1042,1240,1307,1265
471,80,71.49,0.3327584277521332,28,77.55882352941177,67.48484848484848,69.24242424242425,1330,960,1045,1240,1307,1267
472,80,71.64,0.333679508654383,28,77.70588235294117,67.6969696969697,69.33333333333333,1335,965,1048,1240,1307,1269
473,80,71.79,0.33461067000975064,28,77.8529411764706,67.9090909090909,69.42424242424242,1340,970,1051,1240,1307,1271
474,77,71.94,0.33554628857381147,28,78.0,68.12121212121212,69.51515151515152,1345,975,1054,1240,1307,1273
475,74,72.09,0.33635039533915945,28,78.1470588235294,68.3030303030303,69.63636363636364,1350,979,1057,1241,1307,1275
476,83,72.24,0.3371511627906976,28,78.29411764705883,68.48484848484848,69.75757575757575,1355,983,1060,1242,1307,1277
477,80,72.39,0.3379486116866971,28,78.44117647058823,68.66666666666667,69.87878787878788,1360,987,1063,1243,1307,1279
478,83,72.54,0.33862420733388476,28,78.58823529411765,68.81818181818181,70.03030303030303,1365,990,1066,1245,1307,1281
479,86,72.69,0.3392337322877975,28,78.73529411764706,69.0,70.15151515151516,1370,994,1068,1247,1307,1283
480,82,72.85,0.33984488675360325,28,78.88235294117646,69.18181818181819,70.3030303030303,1375,998,1070,1250,1307,1285
481,87,73.01,0.3404670593069443,28,79.02941176470588,69.36363636363636,70.45454545454545,1380,1002,1072,1253,1307,1287
482,86,73.17,0.34110837775044417,28,79.17647058823529,69.54545454545455,70.60606060606061,1385,1006,1074,1256,1307,1289
483,82,73.33,0.3417496249829537,28,79.32352941176471,69.72727272727273,70.75757575757575,1390,1010,1076,1259,1307,1291
484,72,73.49,0.34240985168050075,28,79.47058823529412,69.9090909090909,70.9090909090909,1395,1014,1078,1262,1307,1293
485,75,73.64,0.34309342748506255,28,79.61764705882354,70.06060606060606,71.06060606060606,1400,1017,1080,1265,1307,1295
486,73,73.78,0.3439495798319328,28,79.76470588235294,70.21212121212122,71.18181818181819,1405,1020,1082,1267,1307,1297
487,71,73.92,0.34481331168831175,28,79.91176470588235,70.36363636363636,71.3030303030303,1410,1023,1084,1269,1307,1299
488,73,74.05,0.3456542876434841,28,80.05882352941177,70.51515151515152,71.39393939393939,1415,1026,1086,1270,1307,1301
489,78,74.18,0.34649770827716364,28,80.20588235294117,70.66666666666667,71.48484848484848,1420,1029,1088,1271,1307,1303
490,74,74.31,0.347346252186785,28,80.3529411764706,70.81818181818181,71.57575757575758,1425,1032,1090,1272,1307,1305
491,73,74.44,0.34819451907576576,28,80.5,70.96969696969697,71.66666666666667,1430,1035,1092,1273,1307,1307
492,78,74.57,0.34904251039291934,28,80.6470588235294,71.12121212121212,71.75757575757575,1435,1038,1094,1274,1307,1309
493,77,74.7,0.3498929049531459,28,80.79411764705883,71.27272727272727,71.84848484848484,1440,1041,1096,1275,1307,1311
494,76,74.83,0.3507510356808767,28,80.94117647058823,71.42424242424242,71.93939393939394,1445,1044,1098,1276,1307,1313
495,84,74.96,0.35160618996798293,28,81.08823529411765,71.57575757575758,72.03030303030303,1450,1047,1100,1277,1307,1315
496,80,75.09,0.35246371021440936,28,81.23529411764706,71.72727272727273,72.12121212121212,1455,1050,1102,1278,1307,1317
497,85,75.22,0.3533235841531507,28,81.38235294117646,71.87878787878788,72.21212121212122,1460,1053,1104,1279,1307,1319
498,87,75.35,0.3541831453218315,28,81.52941176470588,72.03030303030303,72.3030303030303,1465,1056,1106,1280,1307,1321
499,86,75.48,0.3550397456279809,28,81.67647058823529,72.18181818181819,72.39393939393939,1470,1059,1108,1281,1307,1323
500,87,75.62,0.35588468659084893,28,81.82352941176471,72.36363636363636,72.48484848484848,1475,1062,1110,1282,1307,1326
501,94,75.76,0.35673706441393876,28,81.97058823529412,72.54545454545455,72.57575757575758,1480,1065,1112,1283,1307,1329
502,102,75.92,0.3574604847207587,28,82.11764705882354,72.72727272727273,72.72727272727273,1485,1068,1116,1284,1307,1332
503,103,76.09,0.3582402418188987,28,82.26470588235294,72.93939393939394,72.87878787878788,1490,1072,1120,1285,1307,1335
504,95,76.26,0.35901914503016,28,82.41176470588235,73.15151515151516,73.03030303030303,1495,1076,1124,1286,1307,1338
505,87,76.43,0.35980505037289023,28,82.55882352941177,73.36363636363636,73.18181818181819,1500,1080,1128,1287,1307,1341
506,88,76.6,0.36058746736292435,28,82.70588235294117,73.57575757575758,73.33333333333333,1505,1084,1132,1288,1307,1344
507,80,76.77,0.36137162954279023,28,82.8529411764706,73.78787878787878,73.48484848484848,1510,1088,1136,1289,1307,1347
508,72,76.94,0.3621549259162984,28,83.0,74.0,73.63636363636364,1515,1092,1140,1290,1307,1350
509,78,77.09,0.36281359449993517,28,83.11764705882354,74.18181818181819,73.78787878787878,1519,1095,1144,1291,1307,1353
510,70,77.26,0.3635179911985503,28,83.26470588235294,74.39393939393939,73.93939393939394,1524,1099,1147,1293,1307,1356
511,61,77.44,0.3642613636363636,28,83.41176470588235,74.60606060606061,74.12121212121212,1529,1103,1151,1295,1307,1359
512,61,77.62,0.36501159494975527,28,83.55882352941177,74.81818181818181,74.3030303030303,1534,1107,1155,1297,1307,1362
513,58,77.77,0.3658004371865758,28,83.67647058823529,75.0,74.45454545454545,1538,1110,1158,1299,1307,1365
514,54,77.93,0.3664609264724753,28,83.82352941176471,75.18181818181819,74.60606060606061,1543,1113,1161,1301,1307,1368
515,58,78.07,0.3670334315358012,28,83.94117647058823,75.33333333333333,74.75757575757575,1547,1116,1164,1303,1307,1370
516,50,78.21,0.36761411584196396,28,84.05882352941177,75.48484848484848,74.9090909090909,1551,1119,1168,1304,1307,1372
517,53,78.33,0.3680748116941146,28,84.1470588235294,75.60606060606061,75.06060606060606,1554,1121,1172,1305,1307,1374
518,58,78.46,0.36858271730818243,28,84.26470588235294,75.72727272727273,75.21212121212122,1558,1123,1176,1306,1307,1376
519,55,78.61,0.3691451469278718,28,84.38235294117646,75.87878787878788,75.39393939393939,1562,1125,1181,1307,1307,1379
520,55,78.76,0.36971051295073637,28,84.5,76.03030303030303,75.57575757575758,1566,1127,1186,1308,1307,1382
521,66,78.89,0.37020281404487265,28,84.58823529411765,76.15151515151516,75.75757575757575,1569,1129,1191,1309,1307,1384
522,62,79.02,0.37064287522146294,28,84.67647058823529,76.3030303030303,75.9090909090909,1572,1131,1195,1310,1307,1387
523,64,79.15,0.37108401768793425,28,84.76470588235294,76.45454545454545,76.06060606060606,1575,1133,1199,1311,1307,1390
524,62,79.29,0.37156640181611805,28,84.8529411764706,76.60606060606061,76.24242424242425,1578,1135,1203,1313,1307,1393
525,60,79.4,0.37193450881612095,28,84.94117647058823,76.6969696969697,76.39393939393939,1581,1137,1207,1314,1307,1394
526,63,79.49,0.3723751415272361,28,85.02941176470588,76.75757575757575,76.51515151515152,1584,1139,1210,1315,1307,1394
527,53,79.59,0.3728948360346777,28,85.1470588235294,76.81818181818181,76.63636363636364,1588,1141,1213,1316,1307,1394
528,52,79.69,0.3734182457020956,28,85.26470588235294,76.87878787878788,76.75757575757575,1592,1143,1216,1317,1307,1394
529,55,79.78,0.37389069942341435,28,85.3529411764706,76.93939393939394,76.87878787878788,1595,1145,1219,1318,1307,1394
530,58,79.87,0.3743370477025166,28,85.44117647058823,77.0,77.0,1598,1147,1222,1319,1307,1394
531,65,79.98,0.3745011252813203,28,85.52941176470588,77.06060606060606,77.18181818181819,1601,1149,1226,1321,1307,1394
532,60,80.12,0.374800299550674,28,85.6470588235294,77.18181818181819,77.36363636363636,1605,1151,1230,1323,1307,1396
533,62,80.25,0.3750841121495327,28,85.73529411764706,77.33333333333333,77.51515151515152,1608,1154,1233,1325,1307,1398
534,49,80.38,0.3753744712615078,28,85.82352941176471,77.48484848484848,77.66666666666667,1611,1157,1236,1327,1307,1400
535,51,80.48,0.3757231610337972,28,85.88235294117646,77.60606060606061,77.78787878787878,1613,1160,1238,1329,1307,1401
536,48,80.57,0.37600968102271315,28,85.94117647058823,77.6969696969697,77.9090909090909,1615,1162,1240,1331,1307,1402
537,48,80.66,0.3763005207041904,28,86.02941176470588,77.75757575757575,78.03030303030303,1618,1163,1242,1333,1307,1403
538,47,80.76,0.37666666666666665,28,86.11764705882354,77.84848484848484,78.15151515151516,1621,1165,1244,1335,1307,1404
539,46,80.86,0.3770343804105862,28,86.20588235294117,77.96969696969697,78.24242424242425,1624,1167,1246,1336,1307,1406
540,45,80.96,0.37740612648221344,28,86.29411764705883,78.0909090909091,78.33333333333333,1627,1169,1248,1337,1307,1408
541,45,81.05,0.37770635410240594,28,86.38235294117646,78.18181818181819,78.42424242424242,1630,1170,1250,1338,1307,1410
542,40,81.13,0.37796499445334647,28,86.44117647058823,78.27272727272727,78.51515151515152,1632,1171,1252,1339,1307,1412
543,45,81.2,0.37820443349753696,28,86.5,78.33333333333333,78.60606060606061,1634,1172,1254,1340,1307,1413
544,38,81.27,0.37844592100406055,28,86.55882352941177,78.39393939393939,78.6969696969697,1636,1173,1256,1341,1307,1414
545,43,81.34,0.37869436931399064,28,86.61764705882354,78.45454545454545,78.78787878787878,1638,1174,1258,1342,1307,1415
546,48,81.41,0.37894484707038445,28,86.67647058823529,78.51515151515152,78.87878787878788,1640,1175,1260,1343,1307,1416
547,40,81.49,0.37917904037305195,28,86.76470588235294,78.57575757575758,78.96969696969697,1643,1176,1262,1344,1307,1417
548,38,81.57,0.379425033713375,28,86.8529411764706,78.63636363636364,79.06060606060606,1646,1177,1264,1345,1307,1418
549,46,81.64,0.3796570308672219,28,86.94117647058823,78.6969696969697,79.12121212121212,1649,1178,1265,1346,1307,1419
550,44,81.72,0.3799192364170338,28,87.02941176470588,78.75757575757575,79.21212121212122,1652,1179,1267,1347,1307,1420
551,45,81.8,0.38018826405867967,28,87.11764705882354,78.81818181818181,79.3030303030303,1655,1180,1269,1348,1307,1421
552,49,81.88,0.38046897899364923,28,87.20588235294117,78.87878787878788,79.39393939393939,1658,1181,1271,1349,1307,1422
553,41,81.96,0.3807515861395803,28,87.29411764705883,78.93939393939394,79.48484848484848,1661,1182,1273,1350,1307,1423
554,36,82.04,0.38103607996099464,28,87.38235294117646,79.0,79.57575757575758,1664,1183,1275,1351,1307,1424
555,42,82.13,0.3813089005235602,28,87.5,79.06060606060606,79.66666666666667,1667,1184,1277,1352,1308,1425
556,46,82.21,0.3816214572436444,28,87.58823529411765,79.12121212121212,79.75757575757575,1670,1185,1279,1353,1308,1426
557,38,82.29,0.3819431279620853,28,87.67647058823529,79.18181818181819,79.84848484848484,1673,1186,1281,1354,1308,1427
558,42,82.37,0.3822666019181741,28,87.76470588235294,79.24242424242425,79.93939393939394,1676,1187,1283,1355,1308,1428
559,49,82.45,0.38259915100060643,28,87.8529411764706,79.3030303030303,80.03030303030303,1679,1188,1285,1356,1308,1429
560,52,82.54,0.38291979646232127,28,87.97058823529412,79.36363636363636,80.12121212121212,1682,1189,1287,1357,1309,1430
561,52,82.63,0.3832494251482512,28,88.08823529411765,79.42424242424242,80.21212121212122,1685,1190,1289,1358,1310,1431
562,46,82.72,0.383580754352031,28,88.20588235294117,79.48484848484848,80.3030303030303,1688,1191,1291,1359,1311,1432
563,52,82.81,0.3839161936964135,28,88.32352941176471,79.54545454545455,80.39393939393939,1691,1192,1293,1360,1312,1433
564,45,82.91,0.3842757206609576,28,88.47058823529412,79.60606060606061,80.48484848484848,1695,1193,1295,1361,1313,1434
565,53,83.01,0.38463679074810264,28,88.61764705882354,79.66666666666667,80.57575757575758,1699,1194,1297,1362,1314,1435
566,49,83.11,0.384999398387679,28,88.76470588235294,79.72727272727273,80.66666666666667,1703,1195,1299,1363,1315,1436
567,47,83.19,0.3852878951797091,28,88.88235294117646,79.78787878787878,80.72727272727273,1706,1196,1300,1364,1316,1437
568,47,83.28,0.3856460134486071,28,89.0,79.84848484848484,80.81818181818181,1709,1197,1302,1365,1317,1438
569,51,83.36,0.38593809980806143,28,89.08823529411765,79.9090909090909,80.9090909090909,1711,1198,1304,1366,1318,1439
570,49,83.44,0.3862320230105465,28,89.17647058823529,79.96969696969697,81.0,1713,1199,1306,1367,1319,1440
571,43,83.53,0.38639410990063455,28,89.32352941176471,80.03030303030303,81.06060606060606,1716,1200,1307,1368,1321,1441
572,43,83.62,0.3865582396555848,28,89.47058823529412,80.0909090909091,81.12121212121212,1719,1201,1308,1369,1323,1442
573,37,83.71,0.38672679488711026,28,89.58823529411765,80.15151515151516,81.21212121212122,1721,1202,1310,1370,1325,1443
574,37,83.8,0.3869045346062052,28,89.70588235294117,80.21212121212122,81.3030303030303,1723,1203,1312,1371,1327,1444
575,39,83.9,0.3871489868891538,28,89.8529411764706,80.27272727272727,81.39393939393939,1726,1204,1314,1372,1329,1445
576,35,84.0,0.38739761904761905,28,90.0,80.33333333333333,81.48484848484848,1729,1205,1316,1373,1331,1446
577,39,84.08,0.38753092293054237,28,90.11764705882354,80.39393939393939,81.54545454545455,1731,1206,1317,1374,1333,1447
578,37,84.16,0.3876663498098859,28,90.23529411764706,80.45454545454545,81.60606060606061,1733,1207,1318,1375,1335,1448
579,34,84.25,0.38787299703264094,28,90.38235294117646,80.51515151515152,81.66666666666667,1736,1208,1319,1376,1337,1449
580,31,84.34,0.38809343134930047,28,90.52941176470588,80.57575757575758,81.72727272727273,1739,1209,1320,1377,1339,1450
581,26,84.42,0.38825159914712154,28,90.6470588235294,80.63636363636364,81.78787878787878,1741,1210,1321,1378,1341,1451
582,23,84.48,0.38832149621212125,28,90.76470588235294,80.66666666666667,81.81818181818181,1743,1210,1321,1379,1343,1452
583,22,84.55,0.3882779420461266,28,90.88235294117646,80.6969696969697,81.87878787878788,1745,1210,1321,1381,1345,1453
584,28,84.61,0.38821534097624394,28,91.0,80.72727272727273,81.9090909090909,1747,1210,1321,1382,1347,1454
585,29,84.69,0.3882595347738812,28,91.11764705882354,80.75757575757575,82.0,1749,1210,1323,1383,1349,1455
586,27,84.77,0.3883201604341158,28,91.23529411764706,80.78787878787878,82.0909090909091,1751,1210,1325,1384,1351,1456
587,22,84.85,0.38839717147908076,28,91.3529411764706,80.81818181818181,82.18181818181819,1753,1210,1327,1385,1353,1457
588,15,84.92,0.38842910975035333,28,91.47058823529412,80.84848484848484,82.24242424242425,1755,1210,1328,1386,1355,1458
589,16,84.97,0.38851712369071434,28,91.58823529411765,80.87878787878788,82.24242424242425,1757,1210,1328,1386,1357,1459
590,19,85.03,0.38852052216864635,28,91.70588235294117,80.9090909090909,82.27272727272727,1759,1210,1328,1387,1359,1460
591,13,85.09,0.3885356681161124,28,91.82352941176471,80.93939393939394,82.3030303030303,1761,1210,1328,1388,1361,1461
592,8,85.14,0.3885318299271788,28,91.91176470588235,80.96969696969697,82.33333333333333,1762,1210,1328,1389,1363,1462
593,5,85.17,0.3885675707408712,28,92.0,80.96969696969697,82.33333333333333,1763,1210,1328,1389,1365,1462
594,3,85.19,0.3885491254842118,28,92.05882352941177,80.96969696969697,82.33333333333333,1763,1210,1328,1389,1367,1462
595,7,85.21,0.3885377303133435,28,92.11764705882354,80.96969696969697,82.33333333333333,1763,1210,1328,1389,1369,1462
596,10,85.24,0.38852182074143593,28,92.1470588235294,80.96969696969697,82.39393939393939,1763,1210,1329,1390,1370,1462
597,9,85.28,0.3885647279549718,28,92.17647058823529,81.0,82.45454545454545,1763,1211,1330,1391,1371,1462
598,4,85.33,0.3886733856791281,28,92.23529411764706,81.03030303030303,82.51515151515152,1764,1212,1331,1392,1372,1462
599,4,85.36,0.3887277413308341,28,92.26470588235294,81.06060606060606,82.54545454545455,1765,1213,1331,1393,1372,1462
600,11,85.38,0.3888498477395174,28,92.32352941176471,81.06060606060606,82.54545454545455,1767,1213,1331,1393,1372,1462
601,10,85.42,0.3889627721845001,28,92.38235294117646,81.0909090909091,82.57575757575758,1769,1214,1331,1394,1372,1462
602,8,85.47,0.3889235989235989,28,92.47058823529412,81.12121212121212,82.60606060606061,1771,1215,1331,1395,1373,1462
603,10,85.51,0.38882586831949484,28,92.52941176470588,81.15151515151516,82.63636363636364,1772,1216,1331,1396,1374,1462
604,10,85.54,0.38878419452887536,28,92.58823529411765,81.18181818181819,82.63636363636364,1773,1217,1331,1396,1375,1462
605,9,85.58,0.3888081327412947,28,92.67647058823529,81.21212121212122,82.63636363636364,1775,1218,1331,1396,1376,1462
606,10,85.63,0.38878780801121104,28,92.76470588235294,81.24242424242425,82.66666666666667,1777,1219,1331,1397,1377,1462
607,6,85.67,0.3886973269522586,28,92.82352941176471,81.24242424242425,82.72727272727273,1778,1219,1332,1398,1378,1462
608,10,85.69,0.3886952970008169,28,92.82352941176471,81.24242424242425,82.78787878787878,1778,1219,1333,1399,1378,1462
609,7,85.72,0.3887564162389174,28,92.8529411764706,81.24242424242425,82.84848484848484,1779,1219,1334,1400,1378,1462
610,5,85.74,0.3887800326568696,28,92.88235294117646,81.24242424242425,82.87878787878788,1780,1219,1334,1401,1378,1462
611,3,85.76,0.3888036380597015,28,92.91176470588235,81.24242424242425,82.9090909090909,1781,1219,1334,1402,1378,1462
612,2,85.77,0.38877812755042557,28,92.91176470588235,81.24242424242425,82.93939393939394,1781,1219,1334,1403,1378,1462
613,7,85.78,0.3887572860806715,28,92.91176470588235,81.24242424242425,82.96969696969697,1781,1219,1334,1404,1378,1462
614,10,85.81,0.3888649341568582,28,92.94117647058823,81.27272727272727,83.0,1782,1220,1334,1405,1378,1462
615,12,85.85,0.38908910891089105,28,92.97058823529412,81.3030303030303,83.06060606060606,1783,1221,1336,1405,1378,1462
616,17,85.89,0.3893130748631971,28,93.0,81.33333333333333,83.12121212121212,1784,1222,1338,1405,1378,1462
617,25,85.93,0.38953683230536484,28,93.02941176470588,81.36363636363636,83.18181818181819,1785,1223,1340,1405,1378,1462
618,29,85.98,0.3898185624563852,28,93.08823529411765,81.39393939393939,83.24242424242425,1787,1224,1342,1405,1378,1462
619,33,86.03,0.3900999651284436,28,93.1470588235294,81.42424242424242,83.3030303030303,1789,1225,1344,1405,1378,1462
620,33,86.09,0.3902532233708909,28,93.23529411764706,81.45454545454545,83.36363636363636,1791,1226,1346,1405,1379,1462
621,38,86.16,0.3904572887650882,28,93.32352941176471,81.51515151515152,83.42424242424242,1793,1227,1348,1405,1380,1463
622,36,86.24,0.39068413729128015,28,93.44117647058823,81.57575757575758,83.48484848484848,1795,1228,1350,1405,1382,1464
623,34,86.32,0.39091288229842447,28,93.55882352941177,81.63636363636364,83.54545454545455,1797,1229,1352,1405,1384,1465
624,34,86.41,0.3910670061335494,28,93.70588235294117,81.6969696969697,83.60606060606061,1799,1230,1354,1405,1387,1466
625,29,86.49,0.39115851543531044,28,93.82352941176471,81.75757575757575,83.66666666666667,1800,1231,1356,1405,1390,1467
626,27,86.57,0.39127064803049555,28,93.97058823529412,81.81818181818181,83.6969696969697,1802,1232,1357,1405,1393,1468
627,29,86.64,0.39134349030470916,28,94.08823529411765,81.84848484848484,83.75757575757575,1803,1232,1359,1405,1396,1469
628,31,86.71,0.39142082804751466,28,94.20588235294117,81.87878787878788,83.81818181818181,1804,1232,1361,1405,1399,1470
629,33,86.78,0.39150725973726663,28,94.32352941176471,81.9090909090909,83.87878787878788,1805,1232,1363,1405,1402,1471
630,26,86.85,0.39160276338514677,28,94.44117647058823,81.93939393939394,83.93939393939394,1806,1232,1365,1405,1405,1472
631,19,86.92,0.39170501610676484,28,94.55882352941177,81.96969696969697,84.0,1807,1232,1367,1405,1408,1473
632,15,86.99,0.3918117024945396,28,94.67647058823529,82.0,84.06060606060606,1808,1232,1369,1405,1411,1474
633,9,87.05,0.39187478460654795,28,94.79411764705883,82.03030303030303,84.0909090909091,1809,1232,1370,1405,1414,1475
634,5,87.09,0.391968078998737,28,94.8529411764706,82.06060606060606,84.12121212121212,1809,1232,1371,1405,1416,1476
635,3,87.11,0.3919607392951441,28,94.91176470588235,82.06060606060606,84.12121212121212,1809,1232,1371,1405,1418,1476
636,2,87.12,0.39192607897153353,28,94.94117647058823,82.06060606060606,84.12121212121212,1809,1232,1371,1405,1419,1476
637,1,87.13,0.39189831286583265,28,94.97058823529412,82.06060606060606,84.12121212121212,1809,1232,1371,1405,1420,1476
638,0,87.14,0.3918751434473261,28,95.0,82.06060606060606,84.12121212121212,1809,1232,1371,1405,1421,1476
639,0,87.14,0.3918751434473261,28,95.0,82.06060606060606,84.12121212121212,1809,1232,1371,1405,1421,1476
640,0,87.14,0.3918751434473261,28,95.0,82.06060606060606,84.12121212121212,1809,1232,1371,1405,1421,1476
641,0,87.14,0.3918751434473261,28,95.0,82.06060606060606,84.12121212121212,1809,1232,1371,1405,1421,1476
642,0,87.14,0.3918751434473261,28,95.0,82.06060606060606,84.12121212121212,1809,1232,1371,1405,1421,1476
643,0,87.14,0.3918751434473261,28,95.0,82.06060606060606,84.12121212121212,1809,1232,1371,1405,1421,1476
644,0,87.14,0.3918751434473261,28,95.0,82.06060606060606,84.12121212121212,1809,1232,1371,1405,1421,1476
645,0,87.14,0.3918751434473261,28,95.0,82.06060606060606,84.12121212121212,1809,1232,1371,1405,1421,1476
646,0,87.14,0.3918751434473261,28,95.0,82.06060606060606,84.12121212121212,1809,1232,1371,1405,1421,1476
647,0,87.14,0.3918751434473261,28,95.0,82.06060606060606,84.12121212121212,1809,1232,1371,1405,1421,1476
648,6,87.14,0.3918751434473261,28,95.0,82.06060606060606,84.12121212121212,1809,1232,1371,1405,1421,1476
649,7,87.16,0.3919389628269848,28,95.05882352941177,82.06060606060606,84.12121212121212,1811,1232,1371,1405,1421,1476
650,7,87.19,0.39187406812707876,28,95.11764705882354,82.06060606060606,84.15151515151516,1813,1232,1371,1406,1421,1476
651,6,87.23,0.39183881692078415,28,95.17647058823529,82.06060606060606,84.21212121212122,1815,1232,1372,1407,1421,1476
652,6,87.26,0.39192757277102913,28,95.23529411764706,82.06060606060606,84.24242424242425,1817,1232,1373,1407,1421,1476
653,6,87.29,0.39201855882689884,28,95.29411764705883,82.06060606060606,84.27272727272727,1819,1232,1374,1407,1421,1476
654,6,87.32,0.39196060467246907,28,95.3529411764706,82.06060606060606,84.3030303030303,1821,1232,1374,1408,1421,1476
655,6,87.35,0.3919072696050372,28,95.41176470588235,82.06060606060606,84.33333333333333,1823,1232,1374,1409,1421,1476
656,6,87.38,0.39182192721446557,28,95.44117647058823,82.06060606060606,84.39393939393939,1824,1232,1375,1410,1421,1476
657,6,87.41,0.3919151126873356,28,95.5,82.06060606060606,84.42424242424242,1826,1232,1376,1410,1421,1476
658,6,87.44,0.39200823421774933,28,95.55882352941177,82.06060606060606,84.45454545454545,1828,1232,1377,1410,1421,1476
659,6,87.47,0.39210129187149884,28,95.61764705882354,82.06060606060606,84.48484848484848,1830,1232,1378,1410,1421,1476
660,6,87.5,0.3921988571428572,28,95.67647058823529,82.06060606060606,84.51515151515152,1832,1232,1379,1410,1421,1476
661,6,87.53,0.3922986404661259,28,95.73529411764706,82.06060606060606,84.54545454545455,1834,1232,1380,1410,1421,1476
662,6,87.56,0.39239835541343077,28,95.79411764705883,82.06060606060606,84.57575757575758,1836,1232,1381,1410,1421,1476
663,6,87.59,0.39250028542071014,28,95.8529411764706,82.06060606060606,84.60606060606061,1838,1232,1382,1410,1421,1476
664,6,87.62,0.39260442821273683,28,95.91176470588235,82.06060606060606,84.63636363636364,1840,1232,1383,1410,1421,1476
665,6,87.65,0.3927084997147747,28,95.97058823529412,82.06060606060606,84.66666666666667,1842,1232,1384,1410,1421,1476
666,6,87.68,0.3928125,28,96.02941176470588,82.06060606060606,84.6969696969697,1844,1232,1385,1410,1421,1476
667,6,87.71,0.3929187093831946,28,96.08823529411765,82.06060606060606,84.72727272727273,1846,1232,1386,1410,1421,1476
668,6,87.74,0.39302712559835884,28,96.1470588235294,82.06060606060606,84.75757575757575,1848,1232,1387,1410,1421,1476
669,6,87.77,0.39313774638259086,28,96.20588235294117,82.06060606060606,84.78787878787878,1850,1232,1388,1410,1421,1476
670,6,87.8,0.393248291571754,28,96.26470588235294,82.06060606060606,84.81818181818181,1852,1232,1389,1410,1421,1476
671,6,87.83,0.39335876124331093,28,96.32352941176471,82.06060606060606,84.84848484848484,1854,1232,1390,1410,1421,1476
672,6,87.86,0.39328704757568855,28,96.38235294117646,82.06060606060606,84.87878787878788,1856,1232,1390,1411,1421,1476
673,3,87.89,0.3932153828649448,28,96.44117647058823,82.06060606060606,84.9090909090909,1858,1232,1390,1412,1421,1476
674,1,87.91,0.3932965532931407,28,96.5,82.06060606060606,84.9090909090909,1860,1232,1390,1412,1421,1476
675,0,87.92,0.39335759781619656,28,96.52941176470588,82.06060606060606,84.9090909090909,1861,1232,1390,1412,1421,1476
676,0,87.92,0.39335759781619656,28,96.52941176470588,82.06060606060606,84.9090909090909,1861,1232,1390,1412,1421,1476
677,0,87.92,0.39335759781619656,28,96.52941176470588,82.06060606060606,84.9090909090909,1861,1232,1390,1412,1421,1476
678,0,87.92,0.39335759781619656,28,96.52941176470588,82.06060606060606,84.9090909090909,1861,1232,1390,1412,1421,1476
679,0,87.92,0.39335759781619656,28,96.52941176470588,82.06060606060606,84.9090909090909,1861,1232,1390,1412,1421,1476
680,0,87.92,0.39335759781619656,28,96.52941176470588,82.06060606060606,84.9090909090909,1861,1232,1390,1412,1421,1476
681,0,87.92,0.39335759781619656,28,96.52941176470588,82.06060606060606,84.9090909090909,1861,1232,1390,1412,1421,1476
682,0,87.92,0.39335759781619656,28,96.52941176470588,82.06060606060606,84.9090909090909,1861,1232,1390,1412,1421,1476
683,0,87.92,0.39335759781619656,28,96.52941176470588,82.06060606060606,84.9090909090909,1861,1232,1390,1412,1421,1476
684,0,87.92,0.39335759781619656,28,96.52941176470588,82.06060606060606,84.9090909090909,1861,1232,1390,1412,1421,1476
685,0,87.92,0.39335759781619656,28,96.52941176470588,82.06060606060606,84.9090909090909,1861,1232,1390,1412,1421,1476
686,0,87.92,0.39335759781619656,28,96.52941176470588,82.06060606060606,84.9090909090909,1861,1232,1390,1412,1421,1476
687,0,87.92,0.39335759781619656,28,96.52941176470588,82.06060606060606,84.9090909090909,1861,1232,1390,1412,1421,1476
688,0,87.92,0.39335759781619656,28,96.52941176470588,82.06060606060606,84.9090909090909,1861,1232,1390,1412,1421,1476
689,3,87.92,0.39335759781619656,28,96.52941176470588,82.06060606060606,84.9090909090909,1861,1232,1390,1412,1421,1476
690,11,87.93,0.39334356874786763,28,96.52941176470588,82.06060606060606,84.93939393939394,1861,1232,1390,1413,1421,1476
691,11,87.96,0.393356070941337,28,96.52941176470588,82.0909090909091,85.0,1861,1233,1391,1414,1421,1476
692,10,88.0,0.39344772727272725,28,96.55882352941177,82.12121212121212,85.06060606060606,1862,1234,1392,1415,1421,1476
693,9,88.04,0.3935393003180373,28,96.58823529411765,82.15151515151516,85.12121212121212,1863,1235,1393,1416,1421,1476
694,8,88.08,0.3936353315168029,28,96.61764705882354,82.18181818181819,85.18181818181819,1864,1236,1394,1417,1421,1476
695,7,88.12,0.3937380844303223,28,96.6470588235294,82.21212121212122,85.24242424242425,1865,1237,1395,1418,1421,1476
696,13,88.15,0.3938434486670448,28,96.67647058823529,82.24242424242425,85.27272727272727,1866,1238,1396,1418,1421,1476
697,17,88.2,0.3940272108843537,28,96.76470588235294,82.27272727272727,85.3030303030303,1869,1239,1397,1418,1421,1476
698,17,88.26,0.3942442782687514,28,96.8529411764706,82.3030303030303,85.36363636363636,1872,1240,1399,1418,1421,1476
699,17,88.32,0.39446784420289854,28,96.94117647058823,82.33333333333333,85.42424242424242,1875,1241,1401,1418,1421,1476
700,20,88.38,0.3946911065852003,28,97.02941176470588,82.36363636363636,85.48484848484848,1878,1242,1403,1418,1421,1476
701,19,88.45,0.39483889202939515,28,97.1470588235294,82.39393939393939,85.54545454545455,1881,1243,1405,1418,1422,1476
702,22,88.51,0.395061574963281,28,97.23529411764706,82.42424242424242,85.60606060606061,1884,1244,1407,1418,1422,1476
703,30,88.58,0.3953420636712576,28,97.32352941176471,82.45454545454545,85.6969696969697,1887,1245,1410,1418,1422,1476
704,26,88.65,0.3956221094190637,28,97.41176470588235,82.48484848484848,85.78787878787878,1890,1246,1413,1418,1422,1476
705,34,88.72,0.3959062218214608,28,97.5,82.51515151515152,85.87878787878788,1893,1247,1416,1418,1422,1476
706,29,88.8,0.39619369369369367,28,97.58823529411765,82.54545454545455,86.0,1896,1248,1419,1419,1422,1476
707,27,88.88,0.39648514851485145,28,97.67647058823529,82.57575757575758,86.12121212121212,1899,1249,1422,1420,1422,1476
708,31,88.96,0.39677607913669066,28,97.76470588235294,82.60606060606061,86.24242424242425,1902,1250,1425,1421,1422,1476
709,26,89.04,0.3970664869721473,28,97.8529411764706,82.63636363636364,86.36363636363636,1905,1251,1428,1422,1422,1476
710,25,89.11,0.3973571989675682,28,97.94117647058823,82.66666666666667,86.45454545454545,1908,1252,1431,1422,1422,1476
711,30,89.18,0.39764745458623013,28,98.02941176470588,82.6969696969697,86.54545454545455,1911,1253,1434,1422,1422,1476
712,26,89.25,0.3979372549019608,28,98.11764705882354,82.72727272727273,86.63636363636364,1914,1254,1437,1422,1422,1476
713,25,89.32,0.3982266009852217,28,98.20588235294117,82.75757575757575,86.72727272727273,1917,1255,1440,1422,1422,1476
714,30,89.39,0.3985177312898534,28,98.29411764705883,82.78787878787878,86.81818181818181,1920,1256,1443,1422,1422,1476
715,26,89.46,0.3988084059915046,28,98.38235294117646,82.81818181818181,86.9090909090909,1923,1257,1446,1422,1422,1476
716,25,89.53,0.3990986261588294,28,98.47058823529412,82.84848484848484,87.0,1926,1258,1449,1422,1422,1476
717,30,89.6,0.39939285714285716,28,98.55882352941177,82.87878787878788,87.0909090909091,1929,1259,1452,1422,1422,1476
718,26,89.67,0.39969108955057436,28,98.6470588235294,82.9090909090909,87.18181818181819,1932,1260,1455,1422,1422,1476
719,25,89.74,0.3999910853577,28,98.73529411764706,82.93939393939394,87.27272727272727,1935,1261,1458,1422,1422,1476
720,30,89.81,0.4002906135174257,28,98.82352941176471,82.96969696969697,87.36363636363636,1938,1262,1461,1422,1422,1476
721,26,89.88,0.4005896751223854,28,98.91176470588235,83.0,87.45454545454545,1941,1263,1464,1422,1422,1476
722,25,89.95,0.4008904947192885,28,99.0,83.03030303030303,87.54545454545455,1944,1264,1467,1422,1422,1476
723,30,90.02,0.40119084647856035,28,99.08823529411765,83.06060606060606,87.63636363636364,1947,1265,1470,1422,1422,1476
724,26,90.09,0.40149073149073145,28,99.17647058823529,83.0909090909091,87.72727272727273,1950,1266,1473,1422,1422,1476
725,25,90.16,0.40179236912156163,28,99.26470588235294,83.12121212121212,87.81818181818181,1953,1267,1476,1422,1422,1476
726,30,90.23,0.4020957552920315,28,99.3529411764706,83.15151515151516,87.9090909090909,1956,1268,1479,1422,1422,1476
727,26,90.3,0.4024008859357696,28,99.44117647058823,83.18181818181819,88.0,1959,1269,1482,1422,1422,1476
728,25,90.37,0.40270775699900413,28,99.52941176470588,83.21212121212122,88.0909090909091,1962,1270,1485,1422,1422,1476
729,30,90.44,0.40301636444051303,28,99.61764705882354,83.24242424242425,88.18181818181819,1965,1271,1488,1422,1422,1476
730,26,90.51,0.4033267042315767,28,99.70588235294117,83.27272727272727,88.27272727272727,1968,1272,1491,1422,1422,1476
731,25,90.58,0.40363877235592843,28,99.79411764705883,83.3030303030303,88.36363636363636,1971,1273,1494,1422,1422,1476
732,30,90.65,0.40395035852178707,28,99.88235294117646,83.33333333333333,88.45454545454545,1974,1274,1497,1422,1422,1476
733,26,90.72,0.4042636684303351,28,99.97058823529412,83.36363636363636,88.54545454545455,1977,1275,1500,1422,1422,1476
734,25,90.79,0.40457649520872346,28,100.05882352941177,83.39393939393939,88.63636363636364,1980,1276,1503,1422,1422,1476
735,30,90.86,0.4048910411622276,28,100.1470588235294,83.42424242424242,88.72727272727273,1983,1277,1506,1422,1422,1476
736,29,90.93,0.4052051028263499,28,100.23529411764706,83.45454545454545,88.81818181818181,1986,1278,1509,1422,1422,1476
737,29,91.02,0.4054185893210283,28,100.32352941176471,83.54545454545455,88.9090909090909,1989,1280,1512,1422,1422,1477
738,36,91.1,0.40559824368825464,28,100.41176470588235,83.60606060606061,89.0,1992,1281,1515,1422,1422,1478
739,31,91.18,0.4057622285588945,28,100.47058823529412,83.66666666666667,89.12121212121212,1994,1282,1519,1422,1422,1479
740,28,91.27,0.40594609400679305,28,100.52941176470588,83.75757575757575,89.24242424242425,1996,1284,1523,1422,1422,1480
741,31,91.36,0.40612959719789843,28,100.58823529411765,83.84848484848484,89.36363636363636,1998,1286,1527,1422,1422,1481
742,27,91.43,0.4062594334463524,28,100.67647058823529,83.9090909090909,89.42424242424242,2001,1287,1529,1422,1422,1482
743,26,91.5,0.4063890710382514,28,100.76470588235294,83.96969696969697,89.48484848484848,2004,1288,1531,1422,1422,1483
744,28,91.57,0.4065185104291799,28,100.8529411764706,84.03030303030303,89.54545454545455,2007,1289,1533,1422,1422,1484
745,20,91.65,0.40664811783960725,28,100.94117647058823,84.0909090909091,89.63636363636364,2010,1290,1535,1423,1422,1485
746,18,91.7,0.40690948745910577,28,101.02941176470588,84.0909090909091,89.6969696969697,2013,1290,1537,1423,1422,1485
747,23,91.74,0.4071070416394157,28,101.08823529411765,84.0909090909091,89.75757575757575,2015,1290,1539,1423,1422,1485
748,19,91.78,0.40730442362170405,28,101.1470588235294,84.0909090909091,89.81818181818181,2017,1290,1541,1423,1422,1485
749,18,91.82,0.40750381180570683,28,101.20588235294117,84.0909090909091,89.87878787878788,2019,1290,1543,1423,1422,1485
750,23,91.86,0.40770302634443717,28,101.26470588235294,84.0909090909091,89.93939393939394,2021,1290,1545,1423,1422,1485
751,19,91.9,0.4079020674646355,28,101.32352941176471,84.0909090909091,90.0,2023,1290,1547,1423,1422,1485
752,18,91.94,0.40810093539264736,28,101.38235294117646,84.0909090909091,90.06060606060606,2025,1290,1549,1423,1422,1485
753,23,91.98,0.4082996303544249,28,101.44117647058823,84.0909090909091,90.12121212121212,2027,1290,1551,1423,1422,1485
754,25,92.02,0.4084981525755271,28,101.5,84.0909090909091,90.18181818181819,2029,1290,1553,1423,1422,1485
755,28,92.08,0.4087641181581234,28,101.55882352941177,84.12121212121212,90.27272727272727,2031,1291,1556,1423,1422,1485
756,33,92.15,0.40909278350515466,28,101.6470588235294,84.15151515151516,90.36363636363636,2034,1292,1559,1423,1422,1485
757,32,92.22,0.4094231186293646,28,101.73529411764706,84.18181818181819,90.45454545454545,2037,1293,1562,1423,1422,1485
758,34,92.29,0.40975511973128187,28,101.82352941176471,84.21212121212122,90.54545454545455,2040,1294,1565,1423,1422,1485
759,39,92.36,0.4100866175833694,28,101.91176470588235,84.24242424242425,90.63636363636364,2043,1295,1568,1423,1422,1485
760,38,92.43,0.4104197771286379,28,102.0,84.27272727272727,90.72727272727273,2046,1296,1571,1423,1422,1485
761,43,92.5,0.4107524324324324,28,102.08823529411765,84.3030303030303,90.81818181818181,2049,1297,1574,1423,1422,1485
762,47,92.58,0.41111255130697777,28,102.17647058823529,84.36363636363636,90.9090909090909,2052,1299,1577,1423,1422,1485
763,40,92.68,0.4115019421665947,28,102.29411764705883,84.42424242424242,91.03030303030303,2056,1301,1580,1424,1422,1485
764,36,92.78,0.4118926492778616,28,102.41176470588235,84.48484848484848,91.15151515151516,2060,1303,1583,1425,1422,1485
765,39,92.87,0.4122590718208248,28,102.52941176470588,84.51515151515152,91.27272727272727,2064,1304,1586,1426,1422,1485
766,34,92.95,0.412592791823561,28,102.61764705882354,84.54545454545455,91.39393939393939,2067,1305,1589,1427,1422,1485
767,32,93.03,0.4129280877136408,28,102.70588235294117,84.57575757575758,91.51515151515152,2070,1306,1592,1428,1422,1485
768,36,93.11,0.41326280743206956,28,102.79411764705883,84.60606060606061,91.63636363636364,2073,1307,1595,1429,1422,1485
769,34,93.19,0.4135969524627106,28,102.88235294117646,84.63636363636364,91.75757575757575,2076,1308,1598,1430,1422,1485
770,31,93.28,0.4139622641509434,28,103.0,84.66666666666667,91.87878787878788,2080,1309,1601,1431,1422,1485
771,41,93.36,0.4143016281062553,28,103.11764705882354,84.66666666666667,92.0,2084,1309,1604,1432,1422,1485
772,44,93.45,0.41469555912252537,28,103.23529411764706,84.66666666666667,92.15151515151516,2088,1309,1608,1433,1422,1485
773,45,93.56,0.41514322359982897,28,103.3529411764706,84.72727272727273,92.3030303030303,2092,1311,1612,1434,1422,1485
774,49,93.67,0.41558983666061705,28,103.47058823529412,84.78787878787878,92.45454545454545,2096,1313,1616,1435,1422,1485
775,44,93.78,0.41603753465557686,28,103.58823529411765,84.84848484848484,92.60606060606061,2100,1315,1620,1436,1422,1485
776,42,93.89,0.4164863137714347,28,103.70588235294117,84.9090909090909,92.75757575757575,2104,1317,1624,1437,1422,1485
777,46,94.0,0.41693617021276597,28,103.82352941176471,84.96969696969697,92.9090909090909,2108,1319,1628,1438,1422,1485
778,47,94.11,0.4173892253745617,28,103.94117647058823,85.03030303030303,93.06060606060606,2112,1321,1632,1439,1422,1485
779,50,94.23,0.4176387562347448,28,104.05882352941177,85.12121212121212,93.21212121212122,2116,1324,1637,1439,1422,1485
780,58,94.36,0.41775752437473507,28,104.20588235294117,85.21212121212122,93.36363636363636,2121,1327,1642,1439,1422,1485
781,54,94.49,0.4178950153455392,28,104.3529411764706,85.3030303030303,93.51515151515152,2126,1330,1647,1439,1422,1485
782,56,94.62,0.4180469245402664,28,104.5,85.39393939393939,93.66666666666667,2131,1333,1652,1439,1422,1485
783,67,94.75,0.41820263852242745,28,104.6470588235294,85.48484848484848,93.81818181818181,2136,1336,1657,1439,1422,1485
784,68,94.89,0.41838866055432605,28,104.79411764705883,85.60606060606061,93.96969696969697,2141,1340,1662,1439,1422,1485
785,69,95.03,0.41858255287803847,28,104.94117647058823,85.72727272727273,94.12121212121212,2146,1344,1667,1439,1422,1485
786,84,95.18,0.418810674511452,28,105.08823529411765,85.87878787878788,94.27272727272727,2151,1348,1672,1439,1422,1486
787,87,95.33,0.41904437218084545,28,105.23529411764706,86.03030303030303,94.42424242424242,2156,1352,1677,1439,1422,1487
788,84,95.48,0.4192899036447424,28,105.38235294117646,86.18181818181819,94.57575757575758,2161,1356,1682,1439,1422,1488
789,90,95.63,0.41954930461152357,28,105.52941176470588,86.33333333333333,94.72727272727273,2166,1360,1687,1439,1422,1489
790,81,95.78,0.41981833368135313,28,105.67647058823529,86.48484848484848,94.87878787878788,2171,1364,1692,1439,1422,1490
791,78,95.93,0.42010111539664335,28,105.82352941176471,86.63636363636364,95.03030303030303,2176,1368,1697,1439,1422,1491
792,87,96.08,0.4203871773522065,28,105.97058823529412,86.78787878787878,95.18181818181819,2181,1372,1702,1439,1422,1492
793,84,96.23,0.42068897433232877,28,106.11764705882354,86.93939393939394,95.33333333333333,2186,1376,1707,1439,1422,1493
794,78,96.38,0.42100435775057066,28,106.26470588235294,87.0909090909091,95.48484848484848,2191,1380,1712,1439,1422,1494
795,85,96.52,0.4212784915043515,28,106.41176470588235,87.24242424242425,95.60606060606061,2196,1384,1716,1439,1422,1495
796,94,96.67,0.4216147719044171,28,106.55882352941177,87.39393939393939,95.75757575757575,2201,1388,1721,1439,1422,1496
797,90,96.83,0.42197562738820615,28,106.73529411764706,87.54545454545455,95.9090909090909,2207,1392,1726,1439,1422,1497
798,101,96.99,0.4223435405711929,28,106.91176470588235,87.6969696969697,96.06060606060606,2213,1396,1731,1439,1422,1498
799,93,97.16,0.4227027583367641,28,107.08823529411765,87.84848484848484,96.24242424242425,2219,1400,1736,1440,1422,1499
800,84,97.34,0.4230121224573659,28,107.29411764705883,88.0,96.42424242424242,2225,1404,1741,1441,1423,1500
801,99,97.52,0.4233264971287941,28,107.5,88.15151515151516,96.60606060606061,2231,1408,1746,1442,1424,1501
802,96,97.7,0.42365199590583413,28,107.70588235294117,88.3030303030303,96.78787878787878,2237,1412,1751,1443,1425,1502
803,84,97.88,0.4239885574172456,28,107.91176470588235,88.45454545454545,96.96969696969697,2243,1416,1756,1444,1426,1503
804,93,98.06,0.42433816031001426,28,108.11764705882354,88.60606060606061,97.15151515151516,2249,1420,1761,1445,1427,1504
805,88,98.23,0.4246594726661916,28,108.32352941176471,88.72727272727273,97.33333333333333,2255,1424,1766,1446,1428,1504
806,87,98.39,0.4249954263644679,28,108.52941176470588,88.84848484848484,97.48484848484848,2261,1428,1771,1446,1429,1504
807,95,98.55,0.42534652460679856,28,108.73529411764706,88.96969696969697,97.63636363636364,2267,1432,1776,1446,1430,1504
808,91,98.71,0.42570256306351945,28,108.94117647058823,89.0909090909091,97.78787878787878,2273,1436,1781,1446,1431,1504
809,84,98.87,0.4260635177505816,28,109.1470588235294,89.21212121212122,97.93939393939394,2279,1440,1786,1446,1432,1504
810,101,99.03,0.4264354236090074,28,109.3529411764706,89.33333333333333,98.0909090909091,2285,1444,1791,1446,1433,1504
811,96,99.2,0.42669758064516133,28,109.58823529411765,89.45454545454545,98.24242424242425,2291,1448,1796,1446,1435,1504
812,88,99.37,0.4269668914159203,28,109.82352941176471,89.57575757575758,98.39393939393939,2297,1452,1801,1446,1437,1504
813,94,99.55,0.4271190356604721,28,110.05882352941177,89.72727272727273,98.54545454545455,2303,1456,1806,1446,1439,1505
814,82,99.73,0.4272826631906147,28,110.29411764705883,89.87878787878788,98.6969696969697,2309,1460,1811,1446,1441,1506
815,76,99.91,0.4274757281553398,28,110.52941176470588,90.03030303030303,98.84848484848484,2315,1464,1816,1446,1443,1507
816,82,100.09,0.4276740933160156,28,110.76470588235294,90.18181818181819,99.0,2321,1468,1821,1446,1445,1508
817,76,100.27,0.42788371397227487,28,111.0,90.33333333333333,99.15151515151516,2327,1472,1826,1446,1447,1509
818,73,100.45,0.4281065206570433,28,111.23529411764706,90.48484848484848,99.3030303030303,2333,1476,1831,1446,1449,1510
819,91,100.63,0.4283344926960151,28,111.47058823529412,90.63636363636364,99.45454545454545,2339,1480,1836,1446,1451,1511
820,91,100.81,0.42856958635056047,28,111.70588235294117,90.78787878787878,99.60606060606061,2345,1484,1841,1446,1453,1512
821,85,100.99,0.42880978314684626,28,111.94117647058823,90.93939393939394,99.75757575757575,2351,1488,1846,1446,1455,1513
822,94,101.17,0.4290570327172087,28,112.17647058823529,91.0909090909091,99.9090909090909,2357,1492,1851,1446,1457,1514
823,91,101.35,0.4293211642821904,28,112.41176470588235,91.24242424242425,100.06060606060606,2363,1496,1856,1446,1459,1515
824,85,101.53,0.42959814833054266,28,112.6470588235294,91.39393939393939,100.21212121212122,2369,1500,1861,1446,1461,1516
825,88,101.71,0.4298820175007374,28,112.88235294117646,91.54545454545455,100.36363636363636,2375,1504,1866,1446,1463,1517
826,82,101.89,0.43013544018058686,28,113.11764705882354,91.6969696969697,100.51515151515152,2381,1508,1871,1446,1465,1518
827,69,102.08,0.4305094043887147,28,113.38235294117646,91.84848484848484,100.66666666666667,2387,1512,1876,1446,1468,1519
828,82,102.25,0.4308547677261614,28,113.61764705882354,92.0,100.78787878787878,2393,1516,1880,1446,1470,1520
829,76,102.43,0.43124963389631943,28,113.8529411764706,92.15151515151516,100.93939393939394,2399,1520,1885,1446,1472,1521
830,73,102.61,0.4316528603449956,28,114.08823529411765,92.3030303030303,101.0909090909091,2405,1524,1890,1446,1474,1522
831,77,102.78,0.43201206460400854,28,114.29411764705883,92.45454545454545,101.24242424242425,2410,1528,1895,1446,1476,1523
832,72,102.95,0.43229431762991744,28,114.5,92.57575757575758,101.42424242424242,2415,1531,1900,1447,1478,1524
833,64,103.12,0.43266291698991466,28,114.70588235294117,92.72727272727273,101.57575757575758,2420,1535,1905,1447,1480,1525
834,80,103.29,0.4328908897279504,28,114.91176470588235,92.9090909090909,101.6969696969697,2425,1540,1909,1447,1482,1526
835,78,103.46,0.43318383916489467,28,115.08823529411765,93.0909090909091,101.84848484848484,2429,1545,1914,1447,1484,1527
836,83,103.62,0.43347037251495846,28,115.26470588235294,93.27272727272727,101.96969696969697,2433,1550,1918,1447,1486,1528
837,91,103.81,0.43381851459396975,28,115.5,93.45454545454545,102.12121212121212,2439,1555,1923,1447,1488,1529
838,84,104.0,0.43417692307692307,28,115.73529411764706,93.63636363636364,102.27272727272727,2445,1560,1928,1447,1490,1530
839,74,104.19,0.4345359439485555,28,115.97058823529412,93.81818181818181,102.42424242424242,2451,1565,1933,1447,1492,1531
840,81,104.36,0.4348945956305098,28,116.17647058823529,94.0,102.54545454545455,2456,1570,1937,1447,1494,1532
841,69,104.54,0.4352496651999235,28,116.41176470588235,94.18181818181819,102.66666666666667,2462,1575,1941,1447,1496,1533
842,76,104.71,0.4356880909177729,28,116.6470588235294,94.33333333333333,102.78787878787878,2468,1579,1945,1447,1498,1534
843,89,104.88,0.4361003051106026,28,116.88235294117646,94.48484848484848,102.9090909090909,2474,1583,1949,1447,1500,1535
844,92,105.06,0.43655625356938893,28,117.11764705882354,94.63636363636364,103.06060606060606,2480,1587,1954,1447,1502,1536
845,91,105.25,0.43693586698337294,28,117.3529411764706,94.81818181818181,103.21212121212122,2486,1592,1959,1447,1504,1537
846,96,105.44,0.43732549317147196,28,117.58823529411765,95.0,103.36363636363636,2492,1597,1964,1447,1506,1538
847,98,105.63,0.43771561109533275,28,117.82352941176471,95.18181818181819,103.51515151515152,2498,1602,1969,1447,1508,1539
848,94,105.82,0.4381118881118881,28,118.05882352941177,95.36363636363636,103.66666666666667,2504,1607,1974,1447,1510,1540
849,105,106.01,0.43851429110461276,28,118.29411764705883,95.54545454545455,103.81818181818181,2510,1612,1979,1447,1512,1541
850,99,106.19,0.4388727752142386,28,118.5,95.72727272727273,103.96969696969697,2515,1617,1984,1447,1514,1542
851,92,106.38,0.439281819890957,28,118.73529411764706,95.9090909090909,104.12121212121212,2521,1622,1989,1447,1516,1543
852,94,106.57,0.43969128272496955,28,118.97058823529412,96.0909090909091,104.27272727272727,2527,1627,1994,1447,1518,1544
853,82,106.78,0.439960666791534,28,119.23529411764706,96.3030303030303,104.42424242424242,2533,1632,1999,1447,1521,1546
854,73,106.99,0.4402383400317787,28,119.5,96.51515151515152,104.57575757575758,2539,1637,2004,1447,1524,1548
855,76,107.17,0.44059998133806105,28,119.70588235294117,96.6969696969697,104.72727272727273,2544,1642,2008,1448,1526,1549
856,61,107.35,0.4409678621332091,28,119.91176470588235,96.87878787878788,104.87878787878788,2549,1647,2012,1449,1528,1550
857,52,107.5,0.4413004651162791,28,120.08823529411765,97.03030303030303,105.0,2553,1651,2016,1449,1530,1551
858,58,107.65,0.4416432884347422,28,120.26470588235294,97.18181818181819,105.12121212121212,2557,1655,2020,1449,1532,1552
859,48,107.78,0.44197995917609945,28,120.38235294117646,97.33333333333333,105.24242424242425,2560,1659,2024,1449,1533,1553
860,42,107.9,0.442318813716404,28,120.47058823529412,97.48484848484848,105.36363636363636,2563,1663,2028,1449,1533,1554
861,53,108.0,0.44261296296296293,28,120.55882352941177,97.60606060606061,105.45454545454545,2566,1667,2031,1449,1533,1554
862,48,108.11,0.44294422347608914,28,120.6470588235294,97.72727272727273,105.57575757575758,2569,1671,2035,1449,1533,1554
863,43,108.22,0.4432766586582887,28,120.73529411764706,97.84848484848484,105.6969696969697,2572,1675,2039,1449,1533,1554
864,53,108.33,0.443608418720576,28,120.82352941176471,97.96969696969697,105.81818181818181,2575,1679,2043,1449,1533,1554
865,48,108.44,0.44394319439321284,28,120.91176470588235,98.0909090909091,105.93939393939394,2578,1683,2047,1449,1533,1554
866,43,108.55,0.44422017503454625,28,121.0,98.18181818181819,106.0909090909091,2581,1686,2051,1450,1533,1554
867,52,108.67,0.4445210269623631,28,121.08823529411765,98.3030303030303,106.24242424242425,2584,1689,2055,1451,1533,1555
868,52,108.79,0.4448230535894843,28,121.17647058823529,98.42424242424242,106.39393939393939,2587,1692,2059,1452,1533,1556
869,43,108.91,0.4451280874116243,28,121.32352941176471,98.51515151515152,106.51515151515152,2591,1694,2062,1453,1534,1557
870,49,109.03,0.4454342841419793,28,121.47058823529412,98.60606060606061,106.63636363636364,2595,1696,2065,1454,1535,1558
871,41,109.14,0.44576690489279824,28,121.61764705882354,98.6969696969697,106.72727272727273,2599,1698,2068,1454,1536,1559
872,35,109.23,0.44607983154810954,28,121.70588235294117,98.78787878787878,106.81818181818181,2602,1700,2071,1454,1536,1560
873,45,109.31,0.4463681273442503,28,121.79411764705883,98.84848484848484,106.9090909090909,2605,1702,2074,1454,1536,1560
874,40,109.39,0.44665600146265655,28,121.88235294117646,98.9090909090909,107.0,2608,1704,2077,1454,1536,1560
875,35,109.47,0.4469452818123687,28,121.97058823529412,98.96969696969697,107.0909090909091,2611,1706,2080,1454,1536,1560
876,45,109.55,0.44723413966225467,28,122.05882352941177,99.03030303030303,107.18181818181819,2614,1708,2083,1454,1536,1560
877,40,109.63,0.4475225759372434,28,122.1470588235294,99.0909090909091,107.27272727272727,2617,1710,2086,1454,1536,1560
878,38,109.71,0.4478105915595661,28,122.23529411764706,99.15151515151516,107.36363636363636,2620,1712,2089,1454,1536,1560
879,47,109.8,0.4480765027322404,28,122.3529411764706,99.21212121212122,107.45454545454545,2624,1714,2092,1454,1536,1560
880,41,109.89,0.44834197834197836,28,122.47058823529412,99.27272727272727,107.54545454545455,2628,1716,2095,1454,1536,1560
881,35,109.98,0.4486070194580833,28,122.58823529411765,99.33333333333333,107.63636363636364,2632,1718,2098,1454,1536,1560
882,45,110.06,0.4488933309104125,28,122.67647058823529,99.39393939393939,107.72727272727273,2635,1720,2101,1454,1536,1560
883,40,110.14,0.4491792264390775,28,122.76470588235294,99.45454545454545,107.81818181818181,2638,1722,2104,1454,1536,1560
884,38,110.22,0.4494647069497369,28,122.8529411764706,99.51515151515152,107.9090909090909,2641,1724,2107,1454,1536,1560
885,48,110.3,0.44975158658204895,28,122.94117647058823,99.57575757575758,108.0,2644,1726,2110,1454,1536,1560
886,54,110.39,0.4500869643989492,28,123.05882352941177,99.63636363636364,108.0909090909091,2648,1728,2113,1454,1536,1560
887,58,110.5,0.4504199095022624,28,123.20588235294117,99.72727272727273,108.18181818181819,2652,1731,2116,1454,1537,1560
888,62,110.61,0.45075400054244646,28,123.3529411764706,99.81818181818181,108.27272727272727,2656,1734,2119,1454,1538,1560
889,63,110.72,0.45108742774566474,28,123.5,99.9090909090909,108.36363636363636,2660,1737,2122,1454,1539,1560
890,59,110.82,0.45140949287132287,28,123.6470588235294,99.96969696969697,108.45454545454545,2664,1739,2125,1454,1540,1560
891,61,110.92,0.45173097728092315,28,123.79411764705883,100.03030303030303,108.54545454545455,2668,1741,2128,1454,1541,1560
892,63,111.02,0.4520518825436858,28,123.94117647058823,100.0909090909091,108.63636363636364,2672,1743,2131,1454,1542,1560
893,66,111.11,0.4523850238502385,28,124.05882352941177,100.15151515151516,108.72727272727273,2676,1745,2134,1454,1542,1560
894,68,111.21,0.45267421994424967,28,124.17647058823529,100.24242424242425,108.81818181818181,2680,1747,2137,1454,1542,1561
895,67,111.31,0.4529646931991735,28,124.29411764705883,100.33333333333333,108.9090909090909,2684,1749,2140,1454,1542,1562
896,60,111.41,0.45326182568889684,28,124.41176470588235,100.42424242424242,109.0,2688,1751,2143,1454,1542,1563
897,74,111.51,0.45355842525334045,28,124.52941176470588,100.51515151515152,109.0909090909091,2692,1753,2146,1454,1542,1564
898,73,111.61,0.4538562852790969,28,124.6470588235294,100.60606060606061,109.18181818181819,2696,1755,2149,1454,1542,1565
899,66,111.71,0.45415719273117894,28,124.76470588235294,100.6969696969697,109.27272727272727,2700,1757,2152,1454,1542,1566
900,74,111.81,0.45445756193542614,28,124.88235294117646,100.78787878787878,109.36363636363636,2704,1759,2155,1454,1542,1567
901,73,111.91,0.4547609686355107,28,125.0,100.87878787878788,109.45454545454545,2708,1761,2158,1454,1542,1568
902,69,112.01,0.45506383358628694,28,125.11764705882354,100.96969696969697,109.54545454545455,2712,1763,2161,1454,1542,1569
903,74,112.11,0.4553679421996254,28,125.23529411764706,101.06060606060606,109.63636363636364,2716,1765,2164,1454,1542,1570
904,82,112.21,0.4556732911505213,28,125.3529411764706,101.15151515151516,109.72727272727273,2720,1767,2167,1454,1542,1571
905,72,112.31,0.45597809634048614,28,125.47058823529412,101.24242424242425,109.81818181818181,2724,1769,2170,1454,1542,1572
906,71,112.41,0.4562841384218486,28,125.58823529411765,101.33333333333333,109.9090909090909,2728,1771,2173,1454,1542,1573
907,70,112.51,0.45659496933605903,28,125.70588235294117,101.42424242424242,110.0,2732,1773,2176,1454,1542,1574
908,72,112.61,0.4569070242429624,28,125.82352941176471,101.51515151515152,110.0909090909091,2736,1775,2179,1454,1542,1575
909,74,112.71,0.45722384881554434,28,125.94117647058823,101.60606060606061,110.18181818181819,2740,1777,2182,1454,1542,1576
910,73,112.81,0.45754011169222586,28,126.05882352941177,101.6969696969697,110.27272727272727,2744,1779,2185,1454,1542,1577
911,69,112.91,0.4578558143654238,28,126.17647058823529,101.78787878787878,110.36363636363636,2748,1781,2188,1454,1542,1578
912,68,113.01,0.4581709583222724,28,126.29411764705883,101.87878787878788,110.45454545454545,2752,1783,2191,1454,1542,1579
913,76,113.11,0.4584855450446468,28,126.41176470588235,101.96969696969697,110.54545454545455,2756,1785,2194,1454,1542,1580
914,66,113.21,0.4587995760091864,28,126.52941176470588,102.06060606060606,110.63636363636364,2760,1787,2197,1454,1542,1581
915,71,113.31,0.45911481775659696,28,126.6470588235294,102.15151515151516,110.72727272727273,2764,1789,2200,1454,1542,1582
916,70,113.41,0.4594295035711136,28,126.76470588235294,102.24242424242425,110.81818181818181,2768,1791,2203,1454,1542,1583
917,72,113.51,0.45974539688133204,28,126.88235294117646,102.33333333333333,110.9090909090909,2772,1793,2206,1454,1542,1584
918,71,113.61,0.4600642549071384,28,127.0,102.42424242424242,111.0,2776,1795,2209,1454,1542,1585
919,76,113.71,0.4603843109664937,28,127.11764705882354,102.51515151515152,111.0909090909091,2780,1797,2212,1454,1542,1586
920,72,113.81,0.4607073192162376,28,127.23529411764706,102.60606060606061,111.18181818181819,2784,1799,2215,1454,1542,1587
921,71,113.91,0.4610332718813098,28,127.3529411764706,102.6969696969697,111.27272727272727,2788,1801,2218,1454,1542,1588
922,76,114.01,0.46136040698184366,28,127.47058823529412,102.78787878787878,111.36363636363636,2792,1803,2221,1454,1542,1589
923,69,114.11,0.4616887214091666,28,127.58823529411765,102.87878787878788,111.45454545454545,2796,1805,2224,1454,1542,1590
924,80,114.21,0.4620182120654934,28,127.70588235294117,102.96969696969697,111.54545454545455,2800,1807,2227,1454,1542,1591
925,79,114.31,0.46234712623567487,28,127.82352941176471,103.06060606060606,111.63636363636364,2804,1809,2230,1454,1542,1592
926,72,114.41,0.46267721353028585,28,127.94117647058823,103.15151515151516,111.72727272727273,2808,1811,2233,1454,1542,1593
927,74,114.51,0.4630067243035543,28,128.05882352941177,103.24242424242425,111.81818181818181,2812,1813,2236,1454,1542,1594
928,73,114.61,0.46333740511299193,28,128.1764705882353,103.33333333333333,111.9090909090909,2816,1815,2239,1454,1542,1595
929,66,114.71,0.46366750937145845,28,128.2941176470588,103.42424242424242,112.0,2820,1817,2242,1454,1542,1596
930,71,114.81,0.463997038585489,28,128.41176470588235,103.51515151515152,112.0909090909091,2824,1819,2245,1454,1542,1597
931,73,114.91,0.46432599425637455,28,128.52941176470588,103.60606060606061,112.18181818181819,2828,1821,2248,1454,1542,1598
932,66,115.01,0.4646543778801843,28,128.64705882352942,103.6969696969697,112.27272727272727,2832,1823,2251,1454,1542,1599
933,67,115.12,0.46497915218902014,28,128.76470588235293,103.78787878787878,112.39393939393939,2836,1825,2254,1455,1542,1600
934,62,115.23,0.465303306430617,28,128.88235294117646,103.87878787878788,112.51515151515152,2840,1827,2257,1456,1542,1601
935,60,115.34,0.4656285763828681,28,129.0,103.96969696969697,112.63636363636364,2844,1829,2260,1457,1542,1602
936,64,115.45,0.4659532265049805,28,129.11764705882354,104.06060606060606,112.75757575757575,2848,1831,2263,1458,1542,1603
937,68,115.56,0.4662789892696435,28,129.23529411764707,104.15151515151516,112.87878787878788,2852,1833,2266,1459,1542,1604
938,66,115.67,0.46660413244575083,28,129.35294117647058,104.24242424242425,113.0,2856,1835,2269,1460,1542,1605
939,67,115.78,0.4669286577992745,28,129.47058823529412,104.33333333333333,113.12121212121212,2860,1837,2272,1461,1542,1606
940,62,115.89,0.4672525670894814,28,129.58823529411765,104.42424242424242,113.24242424242425,2864,1839,2275,1462,1542,1607
941,66,116.0,0.46757586206896556,28,129.7058823529412,104.51515151515152,113.36363636363636,2868,1841,2278,1463,1542,1608
942,67,116.11,0.46790026698820086,28,129.8235294117647,104.60606060606061,113.48484848484848,2872,1843,2281,1464,1542,1609
943,71,116.22,0.4682240578213732,28,129.94117647058823,104.6969696969697,113.60606060606061,2876,1845,2284,1465,1542,1610
944,63,116.33,0.4685489555574658,28,130.05882352941177,104.78787878787878,113.72727272727273,2880,1847,2287,1466,1542,1611
945,70,116.44,0.4688732394366197,28,130.1764705882353,104.87878787878788,113.84848484848484,2884,1849,2290,1467,1542,1612
946,74,116.55,0.4691969111969112,28,130.2941176470588,104.96969696969697,113.96969696969697,2888,1851,2293,1468,1542,1613
947,63,116.66,0.4695216869535402,28,130.41176470588235,105.06060606060606,114.0909090909091,2892,1853,2296,1469,1542,1614
948,67,116.77,0.4698492763552282,28,130.52941176470588,105.15151515151516,114.21212121212122,2896,1855,2299,1470,1542,1615
949,68,116.88,0.4701779603011636,28,130.64705882352942,105.24242424242425,114.33333333333333,2900,1857,2302,1471,1542,1616
950,60,116.99,0.4705060261560817,28,130.76470588235293,105.33333333333333,114.45454545454545,2904,1859,2305,1472,1542,1617
951,67,117.1,0.47083347566182754,28,130.88235294117646,105.42424242424242,114.57575757575758,2908,1861,2308,1473,1542,1618
952,65,117.21,0.47116031055370705,28,131.0,105.51515151515152,114.6969696969697,2912,1863,2311,1474,1542,1619
953,63,117.32,0.47148823729969314,28,131.11764705882354,105.60606060606061,114.81818181818181,2916,1865,2314,1475,1542,1620
954,64,117.43,0.4718172528314741,28,131.23529411764707,105.6969696969697,114.93939393939394,2920,1867,2317,1476,1542,1621
955,68,117.54,0.4721456525438149,28,131.35294117647058,105.78787878787878,115.06060606060606,2924,1869,2320,1477,1542,1622
956,59,117.66,0.4723916369199388,28,131.5,105.87878787878788,115.18181818181819,2928,1871,2323,1478,1543,1623
957,60,117.77,0.4727222552432708,28,131.61764705882354,105.96969696969697,115.3030303030303,2932,1873,2326,1479,1543,1624
958,61,117.88,0.47305395317271803,28,131.73529411764707,106.06060606060606,115.42424242424242,2936,1875,2329,1480,1543,1625
959,59,117.99,0.4733850326298839,28,131.85294117647058,106.15151515151516,115.54545454545455,2940,1877,2332,1481,1543,1626
960,66,118.1,0.47371888230313297,28,131.97058823529412,106.24242424242425,115.66666666666667,2944,1879,2335,1482,1543,1627
961,70,118.21,0.47405380255477536,28,132.08823529411765,106.33333333333333,115.78787878787878,2948,1881,2338,1483,1543,1628
962,65,118.32,0.4743914807302231,28,132.2058823529412,106.42424242424242,115.9090909090909,2952,1883,2341,1484,1543,1629
963,68,118.44,0.47461330631543397,28,132.35294117647058,106.51515151515152,116.03030303030303,2956,1885,2344,1485,1544,1630
964,68,118.56,0.4748346828609986,28,132.5,106.60606060606061,116.15151515151516,2960,1887,2347,1486,1545,1631
965,56,118.68,0.4750556117290192,28,132.64705882352942,106.6969696969697,116.27272727272727,2964,1889,2350,1487,1546,1632
966,53,118.8,0.4752760942760943,28,132.7941176470588,106.78787878787878,116.39393939393939,2968,1891,2353,1488,1547,1633
967,50,118.92,0.4754978136562395,28,132.94117647058823,106.87878787878788,116.51515151515152,2972,1893,2356,1489,1548,1634
968,38,119.04,0.47571908602150537,28,133.08823529411765,106.96969696969697,116.63636363636364,2976,1895,2359,1490,1549,1635
969,38,119.16,0.4759415911379658,28,133.23529411764707,107.06060606060606,116.75757575757575,2980,1897,2362,1491,1550,1636
970,38,119.25,0.47608134171907757,28,133.3235294117647,107.15151515151516,116.84848484848484,2982,1899,2365,1491,1551,1637
971,30,119.36,0.47626005361930296,28,133.44117647058823,107.24242424242425,116.96969696969697,2985,1901,2368,1492,1552,1638
972,30,119.45,0.4763892842193386,28,133.55882352941177,107.33333333333333,117.03030303030303,2988,1903,2370,1492,1553,1639
973,30,119.54,0.47651832022753887,28,133.6764705882353,107.42424242424242,117.0909090909091,2991,1905,2372,1492,1554,1640
974,27,119.6,0.4765635451505017,28,133.73529411764707,107.48484848484848,117.15151515151516,2992,1907,2374,1492,1555,1640
975,32,119.67,0.4766432689897217,28,133.8235294117647,107.54545454545455,117.21212121212122,2994,1909,2376,1492,1556,1640
976,33,119.75,0.47676242171189975,28,133.94117647058823,107.60606060606061,117.27272727272727,2997,1911,2378,1492,1557,1640
977,28,119.83,0.47688642243177837,28,134.05882352941177,107.66666666666667,117.33333333333333,3000,1913,2380,1492,1558,1640
978,32,119.91,0.4770069218580602,28,134.1764705882353,107.72727272727273,117.39393939393939,3003,1915,2382,1492,1559,1640
979,30,119.99,0.4771272606050504,28,134.2941176470588,107.78787878787878,117.45454545454545,3006,1917,2384,1492,1560,1640
980,26,120.06,0.47721306013659837,28,134.38235294117646,107.84848484848484,117.51515151515152,3008,1919,2386,1492,1561,1640
981,31,120.13,0.47729875967701657,28,134.5,107.9090909090909,117.54545454545455,3011,1921,2387,1492,1562,1640
982,36,120.2,0.4773843594009983,28,134.61764705882354,107.96969696969697,117.57575757575758,3014,1923,2388,1492,1563,1640
983,33,120.29,0.47754676199185303,28,134.73529411764707,108.03030303030303,117.66666666666667,3017,1925,2391,1492,1564,1640
984,40,120.37,0.47766968513749275,28,134.8235294117647,108.0909090909091,117.75757575757575,3019,1927,2394,1492,1565,1640
985,52,120.46,0.4776788975593558,28,134.91176470588235,108.15151515151516,117.87878787878788,3021,1929,2398,1492,1566,1640
986,59,120.57,0.4777117027452932,28,135.05882352941177,108.21212121212122,118.0,3025,1931,2402,1492,1567,1640
987,59,120.69,0.4777471207225122,28,135.2058823529412,108.27272727272727,118.15151515151516,3029,1933,2407,1492,1568,1640
988,62,120.81,0.4777857793229037,28,135.35294117647058,108.33333333333333,118.3030303030303,3033,1935,2412,1492,1569,1640
989,60,120.92,0.47784154813099566,28,135.47058823529412,108.39393939393939,118.45454545454545,3036,1937,2417,1492,1570,1640
990,59,121.02,0.47789456288216825,28,135.58823529411765,108.45454545454545,118.57575757575758,3039,1939,2421,1492,1571,1640
991,58,121.12,0.47794914134742406,28,135.7058823529412,108.51515151515152,118.6969696969697,3042,1941,2425,1492,1572,1640
992,52,121.21,0.4781148420097352,28,135.7941176470588,108.57575757575758,118.81818181818181,3045,1943,2429,1492,1572,1640
993,64,121.3,0.47828194558944764,28,135.88235294117646,108.63636363636364,118.93939393939394,3048,1945,2433,1492,1572,1640
994,67,121.39,0.478448801383969,28,135.97058823529412,108.6969696969697,119.06060606060606,3051,1947,2437,1492,1572,1640
995,61,121.48,0.4786154099440237,28,136.05882352941177,108.75757575757575,119.18181818181819,3054,1949,2441,1492,1572,1640
996,61,121.57,0.4787850621041375,28,136.14705882352942,108.81818181818181,119.3030303030303,3057,1951,2445,1492,1572,1640
997,64,121.66,0.47895775110964983,28,136.23529411764707,108.87878787878788,119.42424242424242,3060,1953,2449,1492,1572,1640
998,67,121.75,0.4791318275154004,28,136.3235294117647,108.93939393939394,119.54545454545455,3063,1955,2453,1492,1572,1640
999,67,121.84,0.47930892974392647,28,136.41176470588235,109.0,119.66666666666667,3066,1957,2457,1492,1572,1640
1000,67,121.93,0.47948905109489054,28,136.5,109.06060606060606,119.78787878787878,3069,1959,2461,1492,1572,1640
