,TotalSugar,AvgSugarLevel,SugarGini,NumCooperators,RiskAverseAvgSugar,NeutralAvgSugar,RiskSeekingAvgSugar,RiskAverseCoopSugar,NeutralCoopSugar,RiskSeekingCoopSugar,RiskSeekingNonCoopSugar,RiskAverseNonCoopSugar,NeutralNonCoopSugar
0,4622,0.0,0.0,28,0.0,0.0,0.0,0,0,0,0,0,0
1,4539,0.83,0.17,28,0.7647058823529411,0.7575757575757576,0.9696969696969697,8,6,9,23,18,19
2,4455,1.67,0.16497005988023958,28,1.5588235294117647,1.5151515151515151,1.9393939393939394,16,12,18,46,37,38
3,4370,2.52,0.15992063492063494,28,2.3529411764705883,2.303030303030303,2.909090909090909,24,18,27,69,56,58
4,4284,3.38,0.15485207100591722,28,3.176470588235294,3.090909090909091,3.878787878787879,32,24,36,92,76,78
5,4201,4.24,0.1518396226415095,28,4.0,3.878787878787879,4.848484848484849,40,30,45,115,96,98
6,4117,5.11,0.1481213307240705,28,4.852941176470588,4.666666666666667,5.818181818181818,49,36,54,138,116,118
7,4029,5.99,0.14398998330550924,28,5.705882352941177,5.484848484848484,6.787878787878788,58,43,63,161,136,138
8,3944,6.87,0.14091703056768565,28,6.5588235294117645,6.303030303030303,7.757575757575758,67,50,72,184,156,158
9,3861,7.73,0.14050452781371278,28,7.352941176470588,7.121212121212121,8.727272727272727,76,57,81,207,174,178
10,3776,8.58,0.14111888111888107,28,8.147058823529411,7.9393939393939394,9.666666666666666,85,64,89,230,192,198
11,3691,9.43,0.1416861081654295,28,8.941176470588236,8.757575757575758,10.606060606060606,94,71,97,253,210,218
12,3607,10.27,0.14308666017526775,28,9.735294117647058,9.545454545454545,11.545454545454545,103,77,105,276,228,238
13,3525,11.09,0.14576194770063125,28,10.470588235294118,10.333333333333334,12.484848484848484,110,83,113,299,246,258
14,3443,11.91,0.1480856423173803,28,11.205882352941176,11.121212121212121,13.424242424242424,117,89,121,322,264,278
15,3361,12.73,0.15012568735271017,28,11.941176470588236,11.909090909090908,14.363636363636363,124,95,129,345,282,298
16,3281,13.53,0.1530155210643015,28,12.647058823529411,12.666666666666666,15.303030303030303,131,101,137,368,299,317
17,3200,14.34,0.1548675034867503,28,13.352941176470589,13.454545454545455,16.242424242424242,138,108,146,390,316,336
18,3121,15.13,0.1574950429610047,28,14.0,14.242424242424242,17.181818181818183,145,115,155,412,331,355
19,3045,15.92,0.15983668341708537,28,14.647058823529411,15.030303030303031,18.12121212121212,152,122,163,435,346,374
20,2971,16.72,0.16160287081339716,28,15.294117647058824,15.818181818181818,19.09090909090909,159,129,172,458,361,393
21,2895,17.51,0.1636721873215305,28,15.970588235294118,16.575757575757574,20.03030303030303,166,135,181,480,377,412
22,2817,18.29,0.1659212684527064,28,16.647058823529413,17.303030303030305,20.96969696969697,173,141,189,503,393,430
23,2745,19.07,0.16799685369690606,28,17.352941176470587,18.03030303030303,21.87878787878788,180,147,197,525,410,448
24,2672,19.86,0.1695568982880161,28,18.058823529411764,18.757575757575758,22.818181818181817,187,153,205,548,427,466
25,2593,20.65,0.17100726392251814,28,18.764705882352942,19.484848484848484,23.757575757575758,194,159,214,570,444,484
26,2517,21.44,0.17236007462686573,28,19.470588235294116,20.21212121212121,24.696969696969695,201,165,223,592,461,502
27,2440,22.24,0.1733273381294964,28,20.176470588235293,20.939393939393938,25.666666666666668,208,171,232,615,478,520
28,2363,23.04,0.1742447916666667,28,20.88235294117647,21.666666666666668,26.636363636363637,215,177,241,638,495,538
29,2288,23.85,0.17472955974842763,28,21.61764705882353,22.393939393939394,27.606060606060606,222,183,250,661,513,556
30,2210,24.66,0.17518248175182477,28,22.352941176470587,23.12121212121212,28.575757575757574,229,189,259,684,531,574
31,2132,25.47,0.1756065959952886,28,23.08823529411765,23.848484848484848,29.545454545454547,236,195,268,707,549,592
32,2053,26.29,0.17570559147965,28,23.852941176470587,24.575757575757574,30.515151515151516,243,201,277,730,568,610
33,1975,27.1,0.17610332103321027,28,24.58823529411765,25.303030303030305,31.484848484848484,250,207,286,753,586,628
34,1896,27.92,0.1761962750716333,28,25.352941176470587,26.03030303030303,32.45454545454545,257,213,295,776,605,646
35,1818,28.73,0.17650887573964497,28,26.08823529411765,26.757575757575758,33.42424242424242,264,219,304,799,623,664
36,1746,29.51,0.17747543205692992,28,26.764705882352942,27.484848484848484,34.36363636363637,270,225,313,821,640,682
37,1670,30.3,0.17819801980198022,28,27.470588235294116,28.21212121212121,35.303030303030305,276,231,321,844,658,700
38,1592,31.11,0.17846030215364833,28,28.205882352941178,28.96969696969697,36.24242424242424,283,237,329,867,676,719
39,1516,31.9,0.17898432601880884,28,28.91176470588235,29.727272727272727,37.15151515151515,290,243,338,888,693,738
40,1440,32.69,0.17949525848883455,28,29.61764705882353,30.484848484848484,38.06060606060606,296,249,347,909,711,757
41,1367,33.45,0.180457399103139,28,30.323529411764707,31.181818181818183,38.93939393939394,302,253,356,929,729,776
42,1291,34.21,0.1815229465068694,28,31.029411764705884,31.87878787878788,39.81818181818182,308,258,365,949,747,794
43,1224,34.94,0.18286204922724664,28,31.705882352941178,32.57575757575758,40.63636363636363,314,263,373,968,764,812
44,1153,35.68,0.1838060538116592,28,32.411764705882355,33.24242424242424,41.484848484848484,320,269,382,987,782,828
45,1082,36.42,0.1848489840746842,28,33.05882352941177,33.96969696969697,42.333333333333336,326,275,390,1007,798,846
46,1013,37.14,0.18597199784598814,28,33.6764705882353,34.666666666666664,43.18181818181818,331,281,398,1027,814,863
47,948,37.82,0.18746694870438915,28,34.26470588235294,35.333333333333336,43.96969696969697,336,287,404,1047,829,879
48,883,38.5,0.18883116883116885,28,34.85294117647059,35.96969696969697,44.78787878787879,341,293,410,1068,844,894
49,821,39.15,0.19049042145593872,28,35.3235294117647,36.63636363636363,45.60606060606061,344,299,418,1087,857,910
50,764,39.75,0.19254088050314466,28,35.705882352941174,37.27272727272727,46.39393939393939,346,305,425,1106,868,925
51,706,40.36,0.1947869177403369,28,36.205882352941174,37.878787878787875,47.121212121212125,350,310,430,1125,881,940
52,649,40.96,0.19708984375,28,36.6764705882353,38.484848484848484,47.84848484848485,354,315,435,1144,893,955
53,599,41.49,0.19997830802603034,28,37.05882352941177,39.03030303030303,48.515151515151516,357,320,440,1161,903,968
54,551,42.0,0.20280952380952386,28,37.44117647058823,39.60606060606061,49.09090909090909,361,325,444,1176,912,982
55,506,42.51,0.20562926370265813,28,37.794117647058826,40.15151515151515,49.72727272727273,363,330,449,1192,922,995
56,464,43.02,0.20782891678289162,28,38.26470588235294,40.666666666666664,50.27272727272727,366,334,455,1204,935,1008
57,430,43.48,0.20990340386384546,28,38.6764705882353,41.18181818181818,50.72727272727273,367,339,459,1215,948,1020
58,393,43.91,0.21219084491004325,28,39.05882352941177,41.60606060606061,51.21212121212121,369,342,462,1228,959,1031
59,356,44.34,0.21472710870545783,28,39.44117647058823,42.03030303030303,51.696969696969695,371,346,464,1242,970,1041
60,312,44.78,0.21692273336310847,28,39.794117647058826,42.45454545454545,52.24242424242424,373,350,467,1257,980,1051
61,272,45.18,0.2190482514386896,28,40.14705882352941,42.81818181818182,52.72727272727273,375,354,469,1271,990,1059
62,241,45.55,0.22096377607025247,28,40.470588235294116,43.121212121212125,53.21212121212121,377,358,471,1285,999,1065
63,214,45.85,0.2230294438386042,28,40.76470588235294,43.333333333333336,53.60606060606061,380,361,473,1296,1006,1069
64,188,46.14,0.22524490680537496,28,41.0,43.57575757575758,54.0,381,364,476,1306,1013,1074
65,164,46.41,0.22742296918767507,28,41.26470588235294,43.75757575757576,54.36363636363637,383,367,478,1316,1020,1077
66,136,46.69,0.22934461340758192,28,41.5,43.96969696969697,54.75757575757576,385,370,480,1327,1026,1081
67,115,46.9,0.23139445628997862,28,41.705882352941174,44.121212121212125,55.03030303030303,386,373,481,1335,1032,1083
68,95,47.1,0.2335456475583864,28,41.85294117647059,44.303030303030305,55.303030303030305,387,375,482,1343,1036,1087
69,81,47.24,0.23470787468247253,28,41.94117647058823,44.484848484848484,55.45454545454545,387,378,483,1347,1039,1090
70,73,47.32,0.2355494505494505,28,41.970588235294116,44.63636363636363,55.515151515151516,387,381,484,1348,1040,1092
71,66,47.39,0.23633466976155304,28,42.0,44.75757575757576,55.57575757575758,387,384,484,1350,1041,1093
72,58,47.47,0.23722561617863916,28,42.05882352941177,44.81818181818182,55.696969696969695,388,386,485,1353,1042,1093
73,53,47.52,0.2376767676767676,28,42.088235294117645,44.878787878787875,55.75757575757576,388,386,485,1355,1043,1095
74,46,47.59,0.23837991174616519,28,42.088235294117645,45.03030303030303,55.81818181818182,388,387,485,1357,1043,1099
75,41,47.64,0.23890008396305631,28,42.088235294117645,45.121212121212125,55.878787878787875,388,388,485,1359,1043,1101
76,40,47.65,0.23905771248688354,28,42.088235294117645,45.121212121212125,55.90909090909091,388,388,485,1360,1043,1101
77,33,47.72,0.23921626152556585,28,42.1764705882353,45.15151515151515,56.0,388,388,485,1363,1046,1102
78,28,47.77,0.2394996859953946,28,42.23529411764706,45.18181818181818,56.06060606060606,388,388,485,1365,1048,1103
79,26,47.79,0.23978865871521238,28,42.23529411764706,45.21212121212121,56.09090909090909,388,388,485,1366,1048,1104
80,21,47.84,0.24025919732441467,28,42.294117647058826,45.27272727272727,56.121212121212125,389,389,485,1367,1049,1105
81,18,47.87,0.24033632755379145,28,42.35294117647059,45.27272727272727,56.15151515151515,390,389,485,1368,1050,1105
82,17,47.88,0.2403884711779449,28,42.35294117647059,45.27272727272727,56.18181818181818,390,389,485,1369,1050,1105
83,15,47.9,0.24054279749478083,28,42.38235294117647,45.27272727272727,56.21212121212121,390,389,485,1370,1051,1105
84,14,47.91,0.2406032143602589,28,42.38235294117647,45.27272727272727,56.24242424242424,390,389,485,1371,1051,1105
85,14,47.91,0.2406032143602589,28,42.38235294117647,45.27272727272727,56.24242424242424,390,389,485,1371,1051,1105
86,14,47.91,0.2406032143602589,28,42.38235294117647,45.27272727272727,56.24242424242424,390,389,485,1371,1051,1105
87,13,47.92,0.24066360601001677,28,42.38235294117647,45.27272727272727,56.27272727272727,390,389,485,1372,1051,1105
88,12,47.93,0.24054037137492174,28,42.411764705882355,45.27272727272727,56.27272727272727,391,389,485,1372,1051,1105
89,10,47.95,0.24051511991657976,28,42.44117647058823,45.27272727272727,56.303030303030305,392,389,485,1373,1051,1105
90,9,47.96,0.24038782318598834,28,42.470588235294116,45.27272727272727,56.303030303030305,392,389,485,1373,1052,1105
91,9,47.96,0.24038782318598834,28,42.470588235294116,45.27272727272727,56.303030303030305,392,389,485,1373,1052,1105
92,8,47.97,0.24027725661872,28,42.5,45.27272727272727,56.303030303030305,393,389,485,1373,1052,1105
93,7,47.98,0.24014589412255105,28,42.5,45.27272727272727,56.333333333333336,393,389,486,1373,1052,1105
94,6,47.99,0.24002708897687014,28,42.5,45.27272727272727,56.36363636363637,393,389,487,1373,1052,1105
95,5,48.0,0.23991249999999995,28,42.5,45.27272727272727,56.39393939393939,393,389,488,1373,1052,1105
96,4,48.01,0.2398146219537597,28,42.5,45.27272727272727,56.42424242424242,393,389,489,1373,1052,1105
97,4,48.01,0.2398146219537597,28,42.5,45.27272727272727,56.42424242424242,393,389,489,1373,1052,1105
98,4,48.01,0.2398146219537597,28,42.5,45.27272727272727,56.42424242424242,393,389,489,1373,1052,1105
99,4,48.01,0.2398146219537597,28,42.5,45.27272727272727,56.42424242424242,393,389,489,1373,1052,1105
100,4,48.01,0.2398146219537597,28,42.5,45.27272727272727,56.42424242424242,393,389,489,1373,1052,1105
101,4,48.01,0.2398146219537597,28,42.5,45.27272727272727,56.42424242424242,393,389,489,1373,1052,1105
102,4,48.01,0.2398146219537597,28,42.5,45.27272727272727,56.42424242424242,393,389,489,1373,1052,1105
103,4,48.01,0.2398146219537597,28,42.5,45.27272727272727,56.42424242424242,393,389,489,1373,1052,1105
104,3,48.02,0.23958350687213667,28,42.529411764705884,45.27272727272727,56.42424242424242,393,389,489,1373,1053,1105
105,3,48.02,0.23958350687213667,28,42.529411764705884,45.27272727272727,56.42424242424242,393,389,489,1373,1053,1105
106,3,48.02,0.23958350687213667,28,42.529411764705884,45.27272727272727,56.42424242424242,393,389,489,1373,1053,1105
107,3,48.02,0.23958350687213667,28,42.529411764705884,45.27272727272727,56.42424242424242,393,389,489,1373,1053,1105
108,3,48.02,0.23958350687213667,28,42.529411764705884,45.27272727272727,56.42424242424242,393,389,489,1373,1053,1105
109,3,48.02,0.23958350687213667,28,42.529411764705884,45.27272727272727,56.42424242424242,393,389,489,1373,1053,1105
110,3,48.02,0.23958350687213667,28,42.529411764705884,45.27272727272727,56.42424242424242,393,389,489,1373,1053,1105
111,3,48.02,0.23958350687213667,28,42.529411764705884,45.27272727272727,56.42424242424242,393,389,489,1373,1053,1105
112,3,48.02,0.23958350687213667,28,42.529411764705884,45.27272727272727,56.42424242424242,393,389,489,1373,1053,1105
113,3,48.02,0.23958350687213667,28,42.529411764705884,45.27272727272727,56.42424242424242,393,389,489,1373,1053,1105
114,3,48.02,0.23958350687213667,28,42.529411764705884,45.27272727272727,56.42424242424242,393,389,489,1373,1053,1105
115,3,48.02,0.23958350687213667,28,42.529411764705884,45.27272727272727,56.42424242424242,393,389,489,1373,1053,1105
116,3,48.02,0.23958350687213667,28,42.529411764705884,45.27272727272727,56.42424242424242,393,389,489,1373,1053,1105
117,3,48.02,0.23958350687213667,28,42.529411764705884,45.27272727272727,56.42424242424242,393,389,489,1373,1053,1105
118,3,48.02,0.23958350687213667,28,42.529411764705884,45.27272727272727,56.42424242424242,393,389,489,1373,1053,1105
119,3,48.02,0.23958350687213667,28,42.529411764705884,45.27272727272727,56.42424242424242,393,389,489,1373,1053,1105
120,3,48.02,0.23958350687213667,28,42.529411764705884,45.27272727272727,56.42424242424242,393,389,489,1373,1053,1105
121,3,48.02,0.23958350687213667,28,42.529411764705884,45.27272727272727,56.42424242424242,393,389,489,1373,1053,1105
122,2,48.03,0.23935248802831566,28,42.55882352941177,45.27272727272727,56.42424242424242,393,389,489,1373,1054,1105
123,1,48.04,0.2391257285595337,28,42.588235294117645,45.27272727272727,56.42424242424242,393,389,489,1373,1055,1105
124,1,48.04,0.2391257285595337,28,42.588235294117645,45.27272727272727,56.42424242424242,393,389,489,1373,1055,1105
125,1,48.04,0.2391257285595337,28,42.588235294117645,45.27272727272727,56.42424242424242,393,389,489,1373,1055,1105
126,1,48.04,0.2391257285595337,28,42.588235294117645,45.27272727272727,56.42424242424242,393,389,489,1373,1055,1105
127,1,48.04,0.2391257285595337,28,42.588235294117645,45.27272727272727,56.42424242424242,393,389,489,1373,1055,1105
128,1,48.04,0.2391257285595337,28,42.588235294117645,45.27272727272727,56.42424242424242,393,389,489,1373,1055,1105
129,1,48.04,0.2391257285595337,28,42.588235294117645,45.27272727272727,56.42424242424242,393,389,489,1373,1055,1105
130,1,48.04,0.2391257285595337,28,42.588235294117645,45.27272727272727,56.42424242424242,393,389,489,1373,1055,1105
131,1,48.04,0.2391257285595337,28,42.588235294117645,45.27272727272727,56.42424242424242,393,389,489,1373,1055,1105
132,1,48.04,0.2391257285595337,28,42.588235294117645,45.27272727272727,56.42424242424242,393,389,489,1373,1055,1105
133,1,48.04,0.2391257285595337,28,42.588235294117645,45.27272727272727,56.42424242424242,393,389,489,1373,1055,1105
134,1,48.04,0.2391257285595337,28,42.588235294117645,45.27272727272727,56.42424242424242,393,389,489,1373,1055,1105
135,1,48.04,0.2391257285595337,28,42.588235294117645,45.27272727272727,56.42424242424242,393,389,489,1373,1055,1105
136,1,48.04,0.2391257285595337,28,42.588235294117645,45.27272727272727,56.42424242424242,393,389,489,1373,1055,1105
137,1,48.04,0.2391257285595337,28,42.588235294117645,45.27272727272727,56.42424242424242,393,389,489,1373,1055,1105
138,1,48.04,0.2391257285595337,28,42.588235294117645,45.27272727272727,56.42424242424242,393,389,489,1373,1055,1105
139,1,48.04,0.2391257285595337,28,42.588235294117645,45.27272727272727,56.42424242424242,393,389,489,1373,1055,1105
140,1,48.04,0.2391257285595337,28,42.588235294117645,45.27272727272727,56.42424242424242,393,389,489,1373,1055,1105
141,1,48.04,0.2391257285595337,28,42.588235294117645,45.27272727272727,56.42424242424242,393,389,489,1373,1055,1105
142,1,48.04,0.2391257285595337,28,42.588235294117645,45.27272727272727,56.42424242424242,393,389,489,1373,1055,1105
143,1,48.04,0.2391257285595337,28,42.588235294117645,45.27272727272727,56.42424242424242,393,389,489,1373,1055,1105
144,7,48.04,0.2391257285595337,28,42.588235294117645,45.27272727272727,56.42424242424242,393,389,489,1373,1055,1105
145,11,48.06,0.23940074906367045,28,42.61764705882353,45.303030303030305,56.42424242424242,394,390,489,1373,1055,1105
146,7,48.1,0.23958419958419952,28,42.6764705882353,45.36363636363637,56.42424242424242,395,392,489,1373,1056,1105
147,3,48.14,0.23979227253842963,28,42.73529411764706,45.42424242424242,56.42424242424242,396,394,489,1373,1057,1105
148,1,48.16,0.23975498338870438,28,42.76470588235294,45.45454545454545,56.42424242424242,396,395,489,1373,1058,1105
149,1,48.16,0.23975498338870438,28,42.76470588235294,45.45454545454545,56.42424242424242,396,395,489,1373,1058,1105
150,1,48.16,0.23975498338870438,28,42.76470588235294,45.45454545454545,56.42424242424242,396,395,489,1373,1058,1105
151,1,48.16,0.23975498338870438,28,42.76470588235294,45.45454545454545,56.42424242424242,396,395,489,1373,1058,1105
152,4,48.16,0.23975498338870438,28,42.76470588235294,45.45454545454545,56.42424242424242,396,395,489,1373,1058,1105
153,9,48.17,0.23990658085945613,28,42.76470588235294,45.484848484848484,56.42424242424242,396,396,489,1373,1058,1105
154,13,48.19,0.24020543681261672,28,42.794117647058826,45.515151515151516,56.42424242424242,397,397,489,1373,1058,1105
155,16,48.22,0.24061800082953128,28,42.8235294117647,45.54545454545455,56.45454545454545,398,398,490,1373,1058,1105
156,16,48.25,0.24103834196891186,28,42.85294117647059,45.57575757575758,56.484848484848484,399,399,491,1373,1058,1105
157,16,48.28,0.2414664457332229,28,42.88235294117647,45.60606060606061,56.515151515151516,400,400,492,1373,1058,1105
158,16,48.31,0.24190643759056102,28,42.911764705882355,45.63636363636363,56.54545454545455,401,401,493,1373,1058,1105
159,16,48.34,0.24234588332643767,28,42.94117647058823,45.666666666666664,56.57575757575758,402,402,494,1373,1058,1105
160,16,48.37,0.24279305354558617,28,42.970588235294116,45.696969696969695,56.60606060606061,403,403,495,1373,1058,1105
161,16,48.4,0.2432396694214876,28,43.0,45.72727272727273,56.63636363636363,404,404,496,1373,1058,1105
162,15,48.44,0.24377374071015695,28,43.029411764705884,45.75757575757576,56.696969696969695,405,405,497,1374,1058,1105
163,13,48.49,0.24410600123736856,28,43.088235294117645,45.78787878787879,56.75757575757576,406,406,498,1375,1059,1105
164,12,48.53,0.24466721615495574,28,43.11764705882353,45.81818181818182,56.81818181818182,407,407,499,1376,1059,1105
165,11,48.57,0.2452357422277126,28,43.14705882352941,45.84848484848485,56.878787878787875,408,408,500,1377,1059,1105
166,10,48.61,0.24581567578687513,28,43.1764705882353,45.878787878787875,56.93939393939394,409,409,501,1378,1059,1105
167,13,48.64,0.24625,28,43.205882352941174,45.90909090909091,56.96969696969697,410,410,501,1379,1059,1105
168,15,48.68,0.24683237469186523,28,43.23529411764706,45.93939393939394,57.03030303030303,411,411,502,1380,1059,1105
169,16,48.73,0.2475210342704699,28,43.294117647058826,45.96969696969697,57.09090909090909,412,412,503,1381,1060,1105
170,11,48.78,0.2482164821648216,28,43.35294117647059,46.0,57.15151515151515,413,413,504,1382,1061,1105
171,6,48.83,0.24892279336473477,28,43.411764705882355,46.03030303030303,57.21212121212121,414,414,505,1383,1062,1105
172,6,48.86,0.24934097421203433,28,43.44117647058823,46.06060606060606,57.24242424242424,414,415,505,1384,1063,1105
173,5,48.87,0.24948025373439733,28,43.44117647058823,46.06060606060606,57.27272727272727,414,415,505,1385,1063,1105
174,4,48.88,0.24961947626841238,28,43.44117647058823,46.06060606060606,57.303030303030305,414,415,505,1386,1063,1105
175,3,48.89,0.24975864184904892,28,43.44117647058823,46.06060606060606,57.333333333333336,414,415,505,1387,1063,1105
176,2,48.9,0.24989775051124738,28,43.44117647058823,46.06060606060606,57.36363636363637,414,415,505,1388,1063,1105
177,1,48.91,0.25003680228992026,28,43.44117647058823,46.06060606060606,57.39393939393939,414,415,505,1389,1063,1105
178,0,48.92,0.2501757972199509,28,43.44117647058823,46.06060606060606,57.42424242424242,414,415,505,1390,1063,1105
179,0,48.92,0.2501757972199509,28,43.44117647058823,46.06060606060606,57.42424242424242,414,415,505,1390,1063,1105
180,0,48.92,0.2501757972199509,28,43.44117647058823,46.06060606060606,57.42424242424242,414,415,505,1390,1063,1105
181,0,48.92,0.2501757972199509,28,43.44117647058823,46.06060606060606,57.42424242424242,414,415,505,1390,1063,1105
182,0,48.92,0.2501757972199509,28,43.44117647058823,46.06060606060606,57.42424242424242,414,415,505,1390,1063,1105
183,0,48.92,0.2501757972199509,28,43.44117647058823,46.06060606060606,57.42424242424242,414,415,505,1390,1063,1105
184,0,48.92,0.2501757972199509,28,43.44117647058823,46.06060606060606,57.42424242424242,414,415,505,1390,1063,1105
185,0,48.92,0.2501757972199509,28,43.44117647058823,46.06060606060606,57.42424242424242,414,415,505,1390,1063,1105
186,0,48.92,0.2501757972199509,28,43.44117647058823,46.06060606060606,57.42424242424242,414,415,505,1390,1063,1105
187,0,48.92,0.2501757972199509,28,43.44117647058823,46.06060606060606,57.42424242424242,414,415,505,1390,1063,1105
188,0,48.92,0.2501757972199509,28,43.44117647058823,46.06060606060606,57.42424242424242,414,415,505,1390,1063,1105
189,0,48.92,0.2501757972199509,28,43.44117647058823,46.06060606060606,57.42424242424242,414,415,505,1390,1063,1105
190,0,48.92,0.2501757972199509,28,43.44117647058823,46.06060606060606,57.42424242424242,414,415,505,1390,1063,1105
191,0,48.92,0.2501757972199509,28,43.44117647058823,46.06060606060606,57.42424242424242,414,415,505,1390,1063,1105
192,0,48.92,0.2501757972199509,28,43.44117647058823,46.06060606060606,57.42424242424242,414,415,505,1390,1063,1105
193,0,48.92,0.2501757972199509,28,43.44117647058823,46.06060606060606,57.42424242424242,414,415,505,1390,1063,1105
194,0,48.92,0.2501757972199509,28,43.44117647058823,46.06060606060606,57.42424242424242,414,415,505,1390,1063,1105
195,0,48.92,0.2501757972199509,28,43.44117647058823,46.06060606060606,57.42424242424242,414,415,505,1390,1063,1105
196,0,48.92,0.2501757972199509,28,43.44117647058823,46.06060606060606,57.42424242424242,414,415,505,1390,1063,1105
197,3,48.92,0.2501757972199509,28,43.44117647058823,46.06060606060606,57.42424242424242,414,415,505,1390,1063,1105
198,5,48.93,0.2501594114040466,28,43.44117647058823,46.06060606060606,57.45454545454545,414,415,506,1390,1063,1105
199,9,48.95,0.2500980592441266,28,43.44117647058823,46.09090909090909,57.484848484848484,414,416,507,1390,1063,1105
200,10,48.97,0.2500612619971412,28,43.44117647058823,46.121212121212125,57.515151515151516,414,417,508,1390,1063,1105
201,9,49.01,0.2497796368088146,28,43.44117647058823,46.21212121212121,57.54545454545455,414,419,509,1390,1063,1106
202,5,49.05,0.24951478083588172,28,43.44117647058823,46.303030303030305,57.57575757575758,414,421,510,1390,1063,1107
203,6,49.07,0.2492663541878949,28,43.44117647058823,46.36363636363637,57.57575757575758,414,422,510,1390,1063,1108
204,5,49.08,0.24922167889160549,28,43.44117647058823,46.39393939393939,57.57575757575758,414,422,510,1390,1063,1109
205,10,49.09,0.2491973925443064,28,43.44117647058823,46.42424242424242,57.57575757575758,414,422,510,1390,1063,1110
206,10,49.12,0.2491938110749186,28,43.44117647058823,46.484848484848484,57.60606060606061,414,423,511,1390,1063,1111
207,9,49.16,0.24899918633034987,28,43.44117647058823,46.57575757575758,57.63636363636363,414,425,512,1390,1063,1112
208,8,49.2,0.2488373983739838,28,43.44117647058823,46.666666666666664,57.666666666666664,414,427,513,1390,1063,1113
209,7,49.24,0.24870836718115355,28,43.44117647058823,46.75757575757576,57.696969696969695,414,429,514,1390,1063,1114
210,7,49.27,0.24858331641972797,28,43.44117647058823,46.81818181818182,57.72727272727273,414,431,515,1390,1063,1114
211,7,49.3,0.2484908722109533,28,43.44117647058823,46.878787878787875,57.75757575757576,414,433,516,1390,1063,1114
212,7,49.33,0.24841881208189748,28,43.44117647058823,46.93939393939394,57.78787878787879,414,435,517,1390,1063,1114
213,7,49.36,0.24837115072933544,28,43.44117647058823,47.0,57.81818181818182,414,437,518,1390,1063,1114
214,7,49.39,0.24833164608220287,28,43.44117647058823,47.06060606060606,57.84848484848485,414,439,519,1390,1063,1114
215,7,49.42,0.24830028328611903,28,43.44117647058823,47.121212121212125,57.878787878787875,414,441,520,1390,1063,1114
216,7,49.45,0.24829322548028315,28,43.44117647058823,47.18181818181818,57.90909090909091,414,443,521,1390,1063,1114
217,10,49.48,0.24829830234438163,28,43.44117647058823,47.24242424242424,57.93939393939394,414,445,522,1390,1063,1114
218,9,49.52,0.2481138933764136,28,43.44117647058823,47.333333333333336,57.96969696969697,414,448,523,1390,1063,1114
219,11,49.56,0.24795399515738495,28,43.44117647058823,47.42424242424242,58.0,414,451,524,1390,1063,1114
220,8,49.62,0.24753728335348654,28,43.470588235294116,47.54545454545455,58.03030303030303,415,454,525,1390,1063,1115
221,11,49.65,0.24709164149043303,28,43.5,47.60606060606061,58.03030303030303,416,455,525,1390,1063,1116
222,7,49.69,0.24679613604346953,28,43.529411764705884,47.666666666666664,58.06060606060606,417,456,526,1390,1063,1117
223,8,49.71,0.2465640716153692,28,43.529411764705884,47.72727272727273,58.06060606060606,417,457,526,1390,1063,1118
224,6,49.73,0.24634828071586568,28,43.529411764705884,47.78787878787879,58.06060606060606,417,458,526,1390,1063,1119
225,4,49.75,0.24613668341708547,28,43.529411764705884,47.84848484848485,58.06060606060606,417,459,526,1390,1063,1120
226,2,49.77,0.24593329314848306,28,43.529411764705884,47.90909090909091,58.06060606060606,417,460,526,1390,1063,1121
227,0,49.79,0.24575416750351478,28,43.529411764705884,47.96969696969697,58.06060606060606,417,461,526,1390,1063,1122
228,0,49.79,0.24575416750351478,28,43.529411764705884,47.96969696969697,58.06060606060606,417,461,526,1390,1063,1122
229,0,49.79,0.24575416750351478,28,43.529411764705884,47.96969696969697,58.06060606060606,417,461,526,1390,1063,1122
230,0,49.79,0.24575416750351478,28,43.529411764705884,47.96969696969697,58.06060606060606,417,461,526,1390,1063,1122
231,0,49.79,0.24575416750351478,28,43.529411764705884,47.96969696969697,58.06060606060606,417,461,526,1390,1063,1122
232,0,49.79,0.24575416750351478,28,43.529411764705884,47.96969696969697,58.06060606060606,417,461,526,1390,1063,1122
233,0,49.79,0.24575416750351478,28,43.529411764705884,47.96969696969697,58.06060606060606,417,461,526,1390,1063,1122
234,0,49.79,0.24575416750351478,28,43.529411764705884,47.96969696969697,58.06060606060606,417,461,526,1390,1063,1122
235,0,49.79,0.24575416750351478,28,43.529411764705884,47.96969696969697,58.06060606060606,417,461,526,1390,1063,1122
236,0,49.79,0.24575416750351478,28,43.529411764705884,47.96969696969697,58.06060606060606,417,461,526,1390,1063,1122
237,0,49.79,0.24575416750351478,28,43.529411764705884,47.96969696969697,58.06060606060606,417,461,526,1390,1063,1122
238,0,49.79,0.24575416750351478,28,43.529411764705884,47.96969696969697,58.06060606060606,417,461,526,1390,1063,1122
239,0,49.79,0.24575416750351478,28,43.529411764705884,47.96969696969697,58.06060606060606,417,461,526,1390,1063,1122
240,0,49.79,0.24575416750351478,28,43.529411764705884,47.96969696969697,58.06060606060606,417,461,526,1390,1063,1122
241,0,49.79,0.24575416750351478,28,43.529411764705884,47.96969696969697,58.06060606060606,417,461,526,1390,1063,1122
242,0,49.79,0.24575416750351478,28,43.529411764705884,47.96969696969697,58.06060606060606,417,461,526,1390,1063,1122
243,0,49.79,0.24575416750351478,28,43.529411764705884,47.96969696969697,58.06060606060606,417,461,526,1390,1063,1122
244,0,49.79,0.24575416750351478,28,43.529411764705884,47.96969696969697,58.06060606060606,417,461,526,1390,1063,1122
245,0,49.79,0.24575416750351478,28,43.529411764705884,47.96969696969697,58.06060606060606,417,461,526,1390,1063,1122
246,0,49.79,0.24575416750351478,28,43.529411764705884,47.96969696969697,58.06060606060606,417,461,526,1390,1063,1122
247,0,49.79,0.24575416750351478,28,43.529411764705884,47.96969696969697,58.06060606060606,417,461,526,1390,1063,1122
248,0,49.79,0.24575416750351478,28,43.529411764705884,47.96969696969697,58.06060606060606,417,461,526,1390,1063,1122
249,0,49.79,0.24575416750351478,28,43.529411764705884,47.96969696969697,58.06060606060606,417,461,526,1390,1063,1122
250,6,49.79,0.24575416750351478,28,43.529411764705884,47.96969696969697,58.06060606060606,417,461,526,1390,1063,1122
251,10,49.81,0.2455270026099177,28,43.588235294117645,47.96969696969697,58.06060606060606,419,461,526,1390,1063,1122
252,9,49.85,0.24502908726178532,28,43.64705882352941,48.0,58.09090909090909,421,462,526,1391,1063,1122
253,14,49.89,0.24454399679294453,28,43.705882352941174,48.03030303030303,58.121212121212125,423,463,526,1392,1063,1122
254,17,49.95,0.24394594594594593,28,43.76470588235294,48.121212121212125,58.15151515151515,425,465,526,1393,1063,1123
255,15,50.0,0.24337599999999995,28,43.794117647058826,48.21212121212121,58.18181818181818,426,467,526,1394,1063,1124
256,13,50.05,0.2428351648351648,28,43.8235294117647,48.303030303030305,58.21212121212121,427,469,526,1395,1063,1125
257,12,50.09,0.24243761229786387,28,43.85294117647059,48.36363636363637,58.24242424242424,428,470,526,1396,1063,1126
258,10,50.14,0.24194256082967683,28,43.88235294117647,48.45454545454545,58.27272727272727,429,472,526,1397,1063,1127
259,9,50.18,0.241494619370267,28,43.911764705882355,48.54545454545455,58.27272727272727,430,474,526,1397,1063,1128
260,7,50.23,0.2410332470635079,28,43.94117647058823,48.63636363636363,58.303030303030305,431,476,526,1398,1063,1129
261,4,50.26,0.24093513728611227,28,43.94117647058823,48.666666666666664,58.36363636363637,431,477,526,1400,1063,1129
262,3,50.27,0.24092500497314503,28,43.94117647058823,48.666666666666664,58.39393939393939,431,477,526,1401,1063,1129
263,5,50.28,0.24093078758949887,28,43.94117647058823,48.666666666666664,58.42424242424242,431,477,526,1402,1063,1129
264,3,50.3,0.24100596421471165,28,43.94117647058823,48.666666666666664,58.484848484848484,431,477,527,1403,1063,1129
265,4,50.32,0.2411089030206678,28,43.94117647058823,48.666666666666664,58.54545454545455,431,477,528,1404,1063,1129
266,5,50.34,0.24108859753675005,28,43.94117647058823,48.666666666666664,58.60606060606061,431,477,530,1404,1063,1129
267,6,50.36,0.24080222398729148,28,43.94117647058823,48.696969696969695,58.63636363636363,431,478,531,1404,1063,1129
268,6,50.39,0.24066481444731097,28,43.94117647058823,48.72727272727273,58.696969696969695,431,479,533,1404,1063,1129
269,12,50.42,0.24054343514478377,28,43.94117647058823,48.75757575757576,58.75757575757576,431,480,535,1404,1063,1129
270,15,50.45,0.24060059464816647,28,43.94117647058823,48.81818181818182,58.78787878787879,431,482,536,1404,1063,1129
271,26,50.49,0.2405961576549812,28,43.94117647058823,48.878787878787875,58.84848484848485,431,484,538,1404,1063,1129
272,28,50.53,0.24060755986542645,28,43.94117647058823,48.93939393939394,58.90909090909091,431,486,540,1404,1063,1129
273,33,50.57,0.2406228989519478,28,43.94117647058823,49.0,58.96969696969697,431,488,542,1404,1063,1129
274,32,50.61,0.24065006915629325,28,43.94117647058823,49.06060606060606,59.03030303030303,431,490,544,1404,1063,1129
275,34,50.65,0.2406811451135242,28,43.94117647058823,49.121212121212125,59.09090909090909,431,492,546,1404,1063,1129
276,32,50.7,0.2406272189349113,28,43.970588235294116,49.18181818181818,59.15151515151515,431,494,548,1404,1064,1129
277,29,50.76,0.24041371158392436,28,44.0,49.27272727272727,59.21212121212121,431,496,550,1404,1065,1130
278,35,50.82,0.24023219205037394,28,44.029411764705884,49.36363636363637,59.27272727272727,431,498,552,1404,1066,1131
279,29,50.88,0.2400746855345912,28,44.05882352941177,49.45454545454545,59.333333333333336,431,500,554,1404,1067,1132
280,27,50.93,0.2400058904378558,28,44.05882352941177,49.54545454545455,59.39393939393939,431,502,556,1404,1067,1133
281,25,50.98,0.23994899960768934,28,44.05882352941177,49.63636363636363,59.45454545454545,431,504,558,1404,1067,1134
282,26,51.03,0.23989613952576916,28,44.05882352941177,49.72727272727273,59.515151515151516,431,506,560,1404,1067,1135
283,24,51.08,0.2398512137823023,28,44.05882352941177,49.81818181818182,59.57575757575758,431,508,562,1404,1067,1136
284,22,51.13,0.23981811069822015,28,44.05882352941177,49.90909090909091,59.63636363636363,431,510,564,1404,1067,1137
285,24,51.17,0.23965018565565757,28,44.05882352941177,50.0,59.666666666666664,431,512,565,1404,1067,1138
286,28,51.22,0.23963295587661065,28,44.05882352941177,50.09090909090909,59.72727272727273,431,514,567,1404,1067,1139
287,32,51.27,0.23964306612053832,28,44.05882352941177,50.18181818181818,59.78787878787879,431,516,569,1404,1067,1140
288,30,51.32,0.2396570537802026,28,44.05882352941177,50.27272727272727,59.84848484848485,431,518,571,1404,1067,1141
289,34,51.37,0.23968658750243335,28,44.05882352941177,50.36363636363637,59.90909090909091,431,520,573,1404,1067,1142
290,28,51.43,0.2396636204549874,28,44.088235294117645,50.45454545454545,59.96969696969697,431,522,575,1404,1068,1143
291,31,51.49,0.23964847543212273,28,44.11764705882353,50.54545454545455,60.03030303030303,431,524,577,1404,1069,1144
292,37,51.55,0.2396488845780796,28,44.14705882352941,50.63636363636363,60.09090909090909,431,526,579,1404,1070,1145
293,40,51.61,0.23966091842666146,28,44.1764705882353,50.72727272727273,60.15151515151515,431,528,581,1404,1071,1146
294,43,51.67,0.23967679504548087,28,44.205882352941174,50.81818181818182,60.21212121212121,431,530,583,1404,1072,1147
295,40,51.73,0.2397080997486951,28,44.23529411764706,50.90909090909091,60.27272727272727,431,532,585,1404,1073,1148
296,40,51.79,0.2397779494110833,28,44.26470588235294,51.0,60.333333333333336,431,534,587,1404,1074,1149
297,37,51.85,0.23987078109932497,28,44.294117647058826,51.09090909090909,60.39393939393939,431,536,589,1404,1075,1150
298,37,51.91,0.23998266230013485,28,44.3235294117647,51.18181818181818,60.45454545454545,431,538,591,1404,1076,1151
299,32,51.96,0.2399884526558891,28,44.35294117647059,51.27272727272727,60.484848484848484,431,540,592,1404,1077,1152
300,30,52.01,0.24001345895020193,28,44.38235294117647,51.36363636363637,60.515151515151516,431,542,593,1404,1078,1153
301,31,52.06,0.2400499423741836,28,44.411764705882355,51.45454545454545,60.54545454545455,431,544,594,1404,1079,1154
302,26,52.11,0.24010170792554206,28,44.44117647058823,51.54545454545455,60.57575757575758,431,546,595,1404,1080,1155
303,21,52.16,0.24016487730061342,28,44.470588235294116,51.63636363636363,60.60606060606061,431,548,596,1404,1081,1156
304,19,52.21,0.2402202643171806,28,44.5,51.75757575757576,60.60606060606061,431,550,596,1404,1082,1158
305,16,52.27,0.24044193610101403,28,44.529411764705884,51.878787878787875,60.63636363636363,431,552,597,1404,1083,1160
306,13,52.33,0.24071278425377415,28,44.55882352941177,52.0,60.666666666666664,431,554,598,1404,1084,1162
307,16,52.39,0.24099064707005155,28,44.588235294117645,52.121212121212125,60.696969696969695,431,556,599,1404,1085,1164
308,17,52.44,0.24133104500381392,28,44.61764705882353,52.18181818181818,60.75757575757576,431,558,601,1404,1086,1164
309,14,52.5,0.24155428571428572,28,44.64705882352941,52.27272727272727,60.81818181818182,431,561,603,1404,1087,1164
310,11,52.56,0.24179223744292244,28,44.6764705882353,52.36363636363637,60.878787878787875,431,564,605,1404,1088,1164
311,16,52.6,0.2420266159695818,28,44.705882352941174,52.42424242424242,60.90909090909091,431,566,606,1404,1089,1164
312,11,52.65,0.2424178537511871,28,44.73529411764706,52.484848484848484,60.96969696969697,431,568,608,1404,1090,1164
313,6,52.7,0.24281593927893738,28,44.76470588235294,52.54545454545455,61.03030303030303,431,570,610,1404,1091,1164
314,2,52.74,0.2431171786120592,28,44.794117647058826,52.57575757575758,61.09090909090909,431,571,612,1404,1092,1164
315,4,52.75,0.24323601895734598,28,44.8235294117647,52.57575757575758,61.09090909090909,431,571,612,1404,1093,1164
316,8,52.77,0.24346219442865263,28,44.85294117647059,52.60606060606061,61.09090909090909,431,572,612,1404,1094,1164
317,11,52.8,0.24359469696969696,28,44.85294117647059,52.666666666666664,61.121212121212125,431,574,613,1404,1094,1164
318,13,52.84,0.2435276305828917,28,44.88235294117647,52.72727272727273,61.15151515151515,432,576,614,1404,1094,1164
319,17,52.89,0.24326904896955953,28,44.94117647058823,52.78787878787879,61.18181818181818,434,578,615,1404,1094,1164
320,17,52.95,0.24281586402266286,28,45.0,52.878787878787875,61.21212121212121,436,580,616,1404,1094,1165
321,20,53.01,0.24237879645349936,28,45.05882352941177,52.96969696969697,61.24242424242424,438,582,617,1404,1094,1166
322,20,53.07,0.24195025438100629,28,45.11764705882353,53.06060606060606,61.27272727272727,440,584,618,1404,1094,1167
323,19,53.14,0.24140760255927746,28,45.1764705882353,53.15151515151515,61.333333333333336,442,586,620,1404,1094,1168
324,21,53.21,0.24087765457620747,28,45.23529411764706,53.24242424242424,61.39393939393939,444,588,622,1404,1094,1169
325,20,53.28,0.24037537537537532,28,45.294117647058826,53.333333333333336,61.45454545454545,446,590,624,1404,1094,1170
326,19,53.35,0.2398856607310215,28,45.35294117647059,53.42424242424242,61.515151515151516,448,592,626,1404,1094,1171
327,18,53.42,0.23941220516660422,28,45.411764705882355,53.515151515151516,61.57575757575758,450,594,628,1404,1094,1172
328,17,53.49,0.23896990091605916,28,45.470588235294116,53.60606060606061,61.63636363636363,452,596,630,1404,1094,1173
329,14,53.55,0.23863492063492062,28,45.529411764705884,53.696969696969695,61.666666666666664,454,598,631,1404,1094,1174
330,18,53.6,0.23849999999999993,28,45.55882352941177,53.78787878787879,61.696969696969695,455,600,632,1404,1094,1175
331,15,53.66,0.23831531867312705,28,45.588235294117645,53.878787878787875,61.75757575757576,456,602,634,1404,1094,1176
332,16,53.71,0.238210761496928,28,45.61764705882353,53.96969696969697,61.78787878787879,457,604,635,1404,1094,1177
333,19,53.77,0.23784824251441322,28,45.64705882352941,54.09090909090909,61.81818181818182,458,606,636,1404,1094,1179
334,21,53.84,0.23762630014858843,28,45.6764705882353,54.21212121212121,61.878787878787875,459,608,638,1404,1094,1181
335,20,53.91,0.23743461324429604,28,45.705882352941174,54.333333333333336,61.93939393939394,460,610,640,1404,1094,1183
336,20,54.0,0.23690370370370373,28,45.794117647058826,54.45454545454545,62.0,462,612,642,1404,1095,1185
337,15,54.08,0.23656065088757403,28,45.85294117647059,54.57575757575758,62.06060606060606,464,614,644,1404,1095,1187
338,12,54.14,0.2363723679349833,28,45.911764705882355,54.63636363636363,62.121212121212125,466,615,646,1404,1095,1188
339,10,54.19,0.23609337516146894,28,45.970588235294116,54.696969696969695,62.15151515151515,468,616,647,1404,1095,1189
340,8,54.24,0.23584070796460183,28,46.029411764705884,54.75757575757576,62.18181818181818,470,617,648,1404,1095,1190
341,7,54.28,0.23549005158437736,28,46.088235294117645,54.78787878787879,62.21212121212121,472,617,649,1404,1095,1191
342,9,54.32,0.23495581737849774,28,46.14705882352941,54.84848484848485,62.21212121212121,474,617,649,1404,1095,1193
343,6,54.35,0.2344011039558417,28,46.205882352941174,54.878787878787875,62.21212121212121,476,617,649,1404,1095,1194
344,7,54.37,0.23403899209122683,28,46.23529411764706,54.90909090909091,62.21212121212121,477,617,649,1404,1095,1195
345,10,54.4,0.23348897058823526,28,46.294117647058826,54.93939393939394,62.21212121212121,479,617,649,1404,1095,1196
346,13,54.43,0.23294322983648727,28,46.35294117647059,54.96969696969697,62.21212121212121,481,617,649,1404,1095,1197
347,15,54.47,0.23241233706627498,28,46.411764705882355,55.0,62.24242424242424,483,617,650,1404,1095,1198
348,14,54.51,0.2318968996514401,28,46.470588235294116,55.03030303030303,62.27272727272727,485,617,651,1404,1095,1199
349,14,54.54,0.2315584891822516,28,46.5,55.06060606060606,62.303030303030305,486,617,652,1404,1095,1200
350,13,54.58,0.23105899596921944,28,46.55882352941177,55.09090909090909,62.333333333333336,488,617,653,1404,1095,1201
351,12,54.62,0.23057488099597223,28,46.61764705882353,55.121212121212125,62.36363636363637,490,617,654,1404,1095,1202
352,11,54.66,0.23010611050128063,28,46.6764705882353,55.15151515151515,62.39393939393939,492,617,655,1404,1095,1203
353,10,54.7,0.22964533820840954,28,46.73529411764706,55.18181818181818,62.42424242424242,494,617,656,1404,1095,1204
354,9,54.74,0.22921446839605408,28,46.794117647058826,55.21212121212121,62.45454545454545,496,617,657,1404,1095,1205
355,12,54.77,0.22895563264560892,28,46.8235294117647,55.24242424242424,62.484848484848484,497,617,658,1404,1095,1206
356,9,54.8,0.22870437956204384,28,46.85294117647059,55.27272727272727,62.515151515151516,498,617,659,1404,1095,1207
357,6,54.83,0.22846799197519602,28,46.88235294117647,55.303030303030305,62.54545454545455,499,617,660,1404,1095,1208
358,3,54.86,0.2282427998541742,28,46.911764705882355,55.333333333333336,62.57575757575758,500,617,661,1404,1095,1209
359,2,54.87,0.22807180608711505,28,46.911764705882355,55.36363636363637,62.57575757575758,500,617,661,1404,1095,1210
360,1,54.88,0.22790087463556843,28,46.911764705882355,55.39393939393939,62.57575757575758,500,617,661,1404,1095,1211
361,4,54.88,0.22790087463556843,28,46.911764705882355,55.39393939393939,62.57575757575758,500,617,661,1404,1095,1211
362,5,54.9,0.22798542805100183,28,46.94117647058823,55.39393939393939,62.60606060606061,501,617,662,1404,1095,1211
363,6,54.92,0.22779315367807726,28,46.970588235294116,55.42424242424242,62.60606060606061,502,618,662,1404,1095,1211
364,9,54.95,0.22752138307552314,28,47.029411764705884,55.45454545454545,62.60606060606061,503,619,662,1404,1096,1211
365,9,54.98,0.22716624226991627,28,47.088235294117645,55.484848484848484,62.60606060606061,505,620,662,1404,1096,1211
366,8,55.02,0.22673573246092332,28,47.1764705882353,55.515151515151516,62.60606060606061,507,621,662,1404,1097,1211
367,8,55.05,0.22629791099000912,28,47.23529411764706,55.54545454545455,62.60606060606061,508,622,662,1404,1098,1211
368,11,55.08,0.2260748002904866,28,47.294117647058826,55.57575757575758,62.60606060606061,509,623,662,1404,1099,1211
369,10,55.12,0.225689404934688,28,47.38235294117647,55.60606060606061,62.60606060606061,511,624,662,1404,1100,1211
370,12,55.16,0.22531544597534447,28,47.470588235294116,55.63636363636363,62.60606060606061,513,625,662,1404,1101,1211
371,11,55.2,0.22495652173913044,28,47.55882352941177,55.666666666666664,62.60606060606061,515,626,662,1404,1102,1211
372,10,55.24,0.22463070238957272,28,47.64705882352941,55.696969696969695,62.60606060606061,517,627,662,1404,1103,1211
373,9,55.28,0.22431259044862514,28,47.73529411764706,55.72727272727273,62.60606060606061,519,628,662,1404,1104,1211
374,11,55.32,0.22402024584237168,28,47.8235294117647,55.75757575757576,62.60606060606061,521,629,662,1404,1105,1211
375,13,55.36,0.22377890173410406,28,47.94117647058823,55.75757575757576,62.60606060606061,524,629,662,1404,1106,1211
376,14,55.41,0.22311676592672797,28,48.05882352941177,55.78787878787879,62.60606060606061,527,630,662,1404,1107,1211
377,11,55.47,0.2225761672976384,28,48.1764705882353,55.81818181818182,62.63636363636363,530,631,663,1404,1108,1211
378,11,55.53,0.22206194849630834,28,48.294117647058826,55.84848484848485,62.666666666666664,533,632,664,1404,1109,1211
379,8,55.59,0.221559633027523,28,48.411764705882355,55.878787878787875,62.696969696969695,536,633,665,1404,1110,1211
380,7,55.63,0.2212277548085565,28,48.470588235294116,55.90909090909091,62.72727272727273,538,634,666,1404,1110,1211
381,6,55.67,0.22090713130950249,28,48.529411764705884,55.93939393939394,62.75757575757576,540,635,667,1404,1110,1211
382,6,55.7,0.220754039497307,28,48.588235294117645,55.93939393939394,62.78787878787879,542,635,668,1404,1110,1211
383,6,55.73,0.22061546743226274,28,48.64705882352941,55.93939393939394,62.81818181818182,544,635,669,1404,1110,1211
384,6,55.76,0.22049497847919652,28,48.705882352941174,55.93939393939394,62.84848484848485,546,635,670,1404,1110,1211
385,6,55.79,0.2203889585947303,28,48.76470588235294,55.93939393939394,62.878787878787875,548,635,671,1404,1110,1211
386,6,55.82,0.22029738445001798,28,48.8235294117647,55.93939393939394,62.90909090909091,550,635,672,1404,1110,1211
387,6,55.85,0.2202166517457475,28,48.88235294117647,55.93939393939394,62.93939393939394,552,635,673,1404,1110,1211
388,6,55.88,0.22002505368647107,28,48.911764705882355,55.96969696969697,62.96969696969697,553,635,674,1404,1110,1212
389,6,55.91,0.21984439277410117,28,48.94117647058823,56.0,63.0,554,635,675,1404,1110,1213
390,9,55.94,0.2196675008938148,28,48.970588235294116,56.03030303030303,63.03030303030303,555,635,676,1404,1110,1214
391,8,55.98,0.21945337620578784,28,49.029411764705884,56.06060606060606,63.06060606060606,557,635,677,1404,1110,1215
392,7,56.02,0.21925383791503036,28,49.088235294117645,56.09090909090909,63.09090909090909,559,635,678,1404,1110,1216
393,7,56.05,0.21917752007136485,28,49.11764705882353,56.121212121212125,63.121212121212125,560,635,679,1404,1110,1217
394,5,56.07,0.21915641162832172,28,49.11764705882353,56.15151515151515,63.15151515151515,560,635,680,1404,1110,1218
395,3,56.09,0.21914244963451593,28,49.11764705882353,56.18181818181818,63.18181818181818,560,635,681,1404,1110,1219
396,1,56.11,0.21912849759401185,28,49.11764705882353,56.21212121212121,63.21212121212121,560,635,682,1404,1110,1220
397,0,56.12,0.21900213827512474,28,49.11764705882353,56.24242424242424,63.21212121212121,560,635,682,1404,1110,1221
398,0,56.12,0.21900213827512474,28,49.11764705882353,56.24242424242424,63.21212121212121,560,635,682,1404,1110,1221
399,0,56.12,0.21900213827512474,28,49.11764705882353,56.24242424242424,63.21212121212121,560,635,682,1404,1110,1221
400,0,56.12,0.21900213827512474,28,49.11764705882353,56.24242424242424,63.21212121212121,560,635,682,1404,1110,1221
401,0,56.12,0.21900213827512474,28,49.11764705882353,56.24242424242424,63.21212121212121,560,635,682,1404,1110,1221
402,0,56.12,0.21900213827512474,28,49.11764705882353,56.24242424242424,63.21212121212121,560,635,682,1404,1110,1221
403,0,56.12,0.21900213827512474,28,49.11764705882353,56.24242424242424,63.21212121212121,560,635,682,1404,1110,1221
404,0,56.12,0.21900213827512474,28,49.11764705882353,56.24242424242424,63.21212121212121,560,635,682,1404,1110,1221
405,0,56.12,0.21900213827512474,28,49.11764705882353,56.24242424242424,63.21212121212121,560,635,682,1404,1110,1221
406,0,56.12,0.21900213827512474,28,49.11764705882353,56.24242424242424,63.21212121212121,560,635,682,1404,1110,1221
407,0,56.12,0.21900213827512474,28,49.11764705882353,56.24242424242424,63.21212121212121,560,635,682,1404,1110,1221
408,0,56.12,0.21900213827512474,28,49.11764705882353,56.24242424242424,63.21212121212121,560,635,682,1404,1110,1221
409,0,56.12,0.21900213827512474,28,49.11764705882353,56.24242424242424,63.21212121212121,560,635,682,1404,1110,1221
410,0,56.12,0.21900213827512474,28,49.11764705882353,56.24242424242424,63.21212121212121,560,635,682,1404,1110,1221
411,0,56.12,0.21900213827512474,28,49.11764705882353,56.24242424242424,63.21212121212121,560,635,682,1404,1110,1221
412,0,56.12,0.21900213827512474,28,49.11764705882353,56.24242424242424,63.21212121212121,560,635,682,1404,1110,1221
413,0,56.12,0.21900213827512474,28,49.11764705882353,56.24242424242424,63.21212121212121,560,635,682,1404,1110,1221
414,0,56.12,0.21900213827512474,28,49.11764705882353,56.24242424242424,63.21212121212121,560,635,682,1404,1110,1221
415,0,56.12,0.21900213827512474,28,49.11764705882353,56.24242424242424,63.21212121212121,560,635,682,1404,1110,1221
416,0,56.12,0.21900213827512474,28,49.11764705882353,56.24242424242424,63.21212121212121,560,635,682,1404,1110,1221
417,0,56.12,0.21900213827512474,28,49.11764705882353,56.24242424242424,63.21212121212121,560,635,682,1404,1110,1221
418,0,56.12,0.21900213827512474,28,49.11764705882353,56.24242424242424,63.21212121212121,560,635,682,1404,1110,1221
419,0,56.12,0.21900213827512474,28,49.11764705882353,56.24242424242424,63.21212121212121,560,635,682,1404,1110,1221
420,0,56.12,0.21900213827512474,28,49.11764705882353,56.24242424242424,63.21212121212121,560,635,682,1404,1110,1221
421,0,56.12,0.21900213827512474,28,49.11764705882353,56.24242424242424,63.21212121212121,560,635,682,1404,1110,1221
422,0,56.12,0.21900213827512474,28,49.11764705882353,56.24242424242424,63.21212121212121,560,635,682,1404,1110,1221
423,0,56.12,0.21900213827512474,28,49.11764705882353,56.24242424242424,63.21212121212121,560,635,682,1404,1110,1221
424,0,56.12,0.21900213827512474,28,49.11764705882353,56.24242424242424,63.21212121212121,560,635,682,1404,1110,1221
425,0,56.12,0.21900213827512474,28,49.11764705882353,56.24242424242424,63.21212121212121,560,635,682,1404,1110,1221
426,0,56.12,0.21900213827512474,28,49.11764705882353,56.24242424242424,63.21212121212121,560,635,682,1404,1110,1221
427,0,56.12,0.21900213827512474,28,49.11764705882353,56.24242424242424,63.21212121212121,560,635,682,1404,1110,1221
428,0,56.12,0.21900213827512474,28,49.11764705882353,56.24242424242424,63.21212121212121,560,635,682,1404,1110,1221
429,0,56.12,0.21900213827512474,28,49.11764705882353,56.24242424242424,63.21212121212121,560,635,682,1404,1110,1221
430,0,56.12,0.21900213827512474,28,49.11764705882353,56.24242424242424,63.21212121212121,560,635,682,1404,1110,1221
431,0,56.12,0.21900213827512474,28,49.11764705882353,56.24242424242424,63.21212121212121,560,635,682,1404,1110,1221
432,0,56.12,0.21900213827512474,28,49.11764705882353,56.24242424242424,63.21212121212121,560,635,682,1404,1110,1221
433,0,56.12,0.21900213827512474,28,49.11764705882353,56.24242424242424,63.21212121212121,560,635,682,1404,1110,1221
434,0,56.12,0.21900213827512474,28,49.11764705882353,56.24242424242424,63.21212121212121,560,635,682,1404,1110,1221
435,0,56.12,0.21900213827512474,28,49.11764705882353,56.24242424242424,63.21212121212121,560,635,682,1404,1110,1221
436,0,56.12,0.21900213827512474,28,49.11764705882353,56.24242424242424,63.21212121212121,560,635,682,1404,1110,1221
437,0,56.12,0.21900213827512474,28,49.11764705882353,56.24242424242424,63.21212121212121,560,635,682,1404,1110,1221
438,0,56.12,0.21900213827512474,28,49.11764705882353,56.24242424242424,63.21212121212121,560,635,682,1404,1110,1221
439,0,56.12,0.21900213827512474,28,49.11764705882353,56.24242424242424,63.21212121212121,560,635,682,1404,1110,1221
440,0,56.12,0.21900213827512474,28,49.11764705882353,56.24242424242424,63.21212121212121,560,635,682,1404,1110,1221
441,0,56.12,0.21900213827512474,28,49.11764705882353,56.24242424242424,63.21212121212121,560,635,682,1404,1110,1221
442,0,56.12,0.21900213827512474,28,49.11764705882353,56.24242424242424,63.21212121212121,560,635,682,1404,1110,1221
443,0,56.12,0.21900213827512474,28,49.11764705882353,56.24242424242424,63.21212121212121,560,635,682,1404,1110,1221
444,0,56.12,0.21900213827512474,28,49.11764705882353,56.24242424242424,63.21212121212121,560,635,682,1404,1110,1221
445,0,56.12,0.21900213827512474,28,49.11764705882353,56.24242424242424,63.21212121212121,560,635,682,1404,1110,1221
446,0,56.12,0.21900213827512474,28,49.11764705882353,56.24242424242424,63.21212121212121,560,635,682,1404,1110,1221
447,0,56.12,0.21900213827512474,28,49.11764705882353,56.24242424242424,63.21212121212121,560,635,682,1404,1110,1221
448,0,56.12,0.21900213827512474,28,49.11764705882353,56.24242424242424,63.21212121212121,560,635,682,1404,1110,1221
449,0,56.12,0.21900213827512474,28,49.11764705882353,56.24242424242424,63.21212121212121,560,635,682,1404,1110,1221
450,0,56.12,0.21900213827512474,28,49.11764705882353,56.24242424242424,63.21212121212121,560,635,682,1404,1110,1221
451,0,56.12,0.21900213827512474,28,49.11764705882353,56.24242424242424,63.21212121212121,560,635,682,1404,1110,1221
452,0,56.12,0.21900213827512474,28,49.11764705882353,56.24242424242424,63.21212121212121,560,635,682,1404,1110,1221
453,0,56.12,0.21900213827512474,28,49.11764705882353,56.24242424242424,63.21212121212121,560,635,682,1404,1110,1221
454,0,56.12,0.21900213827512474,28,49.11764705882353,56.24242424242424,63.21212121212121,560,635,682,1404,1110,1221
455,0,56.12,0.21900213827512474,28,49.11764705882353,56.24242424242424,63.21212121212121,560,635,682,1404,1110,1221
456,0,56.12,0.21900213827512474,28,49.11764705882353,56.24242424242424,63.21212121212121,560,635,682,1404,1110,1221
457,0,56.12,0.21900213827512474,28,49.11764705882353,56.24242424242424,63.21212121212121,560,635,682,1404,1110,1221
458,0,56.12,0.21900213827512474,28,49.11764705882353,56.24242424242424,63.21212121212121,560,635,682,1404,1110,1221
459,0,56.12,0.21900213827512474,28,49.11764705882353,56.24242424242424,63.21212121212121,560,635,682,1404,1110,1221
460,0,56.12,0.21900213827512474,28,49.11764705882353,56.24242424242424,63.21212121212121,560,635,682,1404,1110,1221
461,0,56.12,0.21900213827512474,28,49.11764705882353,56.24242424242424,63.21212121212121,560,635,682,1404,1110,1221
462,0,56.12,0.21900213827512474,28,49.11764705882353,56.24242424242424,63.21212121212121,560,635,682,1404,1110,1221
463,0,56.12,0.21900213827512474,28,49.11764705882353,56.24242424242424,63.21212121212121,560,635,682,1404,1110,1221
464,0,56.12,0.21900213827512474,28,49.11764705882353,56.24242424242424,63.21212121212121,560,635,682,1404,1110,1221
465,0,56.12,0.21900213827512474,28,49.11764705882353,56.24242424242424,63.21212121212121,560,635,682,1404,1110,1221
466,0,56.12,0.21900213827512474,28,49.11764705882353,56.24242424242424,63.21212121212121,560,635,682,1404,1110,1221
467,0,56.12,0.21900213827512474,28,49.11764705882353,56.24242424242424,63.21212121212121,560,635,682,1404,1110,1221
468,0,56.12,0.21900213827512474,28,49.11764705882353,56.24242424242424,63.21212121212121,560,635,682,1404,1110,1221
469,0,56.12,0.21900213827512474,28,49.11764705882353,56.24242424242424,63.21212121212121,560,635,682,1404,1110,1221
470,0,56.12,0.21900213827512474,28,49.11764705882353,56.24242424242424,63.21212121212121,560,635,682,1404,1110,1221
471,3,56.12,0.21900213827512474,28,49.11764705882353,56.24242424242424,63.21212121212121,560,635,682,1404,1110,1221
472,2,56.13,0.21894708711918767,28,49.11764705882353,56.24242424242424,63.24242424242424,560,635,683,1404,1110,1221
473,1,56.14,0.21889561809761318,28,49.11764705882353,56.24242424242424,63.27272727272727,560,635,684,1404,1110,1221
474,0,56.15,0.21886553873552983,28,49.11764705882353,56.24242424242424,63.303030303030305,560,635,685,1404,1110,1221
475,0,56.15,0.21886553873552983,28,49.11764705882353,56.24242424242424,63.303030303030305,560,635,685,1404,1110,1221
476,3,56.15,0.21886553873552983,28,49.11764705882353,56.24242424242424,63.303030303030305,560,635,685,1404,1110,1221
477,2,56.16,0.21883190883190878,28,49.11764705882353,56.27272727272727,63.303030303030305,560,636,685,1404,1110,1221
478,1,56.17,0.21881253338080825,28,49.11764705882353,56.303030303030305,63.303030303030305,560,637,685,1404,1110,1221
479,0,56.18,0.2188038447846209,28,49.11764705882353,56.333333333333336,63.303030303030305,560,638,685,1404,1110,1221
480,3,56.18,0.2188038447846209,28,49.11764705882353,56.333333333333336,63.303030303030305,560,638,685,1404,1110,1221
481,8,56.19,0.2187061754760633,28,49.11764705882353,56.36363636363637,63.303030303030305,560,639,685,1404,1110,1221
482,15,56.21,0.2185180572851806,28,49.14705882352941,56.39393939393939,63.303030303030305,561,640,685,1404,1110,1221
483,16,56.26,0.2181514397440455,28,49.1764705882353,56.484848484848484,63.333333333333336,562,642,686,1404,1110,1222
484,21,56.33,0.218052547488017,28,49.23529411764706,56.57575757575758,63.39393939393939,564,644,688,1404,1110,1223
485,23,56.4,0.2180886524822695,28,49.294117647058826,56.666666666666664,63.45454545454545,566,647,690,1404,1110,1223
486,34,56.47,0.2181459181866478,28,49.35294117647059,56.75757575757576,63.515151515151516,568,650,692,1404,1110,1223
487,39,56.54,0.21823134064379204,28,49.411764705882355,56.84848484848485,63.57575757575758,570,653,694,1404,1110,1223
488,34,56.62,0.21823383963263865,28,49.470588235294116,56.96969696969697,63.63636363636363,572,656,696,1404,1110,1224
489,47,56.7,0.21813403880070553,28,49.529411764705884,57.121212121212125,63.666666666666664,574,659,697,1404,1110,1226
490,51,56.78,0.2179852060584713,28,49.588235294117645,57.24242424242424,63.72727272727273,576,661,698,1405,1110,1228
491,51,56.87,0.2179338842975207,28,49.64705882352941,57.39393939393939,63.78787878787879,578,663,699,1406,1110,1231
492,49,56.95,0.21796839332748022,28,49.6764705882353,57.54545454545455,63.84848484848485,579,665,700,1407,1110,1234
493,53,57.03,0.21805190250745227,28,49.705882352941174,57.696969696969695,63.90909090909091,580,667,701,1408,1110,1237
494,51,57.11,0.2181631938364559,28,49.73529411764706,57.84848484848485,63.96969696969697,581,669,702,1409,1110,1240
495,49,57.19,0.21832313341493262,28,49.76470588235294,58.0,64.03030303030303,582,671,703,1410,1110,1243
496,47,57.27,0.21850008730574472,28,49.794117647058826,58.15151515151515,64.0909090909091,583,673,704,1411,1110,1246
497,42,57.35,0.21872537053182214,28,49.8235294117647,58.303030303030305,64.15151515151516,584,675,705,1412,1110,1249
498,44,57.42,0.2190282131661442,28,49.85294117647059,58.42424242424242,64.21212121212122,585,677,706,1413,1110,1251
499,44,57.48,0.21944676409185804,28,49.88235294117647,58.54545454545455,64.24242424242425,586,679,707,1413,1110,1253
500,41,57.54,0.21989572471324295,28,49.911764705882355,58.666666666666664,64.27272727272727,587,681,708,1413,1110,1255
501,41,57.6,0.22037152777777777,28,49.94117647058823,58.78787878787879,64.3030303030303,588,683,709,1413,1110,1257
502,41,57.66,0.22086715227193893,28,49.970588235294116,58.90909090909091,64.33333333333333,589,685,710,1413,1110,1259
503,38,57.72,0.22137907137907134,28,50.0,59.03030303030303,64.36363636363636,590,687,711,1413,1110,1261
504,35,57.78,0.2219037729318103,28,50.029411764705884,59.15151515151515,64.39393939393939,591,689,712,1413,1110,1263
505,38,57.84,0.22243430152143845,28,50.05882352941177,59.27272727272727,64.42424242424242,592,691,713,1413,1110,1265
506,35,57.9,0.2229740932642487,28,50.088235294117645,59.39393939393939,64.45454545454545,593,693,714,1413,1110,1267
507,35,57.96,0.2235231193926846,28,50.11764705882353,59.515151515151516,64.48484848484848,594,695,715,1413,1110,1269
508,38,58.02,0.22408479834539818,28,50.14705882352941,59.63636363636363,64.51515151515152,595,697,716,1413,1110,1271
509,40,58.09,0.2245636081941815,28,50.205882352941174,59.75757575757576,64.54545454545455,596,699,717,1413,1111,1273
510,35,58.17,0.2249836685576757,28,50.294117647058826,59.878787878787875,64.57575757575758,598,701,718,1413,1112,1275
511,44,58.26,0.2253656024716787,28,50.38235294117647,60.0,64.63636363636364,600,703,720,1413,1113,1277
512,39,58.37,0.22600822340243268,28,50.470588235294116,60.18181818181818,64.6969696969697,602,707,722,1413,1114,1279
513,36,58.49,0.22660454778594627,28,50.55882352941177,60.39393939393939,64.75757575757575,604,711,724,1413,1115,1282
514,36,58.61,0.2272393789455724,28,50.64705882352941,60.60606060606061,64.81818181818181,606,715,726,1413,1116,1285
515,33,58.73,0.22792610250297968,28,50.73529411764706,60.81818181818182,64.87878787878788,608,719,728,1413,1117,1288
516,28,58.81,0.22849005271212378,28,50.8235294117647,60.96969696969697,64.87878787878788,610,722,728,1413,1118,1290
517,29,58.89,0.2290864323314655,28,50.911764705882355,61.121212121212125,64.87878787878788,612,725,728,1413,1119,1292
518,27,58.97,0.22970493471256576,28,51.0,61.27272727272727,64.87878787878788,614,728,728,1413,1120,1294
519,24,59.06,0.23036911615306466,28,51.088235294117645,61.45454545454545,64.87878787878788,616,731,728,1413,1121,1297
520,29,59.16,0.23093644354293447,28,51.205882352941174,61.63636363636363,64.87878787878788,619,734,728,1413,1122,1300
521,25,59.26,0.23145798177522778,28,51.294117647058826,61.84848484848485,64.87878787878788,621,738,728,1413,1123,1303
522,22,59.35,0.23197809604043812,28,51.411764705882355,62.0,64.87878787878788,624,742,728,1413,1124,1304
523,19,59.44,0.23270524899057876,28,51.5,62.18181818181818,64.87878787878788,626,747,728,1413,1125,1305
524,17,59.52,0.2333870967741936,28,51.588235294117645,62.333333333333336,64.87878787878788,628,751,728,1413,1126,1306
525,15,59.6,0.23407046979865767,28,51.6764705882353,62.484848484848484,64.87878787878788,629,755,728,1413,1128,1307
526,13,59.68,0.23479222520107243,28,51.76470588235294,62.63636363636363,64.87878787878788,630,759,728,1413,1130,1308
527,11,59.73,0.235106311736146,28,51.85294117647059,62.696969696969695,64.87878787878788,631,761,728,1413,1132,1308
528,12,59.78,0.2354366008698561,28,51.94117647058823,62.75757575757576,64.87878787878788,632,763,728,1413,1134,1308
529,12,59.84,0.23591243315508023,28,52.05882352941177,62.81818181818182,64.87878787878788,634,765,728,1413,1136,1308
530,12,59.9,0.2364641068447412,28,52.14705882352941,62.90909090909091,64.87878787878788,635,768,728,1413,1138,1308
531,21,59.96,0.2370246831220814,28,52.23529411764706,63.0,64.87878787878788,636,771,728,1413,1140,1308
532,22,60.04,0.2377914723517655,28,52.35294117647059,63.06060606060606,64.93939393939394,638,773,730,1413,1142,1308
533,22,60.13,0.2383685348411774,28,52.44117647058823,63.15151515151515,65.03030303030303,639,776,733,1413,1144,1308
534,19,60.22,0.23897044171371631,28,52.529411764705884,63.24242424242424,65.12121212121212,640,779,736,1413,1146,1308
535,15,60.29,0.23934815060540715,28,52.61764705882353,63.27272727272727,65.21212121212122,641,780,739,1413,1148,1308
536,13,60.34,0.23958899569108383,28,52.6764705882353,63.27272727272727,65.3030303030303,641,780,742,1413,1150,1308
537,11,60.39,0.23983275376717997,28,52.73529411764706,63.27272727272727,65.39393939393939,641,780,745,1413,1152,1308
538,15,60.44,0.24008934480476513,28,52.794117647058826,63.27272727272727,65.48484848484848,641,780,748,1413,1154,1308
539,17,60.51,0.24040819699223262,28,52.85294117647059,63.333333333333336,65.57575757575758,641,781,751,1413,1156,1309
540,14,60.57,0.24068845963348195,28,52.85294117647059,63.39393939393939,65.6969696969697,641,782,755,1413,1156,1310
541,11,60.63,0.24097806366485244,28,52.85294117647059,63.45454545454545,65.81818181818181,641,783,759,1413,1156,1311
542,9,60.68,0.24119314436387612,28,52.85294117647059,63.484848484848484,65.93939393939394,641,783,763,1413,1156,1312
543,8,60.72,0.2413241106719367,28,52.85294117647059,63.515151515151516,66.03030303030303,641,783,766,1413,1156,1313
544,7,60.76,0.24147465437788015,28,52.85294117647059,63.54545454545455,66.12121212121212,641,783,769,1413,1156,1314
545,7,60.79,0.2416137522618851,28,52.85294117647059,63.54545454545455,66.21212121212122,641,783,772,1413,1156,1314
546,7,60.82,0.2417592897073331,28,52.85294117647059,63.54545454545455,66.3030303030303,641,783,775,1413,1156,1314
547,7,60.85,0.24190797041906323,28,52.85294117647059,63.54545454545455,66.39393939393939,641,783,778,1413,1156,1314
548,13,60.88,0.24206636005256243,28,52.85294117647059,63.54545454545455,66.48484848484848,641,783,781,1413,1156,1314
549,15,60.92,0.24218319107025607,28,52.85294117647059,63.54545454545455,66.60606060606061,641,783,785,1413,1156,1314
550,20,60.96,0.24230971128608927,28,52.85294117647059,63.54545454545455,66.72727272727273,641,783,789,1413,1156,1314
551,25,61.0,0.24246885245901637,28,52.85294117647059,63.54545454545455,66.84848484848484,641,783,793,1413,1156,1314
552,27,61.04,0.24264744429882043,28,52.85294117647059,63.54545454545455,66.96969696969697,641,783,797,1413,1156,1314
553,29,61.08,0.24284217419777335,28,52.85294117647059,63.54545454545455,67.0909090909091,641,783,801,1413,1156,1314
554,30,61.13,0.2431522983805006,28,52.85294117647059,63.54545454545455,67.24242424242425,641,783,806,1413,1156,1314
555,28,61.18,0.24347826086956517,28,52.85294117647059,63.54545454545455,67.39393939393939,641,783,811,1413,1156,1314
556,35,61.23,0.24381675649191578,28,52.85294117647059,63.54545454545455,67.54545454545455,641,783,816,1413,1156,1314
557,37,61.27,0.2440623469887383,28,52.85294117647059,63.54545454545455,67.66666666666667,641,783,820,1413,1156,1314
558,33,61.31,0.24433371391290165,28,52.85294117647059,63.54545454545455,67.78787878787878,641,783,824,1413,1156,1314
559,29,61.35,0.24461124694376524,28,52.85294117647059,63.54545454545455,67.9090909090909,641,783,828,1413,1156,1314
560,25,61.39,0.24489819188792963,28,52.85294117647059,63.54545454545455,68.03030303030303,641,783,832,1413,1156,1314
561,27,61.43,0.2452075533127136,28,52.85294117647059,63.54545454545455,68.15151515151516,641,783,836,1413,1156,1314
562,23,61.47,0.245523019359037,28,52.85294117647059,63.54545454545455,68.27272727272727,641,783,840,1413,1156,1314
563,28,61.51,0.24585108112502027,28,52.85294117647059,63.54545454545455,68.39393939393939,641,783,844,1413,1156,1314
564,33,61.55,0.24618521527213644,28,52.85294117647059,63.54545454545455,68.51515151515152,641,783,848,1413,1156,1314
565,32,61.59,0.24652865724955347,28,52.85294117647059,63.54545454545455,68.63636363636364,641,783,852,1413,1156,1314
566,28,61.63,0.24688138893396072,28,52.85294117647059,63.54545454545455,68.75757575757575,641,783,856,1413,1156,1314
567,32,61.68,0.24724059662775616,28,52.85294117647059,63.54545454545455,68.9090909090909,641,783,860,1414,1156,1314
568,27,61.73,0.2476089421675036,28,52.85294117647059,63.54545454545455,69.06060606060606,641,783,864,1415,1156,1314
569,28,61.78,0.24798316607316281,28,52.85294117647059,63.54545454545455,69.21212121212122,641,783,868,1416,1156,1314
570,26,61.83,0.2483794274623969,28,52.85294117647059,63.54545454545455,69.36363636363636,641,783,872,1417,1156,1314
571,23,61.89,0.24868799482953632,28,52.85294117647059,63.54545454545455,69.54545454545455,641,783,876,1419,1156,1314
572,17,61.95,0.24900887812752218,28,52.85294117647059,63.54545454545455,69.72727272727273,641,783,880,1421,1156,1314
573,14,62.01,0.24933881631994836,28,52.85294117647059,63.54545454545455,69.9090909090909,641,783,884,1423,1156,1314
574,15,62.06,0.24955849178214634,28,52.85294117647059,63.54545454545455,70.06060606060606,641,783,887,1425,1156,1314
575,14,62.1,0.24971658615136874,28,52.85294117647059,63.54545454545455,70.18181818181819,641,783,889,1427,1156,1314
576,12,62.15,0.24995494770716006,28,52.85294117647059,63.54545454545455,70.33333333333333,641,783,892,1429,1156,1314
577,11,62.19,0.2500868306801736,28,52.85294117647059,63.54545454545455,70.45454545454545,641,783,894,1431,1156,1314
578,9,62.24,0.25035347043701806,28,52.85294117647059,63.54545454545455,70.60606060606061,641,783,897,1433,1156,1314
579,7,62.29,0.25063894686145444,28,52.85294117647059,63.54545454545455,70.75757575757575,641,783,900,1435,1156,1314
580,6,62.33,0.25079576447938395,28,52.85294117647059,63.57575757575758,70.84848484848484,641,783,902,1436,1156,1315
581,3,62.36,0.25090442591404755,28,52.85294117647059,63.60606060606061,70.9090909090909,641,783,904,1436,1156,1316
582,1,62.38,0.25094260981083677,28,52.85294117647059,63.63636363636363,70.93939393939394,641,783,905,1436,1156,1317
583,0,62.39,0.25091360794999207,28,52.85294117647059,63.666666666666664,70.93939393939394,641,783,905,1436,1156,1318
584,0,62.39,0.25091360794999207,28,52.85294117647059,63.666666666666664,70.93939393939394,641,783,905,1436,1156,1318
585,0,62.39,0.25091360794999207,28,52.85294117647059,63.666666666666664,70.93939393939394,641,783,905,1436,1156,1318
586,0,62.39,0.25091360794999207,28,52.85294117647059,63.666666666666664,70.93939393939394,641,783,905,1436,1156,1318
587,0,62.39,0.25091360794999207,28,52.85294117647059,63.666666666666664,70.93939393939394,641,783,905,1436,1156,1318
588,0,62.39,0.25091360794999207,28,52.85294117647059,63.666666666666664,70.93939393939394,641,783,905,1436,1156,1318
589,0,62.39,0.25091360794999207,28,52.85294117647059,63.666666666666664,70.93939393939394,641,783,905,1436,1156,1318
590,0,62.39,0.25091360794999207,28,52.85294117647059,63.666666666666664,70.93939393939394,641,783,905,1436,1156,1318
591,0,62.39,0.25091360794999207,28,52.85294117647059,63.666666666666664,70.93939393939394,641,783,905,1436,1156,1318
592,0,62.39,0.25091360794999207,28,52.85294117647059,63.666666666666664,70.93939393939394,641,783,905,1436,1156,1318
593,0,62.39,0.25091360794999207,28,52.85294117647059,63.666666666666664,70.93939393939394,641,783,905,1436,1156,1318
594,0,62.39,0.25091360794999207,28,52.85294117647059,63.666666666666664,70.93939393939394,641,783,905,1436,1156,1318
595,0,62.39,0.25091360794999207,28,52.85294117647059,63.666666666666664,70.93939393939394,641,783,905,1436,1156,1318
596,0,62.39,0.25091360794999207,28,52.85294117647059,63.666666666666664,70.93939393939394,641,783,905,1436,1156,1318
597,0,62.39,0.25091360794999207,28,52.85294117647059,63.666666666666664,70.93939393939394,641,783,905,1436,1156,1318
598,0,62.39,0.25091360794999207,28,52.85294117647059,63.666666666666664,70.93939393939394,641,783,905,1436,1156,1318
599,0,62.39,0.25091360794999207,28,52.85294117647059,63.666666666666664,70.93939393939394,641,783,905,1436,1156,1318
600,0,62.39,0.25091360794999207,28,52.85294117647059,63.666666666666664,70.93939393939394,641,783,905,1436,1156,1318
601,0,62.39,0.25091360794999207,28,52.85294117647059,63.666666666666664,70.93939393939394,641,783,905,1436,1156,1318
602,0,62.39,0.25091360794999207,28,52.85294117647059,63.666666666666664,70.93939393939394,641,783,905,1436,1156,1318
603,3,62.39,0.25091360794999207,28,52.85294117647059,63.666666666666664,70.93939393939394,641,783,905,1436,1156,1318
604,8,62.4,0.250775641025641,28,52.88235294117647,63.666666666666664,70.93939393939394,642,783,905,1436,1156,1318
605,11,62.43,0.2505830530193818,28,52.970588235294116,63.666666666666664,70.93939393939394,645,783,905,1436,1156,1318
606,11,62.46,0.25040345821325644,28,53.05882352941177,63.666666666666664,70.93939393939394,648,783,905,1436,1156,1318
607,14,62.49,0.25023683789406304,28,53.14705882352941,63.666666666666664,70.93939393939394,651,783,905,1436,1156,1318
608,17,62.52,0.2500863723608445,28,53.23529411764706,63.666666666666664,70.93939393939394,654,783,905,1436,1156,1318
609,20,62.55,0.24993605115907272,28,53.3235294117647,63.666666666666664,70.93939393939394,657,783,905,1436,1156,1318
610,28,62.59,0.24970921872503596,28,53.44117647058823,63.666666666666664,70.93939393939394,661,783,905,1436,1156,1318
611,39,62.66,0.24966804979253113,28,53.588235294117645,63.696969696969695,70.96969696969697,666,784,906,1436,1156,1318
612,44,62.73,0.2496620436792604,28,53.73529411764706,63.72727272727273,71.0,671,785,907,1436,1156,1318
613,54,62.81,0.24967521095366976,28,53.88235294117647,63.78787878787879,71.03030303030303,676,786,908,1436,1156,1319
614,55,62.89,0.24971696613134042,28,54.029411764705884,63.84848484848485,71.06060606060606,681,787,909,1436,1156,1320
615,49,62.98,0.2496856144807876,28,54.1764705882353,63.93939393939394,71.0909090909091,686,788,910,1436,1156,1322
616,52,63.07,0.24969874742349774,28,54.3235294117647,64.03030303030303,71.12121212121212,691,789,911,1436,1156,1324
617,46,63.16,0.24972450918302727,28,54.470588235294116,64.12121212121212,71.15151515151516,696,790,912,1436,1156,1326
618,46,63.25,0.24977549407114621,28,54.61764705882353,64.21212121212122,71.18181818181819,701,791,913,1436,1156,1328
619,52,63.34,0.24986422481844017,28,54.76470588235294,64.3030303030303,71.21212121212122,706,792,914,1436,1156,1330
620,46,63.43,0.25000315308213783,28,54.911764705882355,64.39393939393939,71.24242424242425,711,793,915,1436,1156,1332
621,37,63.52,0.2501889168765743,28,55.05882352941177,64.48484848484848,71.27272727272727,716,794,916,1436,1156,1334
622,37,63.61,0.25040874076403086,28,55.205882352941174,64.57575757575758,71.3030303030303,721,795,917,1436,1156,1336
623,33,63.68,0.250571608040201,28,55.294117647058826,64.66666666666667,71.33333333333333,724,796,918,1436,1156,1338
624,30,63.74,0.2507907122685911,28,55.35294117647059,64.75757575757575,71.36363636363636,726,797,919,1436,1156,1340
625,36,63.8,0.25102821316614427,28,55.411764705882355,64.84848484848484,71.39393939393939,728,798,920,1436,1156,1342
626,39,63.86,0.25128719072972133,28,55.470588235294116,64.93939393939394,71.42424242424242,730,799,921,1436,1156,1344
627,39,63.92,0.25156758448060074,28,55.529411764705884,65.03030303030303,71.45454545454545,732,800,922,1436,1156,1346
628,42,63.98,0.2518818380743983,28,55.588235294117645,65.12121212121212,71.48484848484848,734,801,923,1436,1156,1348
629,40,64.03,0.2521427455880057,28,55.64705882352941,65.18181818181819,71.51515151515152,736,802,924,1436,1156,1349
630,38,64.08,0.2524188514357054,28,55.705882352941174,65.24242424242425,71.54545454545455,738,803,925,1436,1156,1350
631,36,64.13,0.2527070014033994,28,55.76470588235294,65.3030303030303,71.57575757575758,740,804,926,1436,1156,1351
632,34,64.18,0.25300405110626356,28,55.8235294117647,65.36363636363636,71.60606060606061,742,805,927,1436,1156,1352
633,35,64.23,0.2533224349992216,28,55.88235294117647,65.42424242424242,71.63636363636364,744,806,928,1436,1156,1353
634,33,64.28,0.2536496577473554,28,55.94117647058823,65.48484848484848,71.66666666666667,746,807,929,1436,1156,1354
635,34,64.33,0.25399191667962073,28,56.0,65.54545454545455,71.6969696969697,748,808,930,1436,1156,1355
636,41,64.38,0.2543429636533085,28,56.05882352941177,65.60606060606061,71.72727272727273,750,809,931,1436,1156,1356
637,39,64.43,0.25470277820890885,28,56.11764705882353,65.66666666666667,71.75757575757575,752,810,932,1436,1156,1357
638,34,64.48,0.2550682382133995,28,56.1764705882353,65.72727272727273,71.78787878787878,754,811,933,1436,1156,1358
639,41,64.53,0.2554393305439331,28,56.23529411764706,65.78787878787878,71.81818181818181,756,812,934,1436,1156,1359
640,39,64.58,0.25581913905233816,28,56.294117647058826,65.84848484848484,71.84848484848484,758,813,935,1436,1156,1360
641,40,64.63,0.2562045489710661,28,56.35294117647059,65.9090909090909,71.87878787878788,760,814,936,1436,1156,1361
642,45,64.7,0.2567944358578053,28,56.411764705882355,65.96969696969697,71.96969696969697,762,815,939,1436,1156,1362
643,58,64.78,0.2572707625810435,28,56.5,66.03030303030303,72.06060606060606,765,816,942,1436,1156,1363
644,59,64.86,0.25775824853530677,28,56.588235294117645,66.0909090909091,72.15151515151516,768,817,945,1436,1156,1364
645,54,64.94,0.25825069294733594,28,56.6764705882353,66.15151515151516,72.24242424242425,771,818,948,1436,1156,1365
646,55,65.02,0.2587573054444786,28,56.76470588235294,66.21212121212122,72.33333333333333,774,819,951,1436,1156,1366
647,59,65.1,0.25927188940092166,28,56.85294117647059,66.27272727272727,72.42424242424242,777,820,954,1436,1156,1367
648,53,65.19,0.259746893695352,28,56.94117647058823,66.36363636363636,72.51515151515152,780,821,957,1436,1156,1369
649,53,65.28,0.26023897058823536,28,57.029411764705884,66.45454545454545,72.60606060606061,783,822,960,1436,1156,1371
650,52,65.38,0.26069440195778526,28,57.11764705882353,66.54545454545455,72.72727272727273,786,823,963,1437,1156,1373
651,46,65.47,0.2611929127844814,28,57.205882352941174,66.60606060606061,72.84848484848484,789,824,966,1438,1156,1374
652,47,65.55,0.2615972540045766,28,57.294117647058826,66.66666666666667,72.93939393939394,792,825,968,1439,1156,1375
653,54,65.63,0.2620188937985677,28,57.38235294117647,66.72727272727273,73.03030303030303,795,826,970,1440,1156,1376
654,64,65.71,0.26246081266169524,28,57.470588235294116,66.78787878787878,73.12121212121212,798,827,972,1441,1156,1377
655,74,65.82,0.2627438468550592,28,57.64705882352941,66.84848484848484,73.21212121212122,803,828,974,1442,1157,1378
656,71,65.97,0.2630877671668941,28,57.85294117647059,66.93939393939394,73.36363636363636,809,830,977,1444,1158,1379
657,67,66.13,0.2635369726296689,28,58.05882352941177,67.06060606060606,73.51515151515152,815,832,980,1446,1159,1381
658,63,66.26,0.2640507093268941,28,58.205882352941174,67.18181818181819,73.63636363636364,819,834,982,1448,1160,1383
659,59,66.39,0.26460762162976353,28,58.38235294117647,67.3030303030303,73.72727272727273,824,836,983,1450,1161,1385
660,50,66.51,0.2651706510299203,28,58.55882352941177,67.42424242424242,73.78787878787878,829,838,984,1451,1162,1387
661,45,66.62,0.26587211047733417,28,58.705882352941174,67.54545454545455,73.84848484848484,834,840,985,1452,1162,1389
662,52,66.7,0.26644377811094455,28,58.8235294117647,67.63636363636364,73.87878787878788,838,841,986,1452,1162,1391
663,55,66.79,0.2671043569396616,28,58.94117647058823,67.75757575757575,73.9090909090909,842,843,987,1452,1162,1393
664,52,66.88,0.267819976076555,28,59.029411764705884,67.9090909090909,73.93939393939394,845,846,988,1452,1162,1395
665,44,66.96,0.26847371565113504,28,59.088235294117645,68.06060606060606,73.96969696969697,847,849,989,1452,1162,1397
666,37,67.03,0.2690452036401611,28,59.14705882352941,68.18181818181819,74.0,849,851,990,1452,1162,1399
667,40,67.09,0.26955880160977785,28,59.205882352941174,68.27272727272727,74.03030303030303,851,852,991,1452,1162,1401
668,40,67.15,0.27007743857036487,28,59.26470588235294,68.36363636363636,74.06060606060606,853,853,992,1452,1162,1403
669,44,67.2,0.2705357142857143,28,59.3235294117647,68.42424242424242,74.0909090909091,855,854,993,1452,1162,1404
670,39,67.25,0.2709992565055762,28,59.38235294117647,68.48484848484848,74.12121212121212,857,855,994,1452,1162,1405
671,36,67.31,0.2714024662011589,28,59.44117647058823,68.57575757575758,74.15151515151516,859,856,995,1452,1162,1407
672,45,67.37,0.27181386373756866,28,59.5,68.66666666666667,74.18181818181819,861,857,996,1452,1162,1409
673,41,67.44,0.27222419928825614,28,59.55882352941177,68.75757575757575,74.24242424242425,863,858,997,1453,1162,1411
674,37,67.51,0.27264553399496366,28,59.61764705882353,68.84848484848484,74.3030303030303,865,859,998,1454,1162,1413
675,33,67.58,0.27308079313406336,28,59.6764705882353,68.93939393939394,74.36363636363636,867,860,999,1455,1162,1415
676,30,67.64,0.2734506209343584,28,59.705882352941174,69.03030303030303,74.42424242424242,868,861,1000,1456,1162,1417
677,29,67.71,0.2739137498153892,28,59.76470588235294,69.12121212121212,74.48484848484848,870,862,1001,1457,1162,1419
678,25,67.78,0.2743847742696961,28,59.8235294117647,69.21212121212122,74.54545454545455,872,863,1002,1458,1162,1421
679,21,67.85,0.2748666175386883,28,59.88235294117647,69.3030303030303,74.60606060606061,874,864,1003,1459,1162,1423
680,27,67.91,0.27526873803563545,28,59.911764705882355,69.39393939393939,74.66666666666667,875,865,1004,1460,1162,1425
681,23,67.98,0.2757693439246837,28,59.970588235294116,69.48484848484848,74.72727272727273,877,866,1005,1461,1162,1427
682,23,68.04,0.2762580834803057,28,60.029411764705884,69.57575757575758,74.75757575757575,879,867,1006,1461,1162,1429
683,20,68.1,0.27674596182085165,28,60.088235294117645,69.66666666666667,74.78787878787878,881,868,1007,1461,1162,1431
684,17,68.16,0.27723884976525826,28,60.14705882352941,69.75757575757575,74.81818181818181,883,869,1008,1461,1162,1433
685,20,68.22,0.277730870712401,28,60.205882352941174,69.84848484848484,74.84848484848484,885,870,1009,1461,1162,1435
686,23,68.28,0.2781722319859402,28,60.23529411764706,69.93939393939394,74.9090909090909,886,871,1010,1462,1162,1437
687,17,68.34,0.2786157448053848,28,60.26470588235294,70.03030303030303,74.96969696969697,887,872,1011,1463,1162,1439
688,14,68.4,0.2790701754385965,28,60.294117647058826,70.12121212121212,75.03030303030303,888,873,1012,1464,1162,1441
689,10,68.44,0.2793337229690239,28,60.3235294117647,70.18181818181819,75.06060606060606,889,874,1012,1465,1162,1442
690,12,68.48,0.2796057242990655,28,60.35294117647059,70.24242424242425,75.0909090909091,890,875,1012,1466,1162,1443
691,11,68.52,0.2798920023350847,28,60.35294117647059,70.3030303030303,75.15151515151516,890,876,1013,1467,1162,1444
692,10,68.56,0.2801808634772462,28,60.35294117647059,70.36363636363636,75.21212121212122,890,877,1014,1468,1162,1445
693,8,68.61,0.2805640577175339,28,60.38235294117647,70.42424242424242,75.27272727272727,891,878,1015,1469,1162,1446
694,9,68.66,0.28094960675793773,28,60.411764705882355,70.48484848484848,75.33333333333333,892,879,1016,1470,1162,1447
695,11,68.7,0.2812459970887919,28,60.411764705882355,70.54545454545455,75.39393939393939,892,880,1017,1471,1162,1448
696,11,68.73,0.28144187399970905,28,60.411764705882355,70.57575757575758,75.45454545454545,892,880,1018,1472,1162,1449
697,11,68.76,0.2816375799883653,28,60.411764705882355,70.60606060606061,75.51515151515152,892,880,1019,1473,1162,1450
698,10,68.8,0.28192151162790696,28,60.44117647058823,70.63636363636364,75.57575757575758,893,880,1020,1474,1162,1451
699,9,68.84,0.2822080185938408,28,60.470588235294116,70.66666666666667,75.63636363636364,894,880,1021,1475,1162,1452
700,10,68.89,0.28259689359849033,28,60.5,70.72727272727273,75.6969696969697,895,881,1022,1476,1162,1453
701,9,68.93,0.28293486145364866,28,60.529411764705884,70.78787878787878,75.72727272727273,896,882,1023,1476,1162,1454
702,8,68.97,0.2832753371030883,28,60.55882352941177,70.84848484848484,75.75757575757575,897,883,1024,1476,1162,1455
703,7,69.01,0.2836212143167657,28,60.588235294117645,70.9090909090909,75.78787878787878,898,884,1025,1476,1162,1456
704,7,69.04,0.2838731170336037,28,60.61764705882353,70.93939393939394,75.81818181818181,899,884,1026,1476,1162,1457
705,9,69.08,0.2842240880138969,28,60.64705882352941,71.0,75.84848484848484,900,885,1027,1476,1162,1458
706,6,69.11,0.2844725799450151,28,60.6764705882353,71.06060606060606,75.84848484848484,901,886,1027,1476,1162,1459
707,3,69.14,0.2847208562337286,28,60.705882352941174,71.12121212121212,75.84848484848484,902,887,1027,1476,1162,1460
708,4,69.16,0.28487275882012725,28,60.73529411764706,71.15151515151516,75.84848484848484,903,887,1027,1476,1162,1461
709,2,69.18,0.2850390286209887,28,60.73529411764706,71.18181818181819,75.87878787878788,903,887,1028,1476,1162,1462
710,1,69.19,0.2851409163173869,28,60.73529411764706,71.18181818181819,75.9090909090909,903,887,1029,1476,1162,1462
711,0,69.2,0.28524277456647396,28,60.73529411764706,71.18181818181819,75.93939393939394,903,887,1030,1476,1162,1462
712,0,69.2,0.28524277456647396,28,60.73529411764706,71.18181818181819,75.93939393939394,903,887,1030,1476,1162,1462
713,0,69.2,0.28524277456647396,28,60.73529411764706,71.18181818181819,75.93939393939394,903,887,1030,1476,1162,1462
714,0,69.2,0.28524277456647396,28,60.73529411764706,71.18181818181819,75.93939393939394,903,887,1030,1476,1162,1462
715,0,69.2,0.28524277456647396,28,60.73529411764706,71.18181818181819,75.93939393939394,903,887,1030,1476,1162,1462
716,0,69.2,0.28524277456647396,28,60.73529411764706,71.18181818181819,75.93939393939394,903,887,1030,1476,1162,1462
717,0,69.2,0.28524277456647396,28,60.73529411764706,71.18181818181819,75.93939393939394,903,887,1030,1476,1162,1462
718,0,69.2,0.28524277456647396,28,60.73529411764706,71.18181818181819,75.93939393939394,903,887,1030,1476,1162,1462
719,3,69.2,0.28524277456647396,28,60.73529411764706,71.18181818181819,75.93939393939394,903,887,1030,1476,1162,1462
720,2,69.21,0.2853417136251987,28,60.73529411764706,71.21212121212122,75.93939393939394,903,888,1030,1476,1162,1462
721,1,69.22,0.28544062409708176,28,60.73529411764706,71.24242424242425,75.93939393939394,903,889,1030,1476,1162,1462
722,6,69.23,0.285539505994511,28,60.73529411764706,71.27272727272727,75.93939393939394,903,890,1030,1476,1162,1462
723,4,69.25,0.2855985559566787,28,60.73529411764706,71.33333333333333,75.93939393939394,903,891,1030,1476,1162,1463
724,2,69.27,0.28566045907319176,28,60.73529411764706,71.39393939393939,75.93939393939394,903,892,1030,1476,1162,1464
725,0,69.29,0.2857252128734305,28,60.73529411764706,71.45454545454545,75.93939393939394,903,893,1030,1476,1162,1465
726,3,69.29,0.2857252128734305,28,60.73529411764706,71.45454545454545,75.93939393939394,903,893,1030,1476,1162,1465
727,5,69.3,0.28582395382395376,28,60.73529411764706,71.48484848484848,75.93939393939394,903,894,1030,1476,1162,1465
728,9,69.32,0.2860242354298903,28,60.73529411764706,71.51515151515152,75.96969696969697,903,895,1031,1476,1162,1465
729,7,69.34,0.2862244014998558,28,60.73529411764706,71.54545454545455,76.0,903,896,1032,1476,1162,1465
730,7,69.37,0.28651146028542596,28,60.76470588235294,71.57575757575758,76.03030303030303,904,897,1033,1476,1162,1465
731,7,69.4,0.2867982708933718,28,60.794117647058826,71.60606060606061,76.06060606060606,905,898,1034,1476,1162,1465
732,8,69.42,0.2869864592336502,28,60.8235294117647,71.60606060606061,76.0909090909091,906,898,1035,1476,1162,1465
733,6,69.44,0.2871774193548387,28,60.85294117647059,71.60606060606061,76.12121212121212,907,898,1036,1476,1162,1465
734,4,69.46,0.28736826950763034,28,60.88235294117647,71.60606060606061,76.15151515151516,908,898,1037,1476,1162,1465
735,2,69.48,0.2875618883131837,28,60.911764705882355,71.60606060606061,76.18181818181819,909,898,1038,1476,1162,1465
736,3,69.5,0.2877553956834532,28,60.94117647058823,71.60606060606061,76.21212121212122,910,898,1039,1476,1162,1465
737,5,69.51,0.28785642353618185,28,60.94117647058823,71.60606060606061,76.24242424242425,910,898,1040,1476,1162,1465
738,3,69.53,0.288055515604775,28,60.94117647058823,71.63636363636364,76.27272727272727,910,899,1041,1476,1162,1465
739,4,69.55,0.28825449317038104,28,60.94117647058823,71.66666666666667,76.3030303030303,910,900,1042,1476,1162,1465
740,2,69.57,0.28845335633175223,28,60.94117647058823,71.6969696969697,76.33333333333333,910,901,1043,1476,1162,1465
741,1,69.58,0.2885541822362748,28,60.94117647058823,71.6969696969697,76.36363636363636,910,901,1044,1476,1162,1465
742,3,69.59,0.2886549791636729,28,60.94117647058823,71.6969696969697,76.39393939393939,910,901,1045,1476,1162,1465
743,5,69.6,0.28858333333333336,28,60.970588235294116,71.6969696969697,76.39393939393939,911,901,1045,1476,1162,1465
744,9,69.62,0.2885435219764436,28,61.0,71.6969696969697,76.42424242424242,912,901,1046,1476,1162,1465
745,12,69.65,0.2886073223259153,28,61.029411764705884,71.6969696969697,76.48484848484848,913,901,1048,1476,1162,1465
746,11,69.69,0.28853350552446544,28,61.088235294117645,71.6969696969697,76.54545454545455,914,901,1050,1476,1163,1465
747,10,69.73,0.2884655098236054,28,61.14705882352941,71.6969696969697,76.60606060606061,915,901,1052,1476,1164,1465
748,12,69.77,0.28840332521140893,28,61.205882352941174,71.6969696969697,76.66666666666667,916,901,1054,1476,1165,1465
749,8,69.81,0.28834980661796306,28,61.26470588235294,71.6969696969697,76.72727272727273,917,901,1056,1476,1166,1465
750,8,69.84,0.2883419243986255,28,61.294117647058826,71.6969696969697,76.78787878787878,917,901,1058,1476,1167,1465
751,8,69.87,0.2882166881351081,28,61.35294117647059,71.6969696969697,76.81818181818181,918,901,1059,1476,1168,1465
752,5,69.9,0.2880972818311874,28,61.411764705882355,71.6969696969697,76.84848484848484,919,901,1060,1476,1169,1465
753,3,69.92,0.28794908466819225,28,61.470588235294116,71.6969696969697,76.84848484848484,920,901,1060,1476,1170,1465
754,2,69.93,0.28782067782067783,28,61.5,71.6969696969697,76.84848484848484,920,901,1060,1476,1171,1465
755,1,69.94,0.2876951672862454,28,61.529411764705884,71.6969696969697,76.84848484848484,920,901,1060,1476,1172,1465
756,0,69.95,0.2875754110078627,28,61.55882352941177,71.6969696969697,76.84848484848484,920,901,1060,1476,1173,1465
757,0,69.95,0.2875754110078627,28,61.55882352941177,71.6969696969697,76.84848484848484,920,901,1060,1476,1173,1465
758,0,69.95,0.2875754110078627,28,61.55882352941177,71.6969696969697,76.84848484848484,920,901,1060,1476,1173,1465
759,0,69.95,0.2875754110078627,28,61.55882352941177,71.6969696969697,76.84848484848484,920,901,1060,1476,1173,1465
760,3,69.95,0.2875754110078627,28,61.55882352941177,71.6969696969697,76.84848484848484,920,901,1060,1476,1173,1465
761,2,69.96,0.28761578044596914,28,61.55882352941177,71.6969696969697,76.87878787878788,920,901,1061,1476,1173,1465
762,1,69.97,0.287656138345005,28,61.55882352941177,71.6969696969697,76.9090909090909,920,901,1062,1476,1173,1465
763,0,69.98,0.2876964847099171,28,61.55882352941177,71.6969696969697,76.93939393939394,920,901,1063,1476,1173,1465
764,0,69.98,0.2876964847099171,28,61.55882352941177,71.6969696969697,76.93939393939394,920,901,1063,1476,1173,1465
765,0,69.98,0.2876964847099171,28,61.55882352941177,71.6969696969697,76.93939393939394,920,901,1063,1476,1173,1465
766,0,69.98,0.2876964847099171,28,61.55882352941177,71.6969696969697,76.93939393939394,920,901,1063,1476,1173,1465
767,0,69.98,0.2876964847099171,28,61.55882352941177,71.6969696969697,76.93939393939394,920,901,1063,1476,1173,1465
768,3,69.98,0.2876964847099171,28,61.55882352941177,71.6969696969697,76.93939393939394,920,901,1063,1476,1173,1465
769,5,69.99,0.28773681954564934,28,61.55882352941177,71.6969696969697,76.96969696969697,920,901,1064,1476,1173,1465
770,6,70.01,0.28785459220111403,28,61.55882352941177,71.72727272727273,77.0,920,902,1065,1476,1173,1465
771,6,70.04,0.2880696744717305,28,61.55882352941177,71.75757575757575,77.06060606060606,920,903,1067,1476,1173,1465
772,6,70.07,0.288290281147424,28,61.55882352941177,71.78787878787878,77.12121212121212,920,904,1069,1476,1173,1465
773,6,70.1,0.2885164051355207,28,61.55882352941177,71.81818181818181,77.18181818181819,920,905,1071,1476,1173,1465
774,6,70.13,0.288745187508912,28,61.55882352941177,71.84848484848484,77.24242424242425,920,906,1073,1476,1173,1465
775,6,70.16,0.2889766248574686,28,61.55882352941177,71.87878787878788,77.3030303030303,920,907,1075,1476,1173,1465
776,6,70.19,0.28920786436814366,28,61.55882352941177,71.9090909090909,77.36363636363636,920,908,1077,1476,1173,1465
777,6,70.22,0.2894417544859014,28,61.55882352941177,71.93939393939394,77.42424242424242,920,909,1079,1476,1173,1465
778,12,70.25,0.28967544483985763,28,61.55882352941177,71.96969696969697,77.48484848484848,920,910,1081,1476,1173,1465
779,14,70.29,0.28986057760705647,28,61.588235294117645,72.0,77.54545454545455,921,911,1083,1476,1173,1465
780,22,70.33,0.29005118726005974,28,61.61764705882353,72.03030303030303,77.60606060606061,922,912,1085,1476,1173,1465
781,24,70.37,0.290244422339065,28,61.64705882352941,72.06060606060606,77.66666666666667,923,913,1087,1476,1173,1465
782,26,70.41,0.2904431188751597,28,61.6764705882353,72.0909090909091,77.72727272727273,924,914,1089,1476,1173,1465
783,28,70.45,0.2906501064584812,28,61.705882352941174,72.12121212121212,77.78787878787878,925,915,1091,1476,1173,1465
784,33,70.49,0.29085969641083836,28,61.73529411764706,72.15151515151516,77.84848484848484,926,916,1093,1476,1173,1465
785,40,70.54,0.2911199319535015,28,61.76470588235294,72.18181818181819,77.93939393939394,927,917,1096,1476,1173,1465
786,44,70.59,0.29138829862586774,28,61.794117647058826,72.21212121212122,78.03030303030303,928,918,1099,1476,1173,1465
787,39,70.64,0.29166477916194794,28,61.8235294117647,72.24242424242425,78.12121212121212,929,919,1102,1476,1173,1465
788,40,70.69,0.29196350261706044,28,61.85294117647059,72.27272727272727,78.21212121212122,930,920,1105,1476,1173,1465
789,47,70.74,0.29226180378852135,28,61.88235294117647,72.3030303030303,78.3030303030303,931,921,1108,1476,1173,1465
790,51,70.79,0.29257098460234504,28,61.911764705882355,72.33333333333333,78.39393939393939,932,922,1111,1476,1173,1465
791,50,70.83,0.2928095439785402,28,61.94117647058823,72.36363636363636,78.45454545454545,933,923,1113,1476,1173,1465
792,48,70.88,0.2931264108352144,28,61.970588235294116,72.39393939393939,78.54545454545455,934,924,1116,1476,1173,1465
793,46,70.93,0.29344565064147743,28,62.0,72.42424242424242,78.63636363636364,935,925,1119,1476,1173,1465
794,44,70.98,0.29377007607776834,28,62.029411764705884,72.45454545454545,78.72727272727273,936,926,1122,1476,1173,1465
795,45,71.03,0.29409404476981565,28,62.05882352941177,72.48484848484848,78.81818181818181,937,927,1125,1476,1173,1465
796,49,71.08,0.29442599887450754,28,62.088235294117645,72.51515151515152,78.9090909090909,938,928,1128,1476,1173,1465
797,47,71.13,0.2947631097989597,28,62.11764705882353,72.54545454545455,79.0,939,929,1131,1476,1173,1465
798,51,71.18,0.2951053666760326,28,62.14705882352941,72.57575757575758,79.0909090909091,940,930,1134,1476,1173,1465
799,46,71.23,0.29544995086340026,28,62.1764705882353,72.60606060606061,79.18181818181819,941,931,1137,1476,1173,1465
800,50,71.28,0.29579685746352413,28,62.205882352941174,72.63636363636364,79.27272727272727,942,932,1140,1476,1173,1465
801,45,71.33,0.29614608159259775,28,62.23529411764706,72.66666666666667,79.36363636363636,943,933,1143,1476,1173,1465
802,43,71.38,0.2964976183804987,28,62.26470588235294,72.6969696969697,79.45454545454545,944,934,1146,1476,1173,1465
803,44,71.43,0.2968486630267395,28,62.294117647058826,72.72727272727273,79.54545454545455,945,935,1149,1476,1173,1465
804,45,71.48,0.29719921656407394,28,62.3235294117647,72.75757575757575,79.63636363636364,946,936,1152,1476,1173,1465
805,43,71.53,0.297557668111282,28,62.35294117647059,72.78787878787878,79.72727272727273,947,937,1155,1476,1173,1465
806,41,71.58,0.29791561888795753,28,62.38235294117647,72.81818181818181,79.81818181818181,948,938,1158,1476,1173,1465
807,48,71.63,0.2982730699427614,28,62.411764705882355,72.84848484848484,79.9090909090909,949,939,1161,1476,1173,1465
808,48,71.69,0.2987292509415539,28,62.44117647058823,72.87878787878788,80.03030303030303,950,940,1165,1476,1173,1465
809,47,71.76,0.29928372352285393,28,62.470588235294116,72.93939393939394,80.15151515151516,951,942,1169,1476,1173,1465
810,51,71.84,0.2998218262806236,28,62.5,73.0,80.3030303030303,952,944,1173,1477,1173,1465
811,56,71.91,0.3003852037268808,28,62.529411764705884,73.06060606060606,80.42424242424242,953,946,1177,1477,1173,1465
812,55,71.98,0.3009474854126147,28,62.55882352941177,73.12121212121212,80.54545454545455,954,948,1181,1477,1173,1465
813,56,72.06,0.3015431584790453,28,62.588235294117645,73.18181818181819,80.6969696969697,955,950,1186,1477,1173,1465
814,54,72.14,0.302145827557527,28,62.61764705882353,73.24242424242425,80.84848484848484,956,952,1191,1477,1173,1465
815,58,72.22,0.3027527000830794,28,62.64705882352941,73.3030303030303,81.0,957,954,1196,1477,1173,1465
816,55,72.31,0.30324298160697,28,62.705882352941174,73.36363636363636,81.15151515151516,958,956,1201,1477,1174,1465
817,52,72.4,0.30373480662983426,28,62.76470588235294,73.42424242424242,81.3030303030303,959,958,1206,1477,1175,1465
818,58,72.49,0.30423092840391774,28,62.8235294117647,73.48484848484848,81.45454545454545,960,960,1211,1477,1176,1465
819,58,72.58,0.3047423532653623,28,62.88235294117647,73.54545454545455,81.60606060606061,961,962,1216,1477,1177,1465
820,52,72.67,0.305255263520022,28,62.94117647058823,73.60606060606061,81.75757575757575,962,964,1221,1477,1178,1465
821,46,72.76,0.3057696536558548,28,63.0,73.66666666666667,81.9090909090909,963,966,1226,1477,1179,1465
822,49,72.85,0.3062855181880576,28,63.05882352941177,73.72727272727273,82.06060606060606,964,968,1231,1477,1180,1465
823,52,72.94,0.3068083356183165,28,63.11764705882353,73.78787878787878,82.21212121212122,965,970,1236,1477,1181,1465
824,55,73.03,0.3073353416404217,28,63.1764705882353,73.84848484848484,82.36363636363636,966,972,1241,1477,1182,1465
825,52,73.12,0.3078610503282276,28,63.23529411764706,73.9090909090909,82.51515151515152,967,974,1246,1477,1183,1465
826,49,73.21,0.30839639393525475,28,63.294117647058826,73.96969696969697,82.66666666666667,968,976,1251,1477,1184,1465
827,46,73.3,0.3089440654843111,28,63.35294117647059,74.03030303030303,82.81818181818181,969,978,1256,1477,1185,1465
828,58,73.39,0.3094958441204524,28,63.411764705882355,74.0909090909091,82.96969696969697,970,980,1261,1477,1186,1465
829,61,73.48,0.31005443658138276,28,63.470588235294116,74.15151515151516,83.12121212121212,971,982,1266,1477,1187,1465
830,58,73.57,0.3106170993611526,28,63.529411764705884,74.21212121212122,83.27272727272727,972,984,1271,1477,1188,1465
831,61,73.66,0.31118381754004887,28,63.588235294117645,74.27272727272727,83.42424242424242,973,986,1276,1477,1189,1465
832,64,73.75,0.31176000000000004,28,63.64705882352941,74.33333333333333,83.57575757575758,974,988,1281,1477,1190,1465
833,67,73.84,0.31234019501625143,28,63.705882352941174,74.39393939393939,83.72727272727273,975,990,1286,1477,1191,1465
834,64,73.93,0.31292709319626666,28,63.76470588235294,74.45454545454545,83.87878787878788,976,992,1291,1477,1192,1465
835,64,74.02,0.3135152661442854,28,63.8235294117647,74.51515151515152,84.03030303030303,977,994,1296,1477,1193,1465
836,67,74.11,0.31411280528943464,28,63.88235294117647,74.57575757575758,84.18181818181819,978,996,1301,1477,1194,1465
837,64,74.2,0.31471967654986527,28,63.94117647058823,74.63636363636364,84.33333333333333,979,998,1306,1477,1195,1465
838,61,74.29,0.31533315385650823,28,64.0,74.6969696969697,84.48484848484848,980,1000,1311,1477,1196,1465
839,76,74.38,0.31596127991395534,28,64.05882352941177,74.75757575757575,84.63636363636364,981,1002,1316,1477,1197,1465
840,81,74.48,0.3164554242749732,28,64.1470588235294,74.81818181818181,84.78787878787878,983,1004,1321,1477,1198,1465
841,87,74.6,0.3170080428954424,28,64.26470588235294,74.87878787878788,84.96969696969697,986,1006,1327,1477,1199,1465
842,95,74.73,0.3176006958383513,28,64.41176470588235,74.93939393939394,85.15151515151516,990,1008,1333,1477,1200,1465
843,100,74.86,0.31820464867753145,28,64.55882352941177,75.0,85.33333333333333,994,1010,1339,1477,1201,1465
844,95,75.0,0.3187386666666667,28,64.70588235294117,75.0909090909091,85.51515151515152,998,1012,1345,1477,1202,1466
845,99,75.14,0.31928932659036463,28,64.8529411764706,75.18181818181819,85.6969696969697,1002,1014,1351,1477,1203,1467
846,100,75.28,0.3198538788522848,28,65.0,75.27272727272727,85.87878787878788,1006,1016,1357,1477,1204,1468
847,101,75.42,0.32043754972155924,28,65.1470588235294,75.36363636363636,86.06060606060606,1010,1018,1363,1477,1205,1469
848,96,75.56,0.32102964531498146,28,65.29411764705883,75.45454545454545,86.24242424242425,1014,1020,1369,1477,1206,1470
849,93,75.71,0.3215044247787611,28,65.44117647058823,75.54545454545455,86.45454545454545,1018,1022,1375,1478,1207,1471
850,99,75.86,0.3219852359609807,28,65.58823529411765,75.63636363636364,86.66666666666667,1022,1024,1381,1479,1208,1472
851,96,76.01,0.3224720431522168,28,65.73529411764706,75.72727272727273,86.87878787878788,1026,1026,1387,1480,1209,1473
852,84,76.16,0.32296743697478986,28,65.88235294117646,75.81818181818181,87.0909090909091,1030,1028,1393,1481,1210,1474
853,90,76.31,0.3234792294587865,28,66.02941176470588,75.9090909090909,87.3030303030303,1034,1030,1399,1482,1211,1475
854,84,76.46,0.32400470834423234,28,66.17647058823529,76.0,87.51515151515152,1038,1032,1405,1483,1212,1476
855,84,76.61,0.32453596136274643,28,66.32352941176471,76.0909090909091,87.72727272727273,1042,1034,1411,1484,1213,1477
856,93,76.76,0.3250104220948411,28,66.5,76.18181818181819,87.9090909090909,1047,1036,1416,1485,1214,1478
857,95,76.92,0.3254004160166407,28,66.67647058823529,76.27272727272727,88.12121212121212,1052,1038,1421,1487,1215,1479
858,84,77.09,0.3258438189129589,28,66.8529411764706,76.36363636363636,88.36363636363636,1057,1040,1426,1490,1216,1480
859,88,77.26,0.3262930365001294,28,67.02941176470588,76.45454545454545,88.60606060606061,1062,1042,1431,1493,1217,1481
860,84,77.39,0.3265576947926088,28,67.1470588235294,76.54545454545455,88.78787878787878,1065,1044,1434,1496,1218,1482
861,76,77.5,0.3268103225806452,28,67.23529411764706,76.60606060606061,88.96969696969697,1067,1045,1437,1499,1219,1483
862,64,77.62,0.32716567894872456,28,67.32352941176471,76.66666666666667,89.18181818181819,1069,1046,1441,1502,1220,1484
863,63,77.72,0.32761966031909423,28,67.41176470588235,76.6969696969697,89.36363636363636,1071,1047,1445,1504,1221,1484
864,65,77.82,0.32808275507581597,28,67.5,76.72727272727273,89.54545454545455,1073,1048,1449,1506,1222,1484
865,69,77.9,0.32855969191270856,28,67.58823529411765,76.75757575757575,89.66666666666667,1075,1049,1453,1506,1223,1484
866,70,77.98,0.32904334444729416,28,67.67647058823529,76.78787878787878,89.78787878787878,1077,1050,1457,1506,1224,1484
867,72,78.08,0.329451844262295,28,67.79411764705883,76.84848484848484,89.9090909090909,1079,1052,1461,1506,1226,1484
868,68,78.18,0.3298644154515222,28,67.91176470588235,76.9090909090909,90.03030303030303,1081,1054,1465,1506,1228,1484
869,63,78.29,0.3303653084685145,28,68.02941176470588,76.96969696969697,90.18181818181819,1083,1056,1470,1506,1230,1484
870,64,78.4,0.3308698979591837,28,68.1470588235294,77.03030303030303,90.33333333333333,1085,1058,1475,1506,1232,1484
871,71,78.51,0.3313756209400077,28,68.26470588235294,77.0909090909091,90.48484848484848,1087,1060,1480,1506,1234,1484
872,68,78.63,0.3318313620755437,28,68.38235294117646,77.18181818181819,90.63636363636364,1089,1062,1485,1506,1236,1485
873,65,78.75,0.3322933333333333,28,68.5,77.27272727272727,90.78787878787878,1091,1064,1490,1506,1238,1486
874,65,78.87,0.3327564346392798,28,68.61764705882354,77.36363636363636,90.93939393939394,1093,1066,1495,1506,1240,1487
875,59,78.99,0.33322572477528795,28,68.73529411764706,77.45454545454545,91.0909090909091,1095,1068,1500,1506,1242,1488
876,56,79.11,0.33369864745291367,28,68.8529411764706,77.54545454545455,91.24242424242425,1097,1070,1505,1506,1244,1489
877,50,79.23,0.334175186166856,28,68.97058823529412,77.63636363636364,91.39393939393939,1099,1072,1510,1506,1246,1490
878,50,79.35,0.33466792690611213,28,69.08823529411765,77.72727272727273,91.54545454545455,1101,1074,1515,1506,1248,1491
879,47,79.47,0.33516421291053233,28,69.20588235294117,77.81818181818181,91.6969696969697,1103,1076,1520,1506,1250,1492
880,46,79.6,0.3355829145728643,28,69.32352941176471,77.93939393939394,91.84848484848484,1105,1079,1525,1506,1252,1493
881,61,79.72,0.3360235825388861,28,69.44117647058823,78.03030303030303,92.0,1107,1081,1529,1507,1254,1494
882,66,79.85,0.33632435817157175,28,69.55882352941177,78.12121212121212,92.18181818181819,1109,1083,1534,1508,1256,1495
883,74,80.01,0.3366741657292839,28,69.76470588235294,78.24242424242425,92.33333333333333,1113,1086,1538,1509,1259,1496
884,80,80.19,0.33697593216111743,28,69.97058823529412,78.42424242424242,92.48484848484848,1117,1090,1542,1510,1262,1498
885,80,80.37,0.3372987433121811,28,70.1470588235294,78.60606060606061,92.66666666666667,1120,1094,1546,1512,1265,1500
886,80,80.52,0.33744659711872826,28,70.32352941176471,78.75757575757575,92.78787878787878,1123,1097,1549,1513,1268,1502
887,87,80.66,0.33752293577981646,28,70.5,78.87878787878788,92.9090909090909,1126,1099,1552,1514,1271,1504
888,77,80.82,0.3377159119029943,28,70.70588235294117,79.03030303030303,93.03030303030303,1130,1102,1555,1515,1274,1506
889,70,80.98,0.3379254136823907,28,70.91176470588235,79.18181818181819,93.15151515151516,1134,1105,1558,1516,1277,1508
890,80,81.12,0.3380867850098619,28,71.08823529411765,79.3030303030303,93.27272727272727,1137,1107,1561,1517,1280,1510
891,75,81.26,0.3382500615308885,28,71.23529411764706,79.45454545454545,93.39393939393939,1139,1110,1564,1518,1283,1512
892,61,81.4,0.3384275184275184,28,71.38235294117646,79.60606060606061,93.51515151515152,1141,1113,1567,1519,1286,1514
893,66,81.53,0.338588249724028,28,71.52941176470588,79.75757575757575,93.60606060606061,1143,1116,1570,1519,1289,1516
894,66,81.65,0.33872749540722596,28,71.67647058823529,79.87878787878788,93.6969696969697,1145,1118,1573,1519,1292,1518
895,62,81.78,0.3389386157984838,28,71.8529411764706,80.0,93.78787878787878,1148,1120,1576,1519,1295,1520
896,62,81.9,0.33922832722832724,28,72.0,80.12121212121212,93.87878787878788,1151,1122,1579,1519,1297,1522
897,56,82.02,0.3395269446476469,28,72.1470588235294,80.24242424242425,93.96969696969697,1154,1124,1582,1519,1299,1524
898,57,82.13,0.33978205284305374,28,72.26470588235294,80.36363636363636,94.06060606060606,1156,1126,1585,1519,1301,1526
899,61,82.24,0.340046206225681,28,72.38235294117646,80.48484848484848,94.15151515151516,1158,1128,1588,1519,1303,1528
900,53,82.35,0.34031693989071043,28,72.5,80.60606060606061,94.24242424242425,1160,1130,1591,1519,1305,1530
901,50,82.44,0.3404488112566715,28,72.61764705882354,80.72727272727273,94.27272727272727,1162,1132,1592,1519,1307,1532
902,51,82.55,0.3407086614173228,28,72.73529411764706,80.84848484848484,94.36363636363636,1164,1134,1595,1519,1309,1534
903,55,82.66,0.34098475683522866,28,72.8529411764706,80.96969696969697,94.45454545454545,1166,1136,1598,1519,1311,1536
904,50,82.77,0.3412673674036486,28,72.97058823529412,81.0909090909091,94.54545454545455,1168,1138,1601,1519,1313,1538
905,55,82.87,0.34150717992035723,28,73.08823529411765,81.21212121212122,94.60606060606061,1170,1140,1603,1519,1315,1540
906,54,82.97,0.34176087742557554,28,73.20588235294117,81.33333333333333,94.66666666666667,1172,1142,1605,1519,1317,1542
907,52,83.08,0.342084737602311,28,73.32352941176471,81.45454545454545,94.75757575757575,1174,1144,1608,1519,1319,1544
908,60,83.18,0.3423467179610483,28,73.44117647058823,81.57575757575758,94.81818181818181,1176,1146,1610,1519,1321,1546
909,50,83.28,0.3426176753121999,28,73.55882352941177,81.6969696969697,94.87878787878788,1178,1148,1612,1519,1323,1548
910,52,83.38,0.3428951786999281,28,73.67647058823529,81.81818181818181,94.93939393939394,1180,1150,1614,1519,1325,1550
911,56,83.49,0.34324949095700075,28,73.79411764705883,81.93939393939394,95.03030303030303,1182,1152,1617,1519,1327,1552
912,46,83.59,0.3435375044861826,28,73.91176470588235,82.06060606060606,95.0909090909091,1184,1154,1619,1519,1329,1554
913,46,83.68,0.343769120458891,28,74.0,82.18181818181819,95.15151515151516,1185,1156,1621,1519,1331,1556
914,49,83.77,0.34400501372806486,28,74.08823529411765,82.3030303030303,95.21212121212122,1186,1158,1623,1519,1333,1558
915,51,83.87,0.3441981638249672,28,74.20588235294117,82.42424242424242,95.27272727272727,1188,1160,1625,1519,1335,1560
916,57,83.99,0.3445088701035837,28,74.3529411764706,82.54545454545455,95.36363636363636,1191,1162,1628,1519,1337,1562
917,60,84.11,0.34482582332659617,28,74.5,82.66666666666667,95.45454545454545,1194,1164,1631,1519,1339,1564
918,59,84.24,0.3450569800569801,28,74.6470588235294,82.78787878787878,95.57575757575758,1197,1166,1634,1520,1341,1566
919,52,84.37,0.3452969064833472,28,74.79411764705883,82.9090909090909,95.6969696969697,1200,1168,1637,1521,1343,1568
920,48,84.5,0.3455502958579882,28,74.94117647058823,83.03030303030303,95.81818181818181,1203,1170,1640,1522,1345,1570
921,54,84.62,0.3458473174190499,28,75.05882352941177,83.15151515151516,95.93939393939394,1205,1172,1643,1523,1347,1572
922,49,84.73,0.3460863920689248,28,75.17647058823529,83.24242424242425,96.06060606060606,1207,1173,1646,1524,1349,1574
923,43,84.85,0.346405421331762,28,75.29411764705883,83.36363636363636,96.18181818181819,1209,1175,1649,1525,1351,1576
924,50,84.96,0.3467984934086628,28,75.41176470588235,83.48484848484848,96.27272727272727,1211,1177,1652,1525,1353,1578
925,43,85.06,0.34715024688455204,28,75.52941176470588,83.60606060606061,96.33333333333333,1213,1179,1654,1525,1355,1580
926,42,85.16,0.3475129168623766,28,75.6470588235294,83.72727272727273,96.39393939393939,1215,1181,1656,1525,1357,1582
927,41,85.26,0.3478841191649073,28,75.76470588235294,83.84848484848484,96.45454545454545,1217,1183,1658,1525,1359,1584
928,40,85.36,0.3482638238050609,28,75.88235294117646,83.96969696969697,96.51515151515152,1219,1185,1660,1525,1361,1586
929,39,85.46,0.3486496606599579,28,76.0,84.0909090909091,96.57575757575758,1221,1187,1662,1525,1363,1588
930,38,85.56,0.3490462833099579,28,76.11764705882354,84.21212121212122,96.63636363636364,1223,1189,1664,1525,1365,1590
931,34,85.66,0.3494536539808546,28,76.23529411764706,84.33333333333333,96.6969696969697,1225,1191,1666,1525,1367,1592
932,25,85.75,0.34979708454810493,28,76.3529411764706,84.45454545454545,96.72727272727273,1227,1193,1667,1525,1369,1594
933,26,85.83,0.350069905627403,28,76.47058823529412,84.57575757575758,96.72727272727273,1229,1195,1667,1525,1371,1596
934,21,85.91,0.3503608427424048,28,76.55882352941177,84.6969696969697,96.75757575757575,1230,1197,1668,1525,1373,1598
935,26,85.98,0.35059548732263324,28,76.6470588235294,84.78787878787878,96.78787878787878,1231,1198,1669,1525,1375,1600
936,33,86.06,0.3509342319312108,28,76.76470588235294,84.87878787878788,96.81818181818181,1233,1200,1670,1525,1377,1601
937,36,86.15,0.3511584445734185,28,76.88235294117646,84.96969696969697,96.87878787878788,1235,1202,1671,1526,1379,1602
938,36,86.24,0.35139378478664196,28,77.0,85.06060606060606,96.93939393939394,1237,1204,1672,1527,1381,1603
939,39,86.33,0.35177921927487543,28,77.11764705882354,85.18181818181819,96.96969696969697,1239,1206,1673,1527,1383,1605
940,35,86.4,0.3520856481481482,28,77.20588235294117,85.27272727272727,97.0,1241,1208,1674,1527,1384,1606
941,36,86.48,0.35241905642923216,28,77.29411764705883,85.39393939393939,97.03030303030303,1243,1210,1675,1527,1385,1608
942,34,86.56,0.3527541589648798,28,77.38235294117646,85.51515151515152,97.06060606060606,1245,1212,1676,1527,1386,1610
943,25,86.65,0.35297749567224473,28,77.47058823529412,85.63636363636364,97.12121212121212,1247,1214,1677,1528,1387,1612
944,24,86.72,0.35318496309963093,28,77.52941176470588,85.72727272727273,97.18181818181819,1249,1215,1678,1529,1387,1614
945,28,86.77,0.3534366716607123,28,77.58823529411765,85.81818181818181,97.18181818181819,1251,1216,1678,1529,1387,1616
946,26,86.82,0.3536996083851648,28,77.61764705882354,85.9090909090909,97.21212121212122,1252,1217,1679,1529,1387,1618
947,22,86.89,0.35383703533202904,28,77.67647058823529,86.0,97.27272727272727,1253,1218,1680,1530,1388,1620
948,18,86.96,0.35397884084636616,28,77.73529411764706,86.0909090909091,97.33333333333333,1254,1219,1681,1531,1389,1622
949,14,87.03,0.3540951396070321,28,77.79411764705883,86.21212121212122,97.36363636363636,1255,1221,1681,1532,1390,1624
950,11,87.09,0.3543196693076128,28,77.8529411764706,86.33333333333333,97.36363636363636,1256,1223,1681,1532,1391,1626
951,8,87.12,0.3543916437098255,28,77.88235294117646,86.39393939393939,97.36363636363636,1256,1223,1681,1532,1392,1628
952,5,87.15,0.3544658634538153,28,77.91176470588235,86.45454545454545,97.36363636363636,1256,1223,1681,1532,1393,1630
953,2,87.18,0.3545446203257627,28,77.94117647058823,86.51515151515152,97.36363636363636,1256,1223,1681,1532,1394,1632
954,0,87.2,0.3546238532110091,28,77.94117647058823,86.57575757575758,97.36363636363636,1256,1223,1681,1532,1394,1634
955,0,87.2,0.3546238532110091,28,77.94117647058823,86.57575757575758,97.36363636363636,1256,1223,1681,1532,1394,1634
956,0,87.2,0.3546238532110091,28,77.94117647058823,86.57575757575758,97.36363636363636,1256,1223,1681,1532,1394,1634
957,3,87.2,0.3546238532110091,28,77.94117647058823,86.57575757575758,97.36363636363636,1256,1223,1681,1532,1394,1634
958,5,87.21,0.35468294920307303,28,77.94117647058823,86.57575757575758,97.39393939393939,1256,1223,1682,1532,1394,1634
959,9,87.23,0.35476900149031293,28,77.94117647058823,86.57575757575758,97.45454545454545,1256,1223,1684,1532,1394,1634
960,9,87.26,0.3549209259683704,28,77.94117647058823,86.60606060606061,97.51515151515152,1256,1224,1686,1532,1394,1634
961,12,87.29,0.3550727460190171,28,77.94117647058823,86.63636363636364,97.57575757575758,1256,1225,1688,1532,1394,1634
962,20,87.33,0.3552971487461353,28,77.94117647058823,86.66666666666667,97.66666666666667,1256,1226,1691,1532,1394,1634
963,28,87.37,0.3555213459997711,28,77.94117647058823,86.6969696969697,97.75757575757575,1256,1227,1694,1532,1394,1634
964,24,87.41,0.35574991419746027,28,77.94117647058823,86.72727272727273,97.84848484848484,1256,1228,1697,1532,1394,1634
965,29,87.45,0.35598056032018294,28,77.94117647058823,86.75757575757575,97.93939393939394,1256,1229,1700,1532,1394,1634
966,28,87.49,0.3562132815178877,28,77.94117647058823,86.78787878787878,98.03030303030303,1256,1230,1703,1532,1394,1634
967,33,87.53,0.356445790014852,28,77.94117647058823,86.81818181818181,98.12121212121212,1256,1231,1706,1532,1394,1634
968,29,87.57,0.35667808610254653,28,77.94117647058823,86.84848484848484,98.21212121212122,1256,1232,1709,1532,1394,1634
969,34,87.61,0.35691017007190967,28,77.94117647058823,86.87878787878788,98.3030303030303,1256,1233,1712,1532,1394,1634
970,36,87.65,0.35714204221334855,28,77.94117647058823,86.9090909090909,98.39393939393939,1256,1234,1715,1532,1394,1634
971,32,87.69,0.35737370281674075,28,77.94117647058823,86.93939393939394,98.48484848484848,1256,1235,1718,1532,1394,1634
972,28,87.73,0.3576119913370569,28,77.94117647058823,86.96969696969697,98.57575757575758,1256,1236,1721,1532,1394,1634
973,27,87.77,0.35785234134670163,28,77.94117647058823,87.0,98.66666666666667,1256,1237,1724,1532,1394,1634
974,32,87.81,0.3580924723835554,28,77.94117647058823,87.03030303030303,98.75757575757575,1256,1238,1727,1532,1394,1634
975,28,87.85,0.3583323847467274,28,77.94117647058823,87.06060606060606,98.84848484848484,1256,1239,1730,1532,1394,1634
976,27,87.89,0.35857207873478214,28,77.94117647058823,87.0909090909091,98.93939393939394,1256,1240,1733,1532,1394,1634
977,23,87.93,0.35881155464574094,28,77.94117647058823,87.12121212121212,99.03030303030303,1256,1241,1736,1532,1394,1634
978,31,87.97,0.35905081277708306,28,77.94117647058823,87.15151515151516,99.12121212121212,1256,1242,1739,1532,1394,1634
979,33,88.01,0.35928985342574704,28,77.94117647058823,87.18181818181819,99.21212121212122,1256,1243,1742,1532,1394,1634
980,29,88.05,0.3595286768881317,28,77.94117647058823,87.21212121212122,99.3030303030303,1256,1244,1745,1532,1394,1634
981,28,88.09,0.3597672834600976,28,77.94117647058823,87.24242424242425,99.39393939393939,1256,1245,1748,1532,1394,1634
982,27,88.13,0.36000567343696815,28,77.94117647058823,87.27272727272727,99.48484848484848,1256,1246,1751,1532,1394,1634
983,26,88.17,0.36024384711353064,28,77.94117647058823,87.3030303030303,99.57575757575758,1256,1247,1754,1532,1394,1634
984,25,88.21,0.3604818047840381,28,77.94117647058823,87.33333333333333,99.66666666666667,1256,1248,1757,1532,1394,1634
985,27,88.25,0.36071954674220963,28,77.94117647058823,87.36363636363636,99.75757575757575,1256,1249,1760,1532,1394,1634
986,25,88.3,0.36096262740656854,28,77.97058823529412,87.39393939393939,99.84848484848484,1256,1250,1763,1532,1395,1634
987,26,88.35,0.3612054329371817,28,78.0,87.42424242424242,99.93939393939394,1256,1251,1766,1532,1396,1634
988,27,88.4,0.3614502262443439,28,78.02941176470588,87.45454545454545,100.03030303030303,1256,1252,1769,1532,1397,1634
989,28,88.45,0.3616947427925382,28,78.05882352941177,87.48484848484848,100.12121212121212,1256,1253,1772,1532,1398,1634
990,32,88.5,0.36193898305084743,28,78.08823529411765,87.51515151515152,100.21212121212122,1256,1254,1775,1532,1399,1634
991,33,88.55,0.36218294748729535,28,78.11764705882354,87.54545454545455,100.3030303030303,1256,1255,1778,1532,1400,1634
992,34,88.6,0.36242889390519184,28,78.1470588235294,87.57575757575758,100.39393939393939,1256,1256,1781,1532,1401,1634
993,32,88.65,0.3626768189509306,28,78.17647058823529,87.60606060606061,100.48484848484848,1256,1257,1784,1532,1402,1634
994,30,88.7,0.362924464487035,28,78.20588235294117,87.63636363636364,100.57575757575758,1256,1258,1787,1532,1403,1634
995,34,88.75,0.363176338028169,28,78.23529411764706,87.66666666666667,100.66666666666667,1256,1259,1790,1532,1404,1634
996,35,88.8,0.36343243243243234,28,78.26470588235294,87.6969696969697,100.75757575757575,1256,1260,1793,1532,1405,1634
997,36,88.85,0.3636904895891952,28,78.29411764705883,87.72727272727273,100.84848484848484,1256,1261,1796,1532,1406,1634
998,31,88.9,0.3639482564679415,28,78.32352941176471,87.75757575757575,100.93939393939394,1256,1262,1799,1532,1407,1634
999,35,88.95,0.3642079820123665,28,78.3529411764706,87.78787878787878,101.03030303030303,1256,1263,1802,1532,1408,1634
1000,33,89.0,0.36446741573033703,28,78.38235294117646,87.81818181818181,101.12121212121212,1256,1264,1805,1532,1409,1634
