,TotalSugar,AvgSugarLevel,SugarGini,NumCooperators,RiskAverseAvgSugar,NeutralAvgSugar,RiskSeekingAvgSugar,RiskAverseCoopSugar,NeutralCoopSugar,RiskSeekingCoopSugar,RiskSeekingNonCoopSugar,RiskAverseNonCoopSugar,NeutralNonCoopSugar
0,4622,0.0,0.0,28,0.0,0.0,0.0,0,0,0,0,0,0
1,4540,0.82,0.18,28,0.8529411764705882,0.8181818181818182,0.7878787878787878,10,6,8,18,19,21
2,4454,1.68,0.15952380952380948,28,1.7352941176470589,1.6666666666666667,1.6363636363636365,20,13,17,37,39,42
3,4368,2.54,0.1529133858267717,28,2.6176470588235294,2.515151515151515,2.484848484848485,30,20,26,56,59,63
4,4287,3.41,0.14706744868035188,28,3.5,3.393939393939394,3.3333333333333335,40,27,35,75,79,85
5,4206,4.28,0.14359813084112147,28,4.382352941176471,4.2727272727272725,4.181818181818182,50,34,44,94,99,107
6,4119,5.15,0.14130097087378643,28,5.264705882352941,5.151515151515151,5.03030303030303,60,41,53,113,119,129
7,4038,6.02,0.13966777408637868,28,6.147058823529412,6.03030303030303,5.878787878787879,70,48,62,132,139,151
8,3957,6.89,0.13841799709724242,28,7.0588235294117645,6.878787878787879,6.7272727272727275,80,55,71,151,160,172
9,3874,7.75,0.138541935483871,28,7.970588235294118,7.7272727272727275,7.545454545454546,90,62,79,170,181,193
10,3790,8.62,0.1376334106728538,28,8.882352941176471,8.606060606060606,8.363636363636363,100,69,87,189,202,215
11,3708,9.5,0.13599999999999995,28,9.794117647058824,9.484848484848484,9.212121212121213,110,76,96,208,223,237
12,3622,10.39,0.13377285851780557,28,10.705882352941176,10.363636363636363,10.090909090909092,120,83,105,228,244,259
13,3536,11.28,0.13189716312056732,28,11.617647058823529,11.242424242424242,10.969696969696969,130,90,114,248,265,281
14,3455,12.15,0.131761316872428,28,12.5,12.121212121212121,11.818181818181818,140,97,123,267,285,303
15,3371,13.02,0.13164362519201234,28,13.382352941176471,13.0,12.666666666666666,150,104,132,286,305,325
16,3286,13.9,0.1308920863309352,28,14.264705882352942,13.878787878787879,13.545454545454545,160,111,141,306,325,347
17,3198,14.78,0.13023004059539914,28,15.147058823529411,14.757575757575758,14.424242424242424,170,118,150,326,345,369
18,3112,15.67,0.129055520102106,28,16.029411764705884,15.636363636363637,15.333333333333334,180,125,159,347,365,391
19,3028,16.57,0.12744115872057932,28,16.91176470588235,16.545454545454547,16.242424242424242,190,133,168,368,385,413
20,2942,17.46,0.12649484536082467,28,17.794117647058822,17.424242424242426,17.151515151515152,200,141,177,389,405,434
21,2856,18.35,0.1256403269754769,28,18.676470588235293,18.303030303030305,18.060606060606062,210,149,186,410,425,455
22,2767,19.24,0.12486486486486484,28,19.558823529411764,19.181818181818183,18.96969696969697,220,157,195,431,445,476
23,2682,20.12,0.12461232604373762,28,20.441176470588236,20.060606060606062,19.848484848484848,230,165,204,451,465,497
24,2603,21.0,0.12439047619047613,28,21.323529411764707,20.939393939393938,20.727272727272727,240,173,213,471,485,518
25,2530,21.88,0.12414990859232176,28,22.205882352941178,21.848484848484848,21.575757575757574,250,181,221,491,505,540
26,2452,22.75,0.12427692307692312,28,23.08823529411765,22.757575757575758,22.393939393939394,260,189,229,510,525,562
27,2367,23.63,0.1240245450698265,28,23.970588235294116,23.666666666666668,23.242424242424242,270,197,237,530,545,584
28,2285,24.51,0.12380660954712369,28,24.852941176470587,24.575757575757574,24.09090909090909,280,205,245,550,565,606
29,2209,25.39,0.12361165813312326,28,25.735294117647058,25.484848484848484,24.939393939393938,290,213,253,570,585,628
30,2130,26.27,0.12342976779596498,28,26.61764705882353,26.393939393939394,25.78787878787879,300,221,261,590,605,650
31,2042,27.15,0.12325966850828735,28,27.5,27.303030303030305,26.636363636363637,310,229,269,610,625,672
32,1963,28.03,0.1231002497324296,28,28.38235294117647,28.21212121212121,27.484848484848484,320,237,277,630,645,694
33,1881,28.91,0.12295053614666202,28,29.264705882352942,29.12121212121212,28.333333333333332,330,245,285,650,665,716
34,1793,29.79,0.12280966767371596,28,30.147058823529413,30.03030303030303,29.181818181818183,340,253,293,670,685,738
35,1715,30.66,0.12291585127201571,28,31.029411764705884,30.90909090909091,30.03030303030303,350,260,301,690,705,760
36,1633,31.54,0.12279644895370964,28,31.91176470588235,31.818181818181817,30.87878787878788,360,268,309,710,725,782
37,1555,32.41,0.12289725393397105,28,32.794117647058826,32.72727272727273,31.696969696969695,370,276,316,730,745,804
38,1477,33.25,0.12364812030075185,28,33.64705882352941,33.60606060606061,32.484848484848484,380,284,323,749,764,825
39,1398,34.1,0.12411143695014658,28,34.470588235294116,34.515151515151516,33.303030303030305,390,292,331,768,782,847
40,1322,34.92,0.1251603665521192,28,35.294117647058826,35.39393939393939,34.06060606060606,400,299,338,786,800,869
41,1242,35.72,0.12643337066069435,28,36.0,36.27272727272727,34.878787878787875,409,306,345,806,815,891
42,1167,36.53,0.12758007117437728,28,36.705882352941174,37.18181818181818,35.696969696969695,418,314,352,826,830,913
43,1099,37.33,0.1288748995446022,28,37.411764705882355,38.09090909090909,36.484848484848484,427,322,358,846,845,935
44,1022,38.1,0.13055118110236222,28,38.088235294117645,38.93939393939394,37.27272727272727,435,329,364,866,860,956
45,959,38.85,0.1324453024453024,28,38.705882352941174,39.78787878787879,38.06060606060606,443,335,370,886,873,978
46,893,39.6,0.13424242424242422,28,39.411764705882355,40.60606060606061,38.78787878787879,451,340,377,903,889,1000
47,828,40.28,0.1365441906653426,28,40.05882352941177,41.39393939393939,39.39393939393939,460,346,384,916,902,1020
48,772,40.93,0.13911800635230875,28,40.61764705882353,42.15151515151515,40.03030303030303,469,352,391,930,912,1039
49,734,41.55,0.1420625752105896,28,41.14705882352941,42.84848484848485,40.666666666666664,477,357,398,944,922,1057
50,677,42.15,0.14506049822064057,28,41.64705882352941,43.515151515151516,41.303030303030305,485,362,405,958,931,1074
51,637,42.76,0.14794667913938256,28,42.205882352941174,44.21212121212121,41.878787878787875,493,368,411,971,942,1091
52,601,43.39,0.15035492048859184,28,42.794117647058826,44.90909090909091,42.484848484848484,501,374,417,985,954,1108
53,549,43.94,0.15333181611288127,28,43.294117647058826,45.515151515151516,43.03030303030303,508,379,424,996,964,1123
54,512,44.49,0.1562890537199371,28,43.76470588235294,46.15151515151515,43.57575757575758,515,385,430,1008,973,1138
55,477,44.99,0.1591220271171372,28,44.205882352941174,46.696969696969695,44.09090909090909,521,389,435,1020,982,1152
56,438,45.53,0.16192620250384365,28,44.705882352941174,47.24242424242424,44.666666666666664,527,394,441,1033,993,1165
57,393,46.1,0.16449457700650755,28,45.205882352941174,47.78787878787879,45.333333333333336,533,399,448,1048,1004,1178
58,359,46.65,0.16717470525187564,28,45.6764705882353,48.36363636363637,45.93939393939394,540,404,454,1062,1013,1192
59,320,47.13,0.16988542329726286,28,46.1764705882353,48.81818181818182,46.42424242424242,547,409,460,1072,1023,1202
60,289,47.59,0.1721138894725783,28,46.6764705882353,49.27272727272727,46.84848484848485,554,414,465,1081,1033,1212
61,258,48.02,0.17409829237817576,28,47.088235294117645,49.696969696969695,47.303030303030305,560,419,470,1091,1041,1221
62,245,48.42,0.17591078066914492,28,47.55882352941177,50.06060606060606,47.666666666666664,566,424,475,1098,1051,1228
63,215,48.81,0.1779573857816021,28,48.029411764705884,50.42424242424242,48.0,572,429,481,1103,1061,1235
64,191,49.14,0.17982905982905975,28,48.411764705882355,50.72727272727273,48.303030303030305,578,433,487,1107,1068,1241
65,185,49.44,0.18167475728155338,28,48.794117647058826,51.0,48.54545454545455,584,438,491,1111,1075,1245
66,172,49.69,0.18363252163413166,28,49.088235294117645,51.24242424242424,48.75757575757576,589,443,496,1113,1080,1248
67,162,49.94,0.1859191029235082,28,49.470588235294116,51.42424242424242,48.93939393939394,595,447,500,1115,1087,1250
68,157,50.14,0.18792979656960512,28,49.73529411764706,51.60606060606061,49.09090909090909,600,450,504,1116,1091,1253
69,153,50.36,0.1897220015885624,28,50.0,51.81818181818182,49.27272727272727,604,453,508,1118,1096,1257
70,145,50.59,0.19141529946629773,28,50.294117647058826,52.03030303030303,49.45454545454545,609,456,512,1120,1101,1261
71,146,50.85,0.19317010816125857,28,50.55882352941177,52.333333333333336,49.666666666666664,614,461,516,1123,1105,1266
72,144,51.08,0.19494518402505875,28,50.794117647058826,52.57575757575758,49.878787878787875,618,465,520,1126,1109,1270
73,126,51.29,0.19664457009163583,28,51.0,52.81818181818182,50.06060606060606,622,469,524,1128,1112,1274
74,123,51.5,0.19820194174757277,28,51.1764705882353,53.09090909090909,50.24242424242424,626,473,528,1130,1114,1279
75,117,51.71,0.19960742602978143,28,51.38235294117647,53.333333333333336,50.42424242424242,631,478,532,1132,1116,1282
76,104,51.9,0.20083236994219647,28,51.529411764705884,53.57575757575758,50.60606060606061,633,483,536,1134,1119,1285
77,102,52.1,0.20223416506717853,28,51.705882352941174,53.81818181818182,50.78787878787879,636,488,540,1136,1122,1288
78,115,52.24,0.20370597243491573,28,51.794117647058826,54.0,50.93939393939394,638,491,543,1138,1123,1291
79,110,52.41,0.2052642625453157,28,51.88235294117647,54.24242424242424,51.121212121212125,640,494,547,1140,1124,1296
80,111,52.58,0.20696082160517307,28,52.0,54.45454545454545,51.303030303030305,643,497,551,1142,1125,1300
81,102,52.76,0.2087263078089461,28,52.11764705882353,54.696969696969695,51.484848484848484,646,500,555,1144,1126,1305
82,98,52.92,0.2102380952380952,28,52.205882352941174,54.93939393939394,51.63636363636363,648,504,558,1146,1127,1309
83,94,53.08,0.2117558402411454,28,52.23529411764706,55.21212121212121,51.81818181818182,648,508,562,1148,1128,1314
84,85,53.23,0.21328010520383245,28,52.26470588235294,55.45454545454545,52.0,648,511,566,1150,1129,1319
85,78,53.39,0.21497096834613216,28,52.3235294117647,55.666666666666664,52.21212121212121,649,514,570,1153,1130,1323
86,81,53.54,0.21650728427344035,28,52.411764705882355,55.878787878787875,52.36363636363637,651,517,573,1155,1131,1327
87,79,53.68,0.21805514157973177,28,52.5,56.06060606060606,52.515151515151516,653,520,577,1156,1132,1330
88,74,53.82,0.21938312894834638,28,52.588235294117645,56.24242424242424,52.666666666666664,655,523,581,1157,1133,1333
89,90,53.96,0.2209710896960712,28,52.64705882352941,56.42424242424242,52.84848484848485,656,526,585,1159,1134,1336
90,83,54.12,0.22253880266075385,28,52.794117647058826,56.60606060606061,53.0,659,529,588,1161,1136,1339
91,82,54.28,0.22407148120854828,28,52.911764705882355,56.75757575757576,53.21212121212121,662,531,591,1165,1137,1342
92,90,54.44,0.2256318883174137,28,53.0,56.93939393939394,53.42424242424242,664,534,594,1169,1138,1345
93,83,54.6,0.22707326007326004,28,53.088235294117645,57.121212121212125,53.63636363636363,666,537,597,1173,1139,1348
94,78,54.74,0.22848739495798312,28,53.14705882352941,57.27272727272727,53.84848484848485,667,540,600,1177,1140,1350
95,84,54.89,0.22998178174530878,28,53.205882352941174,57.45454545454545,54.06060606060606,668,543,603,1181,1141,1353
96,81,55.04,0.2314425872093024,28,53.26470588235294,57.63636363636363,54.27272727272727,669,546,606,1185,1142,1356
97,75,55.16,0.23267947788252358,28,53.294117647058826,57.78787878787879,54.45454545454545,670,549,609,1188,1142,1358
98,74,55.29,0.23388135286670278,28,53.3235294117647,57.96969696969697,54.63636363636363,671,552,612,1191,1142,1361
99,78,55.43,0.23504059173732642,28,53.38235294117647,58.15151515151515,54.81818181818182,673,555,615,1194,1142,1364
100,64,55.57,0.23622278207666014,28,53.44117647058823,58.333333333333336,55.0,675,558,618,1197,1142,1367
101,60,55.7,0.2374326750448833,28,53.5,58.515151515151516,55.15151515151515,677,561,621,1199,1142,1370
102,60,55.82,0.23868864206377638,28,53.529411764705884,58.696969696969695,55.303030303030305,678,564,624,1201,1142,1373
103,49,55.93,0.23982656892544255,28,53.55882352941177,58.84848484848485,55.45454545454545,679,567,627,1203,1142,1375
104,48,56.03,0.24084776012850256,28,53.588235294117645,58.96969696969697,55.60606060606061,680,569,630,1205,1142,1377
105,55,56.11,0.24166280520406347,28,53.588235294117645,59.09090909090909,55.72727272727273,680,571,632,1207,1142,1379
106,53,56.19,0.24248976686243096,28,53.61764705882353,59.18181818181818,55.84848484848485,681,573,634,1209,1142,1380
107,51,56.27,0.2433392571530122,28,53.64705882352941,59.27272727272727,55.96969696969697,682,575,636,1211,1142,1381
108,56,56.37,0.24428419372006388,28,53.6764705882353,59.39393939393939,56.121212121212125,683,577,639,1213,1142,1383
109,60,56.48,0.245478045325779,28,53.705882352941174,59.54545454545455,56.27272727272727,684,580,642,1215,1142,1385
110,56,56.58,0.24642983386355596,28,53.73529411764706,59.696969696969695,56.39393939393939,685,583,644,1217,1142,1387
111,62,56.67,0.2474060349391212,28,53.76470588235294,59.81818181818182,56.515151515151516,686,586,646,1219,1142,1388
112,67,56.77,0.248499207327814,28,53.794117647058826,59.93939393939394,56.666666666666664,687,589,649,1221,1142,1389
113,69,56.87,0.24958853525584673,28,53.8235294117647,60.06060606060606,56.81818181818182,688,592,652,1223,1142,1390
114,68,57.0,0.250659649122807,28,53.911764705882355,60.18181818181818,57.0,691,595,655,1226,1142,1391
115,72,57.14,0.2518165908295414,28,54.029411764705884,60.303030303030305,57.18181818181818,695,598,658,1229,1142,1392
116,63,57.29,0.2528661197416652,28,54.1764705882353,60.42424242424242,57.36363636363637,700,601,661,1232,1142,1393
117,60,57.44,0.25392757660167137,28,54.3235294117647,60.54545454545455,57.54545454545455,705,604,664,1235,1142,1394
118,64,57.58,0.2551094129906217,28,54.44117647058823,60.666666666666664,57.72727272727273,709,607,667,1238,1142,1395
119,61,57.7,0.2563223570190641,28,54.55882352941177,60.78787878787879,57.84848484848485,713,610,669,1240,1142,1396
120,60,57.83,0.2573767940515303,28,54.6764705882353,60.90909090909091,58.0,717,613,671,1243,1142,1397
121,59,57.96,0.258440303657695,28,54.794117647058826,61.03030303030303,58.15151515151515,721,616,673,1246,1142,1398
122,52,58.09,0.2595162678602169,28,54.911764705882355,61.15151515151515,58.303030303030305,725,619,675,1249,1142,1399
123,52,58.21,0.260719807593197,28,55.0,61.27272727272727,58.45454545454545,728,622,677,1252,1142,1400
124,49,58.33,0.26192182410423454,28,55.088235294117645,61.39393939393939,58.60606060606061,731,625,679,1255,1142,1401
125,48,58.43,0.26292486736265613,28,55.14705882352941,61.515151515151516,58.72727272727273,733,628,681,1257,1142,1402
126,48,58.52,0.2636568694463432,28,55.1764705882353,61.63636363636363,58.84848484848485,734,631,683,1259,1142,1403
127,42,58.61,0.2645811295000853,28,55.1764705882353,61.75757575757576,59.0,734,634,685,1262,1142,1404
128,39,58.7,0.26550596252129466,28,55.1764705882353,61.878787878787875,59.15151515151515,734,637,687,1265,1142,1405
129,32,58.8,0.2664047619047619,28,55.205882352941174,62.0,59.303030303030305,735,640,689,1268,1142,1406
130,33,58.88,0.2671433423913044,28,55.26470588235294,62.09090909090909,59.39393939393939,737,643,690,1270,1142,1406
131,36,58.97,0.2680396811938273,28,55.35294117647059,62.18181818181818,59.484848484848484,740,646,691,1272,1142,1406
132,38,59.07,0.2689368545793127,28,55.44117647058823,62.303030303030305,59.57575757575758,743,649,692,1274,1142,1407
133,39,59.18,0.2697600540723218,28,55.55882352941177,62.42424242424242,59.666666666666664,747,652,693,1276,1142,1408
134,45,59.3,0.27064080944350766,28,55.6764705882353,62.54545454545455,59.78787878787879,751,655,694,1279,1142,1409
135,43,59.41,0.2715148964820737,28,55.794117647058826,62.63636363636363,59.90909090909091,755,658,695,1282,1142,1409
136,37,59.53,0.2724693431883084,28,55.911764705882355,62.75757575757576,60.03030303030303,759,661,696,1285,1142,1410
137,42,59.63,0.27339761864833134,28,56.0,62.878787878787875,60.121212121212125,762,664,697,1287,1142,1411
138,47,59.73,0.2743261342708857,28,56.088235294117645,63.0,60.21212121212121,765,667,698,1289,1142,1412
139,54,59.84,0.2751002673796792,28,56.1764705882353,63.15151515151515,60.303030303030305,768,671,699,1291,1142,1413
140,56,59.97,0.27578956144739036,28,56.26470588235294,63.303030303030305,60.45454545454545,771,675,701,1294,1142,1414
141,51,60.11,0.2763117617700881,28,56.35294117647059,63.45454545454545,60.63636363636363,774,679,704,1297,1142,1415
142,52,60.25,0.2768547717842324,28,56.44117647058823,63.60606060606061,60.81818181818182,777,683,707,1300,1142,1416
143,59,60.39,0.2774151349561185,28,56.529411764705884,63.75757575757576,61.0,780,687,710,1303,1142,1417
144,70,60.55,0.2778744838976053,28,56.61764705882353,63.93939393939394,61.21212121212121,783,692,713,1307,1142,1418
145,70,60.7,0.2782602965403625,28,56.6764705882353,64.12121212121212,61.42424242424242,785,697,716,1311,1142,1419
146,71,60.84,0.27858974358974364,28,56.705882352941174,64.3030303030303,61.63636363636363,786,702,719,1315,1142,1420
147,68,60.99,0.27901787178225945,28,56.76470588235294,64.48484848484848,61.84848484848485,788,707,722,1319,1142,1421
148,75,61.13,0.27936037951905773,28,56.8235294117647,64.66666666666667,62.03030303030303,790,712,725,1322,1142,1422
149,73,61.27,0.279720907458789,28,56.88235294117647,64.84848484848484,62.21212121212121,792,717,728,1325,1142,1423
150,78,61.4,0.280029315960912,28,56.94117647058823,65.03030303030303,62.36363636363637,794,722,731,1327,1142,1424
151,75,61.52,0.2803023407022107,28,57.0,65.21212121212122,62.484848484848484,796,727,734,1328,1142,1425
152,76,61.63,0.2804948888528314,28,57.029411764705884,65.39393939393939,62.60606060606061,797,732,737,1329,1142,1426
153,78,61.76,0.2805829015544042,28,57.05882352941177,65.57575757575758,62.78787878787879,798,737,740,1332,1142,1427
154,77,61.89,0.28068670221360476,28,57.088235294117645,65.75757575757575,62.96969696969697,799,742,743,1335,1142,1428
155,71,62.01,0.28070472504434774,28,57.11764705882353,65.93939393939394,63.121212121212125,800,747,746,1337,1142,1429
156,78,62.15,0.280744971842317,28,57.14705882352941,66.15151515151516,63.303030303030305,801,752,749,1340,1142,1431
157,76,62.29,0.28082035639749564,28,57.1764705882353,66.36363636363636,63.484848484848484,802,757,752,1343,1142,1433
158,85,62.44,0.28103139013452916,28,57.205882352941174,66.57575757575758,63.696969696969695,803,762,756,1346,1142,1435
159,91,62.59,0.2812541939606966,28,57.23529411764706,66.78787878787878,63.90909090909091,804,767,760,1349,1142,1437
160,91,62.74,0.2814918712145362,28,57.26470588235294,67.0,64.12121212121212,805,772,764,1352,1142,1439
161,91,62.89,0.2817570360947687,28,57.294117647058826,67.21212121212122,64.33333333333333,806,777,768,1355,1142,1441
162,91,63.04,0.2820717005076142,28,57.3235294117647,67.42424242424242,64.54545454545455,807,782,772,1358,1142,1443
163,84,63.2,0.28249050632911393,28,57.35294117647059,67.63636363636364,64.78787878787878,808,787,777,1361,1142,1445
164,92,63.36,0.2829261363636364,28,57.38235294117647,67.84848484848484,65.03030303030303,809,792,782,1364,1142,1447
165,87,63.53,0.28346450495828746,28,57.411764705882355,68.0909090909091,65.27272727272727,810,797,787,1367,1142,1450
166,82,63.7,0.2840313971742543,28,57.44117647058823,68.33333333333333,65.51515151515152,811,802,792,1370,1142,1453
167,89,63.87,0.284632847972444,28,57.470588235294116,68.57575757575758,65.75757575757575,812,807,797,1373,1142,1456
168,82,64.03,0.28516164297985314,28,57.5,68.81818181818181,65.96969696969697,813,812,802,1375,1142,1459
169,84,64.19,0.28571584358934415,28,57.529411764705884,69.06060606060606,66.18181818181819,814,817,807,1377,1142,1462
170,92,64.35,0.28630458430458433,28,57.55882352941177,69.3030303030303,66.39393939393939,815,822,812,1379,1142,1465
171,79,64.51,0.28690900635560385,28,57.588235294117645,69.54545454545455,66.60606060606061,816,827,817,1381,1142,1468
172,78,64.67,0.28752899335085813,28,57.61764705882353,69.78787878787878,66.81818181818181,817,832,822,1383,1142,1471
173,78,64.82,0.28809318111693927,28,57.64705882352941,70.0,67.03030303030303,818,837,827,1385,1142,1473
174,75,64.97,0.2886855471756195,28,57.6764705882353,70.21212121212122,67.24242424242425,819,842,832,1387,1142,1475
175,73,65.11,0.2893334357241591,28,57.705882352941174,70.42424242424242,67.42424242424242,820,847,836,1389,1142,1477
176,77,65.25,0.2900061302681992,28,57.73529411764706,70.63636363636364,67.60606060606061,821,852,840,1391,1142,1479
177,76,65.41,0.29087754166029656,28,57.76470588235294,70.87878787878788,67.81818181818181,822,857,844,1394,1142,1482
178,78,65.57,0.29176605154796403,28,57.794117647058826,71.12121212121212,68.03030303030303,823,862,848,1397,1142,1485
179,76,65.74,0.2927411013081837,28,57.8235294117647,71.36363636363636,68.27272727272727,824,867,852,1401,1142,1488
180,62,65.91,0.29372629343043544,28,57.85294117647059,71.60606060606061,68.51515151515152,825,872,856,1405,1142,1491
181,61,66.07,0.29481004994702587,28,57.88235294117647,71.84848484848484,68.72727272727273,826,877,860,1408,1142,1494
182,63,66.23,0.2958040163068097,28,57.911764705882355,72.06060606060606,68.96969696969697,827,881,865,1411,1142,1497
183,71,66.39,0.29663352914595575,28,57.94117647058823,72.27272727272727,69.21212121212122,828,885,869,1415,1142,1500
184,72,66.56,0.2975510817307692,28,57.970588235294116,72.51515151515152,69.45454545454545,829,890,874,1418,1142,1503
185,78,66.71,0.29831059811122773,28,58.0,72.6969696969697,69.6969696969697,830,894,879,1421,1142,1505
186,75,66.86,0.29923122943463953,28,58.029411764705884,72.93939393939394,69.87878787878788,831,899,883,1423,1142,1508
187,63,67.01,0.30015967766005075,28,58.05882352941177,73.18181818181819,70.06060606060606,832,904,887,1425,1142,1511
188,66,67.16,0.3011584276354974,28,58.088235294117645,73.39393939393939,70.27272727272727,833,909,892,1427,1142,1513
189,73,67.3,0.30207429420505205,28,58.11764705882353,73.57575757575758,70.48484848484848,834,913,897,1429,1142,1515
190,76,67.45,0.30310007412898443,28,58.14705882352941,73.78787878787878,70.6969696969697,835,918,902,1431,1142,1517
191,76,67.6,0.30413609467455616,28,58.1764705882353,74.0,70.9090909090909,836,923,907,1433,1142,1519
192,71,67.74,0.30509890758783587,28,58.205882352941174,74.21212121212122,71.0909090909091,837,928,911,1435,1142,1521
193,65,67.89,0.30600235675357196,28,58.23529411764706,74.45454545454545,71.27272727272727,838,933,915,1437,1142,1524
194,69,68.03,0.3069689842716448,28,58.26470588235294,74.66666666666667,71.45454545454545,839,938,919,1439,1142,1526
195,67,68.17,0.3079404430101218,28,58.294117647058826,74.87878787878788,71.63636363636364,840,943,923,1441,1142,1528
196,59,68.31,0.30892841458058856,28,58.3235294117647,75.0909090909091,71.81818181818181,841,948,927,1443,1142,1530
197,66,68.45,0.30992695398100806,28,58.35294117647059,75.3030303030303,72.0,842,953,931,1445,1142,1532
198,64,68.59,0.31092141711619775,28,58.38235294117647,75.51515151515152,72.18181818181819,843,958,935,1447,1142,1534
199,62,68.73,0.31191473883311505,28,58.411764705882355,75.72727272727273,72.36363636363636,844,963,939,1449,1142,1536
200,67,68.86,0.31284345047923323,28,58.44117647058823,75.93939393939394,72.51515151515152,845,968,943,1450,1142,1538
201,68,69.0,0.31383768115942035,28,58.470588235294116,76.15151515151516,72.6969696969697,846,973,947,1452,1142,1540
202,67,69.13,0.3147591494286128,28,58.5,76.36363636363636,72.84848484848484,847,978,951,1453,1142,1542
203,69,69.26,0.31567715853306383,28,58.529411764705884,76.57575757575758,73.0,848,983,955,1454,1142,1544
204,77,69.39,0.3165946101743766,28,58.55882352941177,76.75757575757575,73.18181818181819,849,988,959,1456,1142,1545
205,73,69.52,0.3175115074798619,28,58.588235294117645,76.93939393939394,73.36363636363636,850,993,963,1458,1142,1546
206,65,69.66,0.31849842090152164,28,58.61764705882353,77.15151515151516,73.54545454545455,851,998,967,1460,1142,1548
207,66,69.8,0.3194813753581661,28,58.64705882352941,77.36363636363636,73.72727272727273,852,1003,971,1462,1142,1550
208,67,69.94,0.32046611381183865,28,58.6764705882353,77.57575757575758,73.9090909090909,853,1008,975,1464,1142,1552
209,65,70.08,0.3214497716894977,28,58.705882352941174,77.78787878787878,74.0909090909091,854,1013,979,1466,1142,1554
210,66,70.22,0.32243235545428645,28,58.73529411764706,78.0,74.27272727272727,855,1018,983,1468,1142,1556
211,61,70.36,0.32341387151790785,28,58.76470588235294,78.21212121212122,74.45454545454545,856,1023,987,1470,1142,1558
212,59,70.5,0.3243943262411348,28,58.794117647058826,78.42424242424242,74.63636363636364,857,1028,991,1472,1142,1560
213,57,70.64,0.32537372593431485,28,58.8235294117647,78.63636363636364,74.81818181818181,858,1033,995,1474,1142,1562
214,50,70.77,0.3262667797089162,28,58.85294117647059,78.84848484848484,74.96969696969697,859,1038,999,1475,1142,1564
215,61,70.9,0.3271678420310296,28,58.85294117647059,79.06060606060606,75.15151515151516,859,1043,1003,1477,1142,1566
216,66,71.03,0.3280684217936083,28,58.85294117647059,79.27272727272727,75.33333333333333,859,1048,1007,1479,1142,1568
217,66,71.15,0.3288840477863668,28,58.85294117647059,79.48484848484848,75.48484848484848,859,1053,1011,1480,1142,1570
218,60,71.27,0.32970253963799634,28,58.85294117647059,79.6969696969697,75.63636363636364,859,1058,1015,1481,1142,1572
219,62,71.4,0.3305966386554621,28,58.88235294117647,79.9090909090909,75.78787878787878,860,1063,1019,1482,1142,1574
220,64,71.53,0.33148748776737036,28,58.911764705882355,80.12121212121212,75.93939393939394,861,1068,1023,1483,1142,1576
221,60,71.66,0.3323751046608987,28,58.94117647058823,80.33333333333333,76.0909090909091,862,1073,1027,1484,1142,1578
222,60,71.78,0.33319866258010594,28,58.970588235294116,80.54545454545455,76.21212121212122,863,1078,1031,1484,1142,1580
223,61,71.89,0.333961608012241,28,59.0,80.72727272727273,76.33333333333333,864,1083,1035,1484,1142,1581
224,62,72.0,0.33472499999999994,28,59.029411764705884,80.9090909090909,76.45454545454545,865,1088,1039,1484,1142,1582
225,69,72.11,0.33548606295936767,28,59.05882352941177,81.0909090909091,76.57575757575758,866,1093,1043,1484,1142,1583
226,75,72.23,0.3362024089713415,28,59.11764705882353,81.27272727272727,76.6969696969697,867,1098,1047,1484,1143,1584
227,75,72.35,0.3369274360746371,28,59.1764705882353,81.45454545454545,76.81818181818181,868,1103,1051,1484,1144,1585
228,75,72.47,0.3376555816199807,28,59.23529411764706,81.63636363636364,76.93939393939394,869,1108,1055,1484,1145,1586
229,77,72.6,0.33841873278236917,28,59.3235294117647,81.81818181818181,77.06060606060606,870,1113,1059,1484,1147,1587
230,76,72.73,0.33918740547229476,28,59.411764705882355,82.0,77.18181818181819,871,1118,1063,1484,1149,1588
231,72,72.86,0.33997529508646723,28,59.5,82.18181818181819,77.3030303030303,872,1123,1067,1484,1151,1589
232,74,72.99,0.34076859843814217,28,59.588235294117645,82.36363636363636,77.42424242424242,873,1128,1071,1484,1153,1590
233,69,73.13,0.3416395460139478,28,59.6764705882353,82.54545454545455,77.57575757575758,874,1133,1075,1485,1155,1591
234,67,73.27,0.34251262453937487,28,59.76470588235294,82.72727272727273,77.72727272727273,875,1138,1079,1486,1157,1592
235,65,73.41,0.34338782182264,28,59.85294117647059,82.9090909090909,77.87878787878788,876,1143,1083,1487,1159,1593
236,63,73.55,0.3442624065261727,28,59.94117647058823,83.0909090909091,78.03030303030303,877,1148,1087,1488,1161,1594
237,52,73.69,0.3451336680689374,28,60.029411764705884,83.27272727272727,78.18181818181819,878,1153,1091,1489,1163,1595
238,50,73.83,0.34600162535554657,28,60.11764705882353,83.45454545454545,78.33333333333333,879,1158,1095,1490,1165,1596
239,46,73.96,0.3467982693347756,28,60.205882352941174,83.63636363636364,78.45454545454545,880,1163,1098,1491,1167,1597
240,40,74.08,0.3475242980561555,28,60.26470588235294,83.81818181818181,78.57575757575758,880,1168,1101,1492,1169,1598
241,47,74.19,0.3481533899447365,28,60.3235294117647,83.96969696969697,78.6969696969697,880,1172,1105,1492,1171,1599
242,44,74.31,0.3488588346117615,28,60.411764705882355,84.12121212121212,78.81818181818181,881,1176,1109,1492,1173,1600
243,45,74.42,0.34954850846546637,28,60.470588235294116,84.27272727272727,78.93939393939394,882,1180,1113,1492,1174,1601
244,49,74.53,0.35023614651818064,28,60.529411764705884,84.42424242424242,79.06060606060606,883,1184,1117,1492,1175,1602
245,53,74.64,0.3509244372990354,28,60.588235294117645,84.57575757575758,79.18181818181819,884,1188,1121,1492,1176,1603
246,54,74.75,0.35161605351170566,28,60.64705882352941,84.72727272727273,79.3030303030303,885,1192,1125,1492,1177,1604
247,52,74.86,0.352308308843174,28,60.705882352941174,84.87878787878788,79.42424242424242,886,1196,1129,1492,1178,1605
248,53,74.97,0.352998532746432,28,60.76470588235294,85.03030303030303,79.54545454545455,887,1200,1133,1492,1179,1606
249,51,75.08,0.35368673415023977,28,60.8235294117647,85.18181818181819,79.66666666666667,888,1204,1137,1492,1180,1607
250,47,75.21,0.35434250764526,28,60.94117647058823,85.33333333333333,79.78787878787878,891,1208,1141,1492,1181,1608
251,46,75.34,0.35483674011149463,28,61.05882352941177,85.51515151515152,79.87878787878788,894,1213,1144,1492,1182,1609
252,42,75.47,0.35533987014707835,28,61.1764705882353,85.6969696969697,79.96969696969697,897,1218,1147,1492,1183,1610
253,48,75.59,0.35574943775631696,28,61.294117647058826,85.81818181818181,80.0909090909091,900,1221,1151,1492,1184,1611
254,53,75.72,0.3561991547807713,28,61.411764705882355,85.96969696969697,80.21212121212122,903,1225,1155,1492,1185,1612
255,67,75.85,0.35667369808833227,28,61.529411764705884,86.12121212121212,80.33333333333333,906,1229,1159,1492,1186,1613
256,70,76.0,0.3571868421052632,28,61.6764705882353,86.3030303030303,80.45454545454545,909,1234,1163,1492,1188,1614
257,76,76.15,0.3577216021011162,28,61.8235294117647,86.48484848484848,80.57575757575758,912,1239,1167,1492,1190,1615
258,76,76.3,0.3581965923984272,28,61.970588235294116,86.66666666666667,80.6969696969697,914,1244,1171,1492,1193,1616
259,72,76.46,0.3587653675124248,28,62.14705882352941,86.84848484848484,80.81818181818181,917,1249,1175,1492,1196,1617
260,70,76.63,0.3592522510766018,28,62.3235294117647,87.03030303030303,80.96969696969697,920,1254,1179,1493,1199,1618
261,71,76.8,0.3597786458333333,28,62.5,87.21212121212122,81.12121212121212,923,1259,1183,1494,1202,1619
262,66,76.97,0.3603053137586072,28,62.64705882352941,87.45454545454545,81.24242424242425,925,1264,1187,1494,1205,1622
263,73,77.14,0.36084003111226337,28,62.794117647058826,87.6969696969697,81.36363636363636,927,1269,1191,1494,1208,1625
264,72,77.3,0.3614825355756791,28,62.970588235294116,87.9090909090909,81.45454545454545,930,1274,1194,1494,1211,1627
265,74,77.46,0.3621301316808676,28,63.14705882352941,88.12121212121212,81.54545454545455,933,1279,1197,1494,1214,1629
266,80,77.64,0.3628516228748067,28,63.3235294117647,88.33333333333333,81.6969696969697,936,1284,1201,1495,1217,1631
267,76,77.83,0.36358602081459596,28,63.529411764705884,88.54545454545455,81.84848484848484,940,1289,1205,1496,1220,1633
268,74,78.0,0.3642615384615385,28,63.73529411764706,88.75757575757575,81.93939393939394,944,1294,1208,1496,1223,1635
269,80,78.18,0.36501407009465336,28,63.94117647058823,89.0,82.03030303030303,948,1300,1211,1496,1226,1637
270,83,78.36,0.36577080142930074,28,64.1470588235294,89.24242424242425,82.12121212121212,952,1306,1214,1496,1229,1639
271,84,78.53,0.3665261683433083,28,64.32352941176471,89.48484848484848,82.21212121212122,955,1312,1217,1496,1232,1641
272,88,78.7,0.36727827191867846,28,64.5,89.72727272727273,82.3030303030303,958,1318,1220,1496,1235,1643
273,88,78.88,0.3680907707910751,28,64.67647058823529,90.0,82.39393939393939,961,1324,1223,1496,1238,1646
274,87,79.07,0.36889970911850256,28,64.88235294117646,90.27272727272727,82.48484848484848,965,1330,1226,1496,1241,1649
275,85,79.27,0.36970480635801695,28,65.08823529411765,90.54545454545455,82.60606060606061,969,1336,1229,1497,1244,1652
276,78,79.46,0.37050843191542915,28,65.26470588235294,90.81818181818181,82.72727272727273,972,1342,1232,1498,1247,1655
277,75,79.64,0.37129583124058263,28,65.41176470588235,91.0909090909091,82.84848484848484,975,1348,1235,1499,1249,1658
278,82,79.81,0.37206991605062023,28,65.52941176470588,91.36363636363636,82.96969696969697,978,1354,1238,1500,1250,1661
279,80,79.98,0.3727706926731683,28,65.70588235294117,91.57575757575758,83.0909090909091,982,1360,1241,1501,1252,1662
280,73,80.14,0.373433990516596,28,65.8529411764706,91.78787878787878,83.21212121212122,986,1366,1244,1502,1253,1663
281,78,80.3,0.3740971357409713,28,66.0,92.0,83.33333333333333,990,1372,1247,1503,1254,1664
282,77,80.46,0.3747178722346508,28,66.11764705882354,92.24242424242425,83.45454545454545,994,1378,1250,1504,1254,1666
283,76,80.62,0.37534606797320763,28,66.23529411764706,92.48484848484848,83.57575757575758,998,1384,1253,1505,1254,1668
284,87,80.78,0.3759841544936866,28,66.3529411764706,92.72727272727273,83.6969696969697,1002,1390,1256,1506,1254,1670
285,85,80.95,0.3766460778258184,28,66.5,92.96969696969697,83.81818181818181,1006,1396,1259,1507,1255,1672
286,79,81.13,0.37732651300382103,28,66.67647058823529,93.21212121212122,83.93939393939394,1011,1402,1262,1508,1256,1674
287,85,81.31,0.3780039355552822,28,66.8529411764706,93.45454545454545,84.06060606060606,1016,1408,1265,1509,1257,1676
288,86,81.48,0.3786696121747668,28,67.0,93.6969696969697,84.18181818181819,1021,1414,1268,1510,1257,1678
289,81,81.65,0.3793398652786283,28,67.1470588235294,93.93939393939394,84.3030303030303,1026,1420,1271,1511,1257,1680
290,85,81.82,0.380007333170374,28,67.29411764705883,94.18181818181819,84.42424242424242,1031,1426,1274,1512,1257,1682
291,86,81.99,0.380674472496646,28,67.44117647058823,94.42424242424242,84.54545454545455,1036,1432,1277,1513,1257,1684
292,83,82.17,0.3813545089448704,28,67.61764705882354,94.66666666666667,84.66666666666667,1041,1438,1280,1514,1258,1686
293,89,82.35,0.3820364298724954,28,67.79411764705883,94.9090909090909,84.78787878787878,1046,1444,1283,1515,1259,1688
294,86,82.53,0.38272022294923064,28,67.97058823529412,95.15151515151516,84.9090909090909,1051,1450,1286,1516,1260,1690
295,81,82.7,0.3833712212817412,28,68.1470588235294,95.39393939393939,85.0,1056,1456,1288,1517,1261,1692
296,84,82.88,0.3840564671814672,28,68.32352941176471,95.63636363636364,85.12121212121212,1061,1462,1291,1518,1262,1694
297,82,83.05,0.3847308850090307,28,68.5,95.87878787878788,85.21212121212122,1066,1468,1294,1518,1263,1696
298,74,83.22,0.38540495073299685,28,68.67647058823529,96.12121212121212,85.3030303030303,1071,1474,1297,1518,1264,1698
299,83,83.37,0.386029746911359,28,68.82352941176471,96.36363636363636,85.36363636363636,1075,1480,1299,1518,1265,1700
300,84,83.54,0.3867057696911659,28,69.0,96.60606060606061,85.45454545454545,1080,1486,1302,1518,1266,1702
301,76,83.71,0.38737904670887585,28,69.17647058823529,96.84848484848484,85.54545454545455,1085,1492,1305,1518,1267,1704
302,80,83.88,0.3880495946590367,28,69.3529411764706,97.0909090909091,85.63636363636364,1090,1498,1308,1518,1268,1706
303,86,84.03,0.3886695227894799,28,69.5,97.33333333333333,85.6969696969697,1094,1504,1310,1518,1269,1708
304,84,84.2,0.3893372921615202,28,69.67647058823529,97.57575757575758,85.78787878787878,1099,1510,1313,1518,1270,1710
305,96,84.38,0.39004740459824605,28,69.8529411764706,97.81818181818181,85.9090909090909,1104,1516,1317,1518,1271,1712
306,98,84.57,0.3908182570651531,28,70.02941176470588,98.06060606060606,86.06060606060606,1109,1522,1322,1518,1272,1714
307,97,84.76,0.3915950920245399,28,70.23529411764706,98.3030303030303,86.18181818181819,1114,1528,1326,1518,1274,1716
308,102,84.95,0.3923708063566804,28,70.44117647058823,98.54545454545455,86.3030303030303,1119,1534,1330,1518,1276,1718
309,101,85.14,0.39311017148226446,28,70.6470588235294,98.78787878787878,86.42424242424242,1124,1540,1334,1518,1278,1720
310,97,85.33,0.39384624399390605,28,70.8529411764706,99.03030303030303,86.54545454545455,1129,1546,1338,1518,1280,1722
311,110,85.53,0.3946369694843914,28,71.05882352941177,99.27272727272727,86.6969696969697,1134,1552,1343,1518,1282,1724
312,105,85.73,0.39542867141024146,28,71.26470588235294,99.51515151515152,86.84848484848484,1139,1558,1348,1518,1284,1726
313,101,85.92,0.3962011173184357,28,71.44117647058823,99.75757575757575,87.0,1143,1564,1353,1518,1286,1728
314,116,86.1,0.3969152148664344,28,71.61764705882354,100.0,87.12121212121212,1147,1570,1357,1518,1288,1730
315,118,86.29,0.39764399119249044,28,71.82352941176471,100.24242424242425,87.24242424242425,1152,1576,1361,1518,1290,1732
316,102,86.48,0.3983695652173913,28,72.02941176470588,100.48484848484848,87.36363636363636,1157,1582,1365,1518,1292,1734
317,104,86.67,0.39909195800161534,28,72.23529411764706,100.72727272727273,87.48484848484848,1162,1588,1369,1518,1294,1736
318,101,86.85,0.39978929188255613,28,72.44117647058823,100.96969696969697,87.57575757575758,1167,1594,1372,1518,1296,1738
319,94,87.04,0.40048713235294114,28,72.67647058823529,101.21212121212122,87.66666666666667,1172,1600,1375,1518,1299,1740
320,99,87.23,0.40120715350223546,28,72.88235294117646,101.45454545454545,87.78787878787878,1177,1606,1379,1518,1301,1742
321,89,87.42,0.4019240448409975,28,73.08823529411765,101.6969696969697,87.9090909090909,1182,1612,1383,1518,1303,1744
322,83,87.6,0.40260502283105026,28,73.26470588235294,101.93939393939394,88.03030303030303,1186,1618,1387,1518,1305,1746
323,93,87.77,0.40326193460180015,28,73.44117647058823,102.18181818181819,88.12121212121212,1190,1624,1390,1518,1307,1748
324,104,87.96,0.403981355161437,28,73.6470588235294,102.42424242424242,88.24242424242425,1195,1630,1394,1518,1309,1750
325,99,88.16,0.40458711433756805,28,73.8529411764706,102.66666666666667,88.39393939393939,1200,1636,1398,1519,1311,1752
326,101,88.38,0.405132382892057,28,74.05882352941177,102.9090909090909,88.60606060606061,1205,1642,1403,1521,1313,1754
327,106,88.57,0.405700575815739,28,74.26470588235294,103.12121212121212,88.75757575757575,1210,1647,1407,1522,1315,1756
328,97,88.78,0.40636855147555756,28,74.47058823529412,103.36363636363636,88.93939393939394,1215,1653,1412,1523,1317,1758
329,116,89.01,0.4067913717559825,28,74.67647058823529,103.60606060606061,89.18181818181819,1220,1659,1417,1526,1319,1760
330,117,89.24,0.4072209771402958,28,74.88235294117646,103.84848484848484,89.42424242424242,1225,1665,1422,1529,1321,1762
331,106,89.47,0.4076617860735442,28,75.08823529411765,104.0909090909091,89.66666666666667,1230,1671,1427,1532,1323,1764
332,115,89.71,0.40805818749303313,28,75.32352941176471,104.33333333333333,89.9090909090909,1235,1677,1432,1535,1326,1766
333,122,89.94,0.40840782744051585,28,75.55882352941177,104.57575757575758,90.12121212121212,1240,1683,1436,1538,1329,1768
334,111,90.17,0.4087712099367861,28,75.79411764705883,104.81818181818181,90.33333333333333,1245,1689,1440,1541,1332,1770
335,111,90.41,0.4091439000110607,28,76.05882352941177,105.06060606060606,90.54545454545455,1250,1695,1444,1544,1336,1772
336,108,90.65,0.40952564809707664,28,76.32352941176471,105.3030303030303,90.75757575757575,1255,1701,1448,1547,1340,1774
337,93,90.89,0.40991858290240946,28,76.58823529411765,105.54545454545455,90.96969696969697,1260,1707,1452,1550,1344,1776
338,98,91.14,0.41043010752688175,28,76.82352941176471,105.78787878787878,91.24242424242425,1265,1713,1458,1553,1347,1778
339,104,91.38,0.41092361567082514,28,77.02941176470588,106.06060606060606,91.48484848484848,1270,1719,1463,1556,1349,1781
340,95,91.62,0.4115280506439642,28,77.23529411764706,106.33333333333333,91.72727272727273,1275,1725,1469,1558,1351,1784
341,112,91.84,0.41203179442508714,28,77.44117647058823,106.57575757575758,91.93939393939394,1280,1730,1474,1560,1353,1787
342,131,92.07,0.4124828934506354,28,77.6470588235294,106.78787878787878,92.21212121212122,1285,1734,1480,1563,1355,1790
343,120,92.3,0.41292957746478876,28,77.8529411764706,107.03030303030303,92.45454545454545,1290,1739,1485,1566,1357,1793
344,117,92.54,0.4134341906202723,28,78.05882352941177,107.27272727272727,92.72727272727273,1295,1744,1491,1569,1359,1796
345,117,92.78,0.4139017029532227,28,78.29411764705883,107.51515151515152,92.96969696969697,1300,1749,1496,1572,1362,1799
346,107,93.03,0.4144394281414598,28,78.52941176470588,107.78787878787878,93.21212121212122,1305,1755,1501,1575,1365,1802
347,125,93.27,0.4149297737750616,28,78.76470588235294,108.03030303030303,93.45454545454545,1310,1760,1506,1578,1368,1805
348,119,93.51,0.4154176023954657,28,79.0,108.27272727272727,93.6969696969697,1315,1765,1511,1581,1371,1808
349,121,93.73,0.41589352395177637,28,79.23529411764706,108.48484848484848,93.9090909090909,1320,1769,1516,1583,1374,1811
350,111,93.95,0.4163991484832358,28,79.44117647058823,108.6969696969697,94.15151515151516,1324,1773,1522,1585,1377,1814
351,122,94.17,0.4169045343527663,28,79.6470588235294,108.9090909090909,94.39393939393939,1328,1777,1528,1587,1380,1817
352,121,94.39,0.4174096832291556,28,79.8529411764706,109.12121212121212,94.63636363636364,1332,1781,1534,1589,1383,1820
353,113,94.62,0.41792432889452547,28,80.05882352941177,109.33333333333333,94.9090909090909,1336,1785,1540,1592,1386,1823
354,116,94.86,0.418505165507063,28,80.26470588235294,109.57575757575758,95.18181818181819,1341,1789,1546,1595,1388,1827
355,109,95.11,0.4190274419093681,28,80.47058823529412,109.81818181818181,95.48484848484848,1346,1793,1552,1599,1390,1831
356,98,95.37,0.419610988780539,28,80.67647058823529,110.0909090909091,95.78787878787878,1351,1798,1558,1603,1392,1835
357,112,95.59,0.42006799874463857,28,80.82352941176471,110.3030303030303,96.0909090909091,1355,1801,1564,1607,1393,1839
358,109,95.83,0.4205436710842116,28,81.0,110.54545454545455,96.39393939393939,1360,1805,1569,1612,1394,1843
359,100,96.07,0.42101904861038825,28,81.1470588235294,110.81818181818181,96.6969696969697,1364,1810,1574,1617,1395,1847
360,107,96.3,0.4214558670820353,28,81.29411764705883,111.0909090909091,96.96969696969697,1368,1815,1578,1622,1396,1851
361,107,96.54,0.42201574476900766,28,81.44117647058823,111.39393939393939,97.24242424242425,1372,1821,1583,1626,1397,1855
362,98,96.78,0.4225769787146105,28,81.61764705882354,111.66666666666667,97.51515151515152,1377,1826,1588,1630,1398,1859
363,119,97.02,0.42315192743764174,28,81.79411764705883,111.96969696969697,97.75757575757575,1382,1832,1592,1634,1399,1863
364,107,97.23,0.4236027974904865,28,81.94117647058823,112.24242424242425,97.96969696969697,1386,1837,1595,1638,1400,1867
365,104,97.44,0.424076354679803,28,82.05882352941177,112.54545454545455,98.18181818181819,1389,1843,1598,1642,1401,1871
366,110,97.65,0.42455401945724525,28,82.20588235294117,112.81818181818181,98.39393939393939,1393,1848,1601,1646,1402,1875
367,117,97.88,0.42508173273396,28,82.3529411764706,113.12121212121212,98.63636363636364,1397,1854,1605,1650,1403,1879
368,108,98.12,0.4256522625356706,28,82.5,113.42424242424242,98.9090909090909,1401,1860,1610,1654,1404,1883
369,119,98.34,0.4261317876754119,28,82.6470588235294,113.6969696969697,99.15151515151516,1405,1865,1614,1658,1405,1887
370,118,98.56,0.42665381493506493,28,82.76470588235294,113.96969696969697,99.42424242424242,1409,1870,1619,1662,1405,1891
371,123,98.78,0.4271674428021867,28,82.88235294117646,114.27272727272727,99.66666666666667,1413,1876,1623,1666,1405,1895
372,121,99.01,0.4277315422684578,28,83.0,114.57575757575758,99.93939393939394,1417,1882,1628,1670,1405,1899
373,110,99.24,0.4282930270052398,28,83.11764705882354,114.87878787878788,100.21212121212122,1421,1888,1633,1674,1405,1903
374,107,99.45,0.42878330819507293,28,83.23529411764706,115.15151515151516,100.45454545454545,1425,1893,1637,1678,1405,1907
375,110,99.66,0.42926750953241016,28,83.3529411764706,115.45454545454545,100.66666666666667,1429,1899,1640,1682,1405,1911
376,106,99.88,0.4296375650780937,28,83.5,115.75757575757575,100.87878787878788,1434,1905,1643,1686,1405,1915
377,108,100.1,0.430013986013986,28,83.6470588235294,116.06060606060606,101.0909090909091,1439,1911,1646,1690,1405,1919
378,108,100.31,0.4303628750872296,28,83.79411764705883,116.33333333333333,101.3030303030303,1444,1916,1649,1694,1405,1923
379,122,100.53,0.4307878245299911,28,83.94117647058823,116.63636363636364,101.51515151515152,1449,1922,1653,1697,1405,1927
380,126,100.76,0.4312107979356887,28,84.11764705882354,116.93939393939394,101.72727272727273,1454,1928,1657,1700,1406,1931
381,115,100.99,0.4316417467075948,28,84.29411764705883,117.24242424242425,101.93939393939394,1459,1934,1661,1703,1407,1935
382,118,101.2,0.43200395256916996,28,84.47058823529412,117.51515151515152,102.12121212121212,1464,1939,1664,1706,1408,1939
383,115,101.44,0.43236790220820187,28,84.67647058823529,117.81818181818181,102.33333333333333,1470,1945,1668,1709,1409,1943
384,121,101.68,0.4327458693941778,28,84.88235294117646,118.12121212121212,102.54545454545455,1476,1951,1672,1712,1410,1947
385,109,101.92,0.4331357927786499,28,85.08823529411765,118.42424242424242,102.75757575757575,1482,1957,1676,1715,1411,1951
386,112,102.13,0.43352491922060116,28,85.29411764705883,118.6969696969697,102.9090909090909,1488,1962,1679,1717,1412,1955
387,113,102.36,0.4338882375928097,28,85.5,119.0,103.0909090909091,1494,1968,1682,1720,1413,1959
388,99,102.59,0.4342655229554538,28,85.70588235294117,119.3030303030303,103.27272727272727,1500,1974,1685,1723,1414,1963
389,95,102.81,0.43460266511039786,28,85.91176470588235,119.57575757575758,103.45454545454545,1506,1979,1688,1726,1415,1967
390,111,103.04,0.4350019409937888,28,86.11764705882354,119.87878787878788,103.63636363636364,1512,1985,1691,1729,1416,1971
391,109,103.27,0.4354052483780382,28,86.32352941176471,120.15151515151516,103.84848484848484,1518,1990,1695,1732,1417,1975
392,104,103.5,0.4359227053140096,28,86.5,120.42424242424242,104.0909090909091,1523,1995,1700,1735,1418,1979
393,110,103.74,0.4364488143435512,28,86.67647058823529,120.6969696969697,104.36363636363636,1528,2000,1705,1739,1419,1983
394,111,103.97,0.43693661633163416,28,86.8529411764706,120.96969696969697,104.60606060606061,1533,2005,1709,1743,1420,1987
395,109,104.2,0.43747792706333977,28,87.02941176470588,121.27272727272727,104.81818181818181,1538,2011,1713,1746,1421,1991
396,117,104.42,0.43797165294004975,28,87.20588235294117,121.54545454545455,105.03030303030303,1543,2016,1717,1749,1422,1995
397,118,104.65,0.4385064500716675,28,87.38235294117646,121.81818181818181,105.27272727272727,1548,2021,1722,1752,1423,1999
398,110,104.88,0.4390045766590389,28,87.58823529411765,122.06060606060606,105.51515151515152,1553,2025,1727,1755,1425,2003
399,108,105.11,0.4395043287984016,28,87.76470588235294,122.33333333333333,105.75757575757575,1557,2030,1732,1758,1427,2007
400,107,105.33,0.44000284819139845,28,87.94117647058823,122.60606060606061,105.96969696969697,1561,2035,1737,1760,1429,2011
401,104,105.54,0.4404699639946939,28,88.11764705882354,122.84848484848484,106.18181818181819,1565,2040,1742,1762,1431,2014
402,105,105.74,0.4408624929071307,28,88.26470588235294,123.06060606060606,106.42424242424242,1568,2044,1747,1765,1433,2017
403,101,105.93,0.4412470499386387,28,88.38235294117646,123.27272727272727,106.66666666666667,1571,2048,1752,1768,1434,2020
404,99,106.13,0.44163667200603035,28,88.5,123.48484848484848,106.93939393939394,1574,2052,1757,1772,1435,2023
405,111,106.34,0.44203122061312766,28,88.61764705882354,123.6969696969697,107.24242424242425,1577,2056,1762,1777,1436,2026
406,113,106.56,0.4424192942942943,28,88.73529411764706,123.93939393939394,107.54545454545455,1580,2061,1767,1782,1437,2029
407,97,106.78,0.44281326091028284,28,88.8529411764706,124.18181818181819,107.84848484848484,1583,2066,1772,1787,1438,2032
408,90,107.0,0.4432056074766355,28,88.97058823529412,124.42424242424242,108.15151515151516,1586,2071,1777,1792,1439,2035
409,100,107.2,0.4435503731343284,28,89.08823529411765,124.63636363636364,108.42424242424242,1589,2075,1782,1796,1440,2038
410,101,107.4,0.44390130353817503,28,89.23529411764706,124.81818181818181,108.6969696969697,1593,2078,1787,1800,1441,2041
411,95,107.61,0.444320230461853,28,89.41176470588235,125.03030303030303,108.93939393939394,1598,2082,1792,1803,1442,2044
412,100,107.83,0.4447918019104145,28,89.58823529411765,125.27272727272727,109.18181818181819,1603,2087,1797,1806,1443,2047
413,90,108.05,0.4452614530310041,28,89.76470588235294,125.51515151515152,109.42424242424242,1608,2092,1802,1809,1444,2050
414,93,108.26,0.4456863107334195,28,89.94117647058823,125.72727272727273,109.66666666666667,1613,2096,1807,1812,1445,2053
415,104,108.48,0.44604351032448375,28,90.11764705882354,125.96969696969697,109.9090909090909,1618,2100,1812,1815,1446,2057
416,90,108.71,0.44643639039646765,28,90.29411764705883,126.24242424242425,110.15151515151516,1623,2104,1817,1818,1447,2062
417,88,108.94,0.4468349550211126,28,90.47058823529412,126.51515151515152,110.39393939393939,1628,2108,1822,1821,1448,2067
418,88,109.15,0.44728263857077416,28,90.6470588235294,126.72727272727273,110.63636363636364,1632,2112,1827,1824,1450,2070
419,91,109.33,0.4476877343821458,28,90.79411764705883,126.87878787878788,110.87878787878788,1636,2116,1832,1827,1451,2071
420,89,109.53,0.44815940838126544,28,90.97058823529412,127.06060606060606,111.12121212121212,1641,2120,1837,1830,1452,2073
421,87,109.73,0.44856374737993254,28,91.1470588235294,127.27272727272727,111.33333333333333,1646,2124,1841,1833,1453,2076
422,86,109.95,0.44898135516143706,28,91.3529411764706,127.51515151515152,111.54545454545455,1651,2128,1845,1836,1455,2080
423,87,110.18,0.4494463605009984,28,91.55882352941177,127.75757575757575,111.78787878787878,1656,2132,1850,1839,1457,2084
424,90,110.42,0.44984423111755123,28,91.76470588235294,128.03030303030303,112.03030303030303,1661,2136,1855,1842,1459,2089
425,84,110.66,0.45028375203325505,28,92.0,128.27272727272728,112.27272727272727,1666,2140,1860,1845,1462,2093
426,87,110.87,0.45070352665283664,28,92.1470588235294,128.5151515151515,112.51515151515152,1669,2144,1865,1848,1464,2097
427,80,111.06,0.4510877003421574,28,92.26470588235294,128.75757575757575,112.72727272727273,1671,2148,1870,1850,1466,2101
428,77,111.27,0.4514972589197448,28,92.38235294117646,129.0,113.0,1673,2152,1876,1853,1468,2105
429,81,111.5,0.4518816143497758,28,92.52941176470588,129.27272727272728,113.27272727272727,1676,2156,1882,1856,1470,2110
430,72,111.71,0.4522826962671202,28,92.67647058823529,129.54545454545453,113.48484848484848,1679,2160,1887,1858,1472,2115
431,74,111.9,0.45272564789991065,28,92.82352941176471,129.75757575757575,113.6969696969697,1682,2164,1892,1860,1474,2118
432,76,112.09,0.45313498081898473,28,92.97058823529412,129.93939393939394,113.93939393939394,1685,2168,1898,1862,1476,2120
433,75,112.28,0.4535678660491628,28,93.11764705882354,130.12121212121212,114.18181818181819,1688,2173,1904,1864,1478,2121
434,67,112.48,0.4538869132290185,28,93.26470588235294,130.3030303030303,114.45454545454545,1691,2178,1910,1867,1480,2122
435,79,112.66,0.45414521569323624,28,93.38235294117646,130.45454545454547,114.72727272727273,1693,2182,1916,1870,1482,2123
436,84,112.85,0.45442002658396097,28,93.52941176470588,130.6060606060606,115.0,1696,2186,1922,1873,1484,2124
437,87,113.06,0.4547019281797276,28,93.73529411764706,130.75757575757575,115.27272727272727,1700,2190,1928,1876,1487,2125
438,92,113.28,0.4550264830508475,28,93.94117647058823,130.93939393939394,115.54545454545455,1704,2195,1934,1879,1490,2126
439,88,113.5,0.4553550660792951,28,94.1470588235294,131.12121212121212,115.81818181818181,1708,2200,1940,1882,1493,2127
440,81,113.72,0.455684136475554,28,94.3529411764706,131.3030303030303,116.0909090909091,1712,2205,1946,1885,1496,2128
441,97,113.92,0.4559849016853933,28,94.55882352941177,131.4848484848485,116.3030303030303,1716,2210,1950,1888,1499,2129
442,93,114.14,0.4562204310495882,28,94.79411764705883,131.66666666666666,116.54545454545455,1720,2215,1955,1891,1503,2130
443,90,114.35,0.4564486226497595,28,95.0,131.87878787878788,116.75757575757575,1724,2220,1959,1894,1506,2132
444,98,114.57,0.45670856245090335,28,95.20588235294117,132.0909090909091,117.0,1728,2225,1964,1897,1509,2134
445,96,114.8,0.45698954703832756,28,95.41176470588235,132.33333333333334,117.24242424242425,1732,2230,1969,1900,1512,2137
446,84,115.04,0.45725660639777466,28,95.61764705882354,132.6060606060606,117.48484848484848,1736,2235,1974,1903,1515,2141
447,86,115.26,0.45749262536873153,28,95.82352941176471,132.87878787878788,117.66666666666667,1740,2240,1978,1905,1518,2145
448,79,115.48,0.45771388985105643,28,96.02941176470588,133.15151515151516,117.84848484848484,1744,2245,1982,1907,1521,2149
449,77,115.68,0.45792531120331953,28,96.23529411764706,133.3939393939394,118.0,1748,2250,1985,1909,1524,2152
450,84,115.88,0.45810838798757336,28,96.38235294117646,133.63636363636363,118.21212121212122,1751,2255,1989,1912,1526,2155
451,76,116.08,0.4582942798070297,28,96.52941176470588,133.87878787878788,118.42424242424242,1754,2260,1993,1915,1528,2158
452,77,116.28,0.4586154110767114,28,96.70588235294117,134.12121212121212,118.60606060606061,1758,2265,1997,1917,1530,2161
453,87,116.48,0.4589010989010989,28,96.91176470588235,134.36363636363637,118.75757575757575,1762,2270,2000,1919,1533,2164
454,83,116.7,0.45925792630676954,28,97.11764705882354,134.6060606060606,118.96969696969697,1766,2275,2005,1921,1536,2167
455,74,116.91,0.4596039688649388,28,97.32352941176471,134.84848484848484,119.15151515151516,1769,2280,2010,1922,1540,2170
456,76,117.1,0.45988385994876174,28,97.5,135.06060606060606,119.33333333333333,1771,2284,2015,1923,1544,2173
457,73,117.28,0.46010572987721693,28,97.70588235294117,135.3030303030303,119.42424242424242,1774,2289,2017,1924,1548,2176
458,75,117.47,0.4603549842512982,28,97.88235294117646,135.54545454545453,119.57575757575758,1776,2294,2021,1925,1552,2179
459,76,117.67,0.4605957338319028,28,98.08823529411765,135.8181818181818,119.6969696969697,1779,2300,2025,1925,1556,2182
460,75,117.86,0.4608297980655014,28,98.29411764705883,136.06060606060606,119.81818181818181,1782,2305,2029,1925,1560,2185
461,83,118.05,0.4610241423125794,28,98.52941176470588,136.33333333333334,119.87878787878788,1786,2311,2031,1925,1564,2188
462,72,118.25,0.46126088794926007,28,98.76470588235294,136.6060606060606,119.96969696969697,1790,2317,2034,1925,1568,2191
463,77,118.44,0.46146065518405943,28,98.94117647058823,136.84848484848484,120.12121212121212,1792,2322,2038,1926,1572,2194
464,79,118.63,0.46169350080080923,28,99.08823529411765,137.0909090909091,120.3030303030303,1794,2327,2043,1927,1575,2197
465,80,118.8,0.46186363636363637,28,99.23529411764706,137.33333333333334,120.42424242424242,1796,2332,2046,1928,1578,2200
466,84,118.97,0.46209716735311424,28,99.3529411764706,137.54545454545453,120.60606060606061,1798,2337,2051,1929,1580,2202
467,85,119.14,0.462333389289911,28,99.47058823529412,137.75757575757575,120.78787878787878,1800,2342,2056,1930,1582,2204
468,80,119.31,0.4625823485038974,28,99.58823529411765,137.96969696969697,120.96969696969697,1802,2347,2061,1931,1584,2206
469,86,119.46,0.46277080194207265,28,99.70588235294117,138.1818181818182,121.0909090909091,1804,2352,2064,1932,1586,2208
470,85,119.62,0.4629928105667948,28,99.82352941176471,138.3939393939394,121.24242424242425,1806,2357,2068,1933,1588,2210
471,78,119.78,0.4632142260811488,28,99.94117647058823,138.6060606060606,121.39393939393939,1808,2362,2072,1934,1590,2212
472,74,119.94,0.4634367183591796,28,100.05882352941177,138.8181818181818,121.54545454545455,1810,2367,2076,1935,1592,2214
473,78,120.08,0.46359926715522987,28,100.17647058823529,139.03030303030303,121.63636363636364,1812,2372,2078,1936,1594,2216
474,75,120.23,0.4637985527738501,28,100.29411764705883,139.24242424242425,121.75757575757575,1814,2377,2081,1937,1596,2218
475,77,120.39,0.4640260819004901,28,100.41176470588235,139.45454545454547,121.9090909090909,1816,2382,2085,1938,1598,2220
476,83,120.54,0.46420939107350256,28,100.52941176470588,139.63636363636363,122.06060606060606,1818,2386,2089,1939,1600,2222
477,79,120.7,0.4644440762220381,28,100.6470588235294,139.84848484848484,122.21212121212122,1820,2391,2093,1940,1602,2224
478,84,120.86,0.4646797948039053,28,100.76470588235294,140.06060606060606,122.36363636363636,1822,2396,2097,1941,1604,2226
479,85,121.03,0.46495827480789886,28,100.91176470588235,140.27272727272728,122.51515151515152,1825,2401,2101,1942,1606,2228
480,80,121.2,0.46524257425742577,28,101.05882352941177,140.4848484848485,122.66666666666667,1828,2406,2105,1943,1608,2230
481,82,121.36,0.4655273566249176,28,101.20588235294117,140.6969696969697,122.78787878787878,1831,2411,2108,1944,1610,2232
482,84,121.52,0.4658130348913759,28,101.3529411764706,140.9090909090909,122.9090909090909,1834,2416,2111,1945,1612,2234
483,80,121.68,0.4661028928336621,28,101.5,141.12121212121212,123.03030303030303,1837,2421,2114,1946,1614,2236
484,91,121.84,0.46639363099146425,28,101.6470588235294,141.33333333333334,123.15151515151516,1840,2426,2117,1947,1616,2238
485,90,122.0,0.4666868852459017,28,101.79411764705883,141.54545454545453,123.27272727272727,1843,2431,2120,1948,1618,2240
486,80,122.16,0.466981008513425,28,101.94117647058823,141.75757575757575,123.39393939393939,1846,2436,2123,1949,1620,2242
487,83,122.31,0.46729049137437656,28,102.08823529411765,141.93939393939394,123.51515151515152,1849,2441,2126,1950,1622,2243
488,96,122.45,0.4675745202123316,28,102.23529411764706,142.12121212121212,123.60606060606061,1852,2446,2128,1951,1624,2244
489,90,122.6,0.4678825448613377,28,102.38235294117646,142.3030303030303,123.72727272727273,1855,2451,2131,1952,1626,2245
490,87,122.75,0.468189816700611,28,102.52941176470588,142.4848484848485,123.84848484848484,1858,2456,2134,1953,1628,2246
491,90,122.9,0.4684995931651749,28,102.67647058823529,142.66666666666666,123.96969696969697,1861,2461,2137,1954,1630,2247
492,90,123.05,0.46873384802925644,28,102.8529411764706,142.84848484848484,124.06060606060606,1865,2466,2139,1955,1632,2248
493,92,123.21,0.4689562535508482,28,103.02941176470588,143.06060606060606,124.15151515151516,1869,2471,2141,1956,1634,2250
494,88,123.37,0.46918294561076435,28,103.20588235294117,143.27272727272728,124.24242424242425,1873,2476,2143,1957,1636,2252
495,82,123.52,0.4694543393782384,28,103.3529411764706,143.4848484848485,124.33333333333333,1876,2481,2145,1958,1638,2254
496,91,123.67,0.4697153715533274,28,103.5,143.6969696969697,124.42424242424242,1879,2486,2147,1959,1640,2256
497,93,123.83,0.47001292093999836,28,103.6470588235294,143.9090909090909,124.54545454545455,1882,2491,2150,1960,1642,2258
498,89,123.99,0.47031292846197276,28,103.79411764705883,144.12121212121212,124.66666666666667,1885,2496,2153,1961,1644,2260
499,96,124.13,0.4705478127769274,28,103.94117647058823,144.3030303030303,124.75757575757575,1888,2500,2155,1962,1646,2262
500,97,124.3,0.4708849557522124,28,104.08823529411765,144.54545454545453,124.87878787878788,1891,2506,2158,1963,1648,2264
501,107,124.47,0.47122278460673256,28,104.23529411764706,144.78787878787878,125.0,1894,2512,2161,1964,1650,2266
502,105,124.64,0.47156129653401796,28,104.38235294117646,145.03030303030303,125.12121212121212,1897,2518,2164,1965,1652,2268
503,102,124.79,0.47182867216924435,28,104.52941176470588,145.24242424242425,125.21212121212122,1900,2523,2166,1966,1654,2270
504,97,124.96,0.4721254801536492,28,104.67647058823529,145.4848484848485,125.33333333333333,1903,2529,2168,1968,1656,2272
505,104,125.13,0.4724214816590746,28,104.82352941176471,145.72727272727272,125.45454545454545,1906,2535,2170,1970,1658,2274
506,99,125.3,0.4727182761372706,28,104.97058823529412,145.96969696969697,125.57575757575758,1909,2541,2172,1972,1660,2276
507,92,125.46,0.4729746532759445,28,105.11764705882354,146.1818181818182,125.6969696969697,1912,2546,2174,1974,1662,2278
508,108,125.63,0.4732699196051898,28,105.26470588235294,146.42424242424244,125.81818181818181,1915,2552,2176,1976,1664,2280
509,97,125.8,0.4735453100158983,28,105.41176470588235,146.66666666666666,125.93939393939394,1918,2558,2177,1979,1666,2282
510,86,125.97,0.4738215448122569,28,105.55882352941177,146.9090909090909,126.06060606060606,1921,2564,2178,1982,1668,2284
511,94,126.13,0.47405930389280904,28,105.70588235294117,147.12121212121212,126.18181818181819,1924,2569,2179,1985,1670,2286
512,89,126.3,0.47430562153602535,28,105.8529411764706,147.36363636363637,126.3030303030303,1927,2574,2180,1988,1672,2289
513,78,126.47,0.4745512769826836,28,106.0,147.6060606060606,126.42424242424242,1930,2579,2181,1991,1674,2292
514,77,126.63,0.47476664297559823,28,106.1470588235294,147.8181818181818,126.54545454545455,1933,2583,2182,1994,1676,2295
515,78,126.8,0.4750141955835962,28,106.29411764705883,148.03030303030303,126.6969696969697,1936,2587,2184,1997,1678,2298
516,75,126.95,0.47523670736510437,28,106.44117647058823,148.1818181818182,126.84848484848484,1939,2590,2186,2000,1680,2300
517,82,127.12,0.4755317809943361,28,106.58823529411765,148.3939393939394,127.0,1942,2595,2188,2003,1682,2302
518,93,127.28,0.4758422375864237,28,106.70588235294117,148.57575757575756,127.18181818181819,1945,2600,2191,2006,1683,2303
519,89,127.44,0.4761456371625863,28,106.8529411764706,148.75757575757575,127.33333333333333,1948,2605,2194,2008,1685,2304
520,93,127.61,0.4763788104380534,28,107.0,148.93939393939394,127.51515151515152,1951,2610,2197,2011,1687,2305
521,94,127.78,0.4767115354515574,28,107.1470588235294,149.15151515151516,127.66666666666667,1954,2616,2200,2013,1689,2306
522,93,127.97,0.4768859889036493,28,107.29411764705883,149.36363636363637,127.87878787878788,1957,2622,2203,2017,1691,2307
523,94,128.14,0.4770969252380209,28,107.41176470588235,149.57575757575756,128.06060606060606,1959,2628,2206,2020,1693,2308
524,100,128.32,0.4773379052369077,28,107.55882352941177,149.8181818181818,128.21212121212122,1962,2634,2209,2022,1695,2310
525,93,128.51,0.4775791767177652,28,107.70588235294117,150.06060606060606,128.3939393939394,1965,2640,2213,2024,1697,2312
526,92,128.7,0.4778259518259518,28,107.8529411764706,150.3030303030303,128.57575757575756,1968,2646,2217,2026,1699,2314
527,94,128.89,0.47811234385910467,28,108.0,150.54545454545453,128.75757575757575,1971,2652,2221,2028,1701,2316
528,92,129.09,0.47839724223410024,28,108.17647058823529,150.78787878787878,128.93939393939394,1974,2658,2225,2030,1704,2318
529,84,129.29,0.4786843530048728,28,108.3529411764706,151.03030303030303,129.12121212121212,1977,2664,2229,2032,1707,2320
530,81,129.5,0.47895752895752897,28,108.55882352941177,151.27272727272728,129.3030303030303,1980,2670,2233,2034,1711,2322
531,88,129.67,0.47914937919333694,28,108.67647058823529,151.5151515151515,129.45454545454547,1981,2676,2236,2036,1714,2324
532,80,129.87,0.4793277893277893,28,108.82352941176471,151.75757575757575,129.66666666666666,1983,2682,2240,2039,1717,2326
533,76,130.06,0.4795725049976934,28,108.97058823529412,152.0,129.84848484848484,1985,2688,2244,2041,1720,2328
534,75,130.25,0.47981804222648755,28,109.11764705882354,152.24242424242425,130.03030303030303,1987,2694,2248,2043,1723,2330
535,74,130.41,0.4799900314393068,28,109.23529411764706,152.4848484848485,130.15151515151516,1988,2700,2250,2045,1726,2332
536,79,130.57,0.48023818641341814,28,109.32352941176471,152.6969696969697,130.33333333333334,1989,2706,2254,2047,1728,2333
537,82,130.75,0.4805055449330784,28,109.47058823529412,152.9090909090909,130.5151515151515,1991,2712,2258,2049,1731,2334
538,76,130.93,0.48077369586802104,28,109.61764705882354,153.12121212121212,130.6969696969697,1993,2718,2262,2051,1734,2335
539,77,131.1,0.48102212051868803,28,109.76470588235294,153.33333333333334,130.84848484848484,1995,2724,2265,2053,1737,2336
540,83,131.25,0.48125028571428574,28,109.88235294117646,153.5151515151515,131.0,1997,2729,2268,2055,1739,2337
541,75,131.42,0.48151575102724087,28,110.0,153.75757575757575,131.15151515151516,1999,2735,2271,2057,1741,2339
542,82,131.59,0.48178357018010487,28,110.11764705882354,154.0,131.3030303030303,2001,2741,2274,2059,1743,2341
543,77,131.76,0.4820506982392228,28,110.23529411764706,154.24242424242425,131.45454545454547,2003,2747,2277,2061,1745,2343
544,73,131.92,0.48229229836264403,28,110.3529411764706,154.4848484848485,131.57575757575756,2005,2753,2279,2063,1747,2345
545,74,132.09,0.48256416079945486,28,110.47058823529412,154.72727272727272,131.72727272727272,2007,2759,2282,2065,1749,2347
546,69,132.26,0.48283683653409953,28,110.58823529411765,154.96969696969697,131.87878787878788,2009,2765,2285,2067,1751,2349
547,66,132.41,0.4830805830375349,28,110.70588235294117,155.15151515151516,132.03030303030303,2011,2770,2288,2069,1753,2350
548,75,132.56,0.48329360289680146,28,110.82352941176471,155.36363636363637,132.15151515151516,2013,2775,2290,2071,1755,2352
549,69,132.71,0.4835317609825936,28,110.94117647058823,155.57575757575756,132.27272727272728,2015,2780,2293,2072,1757,2354
550,66,132.86,0.48377389733554116,28,111.05882352941177,155.78787878787878,132.3939393939394,2017,2785,2296,2073,1759,2356
551,76,133.0,0.48399248120300753,28,111.17647058823529,156.0,132.4848484848485,2019,2790,2298,2074,1761,2358
552,72,133.16,0.4842700510663863,28,111.32352941176471,156.21212121212122,132.6060606060606,2022,2795,2301,2075,1763,2360
553,72,133.31,0.484573550371315,28,111.47058823529412,156.42424242424244,132.6969696969697,2025,2800,2304,2075,1765,2362
554,80,133.47,0.48487974825803554,28,111.61764705882354,156.63636363636363,132.8181818181818,2028,2805,2307,2076,1767,2364
555,69,133.64,0.4851736007183478,28,111.79411764705883,156.84848484848484,132.93939393939394,2031,2810,2310,2077,1770,2366
556,69,133.79,0.4854196875700725,28,111.94117647058823,157.06060606060606,133.03030303030303,2034,2815,2312,2078,1772,2368
557,78,133.94,0.48569508735254596,28,112.08823529411765,157.24242424242425,133.15151515151516,2037,2820,2315,2079,1774,2369
558,69,134.09,0.4859698709821762,28,112.23529411764706,157.42424242424244,133.27272727272728,2040,2825,2318,2080,1776,2370
559,60,134.24,0.4862455303933254,28,112.38235294117646,157.6060606060606,133.3939393939394,2043,2830,2321,2081,1778,2371
560,77,134.37,0.4864590310337129,28,112.52941176470588,157.75757575757575,133.4848484848485,2046,2834,2323,2082,1780,2372
561,72,134.51,0.48669764329789605,28,112.67647058823529,157.9090909090909,133.6060606060606,2049,2838,2326,2083,1782,2373
562,67,134.65,0.4869372447085036,28,112.82352941176471,158.06060606060606,133.72727272727272,2052,2842,2329,2084,1784,2374
563,68,134.79,0.4871778321833964,28,112.97058823529412,158.21212121212122,133.84848484848484,2055,2846,2332,2085,1786,2375
564,72,134.93,0.487417920403172,28,113.11764705882354,158.36363636363637,133.96969696969697,2058,2850,2335,2086,1788,2376
565,64,135.07,0.48765751092026355,28,113.26470588235294,158.5151515151515,134.0909090909091,2061,2854,2338,2087,1790,2377
566,65,135.21,0.4878980844612085,28,113.41176470588235,158.66666666666666,134.21212121212122,2064,2858,2341,2088,1792,2378
567,67,135.34,0.48812915619920205,28,113.52941176470588,158.8181818181818,134.33333333333334,2067,2862,2344,2089,1793,2379
568,60,135.47,0.48835978445412265,28,113.6470588235294,158.96969696969697,134.45454545454547,2070,2866,2347,2090,1794,2380
569,62,135.6,0.4885914454277286,28,113.76470588235294,159.12121212121212,134.57575757575756,2073,2870,2350,2091,1795,2381
570,65,135.72,0.4888343648688476,28,113.8529411764706,159.27272727272728,134.6969696969697,2076,2874,2353,2092,1795,2382
571,59,135.84,0.48907685512367494,28,113.94117647058823,159.42424242424244,134.8181818181818,2079,2878,2356,2093,1795,2383
572,62,135.96,0.4893189173286261,28,114.02941176470588,159.57575757575756,134.93939393939394,2082,2882,2359,2094,1795,2384
573,65,136.08,0.48956055261610815,28,114.11764705882354,159.72727272727272,135.06060606060606,2085,2886,2362,2095,1795,2385
574,58,136.21,0.48979003010058003,28,114.23529411764706,159.87878787878788,135.1818181818182,2088,2890,2365,2096,1796,2386
575,60,136.34,0.49002347073492736,28,114.3529411764706,160.03030303030303,135.3030303030303,2091,2894,2368,2097,1797,2387
576,63,136.46,0.49026821046460506,28,114.44117647058823,160.1818181818182,135.42424242424244,2094,2898,2371,2098,1797,2388
577,60,136.58,0.4905125201347196,28,114.52941176470588,160.33333333333334,135.54545454545453,2097,2902,2374,2099,1797,2389
578,68,136.71,0.4907899934167215,28,114.61764705882354,160.5151515151515,135.66666666666666,2100,2907,2377,2100,1797,2390
579,76,136.84,0.49106840105232386,28,114.70588235294117,160.6969696969697,135.78787878787878,2103,2912,2380,2101,1797,2391
580,75,136.97,0.49134920055486603,28,114.79411764705883,160.87878787878788,135.9090909090909,2106,2917,2383,2102,1797,2392
581,83,137.1,0.49162946754194015,28,114.88235294117646,161.06060606060606,136.03030303030303,2109,2922,2386,2103,1797,2393
582,82,137.23,0.4919092035269256,28,114.97058823529412,161.24242424242425,136.15151515151516,2112,2927,2389,2104,1797,2394
583,80,137.37,0.492170779646211,28,115.05882352941177,161.42424242424244,136.3030303030303,2115,2932,2392,2106,1797,2395
584,90,137.51,0.4924318231401352,28,115.1470588235294,161.6060606060606,136.45454545454547,2118,2937,2395,2108,1797,2396
585,91,137.65,0.49269378859426083,28,115.23529411764706,161.78787878787878,136.6060606060606,2121,2942,2398,2110,1797,2397
586,80,137.79,0.4929552217142028,28,115.32352941176471,161.96969696969697,136.75757575757575,2124,2947,2401,2112,1797,2398
587,84,137.93,0.4932161241209309,28,115.41176470588235,162.15151515151516,136.9090909090909,2127,2952,2404,2114,1797,2399
588,97,138.07,0.4934764974288404,28,115.5,162.33333333333334,137.06060606060606,2130,2957,2407,2116,1797,2400
589,96,138.23,0.4936837155465528,28,115.6470588235294,162.5151515151515,137.21212121212122,2134,2962,2410,2118,1798,2401
590,95,138.39,0.4938962352771154,28,115.79411764705883,162.6969696969697,137.36363636363637,2138,2967,2413,2120,1799,2402
591,88,138.55,0.494112594731144,28,115.94117647058823,162.87878787878788,137.5151515151515,2142,2972,2416,2122,1800,2403
592,102,138.71,0.49432989690721646,28,116.08823529411765,163.06060606060606,137.66666666666666,2146,2977,2419,2124,1801,2404
593,106,138.88,0.4945406105990784,28,116.23529411764706,163.27272727272728,137.8181818181818,2150,2982,2422,2126,1802,2406
594,95,139.05,0.49475224739302415,28,116.38235294117646,163.4848484848485,137.96969696969697,2154,2987,2425,2128,1803,2408
595,90,139.22,0.49496480390748454,28,116.52941176470588,163.6969696969697,138.12121212121212,2158,2992,2428,2130,1804,2410
596,91,139.39,0.4951782767773871,28,116.67647058823529,163.9090909090909,138.27272727272728,2162,2997,2431,2132,1805,2412
597,89,139.56,0.49539266265405557,28,116.82352941176471,164.12121212121212,138.42424242424244,2166,3002,2434,2134,1806,2414
598,89,139.74,0.49564190639759553,28,116.97058823529412,164.36363636363637,138.57575757575756,2170,3008,2437,2136,1807,2416
599,98,139.92,0.4958933676386506,28,117.11764705882354,164.6060606060606,138.72727272727272,2174,3014,2440,2138,1808,2418
600,98,140.1,0.49614418272662386,28,117.26470588235294,164.84848484848484,138.87878787878788,2178,3020,2443,2140,1809,2420
601,95,140.28,0.49639577986883376,28,117.41176470588235,165.0909090909091,139.03030303030303,2182,3026,2446,2142,1810,2422
602,113,140.46,0.4966510038445109,28,117.55882352941177,165.33333333333334,139.1818181818182,2186,3032,2449,2144,1811,2424
603,107,140.64,0.49690557451649603,28,117.70588235294117,165.57575757575756,139.33333333333334,2190,3038,2452,2146,1812,2426
604,115,140.83,0.49714762479585317,28,117.8529411764706,165.84848484848484,139.4848484848485,2194,3044,2455,2148,1813,2429
605,117,141.02,0.49739185931073604,28,118.0,166.12121212121212,139.63636363636363,2198,3050,2458,2150,1814,2432
606,110,141.21,0.4976382692443878,28,118.1470588235294,166.3939393939394,139.78787878787878,2202,3056,2461,2152,1815,2435
607,105,141.41,0.4978763878085001,28,118.32352941176471,166.66666666666666,139.93939393939394,2206,3062,2464,2154,1817,2438
608,113,141.6,0.49813135593220337,28,118.5,166.93939393939394,140.06060606060606,2210,3068,2467,2155,1819,2441
609,113,141.78,0.4983961066440965,28,118.67647058823529,167.1818181818182,140.1818181818182,2214,3074,2470,2156,1821,2443
610,113,141.96,0.49866018596787826,28,118.8529411764706,167.42424242424244,140.3030303030303,2218,3080,2473,2157,1823,2445
611,106,142.15,0.49892296869504044,28,119.02941176470588,167.66666666666666,140.45454545454547,2222,3086,2476,2159,1825,2447
612,111,142.34,0.49918504988056767,28,119.20588235294117,167.9090909090909,140.6060606060606,2226,3092,2479,2161,1827,2449
613,110,142.53,0.4994478355433944,28,119.38235294117646,168.15151515151516,140.75757575757575,2230,3098,2482,2163,1829,2451
614,115,142.72,0.49970992152466365,28,119.55882352941177,168.3939393939394,140.9090909090909,2234,3104,2485,2165,1831,2453
615,117,142.91,0.4999713106150724,28,119.73529411764706,168.63636363636363,141.06060606060606,2238,3110,2488,2167,1833,2455
616,115,143.11,0.5002145202990707,28,119.94117647058823,168.87878787878788,141.21212121212122,2242,3116,2491,2169,1836,2457
617,112,143.32,0.500466089868825,28,120.17647058823529,169.12121212121212,141.36363636363637,2247,3122,2494,2171,1839,2459
618,127,143.53,0.5007169232912979,28,120.41176470588235,169.36363636363637,141.5151515151515,2252,3128,2497,2173,1842,2461
619,118,143.74,0.5009684151941005,28,120.6470588235294,169.6060606060606,141.66666666666666,2257,3134,2500,2175,1845,2463
620,115,143.95,0.5012205626953804,28,120.88235294117646,169.84848484848484,141.8181818181818,2262,3140,2503,2177,1848,2465
621,122,144.15,0.5014491848768644,28,121.11764705882354,170.0909090909091,141.93939393939394,2267,3146,2505,2179,1851,2467
622,108,144.35,0.5016771735365431,28,121.3529411764706,170.33333333333334,142.06060606060606,2272,3152,2507,2181,1854,2469
623,109,144.55,0.5019059149083361,28,121.58823529411765,170.57575757575756,142.1818181818182,2277,3158,2509,2183,1857,2471
624,122,144.75,0.5021671848013817,28,121.79411764705883,170.8181818181818,142.33333333333334,2282,3164,2512,2185,1859,2473
625,114,144.95,0.5024277337012762,28,122.0,171.06060606060606,142.4848484848485,2287,3170,2515,2187,1861,2475
626,111,145.16,0.5026219344171948,28,122.20588235294117,171.3030303030303,142.66666666666666,2292,3176,2518,2190,1863,2477
627,98,145.38,0.5028091897097262,28,122.44117647058823,171.54545454545453,142.84848484848484,2297,3182,2521,2193,1866,2479
628,111,145.58,0.5030539909328204,28,122.6470588235294,171.78787878787878,143.0,2301,3188,2524,2195,1869,2481
629,120,145.79,0.5033068111667467,28,122.88235294117646,172.03030303030303,143.15151515151516,2306,3194,2527,2197,1872,2483
630,120,146.0,0.5035602739726027,28,123.11764705882354,172.27272727272728,143.3030303030303,2311,3200,2530,2199,1875,2485
631,117,146.21,0.5038130086861363,28,123.3529411764706,172.5151515151515,143.45454545454547,2316,3206,2533,2201,1878,2487
632,115,146.41,0.5040427566423058,28,123.55882352941177,172.75757575757575,143.6060606060606,2320,3212,2536,2203,1881,2489
633,123,146.63,0.5043026665757349,28,123.82352941176471,173.0,143.75757575757575,2325,3218,2539,2205,1885,2491
634,113,146.85,0.5045631596867551,28,124.08823529411765,173.24242424242425,143.9090909090909,2330,3224,2542,2207,1889,2493
635,100,147.07,0.5048242333582648,28,124.3529411764706,173.4848484848485,144.06060606060606,2335,3230,2545,2209,1893,2495
636,101,147.27,0.5050879337271678,28,124.58823529411765,173.72727272727272,144.1818181818182,2339,3236,2548,2210,1897,2497
637,104,147.48,0.5053173311635476,28,124.8529411764706,173.96969696969697,144.3030303030303,2343,3242,2551,2211,1902,2499
638,102,147.68,0.5055579631635969,28,125.08823529411765,174.21212121212122,144.42424242424244,2347,3248,2554,2212,1906,2501
639,103,147.88,0.505799296727076,28,125.32352941176471,174.45454545454547,144.54545454545453,2351,3254,2557,2213,1910,2503
640,101,148.08,0.5060399783900594,28,125.55882352941177,174.6969696969697,144.66666666666666,2355,3260,2560,2214,1914,2505
641,93,148.28,0.5062827083895334,28,125.79411764705883,174.93939393939394,144.78787878787878,2359,3266,2563,2215,1918,2507
642,100,148.48,0.5065274784482758,28,126.02941176470588,175.1818181818182,144.9090909090909,2363,3272,2566,2216,1922,2509
643,99,148.67,0.5067875159749782,28,126.23529411764706,175.42424242424244,145.03030303030303,2367,3278,2569,2217,1925,2511
644,100,148.87,0.5070618660576343,28,126.47058823529412,175.66666666666666,145.15151515151516,2371,3284,2572,2218,1929,2513
645,96,149.06,0.5073285925130819,28,126.70588235294117,175.9090909090909,145.24242424242425,2375,3290,2574,2219,1933,2515
646,86,149.25,0.5075973199329983,28,126.94117647058823,176.15151515151516,145.33333333333334,2379,3296,2576,2220,1937,2517
647,88,149.44,0.5078800856531049,28,127.1470588235294,176.3939393939394,145.45454545454547,2383,3302,2579,2221,1940,2519
648,86,149.64,0.5081542368350709,28,127.38235294117646,176.63636363636363,145.57575757575756,2387,3308,2582,2222,1944,2521
649,78,149.84,0.5084329951948745,28,127.61764705882354,176.87878787878788,145.6969696969697,2391,3314,2585,2223,1948,2523
650,80,150.03,0.5086709324801706,28,127.8529411764706,177.0909090909091,145.8181818181818,2396,3319,2588,2224,1951,2525
651,86,150.21,0.5088842287464217,28,128.08823529411765,177.3030303030303,145.9090909090909,2401,3324,2590,2225,1954,2527
652,76,150.4,0.5091436170212765,28,128.3235294117647,177.54545454545453,146.0,2406,3330,2592,2226,1957,2529
653,77,150.6,0.5094116865869853,28,128.55882352941177,177.78787878787878,146.12121212121212,2411,3336,2595,2227,1960,2531
654,78,150.77,0.5096935729919746,28,128.7058823529412,178.03030303030303,146.24242424242425,2415,3342,2598,2228,1961,2533
655,74,150.93,0.5099231431789572,28,128.88235294117646,178.24242424242425,146.33333333333334,2420,3347,2600,2229,1962,2535
656,75,151.1,0.5101482461945731,28,129.08823529411765,178.45454545454547,146.42424242424244,2425,3352,2602,2230,1964,2537
657,73,151.27,0.5103754875388379,28,129.2941176470588,178.66666666666666,146.5151515151515,2430,3357,2604,2231,1966,2539
658,66,151.43,0.5106022584692598,28,129.47058823529412,178.87878787878788,146.6060606060606,2434,3362,2606,2232,1968,2541
659,66,151.58,0.5107797862514843,28,129.6764705882353,179.06060606060606,146.66666666666666,2439,3366,2607,2233,1970,2543
660,75,151.73,0.5109516905028669,28,129.88235294117646,179.24242424242425,146.72727272727272,2444,3370,2608,2234,1972,2545
661,71,151.89,0.511154783066693,28,130.08823529411765,179.45454545454547,146.78787878787878,2449,3375,2609,2235,1974,2547
662,74,152.04,0.5113588529334385,28,130.26470588235293,179.66666666666666,146.84848484848484,2453,3380,2610,2236,1976,2549
663,74,152.22,0.5115530153724872,28,130.47058823529412,179.87878787878788,146.96969696969697,2457,3385,2612,2238,1979,2551
664,71,152.4,0.511748031496063,28,130.6764705882353,180.0909090909091,147.0909090909091,2461,3390,2614,2240,1982,2553
665,72,152.57,0.5119138755980861,28,130.88235294117646,180.27272727272728,147.21212121212122,2465,3394,2616,2242,1985,2555
666,82,152.74,0.5121382741914364,28,131.05882352941177,180.45454545454547,147.36363636363637,2469,3398,2620,2243,1987,2557
667,86,152.94,0.5123590950699621,28,131.23529411764707,180.66666666666666,147.57575757575756,2473,3403,2624,2246,1989,2559
668,93,153.14,0.5125832571503199,28,131.41176470588235,180.87878787878788,147.78787878787878,2477,3408,2628,2249,1991,2561
669,99,153.32,0.5128358987738064,28,131.55882352941177,181.0909090909091,147.96969696969697,2481,3413,2632,2251,1992,2563
670,93,153.5,0.5130879478827362,28,131.7058823529412,181.3030303030303,148.15151515151516,2485,3418,2636,2253,1993,2565
671,95,153.69,0.5133535038063635,28,131.88235294117646,181.5151515151515,148.33333333333334,2489,3423,2640,2255,1995,2567
672,111,153.89,0.5136454610436025,28,132.05882352941177,181.75757575757575,148.5151515151515,2493,3429,2644,2257,1997,2569
673,112,154.09,0.5139003179959764,28,132.2058823529412,182.0,148.72727272727272,2497,3435,2648,2260,1998,2571
674,110,154.29,0.5141558104867457,28,132.35294117647058,182.24242424242425,148.93939393939394,2501,3441,2652,2263,1999,2573
675,125,154.5,0.5144245954692557,28,132.52941176470588,182.4848484848485,149.15151515151516,2505,3447,2656,2266,2001,2575
676,125,154.71,0.5146926507659493,28,132.7058823529412,182.72727272727272,149.36363636363637,2509,3453,2660,2269,2003,2577
677,110,154.92,0.5149638523108702,28,132.88235294117646,182.96969696969697,149.57575757575756,2513,3459,2664,2272,2005,2579
678,113,155.13,0.5152356088441952,28,133.05882352941177,183.21212121212122,149.78787878787878,2517,3465,2668,2275,2007,2581
679,125,155.34,0.5155079181151023,28,133.23529411764707,183.45454545454547,150.0,2521,3471,2672,2278,2009,2583
680,136,155.56,0.5157868346618668,28,133.44117647058823,183.6969696969697,150.21212121212122,2526,3477,2676,2281,2011,2585
681,126,155.78,0.5160649634099371,28,133.64705882352942,183.93939393939394,150.42424242424244,2531,3483,2680,2284,2013,2587
682,131,156.0,0.5163423076923077,28,133.85294117647058,184.1818181818182,150.63636363636363,2536,3489,2684,2287,2015,2589
683,135,156.23,0.5166120463419318,28,134.08823529411765,184.42424242424244,150.84848484848484,2541,3495,2688,2290,2018,2591
684,139,156.46,0.5168809919468235,28,134.3235294117647,184.66666666666666,151.06060606060606,2546,3501,2692,2293,2021,2593
685,128,156.69,0.5171491479992342,28,134.55882352941177,184.9090909090909,151.27272727272728,2551,3507,2696,2296,2024,2595
686,127,156.91,0.5174259129437258,28,134.76470588235293,185.15151515151516,151.4848484848485,2556,3513,2700,2299,2026,2597
687,122,157.14,0.5176288659793814,28,135.02941176470588,185.3939393939394,151.66666666666666,2562,3519,2703,2302,2029,2599
688,132,157.37,0.5178324966639131,28,135.2941176470588,185.63636363636363,151.84848484848484,2568,3525,2706,2305,2032,2601
689,127,157.6,0.5180393401015229,28,135.55882352941177,185.87878787878788,152.03030303030303,2574,3531,2709,2308,2035,2603
690,127,157.81,0.5182783093593561,28,135.76470588235293,186.12121212121212,152.21212121212122,2580,3537,2712,2311,2036,2605
691,131,158.01,0.5185146509714574,28,135.97058823529412,186.33333333333334,152.3939393939394,2586,3543,2715,2314,2037,2606
692,129,158.21,0.518750395044561,28,136.1764705882353,186.54545454545453,152.57575757575756,2592,3549,2718,2317,2038,2607
693,121,158.41,0.5189893314815984,28,136.38235294117646,186.75757575757575,152.75757575757575,2598,3555,2721,2320,2039,2608
694,137,158.61,0.519228926297207,28,136.58823529411765,186.96969696969697,152.93939393939394,2604,3561,2724,2323,2040,2609
695,129,158.81,0.5194679176374284,28,136.7941176470588,187.1818181818182,153.12121212121212,2610,3567,2727,2326,2041,2610
696,130,159.01,0.5197075655619143,28,137.0,187.3939393939394,153.3030303030303,2616,3573,2730,2329,2042,2611
697,137,159.21,0.5199478675962566,28,137.2058823529412,187.6060606060606,153.4848484848485,2622,3579,2733,2332,2043,2612
698,138,159.41,0.5201875666520294,28,137.41176470588235,187.8181818181818,153.66666666666666,2628,3585,2736,2335,2044,2613
699,133,159.61,0.5204266649959276,28,137.61764705882354,188.03030303030303,153.84848484848484,2634,3591,2739,2338,2045,2614
700,139,159.82,0.52066950319109,28,137.8235294117647,188.27272727272728,154.03030303030303,2640,3597,2742,2341,2046,2616
701,142,160.03,0.5209117040554896,28,138.02941176470588,188.5151515151515,154.21212121212122,2646,3603,2745,2344,2047,2618
702,133,160.24,0.521154518222666,28,138.23529411764707,188.75757575757575,154.3939393939394,2652,3609,2748,2347,2048,2620
703,139,160.45,0.5213991897787473,28,138.44117647058823,189.0,154.57575757575756,2658,3615,2751,2350,2049,2622
704,130,160.66,0.5216444665753766,28,138.64705882352942,189.24242424242425,154.75757575757575,2664,3621,2754,2353,2050,2624
705,130,160.87,0.5218891030024243,28,138.85294117647058,189.4848484848485,154.93939393939394,2670,3627,2757,2356,2051,2626
706,142,161.08,0.52213310156444,28,139.05882352941177,189.72727272727272,155.12121212121212,2676,3633,2760,2359,2052,2628
707,130,161.29,0.5223764647529294,28,139.26470588235293,189.96969696969697,155.3030303030303,2682,3639,2763,2362,2053,2630
708,124,161.5,0.5226191950464396,28,139.47058823529412,190.21212121212122,155.4848484848485,2688,3645,2766,2365,2054,2632
709,142,161.71,0.522862531692536,28,139.6764705882353,190.45454545454547,155.66666666666666,2694,3651,2769,2368,2055,2634
710,130,161.92,0.5231077075098814,28,139.88235294117646,190.6969696969697,155.84848484848484,2700,3657,2772,2371,2056,2636
711,130,162.13,0.5233534817738852,28,140.08823529411765,190.93939393939394,156.03030303030303,2706,3663,2775,2374,2057,2638
712,139,162.34,0.5235986201798695,28,140.2941176470588,191.1818181818182,156.21212121212122,2712,3669,2778,2377,2058,2640
713,127,162.55,0.5238443555828975,28,140.5,191.42424242424244,156.3939393939394,2718,3675,2781,2380,2059,2642
714,124,162.76,0.5240906856721553,28,140.7058823529412,191.66666666666666,156.57575757575756,2724,3681,2784,2383,2060,2644
715,133,162.97,0.5243388353684728,28,140.91176470588235,191.9090909090909,156.75757575757575,2730,3687,2787,2386,2061,2646
716,127,163.18,0.5245887976467705,28,141.11764705882354,192.15151515151516,156.93939393939394,2736,3693,2790,2389,2062,2648
717,124,163.39,0.524838117387845,28,141.3235294117647,192.3939393939394,157.12121212121212,2742,3699,2793,2392,2063,2650
718,133,163.6,0.5250867970660147,28,141.52941176470588,192.63636363636363,157.3030303030303,2748,3705,2796,2395,2064,2652
719,118,163.81,0.5253360600695928,28,141.73529411764707,192.87878787878788,157.4848484848485,2754,3711,2799,2398,2065,2654
720,115,164.02,0.5255871235215218,28,141.94117647058823,193.12121212121212,157.66666666666666,2760,3717,2802,2401,2066,2656
721,127,164.23,0.5258399805151313,28,142.14705882352942,193.36363636363637,157.84848484848484,2766,3723,2805,2404,2067,2658
722,121,164.44,0.526093407929944,28,142.35294117647058,193.6060606060606,158.03030303030303,2772,3729,2808,2407,2068,2660
723,115,164.65,0.5263474035833586,28,142.55882352941177,193.84848484848484,158.21212121212122,2778,3735,2811,2410,2069,2662
724,123,164.87,0.5266094498695942,28,142.76470588235293,194.0909090909091,158.42424242424244,2784,3741,2815,2413,2070,2664
725,119,165.09,0.5268707977466837,28,142.97058823529412,194.33333333333334,158.63636363636363,2790,3747,2819,2416,2071,2666
726,115,165.31,0.5271314500030246,28,143.1764705882353,194.57575757575756,158.84848484848484,2796,3753,2823,2419,2072,2668
727,126,165.53,0.5273914094121911,28,143.38235294117646,194.8181818181818,159.06060606060606,2802,3759,2827,2422,2073,2670
728,122,165.75,0.5276530920060332,28,143.58823529411765,195.06060606060606,159.27272727272728,2808,3765,2831,2425,2074,2672
729,121,165.97,0.5279140808579864,28,143.7941176470588,195.3030303030303,159.4848484848485,2814,3771,2835,2428,2075,2674
730,126,166.19,0.5281743787231482,28,144.0,195.54545454545453,159.6969696969697,2820,3777,2839,2431,2076,2676
731,128,166.41,0.5284363920437474,28,144.2058823529412,195.78787878787878,159.9090909090909,2826,3783,2843,2434,2077,2678
732,110,166.62,0.5286856319769535,28,144.41176470588235,196.03030303030303,160.0909090909091,2832,3789,2847,2436,2078,2680
733,125,166.83,0.5289354432655997,28,144.61764705882354,196.27272727272728,160.27272727272728,2838,3795,2851,2438,2079,2682
734,128,167.04,0.5291882183908045,28,144.8235294117647,196.5151515151515,160.45454545454547,2844,3801,2855,2440,2080,2684
735,116,167.25,0.5294403587443947,28,145.02941176470588,196.75757575757575,160.63636363636363,2850,3807,2859,2442,2081,2686
736,124,167.47,0.5297050217949484,28,145.23529411764707,197.0,160.84848484848484,2856,3813,2863,2445,2082,2688
737,129,167.69,0.5299689903989504,28,145.44117647058823,197.24242424242425,161.06060606060606,2862,3819,2867,2448,2083,2690
738,119,167.91,0.5302334584003335,28,145.64705882352942,197.4848484848485,161.27272727272728,2868,3825,2871,2451,2084,2692
739,115,168.13,0.5304972342829953,28,145.85294117647058,197.72727272727272,161.4848484848485,2874,3831,2875,2454,2085,2694
740,122,168.36,0.5307127583749109,28,146.05882352941177,197.96969696969697,161.72727272727272,2880,3837,2879,2458,2086,2696
741,124,168.58,0.530975204650611,28,146.26470588235293,198.21212121212122,161.93939393939394,2886,3843,2883,2461,2087,2698
742,130,168.79,0.5312251910658214,28,146.47058823529412,198.45454545454547,162.12121212121212,2892,3849,2887,2463,2088,2700
743,119,168.99,0.5314663589561512,28,146.6764705882353,198.6969696969697,162.27272727272728,2898,3855,2890,2465,2089,2702
744,134,169.2,0.5317174940898345,28,146.88235294117646,198.93939393939394,162.45454545454547,2904,3861,2894,2467,2090,2704
745,140,169.41,0.5319680066111799,28,147.08823529411765,199.1818181818182,162.63636363636363,2910,3867,2898,2469,2091,2706
746,134,169.62,0.5322178988326849,28,147.2941176470588,199.42424242424244,162.8181818181818,2916,3873,2902,2471,2092,2708
747,131,169.83,0.5324683507036448,28,147.5,199.66666666666666,163.0,2922,3879,2906,2473,2093,2710
748,145,170.05,0.532735665980594,28,147.7058823529412,199.9090909090909,163.21212121212122,2928,3885,2911,2475,2094,2712
749,155,170.28,0.5329833215879727,28,147.94117647058823,200.15151515151516,163.42424242424244,2934,3891,2916,2477,2096,2714
750,162,170.51,0.5332303090727817,28,148.1764705882353,200.3939393939394,163.63636363636363,2940,3897,2921,2479,2098,2716
751,157,170.74,0.5334766311350592,28,148.41176470588235,200.63636363636363,163.84848484848484,2946,3903,2926,2481,2100,2718
752,167,170.97,0.5337222904603147,28,148.64705882352942,200.87878787878788,164.06060606060606,2952,3909,2931,2483,2102,2720
753,156,171.2,0.5339684579439252,28,148.88235294117646,201.12121212121212,164.27272727272728,2958,3915,2936,2485,2104,2722
754,169,171.43,0.5342151315405705,28,149.11764705882354,201.36363636363637,164.4848484848485,2964,3921,2941,2487,2106,2724
755,158,171.66,0.534464639403472,28,149.35294117647058,201.6060606060606,164.6969696969697,2970,3927,2946,2489,2108,2726
756,159,171.89,0.5347134795508756,28,149.58823529411765,201.84848484848484,164.9090909090909,2976,3933,2951,2491,2110,2728
757,178,172.12,0.5349616546595398,28,149.8235294117647,202.0909090909091,165.12121212121212,2982,3939,2956,2493,2112,2730
758,167,172.35,0.535209167391935,28,150.05882352941177,202.33333333333334,165.33333333333334,2988,3945,2961,2495,2114,2732
759,159,172.58,0.5354571792791749,28,150.2941176470588,202.57575757575756,165.54545454545453,2994,3951,2966,2497,2116,2734
760,168,172.82,0.535713459090383,28,150.52941176470588,202.8181818181818,165.78787878787878,3000,3957,2971,2500,2118,2736
761,168,173.06,0.5359690280827458,28,150.76470588235293,203.06060606060606,166.03030303030303,3006,3963,2976,2503,2120,2738
762,159,173.3,0.5362250432775534,28,151.0,203.3030303030303,166.27272727272728,3012,3969,2981,2506,2122,2740
763,159,173.54,0.536480350351504,28,151.23529411764707,203.54545454545453,166.5151515151515,3018,3975,2986,2509,2124,2742
764,168,173.78,0.5367349522384625,28,151.47058823529412,203.78787878787878,166.75757575757575,3024,3981,2991,2512,2126,2744
765,159,174.02,0.5369900011492932,28,151.7058823529412,204.03030303030303,167.0,3030,3987,2996,2515,2128,2746
766,156,174.26,0.5372454952370022,28,151.94117647058823,204.27272727272728,167.24242424242425,3036,3993,3001,2518,2130,2748
767,174,174.5,0.5375002865329513,28,152.1764705882353,204.5151515151515,167.4848484848485,3042,3999,3006,2521,2132,2750
768,173,174.75,0.5377150214592274,28,152.44117647058823,204.75757575757575,167.72727272727272,3048,4005,3011,2524,2135,2752
769,157,175.0,0.5379314285714285,28,152.7058823529412,205.0,167.96969696969697,3054,4011,3016,2527,2138,2754
770,162,175.25,0.5381506419400856,28,152.97058823529412,205.24242424242425,168.21212121212122,3060,4017,3021,2530,2141,2756
771,161,175.5,0.5383726495726495,28,153.23529411764707,205.4848484848485,168.45454545454547,3066,4023,3026,2533,2144,2758
772,166,175.75,0.5385963015647226,28,153.5,205.72727272727272,168.6969696969697,3072,4029,3031,2536,2147,2760
773,159,176.0,0.5388193181818182,28,153.76470588235293,205.96969696969697,168.93939393939394,3078,4035,3036,2539,2150,2762
774,164,176.25,0.5390417021276596,28,154.02941176470588,206.21212121212122,169.1818181818182,3084,4041,3041,2542,2153,2764
775,160,176.5,0.5392645892351274,28,154.2941176470588,206.45454545454547,169.42424242424244,3090,4047,3046,2545,2156,2766
776,159,176.75,0.5394868458274399,28,154.55882352941177,206.6969696969697,169.66666666666666,3096,4053,3051,2548,2159,2768
777,158,177.0,0.539709604519774,28,154.8235294117647,206.93939393939394,169.9090909090909,3102,4059,3056,2551,2162,2770
778,166,177.25,0.5399328631875882,28,155.08823529411765,207.1818181818182,170.15151515151516,3108,4065,3061,2554,2165,2772
779,168,177.5,0.5401554929577465,28,155.35294117647058,207.42424242424244,170.3939393939394,3114,4071,3066,2557,2168,2774
780,170,177.75,0.5403797468354431,28,155.61764705882354,207.66666666666666,170.63636363636363,3120,4077,3071,2560,2171,2776
781,162,178.01,0.5405364867142296,28,155.91176470588235,207.9090909090909,170.87878787878788,3126,4083,3076,2563,2175,2778
782,166,178.27,0.5406961350760082,28,156.2058823529412,208.15151515151516,171.12121212121212,3132,4089,3081,2566,2179,2780
783,155,178.53,0.5408609197333781,28,156.5,208.3939393939394,171.36363636363637,3138,4095,3086,2569,2183,2782
784,153,178.79,0.5410263437552436,28,156.7941176470588,208.63636363636363,171.6060606060606,3144,4101,3091,2572,2187,2784
785,159,179.06,0.541186194571652,28,157.11764705882354,208.87878787878788,171.84848484848484,3150,4107,3096,2575,2192,2786
786,150,179.33,0.5413477945686723,28,157.44117647058823,209.12121212121212,172.0909090909091,3156,4113,3101,2578,2197,2788
787,147,179.6,0.5415133630289533,28,157.76470588235293,209.36363636363637,172.33333333333334,3162,4119,3106,2581,2202,2790
788,147,179.87,0.5416817701673431,28,158.08823529411765,209.6060606060606,172.57575757575756,3168,4125,3111,2584,2207,2792
789,139,180.13,0.5418403375340032,28,158.41176470588235,209.84848484848484,172.78787878787878,3174,4131,3115,2587,2212,2794
790,139,180.4,0.5419878048780488,28,158.73529411764707,210.0909090909091,173.03030303030303,3180,4137,3119,2591,2217,2796
791,129,180.68,0.5421463360637592,28,159.05882352941177,210.33333333333334,173.3030303030303,3186,4143,3124,2595,2222,2798
792,126,180.95,0.5423172147001935,28,159.38235294117646,210.57575757575756,173.54545454545453,3192,4149,3129,2598,2227,2800
793,115,181.21,0.5424860658904034,28,159.7058823529412,210.8181818181818,173.75757575757575,3198,4155,3134,2600,2232,2802
794,124,181.45,0.5425963075227336,28,160.02941176470588,211.0,173.96969696969697,3204,4160,3138,2603,2237,2803
795,118,181.69,0.5427007540315922,28,160.35294117647058,211.15151515151516,174.21212121212122,3210,4164,3143,2606,2242,2804
796,109,181.93,0.5428104215907217,28,160.6764705882353,211.3030303030303,174.45454545454547,3216,4168,3148,2609,2247,2805
797,114,182.15,0.5429267087565194,28,160.97058823529412,211.45454545454547,174.66666666666666,3221,4172,3153,2611,2252,2806
798,103,182.35,0.5430090485330408,28,161.26470588235293,211.57575757575756,174.84848484848484,3226,4175,3157,2613,2257,2807
799,97,182.56,0.5431134969325153,28,161.55882352941177,211.72727272727272,175.03030303030303,3231,4179,3161,2615,2262,2808
800,115,182.77,0.5432483449143732,28,161.8235294117647,211.9090909090909,175.21212121212122,3236,4184,3165,2617,2266,2809
801,109,182.98,0.5433861624221226,28,162.08823529411765,212.0909090909091,175.3939393939394,3241,4189,3169,2619,2270,2810
802,110,183.18,0.5435375040943334,28,162.3235294117647,212.27272727272728,175.57575757575756,3246,4194,3173,2621,2273,2811
803,117,183.38,0.5436405278656342,28,162.61764705882354,212.45454545454547,175.6969696969697,3251,4199,3175,2623,2278,2812
804,117,183.59,0.5437502042594913,28,162.94117647058823,212.63636363636363,175.8181818181818,3257,4204,3177,2625,2283,2813
805,119,183.81,0.5438784614547632,28,163.26470588235293,212.8181818181818,175.96969696969697,3263,4209,3180,2627,2288,2814
806,115,184.03,0.5440357550399392,28,163.55882352941177,213.03030303030303,176.12121212121212,3269,4214,3183,2629,2292,2816
807,106,184.24,0.5441771602257924,28,163.85294117647058,213.24242424242425,176.24242424242425,3275,4219,3185,2631,2296,2818
808,119,184.44,0.5443385382780308,28,164.11764705882354,213.45454545454547,176.36363636363637,3281,4224,3187,2633,2299,2820
809,122,184.65,0.5445226103438938,28,164.38235294117646,213.6969696969697,176.4848484848485,3287,4230,3189,2635,2302,2822
810,119,184.86,0.5447073460997511,28,164.64705882352942,213.93939393939394,176.6060606060606,3293,4236,3191,2637,2305,2824
811,116,185.07,0.544891662614146,28,164.91176470588235,214.1818181818182,176.72727272727272,3299,4242,3193,2639,2308,2826
812,124,185.29,0.5450628744130822,28,165.2058823529412,214.42424242424244,176.84848484848484,3305,4248,3195,2641,2312,2828
813,121,185.5,0.5452388140161726,28,165.47058823529412,214.66666666666666,176.96969696969697,3311,4254,3197,2643,2315,2830
814,107,185.73,0.545390082377645,28,165.7941176470588,214.9090909090909,177.0909090909091,3317,4260,3199,2645,2320,2832
815,120,185.96,0.5455431275543128,28,166.11764705882354,215.15151515151516,177.21212121212122,3323,4266,3201,2647,2325,2834
816,115,186.19,0.5456968687899457,28,166.44117647058823,215.3939393939394,177.33333333333334,3329,4272,3203,2649,2330,2836
817,101,186.42,0.5458502306619462,28,166.76470588235293,215.63636363636363,177.45454545454547,3335,4278,3205,2651,2335,2838
818,112,186.64,0.5460147878268323,28,167.08823529411765,215.87878787878788,177.54545454545453,3341,4284,3207,2652,2340,2840
819,106,186.85,0.5461830345196682,28,167.38235294117646,216.12121212121212,177.63636363636363,3347,4290,3209,2653,2344,2842
820,94,187.06,0.5463509034534374,28,167.6764705882353,216.36363636363637,177.72727272727272,3353,4296,3211,2654,2348,2844
821,107,187.26,0.5465000534016875,28,167.97058823529412,216.57575757575756,177.8181818181818,3359,4301,3213,2655,2352,2846
822,108,187.46,0.546648885095487,28,168.26470588235293,216.78787878787878,177.9090909090909,3365,4306,3215,2656,2356,2848
823,100,187.66,0.5467942022807205,28,168.52941176470588,217.0,178.03030303030303,3371,4311,3217,2658,2359,2850
824,116,187.86,0.5469402746726285,28,168.7941176470588,217.21212121212122,178.15151515151516,3377,4316,3219,2660,2362,2852
825,113,188.07,0.5471042696868187,28,169.05882352941177,217.45454545454547,178.27272727272728,3383,4322,3221,2662,2365,2854
826,107,188.28,0.5472689611217336,28,169.3235294117647,217.6969696969697,178.3939393939394,3389,4328,3223,2664,2368,2856
827,122,188.49,0.5474343466496897,28,169.58823529411765,217.93939393939394,178.5151515151515,3395,4334,3225,2666,2371,2858
828,111,188.69,0.5475801579309979,28,169.85294117647058,218.15151515151516,178.63636363636363,3401,4339,3227,2668,2374,2860
829,112,188.89,0.5477256604372915,28,170.11764705882354,218.36363636363637,178.75757575757575,3407,4344,3229,2670,2377,2862
830,125,189.09,0.547870855148342,28,170.38235294117646,218.57575757575756,178.87878787878788,3413,4349,3231,2672,2380,2864
831,126,189.29,0.5480157430397802,28,170.64705882352942,218.78787878787878,179.0,3419,4354,3233,2674,2383,2866
832,121,189.49,0.5481603250831178,28,170.91176470588235,219.0,179.12121212121212,3425,4359,3235,2676,2386,2868
833,128,189.69,0.5483046022457694,28,171.1764705882353,219.21212121212122,179.24242424242425,3431,4364,3237,2678,2389,2870
834,129,189.89,0.5484485754910738,28,171.44117647058823,219.42424242424244,179.36363636363637,3437,4369,3239,2680,2392,2872
835,127,190.09,0.5485932979115156,28,171.7058823529412,219.63636363636363,179.4848484848485,3443,4374,3241,2682,2395,2874
836,119,190.29,0.5487377161175049,28,171.97058823529412,219.84848484848484,179.6060606060606,3449,4379,3243,2684,2398,2876
837,120,190.49,0.5488828809911281,28,172.23529411764707,220.06060606060606,179.72727272727272,3455,4384,3245,2686,2401,2878
838,121,190.69,0.5490277413603231,28,172.5,220.27272727272728,179.84848484848484,3461,4389,3247,2688,2404,2880
839,122,190.89,0.5491722981821991,28,172.76470588235293,220.4848484848485,179.96969696969697,3467,4394,3249,2690,2407,2882
840,124,191.11,0.5492956935796138,28,173.02941176470588,220.72727272727272,180.12121212121212,3473,4400,3251,2693,2410,2884
841,136,191.32,0.5493999581852393,28,173.2941176470588,220.93939393939394,180.27272727272728,3479,4405,3253,2696,2413,2886
842,138,191.54,0.5495259475827503,28,173.55882352941177,221.1818181818182,180.42424242424244,3485,4411,3255,2699,2416,2888
843,137,191.76,0.5496558197747184,28,173.8235294117647,221.42424242424244,180.57575757575756,3491,4417,3257,2702,2419,2890
844,145,191.98,0.5497895614126471,28,174.08823529411765,221.66666666666666,180.72727272727272,3497,4423,3259,2705,2422,2892
845,146,192.21,0.5498605691691378,28,174.35294117647058,221.93939393939394,180.87878787878788,3503,4430,3261,2708,2425,2894
846,150,192.44,0.5499334857617959,28,174.61764705882354,222.21212121212122,181.03030303030303,3509,4437,3263,2711,2428,2896
847,142,192.67,0.5500103804432449,28,174.88235294117646,222.4848484848485,181.1818181818182,3515,4444,3265,2714,2431,2898
848,155,192.9,0.5500891653706583,28,175.14705882352942,222.75757575757575,181.33333333333334,3521,4451,3267,2717,2434,2900
849,150,193.13,0.5501708693626055,28,175.41176470588235,223.03030303030303,181.4848484848485,3527,4458,3269,2720,2437,2902
850,152,193.35,0.5502389449185415,28,175.64705882352942,223.3030303030303,181.63636363636363,3532,4465,3271,2723,2440,2904
851,165,193.58,0.5503244136790991,28,175.91176470588235,223.57575757575756,181.78787878787878,3538,4472,3273,2726,2443,2906
852,157,193.81,0.5504117434600898,28,176.1764705882353,223.84848484848484,181.93939393939394,3544,4479,3275,2729,2446,2908
853,148,194.05,0.5504875032208194,28,176.44117647058823,224.15151515151516,182.0909090909091,3550,4486,3277,2732,2449,2911
854,148,194.29,0.5505651345926192,28,176.7058823529412,224.45454545454547,182.24242424242425,3556,4493,3279,2735,2452,2914
855,160,194.53,0.5506436025291729,28,176.97058823529412,224.75757575757575,182.3939393939394,3562,4500,3281,2738,2455,2917
856,145,194.77,0.5507229039379782,28,177.23529411764707,225.06060606060606,182.54545454545453,3568,4507,3283,2741,2458,2920
857,145,195.01,0.5508030357417568,28,177.5,225.36363636363637,182.6969696969697,3574,4514,3285,2744,2461,2923
858,164,195.24,0.5508778938742062,28,177.76470588235293,225.66666666666666,182.8181818181818,3580,4521,3287,2746,2464,2926
859,152,195.48,0.5509228565582157,28,178.02941176470588,226.0,182.93939393939394,3586,4528,3289,2748,2467,2930
860,137,195.72,0.5509758839157981,28,178.2941176470588,226.33333333333334,183.06060606060606,3592,4535,3291,2750,2470,2934
861,154,195.97,0.5510368934020513,28,178.55882352941177,226.66666666666666,183.21212121212122,3598,4542,3293,2753,2473,2938
862,152,196.23,0.5510925954237375,28,178.85294117647058,227.0,183.36363636363637,3604,4549,3295,2756,2477,2942
863,129,196.49,0.551151203623594,28,179.14705882352942,227.33333333333334,183.5151515151515,3610,4556,3297,2759,2481,2946
864,148,196.75,0.551212706480305,28,179.44117647058823,227.66666666666666,183.66666666666666,3616,4563,3299,2762,2485,2950
865,140,197.01,0.551277092533374,28,179.73529411764707,228.0,183.8181818181818,3622,4570,3301,2765,2489,2954
866,120,197.27,0.5513413088660212,28,180.02941176470588,228.33333333333334,183.96969696969697,3628,4577,3303,2768,2493,2958
867,130,197.53,0.5514083936617223,28,180.3235294117647,228.66666666666666,184.12121212121212,3634,4584,3305,2771,2497,2962
868,128,197.79,0.5514793467819404,28,180.61764705882354,229.0,184.27272727272728,3640,4591,3307,2774,2501,2966
869,108,198.05,0.5515511234536733,28,180.91176470588235,229.33333333333334,184.42424242424244,3646,4598,3309,2777,2505,2970
870,117,198.29,0.5516460739321196,28,181.2058823529412,229.63636363636363,184.54545454545453,3652,4605,3311,2779,2509,2973
871,116,198.51,0.5517772404412876,28,181.47058823529412,229.9090909090909,184.66666666666666,3658,4612,3313,2781,2512,2975
872,109,198.73,0.5518789312132039,28,181.73529411764707,230.1818181818182,184.78787878787878,3663,4619,3315,2783,2516,2977
873,127,198.97,0.5519771824898225,28,182.0,230.45454545454547,184.96969696969697,3669,4626,3318,2786,2519,2979
874,139,199.21,0.5520772049595903,28,182.26470588235293,230.72727272727272,185.15151515151516,3675,4633,3321,2789,2522,2981
875,121,199.45,0.5521769867134619,28,182.52941176470588,231.0,185.33333333333334,3681,4640,3324,2792,2525,2983
876,136,199.69,0.5522795332765787,28,182.7941176470588,231.27272727272728,185.5151515151515,3687,4647,3327,2795,2528,2985
877,135,199.94,0.5523757127138141,28,183.05882352941177,231.54545454545453,185.72727272727272,3693,4654,3330,2799,2531,2987
878,133,200.2,0.5524405594405595,28,183.3235294117647,231.8181818181818,185.96969696969697,3699,4661,3334,2803,2534,2989
879,146,200.46,0.5525102264790981,28,183.58823529411765,232.0909090909091,186.21212121212122,3705,4668,3338,2807,2537,2991
880,147,200.72,0.5525836986847349,28,183.85294117647058,232.36363636363637,186.45454545454547,3711,4675,3342,2811,2540,2993
881,133,200.98,0.5526589710418947,28,184.11764705882354,232.63636363636363,186.6969696969697,3717,4682,3346,2815,2543,2995
882,135,201.23,0.5527232520001988,28,184.38235294117646,232.9090909090909,186.9090909090909,3723,4689,3349,2819,2546,2997
883,149,201.48,0.5527923367083581,28,184.64705882352942,233.1818181818182,187.12121212121212,3729,4696,3352,2823,2549,2999
884,141,201.74,0.5528769703578864,28,184.91176470588235,233.45454545454547,187.36363636363637,3735,4703,3356,2827,2552,3001
885,145,202.0,0.5529613861386139,28,185.1764705882353,233.72727272727272,187.6060606060606,3741,4710,3360,2831,2555,3003
886,145,202.27,0.5530207148860434,28,185.44117647058823,234.03030303030303,187.84848484848484,3747,4717,3364,2835,2558,3006
887,139,202.54,0.5530818603732596,28,185.7058823529412,234.33333333333334,188.0909090909091,3753,4724,3368,2839,2561,3009
888,132,202.82,0.553093383295533,28,185.97058823529412,234.63636363636363,188.36363636363637,3759,4731,3372,2844,2564,3012
889,137,203.1,0.5531097981290005,28,186.23529411764707,234.93939393939394,188.63636363636363,3765,4738,3376,2849,2567,3015
890,138,203.36,0.5531038552321007,28,186.5,235.21212121212122,188.87878787878788,3771,4744,3380,2853,2570,3018
891,143,203.64,0.5531251227656648,28,186.76470588235293,235.5151515151515,189.15151515151516,3777,4751,3384,2858,2573,3021
892,149,203.94,0.5530234382661567,28,187.05882352941177,235.8181818181818,189.45454545454547,3783,4758,3388,2864,2577,3024
893,134,204.24,0.5529866823345084,28,187.3235294117647,236.15151515151516,189.75757575757575,3789,4765,3392,2870,2580,3028
894,123,204.53,0.5529384442380091,28,187.55882352941177,236.4848484848485,190.06060606060606,3794,4772,3396,2876,2583,3032
895,137,204.81,0.5528836482593623,28,187.7941176470588,236.8181818181818,190.33333333333334,3799,4779,3399,2882,2586,3036
896,125,205.08,0.5528749756192706,28,188.02941176470588,237.15151515151516,190.57575757575756,3804,4786,3403,2886,2589,3040
897,117,205.34,0.5528508814648876,28,188.23529411764707,237.4848484848485,190.8181818181818,3808,4793,3407,2890,2592,3044
898,127,205.6,0.552829766536965,28,188.44117647058823,237.8181818181818,191.06060606060606,3812,4800,3411,2894,2595,3048
899,121,205.84,0.5527953750485814,28,188.64705882352942,238.15151515151516,191.24242424242425,3816,4807,3414,2897,2598,3052
900,108,206.09,0.5528152748799069,28,188.88235294117646,238.45454545454547,191.45454545454547,3821,4814,3418,2900,2601,3055
901,122,206.34,0.5528390035863139,28,189.11764705882354,238.75757575757575,191.66666666666666,3826,4821,3422,2903,2604,3058
902,114,206.6,0.5528702807357212,28,189.35294117647058,239.06060606060606,191.9090909090909,3831,4828,3426,2907,2607,3061
903,111,206.84,0.552877586540321,28,189.55882352941177,239.36363636363637,192.12121212121212,3835,4835,3429,2911,2610,3064
904,122,207.09,0.5528943937418513,28,189.76470588235293,239.66666666666666,192.36363636363637,3839,4842,3433,2915,2613,3067
905,119,207.33,0.5529074422418367,28,189.97058823529412,239.93939393939394,192.6060606060606,3843,4849,3437,2919,2616,3069
906,115,207.58,0.5529434434916659,28,190.2058823529412,240.21212121212122,192.84848484848484,3848,4856,3441,2923,2619,3071
907,124,207.82,0.5529737272639784,28,190.44117647058823,240.4848484848485,193.06060606060606,3853,4863,3444,2927,2622,3073
908,114,208.07,0.5530134089489114,28,190.6764705882353,240.75757575757575,193.3030303030303,3858,4870,3448,2931,2625,3075
909,113,208.32,0.5530414746543779,28,190.88235294117646,241.06060606060606,193.54545454545453,3862,4877,3452,2935,2628,3078
910,115,208.57,0.5530694730785828,28,191.08823529411765,241.36363636363637,193.78787878787878,3866,4884,3456,2939,2631,3081
911,117,208.82,0.5531117709031702,28,191.3235294117647,241.66666666666666,194.0,3871,4891,3459,2943,2634,3084
912,123,209.06,0.5531579450875347,28,191.52941176470588,241.93939393939394,194.24242424242425,3876,4898,3463,2947,2636,3086
913,122,209.31,0.5531513066743109,28,191.73529411764707,242.24242424242425,194.4848484848485,3881,4905,3467,2951,2638,3089
914,118,209.56,0.55314754724184,28,191.94117647058823,242.54545454545453,194.72727272727272,3886,4912,3471,2955,2640,3092
915,109,209.8,0.5531391801715919,28,192.14705882352942,242.84848484848484,194.93939393939394,3891,4919,3475,2958,2642,3095
916,119,210.03,0.5531224110841308,28,192.35294117647058,243.15151515151516,195.12121212121212,3896,4926,3478,2961,2644,3098
917,122,210.27,0.5531197983544967,28,192.55882352941177,243.45454545454547,195.33333333333334,3901,4933,3482,2964,2646,3101
918,119,210.51,0.553119091729609,28,192.76470588235293,243.75757575757575,195.54545454545453,3906,4940,3486,2967,2648,3104
919,116,210.75,0.5531212336892053,28,192.97058823529412,244.06060606060606,195.75757575757575,3911,4947,3490,2970,2650,3107
920,115,211.0,0.5531327014218009,28,193.1764705882353,244.36363636363637,196.0,3916,4954,3494,2974,2652,3110
921,121,211.24,0.5531376633213406,28,193.38235294117646,244.66666666666666,196.21212121212122,3921,4961,3497,2978,2654,3113
922,118,211.48,0.5531445053905807,28,193.58823529411765,244.96969696969697,196.42424242424244,3926,4968,3500,2982,2656,3116
923,116,211.74,0.5531472560687636,28,193.8235294117647,245.27272727272728,196.66666666666666,3931,4975,3504,2986,2659,3119
924,109,211.99,0.5531699608472098,28,194.05882352941177,245.54545454545453,196.9090909090909,3936,4981,3508,2990,2662,3122
925,115,212.23,0.5531786269613156,28,194.26470588235293,245.84848484848484,197.12121212121212,3941,4988,3511,2994,2664,3125
926,119,212.46,0.5531883648686812,28,194.5,246.12121212121212,197.3030303030303,3946,4994,3514,2997,2667,3128
927,104,212.7,0.5532082745651151,28,194.73529411764707,246.3939393939394,197.5151515151515,3951,5000,3518,3000,2670,3131
928,108,212.93,0.5532489550556521,28,194.97058823529412,246.63636363636363,197.72727272727272,3956,5005,3522,3003,2673,3134
929,110,213.15,0.5532803190241613,28,195.2058823529412,246.87878787878788,197.9090909090909,3961,5010,3525,3006,2676,3137
930,103,213.37,0.5533228663823405,28,195.44117647058823,247.15151515151516,198.06060606060606,3966,5016,3528,3008,2679,3140
931,107,213.6,0.553374531835206,28,195.6764705882353,247.42424242424244,198.24242424242425,3971,5022,3532,3010,2682,3143
932,102,213.83,0.5534260861431979,28,195.91176470588235,247.6969696969697,198.42424242424244,3976,5028,3536,3012,2685,3146
933,97,214.03,0.5535041816567771,28,196.14705882352942,247.93939393939394,198.54545454545453,3981,5033,3538,3014,2688,3149
934,101,214.23,0.5535830649302151,28,196.38235294117646,248.1818181818182,198.66666666666666,3986,5038,3540,3016,2691,3152
935,106,214.45,0.5536232221963161,28,196.61764705882354,248.45454545454547,198.8181818181818,3991,5044,3543,3018,2694,3155
936,93,214.67,0.5536670238039781,28,196.85294117647058,248.72727272727272,198.96969696969697,3996,5050,3546,3020,2697,3158
937,99,214.88,0.5537034623976173,28,197.08823529411765,249.0,199.0909090909091,4001,5056,3548,3022,2700,3161
938,100,215.08,0.5537595313371768,28,197.3235294117647,249.24242424242425,199.21212121212122,4006,5061,3550,3024,2703,3164
939,93,215.27,0.5538277511961722,28,197.55882352941177,249.45454545454547,199.33333333333334,4011,5066,3552,3026,2706,3166
940,89,215.46,0.553895850737956,28,197.7941176470588,249.66666666666666,199.45454545454547,4016,5071,3554,3028,2709,3168
941,85,215.65,0.553965685137955,28,198.02941176470588,249.87878787878788,199.57575757575756,4021,5076,3556,3030,2712,3170
942,78,215.84,0.5540391030392884,28,198.26470588235293,250.0909090909091,199.6969696969697,4026,5081,3558,3032,2715,3172
943,81,216.02,0.554100546245718,28,198.5,250.27272727272728,199.8181818181818,4031,5086,3560,3034,2718,3173
944,82,216.19,0.5541445025209307,28,198.7058823529412,250.45454545454547,199.93939393939394,4035,5091,3562,3036,2721,3174
945,79,216.37,0.5541715579793872,28,198.91176470588235,250.66666666666666,200.06060606060606,4039,5097,3564,3038,2724,3175
946,82,216.55,0.55419856845994,28,199.11764705882354,250.87878787878788,200.1818181818182,4043,5103,3566,3040,2727,3176
947,82,216.73,0.5542319937249112,28,199.2941176470588,251.12121212121212,200.3030303030303,4046,5110,3568,3042,2730,3177
948,80,216.9,0.5542793914246197,28,199.5,251.3030303030303,200.42424242424244,4050,5115,3570,3044,2733,3178
949,81,217.07,0.5543267148845995,28,199.7058823529412,251.4848484848485,200.54545454545453,4054,5120,3572,3046,2736,3179
950,74,217.23,0.5543640381162823,28,199.88235294117646,251.66666666666666,200.66666666666666,4057,5125,3574,3048,2739,3180
951,74,217.38,0.554417149691784,28,200.05882352941177,251.84848484848484,200.75757575757575,4060,5130,3576,3049,2742,3181
952,75,217.52,0.5544961382861345,28,200.23529411764707,252.0,200.84848484848484,4063,5135,3578,3050,2745,3181
953,70,217.66,0.5545750252687678,28,200.41176470588235,252.15151515151516,200.93939393939394,4066,5140,3580,3051,2748,3181
954,77,217.8,0.554653810835629,28,200.58823529411765,252.3030303030303,201.03030303030303,4069,5145,3582,3052,2751,3181
955,73,217.93,0.5547501491304547,28,200.76470588235293,252.45454545454547,201.0909090909091,4072,5150,3583,3053,2754,3181
956,69,218.06,0.5548472897367698,28,200.94117647058823,252.6060606060606,201.15151515151516,4075,5155,3584,3054,2757,3181
957,74,218.19,0.5549443145882029,28,201.11764705882354,252.75757575757575,201.21212121212122,4078,5160,3585,3055,2760,3181
958,87,218.33,0.5550235881463839,28,201.2941176470588,252.9090909090909,201.3030303030303,4081,5165,3587,3056,2763,3181
959,82,218.47,0.5551027601043621,28,201.47058823529412,253.06060606060606,201.3939393939394,4084,5170,3589,3057,2766,3181
960,80,218.61,0.555181830657335,28,201.64705882352942,253.21212121212122,201.4848484848485,4087,5175,3591,3058,2769,3181
961,93,218.75,0.5552608,28,201.8235294117647,253.36363636363637,201.57575757575756,4090,5180,3593,3059,2772,3181
962,88,218.89,0.5553396683265567,28,202.0,253.5151515151515,201.66666666666666,4093,5185,3595,3060,2775,3181
963,91,219.04,0.5554017531044558,28,202.1764705882353,253.66666666666666,201.78787878787878,4096,5190,3597,3062,2778,3181
964,88,219.19,0.5554646653588211,28,202.35294117647058,253.8181818181818,201.9090909090909,4099,5195,3599,3064,2781,3181
965,91,219.34,0.5555284033919942,28,202.52941176470588,253.96969696969697,202.03030303030303,4102,5200,3601,3066,2784,3181
966,109,219.49,0.5555920543077133,28,202.7058823529412,254.12121212121212,202.15151515151516,4105,5205,3603,3068,2787,3181
967,94,219.64,0.5556565288654162,28,202.88235294117646,254.27272727272728,202.27272727272728,4108,5210,3605,3070,2790,3181
968,97,219.79,0.5557227353382774,28,203.05882352941177,254.42424242424244,202.3939393939394,4111,5215,3607,3072,2793,3181
969,111,219.95,0.5557540350079564,28,203.26470588235293,254.57575757575756,202.5151515151515,4114,5220,3609,3074,2797,3181
970,104,220.11,0.555709872336559,28,203.47058823529412,254.75757575757575,202.6060606060606,4117,5225,3610,3076,2801,3182
971,93,220.28,0.555677319774832,28,203.6764705882353,254.93939393939394,202.72727272727272,4120,5230,3612,3078,2805,3183
972,97,220.45,0.5556457246541165,28,203.88235294117646,255.12121212121212,202.84848484848484,4123,5235,3614,3080,2809,3184
973,93,220.61,0.5556806128461992,28,204.08823529411765,255.27272727272728,202.96969696969697,4126,5240,3616,3082,2813,3184
974,93,220.76,0.5557057437941656,28,204.2941176470588,255.42424242424244,203.06060606060606,4129,5245,3617,3084,2817,3184
975,95,220.92,0.555742350172008,28,204.5,255.57575757575756,203.1818181818182,4132,5250,3619,3086,2821,3184
976,93,221.09,0.5557207472070198,28,204.73529411764707,255.72727272727272,203.3030303030303,4135,5255,3621,3088,2826,3184
977,96,221.27,0.5556772269173408,28,204.97058823529412,255.87878787878788,203.45454545454547,4138,5260,3623,3091,2831,3184
978,97,221.44,0.5556304190751445,28,205.2058823529412,256.030303030303,203.57575757575756,4141,5265,3625,3093,2836,3184
979,94,221.62,0.5555202599043407,28,205.47058823529412,256.1818181818182,203.6969696969697,4144,5270,3627,3095,2842,3184
980,91,221.8,0.5554111812443643,28,205.73529411764707,256.3333333333333,203.8181818181818,4147,5275,3629,3097,2848,3184
981,90,221.99,0.5552912293346547,28,206.0,256.4848484848485,203.96969696969697,4150,5280,3631,3100,2854,3184
982,85,222.16,0.5552358660424919,28,206.2058823529412,256.6363636363636,204.12121212121212,4153,5285,3633,3103,2858,3184
983,80,222.33,0.5551814869788153,28,206.41176470588235,256.7878787878788,204.27272727272728,4156,5290,3635,3106,2862,3184
984,91,222.49,0.555144500876444,28,206.61764705882354,256.93939393939394,204.3939393939394,4159,5295,3637,3108,2866,3184
985,81,222.65,0.55510846620256,28,206.8235294117647,257.09090909090907,204.5151515151515,4162,5300,3639,3110,2870,3184
986,86,222.81,0.5551263408285085,28,207.02941176470588,257.24242424242425,204.63636363636363,4165,5305,3641,3112,2874,3184
987,85,222.97,0.5551450867829754,28,207.23529411764707,257.3939393939394,204.75757575757575,4168,5310,3643,3114,2878,3184
988,81,223.13,0.5551655985300049,28,207.44117647058823,257.54545454545456,204.87878787878788,4171,5315,3645,3116,2882,3184
989,85,223.33,0.5550239555814266,28,207.73529411764707,257.72727272727275,205.0,4175,5321,3647,3118,2888,3184
990,98,223.53,0.5548825660985103,28,208.0,257.90909090909093,205.15151515151516,4179,5327,3649,3121,2893,3184
991,95,223.74,0.5547501564315723,28,208.26470588235293,258.09090909090907,205.33333333333334,4183,5333,3652,3124,2898,3184
992,94,223.96,0.5546436863725666,28,208.52941176470588,258.27272727272725,205.54545454545453,4188,5339,3655,3128,2902,3184
993,105,224.18,0.5545748951735213,28,208.7941176470588,258.45454545454544,205.75757575757575,4193,5345,3658,3132,2906,3184
994,104,224.4,0.5545071301247773,28,209.05882352941177,258.6363636363636,205.96969696969697,4198,5351,3661,3136,2910,3184
995,98,224.61,0.5544245581229688,28,209.2941176470588,258.8181818181818,206.1818181818182,4202,5357,3664,3140,2914,3184
996,112,224.83,0.5543588489080639,28,209.55882352941177,259.0,206.3939393939394,4207,5363,3667,3144,2918,3184
997,118,225.04,0.5543085673658016,28,209.8235294117647,259.1818181818182,206.57575757575756,4212,5369,3670,3147,2922,3184
998,109,225.25,0.5542583795782464,28,210.08823529411765,259.3636363636364,206.75757575757575,4217,5375,3673,3150,2926,3184
999,121,225.46,0.554210059434046,28,210.35294117647058,259.54545454545456,206.93939393939394,4222,5381,3676,3153,2930,3184
1000,121,225.67,0.5541636017193247,28,210.61764705882354,259.72727272727275,207.12121212121212,4227,5387,3679,3156,2934,3184
