,TotalSugar,AvgSugarLevel,SugarGini,NumCooperators,RiskAverseAvgSugar,NeutralAvgSugar,RiskSeekingAvgSugar,RiskAverseCoopSugar,NeutralCoopSugar,RiskSeekingCoopSugar,RiskSeekingNonCoopSugar,RiskAverseNonCoopSugar,NeutralNonCoopSugar
0,4622,0.0,0.0,28,0.0,0.0,0.0,0,0,0,0,0,0
1,4536,0.86,0.14,28,0.8823529411764706,0.9393939393939394,0.7575757575757576,8,9,7,18,22,22
2,4449,1.73,0.13497109826589593,28,1.7647058823529411,1.878787878787879,1.5454545454545454,16,18,14,37,44,44
3,4362,2.6,0.13330769230769235,28,2.6470588235294117,2.8181818181818183,2.3333333333333335,24,27,21,56,66,66
4,4275,3.47,0.13247838616714702,28,3.5294117647058822,3.757575757575758,3.121212121212121,32,36,28,75,88,88
5,4188,4.34,0.13198156682027645,28,4.411764705882353,4.696969696969697,3.909090909090909,40,45,35,94,110,110
6,4102,5.2,0.1332692307692308,28,5.264705882352941,5.636363636363637,4.696969696969697,48,54,42,113,131,132
7,4015,6.07,0.1328006589785832,28,6.147058823529412,6.575757575757576,5.484848484848484,56,63,49,132,153,154
8,3927,6.95,0.1311798561151079,28,7.029411764705882,7.515151515151516,6.303030303030303,64,72,56,152,175,176
9,3839,7.83,0.12992337164750964,28,7.911764705882353,8.454545454545455,7.121212121212121,72,81,63,172,197,198
10,3751,8.71,0.12882893226176806,28,8.794117647058824,9.393939393939394,7.9393939393939394,80,90,70,192,219,220
11,3664,9.58,0.1288517745302714,28,9.676470588235293,10.333333333333334,8.727272727272727,88,99,77,211,241,242
12,3576,10.46,0.1280688336520076,28,10.558823529411764,11.303030303030303,9.515151515151516,96,108,84,230,263,265
13,3488,11.34,0.12737213403880077,28,11.411764705882353,12.272727272727273,10.333333333333334,104,117,91,250,284,288
14,3401,12.21,0.1274774774774775,28,12.294117647058824,13.242424242424242,11.090909090909092,112,126,98,268,306,311
15,3313,13.09,0.12688311688311685,28,13.147058823529411,14.212121212121213,11.909090909090908,119,135,105,288,328,334
16,3227,13.95,0.12754838709677416,28,13.970588235294118,15.181818181818182,12.696969696969697,126,144,112,307,349,357
17,3141,14.81,0.12813639432815663,28,14.823529411764707,16.151515151515152,13.454545454545455,134,153,119,325,370,380
18,3056,15.66,0.12924648786717755,28,15.647058823529411,17.12121212121212,14.212121212121213,142,162,126,343,390,403
19,2971,16.51,0.13025439127801333,28,16.470588235294116,18.09090909090909,14.969696969696969,149,171,133,361,411,426
20,2885,17.37,0.13071387449625788,28,17.323529411764707,19.060606060606062,15.727272727272727,157,180,140,379,432,449
21,2800,18.22,0.1315806805708013,28,18.147058823529413,20.03030303030303,16.484848484848484,165,189,147,397,452,472
22,2716,19.06,0.13277019937040918,28,18.970588235294116,20.96969696969697,17.242424242424242,173,198,154,415,472,494
23,2630,19.92,0.13294176706827315,28,19.823529411764707,21.90909090909091,18.03030303030303,181,207,161,434,493,516
24,2547,20.78,0.13309913378248311,28,20.676470588235293,22.848484848484848,18.818181818181817,189,216,168,453,514,538
25,2461,21.64,0.13326247689463955,28,21.529411764705884,23.78787878787879,19.606060606060606,197,225,175,472,535,560
26,2375,22.5,0.13341333333333338,28,22.38235294117647,24.727272727272727,20.393939393939394,205,234,182,491,556,582
27,2289,23.36,0.13356164383561647,28,23.235294117647058,25.666666666666668,21.181818181818183,213,243,189,510,577,604
28,2203,24.22,0.13369942196531795,28,24.08823529411765,26.606060606060606,21.96969696969697,221,252,196,529,598,626
29,2118,25.07,0.13421220582369373,28,24.941176470588236,27.545454545454547,22.727272727272727,229,261,203,547,619,648
30,2033,25.92,0.13469907407407405,28,25.794117647058822,28.484848484848484,23.484848484848484,237,270,210,565,640,670
31,1947,26.78,0.13480209111277078,28,26.647058823529413,29.424242424242426,24.272727272727273,245,279,217,584,661,692
32,1860,27.65,0.13460759493670893,28,27.5,30.393939393939394,25.060606060606062,253,288,224,603,682,715
33,1773,28.52,0.13442496493688638,28,28.352941176470587,31.363636363636363,25.848484848484848,261,297,231,622,703,738
34,1687,29.38,0.13450646698434313,28,29.176470588235293,32.333333333333336,26.636363636363637,269,306,238,641,723,761
35,1602,30.23,0.1348230234866027,28,30.0,33.303030303030305,27.393939393939394,277,315,245,659,743,784
36,1517,31.08,0.13510939510939507,28,30.852941176470587,34.27272727272727,28.12121212121212,285,324,252,676,764,807
37,1433,31.92,0.13558897243107765,28,31.705882352941178,35.21212121212121,28.848484848484848,293,333,259,693,785,829
38,1350,32.75,0.1361862595419848,28,32.588235294117645,36.15151515151515,29.515151515151516,301,342,264,710,807,851
39,1272,33.53,0.1376468833880108,28,33.411764705882355,36.93939393939394,30.242424242424242,309,350,270,728,827,869
40,1194,34.31,0.13902943748178373,28,34.205882352941174,37.75757575757576,30.96969696969697,317,358,276,746,846,888
41,1117,35.08,0.14058722919042183,28,35.029411764705884,38.57575757575758,31.636363636363637,325,366,282,762,866,907
42,1041,35.84,0.1422544642857143,28,35.85294117647059,39.39393939393939,32.27272727272727,333,373,287,778,886,927
43,969,36.59,0.14383438097840937,28,36.61764705882353,40.18181818181818,32.96969696969697,340,381,293,795,905,945
44,895,37.33,0.14552638628448974,28,37.35294117647059,40.96969696969697,33.666666666666664,346,389,298,813,924,963
45,826,38.05,0.14741918528252299,28,38.05882352941177,41.78787878787879,34.303030303030305,352,397,303,829,942,982
46,759,38.75,0.1496954838709678,28,38.76470588235294,42.60606060606061,34.878787878787875,358,405,308,843,960,1001
47,694,39.43,0.15193761095612474,28,39.44117647058823,43.39393939393939,35.45454545454545,364,414,313,857,977,1018
48,623,40.14,0.15346287992027896,28,40.1764705882353,44.15151515151515,36.09090909090909,370,422,319,872,996,1035
49,559,40.78,0.15535556645414417,28,40.76470588235294,44.84848484848485,36.72727272727273,374,429,325,887,1012,1051
50,504,41.33,0.15792160658117596,28,41.35294117647059,45.39393939393939,37.24242424242424,378,434,330,899,1028,1064
51,447,41.9,0.16057279236276856,28,41.911764705882355,46.0,37.78787878787879,383,440,336,911,1042,1078
52,395,42.42,0.1630787364450731,28,42.411764705882355,46.54545454545455,38.303030303030305,388,446,342,922,1054,1090
53,350,42.87,0.16588523442967115,28,42.8235294117647,47.03030303030303,38.75757575757576,392,450,347,932,1064,1102
54,310,43.27,0.16836376242200146,28,43.205882352941174,47.515151515151516,39.09090909090909,395,455,351,939,1074,1113
55,270,43.67,0.17130982367758193,28,43.61764705882353,47.96969696969697,39.42424242424242,398,460,354,947,1085,1123
56,232,44.05,0.17366401816118043,28,44.029411764705884,48.36363636363637,39.75757575757576,401,465,358,954,1096,1131
57,203,44.34,0.17549391069012174,28,44.38235294117647,48.666666666666664,39.96969696969697,404,468,362,957,1105,1138
58,181,44.56,0.17733842010771994,28,44.64705882352941,48.90909090909091,40.121212121212125,405,471,364,960,1113,1143
59,165,44.72,0.17933810375670844,28,44.8235294117647,49.09090909090909,40.24242424242424,406,473,365,963,1118,1147
60,149,44.88,0.18126559714795007,28,45.0,49.24242424242424,40.39393939393939,407,475,366,967,1123,1150
61,135,45.02,0.18228342958685034,28,45.14705882352941,49.333333333333336,40.57575757575758,407,476,367,972,1128,1152
62,122,45.18,0.1833466135458167,28,45.3235294117647,49.45454545454545,40.75757575757576,408,479,369,976,1133,1153
63,119,45.3,0.18440618101545256,28,45.44117647058823,49.54545454545455,40.90909090909091,410,481,371,979,1135,1154
64,116,45.42,0.18579920739762215,28,45.61764705882353,49.63636363636363,41.0,412,483,372,981,1139,1155
65,112,45.55,0.1871811196487377,28,45.794117647058826,49.72727272727273,41.121212121212125,414,485,372,985,1143,1156
66,112,45.67,0.18855047076855697,28,45.911764705882355,49.84848484848485,41.24242424242424,416,488,372,989,1145,1157
67,117,45.77,0.1897684072536596,28,46.029411764705884,49.96969696969697,41.303030303030305,418,491,372,991,1147,1158
68,119,45.9,0.19140305010893244,28,46.1764705882353,50.121212121212125,41.39393939393939,421,495,372,994,1149,1159
69,108,46.04,0.19249348392702004,28,46.294117647058826,50.36363636363637,41.45454545454545,424,499,372,996,1150,1163
70,103,46.18,0.1933607622347337,28,46.411764705882355,50.60606060606061,41.515151515151516,426,502,372,998,1152,1168
71,101,46.29,0.1941650464463167,28,46.470588235294116,50.81818181818182,41.57575757575758,428,505,372,1000,1152,1172
72,92,46.41,0.19504201680672267,28,46.55882352941177,50.96969696969697,41.696969696969695,430,508,372,1004,1153,1174
73,90,46.52,0.19610920034393814,28,46.64705882352941,51.09090909090909,41.81818181818182,432,511,372,1008,1154,1175
74,90,46.61,0.1971787170135164,28,46.705882352941174,51.21212121212121,41.90909090909091,434,514,372,1011,1154,1176
75,79,46.72,0.19817208904109593,28,46.8235294117647,51.333333333333336,42.0,438,517,372,1014,1154,1177
76,77,46.83,0.19931027119367925,28,46.911764705882355,51.45454545454545,42.121212121212125,441,520,372,1018,1154,1178
77,77,46.92,0.2002216538789429,28,46.94117647058823,51.60606060606061,42.21212121212121,442,524,372,1021,1154,1179
78,73,47.02,0.20115270097830718,28,46.970588235294116,51.72727272727273,42.36363636363637,443,527,372,1026,1154,1180
79,71,47.13,0.20222575854020788,28,47.029411764705884,51.84848484848485,42.515151515151516,445,530,372,1031,1154,1181
80,73,47.23,0.2034067330086809,28,47.088235294117645,51.96969696969697,42.63636363636363,447,533,372,1035,1154,1182
81,69,47.33,0.20459961969152757,28,47.14705882352941,52.09090909090909,42.75757575757576,449,536,372,1039,1154,1183
82,66,47.45,0.20573867228661755,28,47.205882352941174,52.24242424242424,42.90909090909091,451,540,373,1043,1154,1184
83,74,47.55,0.20698002103049418,28,47.26470588235294,52.36363636363637,43.03030303030303,453,543,373,1047,1154,1185
84,63,47.66,0.2083843894250944,28,47.3235294117647,52.484848484848484,43.18181818181818,455,546,373,1052,1154,1186
85,63,47.75,0.20953089005235598,28,47.38235294117647,52.60606060606061,43.27272727272727,457,549,373,1055,1154,1187
86,73,47.86,0.2109444212285834,28,47.44117647058823,52.72727272727273,43.42424242424242,459,552,373,1060,1154,1188
87,65,47.97,0.21230977694392322,28,47.5,52.84848484848485,43.57575757575758,461,555,374,1064,1154,1189
88,61,48.07,0.21356147285209076,28,47.55882352941177,52.96969696969697,43.696969696969695,463,558,375,1067,1154,1190
89,66,48.17,0.21484533942287726,28,47.61764705882353,53.09090909090909,43.81818181818182,465,561,376,1070,1154,1191
90,59,48.27,0.21610731303086808,28,47.705882352941174,53.21212121212121,43.90909090909091,467,564,377,1072,1155,1192
91,52,48.37,0.21739714699193713,28,47.794117647058826,53.333333333333336,44.0,469,567,378,1074,1156,1193
92,65,48.45,0.21843343653250769,28,47.85294117647059,53.42424242424242,44.09090909090909,471,569,379,1076,1156,1194
93,60,48.53,0.2194827941479497,28,47.911764705882355,53.515151515151516,44.18181818181818,473,571,380,1078,1156,1195
94,55,48.61,0.2205492696975931,28,47.970588235294116,53.60606060606061,44.27272727272727,475,573,381,1080,1156,1196
95,55,48.7,0.2216919917864476,28,48.029411764705884,53.72727272727273,44.36363636363637,477,575,382,1082,1156,1198
96,58,48.79,0.22285509325681488,28,48.088235294117645,53.84848484848485,44.45454545454545,479,577,383,1084,1156,1200
97,52,48.88,0.22402209492635022,28,48.14705882352941,53.96969696969697,44.54545454545455,481,579,384,1086,1156,1202
98,54,48.98,0.22501020824826454,28,48.23529411764706,54.09090909090909,44.63636363636363,483,581,385,1088,1157,1204
99,55,49.06,0.22605381165919283,28,48.294117647058826,54.18181818181818,44.72727272727273,485,583,386,1090,1157,1205
100,55,49.15,0.22713530010172944,28,48.35294117647059,54.27272727272727,44.84848484848485,487,585,387,1093,1157,1206
101,55,49.24,0.22823720552396423,28,48.411764705882355,54.36363636363637,44.96969696969697,489,587,388,1096,1157,1207
102,58,49.33,0.22936752483275896,28,48.470588235294116,54.45454545454545,45.09090909090909,491,589,389,1099,1157,1208
103,51,49.43,0.23063524175601857,28,48.529411764705884,54.57575757575758,45.21212121212121,493,592,390,1102,1157,1209
104,47,49.53,0.23190591560670298,28,48.588235294117645,54.696969696969695,45.333333333333336,495,595,391,1105,1157,1210
105,44,49.62,0.23305118903667876,28,48.64705882352941,54.81818181818182,45.42424242424242,497,598,392,1107,1157,1211
106,41,49.71,0.23421243210621612,28,48.705882352941174,54.93939393939394,45.515151515151516,499,600,393,1109,1157,1213
107,47,49.8,0.23537349397590362,28,48.76470588235294,55.09090909090909,45.57575757575758,501,603,394,1110,1157,1215
108,42,49.91,0.23678020436786212,28,48.8235294117647,55.24242424242424,45.696969696969695,503,606,395,1113,1157,1217
109,45,50.0,0.23793599999999998,28,48.88235294117647,55.39393939393939,45.75757575757576,505,609,395,1115,1157,1219
110,42,50.09,0.23907167099221396,28,48.911764705882355,55.54545454545455,45.84848484848485,506,612,396,1117,1157,1221
111,43,50.17,0.24010165437512454,28,48.94117647058823,55.696969696969695,45.90909090909091,507,615,397,1118,1157,1223
112,41,50.25,0.2411323383084577,28,48.970588235294116,55.84848484848485,45.96969696969697,508,618,398,1119,1157,1225
113,39,50.33,0.24215974567852172,28,49.0,56.0,46.03030303030303,509,621,399,1120,1157,1227
114,38,50.4,0.24307539682539683,28,49.029411764705884,56.15151515151515,46.06060606060606,510,624,399,1121,1157,1229
115,40,50.47,0.24398850802456906,28,49.05882352941177,56.303030303030305,46.09090909090909,511,627,399,1122,1157,1231
116,38,50.55,0.24478140454995057,28,49.088235294117645,56.484848484848484,46.121212121212125,512,630,399,1123,1157,1234
117,36,50.63,0.2455717953782343,28,49.11764705882353,56.666666666666664,46.15151515151515,513,633,399,1124,1157,1237
118,37,50.71,0.2465016761979885,28,49.14705882352941,56.81818181818182,46.21212121212121,514,636,400,1125,1157,1239
119,41,50.79,0.24744044103169913,28,49.1764705882353,56.96969696969697,46.27272727272727,515,639,401,1126,1157,1241
120,39,50.87,0.24838411637507377,28,49.205882352941174,57.121212121212125,46.333333333333336,516,642,402,1127,1157,1243
121,42,50.93,0.24911250736304738,28,49.23529411764706,57.24242424242424,46.36363636363637,517,645,403,1127,1157,1244
122,42,50.99,0.2498431064914689,28,49.26470588235294,57.36363636363637,46.39393939393939,518,648,404,1127,1157,1245
123,48,51.05,0.25057982370225274,28,49.294117647058826,57.484848484848484,46.42424242424242,519,651,405,1127,1157,1246
124,48,51.11,0.2513187243200939,28,49.3235294117647,57.60606060606061,46.45454545454545,520,654,406,1127,1157,1247
125,47,51.18,0.2521766314966784,28,49.35294117647059,57.72727272727273,46.515151515151516,521,657,408,1127,1157,1248
126,57,51.26,0.25314085056574326,28,49.38235294117647,57.84848484848485,46.60606060606061,522,660,410,1128,1157,1249
127,51,51.35,0.2542297955209348,28,49.411764705882355,57.96969696969697,46.72727272727273,523,663,412,1130,1157,1250
128,51,51.44,0.25532659409020214,28,49.44117647058823,58.09090909090909,46.84848484848485,524,666,414,1132,1157,1251
129,52,51.52,0.25631211180124225,28,49.470588235294116,58.21212121212121,46.93939393939394,525,669,415,1134,1157,1252
130,49,51.61,0.25741716721565594,28,49.5,58.333333333333336,47.06060606060606,526,672,417,1136,1157,1253
131,42,51.71,0.2585670083156063,28,49.529411764705884,58.484848484848484,47.18181818181818,527,675,419,1138,1157,1255
132,47,51.81,0.259712410731519,28,49.55882352941177,58.63636363636363,47.303030303030305,528,678,421,1140,1157,1257
133,50,51.9,0.26080924855491333,28,49.588235294117645,58.75757575757576,47.42424242424242,529,681,423,1142,1157,1258
134,44,51.99,0.26190228890171185,28,49.61764705882353,58.878787878787875,47.54545454545455,530,684,425,1144,1157,1259
135,43,52.09,0.26310040314839694,28,49.64705882352941,59.03030303030303,47.666666666666664,531,687,427,1146,1157,1261
136,42,52.19,0.2642939260394712,28,49.6764705882353,59.18181818181818,47.78787878787879,532,690,429,1148,1157,1263
137,41,52.29,0.2654905335628227,28,49.705882352941174,59.333333333333336,47.90909090909091,533,693,431,1150,1157,1265
138,39,52.4,0.2666832061068702,28,49.73529411764706,59.484848484848484,48.06060606060606,534,696,433,1153,1157,1267
139,37,52.48,0.2676448170731707,28,49.76470588235294,59.60606060606061,48.15151515151515,535,699,435,1154,1157,1268
140,29,52.56,0.268607305936073,28,49.794117647058826,59.72727272727273,48.24242424242424,536,702,437,1155,1157,1269
141,30,52.64,0.26957066869300916,28,49.8235294117647,59.84848484848485,48.333333333333336,537,705,439,1156,1157,1270
142,28,52.72,0.27053110773899847,28,49.85294117647059,59.96969696969697,48.42424242424242,538,708,441,1157,1157,1271
143,31,52.78,0.27122015915119363,28,49.85294117647059,60.06060606060606,48.515151515151516,538,710,443,1158,1157,1272
144,35,52.86,0.2721566401816118,28,49.88235294117647,60.18181818181818,48.60606060606061,539,712,445,1159,1157,1274
145,30,52.94,0.2730940687570835,28,49.911764705882355,60.303030303030305,48.696969696969695,540,714,447,1160,1157,1276
146,22,53.02,0.27402866842700874,28,49.94117647058823,60.42424242424242,48.78787878787879,541,716,449,1161,1157,1278
147,25,53.08,0.2747249434815373,28,49.94117647058823,60.515151515151516,48.878787878787875,541,718,451,1162,1157,1279
148,33,53.15,0.2755277516462841,28,49.94117647058823,60.63636363636363,48.96969696969697,541,720,453,1163,1157,1281
149,35,53.22,0.27634723788049614,28,49.970588235294116,60.72727272727273,49.06060606060606,542,721,455,1164,1157,1283
150,42,53.3,0.2772870544090057,28,50.0,60.84848484848485,49.15151515151515,543,723,457,1165,1157,1285
151,44,53.37,0.2781019299231778,28,50.029411764705884,60.93939393939394,49.24242424242424,544,724,459,1166,1157,1287
152,47,53.46,0.27894126449682005,28,50.05882352941177,61.09090909090909,49.333333333333336,545,727,461,1167,1157,1289
153,47,53.55,0.2798001867413632,28,50.088235294117645,61.24242424242424,49.42424242424242,546,730,463,1168,1157,1291
154,53,53.64,0.2806599552572708,28,50.11764705882353,61.39393939393939,49.515151515151516,547,733,465,1169,1157,1293
155,49,53.74,0.2816002977298102,28,50.14705882352941,61.57575757575758,49.60606060606061,548,737,467,1170,1157,1295
156,42,53.84,0.2825520059435364,28,50.1764705882353,61.75757575757576,49.696969696969695,549,741,469,1171,1157,1297
157,52,53.92,0.28330860534124624,28,50.205882352941174,61.878787878787875,49.78787878787879,550,745,471,1172,1157,1297
158,48,53.99,0.2839951842933877,28,50.23529411764706,61.96969696969697,49.878787878787875,551,748,473,1173,1157,1297
159,53,54.06,0.28468738438771735,28,50.26470588235294,62.06060606060606,49.96969696969697,552,751,475,1174,1157,1297
160,65,54.15,0.2856158818097876,28,50.3235294117647,62.18181818181818,50.06060606060606,554,754,477,1175,1157,1298
161,62,54.24,0.28654867256637173,28,50.38235294117647,62.303030303030305,50.15151515151515,556,757,479,1176,1157,1299
162,56,54.33,0.28749309773605747,28,50.44117647058823,62.42424242424242,50.24242424242424,558,760,481,1177,1157,1300
163,58,54.43,0.28853757119235707,28,50.5,62.57575757575758,50.333333333333336,560,763,483,1178,1157,1302
164,66,54.53,0.28958188153310105,28,50.55882352941177,62.72727272727273,50.42424242424242,562,766,485,1179,1157,1304
165,62,54.63,0.29062236866190744,28,50.61764705882353,62.878787878787875,50.515151515151516,564,769,487,1180,1157,1306
166,64,54.73,0.29167001644436324,28,50.6764705882353,63.03030303030303,50.60606060606061,566,772,489,1181,1157,1308
167,69,54.83,0.2927211380631041,28,50.73529411764706,63.18181818181818,50.696969696969695,568,775,491,1182,1157,1310
168,65,54.93,0.29377571454578555,28,50.794117647058826,63.333333333333336,50.78787878787879,570,778,493,1183,1157,1312
169,61,55.03,0.2948300926767217,28,50.85294117647059,63.484848484848484,50.878787878787875,572,781,495,1184,1157,1314
170,63,55.13,0.2958842735352802,28,50.911764705882355,63.63636363636363,50.96969696969697,574,784,497,1185,1157,1316
171,62,55.23,0.29694187941336225,28,50.970588235294116,63.78787878787879,51.06060606060606,576,787,499,1186,1157,1318
172,64,55.33,0.2979992770648835,28,51.029411764705884,63.93939393939394,51.15151515151515,578,790,501,1187,1157,1320
173,63,55.43,0.299056467616814,28,51.088235294117645,64.0909090909091,51.24242424242424,580,793,503,1188,1157,1322
174,62,55.53,0.30011345218800645,28,51.14705882352941,64.24242424242425,51.333333333333336,582,796,505,1189,1157,1324
175,58,55.63,0.30116663670681293,28,51.205882352941174,64.39393939393939,51.42424242424242,584,799,507,1190,1157,1326
176,57,55.73,0.302216041629284,28,51.26470588235294,64.54545454545455,51.515151515151516,586,802,509,1191,1157,1328
177,62,55.83,0.3032616872649113,28,51.3235294117647,64.6969696969697,51.60606060606061,588,805,511,1192,1157,1330
178,55,55.93,0.3043071696763812,28,51.38235294117647,64.84848484848484,51.696969696969695,590,808,513,1193,1157,1332
179,51,56.03,0.30534892022131005,28,51.44117647058823,65.0,51.78787878787879,592,811,515,1194,1157,1334
180,59,56.13,0.3063869588455371,28,51.5,65.15151515151516,51.878787878787875,594,814,517,1195,1157,1336
181,58,56.23,0.30742486217321713,28,51.55882352941177,65.3030303030303,51.96969696969697,596,817,519,1196,1157,1338
182,51,56.33,0.3084590804189597,28,51.61764705882353,65.45454545454545,52.06060606060606,598,820,521,1197,1157,1340
183,59,56.43,0.3094896331738437,28,51.6764705882353,65.60606060606061,52.15151515151515,600,823,523,1198,1157,1342
184,60,56.54,0.31060134418111074,28,51.73529411764706,65.75757575757575,52.27272727272727,602,826,525,1200,1157,1344
185,61,56.65,0.3117122683142101,28,51.794117647058826,65.9090909090909,52.39393939393939,604,829,527,1202,1157,1346
186,62,56.76,0.3128188865398168,28,51.85294117647059,66.06060606060606,52.515151515151516,606,832,529,1204,1157,1348
187,55,56.89,0.31378976973105993,28,51.94117647058823,66.24242424242425,52.63636363636363,608,835,531,1206,1158,1351
188,51,57.02,0.3147842862153631,28,52.029411764705884,66.42424242424242,52.75757575757576,610,838,533,1208,1159,1354
189,59,57.15,0.3157952755905512,28,52.11764705882353,66.60606060606061,52.878787878787875,612,841,535,1210,1160,1357
190,55,57.25,0.31679825327510913,28,52.1764705882353,66.75757575757575,52.96969696969697,614,844,536,1212,1160,1359
191,57,57.35,0.3178012205754142,28,52.23529411764706,66.9090909090909,53.06060606060606,616,847,537,1214,1160,1361
192,50,57.45,0.31880069625761537,28,52.294117647058826,67.06060606060606,53.15151515151515,618,850,538,1216,1160,1363
193,49,57.55,0.3197966985230235,28,52.35294117647059,67.21212121212122,53.24242424242424,620,853,539,1218,1160,1365
194,47,57.66,0.3208740894901145,28,52.411764705882355,67.36363636363636,53.36363636363637,622,856,541,1220,1160,1367
195,46,57.76,0.3218351800554016,28,52.470588235294116,67.48484848484848,53.484848484848484,624,858,543,1222,1160,1369
196,45,57.86,0.3227964051157967,28,52.529411764705884,67.60606060606061,53.60606060606061,626,860,545,1224,1160,1371
197,47,57.96,0.3237853692201519,28,52.588235294117645,67.75757575757575,53.696969696969695,628,863,547,1225,1160,1373
198,49,58.06,0.3247709266276266,28,52.64705882352941,67.9090909090909,53.78787878787879,630,866,549,1226,1160,1375
199,42,58.16,0.32575309491059146,28,52.705882352941174,68.06060606060606,53.878787878787875,632,869,551,1227,1160,1377
200,50,58.26,0.32673189152076904,28,52.76470588235294,68.21212121212122,53.96969696969697,634,872,553,1228,1160,1379
201,50,58.35,0.32760754070265635,28,52.8235294117647,68.36363636363636,54.03030303030303,636,875,555,1228,1160,1381
202,50,58.44,0.3284770704996578,28,52.88235294117647,68.48484848484848,54.121212121212125,638,878,557,1229,1160,1382
203,46,58.54,0.3294465322856166,28,52.94117647058823,68.63636363636364,54.21212121212121,640,881,559,1230,1160,1384
204,54,58.64,0.330412687585266,28,53.0,68.78787878787878,54.303030303030305,642,884,561,1231,1160,1386
205,44,58.74,0.33137555328566565,28,53.05882352941177,68.93939393939394,54.39393939393939,644,887,563,1232,1160,1388
206,38,58.83,0.332233554309026,28,53.11764705882353,69.06060606060606,54.484848484848484,646,890,565,1233,1160,1389
207,50,58.92,0.3330889341479973,28,53.1764705882353,69.18181818181819,54.57575757575758,648,893,567,1234,1160,1390
208,41,59.01,0.33394170479579727,28,53.23529411764706,69.3030303030303,54.666666666666664,650,896,569,1235,1160,1391
209,35,59.1,0.3347952622673435,28,53.294117647058826,69.42424242424242,54.75757575757576,652,899,571,1236,1160,1392
210,50,59.19,0.3356462240243285,28,53.35294117647059,69.54545454545455,54.84848484848485,654,902,573,1237,1160,1393
211,41,59.28,0.3364946018893387,28,53.411764705882355,69.66666666666667,54.93939393939394,656,905,575,1238,1160,1394
212,34,59.38,0.3374132704614348,28,53.470588235294116,69.78787878787878,55.06060606060606,658,908,577,1240,1160,1395
213,43,59.47,0.33825626366235073,28,53.529411764705884,69.9090909090909,55.15151515151515,660,911,579,1241,1160,1396
214,38,59.55,0.33900755667506305,28,53.55882352941177,70.03030303030303,55.24242424242424,661,914,581,1242,1160,1397
215,36,59.63,0.33975683380848565,28,53.588235294117645,70.15151515151516,55.333333333333336,662,917,583,1243,1160,1398
216,51,59.72,0.3405927662424648,28,53.64705882352941,70.27272727272727,55.42424242424242,664,920,585,1244,1160,1399
217,44,59.82,0.34150451354062183,28,53.705882352941174,70.42424242424242,55.515151515151516,666,924,587,1245,1160,1400
218,43,59.92,0.34241321762349797,28,53.76470588235294,70.57575757575758,55.60606060606061,668,928,589,1246,1160,1401
219,51,60.02,0.34331889370209934,28,53.8235294117647,70.72727272727273,55.696969696969695,670,932,591,1247,1160,1402
220,45,60.11,0.3441440692064549,28,53.88235294117647,70.84848484848484,55.78787878787879,672,935,593,1248,1160,1403
221,44,60.21,0.3450440126224879,28,53.94117647058823,71.0,55.878787878787875,674,939,595,1249,1160,1404
222,52,60.31,0.3459409716464931,28,54.0,71.15151515151516,55.96969696969697,676,943,597,1250,1160,1405
223,42,60.41,0.3468349610991558,28,54.05882352941177,71.3030303030303,56.06060606060606,678,947,599,1251,1160,1406
224,39,60.5,0.34764958677685953,28,54.11764705882353,71.42424242424242,56.15151515151515,680,950,601,1252,1160,1407
225,54,60.59,0.3484617923749794,28,54.1764705882353,71.54545454545455,56.24242424242424,682,953,603,1253,1160,1408
226,51,60.68,0.3492715886618326,28,54.23529411764706,71.66666666666667,56.333333333333336,684,956,605,1254,1160,1409
227,47,60.78,0.3501579466929911,28,54.294117647058826,71.81818181818181,56.42424242424242,686,960,607,1255,1160,1410
228,52,60.88,0.3510413929040736,28,54.35294117647059,71.96969696969697,56.515151515151516,688,964,609,1256,1160,1411
229,48,60.98,0.3519219416202033,28,54.411764705882355,72.12121212121212,56.60606060606061,690,968,611,1257,1160,1412
230,47,61.08,0.35279960707269153,28,54.470588235294116,72.27272727272727,56.696969696969695,692,972,613,1258,1160,1413
231,51,61.19,0.35376532113090375,28,54.529411764705884,72.45454545454545,56.78787878787879,694,976,615,1259,1160,1415
232,50,61.29,0.35462718224832757,28,54.588235294117645,72.60606060606061,56.878787878787875,696,979,617,1260,1160,1417
233,48,61.4,0.355586319218241,28,54.64705882352941,72.78787878787878,56.96969696969697,698,983,619,1261,1160,1419
234,49,61.51,0.3565420256868802,28,54.705882352941174,72.96969696969697,57.06060606060606,700,987,621,1262,1160,1421
235,50,61.62,0.35749432002596565,28,54.76470588235294,73.15151515151516,57.15151515151515,702,991,623,1263,1160,1423
236,49,61.72,0.3583700583279327,28,54.8235294117647,73.3030303030303,57.24242424242424,704,994,625,1264,1160,1425
237,51,61.82,0.3592429634422517,28,54.88235294117647,73.45454545454545,57.333333333333336,706,997,627,1265,1160,1427
238,50,61.92,0.3601130490956072,28,54.94117647058823,73.60606060606061,57.42424242424242,708,1000,629,1266,1160,1429
239,46,62.02,0.3609803289261528,28,55.0,73.75757575757575,57.515151515151516,710,1003,631,1267,1160,1431
240,48,62.12,0.36184481648422406,28,55.05882352941177,73.9090909090909,57.60606060606061,712,1006,633,1268,1160,1433
241,47,62.22,0.3627065252330441,28,55.11764705882353,74.06060606060606,57.696969696969695,714,1009,635,1269,1160,1435
242,44,62.31,0.3634745626705184,28,55.1764705882353,74.21212121212122,57.75757575757576,716,1012,637,1269,1160,1437
243,47,62.4,0.3642403846153846,28,55.23529411764706,74.36363636363636,57.81818181818182,718,1015,639,1269,1160,1439
244,47,62.49,0.36500400064010236,28,55.294117647058826,74.51515151515152,57.878787878787875,720,1018,641,1269,1160,1441
245,44,62.58,0.36576542026206454,28,55.35294117647059,74.66666666666667,57.93939393939394,722,1021,643,1269,1160,1443
246,47,62.67,0.36652784426360296,28,55.411764705882355,74.81818181818181,58.0,724,1024,645,1269,1160,1445
247,47,62.76,0.367291268323773,28,55.470588235294116,74.96969696969697,58.06060606060606,726,1027,647,1269,1160,1447
248,44,62.85,0.36805568814638023,28,55.529411764705884,75.12121212121212,58.121212121212125,728,1030,649,1269,1160,1449
249,47,62.94,0.36881792183031464,28,55.588235294117645,75.27272727272727,58.18181818181818,730,1033,651,1269,1160,1451
250,47,63.03,0.3695779787402824,28,55.64705882352941,75.42424242424242,58.24242424242424,732,1036,653,1269,1160,1453
251,44,63.12,0.3703358681875792,28,55.705882352941174,75.57575757575758,58.303030303030305,734,1039,655,1269,1160,1455
252,47,63.21,0.3710915994304698,28,55.76470588235294,75.72727272727273,58.36363636363637,736,1042,657,1269,1160,1457
253,47,63.3,0.3718451816745656,28,55.8235294117647,75.87878787878788,58.42424242424242,738,1045,659,1269,1160,1459
254,44,63.39,0.37259662407319766,28,55.88235294117647,76.03030303030303,58.484848484848484,740,1048,661,1269,1160,1461
255,47,63.48,0.3733459357277883,28,55.94117647058823,76.18181818181819,58.54545454545455,742,1051,663,1269,1160,1463
256,47,63.57,0.3740931256882177,28,56.0,76.33333333333333,58.60606060606061,744,1054,665,1269,1160,1465
257,44,63.66,0.37483820295318876,28,56.05882352941177,76.48484848484848,58.666666666666664,746,1057,667,1269,1160,1467
258,47,63.75,0.3755811764705882,28,56.11764705882353,76.63636363636364,58.72727272727273,748,1060,669,1269,1160,1469
259,47,63.84,0.3763220551378446,28,56.1764705882353,76.78787878787878,58.78787878787879,750,1063,671,1269,1160,1471
260,44,63.93,0.3770608478022837,28,56.23529411764706,76.93939393939394,58.84848484848485,752,1066,673,1269,1160,1473
261,47,64.02,0.37780068728522337,28,56.294117647058826,77.0909090909091,58.90909090909091,754,1069,675,1269,1160,1475
262,47,64.11,0.3785384495398534,28,56.35294117647059,77.24242424242425,58.96969696969697,756,1072,677,1269,1160,1477
263,44,64.2,0.3792741433021807,28,56.411764705882355,77.39393939393939,59.03030303030303,758,1075,679,1269,1160,1479
264,47,64.29,0.3800077772592938,28,56.470588235294116,77.54545454545455,59.09090909090909,760,1078,681,1269,1160,1481
265,47,64.38,0.38074246660453553,28,56.529411764705884,77.6969696969697,59.15151515151515,762,1081,683,1269,1160,1483
266,44,64.47,0.3814751046998604,28,56.588235294117645,77.84848484848484,59.21212121212121,764,1084,685,1269,1160,1485
267,47,64.56,0.38220570012391575,28,56.64705882352941,78.0,59.27272727272727,766,1087,687,1269,1160,1487
268,47,64.65,0.3829342614075793,28,56.705882352941174,78.15151515151516,59.333333333333336,768,1090,689,1269,1160,1489
269,44,64.74,0.383660797034291,28,56.76470588235294,78.3030303030303,59.39393939393939,770,1093,691,1269,1160,1491
270,47,64.83,0.38438840043189887,28,56.8235294117647,78.45454545454545,59.45454545454545,772,1096,693,1269,1160,1493
271,47,64.92,0.38511398644485517,28,56.88235294117647,78.60606060606061,59.515151515151516,774,1099,695,1269,1160,1495
272,44,65.01,0.3858375634517766,28,56.94117647058823,78.75757575757575,59.57575757575758,776,1102,697,1269,1160,1497
273,47,65.1,0.3865591397849462,28,57.0,78.9090909090909,59.63636363636363,778,1105,699,1269,1160,1499
274,47,65.19,0.38727872373063355,28,57.05882352941177,79.06060606060606,59.696969696969695,780,1108,701,1269,1160,1501
275,44,65.28,0.3879963235294117,28,57.11764705882353,79.21212121212122,59.75757575757576,782,1111,703,1269,1160,1503
276,47,65.37,0.38871194737647236,28,57.1764705882353,79.36363636363636,59.81818181818182,784,1114,705,1269,1160,1505
277,47,65.46,0.3894256034219371,28,57.23529411764706,79.51515151515152,59.878787878787875,786,1117,707,1269,1160,1507
278,44,65.55,0.390137299771167,28,57.294117647058826,79.66666666666667,59.93939393939394,788,1120,709,1269,1160,1509
279,47,65.64,0.3908470444850701,28,57.35294117647059,79.81818181818181,60.0,790,1123,711,1269,1160,1511
280,47,65.73,0.3915548455804047,28,57.411764705882355,79.96969696969697,60.06060606060606,792,1126,713,1269,1160,1513
281,44,65.82,0.39226071103008203,28,57.470588235294116,80.12121212121212,60.121212121212125,794,1129,715,1269,1160,1515
282,46,65.92,0.3929247572815534,28,57.529411764705884,80.3030303030303,60.18181818181818,796,1132,717,1269,1160,1518
283,46,66.01,0.39362672322375397,28,57.588235294117645,80.45454545454545,60.24242424242424,798,1135,719,1269,1160,1520
284,43,66.1,0.3943267776096823,28,57.64705882352941,80.60606060606061,60.303030303030305,800,1138,721,1269,1160,1522
285,46,66.19,0.3950249282368938,28,57.705882352941174,80.75757575757575,60.36363636363637,802,1141,723,1269,1160,1524
286,46,66.28,0.39572118286059144,28,57.76470588235294,80.9090909090909,60.42424242424242,804,1144,725,1269,1160,1526
287,43,66.37,0.3964155491939129,28,57.8235294117647,81.06060606060606,60.484848484848484,806,1147,727,1269,1160,1528
288,46,66.46,0.39710803490821545,28,57.88235294117647,81.21212121212122,60.54545454545455,808,1150,729,1269,1160,1530
289,46,66.55,0.39779864763335837,28,57.94117647058823,81.36363636363636,60.60606060606061,810,1153,731,1269,1160,1532
290,46,66.64,0.3984873949579832,28,58.0,81.51515151515152,60.666666666666664,812,1156,733,1269,1160,1534
291,48,66.74,0.39919388672460293,28,58.088235294117645,81.66666666666667,60.72727272727273,815,1159,735,1269,1160,1536
292,50,66.84,0.3999012567324955,28,58.1764705882353,81.81818181818181,60.78787878787879,818,1162,737,1269,1160,1538
293,45,66.95,0.4004884241971621,28,58.26470588235294,82.0,60.84848484848485,821,1166,739,1269,1160,1540
294,47,67.05,0.40105443698732285,28,58.3235294117647,82.18181818181819,60.90909090909091,823,1170,741,1269,1160,1542
295,46,67.15,0.4016187639612807,28,58.38235294117647,82.36363636363636,60.96969696969697,825,1174,743,1269,1160,1544
296,43,67.24,0.402296252230815,28,58.44117647058823,82.51515151515152,61.03030303030303,827,1177,745,1269,1160,1546
297,52,67.33,0.40297192930343084,28,58.5,82.66666666666667,61.09090909090909,829,1180,747,1269,1160,1548
298,53,67.44,0.4037188612099644,28,58.588235294117645,82.84848484848484,61.15151515151515,832,1184,749,1269,1160,1550
299,50,67.56,0.4043694493783304,28,58.6764705882353,83.06060606060606,61.21212121212121,835,1189,751,1269,1160,1552
300,53,67.68,0.40504137115839245,28,58.76470588235294,83.27272727272727,61.27272727272727,838,1194,753,1269,1160,1554
301,53,67.8,0.40571386430678463,28,58.85294117647059,83.48484848484848,61.333333333333336,841,1199,755,1269,1160,1556
302,50,67.92,0.40639281507656067,28,58.94117647058823,83.6969696969697,61.39393939393939,844,1204,757,1269,1160,1558
303,53,68.04,0.40708112874779545,28,59.029411764705884,83.9090909090909,61.45454545454545,847,1209,759,1269,1160,1560
304,53,68.16,0.407787558685446,28,59.11764705882353,84.12121212121212,61.515151515151516,850,1214,761,1269,1160,1562
305,50,68.28,0.40850322202694783,28,59.205882352941174,84.33333333333333,61.57575757575758,853,1219,763,1269,1160,1564
306,53,68.4,0.40922222222222226,28,59.294117647058826,84.54545454545455,61.63636363636363,856,1224,765,1269,1160,1566
307,53,68.52,0.40995913601868067,28,59.38235294117647,84.75757575757575,61.696969696969695,859,1229,767,1269,1160,1568
308,50,68.64,0.41069930069930066,28,59.470588235294116,84.96969696969697,61.75757575757576,862,1234,769,1269,1160,1570
309,53,68.76,0.4114485165794066,28,59.55882352941177,85.18181818181819,61.81818181818182,865,1239,771,1269,1160,1572
310,53,68.88,0.4122009291521486,28,59.64705882352941,85.39393939393939,61.878787878787875,868,1244,773,1269,1160,1574
311,50,69.0,0.41295362318840584,28,59.73529411764706,85.60606060606061,61.93939393939394,871,1249,775,1269,1160,1576
312,53,69.12,0.41370370370370374,28,59.8235294117647,85.81818181818181,62.0,874,1254,777,1269,1160,1578
313,53,69.24,0.41445696129404963,28,59.911764705882355,86.03030303030303,62.06060606060606,877,1259,779,1269,1160,1580
314,50,69.36,0.4152104959630911,28,60.0,86.24242424242425,62.121212121212125,880,1264,781,1269,1160,1582
315,53,69.48,0.41596718480138173,28,60.088235294117645,86.45454545454545,62.18181818181818,883,1269,783,1269,1160,1584
316,53,69.6,0.41672413793103447,28,60.1764705882353,86.66666666666667,62.24242424242424,886,1274,785,1269,1160,1586
317,53,69.72,0.41748135398737807,28,60.26470588235294,86.87878787878788,62.303030303030305,889,1279,787,1269,1160,1588
318,59,69.84,0.418241695303551,28,60.35294117647059,87.0909090909091,62.36363636363637,892,1284,789,1269,1160,1590
319,63,69.98,0.41896827665047154,28,60.44117647058823,87.36363636363636,62.42424242424242,895,1291,791,1269,1160,1592
320,59,70.14,0.419560878243513,28,60.55882352941177,87.66666666666667,62.484848484848484,899,1298,793,1269,1160,1595
321,61,70.3,0.4201792318634424,28,60.6764705882353,87.96969696969697,62.54545454545455,903,1305,795,1269,1160,1598
322,71,70.44,0.4208205565019875,28,60.794117647058826,88.24242424242425,62.57575757575758,907,1311,796,1269,1160,1601
323,68,70.59,0.4215625442697266,28,60.88235294117647,88.51515151515152,62.666666666666664,910,1317,798,1270,1160,1604
324,62,70.74,0.42232117613797,28,60.970588235294116,88.78787878787878,62.75757575757576,913,1323,800,1271,1160,1607
325,75,70.88,0.4231207674943567,28,61.05882352941177,89.06060606060606,62.81818181818182,916,1329,802,1271,1160,1610
326,72,71.03,0.4238870899619879,28,61.14705882352941,89.33333333333333,62.90909090909091,919,1335,804,1272,1160,1613
327,63,71.18,0.42466142174768196,28,61.23529411764706,89.60606060606061,63.0,922,1341,806,1273,1160,1616
328,69,71.33,0.4254465161923454,28,61.3235294117647,89.87878787878788,63.09090909090909,925,1347,808,1274,1160,1619
329,69,71.48,0.42624230554001113,28,61.411764705882355,90.15151515151516,63.18181818181818,928,1353,810,1275,1160,1622
330,64,71.62,0.4269784976263613,28,61.470588235294116,90.42424242424242,63.27272727272727,930,1359,812,1276,1160,1625
331,67,71.77,0.42778180298174723,28,61.55882352941177,90.6969696969697,63.36363636363637,933,1365,814,1277,1160,1628
332,67,71.92,0.4285845383759733,28,61.64705882352941,90.96969696969697,63.45454545454545,936,1371,816,1278,1160,1631
333,58,72.07,0.4293950326071874,28,61.73529411764706,91.24242424242425,63.54545454545455,939,1377,818,1279,1160,1634
334,56,72.21,0.4301412546738679,28,61.794117647058826,91.51515151515152,63.63636363636363,941,1383,820,1280,1160,1637
335,56,72.36,0.43091210613598674,28,61.911764705882355,91.78787878787878,63.696969696969695,944,1389,821,1281,1161,1640
336,53,72.51,0.4316880430285478,28,62.029411764705884,92.06060606060606,63.75757575757576,947,1395,822,1282,1162,1643
337,51,72.65,0.4324390915347557,28,62.11764705882353,92.33333333333333,63.81818181818182,950,1401,823,1283,1162,1646
338,56,72.78,0.43312723275625176,28,62.1764705882353,92.60606060606061,63.878787878787875,952,1407,824,1284,1162,1649
339,52,72.91,0.43382389247016867,28,62.26470588235294,92.84848484848484,63.93939393939394,955,1412,825,1285,1162,1652
340,51,73.04,0.43452354874041627,28,62.35294117647059,93.0909090909091,64.0,958,1417,826,1286,1162,1655
341,52,73.18,0.43520360754304455,28,62.44117647058823,93.36363636363636,64.06060606060606,961,1422,827,1287,1162,1659
342,48,73.31,0.4358300368299004,28,62.5,93.63636363636364,64.12121212121212,963,1427,828,1288,1162,1663
343,58,73.45,0.4365214431586113,28,62.588235294117645,93.9090909090909,64.18181818181819,966,1432,829,1289,1162,1667
344,55,73.6,0.43726630434782604,28,62.6764705882353,94.21212121212122,64.24242424242425,969,1438,830,1290,1162,1671
345,47,73.74,0.4379522647138595,28,62.76470588235294,94.48484848484848,64.3030303030303,972,1444,831,1291,1162,1674
346,46,73.87,0.4385799377284419,28,62.8235294117647,94.75757575757575,64.36363636363636,974,1450,832,1292,1162,1677
347,51,74.0,0.43917567567567567,28,62.911764705882355,95.0,64.42424242424242,976,1455,833,1293,1163,1680
348,43,74.14,0.439662800107904,28,63.0,95.24242424242425,64.51515151515152,978,1460,834,1295,1164,1683
349,45,74.27,0.44015484044701764,28,63.05882352941177,95.48484848484848,64.60606060606061,979,1465,835,1297,1165,1686
350,44,74.37,0.44046658598897404,28,63.11764705882353,95.63636363636364,64.6969696969697,980,1467,836,1299,1166,1689
351,42,74.48,0.44086466165413535,28,63.1764705882353,95.81818181818181,64.78787878787878,981,1470,837,1301,1167,1692
352,50,74.58,0.44121748458031645,28,63.23529411764706,96.0,64.84848484848484,982,1473,837,1303,1168,1695
353,48,74.69,0.4416427901994912,28,63.294117647058826,96.18181818181819,64.93939393939394,983,1476,838,1305,1169,1698
354,50,74.79,0.4421540312876053,28,63.35294117647059,96.36363636363636,65.0,984,1480,839,1306,1170,1700
355,49,74.89,0.44266657764721595,28,63.411764705882355,96.54545454545455,65.06060606060606,985,1484,840,1307,1171,1702
356,47,75.0,0.44321066666666664,28,63.470588235294116,96.75757575757575,65.12121212121212,986,1488,841,1308,1172,1705
357,49,75.1,0.4436857523302264,28,63.529411764705884,96.93939393939394,65.18181818181819,987,1491,842,1309,1173,1708
358,48,75.2,0.4441622340425532,28,63.588235294117645,97.12121212121212,65.24242424242425,988,1494,843,1310,1174,1711
359,45,75.29,0.4446048612033471,28,63.64705882352941,97.27272727272727,65.3030303030303,989,1497,844,1311,1175,1713
360,44,75.39,0.4451160631383473,28,63.705882352941174,97.45454545454545,65.36363636363636,990,1501,845,1312,1176,1715
361,42,75.5,0.4456847682119205,28,63.794117647058826,97.63636363636364,65.42424242424242,992,1505,846,1313,1177,1717
362,43,75.61,0.44625446369527844,28,63.88235294117647,97.81818181818181,65.48484848484848,994,1509,847,1314,1178,1719
363,44,75.72,0.4466851558372953,28,64.0,98.0,65.51515151515152,997,1513,847,1315,1179,1721
364,48,75.83,0.44712514835816963,28,64.11764705882354,98.18181818181819,65.54545454545455,1000,1517,847,1316,1180,1723
365,57,75.95,0.4476379196840026,28,64.23529411764706,98.36363636363636,65.60606060606061,1003,1521,848,1317,1181,1725
366,58,76.06,0.44820141993163287,28,64.32352941176471,98.54545454545455,65.66666666666667,1005,1525,849,1318,1182,1727
367,59,76.17,0.44876329263489567,28,64.41176470588235,98.72727272727273,65.72727272727273,1007,1529,850,1319,1183,1729
368,61,76.27,0.44926576635636556,28,64.5,98.9090909090909,65.75757575757575,1009,1533,850,1320,1184,1731
369,62,76.38,0.44983241686305314,28,64.58823529411765,99.0909090909091,65.81818181818181,1011,1537,851,1321,1185,1733
370,69,76.49,0.45039743757353906,28,64.67647058823529,99.27272727272727,65.87878787878788,1013,1541,852,1322,1186,1735
371,61,76.6,0.4509608355091384,28,64.76470588235294,99.45454545454545,65.93939393939394,1015,1545,853,1323,1187,1737
372,57,76.7,0.4514628422425032,28,64.8529411764706,99.63636363636364,65.96969696969697,1017,1549,853,1324,1188,1739
373,61,76.81,0.45202317406587683,28,64.94117647058823,99.81818181818181,66.03030303030303,1019,1553,854,1325,1189,1741
374,65,76.92,0.45258190327613107,28,65.02941176470588,100.0,66.0909090909091,1021,1557,855,1326,1190,1743
375,57,77.03,0.4531416331299494,28,65.11764705882354,100.18181818181819,66.15151515151516,1023,1561,856,1327,1191,1745
376,57,77.15,0.45375631885936485,28,65.20588235294117,100.36363636363636,66.24242424242425,1025,1565,858,1328,1192,1747
377,58,77.26,0.45431788765208386,28,65.29411764705883,100.54545454545455,66.3030303030303,1027,1569,859,1329,1193,1749
378,50,77.37,0.4548804446167765,28,65.38235294117646,100.72727272727273,66.36363636363636,1029,1573,860,1330,1194,1751
379,52,77.47,0.45541629017684265,28,65.47058823529412,100.87878787878788,66.42424242424242,1031,1577,861,1331,1195,1752
380,58,77.56,0.4558922124806601,28,65.55882352941177,101.03030303030303,66.45454545454545,1033,1581,861,1332,1196,1753
381,56,77.67,0.4564786919016351,28,65.6470588235294,101.18181818181819,66.54545454545455,1035,1585,863,1333,1197,1754
382,63,77.78,0.4570635124710723,28,65.73529411764706,101.33333333333333,66.63636363636364,1037,1589,865,1334,1198,1755
383,61,77.89,0.457646681217101,28,65.82352941176471,101.48484848484848,66.72727272727273,1039,1593,867,1335,1199,1756
384,56,78.0,0.4582307692307693,28,65.91176470588235,101.63636363636364,66.81818181818181,1041,1597,869,1336,1200,1757
385,57,78.11,0.45881321213673026,28,66.0,101.78787878787878,66.9090909090909,1043,1601,871,1337,1201,1758
386,71,78.21,0.45933384477688277,28,66.08823529411765,101.9090909090909,67.0,1045,1605,873,1338,1202,1758
387,70,78.31,0.4598557016983782,28,66.17647058823529,102.03030303030303,67.0909090909091,1047,1609,875,1339,1203,1758
388,65,78.42,0.4604004080591686,28,66.26470588235294,102.18181818181819,67.18181818181819,1049,1613,877,1340,1204,1759
389,71,78.54,0.4609014514896868,28,66.3529411764706,102.33333333333333,67.3030303030303,1051,1617,879,1342,1205,1760
390,71,78.66,0.4614060513602848,28,66.44117647058823,102.48484848484848,67.42424242424242,1053,1621,881,1344,1206,1761
391,73,78.79,0.46185683462368327,28,66.55882352941177,102.63636363636364,67.54545454545455,1055,1625,883,1346,1208,1762
392,68,78.93,0.46216774357025214,28,66.67647058823529,102.78787878787878,67.6969696969697,1057,1629,885,1349,1210,1763
393,78,79.07,0.46250031617554066,28,66.79411764705883,102.93939393939394,67.84848484848484,1059,1633,887,1352,1212,1764
394,67,79.21,0.4628418129024113,28,66.91176470588235,103.0909090909091,68.0,1061,1637,889,1355,1214,1765
395,65,79.35,0.4631947069943289,28,67.02941176470588,103.24242424242425,68.15151515151516,1063,1641,891,1358,1216,1766
396,64,79.48,0.4635782586814293,28,67.11764705882354,103.39393939393939,68.3030303030303,1065,1645,893,1361,1217,1767
397,66,79.61,0.4639655822132898,28,67.20588235294117,103.54545454545455,68.45454545454545,1067,1649,895,1364,1218,1768
398,65,79.74,0.4643591672937045,28,67.29411764705883,103.6969696969697,68.60606060606061,1069,1653,897,1367,1219,1769
399,67,79.87,0.4647589833479404,28,67.38235294117646,103.84848484848484,68.75757575757575,1071,1657,899,1370,1220,1770
400,69,80.0,0.46515999999999996,28,67.47058823529412,104.0,68.9090909090909,1073,1661,901,1373,1221,1771
401,63,80.12,0.4655541687468797,28,67.55882352941177,104.15151515151516,69.03030303030303,1075,1665,903,1375,1222,1772
402,69,80.24,0.4659496510468594,28,67.6470588235294,104.3030303030303,69.15151515151516,1077,1669,905,1377,1223,1773
403,75,80.36,0.46634395221503233,28,67.73529411764706,104.45454545454545,69.27272727272727,1079,1673,907,1379,1224,1774
404,69,80.48,0.4667395626242545,28,67.82352941176471,104.60606060606061,69.39393939393939,1081,1677,909,1381,1225,1775
405,65,80.61,0.46708969110532195,28,67.91176470588235,104.75757575757575,69.54545454545455,1083,1681,911,1384,1226,1776
406,67,80.74,0.4674461233589299,28,68.0,104.9090909090909,69.6969696969697,1085,1685,913,1387,1227,1777
407,65,80.88,0.467784371909001,28,68.11764705882354,105.06060606060606,69.84848484848484,1087,1689,915,1390,1229,1778
408,60,81.02,0.46813873117748706,28,68.23529411764706,105.21212121212122,70.0,1089,1693,917,1393,1231,1779
409,65,81.15,0.4684818237831177,28,68.3529411764706,105.36363636363636,70.12121212121212,1091,1697,919,1395,1233,1780
410,70,81.28,0.46883120078740154,28,68.47058823529412,105.51515151515152,70.24242424242425,1093,1701,921,1397,1235,1781
411,63,81.41,0.46918437538385943,28,68.58823529411765,105.66666666666667,70.36363636363636,1095,1705,923,1399,1237,1782
412,65,81.54,0.46954868776060826,28,68.70588235294117,105.81818181818181,70.48484848484848,1097,1709,925,1401,1239,1783
413,66,81.68,0.46984573947110675,28,68.82352941176471,106.0,70.60606060606061,1099,1714,927,1403,1241,1784
414,57,81.83,0.4702028595869486,28,68.94117647058823,106.18181818181819,70.75757575757575,1101,1719,929,1406,1243,1785
415,56,81.99,0.4706439809732894,28,69.05882352941177,106.39393939393939,70.9090909090909,1103,1724,931,1409,1245,1787
416,55,82.12,0.4710569897710667,28,69.17647058823529,106.54545454545455,71.03030303030303,1105,1728,933,1411,1247,1788
417,50,82.23,0.47151039766508573,28,69.29411764705883,106.6969696969697,71.0909090909091,1107,1732,934,1412,1249,1789
418,54,82.34,0.4719625941219334,28,69.41176470588235,106.84848484848484,71.15151515151516,1109,1736,935,1413,1251,1790
419,58,82.45,0.47241358399029715,28,69.52941176470588,107.0,71.21212121212122,1111,1740,936,1414,1253,1791
420,49,82.57,0.47292115780549837,28,69.6470588235294,107.15151515151516,71.3030303030303,1113,1744,938,1415,1255,1792
421,50,82.68,0.4734252539912917,28,69.76470588235294,107.33333333333333,71.33333333333333,1115,1748,939,1415,1257,1794
422,57,82.79,0.473928010629303,28,69.88235294117646,107.51515151515152,71.36363636363636,1117,1752,940,1415,1259,1796
423,49,82.9,0.4744270205066345,28,70.0,107.66666666666667,71.42424242424242,1119,1756,942,1415,1261,1797
424,50,83.01,0.47492711721479336,28,70.11764705882354,107.81818181818181,71.48484848484848,1121,1760,944,1415,1263,1798
425,54,83.12,0.4754258902791145,28,70.23529411764706,107.96969696969697,71.54545454545455,1123,1764,946,1415,1265,1799
426,53,83.22,0.47587599134823355,28,70.3529411764706,108.12121212121212,71.57575757575758,1125,1768,947,1415,1267,1800
427,54,83.33,0.47637465498619946,28,70.47058823529412,108.27272727272727,71.63636363636364,1127,1772,949,1415,1269,1801
428,58,83.44,0.4768720038350911,28,70.58823529411765,108.42424242424242,71.6969696969697,1129,1776,951,1415,1271,1802
429,49,83.56,0.4773767352800383,28,70.70588235294117,108.57575757575758,71.78787878787878,1131,1780,953,1416,1273,1803
430,53,83.67,0.47783315405760723,28,70.82352941176471,108.72727272727273,71.84848484848484,1133,1784,954,1417,1275,1804
431,56,83.79,0.47833512352309343,28,70.94117647058823,108.87878787878788,71.93939393939394,1135,1788,956,1418,1277,1805
432,48,83.9,0.47882717520858165,28,71.05882352941177,109.03030303030303,72.0,1137,1792,958,1418,1279,1806
433,49,84.01,0.47932031900964167,28,71.17647058823529,109.18181818181819,72.06060606060606,1139,1796,960,1418,1281,1807
434,57,84.11,0.4797657829033409,28,71.29411764705883,109.33333333333333,72.0909090909091,1141,1800,961,1418,1283,1808
435,49,84.22,0.48025647114699593,28,71.41176470588235,109.48484848484848,72.15151515151516,1143,1804,963,1418,1285,1809
436,50,84.33,0.48074587928376616,28,71.52941176470588,109.63636363636364,72.21212121212122,1145,1808,965,1418,1287,1810
437,54,84.44,0.4812340123164377,28,71.6470588235294,109.78787878787878,72.27272727272727,1147,1812,967,1418,1289,1811
438,50,84.54,0.48167494677075945,28,71.76470588235294,109.93939393939394,72.3030303030303,1149,1816,968,1418,1291,1812
439,51,84.65,0.4821606615475487,28,71.88235294117646,110.0909090909091,72.36363636363636,1151,1820,970,1418,1293,1813
440,55,84.76,0.4826451156205757,28,72.0,110.24242424242425,72.42424242424242,1153,1824,972,1418,1295,1814
441,47,84.87,0.48313067043713914,28,72.11764705882354,110.39393939393939,72.48484848484848,1155,1828,974,1418,1297,1815
442,52,84.97,0.4835694951159233,28,72.23529411764706,110.54545454545455,72.51515151515152,1157,1832,975,1418,1299,1816
443,56,85.08,0.48405500705218624,28,72.3529411764706,110.6969696969697,72.57575757575758,1159,1836,977,1418,1301,1817
444,48,85.19,0.48453926517196855,28,72.47058823529412,110.84848484848484,72.63636363636364,1161,1840,979,1418,1303,1818
445,49,85.3,0.48502227432590855,28,72.58823529411765,111.0,72.6969696969697,1163,1844,981,1418,1305,1819
446,54,85.4,0.4854566744730679,28,72.70588235294117,111.15151515151516,72.72727272727273,1165,1848,982,1418,1307,1820
447,49,85.51,0.4858133551631388,28,72.82352941176471,111.3030303030303,72.78787878787878,1167,1852,983,1419,1309,1821
448,50,85.62,0.4861784629759402,28,72.94117647058823,111.45454545454545,72.84848484848484,1169,1856,984,1420,1311,1822
449,51,85.73,0.4865542983786306,28,73.05882352941177,111.60606060606061,72.9090909090909,1171,1860,985,1421,1313,1823
450,44,85.83,0.48689619014330654,28,73.17647058823529,111.72727272727273,72.96969696969697,1173,1863,986,1422,1315,1824
451,48,85.94,0.48728415173376777,28,73.29411764705883,111.87878787878788,73.03030303030303,1175,1867,987,1423,1317,1825
452,49,86.05,0.4876804183614178,28,73.41176470588235,112.03030303030303,73.0909090909091,1177,1871,988,1424,1319,1826
453,42,86.15,0.48811027278003477,28,73.52941176470588,112.18181818181819,73.12121212121212,1179,1875,989,1424,1321,1827
454,45,86.24,0.48849721706864563,28,73.6470588235294,112.3030303030303,73.15151515151516,1181,1878,990,1424,1323,1828
455,50,86.34,0.4889251795228168,28,73.76470588235294,112.45454545454545,73.18181818181819,1183,1882,991,1424,1325,1829
456,43,86.44,0.48935446552521983,28,73.88235294117646,112.60606060606061,73.21212121212122,1185,1886,992,1424,1327,1830
457,45,86.54,0.48978275941761035,28,74.0,112.75757575757575,73.24242424242425,1187,1890,993,1424,1329,1831
458,51,86.63,0.49017084150986956,28,74.11764705882354,112.87878787878788,73.27272727272727,1189,1893,994,1424,1331,1832
459,44,86.73,0.4906018678657904,28,74.23529411764706,113.03030303030303,73.3030303030303,1191,1897,995,1424,1333,1833
460,46,86.83,0.49103190141656106,28,74.3529411764706,113.18181818181819,73.33333333333333,1193,1901,996,1424,1335,1834
461,48,86.93,0.4914609455884045,28,74.47058823529412,113.33333333333333,73.36363636363636,1195,1905,997,1424,1337,1835
462,42,87.02,0.49184555274649505,28,74.58823529411765,113.45454545454545,73.39393939393939,1197,1908,998,1424,1339,1836
463,47,87.12,0.4922750229568411,28,74.70588235294117,113.60606060606061,73.42424242424242,1199,1912,999,1424,1341,1837
464,49,87.22,0.49270350836964,28,74.82352941176471,113.75757575757575,73.45454545454545,1201,1916,1000,1424,1343,1838
465,42,87.32,0.4931310123683005,28,74.94117647058823,113.9090909090909,73.48484848484848,1203,1920,1001,1424,1345,1839
466,48,87.41,0.49351447202837206,28,75.05882352941177,114.03030303030303,73.51515151515152,1205,1923,1002,1424,1347,1840
467,50,87.51,0.4939424065821049,28,75.17647058823529,114.18181818181819,73.54545454545455,1207,1927,1003,1424,1349,1841
468,43,87.61,0.49436936422782785,28,75.29411764705883,114.33333333333333,73.57575757575758,1209,1931,1004,1424,1351,1842
469,45,87.71,0.4947953483069205,28,75.41176470588235,114.48484848484848,73.60606060606061,1211,1935,1005,1424,1353,1843
470,51,87.8,0.4951776765375854,28,75.52941176470588,114.60606060606061,73.63636363636364,1213,1938,1006,1424,1355,1844
471,44,87.9,0.49560409556313995,28,75.6470588235294,114.75757575757575,73.66666666666667,1215,1942,1007,1424,1357,1845
472,46,88.0,0.4960295454545454,28,75.76470588235294,114.9090909090909,73.6969696969697,1217,1946,1008,1424,1359,1846
473,48,88.1,0.49645402951191825,28,75.88235294117646,115.06060606060606,73.72727272727273,1219,1950,1009,1424,1361,1847
474,42,88.19,0.4968329742601202,28,76.0,115.18181818181819,73.75757575757575,1221,1953,1010,1424,1363,1848
475,48,88.28,0.49721114635251473,28,76.11764705882354,115.3030303030303,73.78787878787878,1223,1956,1011,1424,1365,1849
476,55,88.39,0.4976728136667044,28,76.23529411764706,115.48484848484848,73.81818181818181,1225,1960,1012,1424,1367,1851
477,46,88.51,0.4981753474183708,28,76.3529411764706,115.66666666666667,73.87878787878788,1227,1964,1014,1424,1369,1853
478,49,88.63,0.4986765203655647,28,76.47058823529412,115.84848484848484,73.93939393939394,1229,1968,1016,1424,1371,1855
479,56,88.74,0.49913229659679964,28,76.58823529411765,116.0,74.0,1231,1971,1018,1424,1373,1857
480,51,88.85,0.49958019133370846,28,76.70588235294117,116.15151515151516,74.06060606060606,1233,1974,1020,1424,1375,1859
481,51,88.97,0.49989097448578174,28,76.8529411764706,116.3030303030303,74.12121212121212,1235,1977,1022,1424,1378,1861
482,60,89.09,0.5002143899427545,28,77.0,116.45454545454545,74.18181818181819,1237,1980,1024,1424,1381,1863
483,48,89.21,0.5005369353211523,28,77.1470588235294,116.60606060606061,74.24242424242425,1239,1983,1026,1424,1384,1865
484,49,89.32,0.5009964173757278,28,77.26470588235294,116.75757575757575,74.3030303030303,1241,1986,1028,1424,1386,1867
485,53,89.43,0.5014547690931455,28,77.38235294117646,116.9090909090909,74.36363636363636,1243,1989,1030,1424,1388,1869
486,45,89.54,0.5019119946392674,28,77.5,117.06060606060606,74.42424242424242,1245,1992,1032,1424,1390,1871
487,43,89.65,0.5023680981595092,28,77.61764705882354,117.21212121212122,74.48484848484848,1247,1995,1034,1424,1392,1873
488,50,89.76,0.5028230837789661,28,77.73529411764706,117.36363636363636,74.54545454545455,1249,1998,1036,1424,1394,1875
489,52,89.86,0.5032272423770309,28,77.8529411764706,117.48484848484848,74.60606060606061,1251,2000,1038,1424,1396,1877
490,57,89.99,0.5037370818979887,28,78.0,117.66666666666667,74.66666666666667,1254,2004,1040,1424,1398,1879
491,71,90.12,0.5042454505104306,28,78.1470588235294,117.84848484848484,74.72727272727273,1257,2008,1042,1424,1400,1881
492,69,90.26,0.5046199867050742,28,78.29411764705883,118.06060606060606,74.78787878787878,1260,2012,1044,1424,1402,1884
493,70,90.4,0.504995575221239,28,78.44117647058823,118.27272727272727,74.84848484848484,1263,2016,1046,1424,1404,1887
494,77,90.54,0.5053744201457919,28,78.58823529411765,118.48484848484848,74.9090909090909,1266,2020,1048,1424,1406,1890
495,75,90.68,0.5057520952801059,28,78.73529411764706,118.6969696969697,74.96969696969697,1269,2024,1050,1424,1408,1893
496,72,90.83,0.5061686667400639,28,78.88235294117646,118.93939393939394,75.03030303030303,1272,2028,1052,1424,1410,1897
497,71,90.99,0.5066106165512694,28,79.02941176470588,119.18181818181819,75.12121212121212,1275,2032,1054,1425,1412,1901
498,70,91.15,0.5070532089961602,28,79.17647058823529,119.42424242424242,75.21212121212122,1278,2036,1056,1426,1414,1905
499,63,91.31,0.5074964406965283,28,79.32352941176471,119.66666666666667,75.3030303030303,1281,2040,1058,1427,1416,1909
500,55,91.45,0.5079092400218699,28,79.44117647058823,119.9090909090909,75.36363636363636,1283,2044,1060,1427,1418,1913
501,53,91.59,0.508320777377443,28,79.55882352941177,120.15151515151516,75.42424242424242,1285,2048,1062,1427,1420,1917
502,57,91.73,0.5087288782295868,28,79.67647058823529,120.39393939393939,75.48484848484848,1288,2052,1064,1427,1421,1921
503,53,91.86,0.5089549314173742,28,79.79411764705883,120.60606060606061,75.54545454545455,1290,2055,1066,1427,1423,1925
504,53,91.98,0.5091367688627962,28,79.91176470588235,120.78787878787878,75.60606060606061,1292,2057,1068,1427,1425,1929
505,50,92.1,0.5093224755700326,28,80.02941176470588,120.96969696969697,75.66666666666667,1294,2059,1070,1427,1427,1933
506,41,92.22,0.5095142051615702,28,80.1470588235294,121.15151515151516,75.72727272727273,1296,2061,1072,1427,1429,1937
507,49,92.32,0.5097530329289428,28,80.23529411764706,121.3030303030303,75.78787878787878,1298,2063,1074,1427,1430,1940
508,44,92.43,0.5099350860110353,28,80.32352941176471,121.48484848484848,75.84848484848484,1300,2065,1076,1427,1431,1944
509,42,92.54,0.5100821266479361,28,80.41176470588235,121.63636363636364,75.93939393939394,1302,2066,1078,1428,1432,1948
510,48,92.63,0.510362733455684,28,80.47058823529412,121.78787878787878,76.0,1304,2067,1080,1428,1432,1952
511,54,92.75,0.5105692722371967,28,80.55882352941177,121.96969696969697,76.0909090909091,1306,2069,1082,1429,1433,1956
512,50,92.88,0.5108096468561585,28,80.67647058823529,122.15151515151516,76.18181818181819,1309,2071,1084,1430,1434,1960
513,52,93.01,0.5110601010644017,28,80.79411764705883,122.33333333333333,76.27272727272727,1312,2073,1086,1431,1435,1964
514,44,93.12,0.5113101374570447,28,80.91176470588235,122.45454545454545,76.36363636363636,1315,2075,1088,1432,1436,1966
515,47,93.24,0.5115894465894466,28,81.05882352941177,122.57575757575758,76.45454545454545,1318,2077,1090,1433,1438,1968
516,51,93.35,0.5118168184252813,28,81.17647058823529,122.6969696969697,76.54545454545455,1320,2079,1092,1434,1440,1970
517,45,93.47,0.512086230876217,28,81.32352941176471,122.84848484848484,76.60606060606061,1323,2081,1094,1434,1442,1973
518,49,93.58,0.5122910878392819,28,81.47058823529412,122.93939393939394,76.6969696969697,1326,2082,1096,1435,1444,1975
519,48,93.71,0.5125653612207876,28,81.61764705882354,123.0909090909091,76.78787878787878,1329,2084,1098,1436,1446,1978
520,45,93.83,0.512862623894277,28,81.76470588235294,123.21212121212122,76.87878787878788,1332,2086,1100,1437,1448,1980
521,52,93.94,0.5131679795614221,28,81.91176470588235,123.33333333333333,76.93939393939394,1335,2089,1102,1437,1450,1981
522,51,94.04,0.5135070182900894,28,82.0,123.48484848484848,77.0,1337,2091,1104,1437,1451,1984
523,49,94.15,0.5137875730217738,28,82.11764705882354,123.63636363636364,77.06060606060606,1339,2093,1106,1437,1453,1987
524,54,94.25,0.5140403183023873,28,82.23529411764706,123.75757575757575,77.12121212121212,1341,2094,1108,1437,1455,1990
525,56,94.35,0.5142988871224166,28,82.3529411764706,123.87878787878788,77.18181818181819,1343,2095,1110,1437,1457,1993
526,54,94.49,0.5145592126150915,28,82.5,124.03030303030303,77.3030303030303,1346,2097,1112,1439,1459,1996
527,58,94.63,0.5149455775124168,28,82.6470588235294,124.21212121212122,77.39393939393939,1349,2100,1114,1440,1461,1999
528,54,94.76,0.5153271422541157,28,82.79411764705883,124.36363636363636,77.48484848484848,1352,2103,1116,1441,1463,2001
529,53,94.89,0.5157118769101064,28,82.94117647058823,124.51515151515152,77.57575757575758,1355,2106,1118,1442,1465,2003
530,55,95.02,0.5160492527888866,28,83.08823529411765,124.66666666666667,77.66666666666667,1358,2108,1120,1443,1467,2006
531,48,95.15,0.5163857067787704,28,83.23529411764706,124.81818181818181,77.75757575757575,1361,2110,1122,1444,1469,2009
532,50,95.28,0.5165512174643156,28,83.38235294117646,124.93939393939394,77.87878787878788,1364,2111,1125,1445,1471,2012
533,49,95.41,0.5167204695524579,28,83.52941176470588,125.06060606060606,78.0,1367,2112,1128,1446,1473,2015
534,53,95.52,0.516821608040201,28,83.67647058823529,125.12121212121212,78.12121212121212,1370,2112,1131,1447,1475,2017
535,55,95.62,0.516896046852123,28,83.82352941176471,125.15151515151516,78.24242424242425,1373,2112,1134,1448,1477,2018
536,48,95.72,0.5169745089845382,28,83.97058823529412,125.18181818181819,78.36363636363636,1376,2112,1137,1449,1479,2019
537,41,95.82,0.5170548945940304,28,84.11764705882354,125.21212121212122,78.48484848484848,1379,2112,1140,1450,1481,2020
538,46,95.92,0.5171351125938282,28,84.26470588235294,125.24242424242425,78.60606060606061,1382,2112,1143,1451,1483,2021
539,49,96.01,0.5172138318925112,28,84.41176470588235,125.24242424242425,78.72727272727273,1385,2112,1146,1452,1485,2021
540,46,96.1,0.5172944849115505,28,84.55882352941177,125.24242424242425,78.84848484848484,1388,2112,1149,1453,1487,2021
541,48,96.2,0.5174074844074844,28,84.70588235294117,125.27272727272727,78.96969696969697,1391,2112,1152,1454,1489,2022
542,47,96.3,0.5175202492211838,28,84.8529411764706,125.3030303030303,79.0909090909091,1394,2112,1155,1455,1491,2023
543,39,96.41,0.5176672544341874,28,85.0,125.36363636363636,79.21212121212122,1397,2113,1158,1456,1493,2024
544,43,96.52,0.517815996684625,28,85.1470588235294,125.42424242424242,79.33333333333333,1400,2114,1161,1457,1495,2025
545,45,96.62,0.5179258952597806,28,85.29411764705883,125.48484848484848,79.42424242424242,1403,2115,1163,1458,1497,2026
546,40,96.73,0.5180740204693477,28,85.44117647058823,125.54545454545455,79.54545454545455,1406,2116,1166,1459,1499,2027
547,42,96.83,0.5183631106062171,28,85.58823529411765,125.60606060606061,79.63636363636364,1409,2117,1168,1460,1501,2028
548,40,96.94,0.5185186713430988,28,85.73529411764706,125.66666666666667,79.75757575757575,1412,2118,1171,1461,1503,2029
549,39,97.04,0.5186376751854905,28,85.88235294117646,125.72727272727273,79.84848484848484,1415,2119,1173,1462,1505,2030
550,44,97.14,0.5189273213918056,28,86.02941176470588,125.78787878787878,79.93939393939394,1418,2120,1175,1463,1507,2031
551,48,97.25,0.5190838046272493,28,86.17647058823529,125.84848484848484,80.06060606060606,1421,2121,1178,1464,1509,2032
552,53,97.35,0.5191977401129944,28,86.32352941176471,125.9090909090909,80.15151515151516,1424,2122,1180,1465,1511,2033
553,48,97.46,0.5193535809562898,28,86.47058823529412,125.96969696969697,80.27272727272727,1427,2123,1183,1466,1513,2034
554,50,97.56,0.5196412464124641,28,86.61764705882354,126.03030303030303,80.36363636363636,1430,2124,1185,1467,1515,2035
555,50,97.68,0.5197133497133497,28,86.79411764705883,126.0909090909091,80.48484848484848,1433,2125,1188,1468,1518,2036
556,54,97.79,0.519919214643624,28,86.97058823529412,126.15151515151516,80.57575757575758,1436,2126,1190,1469,1521,2037
557,49,97.9,0.5201266598569969,28,87.1470588235294,126.21212121212122,80.66666666666667,1439,2127,1192,1470,1524,2038
558,52,98.02,0.5202101611915936,28,87.32352941176471,126.27272727272727,80.78787878787878,1442,2128,1195,1471,1527,2039
559,43,98.14,0.5203056857550439,28,87.5,126.33333333333333,80.9090909090909,1445,2129,1198,1472,1530,2040
560,49,98.26,0.5204131894972521,28,87.67647058823529,126.39393939393939,81.03030303030303,1448,2130,1201,1473,1533,2041
561,48,98.36,0.5204737698251322,28,87.8529411764706,126.45454545454545,81.0909090909091,1451,2131,1203,1473,1536,2042
562,50,98.46,0.5205423522242535,28,88.02941176470588,126.51515151515152,81.15151515151516,1454,2132,1205,1473,1539,2043
563,52,98.56,0.5206148538961038,28,88.20588235294117,126.57575757575758,81.21212121212122,1457,2133,1207,1473,1542,2044
564,50,98.67,0.5207367994324517,28,88.38235294117646,126.63636363636364,81.3030303030303,1460,2134,1210,1473,1545,2045
565,49,98.77,0.520819074617799,28,88.55882352941177,126.6969696969697,81.36363636363636,1463,2135,1212,1473,1548,2046
566,46,98.86,0.5210337851507182,28,88.73529411764706,126.75757575757575,81.39393939393939,1466,2136,1213,1473,1551,2047
567,50,98.94,0.5212249848392966,28,88.88235294117646,126.81818181818181,81.42424242424242,1469,2137,1214,1473,1553,2048
568,48,99.02,0.5214219349626338,28,89.02941176470588,126.87878787878788,81.45454545454545,1472,2138,1215,1473,1555,2049
569,49,99.1,0.5216205852674066,28,89.17647058823529,126.93939393939394,81.48484848484848,1475,2139,1216,1473,1557,2050
570,46,99.19,0.521692710958766,28,89.32352941176471,127.0,81.54545454545455,1478,2140,1218,1473,1559,2051
571,52,99.28,0.5217687348912168,28,89.47058823529412,127.06060606060606,81.60606060606061,1481,2141,1220,1473,1561,2052
572,49,99.37,0.5218466337928952,28,89.61764705882354,127.12121212121212,81.66666666666667,1484,2142,1222,1473,1563,2053
573,45,99.47,0.5219493314567206,28,89.79411764705883,127.18181818181819,81.72727272727273,1487,2143,1224,1473,1566,2054
574,44,99.57,0.5220518228382043,28,89.97058823529412,127.24242424242425,81.78787878787878,1490,2144,1226,1473,1569,2055
575,42,99.68,0.5221869983948636,28,90.1470588235294,127.33333333333333,81.84848484848484,1493,2145,1228,1473,1572,2057
576,48,99.77,0.5222622030670542,28,90.32352941176471,127.36363636363636,81.9090909090909,1496,2146,1230,1473,1575,2057
577,44,99.87,0.5223680785020527,28,90.5,127.42424242424242,81.96969696969697,1499,2147,1232,1473,1578,2058
578,44,99.96,0.5224449779911965,28,90.67647058823529,127.45454545454545,82.03030303030303,1502,2148,1234,1473,1581,2058
579,41,100.05,0.5225257371314342,28,90.8529411764706,127.48484848484848,82.0909090909091,1505,2149,1236,1473,1584,2058
580,47,100.14,0.5226103455162773,28,91.02941176470588,127.51515151515152,82.15151515151516,1508,2150,1238,1473,1587,2058
581,47,100.23,0.5226987927766138,28,91.20588235294117,127.54545454545455,82.21212121212122,1511,2151,1240,1473,1590,2058
582,51,100.34,0.5226908511062388,28,91.41176470588235,127.57575757575758,82.3030303030303,1515,2152,1243,1473,1593,2058
583,55,100.45,0.5226908909905426,28,91.61764705882354,127.60606060606061,82.39393939393939,1519,2153,1246,1473,1596,2058
584,52,100.57,0.522725464850353,28,91.82352941176471,127.66666666666667,82.48484848484848,1523,2154,1249,1473,1599,2059
585,47,100.68,0.5227195073500198,28,92.0,127.72727272727273,82.57575757575758,1526,2155,1252,1473,1602,2060
586,53,100.8,0.5227579365079366,28,92.20588235294117,127.78787878787878,82.66666666666667,1530,2156,1255,1473,1605,2061
587,62,100.92,0.5228042013476021,28,92.41176470588235,127.84848484848484,82.75757575757575,1534,2157,1258,1473,1608,2062
588,56,101.04,0.5228543151227236,28,92.61764705882354,127.9090909090909,82.84848484848484,1538,2158,1261,1473,1611,2063
589,62,101.16,0.5229122182680901,28,92.82352941176471,127.96969696969697,82.93939393939394,1542,2159,1264,1473,1614,2064
590,65,101.28,0.5229778830963665,28,93.02941176470588,128.03030303030303,83.03030303030303,1546,2160,1267,1473,1617,2065
591,68,101.4,0.5230473372781065,28,93.23529411764706,128.0909090909091,83.12121212121212,1550,2161,1270,1473,1620,2066
592,65,101.52,0.5231205673758865,28,93.44117647058823,128.15151515151516,83.21212121212122,1554,2162,1273,1473,1623,2067
593,67,101.65,0.5232297097884899,28,93.6470588235294,128.24242424242425,83.3030303030303,1558,2163,1276,1473,1626,2069
594,63,101.78,0.5233483985065829,28,93.8529411764706,128.33333333333334,83.39393939393939,1562,2164,1279,1473,1629,2071
595,68,101.91,0.5234746344814052,28,94.05882352941177,128.42424242424244,83.48484848484848,1566,2165,1282,1473,1632,2073
596,67,102.04,0.5236064288514308,28,94.26470588235294,128.5151515151515,83.57575757575758,1570,2166,1285,1473,1635,2075
597,66,102.17,0.5237496329646667,28,94.47058823529412,128.6060606060606,83.66666666666667,1574,2167,1288,1473,1638,2077
598,68,102.3,0.5238963831867057,28,94.67647058823529,128.6969696969697,83.75757575757575,1578,2168,1291,1473,1641,2079
599,64,102.43,0.5240505711217417,28,94.88235294117646,128.78787878787878,83.84848484848484,1582,2169,1294,1473,1644,2081
600,63,102.56,0.5242063182527301,28,95.08823529411765,128.87878787878788,83.93939393939394,1586,2170,1297,1473,1647,2083
601,71,102.69,0.5243636186580971,28,95.29411764705883,128.96969696969697,84.03030303030303,1590,2171,1300,1473,1650,2085
602,73,102.82,0.5245205212993581,28,95.5,129.06060606060606,84.12121212121212,1594,2172,1303,1473,1653,2087
603,71,102.96,0.5246911421911422,28,95.70588235294117,129.15151515151516,84.24242424242425,1598,2173,1306,1474,1656,2089
604,75,103.1,0.5248651794374394,28,95.91176470588235,129.24242424242425,84.36363636363636,1602,2174,1309,1475,1659,2091
605,70,103.24,0.5250426191398683,28,96.11764705882354,129.33333333333334,84.48484848484848,1606,2175,1312,1476,1662,2093
606,68,103.38,0.5252215128651576,28,96.32352941176471,129.42424242424244,84.60606060606061,1610,2176,1315,1477,1665,2095
607,63,103.52,0.5254018547140649,28,96.52941176470588,129.5151515151515,84.72727272727273,1614,2177,1318,1478,1668,2097
608,61,103.66,0.5255836388192167,28,96.73529411764706,129.6060606060606,84.84848484848484,1618,2178,1321,1479,1671,2099
609,58,103.81,0.5256304787592717,28,96.94117647058823,129.72727272727272,84.96969696969697,1622,2179,1324,1480,1674,2102
610,52,103.96,0.525681031165833,28,97.1470588235294,129.84848484848484,85.0909090909091,1626,2180,1327,1481,1677,2105
611,46,104.08,0.5258205226748655,28,97.32352941176471,129.93939393939394,85.18181818181819,1629,2180,1330,1481,1680,2108
612,43,104.2,0.5259347408829175,28,97.5,130.03030303030303,85.27272727272727,1632,2180,1332,1482,1683,2111
613,35,104.31,0.5260406480682581,28,97.67647058823529,130.12121212121212,85.33333333333333,1635,2180,1334,1482,1686,2114
614,40,104.41,0.5261229767263672,28,97.79411764705883,130.21212121212122,85.42424242424242,1637,2180,1337,1482,1688,2117
615,45,104.51,0.5262108889101521,28,97.91176470588235,130.3030303030303,85.51515151515152,1639,2180,1340,1482,1690,2120
616,50,104.61,0.5263215753752032,28,98.0,130.42424242424244,85.60606060606061,1641,2181,1343,1482,1691,2123
617,56,104.73,0.5261806550176644,28,98.1470588235294,130.54545454545453,85.6969696969697,1644,2182,1346,1482,1693,2126
618,51,104.84,0.5260225104921785,28,98.26470588235294,130.66666666666666,85.78787878787878,1646,2183,1349,1482,1695,2129
619,52,104.95,0.5258608861362554,28,98.41176470588235,130.75757575757575,85.87878787878788,1649,2184,1352,1482,1697,2131
620,57,105.05,0.5256649214659685,28,98.55882352941177,130.84848484848484,85.93939393939394,1652,2185,1354,1482,1699,2133
621,53,105.15,0.525469329529244,28,98.70588235294117,130.93939393939394,86.0,1655,2186,1356,1482,1701,2135
622,52,105.25,0.5252741092636579,28,98.8529411764706,131.03030303030303,86.06060606060606,1658,2187,1358,1482,1703,2137
623,56,105.36,0.525089217919514,28,99.02941176470588,131.12121212121212,86.12121212121212,1661,2188,1360,1482,1706,2139
624,47,105.48,0.5249431171786121,28,99.20588235294117,131.21212121212122,86.21212121212122,1664,2189,1363,1482,1709,2141
625,50,105.6,0.5247973484848485,28,99.38235294117646,131.3030303030303,86.3030303030303,1667,2190,1366,1482,1712,2143
626,47,105.72,0.5246556942867953,28,99.55882352941177,131.3939393939394,86.39393939393939,1670,2191,1369,1482,1715,2145
627,47,105.84,0.5245181405895691,28,99.73529411764706,131.4848484848485,86.48484848484848,1673,2192,1372,1482,1718,2147
628,39,105.95,0.5243388390750354,28,99.88235294117646,131.57575757575756,86.57575757575758,1675,2193,1375,1482,1721,2149
629,31,106.03,0.5242487975101386,28,100.0,131.66666666666666,86.60606060606061,1677,2194,1376,1482,1723,2151
630,29,106.11,0.5241683158985958,28,100.11764705882354,131.75757575757575,86.63636363636364,1679,2195,1377,1482,1725,2153
631,24,106.19,0.5240898389678877,28,100.23529411764706,131.84848484848484,86.66666666666667,1681,2196,1378,1482,1727,2155
632,19,106.27,0.5240133621906464,28,100.3529411764706,131.93939393939394,86.6969696969697,1683,2197,1379,1482,1729,2157
633,15,106.34,0.5240737257852173,28,100.47058823529412,132.0,86.72727272727273,1685,2198,1380,1482,1731,2158
634,21,106.37,0.5241468459152017,28,100.52941176470588,132.03030303030303,86.72727272727273,1686,2198,1380,1482,1732,2159
635,15,106.43,0.5242008832096213,28,100.6470588235294,132.0909090909091,86.72727272727273,1689,2199,1380,1482,1733,2160
636,18,106.49,0.524262372053714,28,100.76470588235294,132.15151515151516,86.72727272727273,1692,2200,1380,1482,1734,2161
637,18,106.55,0.5243294228061943,28,100.88235294117646,132.21212121212122,86.72727272727273,1695,2201,1380,1482,1735,2162
638,20,106.59,0.5244347499765456,28,100.94117647058823,132.27272727272728,86.72727272727273,1696,2202,1380,1482,1736,2163
639,15,106.64,0.5244617404351088,28,101.02941176470588,132.33333333333334,86.72727272727273,1698,2203,1380,1482,1737,2164
640,19,106.69,0.5244905801855844,28,101.11764705882354,132.3939393939394,86.72727272727273,1700,2204,1380,1482,1738,2165
641,15,106.76,0.5245784938179093,28,101.23529411764706,132.45454545454547,86.75757575757575,1702,2205,1381,1482,1740,2166
642,12,106.82,0.5247369406478187,28,101.32352941176471,132.5151515151515,86.78787878787878,1703,2206,1382,1482,1742,2167
643,10,106.87,0.524872274726303,28,101.38235294117646,132.57575757575756,86.81818181818181,1704,2207,1383,1482,1743,2168
644,6,106.91,0.5249677298662426,28,101.44117647058823,132.63636363636363,86.81818181818181,1705,2208,1383,1482,1744,2169
645,3,106.94,0.5250420796708435,28,101.47058823529412,132.6969696969697,86.81818181818181,1705,2209,1383,1482,1745,2170
646,1,106.96,0.525084143605086,28,101.5,132.72727272727272,86.81818181818181,1705,2209,1383,1482,1746,2171
647,0,106.97,0.5250958212582968,28,101.52941176470588,132.72727272727272,86.81818181818181,1705,2209,1383,1482,1747,2171
648,0,106.97,0.5250958212582968,28,101.52941176470588,132.72727272727272,86.81818181818181,1705,2209,1383,1482,1747,2171
649,0,106.97,0.5250958212582968,28,101.52941176470588,132.72727272727272,86.81818181818181,1705,2209,1383,1482,1747,2171
650,6,106.97,0.5250958212582968,28,101.52941176470588,132.72727272727272,86.81818181818181,1705,2209,1383,1482,1747,2171
651,13,106.99,0.5250331806710907,28,101.55882352941177,132.72727272727272,86.84848484848484,1706,2209,1384,1482,1747,2171
652,16,107.02,0.5250158848813306,28,101.61764705882354,132.72727272727272,86.87878787878788,1708,2209,1385,1482,1747,2171
653,15,107.06,0.5250028021670091,28,101.67647058823529,132.75757575757575,86.9090909090909,1710,2209,1386,1482,1747,2172
654,23,107.1,0.5249953314659197,28,101.73529411764706,132.78787878787878,86.93939393939394,1712,2209,1387,1482,1747,2173
655,30,107.15,0.525016332244517,28,101.79411764705883,132.84848484848484,86.96969696969697,1714,2210,1388,1482,1747,2174
656,28,107.2,0.5250447761194029,28,101.8529411764706,132.9090909090909,87.0,1716,2211,1389,1482,1747,2175
657,26,107.25,0.5250787878787879,28,101.91176470588235,132.96969696969697,87.03030303030303,1718,2212,1390,1482,1747,2176
658,28,107.29,0.5250862149314941,28,101.97058823529412,133.0,87.06060606060606,1720,2212,1391,1482,1747,2177
659,38,107.34,0.525123905347494,28,102.02941176470588,133.06060606060606,87.0909090909091,1722,2213,1392,1482,1747,2178
660,44,107.4,0.5252067039106145,28,102.08823529411765,133.15151515151516,87.12121212121212,1724,2215,1393,1482,1747,2179
661,43,107.47,0.5253270680189821,28,102.1470588235294,133.27272727272728,87.15151515151516,1726,2217,1394,1482,1747,2181
662,37,107.56,0.525511342506508,28,102.23529411764706,133.42424242424244,87.18181818181819,1728,2220,1395,1482,1748,2183
663,43,107.65,0.5256990246168137,28,102.32352941176471,133.57575757575756,87.21212121212122,1730,2223,1396,1482,1749,2185
664,38,107.73,0.5258674463937623,28,102.41176470588235,133.6969696969697,87.24242424242425,1732,2226,1397,1482,1750,2186
665,43,107.8,0.5260074211502783,28,102.5,133.78787878787878,87.27272727272727,1734,2228,1398,1482,1751,2187
666,51,107.87,0.5261546305738389,28,102.58823529411765,133.87878787878788,87.3030303030303,1736,2230,1399,1482,1752,2188
667,47,107.94,0.5263035019455252,28,102.67647058823529,133.96969696969697,87.33333333333333,1738,2232,1400,1482,1753,2189
668,46,108.01,0.5264540320340709,28,102.76470588235294,134.06060606060606,87.36363636363636,1740,2234,1401,1482,1754,2190
669,54,108.08,0.5266043671354552,28,102.8529411764706,134.15151515151516,87.39393939393939,1742,2236,1402,1482,1755,2191
670,50,108.15,0.5267582061950994,28,102.94117647058823,134.24242424242425,87.42424242424242,1744,2238,1403,1482,1756,2192
671,49,108.22,0.526915542413602,28,103.02941176470588,134.33333333333334,87.45454545454545,1746,2240,1404,1482,1757,2193
672,47,108.3,0.5270987996306556,28,103.11764705882354,134.45454545454547,87.48484848484848,1748,2242,1405,1482,1758,2195
673,54,108.38,0.527283631666359,28,103.20588235294117,134.57575757575756,87.51515151515152,1750,2244,1406,1482,1759,2197
674,51,108.47,0.5275071448326726,28,103.29411764705883,134.72727272727272,87.54545454545455,1752,2247,1407,1482,1760,2199
675,54,108.56,0.5277339719970523,28,103.38235294117646,134.87878787878788,87.57575757575758,1754,2250,1408,1482,1761,2201
676,63,108.65,0.5279604233778187,28,103.47058823529412,135.03030303030303,87.60606060606061,1756,2253,1409,1482,1762,2203
677,60,108.74,0.5281883391576236,28,103.55882352941177,135.1818181818182,87.63636363636364,1758,2256,1410,1482,1763,2205
678,57,108.83,0.5284177157033906,28,103.6470588235294,135.33333333333334,87.66666666666667,1760,2259,1411,1482,1764,2207
679,51,108.92,0.5286467131839883,28,103.73529411764706,135.4848484848485,87.6969696969697,1762,2262,1412,1482,1765,2209
680,54,109.01,0.5288753325382992,28,103.82352941176471,135.63636363636363,87.72727272727273,1764,2265,1413,1482,1766,2211
681,51,109.1,0.5291054078826765,28,103.91176470588235,135.78787878787878,87.75757575757575,1766,2268,1414,1482,1767,2213
682,54,109.19,0.5293405989559483,28,104.0,135.93939393939394,87.78787878787878,1768,2271,1415,1482,1768,2215
683,57,109.28,0.5295754026354319,28,104.08823529411765,136.0909090909091,87.81818181818181,1770,2274,1416,1482,1769,2217
684,51,109.37,0.5298098198774801,28,104.17647058823529,136.24242424242425,87.84848484848484,1772,2277,1417,1482,1770,2219
685,51,109.46,0.5300475059382422,28,104.26470588235294,136.3939393939394,87.87878787878788,1774,2280,1418,1482,1771,2221
686,51,109.55,0.5302848014605204,28,104.3529411764706,136.54545454545453,87.9090909090909,1776,2283,1419,1482,1772,2223
687,54,109.64,0.5305217074060562,28,104.44117647058823,136.6969696969697,87.93939393939394,1778,2286,1420,1482,1773,2225
688,60,109.73,0.5307582247334366,28,104.52941176470588,136.84848484848484,87.96969696969697,1780,2289,1421,1482,1774,2227
689,60,109.82,0.5309943543981059,28,104.61764705882354,137.0,88.0,1782,2292,1422,1482,1775,2229
690,57,109.91,0.5312319170230189,28,104.70588235294117,137.15151515151516,88.03030303030303,1784,2295,1423,1482,1776,2231
691,54,110.0,0.5314690909090909,28,104.79411764705883,137.3030303030303,88.06060606060606,1786,2298,1424,1482,1777,2233
692,60,110.09,0.5317058770097193,28,104.88235294117646,137.45454545454547,88.0909090909091,1788,2301,1425,1482,1778,2235
693,57,110.18,0.5319422762751861,28,104.97058823529412,137.6060606060606,88.12121212121212,1790,2304,1426,1482,1779,2237
694,56,110.28,0.5321944142183532,28,105.05882352941177,137.75757575757575,88.18181818181819,1792,2307,1427,1483,1780,2239
695,56,110.37,0.5324118872882123,28,105.1470588235294,137.87878787878788,88.24242424242425,1794,2309,1428,1484,1781,2241
696,56,110.46,0.5326326271953649,28,105.23529411764706,138.0,88.3030303030303,1796,2311,1429,1485,1782,2243
697,55,110.56,0.5328871201157742,28,105.32352941176471,138.15151515151516,88.36363636363636,1798,2314,1430,1486,1783,2245
698,56,110.67,0.53317701274058,28,105.41176470588235,138.3030303030303,88.45454545454545,1800,2317,1432,1487,1784,2247
699,57,110.78,0.5334663296623939,28,105.5,138.45454545454547,88.54545454545455,1802,2320,1434,1488,1785,2249
700,61,110.89,0.533755072594463,28,105.58823529411765,138.6060606060606,88.63636363636364,1804,2323,1436,1489,1786,2251
701,62,111.0,0.5340432432432433,28,105.67647058823529,138.75757575757575,88.72727272727273,1806,2326,1438,1490,1787,2253
702,56,111.12,0.5343340532757379,28,105.76470588235294,138.93939393939394,88.81818181818181,1808,2330,1440,1491,1788,2255
703,60,111.23,0.5345886901015913,28,105.8529411764706,139.12121212121212,88.87878787878788,1810,2334,1441,1492,1789,2257
704,54,111.35,0.5348783116299954,28,105.94117647058823,139.3030303030303,88.96969696969697,1812,2338,1443,1493,1790,2259
705,54,111.47,0.5351296312909303,28,106.02941176470588,139.45454545454547,89.0909090909091,1814,2341,1445,1495,1791,2261
706,60,111.59,0.5354198404874989,28,106.11764705882354,139.63636363636363,89.18181818181819,1816,2345,1447,1496,1792,2263
707,52,111.7,0.535674127126231,28,106.20588235294117,139.8181818181818,89.24242424242425,1818,2349,1448,1497,1793,2265
708,53,111.81,0.5359279134245596,28,106.29411764705883,140.0,89.3030303030303,1820,2353,1449,1498,1794,2267
709,54,111.92,0.5361829878484632,28,106.38235294117646,140.15151515151516,89.39393939393939,1822,2356,1451,1499,1795,2269
710,48,112.04,0.5364709032488397,28,106.47058823529412,140.33333333333334,89.48484848484848,1824,2360,1453,1500,1796,2271
711,51,112.16,0.5367582025677603,28,106.55882352941177,140.5151515151515,89.57575757575758,1826,2364,1455,1501,1797,2273
712,48,112.28,0.5370448877805487,28,106.6470588235294,140.6969696969697,89.66666666666667,1828,2368,1457,1502,1798,2275
713,44,112.38,0.5372646378359138,28,106.73529411764706,140.84848484848484,89.72727272727273,1830,2371,1458,1503,1799,2277
714,49,112.48,0.5375017780938833,28,106.82352941176471,141.03030303030303,89.75757575757575,1832,2375,1459,1503,1800,2279
715,48,112.58,0.5377384970687511,28,106.91176470588235,141.21212121212122,89.78787878787878,1834,2379,1460,1503,1801,2281
716,41,112.68,0.5379747958821441,28,107.0,141.3939393939394,89.81818181818181,1836,2383,1461,1503,1802,2283
717,50,112.77,0.5381794803582514,28,107.08823529411765,141.54545454545453,89.84848484848484,1838,2386,1462,1503,1803,2285
718,43,112.87,0.5383795516966421,28,107.17647058823529,141.6969696969697,89.9090909090909,1840,2389,1463,1504,1804,2287
719,39,112.97,0.5385792688324333,28,107.26470588235294,141.84848484848484,89.96969696969697,1842,2392,1464,1505,1805,2289
720,44,113.07,0.5387786327054037,28,107.3529411764706,142.0,90.03030303030303,1844,2395,1465,1506,1806,2291
721,37,113.17,0.5389776442520102,28,107.44117647058823,142.15151515151516,90.0909090909091,1846,2398,1466,1507,1807,2293
722,35,113.25,0.5391267108167771,28,107.52941176470588,142.24242424242425,90.15151515151516,1848,2400,1467,1508,1808,2294
723,41,113.34,0.5393047467796012,28,107.61764705882354,142.36363636363637,90.21212121212122,1850,2403,1468,1509,1809,2295
724,36,113.42,0.5394903897019926,28,107.70588235294117,142.4848484848485,90.24242424242425,1852,2406,1469,1509,1810,2296
725,31,113.5,0.5396757709251101,28,107.79411764705883,142.6060606060606,90.27272727272727,1854,2409,1470,1509,1811,2297
726,39,113.57,0.5398318217839219,28,107.88235294117646,142.6969696969697,90.3030303030303,1856,2411,1471,1509,1812,2298
727,41,113.64,0.5399876803942274,28,107.97058823529412,142.78787878787878,90.33333333333333,1858,2413,1472,1509,1813,2299
728,36,113.72,0.5401758705592684,28,108.05882352941177,142.9090909090909,90.36363636363636,1860,2416,1473,1509,1814,2300
729,43,113.8,0.5403637961335677,28,108.1470588235294,143.03030303030303,90.39393939393939,1862,2419,1474,1509,1815,2301
730,47,113.88,0.5405514576747453,28,108.23529411764706,143.15151515151516,90.42424242424242,1864,2422,1475,1509,1816,2302
731,45,113.96,0.5407388557388557,28,108.32352941176471,143.27272727272728,90.45454545454545,1866,2425,1476,1509,1817,2303
732,46,114.04,0.5409277446509997,28,108.41176470588235,143.3939393939394,90.48484848484848,1868,2428,1477,1509,1818,2304
733,53,114.12,0.5411163687346652,28,108.5,143.5151515151515,90.51515151515152,1870,2431,1478,1509,1819,2305
734,49,114.19,0.5412759436027673,28,108.58823529411765,143.6060606060606,90.54545454545455,1872,2433,1479,1509,1820,2306
735,45,114.26,0.5414353229476633,28,108.67647058823529,143.6969696969697,90.57575757575758,1874,2435,1480,1509,1821,2307
736,44,114.33,0.5415962564506254,28,108.76470588235294,143.78787878787878,90.60606060606061,1876,2437,1481,1509,1822,2308
737,40,114.4,0.541756993006993,28,108.8529411764706,143.87878787878788,90.63636363636364,1878,2439,1482,1509,1823,2309
738,42,114.47,0.5419175329780729,28,108.94117647058823,143.96969696969697,90.66666666666667,1880,2441,1483,1509,1824,2310
739,44,114.54,0.5420778767242884,28,109.02941176470588,144.06060606060606,90.6969696969697,1882,2443,1484,1509,1825,2311
740,42,114.62,0.542233467108707,28,109.11764705882354,144.15151515151516,90.75757575757575,1884,2445,1485,1510,1826,2312
741,37,114.7,0.5423888404533566,28,109.20588235294117,144.24242424242425,90.81818181818181,1886,2447,1486,1511,1827,2313
742,40,114.79,0.5425463890582803,28,109.29411764705883,144.33333333333334,90.9090909090909,1888,2449,1487,1513,1828,2314
743,40,114.88,0.5427036908077995,28,109.38235294117646,144.42424242424244,91.0,1890,2451,1488,1515,1829,2315
744,34,114.97,0.542876402539793,28,109.47058823529412,144.5151515151515,91.0909090909091,1892,2453,1489,1517,1830,2316
745,37,115.06,0.5430505823048845,28,109.55882352941177,144.6060606060606,91.18181818181819,1894,2455,1490,1519,1831,2317
746,35,115.14,0.5431856869897517,28,109.61764705882354,144.6969696969697,91.27272727272727,1895,2457,1491,1521,1832,2318
747,30,115.22,0.5433258114910605,28,109.67647058823529,144.78787878787878,91.36363636363636,1896,2459,1492,1523,1833,2319
748,32,115.32,0.5434946236559139,28,109.73529411764706,144.9090909090909,91.48484848484848,1897,2462,1493,1526,1834,2320
749,24,115.4,0.5436447140381283,28,109.76470588235294,145.03030303030303,91.57575757575758,1898,2465,1494,1528,1834,2321
750,18,115.46,0.5437796639528841,28,109.79411764705883,145.12121212121212,91.63636363636364,1899,2468,1495,1529,1834,2321
751,25,115.51,0.5438862436152714,28,109.82352941176471,145.1818181818182,91.6969696969697,1900,2470,1496,1530,1834,2321
752,23,115.56,0.5439944617514711,28,109.8529411764706,145.24242424242425,91.75757575757575,1901,2472,1497,1531,1834,2321
753,18,115.61,0.5441025862814635,28,109.88235294117646,145.3030303030303,91.81818181818181,1902,2474,1498,1532,1834,2321
754,25,115.66,0.544210617326647,28,109.91176470588235,145.36363636363637,91.87878787878788,1903,2476,1499,1533,1834,2321
755,26,115.71,0.5443185550082101,28,109.94117647058823,145.42424242424244,91.93939393939394,1904,2478,1500,1534,1834,2321
756,24,115.76,0.5444436765722184,28,109.97058823529412,145.4848484848485,92.0,1905,2480,1502,1534,1834,2321
757,33,115.82,0.544584700397168,28,110.0,145.54545454545453,92.0909090909091,1906,2482,1504,1535,1834,2321
758,42,115.88,0.5447255781843287,28,110.02941176470588,145.6060606060606,92.18181818181819,1907,2484,1506,1536,1834,2321
759,43,115.96,0.5448033804760262,28,110.08823529411765,145.6969696969697,92.27272727272727,1909,2486,1508,1537,1834,2322
760,49,116.05,0.5449263248599742,28,110.17647058823529,145.78787878787878,92.36363636363636,1912,2488,1510,1538,1834,2323
761,46,116.14,0.5450594110556225,28,110.26470588235294,145.87878787878788,92.45454545454545,1915,2490,1512,1539,1834,2324
762,42,116.21,0.5452379313312108,28,110.32352941176471,145.93939393939394,92.54545454545455,1917,2492,1514,1540,1834,2324
763,42,116.27,0.5453779994839598,28,110.3529411764706,146.0,92.63636363636364,1918,2494,1516,1541,1834,2324
764,36,116.33,0.5455179231496604,28,110.38235294117646,146.06060606060606,92.72727272727273,1919,2496,1518,1542,1834,2324
765,44,116.4,0.5456786941580756,28,110.44117647058823,146.12121212121212,92.81818181818181,1920,2498,1520,1543,1835,2324
766,40,116.47,0.5458392719155147,28,110.5,146.1818181818182,92.9090909090909,1921,2500,1522,1544,1836,2324
767,39,116.54,0.5459996567702077,28,110.55882352941177,146.24242424242425,93.0,1922,2502,1524,1545,1837,2324
768,44,116.61,0.5461598490695481,28,110.61764705882354,146.3030303030303,93.0909090909091,1923,2504,1526,1546,1838,2324
769,40,116.68,0.546319849160096,28,110.67647058823529,146.36363636363637,93.18181818181819,1924,2506,1528,1547,1839,2324
770,48,116.75,0.5464796573875803,28,110.73529411764706,146.42424242424244,93.27272727272727,1925,2508,1530,1548,1840,2324
771,49,116.83,0.5466703757596507,28,110.79411764705883,146.5151515151515,93.36363636363636,1926,2511,1532,1549,1841,2324
772,44,116.91,0.5468608331194936,28,110.8529411764706,146.6060606060606,93.45454545454545,1927,2514,1534,1550,1842,2324
773,45,116.99,0.5470510300025643,28,110.91176470588235,146.6969696969697,93.54545454545455,1928,2517,1536,1551,1843,2324
774,49,117.07,0.5472409669428547,28,110.97058823529412,146.78787878787878,93.63636363636364,1929,2520,1538,1552,1844,2324
775,53,117.15,0.547430644472898,28,111.02941176470588,146.87878787878788,93.72727272727273,1930,2523,1540,1553,1845,2324
776,51,117.23,0.5476200631237738,28,111.08823529411765,146.96969696969697,93.81818181818181,1931,2526,1542,1554,1846,2324
777,55,117.31,0.547810928309607,28,111.1470588235294,147.06060606060606,93.9090909090909,1932,2529,1544,1555,1847,2324
778,56,117.39,0.5480015333503706,28,111.20588235294117,147.15151515151516,94.0,1933,2532,1546,1556,1848,2324
779,54,117.47,0.5481918787775603,28,111.26470588235294,147.24242424242425,94.0909090909091,1934,2535,1548,1557,1849,2324
780,63,117.56,0.548397414086424,28,111.3529411764706,147.33333333333334,94.18181818181819,1936,2538,1550,1558,1850,2324
781,56,117.66,0.5486299507054224,28,111.44117647058823,147.45454545454547,94.27272727272727,1938,2542,1552,1559,1851,2324
782,52,117.76,0.5488620923913043,28,111.52941176470588,147.57575757575756,94.36363636363636,1940,2546,1554,1560,1852,2324
783,48,117.86,0.5490921432207704,28,111.61764705882354,147.6969696969697,94.45454545454545,1941,2550,1556,1561,1854,2324
784,48,117.95,0.5492946163628656,28,111.70588235294117,147.78787878787878,94.54545454545455,1942,2553,1558,1562,1856,2324
785,48,118.04,0.5494967807522874,28,111.79411764705883,147.87878787878788,94.63636363636364,1943,2556,1560,1563,1858,2324
786,45,118.13,0.5496986370947261,28,111.88235294117646,147.96969696969697,94.72727272727273,1944,2559,1562,1564,1860,2324
787,45,118.22,0.5499001860937236,28,111.97058823529412,148.06060606060606,94.81818181818181,1945,2562,1564,1565,1862,2324
788,42,118.31,0.5501014284506804,28,112.05882352941177,148.15151515151516,94.9090909090909,1946,2565,1566,1566,1864,2324
789,39,118.4,0.5503023648648648,28,112.1470588235294,148.24242424242425,95.0,1947,2568,1568,1567,1866,2324
790,39,118.49,0.5505029960334206,28,112.23529411764706,148.33333333333334,95.0909090909091,1948,2571,1570,1568,1868,2324
791,39,118.58,0.5507033226513746,28,112.32352941176471,148.42424242424244,95.18181818181819,1949,2574,1572,1569,1870,2324
792,40,118.66,0.550868026293612,28,112.38235294117646,148.5151515151515,95.27272727272727,1949,2577,1574,1570,1872,2324
793,43,118.75,0.5510677894736842,28,112.47058823529412,148.6060606060606,95.36363636363636,1950,2580,1576,1571,1874,2324
794,40,118.84,0.5512672500841468,28,112.55882352941177,148.6969696969697,95.45454545454545,1951,2583,1578,1572,1876,2324
795,37,118.93,0.5514680904733877,28,112.6470588235294,148.78787878787878,95.54545454545455,1952,2586,1580,1573,1878,2324
796,40,119.02,0.5516686271214922,28,112.73529411764706,148.87878787878788,95.63636363636364,1953,2589,1582,1574,1880,2324
797,49,119.11,0.5518671815968432,28,112.79411764705883,149.0,95.72727272727273,1954,2592,1584,1575,1881,2325
798,47,119.22,0.5520265056198624,28,112.91176470588235,149.12121212121212,95.81818181818181,1956,2595,1586,1576,1883,2326
799,44,119.34,0.5521434556728674,28,113.05882352941177,149.24242424242425,95.9090909090909,1959,2598,1588,1577,1885,2327
800,38,119.46,0.552266867570735,28,113.20588235294117,149.36363636363637,96.0,1962,2601,1590,1578,1887,2328
801,35,119.55,0.5523989962358846,28,113.32352941176471,149.4848484848485,96.03030303030303,1964,2604,1591,1578,1889,2329
802,38,119.64,0.5526028084252759,28,113.41176470588235,149.6060606060606,96.0909090909091,1965,2607,1593,1578,1891,2330
803,42,119.72,0.5527731373204143,28,113.5,149.6969696969697,96.15151515151516,1966,2609,1595,1578,1893,2331
804,38,119.82,0.5529394091136706,28,113.61764705882354,149.8181818181818,96.21212121212122,1968,2612,1597,1578,1895,2332
805,44,119.91,0.5530806438161955,28,113.73529411764706,149.93939393939394,96.24242424242425,1970,2615,1598,1578,1897,2333
806,40,120.01,0.5532547287726023,28,113.8529411764706,150.06060606060606,96.3030303030303,1972,2618,1600,1578,1899,2334
807,37,120.1,0.5534571190674438,28,113.94117647058823,150.1818181818182,96.36363636363636,1973,2621,1602,1578,1901,2335
808,37,120.19,0.5536608702887096,28,114.02941176470588,150.3030303030303,96.42424242424242,1974,2624,1604,1578,1903,2336
809,41,120.27,0.5538330423214434,28,114.11764705882354,150.42424242424244,96.45454545454545,1975,2627,1605,1578,1905,2337
810,38,120.36,0.5540378863409771,28,114.20588235294117,150.54545454545453,96.51515151515152,1976,2630,1607,1578,1907,2338
811,38,120.45,0.5542424242424242,28,114.29411764705883,150.66666666666666,96.57575757575758,1977,2633,1609,1578,1909,2339
812,35,120.54,0.5544466567114651,28,114.38235294117646,150.78787878787878,96.63636363636364,1978,2636,1611,1578,1911,2340
813,40,120.61,0.5545866843545312,28,114.47058823529412,150.87878787878788,96.66666666666667,1979,2638,1612,1578,1913,2341
814,40,120.7,0.5547903893951946,28,114.55882352941177,151.0,96.72727272727273,1980,2641,1614,1578,1915,2342
815,37,120.79,0.5549937908767282,28,114.6470588235294,151.12121212121212,96.78787878787878,1981,2644,1616,1578,1917,2343
816,34,120.88,0.5551968894771675,28,114.73529411764706,151.24242424242425,96.84848484848484,1982,2647,1618,1578,1919,2344
817,45,120.95,0.5553377428689541,28,114.82352941176471,151.33333333333334,96.87878787878788,1983,2649,1619,1578,1921,2345
818,47,121.05,0.5554655101197852,28,114.94117647058823,151.45454545454547,96.93939393939394,1985,2652,1621,1578,1923,2346
819,44,121.17,0.5554749525460098,28,115.05882352941177,151.6060606060606,97.03030303030303,1987,2656,1624,1578,1925,2347
820,47,121.29,0.5554843762882348,28,115.17647058823529,151.75757575757575,97.12121212121212,1989,2660,1627,1578,1927,2348
821,52,121.39,0.5554600873218551,28,115.29411764705883,151.9090909090909,97.15151515151516,1991,2664,1628,1578,1929,2349
822,52,121.51,0.5554843222780018,28,115.41176470588235,152.06060606060606,97.24242424242425,1993,2668,1631,1578,1931,2350
823,52,121.63,0.555515086738469,28,115.52941176470588,152.21212121212122,97.33333333333333,1995,2672,1634,1578,1933,2351
824,49,121.75,0.5555507186858316,28,115.6470588235294,152.36363636363637,97.42424242424242,1997,2676,1637,1578,1935,2352
825,51,121.85,0.5555543701272057,28,115.76470588235294,152.5151515151515,97.45454545454545,1999,2680,1638,1578,1937,2353
826,54,121.97,0.5556030171353611,28,115.88235294117646,152.66666666666666,97.54545454545455,2001,2684,1641,1578,1939,2354
827,51,122.09,0.5556613973298387,28,116.0,152.8181818181818,97.63636363636364,2003,2688,1644,1578,1941,2355
828,48,122.21,0.5557212994026676,28,116.11764705882354,152.96969696969697,97.72727272727273,2005,2692,1647,1578,1943,2356
829,55,122.32,0.5556491170699804,28,116.23529411764706,153.12121212121212,97.78787878787878,2007,2696,1648,1579,1945,2357
830,54,122.45,0.5556186198448346,28,116.3529411764706,153.27272727272728,97.9090909090909,2009,2700,1651,1580,1947,2358
831,56,122.58,0.5555930820688529,28,116.47058823529412,153.42424242424244,98.03030303030303,2011,2704,1654,1581,1949,2359
832,55,122.71,0.5555284817863255,28,116.61764705882354,153.54545454545453,98.15151515151516,2014,2707,1657,1582,1951,2360
833,49,122.83,0.5555865830823089,28,116.76470588235294,153.66666666666666,98.24242424242425,2017,2710,1659,1583,1953,2361
834,53,122.94,0.5556287619977225,28,116.91176470588235,153.78787878787878,98.3030303030303,2020,2713,1660,1584,1955,2362
835,51,123.05,0.5557391304347826,28,117.02941176470588,153.9090909090909,98.39393939393939,2022,2716,1662,1585,1957,2363
836,55,123.16,0.5558963949334199,28,117.17647058823529,154.03030303030303,98.45454545454545,2025,2719,1664,1585,1959,2364
837,56,123.27,0.5560566236716151,28,117.32352941176471,154.15151515151516,98.51515151515152,2028,2722,1666,1585,1961,2365
838,58,123.37,0.5562316608575828,28,117.44117647058823,154.27272727272728,98.57575757575758,2030,2725,1668,1585,1963,2366
839,60,123.47,0.556409654167004,28,117.55882352941177,154.3939393939394,98.63636363636364,2032,2728,1670,1585,1965,2367
840,56,123.57,0.556588977907259,28,117.67647058823529,154.5151515151515,98.6969696969697,2034,2731,1672,1585,1967,2368
841,64,123.67,0.5567712460580577,28,117.79411764705883,154.63636363636363,98.75757575757575,2036,2734,1674,1585,1969,2369
842,63,123.77,0.5569548355821281,28,117.91176470588235,154.75757575757575,98.81818181818181,2038,2737,1676,1585,1971,2370
843,65,123.87,0.5571397432792444,28,118.02941176470588,154.87878787878788,98.87878787878788,2040,2740,1678,1585,1973,2371
844,67,123.97,0.5573259659595063,28,118.1470588235294,155.0,98.93939393939394,2042,2743,1680,1585,1975,2372
845,63,124.07,0.5575118884500685,28,118.26470588235294,155.12121212121212,99.0,2044,2746,1682,1585,1977,2373
846,71,124.17,0.5576991221712169,28,118.38235294117646,155.24242424242425,99.06060606060606,2046,2749,1684,1585,1979,2374
847,70,124.27,0.5578876639575119,28,118.5,155.36363636363637,99.12121212121212,2048,2752,1686,1585,1981,2375
848,65,124.38,0.558015758160476,28,118.61764705882354,155.4848484848485,99.21212121212122,2050,2755,1688,1586,1983,2376
849,69,124.49,0.5581500522130292,28,118.73529411764706,155.6060606060606,99.3030303030303,2052,2758,1690,1587,1985,2377
850,64,124.6,0.5582889245585875,28,118.8529411764706,155.72727272727272,99.39393939393939,2054,2761,1692,1588,1987,2378
851,56,124.71,0.5584355705236148,28,118.97058823529412,155.84848484848484,99.48484848484848,2056,2764,1694,1589,1989,2379
852,60,124.82,0.5585851626341932,28,119.08823529411765,155.96969696969697,99.57575757575758,2058,2767,1696,1590,1991,2380
853,56,124.92,0.5587495997438361,28,119.17647058823529,156.0909090909091,99.66666666666667,2059,2770,1698,1591,1993,2381
854,59,125.04,0.5587971849008317,28,119.32352941176471,156.21212121212122,99.75757575757575,2061,2773,1700,1592,1996,2382
855,59,125.16,0.558849472674976,28,119.47058823529412,156.33333333333334,99.84848484848484,2063,2776,1702,1593,1999,2383
856,50,125.28,0.5589032567049809,28,119.61764705882354,156.45454545454547,99.93939393939394,2065,2779,1704,1594,2002,2384
857,53,125.4,0.5589601275917065,28,119.76470588235294,156.57575757575756,100.03030303030303,2067,2782,1706,1595,2005,2385
858,53,125.52,0.5590184831102613,28,119.91176470588235,156.6969696969697,100.12121212121212,2069,2785,1708,1596,2008,2386
859,41,125.64,0.5590799108564152,28,120.05882352941177,156.8181818181818,100.21212121212122,2071,2788,1710,1597,2011,2387
860,39,125.75,0.5591339960238568,28,120.20588235294117,156.93939393939394,100.27272727272727,2073,2791,1711,1598,2014,2388
861,40,125.86,0.5591752741140951,28,120.32352941176471,157.06060606060606,100.36363636363636,2075,2794,1713,1599,2016,2389
862,38,125.97,0.5592212431531317,28,120.44117647058823,157.1818181818182,100.45454545454545,2077,2797,1715,1600,2018,2390
863,37,126.07,0.5592393114936146,28,120.55882352941177,157.27272727272728,100.54545454545455,2079,2799,1717,1601,2020,2391
864,42,126.17,0.5592747879844654,28,120.67647058823529,157.3939393939394,100.60606060606061,2081,2802,1718,1602,2022,2392
865,44,126.27,0.5593133760988358,28,120.79411764705883,157.5151515151515,100.66666666666667,2083,2805,1719,1603,2024,2393
866,43,126.37,0.5593566511039012,28,120.91176470588235,157.63636363636363,100.72727272727273,2085,2808,1720,1604,2026,2394
867,48,126.47,0.5593998576737566,28,121.02941176470588,157.75757575757575,100.78787878787878,2087,2811,1721,1605,2028,2395
868,50,126.57,0.5594382555107845,28,121.17647058823529,157.84848484848484,100.84848484848484,2089,2813,1722,1606,2031,2396
869,43,126.67,0.5594829083445173,28,121.32352941176471,157.93939393939394,100.9090909090909,2091,2815,1723,1607,2034,2397
870,48,126.77,0.5595306460519051,28,121.47058823529412,158.03030303030303,100.96969696969697,2093,2817,1724,1608,2037,2398
871,52,126.88,0.5596011979823455,28,121.61764705882354,158.15151515151516,101.03030303030303,2095,2820,1725,1609,2040,2399
872,44,126.99,0.559677927395858,28,121.76470588235294,158.27272727272728,101.0909090909091,2097,2823,1726,1610,2043,2400
873,45,127.1,0.5597545239968529,28,121.91176470588235,158.3939393939394,101.15151515151516,2099,2826,1727,1611,2046,2401
874,41,127.2,0.5598144654088051,28,122.02941176470588,158.5151515151515,101.21212121212122,2101,2829,1728,1612,2048,2402
875,36,127.28,0.5598538654934003,28,122.11764705882354,158.63636363636363,101.24242424242425,2102,2832,1729,1612,2050,2403
876,40,127.36,0.5598963567839196,28,122.20588235294117,158.75757575757575,101.27272727272727,2103,2835,1730,1612,2052,2404
877,41,127.44,0.5599387947269303,28,122.29411764705883,158.87878787878788,101.3030303030303,2104,2838,1731,1612,2054,2405
878,35,127.53,0.5600211714890614,28,122.41176470588235,159.0,101.33333333333333,2106,2841,1732,1612,2056,2406
879,39,127.61,0.5600932528798683,28,122.52941176470588,159.0909090909091,101.36363636363636,2108,2844,1733,1612,2058,2406
880,43,127.69,0.5601715091236589,28,122.6470588235294,159.1818181818182,101.39393939393939,2110,2847,1734,1612,2060,2406
881,43,127.78,0.5602613867584911,28,122.76470588235294,159.27272727272728,101.45454545454545,2112,2850,1736,1612,2062,2406
882,49,127.87,0.5603573942285134,28,122.88235294117646,159.36363636363637,101.51515151515152,2114,2853,1738,1612,2064,2406
883,48,127.97,0.5604805813862623,28,123.02941176470588,159.45454545454547,101.57575757575758,2116,2856,1740,1612,2067,2406
884,47,128.07,0.5606098227531819,28,123.17647058823529,159.54545454545453,101.63636363636364,2118,2859,1742,1612,2070,2406
885,49,128.17,0.560740422875868,28,123.32352941176471,159.63636363636363,101.6969696969697,2120,2862,1744,1612,2073,2406
886,48,128.27,0.5608739377874795,28,123.47058823529412,159.72727272727272,101.75757575757575,2122,2865,1746,1612,2076,2406
887,44,128.37,0.5610103606761705,28,123.61764705882354,159.8181818181818,101.81818181818181,2124,2868,1748,1612,2079,2406
888,46,128.47,0.5611496847513038,28,123.76470588235294,159.9090909090909,101.87878787878788,2126,2871,1750,1612,2082,2406
889,46,128.56,0.5612570006222775,28,123.88235294117646,160.0,101.93939393939394,2127,2874,1752,1612,2085,2406
890,43,128.65,0.5613672755538281,28,124.0,160.0909090909091,102.0,2128,2877,1754,1612,2088,2406
891,49,128.74,0.5614789498213454,28,124.11764705882354,160.1818181818182,102.06060606060606,2129,2880,1756,1612,2091,2406
892,48,128.84,0.5616252716547656,28,124.26470588235294,160.27272727272728,102.12121212121212,2131,2883,1758,1612,2094,2406
893,44,128.94,0.5617729176361098,28,124.41176470588235,160.36363636363637,102.18181818181819,2133,2886,1760,1612,2097,2406
894,46,129.04,0.5619203347799132,28,124.55882352941177,160.45454545454547,102.24242424242425,2135,2889,1762,1612,2100,2406
895,49,129.13,0.5620359327809185,28,124.67647058823529,160.54545454545453,102.3030303030303,2136,2892,1764,1612,2103,2406
896,45,129.23,0.562186024916815,28,124.82352941176471,160.63636363636363,102.36363636363636,2138,2895,1766,1612,2106,2406
897,47,129.33,0.5623358849454883,28,124.97058823529412,160.72727272727272,102.42424242424242,2140,2898,1768,1612,2109,2406
898,46,129.43,0.5624855134049294,28,125.11764705882354,160.8181818181818,102.48484848484848,2142,2901,1770,1612,2112,2406
899,43,129.52,0.5626034589252625,28,125.23529411764706,160.9090909090909,102.54545454545455,2143,2904,1772,1612,2115,2406
900,48,129.62,0.5627557475698195,28,125.38235294117646,161.0,102.60606060606061,2145,2907,1774,1612,2118,2406
901,47,129.72,0.5629078014184398,28,125.52941176470588,161.0909090909091,102.66666666666667,2147,2910,1776,1612,2121,2406
902,43,129.82,0.5630596210137113,28,125.67647058823529,161.1818181818182,102.72727272727273,2149,2913,1778,1612,2124,2406
903,49,129.91,0.5631814332999769,28,125.79411764705883,161.27272727272728,102.78787878787878,2150,2916,1780,1612,2127,2406
904,49,130.0,0.5633030769230769,28,125.91176470588235,161.36363636363637,102.84848484848484,2151,2919,1782,1612,2130,2406
905,48,130.1,0.5634573405073021,28,126.05882352941177,161.45454545454547,102.9090909090909,2153,2922,1784,1612,2133,2406
906,56,130.2,0.5636144393241167,28,126.20588235294117,161.54545454545453,102.96969696969697,2155,2925,1786,1612,2136,2406
907,57,130.31,0.5637978666257386,28,126.3529411764706,161.66666666666666,103.03030303030303,2157,2929,1788,1612,2139,2406
908,54,130.43,0.5640136471670627,28,126.5,161.8181818181818,103.0909090909091,2159,2934,1790,1612,2142,2406
909,60,130.55,0.5642290310225967,28,126.6470588235294,161.96969696969697,103.15151515151516,2161,2939,1792,1612,2145,2406
910,54,130.67,0.5644440192852224,28,126.79411764705883,162.12121212121212,103.21212121212122,2163,2944,1794,1612,2148,2406
911,51,130.79,0.5646448505237404,28,126.94117647058823,162.27272727272728,103.27272727272727,2165,2948,1796,1612,2151,2407
912,54,130.91,0.5648453135742113,28,127.08823529411765,162.42424242424244,103.33333333333333,2167,2952,1798,1612,2154,2408
913,52,131.02,0.5650297664478705,28,127.23529411764706,162.54545454545453,103.39393939393939,2169,2956,1800,1612,2157,2408
914,50,131.13,0.5652001830244795,28,127.3529411764706,162.6969696969697,103.45454545454545,2170,2960,1802,1612,2160,2409
915,59,131.25,0.5654026666666667,28,127.5,162.84848484848484,103.51515151515152,2172,2964,1804,1612,2163,2410
916,56,131.37,0.5656047803912613,28,127.6470588235294,163.0,103.57575757575758,2174,2968,1806,1612,2166,2411
917,53,131.49,0.5658065252110427,28,127.79411764705883,163.15151515151516,103.63636363636364,2176,2972,1808,1612,2169,2412
918,60,131.6,0.5659787234042554,28,127.91176470588235,163.3030303030303,103.6969696969697,2177,2976,1810,1612,2172,2413
919,57,131.72,0.5661828120255087,28,128.05882352941177,163.45454545454547,103.75757575757575,2179,2980,1812,1612,2175,2414
920,56,131.85,0.5664186575654153,28,128.2058823529412,163.63636363636363,103.81818181818181,2181,2985,1814,1612,2178,2415
921,70,131.98,0.5666540384906804,28,128.35294117647058,163.8181818181818,103.87878787878788,2183,2990,1816,1612,2181,2416
922,71,132.12,0.5668195579775961,28,128.5,164.0,103.96969696969697,2185,2995,1818,1613,2184,2417
923,75,132.26,0.5670074096476637,28,128.6764705882353,164.15151515151516,104.06060606060606,2188,3000,1820,1614,2187,2417
924,85,132.4,0.5672009063444109,28,128.85294117647058,164.3030303030303,104.15151515151516,2191,3005,1822,1615,2190,2417
925,80,132.54,0.5673970122227252,28,129.02941176470588,164.45454545454547,104.24242424242425,2194,3010,1824,1616,2193,2417
926,78,132.68,0.5675987337955984,28,129.2058823529412,164.6060606060606,104.33333333333333,2197,3015,1826,1617,2196,2417
927,82,132.82,0.5678030417105857,28,129.38235294117646,164.75757575757575,104.42424242424242,2200,3020,1828,1618,2199,2417
928,74,132.96,0.56801293622142,28,129.55882352941177,164.9090909090909,104.51515151515152,2203,3025,1830,1619,2202,2417
929,81,133.1,0.5682238918106687,28,129.73529411764707,165.06060606060606,104.60606060606061,2206,3030,1832,1620,2205,2417
930,88,133.24,0.568437406184329,28,129.91176470588235,165.21212121212122,104.6969696969697,2209,3035,1834,1621,2208,2417
931,86,133.38,0.5686504723346829,28,130.08823529411765,165.36363636363637,104.78787878787878,2212,3040,1836,1622,2211,2417
932,77,133.53,0.5688137497191642,28,130.26470588235293,165.54545454545453,104.87878787878788,2215,3045,1838,1623,2214,2418
933,98,133.68,0.5689841412327947,28,130.44117647058823,165.72727272727272,104.96969696969697,2218,3050,1840,1624,2217,2419
934,92,133.83,0.5691601285212583,28,130.61764705882354,165.9090909090909,105.06060606060606,2221,3055,1842,1625,2220,2420
935,93,133.97,0.5693341792938718,28,130.7941176470588,166.0909090909091,105.12121212121212,2224,3060,1843,1626,2223,2421
936,108,134.12,0.569521324187295,28,130.97058823529412,166.27272727272728,105.21212121212122,2227,3065,1845,1627,2226,2422
937,102,134.27,0.5697125195501601,28,131.14705882352942,166.45454545454547,105.3030303030303,2230,3070,1847,1628,2229,2423
938,87,134.42,0.5699032882011605,28,131.3235294117647,166.63636363636363,105.39393939393939,2233,3075,1849,1629,2232,2424
939,93,134.57,0.570098090213272,28,131.5,166.8181818181818,105.48484848484848,2236,3080,1851,1630,2235,2425
940,105,134.72,0.5702954275534442,28,131.6764705882353,167.0,105.57575757575758,2239,3085,1853,1631,2238,2426
941,101,134.88,0.5705100830367734,28,131.85294117647058,167.21212121212122,105.66666666666667,2242,3090,1855,1632,2241,2428
942,88,135.04,0.5707271919431279,28,132.02941176470588,167.42424242424244,105.75757575757575,2245,3095,1857,1633,2244,2430
943,102,135.2,0.5709467455621301,28,132.2058823529412,167.63636363636363,105.84848484848484,2248,3100,1859,1634,2247,2432
944,100,135.37,0.5711597842948954,28,132.38235294117646,167.84848484848484,105.96969696969697,2251,3105,1862,1635,2250,2434
945,98,135.54,0.5713722886232846,28,132.55882352941177,168.06060606060606,106.0909090909091,2254,3110,1865,1636,2253,2436
946,93,135.71,0.5715857342863458,28,132.73529411764707,168.27272727272728,106.21212121212122,2257,3115,1868,1637,2256,2438
947,91,135.88,0.5718015896379158,28,132.91176470588235,168.4848484848485,106.33333333333333,2260,3120,1871,1638,2259,2440
948,92,136.05,0.5720183755972069,28,133.08823529411765,168.6969696969697,106.45454545454545,2263,3125,1874,1639,2262,2442
949,88,136.21,0.5722201013141472,28,133.26470588235293,168.87878787878788,106.57575757575758,2266,3130,1877,1640,2265,2443
950,86,136.38,0.572438774013785,28,133.44117647058823,169.0909090909091,106.6969696969697,2269,3135,1880,1641,2268,2445
951,84,136.55,0.5726612962284877,28,133.61764705882354,169.3030303030303,106.81818181818181,2272,3140,1883,1642,2271,2447
952,76,136.72,0.5728832650672908,28,133.7941176470588,169.5151515151515,106.93939393939394,2275,3145,1886,1643,2274,2449
953,75,136.88,0.5731209818819404,28,133.97058823529412,169.6969696969697,107.06060606060606,2278,3150,1889,1644,2277,2450
954,78,137.03,0.5733700649492812,28,134.14705882352942,169.87878787878788,107.15151515151516,2281,3155,1892,1644,2280,2451
955,79,137.17,0.5735969964277904,28,134.2941176470588,170.06060606060606,107.24242424242425,2284,3160,1895,1644,2282,2452
956,80,137.31,0.5738234651518462,28,134.44117647058823,170.24242424242425,107.33333333333333,2287,3165,1898,1644,2284,2453
957,79,137.44,0.5740395809080325,28,134.58823529411765,170.42424242424244,107.39393939393939,2290,3170,1900,1644,2286,2454
958,83,137.58,0.5742651548190144,28,134.73529411764707,170.6060606060606,107.48484848484848,2293,3175,1903,1644,2288,2455
959,102,137.72,0.5744917223351728,28,134.88235294117646,170.78787878787878,107.57575757575758,2296,3180,1906,1644,2290,2456
960,94,137.86,0.5747178296822864,28,135.02941176470588,170.96969696969697,107.66666666666667,2299,3185,1909,1644,2292,2457
961,86,138.0,0.5749434782608696,28,135.1764705882353,171.15151515151516,107.75757575757575,2302,3190,1912,1644,2294,2458
962,102,138.14,0.5751686694657594,28,135.3235294117647,171.33333333333334,107.84848484848484,2305,3195,1915,1644,2296,2459
963,105,138.29,0.575356858775038,28,135.47058823529412,171.54545454545453,107.93939393939394,2308,3201,1918,1644,2298,2460
964,98,138.45,0.5755687973997834,28,135.64705882352942,171.75757575757575,108.03030303030303,2311,3207,1921,1644,2301,2461
965,103,138.61,0.5757816896327826,28,135.8235294117647,171.96969696969697,108.12121212121212,2314,3213,1924,1644,2304,2462
966,96,138.77,0.5759984146429343,28,136.0,172.1818181818182,108.21212121212122,2317,3219,1927,1644,2307,2463
967,107,138.93,0.5762175196141942,28,136.1764705882353,172.3939393939394,108.3030303030303,2320,3225,1930,1644,2310,2464
968,112,139.09,0.5764389963333094,28,136.35294117647058,172.6060606060606,108.39393939393939,2323,3231,1933,1644,2313,2465
969,108,139.25,0.5766642728904847,28,136.52941176470588,172.8181818181818,108.48484848484848,2326,3237,1936,1644,2316,2466
970,104,139.41,0.5768919015852522,28,136.7058823529412,173.03030303030303,108.57575757575758,2329,3243,1939,1644,2319,2467
971,106,139.57,0.5771204413555922,28,136.88235294117646,173.24242424242425,108.66666666666667,2332,3249,1942,1644,2322,2468
972,117,139.73,0.577348457739927,28,137.05882352941177,173.45454545454547,108.75757575757575,2335,3255,1945,1644,2325,2469
973,113,139.89,0.5775773822288941,28,137.23529411764707,173.66666666666666,108.84848484848484,2338,3261,1948,1644,2328,2470
974,115,140.05,0.5778072117101035,28,137.41176470588235,173.87878787878788,108.93939393939394,2341,3267,1951,1644,2331,2471
975,120,140.21,0.578036516653591,28,137.58823529411765,174.0909090909091,109.03030303030303,2344,3273,1954,1644,2334,2472
976,122,140.37,0.5782652988530312,28,137.76470588235293,174.3030303030303,109.12121212121212,2347,3279,1957,1644,2337,2473
977,118,140.53,0.578494983277592,28,137.94117647058823,174.5151515151515,109.21212121212122,2350,3285,1960,1644,2340,2474
978,117,140.69,0.5787255668491009,28,138.11764705882354,174.72727272727272,109.3030303030303,2353,3291,1963,1644,2343,2475
979,128,140.85,0.5789556265530706,28,138.2941176470588,174.93939393939394,109.39393939393939,2356,3297,1966,1644,2346,2476
980,121,141.01,0.5791865825118786,28,138.47058823529412,175.15151515151516,109.48484848484848,2359,3303,1969,1644,2349,2477
981,123,141.17,0.5794198484097187,28,138.64705882352942,175.36363636363637,109.57575757575758,2362,3309,1972,1644,2352,2478
982,131,141.33,0.5796525861458997,28,138.8235294117647,175.57575757575756,109.66666666666667,2365,3315,1975,1644,2355,2479
983,129,141.5,0.5797851590106007,28,139.0,175.8181818181818,109.75757575757575,2368,3321,1978,1644,2358,2481
984,127,141.67,0.5799202371708901,28,139.1764705882353,176.06060606060606,109.84848484848484,2371,3327,1981,1644,2361,2483
985,134,141.84,0.5800549915397631,28,139.35294117647058,176.3030303030303,109.93939393939394,2374,3333,1984,1644,2364,2485
986,129,142.01,0.5801894232800506,28,139.52941176470588,176.54545454545453,110.03030303030303,2377,3339,1987,1644,2367,2487
987,133,142.18,0.5803235335490223,28,139.7058823529412,176.78787878787878,110.12121212121212,2380,3345,1990,1644,2370,2489
988,140,142.35,0.5804587284861258,28,139.88235294117646,177.03030303030303,110.21212121212122,2383,3351,1993,1644,2373,2491
989,143,142.53,0.5805816319371361,28,140.05882352941177,177.3030303030303,110.3030303030303,2386,3357,1996,1644,2376,2494
990,131,142.71,0.5807042253521126,28,140.23529411764707,177.57575757575756,110.39393939393939,2389,3363,1999,1644,2379,2497
991,137,142.89,0.5808265099027223,28,140.41176470588235,177.84848484848484,110.48484848484848,2392,3369,2002,1644,2382,2500
992,136,143.08,0.5808987978753145,28,140.58823529411765,178.15151515151516,110.57575757575758,2395,3375,2005,1644,2385,2504
993,129,143.27,0.5809764779786417,28,140.76470588235293,178.45454545454547,110.66666666666667,2398,3381,2008,1644,2388,2508
994,125,143.46,0.5810567405548585,28,140.94117647058823,178.75757575757575,110.75757575757575,2401,3387,2011,1644,2391,2512
995,124,143.65,0.5811437521754264,28,141.11764705882354,179.06060606060606,110.84848484848484,2404,3393,2014,1644,2394,2516
996,120,143.84,0.5812347052280312,28,141.2941176470588,179.36363636363637,110.93939393939394,2407,3399,2017,1644,2397,2520
997,122,144.03,0.5813281955148233,28,141.47058823529412,179.66666666666666,111.03030303030303,2410,3405,2020,1644,2400,2524
998,121,144.22,0.5814228262376924,28,141.64705882352942,179.96969696969697,111.12121212121212,2413,3411,2023,1644,2403,2528
999,108,144.41,0.5815213627865107,28,141.8235294117647,180.27272727272728,111.21212121212122,2416,3417,2026,1644,2406,2532
1000,107,144.6,0.5816224066390041,28,142.0,180.57575757575756,111.3030303030303,2419,3423,2029,1644,2409,2536
