,TotalSugar,AvgSugarLevel,SugarGini,NumCooperators,RiskAverseAvgSugar,NeutralAvgSugar,RiskSeekingAvgSugar,RiskAverseCoopSugar,NeutralCoopSugar,RiskSeekingCoopSugar,RiskSeekingNonCoopSugar,RiskAverseNonCoopSugar,NeutralNonCoopSugar
0,4622,0.0,0.0,28,0.0,0.0,0.0,0,0,0,0,0,0
1,4532,0.9,0.1,28,0.9117647058823529,0.9090909090909091,0.8787878787878788,8,9,9,20,23,21
2,4441,1.81,0.09497237569060772,28,1.8529411764705883,1.8181818181818181,1.7575757575757576,17,18,18,40,46,42
3,4350,2.72,0.09330882352941174,28,2.7941176470588234,2.727272727272727,2.6363636363636362,26,27,27,60,69,63
4,4258,3.64,0.08994505494505489,28,3.735294117647059,3.6363636363636362,3.5454545454545454,35,36,36,81,92,84
5,4167,4.55,0.08986813186813179,28,4.676470588235294,4.515151515151516,4.454545454545454,44,45,45,102,115,104
6,4076,5.46,0.08985347985347986,28,5.617647058823529,5.393939393939394,5.363636363636363,53,54,54,123,138,124
7,3984,6.38,0.08843260188087769,28,6.5588235294117645,6.303030303030303,6.2727272727272725,62,63,63,144,161,145
8,3892,7.3,0.08736986301369867,28,7.5,7.212121212121212,7.181818181818182,71,72,72,165,184,166
9,3801,8.21,0.08758830694275276,28,8.441176470588236,8.090909090909092,8.090909090909092,80,81,81,186,207,186
10,3710,9.12,0.08778508771929822,28,9.382352941176471,8.969696969696969,9.0,89,90,90,207,230,206
11,3618,10.04,0.08707171314741032,28,10.323529411764707,9.878787878787879,9.909090909090908,98,99,99,228,253,227
12,3528,10.94,0.08798903107861065,28,11.235294117647058,10.757575757575758,10.818181818181818,106,108,108,249,276,247
13,3436,11.86,0.08730185497470487,28,12.176470588235293,11.666666666666666,11.727272727272727,115,117,117,270,299,268
14,3344,12.78,0.08674491392801258,28,13.117647058823529,12.575757575757576,12.636363636363637,124,126,126,291,322,289
15,3252,13.7,0.08627737226277375,28,14.058823529411764,13.484848484848484,13.545454545454545,133,135,135,312,345,310
16,3160,14.62,0.0858686730506156,28,15.0,14.393939393939394,14.454545454545455,142,144,144,333,368,331
17,3068,15.54,0.0855083655083655,28,15.941176470588236,15.303030303030303,15.363636363636363,151,153,153,354,391,352
18,2976,16.46,0.08507897934386392,28,16.88235294117647,16.242424242424242,16.242424242424242,160,162,161,375,414,374
19,2887,17.35,0.08614985590778104,28,17.794117647058822,17.151515151515152,17.09090909090909,169,170,169,395,436,396
20,2801,18.24,0.08724780701754384,28,18.735294117647058,18.03030303030303,17.939393939393938,178,178,177,415,459,417
21,2712,19.13,0.08819132253005747,28,19.676470588235293,18.90909090909091,18.78787878787879,187,186,186,434,482,438
22,2622,20.03,0.08861208187718418,28,20.58823529411765,19.818181818181817,19.666666666666668,196,195,195,454,504,459
23,2530,20.95,0.0882243436754176,28,21.529411764705884,20.727272727272727,20.575757575757574,205,204,204,475,527,480
24,2439,21.86,0.0882982616651418,28,22.470588235294116,21.606060606060606,21.484848484848484,214,213,213,496,550,500
25,2355,22.76,0.08871704745166965,28,23.38235294117647,22.484848484848484,22.393939393939394,222,222,222,517,573,520
26,2265,23.66,0.08900253592561284,28,24.294117647058822,23.393939393939394,23.272727272727273,230,231,231,537,596,541
27,2175,24.56,0.08939739413680783,28,25.205882352941178,24.272727272727273,24.181818181818183,238,240,240,558,619,561
28,2083,25.48,0.08902668759811619,28,26.11764705882353,25.181818181818183,25.12121212121212,246,249,249,580,642,582
29,1994,26.4,0.08860606060606059,28,27.029411764705884,26.12121212121212,26.03030303030303,254,258,258,601,665,604
30,1903,27.31,0.08861589161479316,28,27.941176470588236,27.03030303030303,26.939393939393938,262,267,267,622,688,625
31,1813,28.21,0.08887274016306279,28,28.852941176470587,27.939393939393938,27.818181818181817,270,276,276,642,711,646
32,1724,29.1,0.0893127147766323,28,29.735294117647058,28.848484848484848,28.696969696969695,278,285,284,663,733,667
33,1636,29.98,0.0900466977985323,28,30.61764705882353,29.757575757575758,29.545454545454547,286,294,292,683,755,688
34,1551,30.86,0.09073233959818537,28,31.5,30.666666666666668,30.393939393939394,294,303,300,703,777,709
35,1469,31.74,0.09132955261499688,28,32.38235294117647,31.606060606060606,31.21212121212121,302,312,308,722,799,731
36,1386,32.63,0.09172847073245478,28,33.26470588235294,32.515151515151516,32.09090909090909,310,321,316,743,821,752
37,1301,33.54,0.09160405485986885,28,34.14705882352941,33.45454545454545,33.0,318,330,325,764,843,774
38,1217,34.44,0.09173635307781652,28,35.029411764705884,34.39393939393939,33.878787878787875,326,339,333,785,865,796
39,1132,35.32,0.0922480181200453,28,35.85294117647059,35.333333333333336,34.75757575757576,333,348,341,806,886,818
40,1044,36.2,0.0927955801104973,28,36.705882352941174,36.27272727272727,35.60606060606061,341,357,349,826,907,840
41,965,37.02,0.09439222042139378,28,37.5,37.21212121212121,36.333333333333336,348,366,357,842,927,862
42,891,37.79,0.09662079915321513,28,38.1764705882353,38.121212121212125,37.06060606060606,353,375,365,858,945,883
43,820,38.5,0.09949610389610385,28,38.85294117647059,38.93939393939394,37.696969696969695,358,383,371,873,963,902
44,758,39.12,0.10285276073619627,28,39.44117647058823,39.72727272727273,38.18181818181818,362,391,377,883,979,920
45,693,39.77,0.10569524767412616,28,40.11764705882353,40.515151515151516,38.666666666666664,368,399,383,893,996,938
46,631,40.39,0.10858875959395889,28,40.8235294117647,41.27272727272727,39.06060606060606,373,407,386,903,1015,955
47,576,40.94,0.11184660478749393,28,41.470588235294116,41.90909090909091,39.42424242424242,376,413,389,912,1034,970
48,519,41.51,0.1144182124789208,28,42.088235294117645,42.515151515151516,39.90909090909091,380,419,394,923,1051,984
49,465,42.05,0.11726278240190253,28,42.705882352941174,43.09090909090909,40.333333333333336,384,425,397,934,1068,997
50,415,42.55,0.11970152761457115,28,43.26470588235294,43.60606060606061,40.75757575757576,387,430,402,943,1084,1009
51,373,42.97,0.12262276006516175,28,43.76470588235294,44.06060606060606,41.06060606060606,390,433,406,949,1098,1021
52,342,43.31,0.12534056799815288,28,44.205882352941174,44.484848484848484,41.21212121212121,393,436,407,953,1110,1032
53,313,43.63,0.1287577355030942,28,44.588235294117645,44.878787878787875,41.39393939393939,396,440,408,958,1120,1041
54,283,43.96,0.13141492265696086,28,44.94117647058823,45.303030303030305,41.60606060606061,399,445,410,963,1129,1050
55,254,44.28,0.13383017163504973,28,45.35294117647059,45.63636363636363,41.81818181818182,404,449,412,968,1138,1057
56,234,44.57,0.13629122728292573,28,45.705882352941174,46.0,41.96969696969697,407,453,414,971,1147,1065
57,215,44.85,0.13895429208472693,28,46.088235294117645,46.27272727272727,42.15151515151515,410,457,416,975,1157,1070
58,200,45.12,0.14169326241134755,28,46.38235294117647,46.57575757575758,42.36363636363637,412,462,419,979,1165,1075
59,181,45.34,0.14428319364799294,28,46.64705882352941,46.81818181818182,42.515151515151516,414,466,421,982,1172,1079
60,168,45.56,0.14664179104477612,28,46.94117647058823,47.06060606060606,42.63636363636363,416,470,422,985,1180,1083
61,162,45.77,0.14874590343019448,28,47.23529411764706,47.24242424242424,42.78787878787879,418,474,424,988,1188,1085
62,142,46.0,0.15106086956521736,28,47.588235294117645,47.42424242424242,42.93939393939394,420,478,425,992,1198,1087
63,126,46.19,0.1530136393158692,28,47.85294117647059,47.60606060606061,43.06060606060606,422,482,426,995,1205,1089
64,116,46.35,0.15430204962243793,28,48.05882352941177,47.75757575757576,43.18181818181818,424,486,427,998,1210,1090
65,107,46.5,0.15563870967741933,28,48.294117647058826,47.84848484848485,43.303030303030305,426,489,428,1001,1216,1090
66,102,46.61,0.15703711649860552,28,48.411764705882355,47.93939393939394,43.42424242424242,427,492,429,1004,1219,1090
67,97,46.72,0.15825342465753423,28,48.5,48.06060606060606,43.54545454545455,428,495,431,1006,1221,1091
68,85,46.84,0.15950896669513243,28,48.55882352941177,48.24242424242424,43.666666666666664,429,499,433,1008,1222,1093
69,77,46.95,0.16073908413205543,28,48.64705882352941,48.42424242424242,43.72727272727273,431,503,434,1009,1223,1095
70,70,47.08,0.16230671197960916,28,48.76470588235294,48.57575757575758,43.84848484848485,433,506,435,1012,1225,1097
71,71,47.19,0.1637698664971393,28,48.911764705882355,48.666666666666664,43.93939393939394,435,509,436,1014,1228,1097
72,61,47.29,0.16479805455698882,28,49.0,48.78787878787879,44.03030303030303,437,513,438,1015,1229,1097
73,59,47.37,0.16552037154317076,28,49.088235294117645,48.878787878787875,44.09090909090909,439,515,440,1015,1230,1098
74,54,47.45,0.16642992623814534,28,49.1764705882353,48.93939393939394,44.18181818181818,441,517,442,1016,1231,1098
75,55,47.5,0.16717473684210532,28,49.23529411764706,49.0,44.21212121212121,442,519,443,1016,1232,1098
76,54,47.57,0.16813748160605427,28,49.3235294117647,49.09090909090909,44.24242424242424,444,522,444,1016,1233,1098
77,50,47.64,0.1691015952980689,28,49.411764705882355,49.18181818181818,44.27272727272727,446,524,445,1016,1234,1099
78,53,47.7,0.16977358490566033,28,49.5,49.24242424242424,44.303030303030305,448,526,446,1016,1235,1099
79,56,47.76,0.17071189279731996,28,49.588235294117645,49.303030303030305,44.333333333333336,449,528,447,1016,1237,1099
80,53,47.82,0.1716478460895023,28,49.6764705882353,49.36363636363637,44.36363636363637,450,530,448,1016,1239,1099
81,49,47.89,0.17245145124243053,28,49.76470588235294,49.42424242424242,44.42424242424242,451,532,449,1017,1241,1099
82,55,47.98,0.1732305127136307,28,49.85294117647059,49.515151515151516,44.515151515151516,452,535,450,1019,1243,1099
83,48,48.05,0.17408740894901142,28,49.911764705882355,49.60606060606061,44.57575757575758,453,538,451,1020,1244,1099
84,44,48.12,0.17496674979218624,28,49.970588235294116,49.696969696969695,44.63636363636363,454,541,452,1021,1245,1099
85,44,48.18,0.17570776255707757,28,50.029411764705884,49.75757575757576,44.696969696969695,455,543,453,1022,1246,1099
86,43,48.25,0.17642901554404147,28,50.11764705882353,49.81818181818182,44.75757575757576,456,545,454,1023,1248,1099
87,36,48.32,0.1771895695364239,28,50.205882352941174,49.878787878787875,44.81818181818182,457,547,455,1024,1250,1099
88,31,48.4,0.17797107438016524,28,50.294117647058826,49.93939393939394,44.90909090909091,458,549,456,1026,1252,1099
89,34,48.46,0.1786421791167973,28,50.38235294117647,50.0,44.93939393939394,459,551,456,1027,1254,1099
90,34,48.52,0.17921269579554816,28,50.44117647058823,50.06060606060606,45.0,460,553,457,1028,1255,1099
91,36,48.59,0.17979625437332786,28,50.529411764705884,50.09090909090909,45.09090909090909,461,554,459,1029,1257,1099
92,31,48.67,0.18030614341483456,28,50.64705882352941,50.121212121212125,45.18181818181818,462,555,460,1031,1260,1099
93,24,48.74,0.18081247435371353,28,50.73529411764706,50.15151515151515,45.27272727272727,463,556,461,1033,1262,1099
94,27,48.8,0.18118442622950823,28,50.8235294117647,50.18181818181818,45.333333333333336,464,557,461,1035,1264,1099
95,33,48.86,0.18156774457634056,28,50.911764705882355,50.21212121212121,45.39393939393939,465,558,461,1037,1266,1099
96,29,48.93,0.18211935417944006,28,51.0,50.24242424242424,45.484848484848484,466,559,462,1039,1268,1099
97,26,48.99,0.18264339661155332,28,51.088235294117645,50.27272727272727,45.54545454545455,467,560,463,1040,1270,1099
98,24,49.04,0.18303017944535072,28,51.1764705882353,50.303030303030305,45.57575757575758,468,561,463,1041,1272,1099
99,19,49.09,0.183408026074557,28,51.26470588235294,50.333333333333336,45.60606060606061,469,562,463,1042,1274,1099
100,26,49.14,0.18381766381766382,28,51.35294117647059,50.36363636363637,45.63636363636363,470,563,463,1043,1276,1099
101,29,49.2,0.18439024390243902,28,51.44117647058823,50.39393939393939,45.696969696969695,471,564,464,1044,1278,1099
102,31,49.27,0.18490562208240305,28,51.529411764705884,50.45454545454545,45.75757575757576,472,565,465,1045,1280,1100
103,30,49.34,0.18558167815160118,28,51.588235294117645,50.54545454545455,45.81818181818182,473,567,466,1046,1281,1101
104,29,49.41,0.186288200769075,28,51.64705882352941,50.63636363636363,45.878787878787875,474,569,467,1047,1282,1102
105,24,49.46,0.18672058228871818,28,51.64705882352941,50.72727272727273,45.93939393939394,474,571,468,1048,1282,1103
106,28,49.51,0.1871318925469602,28,51.6764705882353,50.78787878787879,46.0,474,572,469,1049,1283,1104
107,31,49.57,0.187776881178132,28,51.705882352941174,50.878787878787875,46.06060606060606,475,574,470,1050,1283,1105
108,25,49.63,0.18843642957888376,28,51.73529411764706,50.96969696969697,46.121212121212125,476,576,471,1051,1283,1106
109,25,49.69,0.18909438518816657,28,51.76470588235294,51.06060606060606,46.18181818181818,477,578,472,1052,1283,1107
110,27,49.73,0.18944902473356123,28,51.76470588235294,51.121212121212125,46.24242424242424,477,579,473,1053,1283,1108
111,31,49.78,0.18999196464443557,28,51.76470588235294,51.21212121212121,46.303030303030305,477,581,474,1054,1283,1109
112,28,49.84,0.19069422150882828,28,51.794117647058826,51.303030303030305,46.36363636363637,478,583,475,1055,1283,1110
113,30,49.91,0.1912141855339611,28,51.85294117647059,51.39393939393939,46.42424242424242,479,585,476,1056,1284,1111
114,26,49.98,0.19210484193677474,28,51.911764705882355,51.484848484848484,46.484848484848484,480,587,477,1057,1285,1112
115,23,50.04,0.19289768185451636,28,51.94117647058823,51.57575757575758,46.54545454545455,481,589,478,1058,1285,1113
116,24,50.09,0.19353763226192855,28,51.970588235294116,51.666666666666664,46.57575757575758,482,591,478,1059,1285,1114
117,30,50.15,0.1943349950149552,28,52.0,51.75757575757576,46.63636363636363,483,593,479,1060,1285,1115
118,39,50.21,0.1951543517227644,28,52.029411764705884,51.84848484848485,46.696969696969695,484,595,480,1061,1285,1116
119,35,50.28,0.1960779634049324,28,52.088235294117645,51.93939393939394,46.75757575757576,485,597,481,1062,1286,1117
120,31,50.35,0.1970029791459781,28,52.14705882352941,52.03030303030303,46.81818181818182,486,599,482,1063,1287,1118
121,27,50.42,0.19795715985719953,28,52.205882352941174,52.121212121212125,46.878787878787875,487,601,483,1064,1288,1119
122,26,50.49,0.19892057833234303,28,52.294117647058826,52.21212121212121,46.90909090909091,488,603,483,1065,1290,1120
123,27,50.57,0.2000257069408741,28,52.38235294117647,52.303030303030305,46.96969696969697,489,605,484,1066,1292,1121
124,20,50.64,0.2006911532385466,28,52.44117647058823,52.36363636363637,47.06060606060606,490,606,486,1067,1293,1122
125,15,50.69,0.20110672716512126,28,52.5,52.36363636363637,47.15151515151515,491,606,488,1068,1294,1122
126,15,50.75,0.2013655172413793,28,52.588235294117645,52.36363636363637,47.24242424242424,493,606,489,1070,1295,1122
127,16,50.8,0.20206299212598425,28,52.6764705882353,52.36363636363637,47.303030303030305,494,606,490,1071,1297,1122
128,14,50.85,0.20277482792527038,28,52.76470588235294,52.39393939393939,47.333333333333336,495,607,491,1071,1299,1122
129,12,50.9,0.2034931237721021,28,52.85294117647059,52.42424242424242,47.36363636363637,496,608,492,1071,1301,1122
130,19,50.95,0.2041511285574093,28,52.94117647058823,52.45454545454545,47.39393939393939,497,609,492,1072,1303,1122
131,25,51.01,0.20485983140560676,28,53.0,52.515151515151516,47.45454545454545,498,611,493,1073,1304,1122
132,23,51.09,0.20559209238598555,28,53.11764705882353,52.57575757575758,47.515151515151516,500,613,494,1074,1306,1122
133,21,51.2,0.20646093750000005,28,53.294117647058826,52.63636363636363,47.60606060606061,502,615,496,1075,1310,1122
134,20,51.3,0.20722417153996106,28,53.44117647058823,52.696969696969695,47.696969696969695,504,617,497,1077,1313,1122
135,18,51.35,0.2076747809152873,28,53.5,52.696969696969695,47.78787878787879,504,617,499,1078,1315,1122
136,14,51.39,0.20804631251216193,28,53.55882352941177,52.696969696969695,47.84848484848485,504,617,500,1079,1317,1122
137,10,51.43,0.2084483764339879,28,53.61764705882353,52.696969696969695,47.90909090909091,504,617,501,1080,1319,1122
138,7,51.46,0.20870579090555766,28,53.6764705882353,52.696969696969695,47.93939393939394,504,617,501,1081,1321,1122
139,4,51.49,0.20898232666537198,28,53.73529411764706,52.696969696969695,47.96969696969697,504,617,501,1082,1323,1122
140,2,51.51,0.2091690933799262,28,53.76470588235294,52.696969696969695,48.0,504,617,501,1083,1324,1122
141,1,51.52,0.2093051242236025,28,53.794117647058826,52.696969696969695,48.0,504,617,501,1083,1325,1122
142,1,51.52,0.2093051242236025,28,53.794117647058826,52.696969696969695,48.0,504,617,501,1083,1325,1122
143,1,51.52,0.2093051242236025,28,53.794117647058826,52.696969696969695,48.0,504,617,501,1083,1325,1122
144,4,51.52,0.2093051242236025,28,53.794117647058826,52.696969696969695,48.0,504,617,501,1083,1325,1122
145,6,51.53,0.20939452745973214,28,53.794117647058826,52.696969696969695,48.03030303030303,504,617,502,1083,1325,1122
146,4,51.55,0.20947623666343362,28,53.794117647058826,52.72727272727273,48.06060606060606,504,618,503,1083,1325,1122
147,2,51.57,0.20957727360868716,28,53.794117647058826,52.75757575757576,48.09090909090909,504,619,504,1083,1325,1122
148,1,51.58,0.2095851105079488,28,53.794117647058826,52.78787878787879,48.09090909090909,504,620,504,1083,1325,1122
149,1,51.58,0.2095851105079488,28,53.794117647058826,52.78787878787879,48.09090909090909,504,620,504,1083,1325,1122
150,10,51.58,0.2095851105079488,28,53.794117647058826,52.78787878787879,48.09090909090909,504,620,504,1083,1325,1122
151,13,51.61,0.20962410385584193,28,53.794117647058826,52.84848484848485,48.121212121212125,504,622,505,1083,1325,1122
152,21,51.65,0.20967860600193616,28,53.794117647058826,52.93939393939394,48.15151515151515,504,625,506,1083,1325,1122
153,16,51.7,0.2098646034816248,28,53.8235294117647,53.03030303030303,48.18181818181818,504,628,507,1083,1326,1122
154,17,51.75,0.21009275362318847,28,53.85294117647059,53.121212121212125,48.21212121212121,504,631,508,1083,1327,1122
155,16,51.79,0.2102278432129755,28,53.88235294117647,53.21212121212121,48.21212121212121,504,634,508,1083,1328,1122
156,18,51.83,0.21038973567431996,28,53.911764705882355,53.303030303030305,48.21212121212121,504,637,508,1083,1329,1122
157,25,51.88,0.21070932922127994,28,53.94117647058823,53.39393939393939,48.24242424242424,504,640,509,1083,1330,1122
158,31,51.94,0.21113592606854056,28,53.970588235294116,53.484848484848484,48.303030303030305,504,643,510,1084,1331,1122
159,28,52.0,0.2115961538461538,28,54.0,53.57575757575758,48.36363636363637,504,646,511,1085,1332,1122
160,26,52.05,0.21195581171950054,28,54.029411764705884,53.666666666666664,48.39393939393939,504,649,511,1086,1333,1122
161,28,52.12,0.21258633921719108,28,54.05882352941177,53.78787878787879,48.45454545454545,504,653,512,1087,1334,1122
162,23,52.2,0.21339080459770116,28,54.11764705882353,53.90909090909091,48.515151515151516,505,657,513,1088,1335,1122
163,23,52.29,0.2140160642570281,28,54.1764705882353,54.03030303030303,48.60606060606061,506,661,515,1089,1336,1122
164,27,52.37,0.21459805232003049,28,54.23529411764706,54.15151515151515,48.666666666666664,507,664,517,1089,1337,1123
165,37,52.45,0.21521639656816022,28,54.294117647058826,54.27272727272727,48.72727272727273,508,667,519,1089,1338,1124
166,45,52.55,0.21581160799238816,28,54.35294117647059,54.42424242424242,48.81818181818182,509,671,522,1089,1339,1125
167,52,52.66,0.21653247246486898,28,54.411764705882355,54.57575757575758,48.93939393939394,510,675,525,1090,1340,1126
168,44,52.77,0.21728444191775637,28,54.470588235294116,54.72727272727273,49.06060606060606,511,679,528,1091,1341,1127
169,45,52.88,0.2180900151285931,28,54.529411764705884,54.878787878787875,49.18181818181818,512,683,531,1092,1342,1128
170,52,52.99,0.21891866389884881,28,54.588235294117645,55.03030303030303,49.303030303030305,513,687,534,1093,1343,1129
171,63,53.12,0.2197740963855422,28,54.64705882352941,55.18181818181818,49.484848484848484,514,691,539,1094,1344,1130
172,58,53.23,0.22067818899117042,28,54.705882352941174,55.333333333333336,49.60606060606061,515,695,542,1095,1345,1131
173,65,53.34,0.221623547056618,28,54.76470588235294,55.484848484848484,49.72727272727273,516,699,545,1096,1346,1132
174,57,53.45,0.22259120673526667,28,54.8235294117647,55.63636363636363,49.84848484848485,517,703,548,1097,1347,1133
175,52,53.56,0.22358476474981331,28,54.88235294117647,55.78787878787879,49.96969696969697,518,707,551,1098,1348,1134
176,54,53.66,0.22451360417443156,28,54.94117647058823,55.90909090909091,50.09090909090909,519,710,554,1099,1349,1135
177,47,53.76,0.22548363095238103,28,55.0,56.03030303030303,50.21212121212121,520,713,557,1100,1350,1136
178,44,53.85,0.22633426183844008,28,55.05882352941177,56.09090909090909,50.36363636363637,521,714,560,1102,1351,1137
179,47,53.94,0.22718205413422324,28,55.11764705882353,56.18181818181818,50.484848484848484,522,716,563,1103,1352,1138
180,41,54.03,0.22805293355543213,28,55.1764705882353,56.27272727272727,50.60606060606061,523,718,566,1104,1353,1139
181,31,54.13,0.22884721965638277,28,55.23529411764706,56.36363636363637,50.75757575757576,524,720,569,1106,1354,1140
182,29,54.21,0.22959417081719238,28,55.294117647058826,56.45454545454545,50.84848484848485,525,722,571,1107,1355,1141
183,26,54.3,0.23049355432780844,28,55.35294117647059,56.54545454545455,50.96969696969697,526,724,574,1108,1356,1142
184,27,54.38,0.2313093048915043,28,55.411764705882355,56.60606060606061,51.09090909090909,527,725,577,1109,1357,1143
185,33,54.44,0.23191036002939014,28,55.44117647058823,56.666666666666664,51.18181818181818,528,726,580,1109,1357,1144
186,39,54.5,0.23252477064220187,28,55.470588235294116,56.72727272727273,51.27272727272727,529,727,583,1109,1357,1145
187,38,54.57,0.23327286054608762,28,55.5,56.78787878787879,51.39393939393939,530,728,586,1110,1357,1146
188,40,54.64,0.2340226939970718,28,55.529411764705884,56.84848484848485,51.515151515151516,531,729,589,1111,1357,1147
189,48,54.71,0.23477426430268694,28,55.55882352941177,56.90909090909091,51.63636363636363,532,730,592,1112,1357,1148
190,47,54.78,0.23552756480467324,28,55.588235294117645,56.96969696969697,51.75757575757576,533,731,595,1113,1357,1149
191,46,54.85,0.23628623518687333,28,55.61764705882353,57.03030303030303,51.878787878787875,534,732,598,1114,1357,1150
192,51,54.92,0.23704661325564458,28,55.64705882352941,57.09090909090909,52.0,535,733,601,1115,1357,1151
193,55,55.0,0.23795272727272732,28,55.6764705882353,57.18181818181818,52.121212121212125,536,735,604,1116,1357,1152
194,56,55.08,0.2388671023965142,28,55.705882352941174,57.27272727272727,52.24242424242424,537,737,607,1117,1357,1153
195,53,55.17,0.2398024288562624,28,55.73529411764706,57.36363636363637,52.39393939393939,538,739,610,1119,1357,1154
196,47,55.26,0.24074918566775239,28,55.76470588235294,57.45454545454545,52.54545454545455,539,741,613,1121,1357,1155
197,50,55.35,0.2416964769647697,28,55.794117647058826,57.54545454545455,52.696969696969695,540,743,616,1123,1357,1156
198,56,55.44,0.2426479076479076,28,55.8235294117647,57.63636363636363,52.84848484848485,541,745,619,1125,1357,1157
199,53,55.53,0.24361426256077792,28,55.85294117647059,57.72727272727273,53.0,542,747,622,1127,1357,1158
200,56,55.62,0.24459187342682484,28,55.88235294117647,57.81818181818182,53.15151515151515,543,749,625,1129,1357,1159
201,56,55.71,0.24556632561479091,28,55.911764705882355,57.90909090909091,53.303030303030305,544,751,628,1131,1357,1160
202,53,55.8,0.24655197132616494,28,55.94117647058823,58.0,53.45454545454545,545,753,631,1133,1357,1161
203,50,55.89,0.24754159957058505,28,55.970588235294116,58.09090909090909,53.60606060606061,546,755,634,1135,1357,1162
204,59,55.98,0.24852804573061804,28,56.0,58.18181818181818,53.75757575757576,547,757,637,1137,1357,1163
205,52,56.08,0.24946148359486442,28,56.029411764705884,58.27272727272727,53.93939393939394,548,759,640,1140,1357,1164
206,49,56.17,0.25045575930211855,28,56.05882352941177,58.36363636363637,54.09090909090909,549,761,643,1142,1357,1165
207,56,56.28,0.2513219616204691,28,56.088235294117645,58.45454545454545,54.303030303030305,550,763,647,1145,1357,1166
208,60,56.39,0.25222025181769825,28,56.11764705882353,58.54545454545455,54.515151515151516,551,765,651,1148,1357,1167
209,56,56.49,0.25319702602230476,28,56.14705882352941,58.63636363636363,54.696969696969695,552,767,654,1151,1357,1168
210,63,56.6,0.25411660777385164,28,56.1764705882353,58.72727272727273,54.90909090909091,553,769,658,1154,1357,1169
211,64,56.71,0.2550537824016928,28,56.205882352941174,58.81818181818182,55.121212121212125,554,771,662,1157,1357,1170
212,57,56.81,0.2560341489174441,28,56.23529411764706,58.90909090909091,55.303030303030305,555,773,665,1160,1357,1171
213,56,56.91,0.2570251273941311,28,56.26470588235294,59.0,55.484848484848484,556,775,668,1163,1357,1172
214,58,57.01,0.2580196456761972,28,56.294117647058826,59.09090909090909,55.666666666666664,557,777,671,1166,1357,1173
215,51,57.11,0.2590246891962879,28,56.3235294117647,59.18181818181818,55.84848484848485,558,779,674,1169,1357,1174
216,47,57.21,0.2600367068694284,28,56.35294117647059,59.27272727272727,56.03030303030303,559,781,677,1172,1357,1175
217,46,57.31,0.2610591519804572,28,56.38235294117647,59.36363636363637,56.21212121212121,560,783,680,1175,1357,1176
218,48,57.41,0.26208151889914644,28,56.411764705882355,59.45454545454545,56.39393939393939,561,785,683,1178,1357,1177
219,47,57.51,0.26310380803338546,28,56.44117647058823,59.54545454545455,56.57575757575758,562,787,686,1181,1357,1178
220,49,57.61,0.2641294914077417,28,56.470588235294116,59.63636363636363,56.75757575757576,563,789,689,1184,1357,1179
221,51,57.71,0.26515855137757754,28,56.5,59.72727272727273,56.93939393939394,564,791,692,1187,1357,1180
222,48,57.8,0.26607612456747404,28,56.529411764705884,59.81818181818182,57.09090909090909,565,793,695,1189,1357,1181
223,51,57.89,0.2670012091898428,28,56.55882352941177,59.90909090909091,57.24242424242424,566,795,698,1191,1357,1182
224,45,57.98,0.26792687133494314,28,56.588235294117645,60.0,57.39393939393939,567,797,701,1193,1357,1183
225,51,58.07,0.26884966419838124,28,56.61764705882353,60.09090909090909,57.54545454545455,568,799,704,1195,1357,1184
226,51,58.16,0.2697730398899587,28,56.64705882352941,60.18181818181818,57.696969696969695,569,801,707,1197,1357,1185
227,48,58.25,0.2706969957081544,28,56.6764705882353,60.27272727272727,57.84848484848485,570,803,710,1199,1357,1186
228,51,58.34,0.2716215289681179,28,56.705882352941174,60.36363636363637,58.0,571,805,713,1201,1357,1187
229,45,58.43,0.272550059900736,28,56.73529411764706,60.45454545454545,58.15151515151515,572,807,716,1203,1357,1188
230,45,58.52,0.27347915242652077,28,56.76470588235294,60.54545454545455,58.303030303030305,573,809,719,1205,1357,1189
231,45,58.61,0.2744053915714042,28,56.794117647058826,60.63636363636363,58.45454545454545,574,811,722,1207,1357,1190
232,42,58.7,0.27532879045996594,28,56.8235294117647,60.72727272727273,58.60606060606061,575,813,725,1209,1357,1191
233,45,58.79,0.2762561660146284,28,56.85294117647059,60.81818181818182,58.75757575757576,576,815,728,1211,1357,1192
234,51,58.88,0.2771807065217391,28,56.88235294117647,60.90909090909091,58.90909090909091,577,817,731,1213,1357,1193
235,54,58.97,0.278112599626929,28,56.911764705882355,61.0,59.06060606060606,578,819,734,1215,1357,1194
236,48,59.06,0.2790450389434473,28,56.94117647058823,61.09090909090909,59.21212121212121,579,821,737,1217,1357,1195
237,48,59.15,0.2799746407438715,28,56.970588235294116,61.18181818181818,59.36363636363637,580,823,740,1219,1357,1196
238,51,59.24,0.2809014179608373,28,57.0,61.27272727272727,59.515151515151516,581,825,743,1221,1357,1197
239,45,59.33,0.2818287544244059,28,57.029411764705884,61.36363636363637,59.666666666666664,582,827,746,1223,1357,1198
240,51,59.42,0.28275664759340285,28,57.05882352941177,61.45454545454545,59.81818181818182,583,829,749,1225,1357,1199
241,48,59.51,0.28368173416232567,28,57.088235294117645,61.54545454545455,59.96969696969697,584,831,752,1227,1357,1200
242,42,59.6,0.2846040268456376,28,57.11764705882353,61.63636363636363,60.121212121212125,585,833,755,1229,1357,1201
243,48,59.69,0.28552353828111904,28,57.14705882352941,61.72727272727273,60.27272727272727,586,835,758,1231,1357,1202
244,45,59.78,0.2864402810304449,28,57.1764705882353,61.81818181818182,60.42424242424242,587,837,761,1233,1357,1203
245,39,59.87,0.2871404710205445,28,57.205882352941174,61.90909090909091,60.57575757575758,588,839,764,1235,1357,1204
246,46,59.95,0.28797831526271894,28,57.23529411764706,62.0,60.696969696969695,589,841,767,1236,1357,1205
247,43,60.04,0.2886942038640906,28,57.26470588235294,62.09090909090909,60.84848484848485,590,843,770,1238,1357,1206
248,37,60.13,0.2894279062032264,28,57.294117647058826,62.18181818181818,61.0,591,845,773,1240,1357,1207
249,43,60.22,0.2901660577881103,28,57.3235294117647,62.27272727272727,61.15151515151515,592,847,776,1242,1357,1208
250,41,60.3,0.2909983416252074,28,57.35294117647059,62.36363636363637,61.27272727272727,593,849,779,1243,1357,1209
251,36,60.38,0.29182842000662473,28,57.38235294117647,62.45454545454545,61.39393939393939,594,851,782,1244,1357,1210
252,43,60.46,0.2926563016870658,28,57.411764705882355,62.54545454545455,61.515151515151516,595,853,785,1245,1357,1211
253,41,60.54,0.2934819953749587,28,57.44117647058823,62.63636363636363,61.63636363636363,596,855,788,1246,1357,1212
254,36,60.62,0.29430550973276143,28,57.470588235294116,62.72727272727273,61.75757575757576,597,857,791,1247,1357,1213
255,43,60.7,0.29513014827018125,28,57.5,62.81818181818182,61.878787878787875,598,859,794,1248,1357,1214
256,42,60.77,0.29585486259667604,28,57.529411764705884,62.90909090909091,61.96969696969697,599,861,796,1249,1357,1215
257,37,60.85,0.29667543138866065,28,57.55882352941177,63.0,62.09090909090909,600,863,799,1250,1357,1216
258,41,60.93,0.2974938453963564,28,57.588235294117645,63.09090909090909,62.21212121212121,601,865,802,1251,1357,1217
259,42,61.01,0.29831011309621375,28,57.61764705882353,63.18181818181818,62.333333333333336,602,867,805,1252,1357,1218
260,37,61.09,0.2991242429202815,28,57.64705882352941,63.27272727272727,62.45454545454545,603,869,808,1253,1357,1219
261,41,61.17,0.2999362432564983,28,57.6764705882353,63.36363636363637,62.57575757575758,604,871,811,1254,1357,1220
262,42,61.25,0.30074612244897964,28,57.705882352941174,63.45454545454545,62.696969696969695,605,873,814,1255,1357,1221
263,40,61.33,0.30155388879830425,28,57.73529411764706,63.54545454545455,62.81818181818182,606,875,817,1256,1357,1222
264,49,61.42,0.3023217193096711,28,57.76470588235294,63.63636363636363,62.96969696969697,607,877,820,1258,1357,1223
265,48,61.52,0.3030526657997399,28,57.8235294117647,63.72727272727273,63.121212121212125,609,879,823,1260,1357,1224
266,41,61.62,0.3037942226549822,28,57.88235294117647,63.81818181818182,63.27272727272727,611,881,826,1262,1357,1225
267,43,61.72,0.30453985742060924,28,57.94117647058823,63.90909090909091,63.42424242424242,613,883,829,1264,1357,1226
268,43,61.81,0.30531143827859564,28,57.970588235294116,64.0,63.57575757575758,614,885,832,1266,1357,1227
269,37,61.9,0.3060936995153473,28,58.0,64.0909090909091,63.72727272727273,615,887,835,1268,1357,1228
270,41,61.98,0.30688609228783476,28,58.029411764705884,64.18181818181819,63.84848484848485,616,889,838,1269,1357,1229
271,42,62.06,0.30767644215275536,28,58.05882352941177,64.27272727272727,63.96969696969697,617,891,841,1270,1357,1230
272,37,62.14,0.3084647570003219,28,58.088235294117645,64.36363636363636,64.0909090909091,618,893,844,1271,1357,1231
273,41,62.22,0.3092510446801671,28,58.11764705882353,64.45454545454545,64.21212121212122,619,895,847,1272,1357,1232
274,42,62.3,0.3100353130016052,28,58.14705882352941,64.54545454545455,64.33333333333333,620,897,850,1273,1357,1233
275,37,62.38,0.3108175697338891,28,58.1764705882353,64.63636363636364,64.45454545454545,621,899,853,1274,1357,1234
276,41,62.46,0.31159782260646807,28,58.205882352941174,64.72727272727273,64.57575757575758,622,901,856,1275,1357,1235
277,42,62.54,0.3123760793092421,28,58.23529411764706,64.81818181818181,64.6969696969697,623,903,859,1276,1357,1236
278,37,62.62,0.31315234749281373,28,58.26470588235294,64.9090909090909,64.81818181818181,624,905,862,1277,1357,1237
279,41,62.7,0.31392663476874005,28,58.294117647058826,65.0,64.93939393939394,625,907,865,1278,1357,1238
280,42,62.78,0.3146989487097802,28,58.3235294117647,65.0909090909091,65.06060606060606,626,909,868,1279,1357,1239
281,37,62.86,0.3154692968501432,28,58.35294117647059,65.18181818181819,65.18181818181819,627,911,871,1280,1357,1240
282,41,62.94,0.3162376866857325,28,58.38235294117647,65.27272727272727,65.3030303030303,628,913,874,1281,1357,1241
283,42,63.02,0.317004125674389,28,58.411764705882355,65.36363636363636,65.42424242424242,629,915,877,1282,1357,1242
284,37,63.1,0.31776862123613314,28,58.44117647058823,65.45454545454545,65.54545454545455,630,917,880,1283,1357,1243
285,41,63.18,0.3185311807534029,28,58.470588235294116,65.54545454545455,65.66666666666667,631,919,883,1284,1357,1244
286,42,63.26,0.31929181157129305,28,58.5,65.63636363636364,65.78787878787878,632,921,886,1285,1357,1245
287,37,63.34,0.32005052099778963,28,58.529411764705884,65.72727272727273,65.9090909090909,633,923,889,1286,1357,1246
288,41,63.42,0.32080731630400505,28,58.55882352941177,65.81818181818181,66.03030303030303,634,925,892,1287,1357,1247
289,42,63.5,0.3215622047244095,28,58.588235294117645,65.9090909090909,66.15151515151516,635,927,895,1288,1357,1248
290,38,63.57,0.3222258927166902,28,58.61764705882353,66.0,66.24242424242425,636,929,897,1289,1357,1249
291,43,63.64,0.32288812067881834,28,58.64705882352941,66.0909090909091,66.33333333333333,637,931,899,1290,1357,1250
292,47,63.72,0.3236377903327056,28,58.6764705882353,66.18181818181819,66.45454545454545,638,933,902,1291,1357,1251
293,45,63.8,0.3243855799373041,28,58.705882352941174,66.27272727272727,66.57575757575758,639,935,905,1292,1357,1252
294,46,63.88,0.3251314965560425,28,58.73529411764706,66.36363636363636,66.6969696969697,640,937,908,1293,1357,1253
295,38,63.96,0.3258755472170107,28,58.76470588235294,66.45454545454545,66.81818181818181,641,939,911,1294,1357,1254
296,39,64.04,0.3266177389131792,28,58.794117647058826,66.54545454545455,66.93939393939394,642,941,914,1295,1357,1255
297,45,64.13,0.3274239825354748,28,58.8235294117647,66.63636363636364,67.0909090909091,643,943,917,1297,1357,1256
298,42,64.22,0.3282279663656182,28,58.85294117647059,66.72727272727273,67.24242424242425,644,945,920,1299,1357,1257
299,36,64.31,0.3290296998911522,28,58.88235294117647,66.81818181818181,67.39393939393939,645,947,923,1301,1357,1258
300,40,64.39,0.3297453020655381,28,58.911764705882355,66.9090909090909,67.51515151515152,646,949,925,1303,1357,1259
301,40,64.48,0.330545905707196,28,58.94117647058823,67.0,67.66666666666667,647,951,928,1305,1357,1260
302,37,64.57,0.33134427752826384,28,58.970588235294116,67.0909090909091,67.81818181818181,648,953,931,1307,1357,1261
303,35,64.65,0.3320448569218871,28,59.0,67.18181818181819,67.93939393939394,649,955,933,1309,1357,1262
304,37,64.72,0.33265760197775035,28,59.029411764705884,67.27272727272727,68.03030303030303,650,957,934,1311,1357,1263
305,40,64.81,0.33345008486344696,28,59.05882352941177,67.36363636363636,68.18181818181819,651,959,937,1313,1357,1264
306,37,64.9,0.33424036979969185,28,59.088235294117645,67.45454545454545,68.33333333333333,652,961,940,1315,1357,1265
307,47,65.01,0.33497461928934014,28,59.11764705882353,67.57575757575758,68.51515151515152,653,964,943,1318,1357,1266
308,42,65.12,0.33528869778869774,28,59.14705882352941,67.66666666666667,68.72727272727273,654,966,946,1322,1357,1267
309,37,65.23,0.3356446420358731,28,59.1764705882353,67.75757575757575,68.93939393939394,655,968,949,1326,1357,1268
310,39,65.33,0.33611969998469304,28,59.205882352941174,67.84848484848484,69.12121212121212,656,970,951,1330,1357,1269
311,34,65.41,0.33668399327319976,28,59.23529411764706,67.9090909090909,69.27272727272727,657,971,953,1333,1357,1270
312,29,65.49,0.337256069628951,28,59.26470588235294,67.96969696969697,69.42424242424242,658,972,955,1336,1357,1271
313,27,65.57,0.3378298002135122,28,59.294117647058826,68.03030303030303,69.57575757575758,659,973,957,1339,1357,1272
314,24,65.63,0.3382218497638276,28,59.3235294117647,68.0909090909091,69.66666666666667,660,974,957,1342,1357,1273
315,20,65.7,0.3387092846270929,28,59.35294117647059,68.15151515151516,69.78787878787878,661,975,958,1345,1357,1274
316,24,65.78,0.3392946184250532,28,59.38235294117647,68.21212121212122,69.93939393939394,662,976,960,1348,1357,1275
317,21,65.84,0.3398086269744836,28,59.411764705882355,68.24242424242425,70.06060606060606,663,977,962,1350,1357,1275
318,22,65.89,0.34024131127636975,28,59.44117647058823,68.27272727272727,70.15151515151516,664,978,963,1352,1357,1275
319,23,65.94,0.3406612071580224,28,59.470588235294116,68.3030303030303,70.24242424242425,665,979,964,1354,1357,1275
320,23,66.0,0.34117575757575763,28,59.5,68.33333333333333,70.36363636363636,666,980,966,1356,1357,1275
321,20,66.06,0.3416924008477142,28,59.529411764705884,68.36363636363636,70.48484848484848,667,981,968,1358,1357,1275
322,21,66.11,0.34212524580245046,28,59.55882352941177,68.39393939393939,70.57575757575758,668,982,969,1360,1357,1275
323,23,66.15,0.34246258503401367,28,59.588235294117645,68.42424242424242,70.63636363636364,669,983,969,1362,1357,1275
324,24,66.2,0.34289425981873106,28,59.61764705882353,68.45454545454545,70.72727272727273,670,984,970,1364,1357,1275
325,22,66.25,0.34332528301886794,28,59.64705882352941,68.48484848484848,70.81818181818181,671,985,971,1366,1357,1275
326,23,66.3,0.34375565610859726,28,59.6764705882353,68.51515151515152,70.9090909090909,672,986,972,1368,1357,1275
327,23,66.36,0.3442676311030742,28,59.705882352941174,68.54545454545455,71.03030303030303,673,987,974,1370,1357,1275
328,21,66.41,0.34469357024544495,28,59.73529411764706,68.54545454545455,71.15151515151516,674,987,976,1372,1357,1275
329,24,66.47,0.34520686023770125,28,59.76470588235294,68.57575757575758,71.27272727272727,675,988,978,1374,1357,1275
330,30,66.53,0.3457192244100406,28,59.794117647058826,68.60606060606061,71.39393939393939,676,989,980,1376,1357,1275
331,30,66.59,0.3462306652650548,28,59.8235294117647,68.63636363636364,71.51515151515152,677,990,982,1378,1357,1275
332,33,66.65,0.3467411852963241,28,59.85294117647059,68.66666666666667,71.63636363636364,678,991,984,1380,1357,1275
333,33,66.71,0.3472507869884575,28,59.88235294117647,68.6969696969697,71.75757575757575,679,992,986,1382,1357,1275
334,39,66.77,0.34775947281713343,28,59.911764705882355,68.72727272727273,71.87878787878788,680,993,988,1384,1357,1275
335,45,66.83,0.34826724524913955,28,59.94117647058823,68.75757575757575,72.0,681,994,990,1386,1357,1275
336,42,66.89,0.3487741067424129,28,59.970588235294116,68.78787878787878,72.12121212121212,682,995,992,1388,1357,1275
337,36,66.95,0.3492800597460791,28,60.0,68.81818181818181,72.24242424242425,683,996,994,1390,1357,1275
338,39,67.01,0.3497880913296523,28,60.029411764705884,68.84848484848484,72.36363636363636,684,997,996,1392,1357,1275
339,35,67.08,0.35037865235539656,28,60.05882352941177,68.9090909090909,72.48484848484848,685,998,998,1394,1357,1276
340,40,67.15,0.35096798212956076,28,60.088235294117645,68.96969696969697,72.60606060606061,686,999,1000,1396,1357,1277
341,35,67.23,0.3516034508403986,28,60.14705882352941,69.03030303030303,72.72727272727273,687,1000,1002,1398,1358,1278
342,33,67.31,0.35223740900311995,28,60.205882352941174,69.0909090909091,72.84848484848484,688,1001,1004,1400,1359,1279
343,31,67.39,0.3528757975960825,28,60.26470588235294,69.15151515151516,72.96969696969697,689,1002,1006,1402,1360,1280
344,36,67.46,0.35344500444707977,28,60.3235294117647,69.21212121212122,73.06060606060606,690,1003,1008,1403,1361,1281
345,44,67.56,0.353809946714032,28,60.411764705882355,69.27272727272727,73.21212121212122,692,1004,1011,1405,1362,1282
346,43,67.66,0.35423588530889744,28,60.5,69.36363636363636,73.33333333333333,694,1006,1014,1406,1363,1283
347,43,67.78,0.35452935969312477,28,60.588235294117645,69.45454545454545,73.51515151515152,696,1008,1017,1409,1364,1284
348,40,67.9,0.35486303387334317,28,60.6764705882353,69.54545454545455,73.6969696969697,698,1010,1020,1412,1365,1285
349,39,68.0,0.35515,28,60.76470588235294,69.63636363636364,73.81818181818181,700,1012,1022,1414,1366,1286
350,42,68.09,0.35551916580995735,28,60.8235294117647,69.6969696969697,73.96969696969697,701,1013,1024,1417,1367,1287
351,47,68.19,0.3558161020677518,28,60.911764705882355,69.75757575757575,74.12121212121212,703,1014,1026,1420,1368,1288
352,43,68.29,0.3561824571679601,28,61.0,69.84848484848484,74.24242424242425,705,1016,1028,1422,1369,1289
353,40,68.41,0.3565107440432685,28,61.088235294117645,69.96969696969697,74.39393939393939,707,1018,1031,1424,1370,1291
354,43,68.53,0.3570042317233329,28,61.1764705882353,70.0909090909091,74.54545454545455,709,1020,1035,1425,1371,1293
355,41,68.64,0.35746212121212123,28,61.26470588235294,70.18181818181819,74.6969696969697,711,1021,1039,1426,1372,1295
356,36,68.75,0.35795054545454547,28,61.35294117647059,70.27272727272727,74.84848484848484,713,1022,1043,1427,1373,1297
357,39,68.84,0.3583265543288786,28,61.44117647058823,70.36363636363636,74.93939393939394,715,1023,1046,1427,1374,1299
358,41,68.91,0.35868088811493254,28,61.5,70.42424242424242,75.03030303030303,716,1024,1049,1427,1375,1300
359,49,68.98,0.35906349666570025,28,61.588235294117645,70.45454545454545,75.12121212121212,718,1025,1052,1427,1376,1300
360,64,69.1,0.35946743849493484,28,61.6764705882353,70.60606060606061,75.24242424242425,720,1028,1056,1427,1377,1302
361,64,69.25,0.35989169675090255,28,61.76470588235294,70.81818181818181,75.39393939393939,722,1032,1060,1428,1378,1305
362,67,69.4,0.36032564841498554,28,61.85294117647059,71.03030303030303,75.54545454545455,724,1036,1063,1430,1379,1308
363,75,69.56,0.3608568142610696,28,61.94117647058823,71.24242424242425,75.72727272727273,726,1040,1067,1432,1380,1311
364,78,69.71,0.3613269258356047,28,62.0,71.45454545454545,75.9090909090909,727,1044,1071,1434,1381,1314
365,74,69.87,0.36190496636610847,28,62.088235294117645,71.66666666666667,76.0909090909091,729,1048,1075,1436,1382,1317
366,79,70.03,0.3625060688276453,28,62.1764705882353,71.87878787878788,76.27272727272727,731,1052,1079,1438,1383,1320
367,72,70.19,0.3631357743268272,28,62.26470588235294,72.0909090909091,76.45454545454545,733,1056,1083,1440,1384,1323
368,71,70.35,0.3637882018479033,28,62.35294117647059,72.3030303030303,76.63636363636364,735,1060,1087,1442,1385,1326
369,71,70.5,0.3644170212765957,28,62.44117647058823,72.51515151515152,76.78787878787878,737,1064,1090,1444,1386,1329
370,64,70.66,0.36513444664591005,28,62.529411764705884,72.72727272727273,76.96969696969697,739,1068,1094,1446,1387,1332
371,73,70.81,0.36580002824459823,28,62.61764705882353,72.93939393939394,77.12121212121212,741,1072,1097,1448,1388,1335
372,68,70.95,0.3663918252290345,28,62.705882352941174,73.12121212121212,77.27272727272727,743,1075,1100,1450,1389,1338
373,68,71.1,0.36708016877637134,28,62.76470588235294,73.33333333333333,77.45454545454545,744,1079,1104,1452,1390,1341
374,78,71.24,0.3677119595732735,28,62.8235294117647,73.54545454545455,77.60606060606061,745,1083,1108,1453,1391,1344
375,81,71.42,0.3683982077849342,28,62.88235294117647,73.81818181818181,77.81818181818181,746,1089,1113,1455,1392,1347
376,77,71.61,0.3689247311827957,28,62.970588235294116,74.0909090909091,78.03030303030303,748,1095,1118,1457,1393,1350
377,88,71.8,0.3694958217270195,28,63.05882352941177,74.36363636363636,78.24242424242425,750,1101,1123,1459,1394,1353
378,83,71.97,0.3699499791579825,28,63.11764705882353,74.63636363636364,78.42424242424242,752,1107,1128,1460,1394,1356
379,84,72.14,0.37042417521486004,28,63.205882352941174,74.9090909090909,78.57575757575758,754,1113,1132,1461,1395,1359
380,81,72.32,0.37081858407079643,28,63.294117647058826,75.18181818181819,78.75757575757575,756,1119,1136,1463,1396,1362
381,73,72.49,0.3711422265140019,28,63.38235294117647,75.42424242424242,78.93939393939394,758,1124,1140,1465,1397,1365
382,79,72.67,0.3715714875464428,28,63.470588235294116,75.6969696969697,79.12121212121212,760,1130,1144,1467,1398,1368
383,68,72.84,0.37201537616694125,28,63.55882352941177,75.93939393939394,79.3030303030303,762,1136,1148,1469,1399,1370
384,86,72.99,0.37236470749417727,28,63.64705882352941,76.12121212121212,79.48484848484848,764,1140,1152,1471,1400,1372
385,85,73.15,0.3727505126452495,28,63.73529411764706,76.36363636363636,79.63636363636364,766,1146,1155,1473,1401,1374
386,92,73.32,0.37326241134751775,28,63.85294117647059,76.60606060606061,79.78787878787878,769,1152,1158,1475,1402,1376
387,95,73.5,0.3738340136054422,28,63.970588235294116,76.84848484848484,79.96969696969697,772,1158,1162,1477,1403,1378
388,103,73.69,0.3744619351336681,28,64.08823529411765,77.0909090909091,80.18181818181819,775,1163,1167,1479,1404,1381
389,101,73.89,0.375115712545676,28,64.20588235294117,77.36363636363636,80.39393939393939,778,1169,1172,1481,1405,1384
390,102,74.09,0.3756390875961668,28,64.32352941176471,77.63636363636364,80.60606060606061,781,1174,1177,1483,1406,1388
391,97,74.29,0.37620541122627543,28,64.44117647058823,77.93939393939394,80.78787878787878,784,1180,1181,1485,1407,1392
392,105,74.48,0.3767534908700322,28,64.55882352941177,78.21212121212122,80.96969696969697,787,1185,1185,1487,1408,1396
393,108,74.69,0.37739858080064265,28,64.67647058823529,78.51515151515152,81.18181818181819,790,1191,1190,1489,1409,1400
394,101,74.91,0.3781164063542918,28,64.79411764705883,78.81818181818181,81.42424242424242,793,1197,1196,1491,1410,1404
395,101,75.12,0.37876730564430244,28,64.91176470588235,79.0909090909091,81.66666666666667,796,1202,1202,1493,1411,1408
396,100,75.34,0.3795009291213167,28,65.02941176470588,79.39393939393939,81.9090909090909,799,1208,1208,1495,1412,1412
397,102,75.56,0.3802408681842245,28,65.1470588235294,79.6969696969697,82.15151515151516,802,1214,1214,1497,1413,1416
398,100,75.79,0.3809170075207811,28,65.29411764705883,80.0,82.39393939393939,805,1220,1220,1499,1415,1420
399,96,76.01,0.3816695171687936,28,65.41176470588235,80.3030303030303,82.63636363636364,808,1226,1226,1501,1416,1424
400,104,76.23,0.38234684507411776,28,65.55882352941177,80.57575757575758,82.87878787878788,811,1232,1232,1503,1418,1427
401,100,76.45,0.3830307390451275,28,65.70588235294117,80.84848484848484,83.12121212121212,814,1238,1238,1505,1420,1430
402,100,76.66,0.38364727367597184,28,65.8529411764706,81.12121212121212,83.33333333333333,817,1244,1243,1507,1422,1433
403,103,76.87,0.38428385586054375,28,65.97058823529412,81.39393939393939,83.57575757575758,820,1250,1249,1509,1423,1436
404,97,77.08,0.38492475350285416,28,66.08823529411765,81.66666666666667,83.81818181818181,823,1256,1255,1511,1424,1439
405,103,77.29,0.38554146720144905,28,66.20588235294117,81.96969696969697,84.03030303030303,826,1262,1260,1513,1425,1443
406,107,77.49,0.3861182088011356,28,66.3529411764706,82.21212121212122,84.24242424242425,829,1267,1265,1515,1427,1446
407,94,77.71,0.3866387852271265,28,66.5,82.51515151515152,84.45454545454545,832,1272,1270,1517,1429,1451
408,85,77.92,0.3871329568788501,28,66.6470588235294,82.78787878787878,84.66666666666667,835,1276,1275,1519,1431,1456
409,94,78.13,0.3875323179316523,28,66.79411764705883,83.0909090909091,84.84848484848484,838,1280,1279,1521,1433,1462
410,87,78.35,0.38800127632418635,28,66.94117647058823,83.42424242424242,85.03030303030303,841,1285,1283,1523,1435,1468
411,81,78.56,0.38846741344195523,28,67.05882352941177,83.72727272727273,85.24242424242425,844,1289,1288,1525,1436,1474
412,85,78.79,0.389020180225917,28,67.20588235294117,84.06060606060606,85.45454545454545,847,1294,1293,1527,1438,1480
413,79,79.0,0.3894632911392405,28,67.3529411764706,84.33333333333333,85.66666666666667,850,1298,1298,1529,1440,1485
414,74,79.2,0.3899393939393939,28,67.5,84.57575757575758,85.87878787878788,853,1302,1303,1531,1442,1489
415,72,79.37,0.39051908781655537,28,67.61764705882354,84.75757575757575,86.0909090909091,855,1304,1308,1533,1444,1493
416,74,79.56,0.39098793363499246,28,67.76470588235294,84.96969696969697,86.3030303030303,858,1307,1313,1535,1446,1497
417,64,79.75,0.3914620689655173,28,67.91176470588235,85.18181818181819,86.51515151515152,861,1310,1318,1537,1448,1501
418,67,79.93,0.391886650819467,28,68.02941176470588,85.45454545454545,86.66666666666667,864,1313,1321,1539,1449,1507
419,65,80.1,0.3923595505617978,28,68.1470588235294,85.6969696969697,86.81818181818181,867,1316,1324,1541,1450,1512
420,66,80.24,0.39266949152542374,28,68.23529411764706,85.87878787878788,86.96969696969697,870,1318,1327,1543,1450,1516
421,71,80.4,0.39309701492537313,28,68.3529411764706,86.06060606060606,87.15151515151516,873,1320,1331,1545,1451,1520
422,68,80.55,0.39353817504655497,28,68.47058823529412,86.21212121212122,87.33333333333333,876,1322,1335,1547,1452,1523
423,67,80.71,0.3939871143600545,28,68.61764705882354,86.36363636363636,87.51515151515152,879,1324,1339,1549,1454,1526
424,58,80.86,0.39446450655453874,28,68.73529411764706,86.51515151515152,87.6969696969697,882,1326,1343,1551,1455,1529
425,47,81.0,0.39495555555555556,28,68.8529411764706,86.63636363636364,87.87878787878788,885,1328,1347,1553,1456,1531
426,46,81.13,0.3954283249106373,28,68.97058823529412,86.72727272727273,88.06060606060606,888,1330,1351,1555,1457,1532
427,56,81.27,0.39587670727205615,28,69.11764705882354,86.84848484848484,88.21212121212122,891,1332,1354,1557,1459,1534
428,56,81.39,0.39627349797272393,28,69.23529411764706,86.93939393939394,88.36363636363636,894,1333,1357,1559,1460,1536
429,48,81.5,0.39663803680981596,28,69.32352941176471,87.03030303030303,88.51515151515152,896,1334,1360,1561,1461,1538
430,41,81.6,0.3969754901960784,28,69.41176470588235,87.0909090909091,88.66666666666667,898,1334,1363,1563,1462,1540
431,43,81.7,0.3973194614443084,28,69.5,87.15151515151516,88.81818181818181,900,1334,1366,1565,1463,1542
432,39,81.8,0.3976674816625917,28,69.58823529411765,87.21212121212122,88.96969696969697,902,1334,1369,1567,1464,1544
433,43,81.88,0.39794821690278454,28,69.67647058823529,87.24242424242425,89.0909090909091,904,1334,1372,1568,1465,1545
434,45,81.95,0.39821964612568644,28,69.76470588235294,87.27272727272727,89.18181818181819,906,1334,1375,1568,1466,1546
435,47,82.02,0.3984954889051451,28,69.8529411764706,87.3030303030303,89.27272727272727,908,1334,1378,1568,1467,1547
436,43,82.09,0.39877573395054206,28,69.94117647058823,87.33333333333333,89.36363636363636,910,1334,1381,1568,1468,1548
437,39,82.16,0.3990628042843232,28,70.02941176470588,87.36363636363636,89.45454545454545,912,1334,1384,1568,1469,1549
438,38,82.23,0.3993639790830597,28,70.11764705882354,87.39393939393939,89.54545454545455,914,1334,1387,1568,1470,1550
439,34,82.3,0.3996646415552856,28,70.20588235294117,87.42424242424242,89.63636363636364,916,1334,1390,1568,1471,1551
440,30,82.37,0.3999696491441058,28,70.29411764705883,87.45454545454545,89.72727272727273,918,1334,1393,1568,1472,1552
441,27,82.43,0.40020987504549316,28,70.38235294117646,87.48484848484848,89.78787878787878,920,1334,1395,1568,1473,1553
442,30,82.49,0.40045460055764337,28,70.47058823529412,87.51515151515152,89.84848484848484,922,1334,1397,1568,1474,1554
443,32,82.56,0.4007679263565891,28,70.55882352941177,87.54545454545455,89.93939393939394,924,1334,1400,1568,1475,1555
444,34,82.63,0.40109040300133125,28,70.6470588235294,87.57575757575758,90.03030303030303,926,1334,1403,1568,1476,1556
445,42,82.7,0.40142200725513905,28,70.73529411764706,87.60606060606061,90.12121212121212,928,1334,1406,1568,1477,1557
446,35,82.77,0.40175546695662684,28,70.82352941176471,87.63636363636364,90.21212121212122,930,1334,1409,1568,1478,1558
447,40,82.84,0.4020883631096089,28,70.91176470588235,87.66666666666667,90.3030303030303,932,1334,1412,1568,1479,1559
448,42,82.91,0.40242069714147877,28,71.0,87.6969696969697,90.39393939393939,934,1334,1415,1568,1480,1560
449,41,82.98,0.4027572909134732,28,71.08823529411765,87.72727272727273,90.48484848484848,936,1334,1418,1568,1481,1561
450,52,83.05,0.40309572546658634,28,71.17647058823529,87.75757575757575,90.57575757575758,938,1334,1421,1568,1482,1562
451,48,83.12,0.4034384023099134,28,71.26470588235294,87.78787878787878,90.66666666666667,940,1334,1424,1568,1483,1563
452,44,83.19,0.40378050246423847,28,71.3529411764706,87.81818181818181,90.75757575757575,942,1334,1427,1568,1484,1564
453,37,83.26,0.404122027384098,28,71.44117647058823,87.84848484848484,90.84848484848484,944,1334,1430,1568,1485,1565
454,40,83.32,0.40440230436869895,28,71.52941176470588,87.87878787878788,90.9090909090909,946,1334,1432,1568,1486,1566
455,49,83.38,0.404682177980331,28,71.61764705882354,87.9090909090909,90.96969696969697,948,1334,1434,1568,1487,1567
456,49,83.44,0.4049688398849473,28,71.70588235294117,87.93939393939394,91.03030303030303,950,1334,1436,1568,1488,1568
457,57,83.51,0.4053179259968866,28,71.79411764705883,87.96969696969697,91.12121212121212,952,1334,1439,1568,1489,1569
458,56,83.58,0.40566642737497005,28,71.88235294117646,88.0,91.21212121212122,954,1334,1442,1568,1490,1570
459,49,83.65,0.4060143454871488,28,71.97058823529412,88.03030303030303,91.3030303030303,956,1334,1445,1568,1491,1571
460,51,83.72,0.4063640707118968,28,72.05882352941177,88.06060606060606,91.39393939393939,958,1334,1448,1568,1492,1572
461,55,83.8,0.40677565632458235,28,72.1470588235294,88.12121212121212,91.48484848484848,960,1335,1451,1568,1493,1573
462,59,83.88,0.4071864568431092,28,72.23529411764706,88.18181818181819,91.57575757575758,962,1336,1454,1568,1494,1574
463,60,83.96,0.4075988565983802,28,72.32352941176471,88.24242424242425,91.66666666666667,964,1337,1457,1568,1495,1575
464,60,84.05,0.4080535395597858,28,72.41176470588235,88.3030303030303,91.78787878787878,966,1338,1460,1569,1496,1576
465,60,84.14,0.4085096268124554,28,72.5,88.36363636363636,91.9090909090909,968,1339,1463,1570,1497,1577
466,60,84.23,0.4089647394040128,28,72.58823529411765,88.42424242424242,92.03030303030303,970,1340,1466,1571,1498,1578
467,60,84.32,0.409418880455408,28,72.67647058823529,88.48484848484848,92.15151515151516,972,1341,1469,1572,1499,1579
468,57,84.41,0.40987205307428026,28,72.76470588235294,88.54545454545455,92.27272727272727,974,1342,1472,1573,1500,1580
469,51,84.5,0.4103266272189349,28,72.8529411764706,88.60606060606061,92.39393939393939,976,1343,1475,1574,1501,1581
470,54,84.59,0.4107825984158884,28,72.94117647058823,88.66666666666667,92.51515151515152,978,1344,1478,1575,1502,1582
471,51,84.68,0.41123760037789325,28,73.02941176470588,88.72727272727273,92.63636363636364,980,1345,1481,1576,1503,1583
472,54,84.77,0.41169399551728203,28,73.11764705882354,88.78787878787878,92.75757575757575,982,1346,1484,1577,1504,1584
473,51,84.86,0.41214942257836434,28,73.20588235294117,88.84848484848484,92.87878787878788,984,1347,1487,1578,1505,1585
474,51,84.95,0.4126038846380224,28,73.29411764705883,88.9090909090909,93.0,986,1348,1490,1579,1506,1586
475,45,85.04,0.41305738476011283,28,73.38235294117646,88.96969696969697,93.12121212121212,988,1349,1493,1580,1507,1587
476,48,85.13,0.4135099259955362,28,73.47058823529412,89.03030303030303,93.24242424242425,990,1350,1496,1581,1508,1588
477,54,85.22,0.41396385824923726,28,73.55882352941177,89.0909090909091,93.36363636363636,992,1351,1499,1582,1509,1589
478,51,85.31,0.414416832727699,28,73.6470588235294,89.15151515151516,93.48484848484848,994,1352,1502,1583,1510,1590
479,57,85.4,0.4148688524590164,28,73.73529411764706,89.21212121212122,93.60606060606061,996,1353,1505,1584,1511,1591
480,57,85.49,0.41532225991344013,28,73.82352941176471,89.27272727272727,93.72727272727273,998,1354,1508,1585,1512,1592
481,57,85.58,0.41577471371815844,28,73.91176470588235,89.33333333333333,93.84848484848484,1000,1355,1511,1586,1513,1593
482,57,85.67,0.4162262168787207,28,74.0,89.39393939393939,93.96969696969697,1002,1356,1514,1587,1514,1594
483,54,85.76,0.4166767723880597,28,74.08823529411765,89.45454545454545,94.0909090909091,1004,1357,1517,1588,1515,1595
484,54,85.85,0.41712638322655793,28,74.17647058823529,89.51515151515152,94.21212121212122,1006,1358,1520,1589,1516,1596
485,54,85.94,0.41757505236211306,28,74.26470588235294,89.57575757575758,94.33333333333333,1008,1359,1523,1590,1517,1597
486,51,86.03,0.4180251075206323,28,74.3529411764706,89.63636363636364,94.45454545454545,1010,1360,1526,1591,1518,1598
487,63,86.12,0.41847422201579193,28,74.44117647058823,89.6969696969697,94.57575757575758,1012,1361,1529,1592,1519,1599
488,57,86.21,0.4189223987936434,28,74.52941176470588,89.75757575757575,94.6969696969697,1014,1362,1532,1593,1520,1600
489,60,86.3,0.419369640787949,28,74.61764705882354,89.81818181818181,94.81818181818181,1016,1363,1535,1594,1521,1601
490,60,86.39,0.41981826600300964,28,74.70588235294117,89.87878787878788,94.93939393939394,1018,1364,1538,1595,1522,1602
491,63,86.48,0.42026595744680856,28,74.79411764705883,89.93939393939394,95.06060606060606,1020,1365,1541,1596,1523,1603
492,54,86.57,0.420715028300797,28,74.88235294117646,90.0,95.18181818181819,1022,1366,1544,1597,1524,1604
493,58,86.65,0.42112060011540675,28,74.97058823529412,90.03030303030303,95.3030303030303,1024,1367,1547,1598,1525,1604
494,56,86.73,0.4215254237288136,28,75.05882352941177,90.06060606060606,95.42424242424242,1026,1368,1550,1599,1526,1604
495,57,86.81,0.42193180509157935,28,75.1470588235294,90.0909090909091,95.54545454545455,1028,1369,1553,1600,1527,1604
496,55,86.89,0.4223374381401772,28,75.23529411764706,90.12121212121212,95.66666666666667,1030,1370,1556,1601,1528,1604
497,52,86.98,0.4227868475511612,28,75.32352941176471,90.18181818181819,95.78787878787878,1032,1371,1559,1602,1529,1605
498,52,87.07,0.42323532789709434,28,75.41176470588235,90.24242424242425,95.9090909090909,1034,1372,1562,1603,1530,1606
499,43,87.16,0.4236851766865534,28,75.5,90.3030303030303,96.03030303030303,1036,1373,1565,1604,1531,1607
500,41,87.24,0.4241082072443833,28,75.55882352941177,90.36363636363636,96.15151515151516,1037,1374,1568,1605,1532,1608
501,33,87.32,0.4245304626660559,28,75.61764705882354,90.42424242424242,96.27272727272727,1038,1375,1571,1606,1533,1609
502,31,87.4,0.42495194508009154,28,75.67647058823529,90.48484848484848,96.39393939393939,1039,1376,1574,1607,1534,1610
503,26,87.48,0.42537265660722456,28,75.73529411764706,90.54545454545455,96.51515151515152,1040,1377,1577,1608,1535,1611
504,23,87.57,0.42581820258079256,28,75.82352941176471,90.60606060606061,96.63636363636364,1042,1378,1580,1609,1536,1612
505,24,87.65,0.426219053051911,28,75.91176470588235,90.66666666666667,96.72727272727273,1044,1379,1582,1610,1537,1613
506,40,87.73,0.4266214521828337,28,76.0,90.72727272727273,96.81818181818181,1046,1380,1584,1611,1538,1614
507,47,87.81,0.42704133925521015,28,76.05882352941177,90.78787878787878,96.93939393939394,1047,1381,1587,1612,1539,1615
508,42,87.89,0.4274604619410627,28,76.11764705882354,90.84848484848484,97.06060606060606,1048,1382,1590,1613,1540,1616
509,40,87.97,0.42787882232579283,28,76.17647058823529,90.9090909090909,97.18181818181819,1049,1383,1593,1614,1541,1617
510,47,88.05,0.42829642248722316,28,76.23529411764706,90.96969696969697,97.3030303030303,1050,1384,1596,1615,1542,1618
511,51,88.13,0.4287132644956314,28,76.29411764705883,91.03030303030303,97.42424242424242,1051,1385,1599,1616,1543,1619
512,48,88.22,0.42915892087961915,28,76.38235294117646,91.0909090909091,97.54545454545455,1053,1386,1602,1617,1544,1620
513,45,88.31,0.42960366889367,28,76.47058823529412,91.15151515151516,97.66666666666667,1055,1387,1605,1618,1545,1621
514,45,88.4,0.4300475113122172,28,76.55882352941177,91.21212121212122,97.78787878787878,1057,1388,1608,1619,1546,1622
515,45,88.49,0.4304904508984066,28,76.6470588235294,91.27272727272727,97.9090909090909,1059,1389,1611,1620,1547,1623
516,50,88.59,0.4307969296760357,28,76.76470588235294,91.33333333333333,98.03030303030303,1061,1390,1614,1621,1549,1624
517,46,88.69,0.4311049723756906,28,76.88235294117646,91.39393939393939,98.15151515151516,1063,1391,1617,1622,1551,1625
518,48,88.79,0.4314235837369073,28,77.0,91.45454545454545,98.27272727272727,1065,1392,1620,1623,1553,1626
519,44,88.89,0.43174372820339746,28,77.11764705882354,91.51515151515152,98.39393939393939,1067,1393,1623,1624,1555,1627
520,40,88.99,0.43206764805034276,28,77.23529411764706,91.57575757575758,98.51515151515152,1069,1394,1626,1625,1557,1628
521,39,89.09,0.4323998204063307,28,77.3529411764706,91.63636363636364,98.63636363636364,1071,1395,1629,1626,1559,1629
522,35,89.19,0.432744702320888,28,77.47058823529412,91.6969696969697,98.75757575757575,1073,1396,1632,1627,1561,1630
523,40,89.26,0.4331010531032938,28,77.52941176470588,91.75757575757575,98.84848484848484,1074,1397,1634,1628,1562,1631
524,44,89.34,0.43351242444593685,28,77.58823529411765,91.81818181818181,98.96969696969697,1075,1398,1637,1629,1563,1632
525,44,89.43,0.43395616683439564,28,77.67647058823529,91.87878787878788,99.0909090909091,1077,1399,1640,1630,1564,1633
526,41,89.52,0.43439901697944594,28,77.76470588235294,91.93939393939394,99.21212121212122,1079,1400,1643,1631,1565,1634
527,38,89.61,0.43484097756946766,28,77.8529411764706,92.0,99.33333333333333,1081,1401,1646,1632,1566,1635
528,39,89.69,0.43524919166016274,28,77.91176470588235,92.06060606060606,99.45454545454545,1082,1402,1649,1633,1567,1636
529,39,89.78,0.4356894631321007,28,78.0,92.12121212121212,99.57575757575758,1084,1403,1652,1634,1568,1637
530,36,89.87,0.4361288527873595,28,78.08823529411765,92.18181818181819,99.6969696969697,1086,1404,1655,1635,1569,1638
531,36,89.96,0.4365673632725656,28,78.17647058823529,92.24242424242425,99.81818181818181,1088,1405,1658,1636,1570,1639
532,37,90.04,0.43697245668591733,28,78.23529411764706,92.3030303030303,99.93939393939394,1089,1406,1661,1637,1571,1640
533,38,90.12,0.4373479804704838,28,78.29411764705883,92.36363636363636,100.06060606060606,1090,1407,1664,1638,1572,1641
534,36,90.2,0.4377250554323725,28,78.3529411764706,92.42424242424242,100.18181818181819,1091,1408,1667,1639,1573,1642
535,34,90.28,0.43810146211785556,28,78.41176470588235,92.48484848484848,100.3030303030303,1092,1409,1670,1640,1574,1643
536,32,90.36,0.43847720230190346,28,78.47058823529412,92.54545454545455,100.42424242424242,1093,1410,1673,1641,1575,1644
537,34,90.43,0.4387979652770098,28,78.52941176470588,92.60606060606061,100.51515151515152,1094,1411,1675,1642,1576,1645
538,32,90.51,0.4391724671307038,28,78.58823529411765,92.66666666666667,100.63636363636364,1095,1412,1678,1643,1577,1646
539,34,90.58,0.4395120335614926,28,78.61764705882354,92.72727272727273,100.75757575757575,1095,1413,1681,1644,1578,1647
540,36,90.65,0.4398532818532819,28,78.6470588235294,92.78787878787878,100.87878787878788,1095,1414,1684,1645,1579,1648
541,35,90.72,0.44020061728395066,28,78.70588235294117,92.84848484848484,100.96969696969697,1096,1415,1686,1646,1580,1649
542,36,90.8,0.44058149779735684,28,78.79411764705883,92.9090909090909,101.06060606060606,1098,1416,1688,1647,1581,1650
543,40,90.88,0.44096170774647886,28,78.88235294117646,92.96969696969697,101.15151515151516,1100,1417,1690,1648,1582,1651
544,41,90.96,0.44134124890061566,28,78.97058823529412,93.03030303030303,101.24242424242425,1102,1418,1692,1649,1583,1652
545,45,91.04,0.44172012302284713,28,79.05882352941177,93.0909090909091,101.33333333333333,1104,1419,1694,1650,1584,1653
546,40,91.12,0.4420983318700615,28,79.1470588235294,93.15151515151516,101.42424242424242,1106,1420,1696,1651,1585,1654
547,41,91.2,0.4424758771929824,28,79.23529411764706,93.21212121212122,101.51515151515152,1108,1421,1698,1652,1586,1655
548,39,91.28,0.44285276073619634,28,79.32352941176471,93.27272727272727,101.60606060606061,1110,1422,1700,1653,1587,1656
549,40,91.36,0.44322898423817864,28,79.41176470588235,93.33333333333333,101.6969696969697,1112,1423,1702,1654,1588,1657
550,41,91.44,0.4436045494313211,28,79.5,93.39393939393939,101.78787878787878,1114,1424,1704,1655,1589,1658
551,39,91.52,0.44397945804195804,28,79.58823529411765,93.45454545454545,101.87878787878788,1116,1425,1706,1656,1590,1659
552,37,91.6,0.444353711790393,28,79.67647058823529,93.51515151515152,101.96969696969697,1118,1426,1708,1657,1591,1660
553,32,91.68,0.44472731239092494,28,79.76470588235294,93.57575757575758,102.06060606060606,1120,1427,1710,1658,1592,1661
554,30,91.76,0.4451002615518745,28,79.8529411764706,93.63636363636364,102.15151515151516,1122,1428,1712,1659,1593,1662
555,31,91.84,0.4454725609756098,28,79.94117647058823,93.6969696969697,102.24242424242425,1124,1429,1714,1660,1594,1663
556,30,91.91,0.4457893591556958,28,80.02941176470588,93.72727272727273,102.33333333333333,1126,1429,1716,1661,1595,1664
557,28,91.99,0.4461604522230677,28,80.11764705882354,93.78787878787878,102.42424242424242,1128,1430,1718,1662,1596,1665
558,23,92.07,0.4465309004018681,28,80.20588235294117,93.84848484848484,102.51515151515152,1130,1431,1720,1663,1597,1666
559,22,92.14,0.4468569568048622,28,80.29411764705883,93.9090909090909,102.57575757575758,1132,1432,1721,1664,1598,1667
560,17,92.19,0.4470951296236034,28,80.3529411764706,93.93939393939394,102.63636363636364,1133,1432,1722,1665,1599,1668
561,21,92.24,0.4473352124891587,28,80.41176470588235,93.96969696969697,102.6969696969697,1134,1432,1723,1666,1600,1669
562,21,92.3,0.44761863488624054,28,80.47058823529412,94.0,102.78787878787878,1135,1432,1725,1667,1601,1670
563,24,92.36,0.4479016890428757,28,80.52941176470588,94.03030303030303,102.87878787878788,1136,1432,1727,1668,1602,1671
564,23,92.43,0.44823866709942656,28,80.58823529411765,94.0909090909091,102.96969696969697,1137,1433,1729,1669,1603,1672
565,19,92.5,0.4485772972972973,28,80.6470588235294,94.15151515151516,103.06060606060606,1138,1434,1731,1670,1604,1673
566,22,92.56,0.44886992221261884,28,80.67647058823529,94.21212121212122,103.15151515151516,1139,1435,1733,1671,1604,1674
567,19,92.62,0.4491621679982725,28,80.70588235294117,94.27272727272727,103.24242424242425,1140,1436,1735,1672,1604,1675
568,22,92.68,0.4494540353905913,28,80.73529411764706,94.33333333333333,103.33333333333333,1141,1437,1737,1673,1604,1676
569,31,92.74,0.44974552512400257,28,80.76470588235294,94.39393939393939,103.42424242424242,1142,1438,1739,1674,1604,1677
570,28,92.8,0.4500366379310345,28,80.79411764705883,94.45454545454545,103.51515151515152,1143,1439,1741,1675,1604,1678
571,28,92.86,0.45032737454232175,28,80.82352941176471,94.51515151515152,103.60606060606061,1144,1440,1743,1676,1604,1679
572,29,92.91,0.4505618340329351,28,80.8529411764706,94.57575757575758,103.66666666666667,1145,1441,1744,1677,1604,1680
573,27,92.96,0.45079604130808953,28,80.88235294117646,94.63636363636364,103.72727272727273,1146,1442,1745,1678,1604,1681
574,31,93.01,0.45102999677454036,28,80.91176470588235,94.6969696969697,103.78787878787878,1147,1443,1746,1679,1604,1682
575,34,93.07,0.4513194369829161,28,80.94117647058823,94.75757575757575,103.87878787878788,1148,1444,1748,1680,1604,1683
576,36,93.14,0.45163409920549713,28,80.97058823529412,94.84848484848484,103.96969696969697,1149,1446,1750,1681,1604,1684
577,39,93.23,0.4518448997103936,28,81.02941176470588,94.96969696969697,104.06060606060606,1151,1449,1752,1682,1604,1685
578,44,93.33,0.45209364620165005,28,81.08823529411765,95.0909090909091,104.18181818181819,1153,1452,1755,1683,1604,1686
579,46,93.43,0.4523525634164615,28,81.1470588235294,95.21212121212122,104.3030303030303,1155,1455,1758,1684,1604,1687
580,39,93.53,0.4526173420292954,28,81.20588235294117,95.33333333333333,104.42424242424242,1157,1458,1761,1685,1604,1688
581,42,93.62,0.4528519547105319,28,81.26470588235294,95.42424242424242,104.54545454545455,1159,1461,1764,1686,1604,1688
582,39,93.71,0.4530903852310319,28,81.32352941176471,95.51515151515152,104.66666666666667,1161,1464,1767,1687,1604,1688
583,45,93.8,0.45333901918976544,28,81.38235294117646,95.60606060606061,104.78787878787878,1163,1467,1770,1688,1604,1688
584,47,93.9,0.4536315228966986,28,81.44117647058823,95.72727272727273,104.9090909090909,1165,1470,1773,1689,1604,1689
585,40,94.0,0.4539255319148936,28,81.5,95.84848484848484,105.03030303030303,1167,1473,1776,1690,1604,1690
586,48,94.1,0.4542231668437832,28,81.55882352941177,95.96969696969697,105.15151515151516,1169,1476,1779,1691,1604,1691
587,50,94.2,0.45452441613588107,28,81.61764705882354,96.0909090909091,105.27272727272727,1171,1479,1782,1692,1604,1692
588,49,94.3,0.4548250265111347,28,81.67647058823529,96.21212121212122,105.39393939393939,1173,1482,1785,1693,1604,1693
589,60,94.4,0.4551334745762712,28,81.73529411764706,96.33333333333333,105.51515151515152,1175,1485,1788,1694,1604,1694
590,55,94.51,0.4554470426409904,28,81.79411764705883,96.45454545454545,105.66666666666667,1177,1488,1792,1695,1604,1695
591,53,94.62,0.45576410906785036,28,81.8529411764706,96.57575757575758,105.81818181818181,1179,1491,1796,1696,1604,1696
592,48,94.73,0.4560846616700095,28,81.91176470588235,96.6969696969697,105.96969696969697,1181,1494,1800,1697,1604,1697
593,50,94.83,0.4564093641252768,28,81.97058823529412,96.81818181818181,106.0909090909091,1183,1497,1803,1698,1604,1698
594,49,94.93,0.4567333824923628,28,82.02941176470588,96.93939393939394,106.21212121212122,1185,1500,1806,1699,1604,1699
595,57,95.03,0.45705882352941174,28,82.08823529411765,97.06060606060606,106.33333333333333,1187,1503,1809,1700,1604,1700
596,59,95.13,0.4573877851361295,28,82.1470588235294,97.18181818181819,106.45454545454545,1189,1506,1812,1701,1604,1701
597,55,95.23,0.45766145122335394,28,82.20588235294117,97.3030303030303,106.57575757575758,1190,1509,1815,1702,1605,1702
598,49,95.32,0.45790809903483004,28,82.26470588235294,97.39393939393939,106.6969696969697,1191,1511,1818,1703,1606,1703
599,60,95.42,0.45814085097463847,28,82.3529411764706,97.48484848484848,106.81818181818181,1193,1513,1821,1704,1607,1704
600,64,95.53,0.458401549251544,28,82.44117647058823,97.60606060606061,106.93939393939394,1195,1516,1824,1705,1608,1705
601,62,95.64,0.45867210372229195,28,82.52941176470588,97.72727272727273,107.06060606060606,1197,1519,1827,1706,1609,1706
602,60,95.75,0.4589503916449086,28,82.61764705882354,97.84848484848484,107.18181818181819,1199,1522,1830,1707,1610,1707
603,62,95.88,0.45924071756362117,28,82.70588235294117,98.03030303030303,107.3030303030303,1201,1527,1833,1708,1611,1708
604,63,96.02,0.45942303686731933,28,82.82352941176471,98.21212121212122,107.42424242424242,1204,1532,1836,1709,1612,1709
605,57,96.14,0.4596068233825671,28,82.91176470588235,98.39393939393939,107.51515151515152,1206,1537,1838,1710,1613,1710
606,52,96.25,0.45977246753246753,28,83.0,98.54545454545455,107.60606060606061,1208,1541,1840,1711,1614,1711
607,47,96.36,0.45995433789954343,28,83.08823529411765,98.6969696969697,107.6969696969697,1210,1545,1842,1712,1615,1712
608,48,96.47,0.46013993987768215,28,83.17647058823529,98.84848484848484,107.78787878787878,1212,1549,1844,1713,1616,1713
609,53,96.57,0.4603800352076214,28,83.23529411764706,99.0,107.87878787878788,1214,1553,1846,1714,1616,1714
610,49,96.67,0.4606217026999069,28,83.29411764705883,99.15151515151516,107.96969696969697,1216,1557,1848,1715,1616,1715
611,54,96.77,0.4608649374806242,28,83.3529411764706,99.3030303030303,108.06060606060606,1218,1561,1850,1716,1616,1716
612,56,96.87,0.4611097346959843,28,83.41176470588235,99.45454545454545,108.15151515151516,1220,1565,1852,1717,1616,1717
613,53,96.99,0.4610836168677183,28,83.47058823529412,99.60606060606061,108.3030303030303,1222,1569,1854,1720,1616,1718
614,56,97.11,0.46105962310781584,28,83.52941176470588,99.75757575757575,108.45454545454545,1224,1573,1856,1723,1616,1719
615,53,97.23,0.4610521443998766,28,83.58823529411765,99.9090909090909,108.60606060606061,1226,1577,1858,1726,1616,1720
616,62,97.35,0.4610508474576271,28,83.6470588235294,100.06060606060606,108.75757575757575,1228,1581,1860,1729,1616,1721
617,58,97.48,0.46093352482560523,28,83.70588235294117,100.21212121212122,108.93939393939394,1230,1585,1862,1733,1616,1722
618,55,97.6,0.46081352459016395,28,83.76470588235294,100.33333333333333,109.12121212121212,1232,1588,1864,1737,1616,1723
619,56,97.71,0.46075222597482346,28,83.79411764705883,100.45454545454545,109.3030303030303,1233,1591,1866,1741,1616,1724
620,45,97.82,0.46066653036188915,28,83.8529411764706,100.54545454545455,109.48484848484848,1235,1593,1868,1745,1616,1725
621,37,97.93,0.4606014500153171,28,83.91176470588235,100.63636363636364,109.66666666666667,1237,1595,1870,1749,1616,1726
622,32,98.04,0.4605446756425948,28,83.97058823529412,100.72727272727273,109.84848484848484,1239,1597,1872,1753,1616,1727
623,28,98.14,0.46054208273894437,28,84.0,100.81818181818181,110.03030303030303,1240,1599,1874,1757,1616,1728
624,29,98.22,0.4607717369171248,28,84.02941176470588,100.9090909090909,110.15151515151516,1241,1601,1876,1759,1616,1729
625,37,98.29,0.4609675450198392,28,84.05882352941177,101.0,110.24242424242425,1242,1603,1878,1760,1616,1730
626,35,98.37,0.4611314425129613,28,84.08823529411765,101.0909090909091,110.36363636363636,1243,1605,1880,1762,1616,1731
627,36,98.45,0.4613682072117826,28,84.11764705882354,101.18181818181819,110.48484848484848,1244,1607,1882,1764,1616,1732
628,40,98.53,0.4616066172739267,28,84.1470588235294,101.27272727272727,110.60606060606061,1245,1609,1884,1766,1616,1733
629,35,98.61,0.4618466686948585,28,84.17647058823529,101.36363636363636,110.72727272727273,1246,1611,1886,1768,1616,1734
630,33,98.69,0.4620944371263553,28,84.20588235294117,101.45454545454545,110.84848484848484,1247,1613,1888,1770,1616,1735
631,37,98.77,0.46234382909790417,28,84.23529411764706,101.54545454545455,110.96969696969697,1248,1615,1890,1772,1616,1736
632,35,98.85,0.4625988872028326,28,84.26470588235294,101.63636363636364,111.0909090909091,1249,1617,1892,1774,1616,1737
633,30,98.93,0.4628595976953402,28,84.29411764705883,101.72727272727273,111.21212121212122,1250,1619,1894,1776,1616,1738
634,38,99.0,0.4630808080808081,28,84.32352941176471,101.78787878787878,111.33333333333333,1251,1620,1896,1778,1616,1739
635,33,99.08,0.4633508276140493,28,84.3529411764706,101.87878787878788,111.45454545454545,1252,1622,1898,1780,1616,1740
636,29,99.15,0.4635774079677257,28,84.38235294117646,101.96969696969697,111.54545454545455,1253,1624,1899,1782,1616,1741
637,34,99.22,0.46380971578310826,28,84.41176470588235,102.06060606060606,111.63636363636364,1254,1626,1900,1784,1616,1742
638,31,99.28,0.463994762288477,28,84.44117647058823,102.12121212121212,111.72727272727273,1255,1627,1901,1786,1616,1743
639,27,99.35,0.4642284851534977,28,84.47058823529412,102.21212121212122,111.81818181818181,1256,1629,1902,1788,1616,1744
640,35,99.42,0.4644679139006236,28,84.5,102.3030303030303,111.9090909090909,1257,1631,1903,1790,1616,1745
641,29,99.48,0.4646722959388822,28,84.52941176470588,102.39393939393939,111.96969696969697,1258,1633,1904,1791,1616,1746
642,31,99.55,0.46491712707182326,28,84.55882352941177,102.48484848484848,112.06060606060606,1259,1635,1905,1793,1616,1747
643,38,99.63,0.46520626317374286,28,84.58823529411765,102.57575757575758,112.18181818181819,1260,1637,1907,1795,1616,1748
644,30,99.71,0.4654969411292749,28,84.61764705882354,102.66666666666667,112.3030303030303,1261,1639,1909,1797,1616,1749
645,31,99.79,0.465791161439022,28,84.6470588235294,102.75757575757575,112.42424242424242,1262,1641,1911,1799,1616,1750
646,40,99.85,0.46598798197295943,28,84.67647058823529,102.81818181818181,112.51515151515152,1263,1642,1912,1801,1616,1751
647,32,99.93,0.4662853997798459,28,84.70588235294117,102.9090909090909,112.63636363636364,1264,1644,1914,1803,1616,1752
648,33,100.01,0.4665823417658234,28,84.73529411764706,103.0,112.75757575757575,1265,1646,1916,1805,1616,1753
649,34,100.09,0.4668788090718353,28,84.76470588235294,103.0909090909091,112.87878787878788,1266,1648,1918,1807,1616,1754
650,34,100.15,0.4670763854218672,28,84.79411764705883,103.15151515151516,112.96969696969697,1267,1649,1919,1809,1616,1755
651,35,100.23,0.46737204429811435,28,84.82352941176471,103.24242424242425,113.0909090909091,1268,1651,1921,1811,1616,1756
652,36,100.31,0.4676692254012561,28,84.8529411764706,103.33333333333333,113.21212121212122,1269,1653,1923,1813,1616,1757
653,28,100.39,0.46796792509214064,28,84.88235294117646,103.42424242424242,113.33333333333333,1270,1655,1925,1815,1616,1758
654,31,100.45,0.46816824290691883,28,84.91176470588235,103.48484848484848,113.42424242424242,1271,1656,1926,1817,1616,1759
655,27,100.52,0.46841822522881016,28,84.94117647058823,103.54545454545455,113.54545454545455,1272,1657,1928,1819,1616,1760
656,24,100.58,0.46862398091071783,28,84.97058823529412,103.60606060606061,113.63636363636364,1273,1658,1929,1821,1616,1761
657,21,100.64,0.46882949125596185,28,85.0,103.66666666666667,113.72727272727273,1274,1659,1930,1823,1616,1762
658,21,100.7,0.4690347567030785,28,85.02941176470588,103.72727272727273,113.81818181818181,1275,1660,1931,1825,1616,1763
659,17,100.77,0.46920015877741394,28,85.05882352941177,103.81818181818181,113.9090909090909,1276,1661,1932,1827,1616,1765
660,11,100.83,0.4692422890012893,28,85.05882352941177,103.87878787878788,114.03030303030303,1276,1662,1934,1829,1616,1766
661,11,100.89,0.4692942808999901,28,85.05882352941177,103.93939393939394,114.15151515151516,1276,1663,1936,1831,1616,1767
662,13,100.93,0.469201426731398,28,85.08823529411765,103.96969696969697,114.21212121212122,1277,1664,1937,1832,1616,1767
663,12,100.97,0.46907893433693176,28,85.11764705882354,104.0,114.27272727272727,1278,1665,1938,1833,1616,1767
664,11,101.01,0.46896643896643897,28,85.1470588235294,104.03030303030303,114.33333333333333,1279,1666,1939,1834,1616,1767
665,10,101.05,0.46886788718456207,28,85.17647058823529,104.06060606060606,114.39393939393939,1280,1667,1940,1835,1616,1767
666,9,101.09,0.468775348699179,28,85.20588235294117,104.0909090909091,114.45454545454545,1281,1668,1941,1836,1616,1767
667,8,101.13,0.46868881637496296,28,85.23529411764706,104.12121212121212,114.51515151515152,1282,1669,1942,1837,1616,1767
668,11,101.16,0.46857255832344796,28,85.26470588235294,104.15151515151516,114.54545454545455,1283,1670,1943,1837,1616,1767
669,16,101.2,0.46850988142292493,28,85.32352941176471,104.18181818181819,114.57575757575758,1285,1671,1944,1837,1616,1767
670,16,101.26,0.46849298834682995,28,85.38235294117646,104.21212121212122,114.66666666666667,1287,1672,1946,1838,1616,1767
671,15,101.33,0.46853350439159186,28,85.44117647058823,104.24242424242425,114.78787878787878,1289,1673,1949,1839,1616,1767
672,14,101.4,0.46857988165680475,28,85.5,104.27272727272727,114.9090909090909,1291,1674,1952,1840,1616,1767
673,17,101.46,0.4685846639069584,28,85.55882352941177,104.3030303030303,115.0,1293,1675,1954,1841,1616,1767
674,19,101.53,0.468644735546144,28,85.61764705882354,104.33333333333333,115.12121212121212,1295,1676,1957,1842,1616,1767
675,18,101.6,0.4686003937007874,28,85.67647058823529,104.36363636363636,115.24242424242425,1297,1676,1960,1843,1616,1768
676,18,101.69,0.4685996656505064,28,85.73529411764706,104.42424242424242,115.39393939393939,1299,1677,1963,1845,1616,1769
677,17,101.76,0.46860455974842763,28,85.79411764705883,104.48484848484848,115.48484848484848,1301,1678,1965,1846,1616,1770
678,19,101.83,0.4686153392909752,28,85.8529411764706,104.54545454545455,115.57575757575758,1303,1679,1967,1847,1616,1771
679,24,101.9,0.468612365063788,28,85.88235294117646,104.60606060606061,115.6969696969697,1304,1680,1970,1848,1616,1772
680,24,101.99,0.46859201882537505,28,85.97058823529412,104.66666666666667,115.81818181818181,1307,1681,1973,1849,1616,1773
681,19,102.07,0.46854609581659645,28,86.05882352941177,104.72727272727273,115.9090909090909,1310,1682,1975,1850,1616,1774
682,18,102.14,0.46845310358331704,28,86.11764705882354,104.78787878787878,116.0,1312,1683,1977,1851,1616,1775
683,18,102.2,0.4683874755381605,28,86.1470588235294,104.84848484848484,116.0909090909091,1313,1684,1979,1852,1616,1776
684,14,102.27,0.4683807568201819,28,86.20588235294117,104.9090909090909,116.18181818181819,1315,1685,1981,1853,1616,1777
685,11,102.33,0.46833284471806896,28,86.26470588235294,104.96969696969697,116.24242424242425,1317,1686,1982,1854,1616,1778
686,7,102.37,0.46831982025984176,28,86.29411764705883,105.03030303030303,116.27272727272727,1318,1687,1982,1855,1616,1779
687,5,102.39,0.46825568903213205,28,86.29411764705883,105.06060606060606,116.3030303030303,1318,1687,1982,1856,1616,1780
688,3,102.41,0.46819158285323703,28,86.29411764705883,105.0909090909091,116.33333333333333,1318,1687,1982,1857,1616,1781
689,2,102.42,0.4681292716266354,28,86.29411764705883,105.12121212121212,116.33333333333333,1318,1687,1982,1857,1616,1782
690,4,102.43,0.4680689251195939,28,86.29411764705883,105.15151515151516,116.33333333333333,1318,1687,1982,1857,1616,1783
691,8,102.45,0.46803221083455343,28,86.29411764705883,105.21212121212122,116.33333333333333,1318,1688,1982,1857,1616,1784
692,11,102.48,0.4680327868852459,28,86.32352941176471,105.27272727272727,116.33333333333333,1319,1690,1982,1857,1616,1784
693,13,102.52,0.4680842762387827,28,86.3529411764706,105.36363636363636,116.33333333333333,1320,1693,1982,1857,1616,1784
694,18,102.56,0.46813572542901716,28,86.38235294117646,105.45454545454545,116.33333333333333,1321,1696,1982,1857,1616,1784
695,19,102.61,0.4682438358834422,28,86.44117647058823,105.54545454545455,116.33333333333333,1323,1699,1982,1857,1616,1784
696,25,102.67,0.4683130417843577,28,86.5,105.66666666666667,116.33333333333333,1325,1702,1982,1857,1616,1785
697,36,102.74,0.46843293751216664,28,86.55882352941177,105.81818181818181,116.33333333333333,1327,1706,1982,1857,1616,1786
698,36,102.83,0.468605465331129,28,86.61764705882354,105.96969696969697,116.39393939393939,1329,1710,1983,1858,1616,1787
699,41,102.93,0.4688186145924415,28,86.67647058823529,106.12121212121212,116.48484848484848,1331,1714,1984,1860,1616,1788
700,34,103.03,0.469039114820926,28,86.73529411764706,106.27272727272727,116.57575757575758,1333,1718,1985,1862,1616,1789
701,29,103.11,0.4692027931335467,28,86.79411764705883,106.39393939393939,116.63636363636364,1335,1721,1986,1863,1616,1790
702,30,103.19,0.4693700940013567,28,86.8529411764706,106.51515151515152,116.6969696969697,1337,1724,1987,1864,1616,1791
703,22,103.27,0.4695390723346567,28,86.91176470588235,106.63636363636364,116.75757575757575,1339,1727,1988,1865,1616,1792
704,18,103.34,0.46970001935359007,28,86.97058823529412,106.75757575757575,116.78787878787878,1341,1730,1989,1865,1616,1793
705,23,103.38,0.46986844650802867,28,87.0,106.81818181818181,116.81818181818181,1342,1732,1990,1865,1616,1793
706,19,103.42,0.4700367433765229,28,87.02941176470588,106.87878787878788,116.84848484848484,1343,1734,1991,1865,1616,1793
707,18,103.46,0.4702049101101875,28,87.05882352941177,106.93939393939394,116.87878787878788,1344,1736,1992,1865,1616,1793
708,23,103.5,0.4703729468599034,28,87.08823529411765,107.0,116.9090909090909,1345,1738,1993,1865,1616,1793
709,19,103.54,0.4705408537763184,28,87.11764705882354,107.06060606060606,116.93939393939394,1346,1740,1994,1865,1616,1793
710,18,103.58,0.47070863100984744,28,87.1470588235294,107.12121212121212,116.96969696969697,1347,1742,1995,1865,1616,1793
711,23,103.62,0.4708762787106736,28,87.17647058823529,107.18181818181819,117.0,1348,1744,1996,1865,1616,1793
712,19,103.66,0.4710437970287478,28,87.20588235294117,107.24242424242425,117.03030303030303,1349,1746,1997,1865,1616,1793
713,18,103.7,0.47121118611378976,28,87.23529411764706,107.3030303030303,117.06060606060606,1350,1748,1998,1865,1616,1793
714,23,103.74,0.4713784461152882,28,87.26470588235294,107.36363636363636,117.0909090909091,1351,1750,1999,1865,1616,1793
715,19,103.78,0.47154557718250145,28,87.29411764705883,107.42424242424242,117.12121212121212,1352,1752,2000,1865,1616,1793
716,18,103.82,0.4717125794644577,28,87.32352941176471,107.48484848484848,117.15151515151516,1353,1754,2001,1865,1616,1793
717,23,103.86,0.4718794531099557,28,87.3529411764706,107.54545454545455,117.18181818181819,1354,1756,2002,1865,1616,1793
718,19,103.9,0.472046198267565,28,87.38235294117646,107.60606060606061,117.21212121212122,1355,1758,2003,1865,1616,1793
719,18,103.94,0.47221281508562635,28,87.41176470588235,107.66666666666667,117.24242424242425,1356,1760,2004,1865,1616,1793
720,23,103.98,0.47237930371225234,28,87.44117647058823,107.72727272727273,117.27272727272727,1357,1762,2005,1865,1616,1793
721,19,104.02,0.4725456642953278,28,87.47058823529412,107.78787878787878,117.3030303030303,1358,1764,2006,1865,1616,1793
722,18,104.06,0.4727118969825101,28,87.5,107.84848484848484,117.33333333333333,1359,1766,2007,1865,1616,1793
723,23,104.1,0.4728780019212296,28,87.52941176470588,107.9090909090909,117.36363636363636,1360,1768,2008,1865,1616,1793
724,19,104.14,0.47304397925869024,28,87.55882352941177,107.96969696969697,117.39393939393939,1361,1770,2009,1865,1616,1793
725,18,104.18,0.4732098291418698,28,87.58823529411765,108.03030303030303,117.42424242424242,1362,1772,2010,1865,1616,1793
726,23,104.22,0.47337555171752066,28,87.61764705882354,108.0909090909091,117.45454545454545,1363,1774,2011,1865,1616,1793
727,19,104.26,0.4735411471321696,28,87.6470588235294,108.15151515151516,117.48484848484848,1364,1776,2012,1865,1616,1793
728,18,104.3,0.4737066155321189,28,87.67647058823529,108.21212121212122,117.51515151515152,1365,1778,2013,1865,1616,1793
729,23,104.34,0.4738719570634464,28,87.70588235294117,108.27272727272727,117.54545454545455,1366,1780,2014,1865,1616,1793
730,19,104.38,0.4740371718720061,28,87.73529411764706,108.33333333333333,117.57575757575758,1367,1782,2015,1865,1616,1793
731,18,104.42,0.4742022601034284,28,87.76470588235294,108.39393939393939,117.60606060606061,1368,1784,2016,1865,1616,1793
732,23,104.46,0.47436913651158336,28,87.79411764705883,108.45454545454545,117.63636363636364,1369,1786,2017,1865,1616,1793
733,19,104.5,0.47453588516746414,28,87.82352941176471,108.51515151515152,117.66666666666667,1370,1788,2018,1865,1616,1793
734,18,104.54,0.4747025062177157,28,87.8529411764706,108.57575757575758,117.6969696969697,1371,1790,2019,1865,1616,1793
735,23,104.58,0.47486899980875885,28,87.88235294117646,108.63636363636364,117.72727272727273,1372,1792,2020,1865,1616,1793
736,19,104.62,0.47503536608679026,28,87.91176470588235,108.6969696969697,117.75757575757575,1373,1794,2021,1865,1616,1793
737,18,104.66,0.4752016051977833,28,87.94117647058823,108.75757575757575,117.78787878787878,1374,1796,2022,1865,1616,1793
738,23,104.7,0.47536771728748806,28,87.97058823529412,108.81818181818181,117.81818181818181,1375,1798,2023,1865,1616,1793
739,19,104.74,0.4755337025014321,28,88.0,108.87878787878788,117.84848484848484,1376,1800,2024,1865,1616,1793
740,18,104.78,0.4756995609849208,28,88.02941176470588,108.93939393939394,117.87878787878788,1377,1802,2025,1865,1616,1793
741,23,104.82,0.4758652928830376,28,88.05882352941177,109.0,117.9090909090909,1378,1804,2026,1865,1616,1793
742,19,104.86,0.4760308983406447,28,88.08823529411765,109.06060606060606,117.93939393939394,1379,1806,2027,1865,1616,1793
743,18,104.9,0.47619637750238325,28,88.11764705882354,109.12121212121212,117.96969696969697,1380,1808,2028,1865,1616,1793
744,26,104.94,0.47636173051267394,28,88.1470588235294,109.18181818181819,118.0,1381,1810,2029,1865,1616,1793
745,21,104.99,0.47648633203162205,28,88.20588235294117,109.24242424242425,118.03030303030303,1382,1812,2030,1865,1617,1793
746,19,105.04,0.4766146230007616,28,88.26470588235294,109.3030303030303,118.06060606060606,1383,1814,2031,1865,1618,1793
747,23,105.09,0.47674469502331335,28,88.32352941176471,109.36363636363636,118.0909090909091,1384,1816,2032,1865,1619,1793
748,22,105.13,0.47690954056881957,28,88.3529411764706,109.42424242424242,118.12121212121212,1385,1818,2033,1865,1619,1793
749,26,105.18,0.4771173226849211,28,88.38235294117646,109.48484848484848,118.18181818181819,1386,1820,2035,1865,1619,1793
750,35,105.24,0.4771930824781452,28,88.41176470588235,109.54545454545455,118.27272727272727,1387,1822,2037,1866,1619,1793
751,31,105.31,0.4773098471180324,28,88.44117647058823,109.60606060606061,118.39393939393939,1388,1824,2039,1868,1619,1793
752,27,105.38,0.4774264566331372,28,88.47058823529412,109.66666666666667,118.51515151515152,1389,1826,2041,1870,1619,1793
753,35,105.45,0.477542911332385,28,88.5,109.72727272727273,118.63636363636364,1390,1828,2043,1872,1619,1793
754,34,105.52,0.47765921152388174,28,88.52941176470588,109.78787878787878,118.75757575757575,1391,1830,2045,1874,1619,1793
755,36,105.59,0.4777753575149162,28,88.55882352941177,109.84848484848484,118.87878787878788,1392,1832,2047,1876,1619,1793
756,44,105.66,0.4778913496119629,28,88.58823529411765,109.9090909090909,119.0,1393,1834,2049,1878,1619,1793
757,37,105.73,0.47800718812068477,28,88.61764705882354,109.96969696969697,119.12121212121212,1394,1836,2051,1880,1619,1793
758,33,105.8,0.47812287334593573,28,88.6470588235294,110.03030303030303,119.24242424242425,1395,1838,2053,1882,1619,1793
759,35,105.87,0.47823840559176345,28,88.67647058823529,110.0909090909091,119.36363636363636,1396,1840,2055,1884,1619,1793
760,37,105.94,0.47835378516141214,28,88.70588235294117,110.15151515151516,119.48484848484848,1397,1842,2057,1886,1619,1793
761,34,106.0,0.4784283018867924,28,88.73529411764706,110.21212121212122,119.57575757575758,1398,1844,2058,1888,1619,1793
762,33,106.07,0.47854530027340436,28,88.76470588235294,110.27272727272727,119.6969696969697,1399,1846,2060,1890,1619,1793
763,32,106.14,0.47866591294516675,28,88.79411764705883,110.33333333333333,119.81818181818181,1400,1848,2062,1892,1619,1793
764,28,106.21,0.47878636663214386,28,88.82352941176471,110.39393939393939,119.93939393939394,1401,1850,2064,1894,1619,1793
765,32,106.29,0.4788117414620378,28,88.8529411764706,110.48484848484848,120.06060606060606,1402,1853,2066,1896,1619,1793
766,33,106.37,0.47884459904108306,28,88.88235294117646,110.57575757575758,120.18181818181819,1403,1856,2068,1898,1619,1793
767,26,106.44,0.4790022547914318,28,88.91176470588235,110.66666666666667,120.27272727272727,1404,1859,2070,1899,1619,1793
768,32,106.5,0.4792450704225352,28,88.94117647058823,110.72727272727273,120.36363636363636,1405,1861,2072,1900,1619,1793
769,37,106.57,0.4793647367927184,28,88.97058823529412,110.78787878787878,120.48484848484848,1406,1863,2074,1902,1619,1793
770,36,106.64,0.4794842460615154,28,89.0,110.84848484848484,120.60606060606061,1407,1865,2076,1904,1619,1793
771,40,106.72,0.4794752623688156,28,89.02941176470588,110.93939393939394,120.72727272727273,1408,1867,2078,1906,1619,1794
772,51,106.79,0.47959640415769267,28,89.05882352941177,111.0,120.84848484848484,1409,1869,2080,1908,1619,1794
773,43,106.87,0.4795948348460747,28,89.08823529411765,111.0909090909091,120.96969696969697,1410,1871,2082,1910,1619,1795
774,39,106.94,0.47971759865345054,28,89.11764705882354,111.15151515151516,121.0909090909091,1411,1873,2084,1912,1619,1795
775,38,107.01,0.47984020185029436,28,89.1470588235294,111.21212121212122,121.21212121212122,1412,1875,2086,1914,1619,1795
776,34,107.08,0.4799626447515876,28,89.17647058823529,111.27272727272727,121.33333333333333,1413,1877,2088,1916,1619,1795
777,39,107.15,0.4800849276714886,28,89.20588235294117,111.33333333333333,121.45454545454545,1414,1879,2090,1918,1619,1795
778,38,107.22,0.4802070509233352,28,89.23529411764706,111.39393939393939,121.57575757575758,1415,1881,2092,1920,1619,1795
779,40,107.29,0.48032901481964774,28,89.26470588235294,111.45454545454545,121.6969696969697,1416,1883,2094,1922,1619,1795
780,42,107.36,0.48045081967213116,28,89.29411764705883,111.51515151515152,121.81818181818181,1417,1885,2096,1924,1619,1795
781,41,107.43,0.48057246579167834,28,89.32352941176471,111.57575757575758,121.93939393939394,1418,1887,2098,1926,1619,1795
782,40,107.5,0.4806976744186046,28,89.3529411764706,111.63636363636364,122.06060606060606,1419,1889,2100,1928,1619,1795
783,39,107.57,0.4808245793436832,28,89.38235294117646,111.6969696969697,122.18181818181819,1420,1891,2102,1930,1619,1795
784,35,107.64,0.48095317725752507,28,89.41176470588235,111.75757575757575,122.3030303030303,1421,1893,2104,1932,1619,1795
785,36,107.72,0.4809617526921649,28,89.44117647058823,111.84848484848484,122.42424242424242,1422,1895,2106,1934,1619,1796
786,34,107.8,0.48097959183673467,28,89.47058823529412,111.93939393939394,122.54545454545455,1423,1897,2108,1936,1619,1797
787,29,107.88,0.48100111234705234,28,89.5,112.03030303030303,122.66666666666667,1424,1899,2110,1938,1619,1798
788,27,107.96,0.48103001111522786,28,89.52941176470588,112.12121212121212,122.78787878787878,1425,1901,2112,1940,1619,1799
789,30,108.02,0.4811460840585077,28,89.55882352941177,112.18181818181819,122.87878787878788,1426,1903,2114,1941,1619,1799
790,27,108.08,0.4811102886750555,28,89.58823529411765,112.27272727272727,122.93939393939394,1427,1905,2115,1942,1619,1800
791,27,108.14,0.48107823192158317,28,89.61764705882354,112.36363636363636,123.0,1428,1907,2116,1943,1619,1801
792,24,108.2,0.48104805914972276,28,89.6470588235294,112.45454545454545,123.06060606060606,1429,1909,2117,1944,1619,1802
793,27,108.26,0.4810234620358396,28,89.67647058823529,112.54545454545455,123.12121212121212,1430,1911,2118,1945,1619,1803
794,27,108.32,0.4809988921713442,28,89.70588235294117,112.63636363636364,123.18181818181819,1431,1913,2119,1946,1619,1804
795,24,108.38,0.4809743495109799,28,89.73529411764706,112.72727272727273,123.24242424242425,1432,1915,2120,1947,1619,1805
796,27,108.44,0.48095721136112135,28,89.76470588235294,112.81818181818181,123.3030303030303,1433,1917,2121,1948,1619,1806
797,30,108.5,0.480941935483871,28,89.79411764705883,112.9090909090909,123.36363636363636,1434,1919,2122,1949,1619,1807
798,27,108.56,0.4809303610906411,28,89.82352941176471,113.0,123.42424242424242,1435,1921,2123,1950,1619,1808
799,27,108.62,0.480924323329037,28,89.8529411764706,113.0909090909091,123.48484848484848,1436,1923,2124,1951,1619,1809
800,27,108.68,0.48092565329407433,28,89.88235294117646,113.18181818181819,123.54545454545455,1437,1925,2125,1952,1619,1810
801,24,108.74,0.48092882104101525,28,89.91176470588235,113.27272727272727,123.60606060606061,1438,1927,2126,1953,1619,1811
802,25,108.79,0.48097711186689956,28,89.94117647058823,113.36363636363636,123.63636363636364,1439,1929,2127,1953,1619,1812
803,26,108.84,0.4810271958838662,28,89.97058823529412,113.45454545454545,123.66666666666667,1440,1931,2128,1953,1619,1813
804,24,108.89,0.48107907062172833,28,90.0,113.54545454545455,123.6969696969697,1441,1933,2129,1953,1619,1814
805,25,108.94,0.48113456948779143,28,90.02941176470588,113.63636363636364,123.72727272727273,1442,1935,2130,1953,1619,1815
806,28,109.0,0.48123853211009177,28,90.05882352941177,113.72727272727273,123.78787878787878,1443,1937,2132,1953,1619,1816
807,28,109.06,0.4813460480469466,28,90.08823529411765,113.81818181818181,123.84848484848484,1444,1939,2134,1953,1619,1817
808,31,109.12,0.48146077712609975,28,90.11764705882354,113.9090909090909,123.9090909090909,1445,1941,2136,1953,1619,1818
809,37,109.18,0.4815772119435794,28,90.1470588235294,114.0,123.96969696969697,1446,1943,2138,1953,1619,1819
810,37,109.24,0.4817045038447455,28,90.17647058823529,114.0909090909091,124.03030303030303,1447,1945,2140,1953,1619,1820
811,37,109.3,0.4818334858188472,28,90.20588235294117,114.18181818181819,124.0909090909091,1448,1947,2142,1953,1619,1821
812,34,109.36,0.4819641550841258,28,90.23529411764706,114.27272727272727,124.15151515151516,1449,1949,2144,1953,1619,1822
813,30,109.43,0.4820058484876176,28,90.26470588235294,114.39393939393939,124.21212121212122,1450,1951,2146,1953,1619,1824
814,41,109.5,0.48204931506849313,28,90.29411764705883,114.51515151515152,124.27272727272727,1451,1953,2148,1953,1619,1826
815,37,109.57,0.48210367801405496,28,90.32352941176471,114.63636363636364,124.33333333333333,1452,1955,2150,1953,1619,1828
816,36,109.64,0.48216709230207955,28,90.3529411764706,114.75757575757575,124.39393939393939,1453,1957,2152,1953,1619,1830
817,41,109.71,0.4822340716434235,28,90.38235294117646,114.87878787878788,124.45454545454545,1454,1959,2154,1953,1619,1832
818,41,109.77,0.4823786098205338,28,90.41176470588235,114.96969696969697,124.51515151515152,1455,1961,2156,1953,1619,1833
819,38,109.83,0.4825284530638259,28,90.44117647058823,115.06060606060606,124.57575757575758,1456,1963,2158,1953,1619,1834
820,38,109.89,0.4826854126854127,28,90.47058823529412,115.15151515151516,124.63636363636364,1457,1965,2160,1953,1619,1835
821,40,109.96,0.48277373590396505,28,90.5,115.27272727272727,124.6969696969697,1458,1967,2162,1953,1619,1837
822,42,110.03,0.4828637644278833,28,90.52941176470588,115.39393939393939,124.75757575757575,1459,1969,2164,1953,1619,1839
823,43,110.11,0.48299427844882387,28,90.55882352941177,115.51515151515152,124.84848484848484,1460,1971,2166,1954,1619,1841
824,38,110.19,0.4831336781922135,28,90.58823529411765,115.63636363636364,124.93939393939394,1461,1973,2168,1955,1619,1843
825,42,110.27,0.48327650312868414,28,90.61764705882354,115.75757575757575,125.03030303030303,1462,1975,2170,1956,1619,1845
826,41,110.34,0.4833877107123437,28,90.6470588235294,115.87878787878788,125.0909090909091,1463,1977,2171,1957,1619,1847
827,39,110.42,0.4835464589748234,28,90.67647058823529,116.0,125.18181818181819,1464,1979,2173,1958,1619,1849
828,43,110.5,0.4837140271493212,28,90.70588235294117,116.12121212121212,125.27272727272727,1465,1981,2175,1959,1619,1851
829,42,110.57,0.48384462331554673,28,90.73529411764706,116.24242424242425,125.33333333333333,1466,1983,2176,1960,1619,1853
830,38,110.64,0.4839786695589299,28,90.76470588235294,116.36363636363636,125.39393939393939,1467,1985,2177,1961,1619,1855
831,48,110.72,0.4841600433526011,28,90.79411764705883,116.48484848484848,125.48484848484848,1468,1987,2179,1962,1619,1857
832,54,110.81,0.48426586048190595,28,90.82352941176471,116.63636363636364,125.57575757575758,1469,1990,2181,1963,1619,1859
833,58,110.92,0.4844157951676884,28,90.8529411764706,116.81818181818181,125.6969696969697,1470,1994,2184,1964,1619,1861
834,76,111.04,0.48454791066282416,28,90.88235294117646,117.0,125.84848484848484,1471,1998,2188,1965,1619,1863
835,70,111.16,0.4846833393306945,28,90.91176470588235,117.18181818181819,126.0,1472,2002,2192,1966,1619,1865
836,70,111.28,0.48482746225736884,28,90.94117647058823,117.36363636363636,126.15151515151516,1473,2006,2196,1967,1619,1867
837,76,111.4,0.48497486535008977,28,90.97058823529412,117.54545454545455,126.3030303030303,1474,2010,2200,1968,1619,1869
838,70,111.52,0.4851327116212339,28,91.0,117.72727272727273,126.45454545454545,1475,2014,2204,1969,1619,1871
839,67,111.64,0.4852955929774274,28,91.02941176470588,117.9090909090909,126.60606060606061,1476,2018,2208,1970,1619,1873
840,60,111.77,0.4854263219110674,28,91.08823529411765,118.0909090909091,126.75757575757575,1477,2022,2212,1971,1620,1875
841,63,111.89,0.4855331128787202,28,91.1470588235294,118.27272727272727,126.87878787878788,1478,2026,2215,1972,1621,1877
842,60,112.01,0.4856539594679047,28,91.20588235294117,118.45454545454545,127.0,1479,2030,2218,1973,1622,1879
843,63,112.13,0.4857798983322929,28,91.26470588235294,118.63636363636364,127.12121212121212,1480,2034,2221,1974,1623,1881
844,56,112.26,0.4857776590058792,28,91.3529411764706,118.81818181818181,127.24242424242425,1481,2038,2223,1976,1625,1883
845,53,112.38,0.48578038796938955,28,91.44117647058823,119.0,127.33333333333333,1482,2042,2225,1977,1627,1885
846,53,112.5,0.4857955555555556,28,91.52941176470588,119.18181818181819,127.42424242424242,1483,2046,2227,1978,1629,1887
847,55,112.63,0.48585368019177844,28,91.61764705882354,119.36363636363636,127.54545454545455,1484,2050,2230,1979,1631,1889
848,53,112.77,0.4858127161479117,28,91.73529411764706,119.54545454545455,127.66666666666667,1485,2054,2233,1980,1634,1891
849,54,112.91,0.485777167655655,28,91.8529411764706,119.72727272727273,127.78787878787878,1486,2058,2236,1981,1637,1893
850,57,113.03,0.48572148986994607,28,91.97058823529412,119.87878787878788,127.87878787878788,1487,2062,2238,1982,1640,1894
851,51,113.15,0.48560406539991163,28,92.11764705882354,120.0,127.96969696969697,1488,2065,2240,1983,1644,1895
852,46,113.26,0.48564718347165814,28,92.20588235294117,120.12121212121212,128.0909090909091,1489,2068,2243,1984,1646,1896
853,44,113.37,0.4856972744112199,28,92.29411764705883,120.24242424242425,128.21212121212122,1490,2071,2246,1985,1648,1897
854,39,113.48,0.4857596052167783,28,92.38235294117646,120.36363636363636,128.33333333333334,1491,2074,2249,1986,1650,1898
855,37,113.59,0.4857689937494498,28,92.5,120.48484848484848,128.42424242424244,1492,2077,2251,1987,1653,1899
856,28,113.71,0.4857875296807668,28,92.61764705882354,120.60606060606061,128.54545454545453,1493,2080,2254,1988,1656,1900
857,25,113.8,0.48591564147627414,28,92.67647058823529,120.6969696969697,128.66666666666666,1494,2082,2257,1989,1657,1901
858,26,113.88,0.48591851071303127,28,92.76470588235294,120.75757575757575,128.75757575757575,1495,2083,2259,1990,1659,1902
859,23,113.97,0.48601123102570853,28,92.8529411764706,120.84848484848484,128.84848484848484,1496,2085,2261,1991,1661,1903
860,19,114.04,0.48622763942476327,28,92.88235294117646,120.93939393939394,128.93939393939394,1497,2087,2263,1992,1661,1904
861,20,114.09,0.48637654483302656,28,92.88235294117646,121.03030303030303,129.0,1497,2089,2264,1993,1661,1905
862,19,114.13,0.48649347235608514,28,92.88235294117646,121.0909090909091,129.06060606060606,1497,2090,2265,1994,1661,1906
863,17,114.18,0.4866438956034332,28,92.88235294117646,121.18181818181819,129.12121212121212,1497,2092,2266,1995,1661,1907
864,19,114.22,0.4867571353528279,28,92.88235294117646,121.27272727272727,129.15151515151516,1497,2094,2266,1996,1661,1908
865,17,114.27,0.48690732475715415,28,92.88235294117646,121.36363636363636,129.21212121212122,1497,2096,2267,1997,1661,1909
866,12,114.32,0.4870591322603219,28,92.88235294117646,121.45454545454545,129.27272727272728,1497,2098,2268,1998,1661,1910
867,11,114.36,0.4871773347324239,28,92.88235294117646,121.51515151515152,129.33333333333334,1497,2099,2269,1999,1661,1911
868,16,114.4,0.4873006993006993,28,92.91176470588235,121.57575757575758,129.36363636363637,1498,2100,2269,2000,1661,1912
869,17,114.45,0.4874626474442988,28,92.94117647058823,121.63636363636364,129.42424242424244,1499,2101,2270,2001,1661,1913
870,20,114.51,0.48765784647629024,28,92.97058823529412,121.72727272727273,129.4848484848485,1500,2103,2271,2002,1661,1914
871,25,114.55,0.48780881711043217,28,93.0,121.75757575757575,129.54545454545453,1501,2104,2272,2003,1661,1914
872,22,114.61,0.48795131314893986,28,93.02941176470588,121.84848484848484,129.6060606060606,1502,2105,2273,2004,1661,1916
873,19,114.67,0.48809540420336617,28,93.05882352941177,121.93939393939394,129.66666666666666,1503,2106,2274,2005,1661,1918
874,13,114.73,0.4882393445480694,28,93.08823529411765,122.03030303030303,129.72727272727272,1504,2107,2275,2006,1661,1920
875,15,114.77,0.48830792018820246,28,93.08823529411765,122.0909090909091,129.78787878787878,1504,2107,2276,2007,1661,1922
876,18,114.83,0.4884533658451624,28,93.11764705882354,122.18181818181819,129.84848484848484,1505,2108,2277,2008,1661,1924
877,16,114.88,0.4885637186629526,28,93.1470588235294,122.27272727272727,129.87878787878788,1506,2109,2278,2008,1661,1926
878,11,114.93,0.48867397546332547,28,93.17647058823529,122.36363636363636,129.9090909090909,1507,2110,2279,2008,1661,1928
879,14,114.96,0.48870737647877527,28,93.17647058823529,122.42424242424242,129.93939393939394,1507,2110,2280,2008,1661,1930
880,10,115.0,0.48878608695652176,28,93.20588235294117,122.48484848484848,129.96969696969697,1508,2110,2281,2008,1661,1932
881,7,115.03,0.4888263931148396,28,93.23529411764706,122.54545454545455,129.96969696969697,1509,2110,2281,2008,1661,1934
882,4,115.06,0.48886841647835916,28,93.26470588235294,122.60606060606061,129.96969696969697,1510,2110,2281,2008,1661,1936
883,5,115.08,0.4888686131386861,28,93.26470588235294,122.66666666666667,129.96969696969697,1510,2110,2281,2008,1661,1938
884,3,115.1,0.4888705473501303,28,93.26470588235294,122.72727272727273,129.96969696969697,1510,2110,2281,2008,1661,1940
885,1,115.12,0.4888776928422516,28,93.26470588235294,122.78787878787878,129.96969696969697,1510,2110,2281,2008,1661,1942
886,3,115.13,0.48888995049074957,28,93.26470588235294,122.81818181818181,129.96969696969697,1510,2110,2281,2008,1661,1943
887,5,115.14,0.48890568004168844,28,93.26470588235294,122.84848484848484,129.96969696969697,1510,2111,2281,2008,1661,1943
888,6,115.16,0.48896318166029873,28,93.26470588235294,122.9090909090909,129.96969696969697,1510,2113,2281,2008,1661,1943
889,6,115.19,0.48905894608907025,28,93.26470588235294,122.96969696969697,130.0,1510,2115,2282,2008,1661,1943
890,6,115.22,0.4891546606491929,28,93.26470588235294,123.03030303030303,130.03030303030303,1510,2117,2283,2008,1661,1943
891,6,115.25,0.4892503253796095,28,93.26470588235294,123.0909090909091,130.06060606060606,1510,2119,2284,2008,1661,1943
892,6,115.28,0.48934594031922274,28,93.26470588235294,123.15151515151516,130.0909090909091,1510,2121,2285,2008,1661,1943
893,9,115.31,0.48941201977278637,28,93.26470588235294,123.21212121212122,130.12121212121212,1510,2122,2286,2008,1661,1944
894,9,115.34,0.48942604473729845,28,93.26470588235294,123.27272727272727,130.15151515151516,1510,2123,2286,2009,1661,1945
895,9,115.37,0.4894417959608217,28,93.26470588235294,123.33333333333333,130.1818181818182,1510,2124,2286,2010,1661,1946
896,5,115.41,0.4894991768477602,28,93.26470588235294,123.42424242424242,130.21212121212122,1510,2126,2286,2011,1661,1947
897,2,115.44,0.4895148995148995,28,93.26470588235294,123.48484848484848,130.24242424242425,1510,2127,2286,2012,1661,1948
898,6,115.46,0.4895149835440845,28,93.26470588235294,123.51515151515152,130.27272727272728,1510,2127,2286,2013,1661,1949
899,10,115.48,0.4895202632490474,28,93.26470588235294,123.54545454545455,130.3030303030303,1510,2128,2286,2014,1661,1949
900,9,115.52,0.4895810249307479,28,93.26470588235294,123.63636363636364,130.33333333333334,1510,2130,2286,2015,1661,1950
901,11,115.56,0.4896417445482866,28,93.26470588235294,123.72727272727273,130.36363636363637,1510,2132,2286,2016,1661,1951
902,7,115.6,0.4897024221453287,28,93.26470588235294,123.81818181818181,130.3939393939394,1510,2134,2286,2017,1661,1952
903,4,115.63,0.4897215255556517,28,93.26470588235294,123.87878787878788,130.42424242424244,1510,2135,2286,2018,1661,1953
904,2,115.65,0.4897233030696066,28,93.26470588235294,123.9090909090909,130.45454545454547,1510,2135,2286,2019,1661,1954
905,1,115.66,0.4897112225488501,28,93.26470588235294,123.9090909090909,130.4848484848485,1510,2135,2286,2020,1661,1954
906,0,115.67,0.4896991441168842,28,93.26470588235294,123.9090909090909,130.5151515151515,1510,2135,2286,2021,1661,1954
907,0,115.67,0.4896991441168842,28,93.26470588235294,123.9090909090909,130.5151515151515,1510,2135,2286,2021,1661,1954
908,0,115.67,0.4896991441168842,28,93.26470588235294,123.9090909090909,130.5151515151515,1510,2135,2286,2021,1661,1954
909,0,115.67,0.4896991441168842,28,93.26470588235294,123.9090909090909,130.5151515151515,1510,2135,2286,2021,1661,1954
910,0,115.67,0.4896991441168842,28,93.26470588235294,123.9090909090909,130.5151515151515,1510,2135,2286,2021,1661,1954
911,0,115.67,0.4896991441168842,28,93.26470588235294,123.9090909090909,130.5151515151515,1510,2135,2286,2021,1661,1954
912,0,115.67,0.4896991441168842,28,93.26470588235294,123.9090909090909,130.5151515151515,1510,2135,2286,2021,1661,1954
913,0,115.67,0.4896991441168842,28,93.26470588235294,123.9090909090909,130.5151515151515,1510,2135,2286,2021,1661,1954
914,3,115.67,0.4896991441168842,28,93.26470588235294,123.9090909090909,130.5151515151515,1510,2135,2286,2021,1661,1954
915,2,115.68,0.4897199170124481,28,93.26470588235294,123.9090909090909,130.54545454545453,1510,2135,2287,2021,1661,1954
916,4,115.69,0.48974068631688134,28,93.26470588235294,123.9090909090909,130.57575757575756,1510,2135,2288,2021,1661,1954
917,8,115.71,0.48977702877884366,28,93.29411764705883,123.9090909090909,130.6060606060606,1511,2135,2289,2021,1661,1954
918,11,115.74,0.48969587005356835,28,93.3529411764706,123.9090909090909,130.63636363636363,1513,2135,2290,2021,1661,1954
919,11,115.77,0.48961475339034294,28,93.41176470588235,123.9090909090909,130.66666666666666,1515,2135,2291,2021,1661,1954
920,11,115.8,0.48953540587219346,28,93.47058823529412,123.9090909090909,130.6969696969697,1517,2135,2292,2021,1661,1954
921,11,115.83,0.4894578261244928,28,93.52941176470588,123.9090909090909,130.72727272727272,1519,2135,2293,2021,1661,1954
922,14,115.86,0.4893802865527361,28,93.58823529411765,123.9090909090909,130.75757575757575,1521,2135,2294,2021,1661,1954
923,14,115.89,0.48930278712572267,28,93.6470588235294,123.9090909090909,130.78787878787878,1523,2135,2295,2021,1661,1954
924,14,115.92,0.48922532781228434,28,93.70588235294117,123.9090909090909,130.8181818181818,1525,2135,2296,2021,1661,1954
925,14,115.95,0.4891496334626994,28,93.76470588235294,123.9090909090909,130.84848484848484,1527,2135,2297,2021,1661,1954
926,14,115.98,0.48907570270736334,28,93.82352941176471,123.9090909090909,130.87878787878788,1529,2135,2298,2021,1661,1954
927,14,116.01,0.4890018101887768,28,93.88235294117646,123.9090909090909,130.9090909090909,1531,2135,2299,2021,1661,1954
928,14,116.04,0.4889279558772837,28,93.94117647058823,123.9090909090909,130.93939393939394,1533,2135,2300,2021,1661,1954
929,14,116.07,0.48885413974325836,28,94.0,123.9090909090909,130.96969696969697,1535,2135,2301,2021,1661,1954
930,14,116.1,0.48878036175710593,28,94.05882352941177,123.9090909090909,131.0,1537,2135,2302,2021,1661,1954
931,14,116.13,0.48870662188926206,28,94.11764705882354,123.9090909090909,131.03030303030303,1539,2135,2303,2021,1661,1954
932,14,116.16,0.4886329201101928,28,94.17647058823529,123.9090909090909,131.06060606060606,1541,2135,2304,2021,1661,1954
933,14,116.19,0.48855925639039505,28,94.23529411764706,123.9090909090909,131.0909090909091,1543,2135,2305,2021,1661,1954
934,14,116.22,0.4884856307003958,28,94.29411764705883,123.9090909090909,131.12121212121212,1545,2135,2306,2021,1661,1954
935,14,116.25,0.48841376344086024,28,94.3529411764706,123.9090909090909,131.15151515151516,1547,2135,2307,2021,1661,1954
936,14,116.28,0.488343653250774,28,94.41176470588235,123.9090909090909,131.1818181818182,1549,2135,2308,2021,1661,1954
937,14,116.31,0.48827529877052706,28,94.47058823529412,123.9090909090909,131.21212121212122,1551,2135,2309,2021,1661,1954
938,14,116.34,0.4882104177411037,28,94.52941176470588,123.9090909090909,131.24242424242425,1553,2135,2310,2021,1661,1954
939,14,116.37,0.48815072613216465,28,94.58823529411765,123.9090909090909,131.27272727272728,1555,2135,2311,2021,1661,1954
940,14,116.4,0.48809621993127145,28,94.6470588235294,123.9090909090909,131.3030303030303,1557,2135,2312,2021,1661,1954
941,14,116.43,0.48804689513012106,28,94.70588235294117,123.9090909090909,131.33333333333334,1559,2135,2313,2021,1661,1954
942,17,116.46,0.48799931306886485,28,94.76470588235294,123.9090909090909,131.36363636363637,1561,2135,2314,2021,1661,1954
943,19,116.5,0.4879708154506438,28,94.8529411764706,123.9090909090909,131.3939393939394,1564,2135,2315,2021,1661,1954
944,20,116.55,0.48795967395967393,28,94.94117647058823,123.93939393939394,131.42424242424244,1567,2136,2316,2021,1661,1954
945,20,116.61,0.4879178458108224,28,95.05882352941177,123.96969696969697,131.45454545454547,1571,2137,2317,2021,1661,1954
946,20,116.67,0.4878794891574526,28,95.17647058823529,124.0,131.4848484848485,1575,2138,2318,2021,1661,1954
947,20,116.73,0.4878445986464491,28,95.29411764705883,124.03030303030303,131.5151515151515,1579,2139,2319,2021,1661,1954
948,20,116.79,0.48781145646031343,28,95.41176470588235,124.06060606060606,131.54545454545453,1583,2140,2320,2021,1661,1954
949,20,116.85,0.4877886178861789,28,95.52941176470588,124.0909090909091,131.57575757575756,1587,2141,2321,2021,1661,1954
950,20,116.91,0.48776922418954755,28,95.6470588235294,124.12121212121212,131.6060606060606,1591,2142,2322,2021,1661,1954
951,20,116.97,0.4877566897495084,28,95.76470588235294,124.15151515151516,131.63636363636363,1595,2143,2323,2021,1661,1954
952,20,117.03,0.4877492950525506,28,95.88235294117646,124.18181818181819,131.66666666666666,1599,2144,2324,2021,1661,1954
953,20,117.09,0.48774874028525067,28,96.0,124.21212121212122,131.6969696969697,1603,2145,2325,2021,1661,1954
954,23,117.15,0.4877550149381136,28,96.11764705882354,124.24242424242425,131.72727272727272,1607,2146,2326,2021,1661,1954
955,25,117.22,0.48774782460331,28,96.26470588235294,124.27272727272727,131.75757575757575,1612,2147,2327,2021,1661,1954
956,22,117.31,0.48768647174153945,28,96.41176470588235,124.3030303030303,131.84848484848484,1617,2148,2329,2022,1661,1954
957,19,117.4,0.4876286201022147,28,96.55882352941177,124.33333333333333,131.93939393939394,1622,2149,2331,2023,1661,1954
958,17,117.48,0.48749063670411985,28,96.67647058823529,124.36363636363636,132.03030303030303,1626,2149,2333,2024,1661,1955
959,19,117.55,0.48732199064227993,28,96.76470588235294,124.42424242424242,132.0909090909091,1629,2150,2334,2025,1661,1956
960,25,117.61,0.48718901453957997,28,96.79411764705883,124.51515151515152,132.15151515151516,1630,2152,2335,2026,1661,1957
961,22,117.7,0.4869073916737468,28,96.8529411764706,124.60606060606061,132.27272727272728,1632,2154,2337,2028,1661,1958
962,18,117.8,0.4866570458404075,28,96.94117647058823,124.6969696969697,132.3939393939394,1635,2156,2339,2030,1661,1959
963,26,117.9,0.4864189991518236,28,97.02941176470588,124.78787878787878,132.5151515151515,1638,2158,2341,2032,1661,1960
964,31,118.0,0.4863627118644068,28,97.11764705882354,124.87878787878788,132.63636363636363,1641,2160,2344,2033,1661,1961
965,35,118.08,0.4862771002710027,28,97.20588235294117,124.9090909090909,132.75757575757575,1644,2161,2347,2034,1661,1961
966,39,118.16,0.4862034529451591,28,97.29411764705883,124.93939393939394,132.87878787878788,1647,2162,2350,2035,1661,1961
967,39,118.25,0.4861623678646934,28,97.38235294117646,124.96969696969697,133.03030303030303,1650,2163,2353,2037,1661,1961
968,44,118.35,0.4861605407689058,28,97.47058823529412,125.03030303030303,133.1818181818182,1653,2165,2356,2039,1661,1961
969,48,118.46,0.4861539760256627,28,97.58823529411765,125.0909090909091,133.33333333333334,1657,2167,2359,2041,1661,1961
970,48,118.58,0.4861038961038961,28,97.70588235294117,125.18181818181819,133.4848484848485,1661,2169,2362,2043,1661,1962
971,45,118.7,0.4860606571187869,28,97.82352941176471,125.27272727272727,133.63636363636363,1665,2171,2365,2045,1661,1963
972,46,118.81,0.48599696995202424,28,97.94117647058823,125.33333333333333,133.78787878787878,1669,2172,2368,2047,1661,1964
973,39,118.91,0.48595156000336387,28,98.02941176470588,125.39393939393939,133.93939393939394,1672,2173,2371,2049,1661,1965
974,36,119.0,0.4859529411764706,28,98.11764705882354,125.42424242424242,134.0909090909091,1675,2174,2374,2051,1661,1965
975,30,119.09,0.48590561760013434,28,98.17647058823529,125.48484848484848,134.24242424242425,1677,2175,2377,2053,1661,1966
976,27,119.18,0.48586675616714214,28,98.23529411764706,125.54545454545455,134.3939393939394,1679,2176,2380,2055,1661,1967
977,27,119.27,0.48586652133814034,28,98.32352941176471,125.60606060606061,134.5151515151515,1682,2177,2382,2057,1661,1968
978,30,119.36,0.4858729892761394,28,98.41176470588235,125.66666666666667,134.63636363636363,1685,2178,2384,2059,1661,1969
979,36,119.45,0.485886144830473,28,98.5,125.72727272727273,134.75757575757575,1688,2179,2386,2061,1661,1970
980,37,119.53,0.48590897682590145,28,98.55882352941177,125.78787878787878,134.87878787878788,1690,2180,2388,2063,1661,1971
981,36,119.6,0.48592976588628767,28,98.61764705882354,125.81818181818181,135.0,1692,2180,2390,2065,1661,1972
982,32,119.67,0.48595387315116567,28,98.67647058823529,125.84848484848484,135.12121212121212,1694,2180,2392,2067,1661,1973
983,37,119.74,0.4859846333723067,28,98.73529411764706,125.87878787878788,135.24242424242425,1696,2180,2394,2069,1661,1974
984,39,119.81,0.4860153576496119,28,98.79411764705883,125.9090909090909,135.36363636363637,1698,2180,2396,2071,1661,1975
985,39,119.87,0.48608742804705096,28,98.8529411764706,125.9090909090909,135.4848484848485,1700,2180,2398,2073,1661,1975
986,39,119.93,0.486159426332027,28,98.91176470588235,125.9090909090909,135.6060606060606,1702,2180,2400,2075,1661,1975
987,39,119.99,0.4862330194182849,28,98.97058823529412,125.9090909090909,135.72727272727272,1704,2180,2402,2077,1661,1975
988,36,120.05,0.4863082049146189,28,99.02941176470588,125.9090909090909,135.84848484848484,1706,2180,2404,2079,1661,1975
989,39,120.11,0.4863849804346016,28,99.08823529411765,125.9090909090909,135.96969696969697,1708,2180,2406,2081,1661,1975
990,42,120.17,0.48646500790546726,28,99.1470588235294,125.9090909090909,136.0909090909091,1710,2180,2408,2083,1661,1975
991,41,120.24,0.48646373918829006,28,99.23529411764706,125.9090909090909,136.21212121212122,1712,2180,2410,2085,1662,1975
992,37,120.31,0.4864657966918793,28,99.32352941176471,125.9090909090909,136.33333333333334,1714,2180,2412,2087,1663,1975
993,36,120.38,0.48646951320817416,28,99.41176470588235,125.9090909090909,136.45454545454547,1716,2180,2414,2089,1664,1975
994,37,120.46,0.4864569151585589,28,99.52941176470588,125.9090909090909,136.57575757575756,1719,2180,2416,2091,1665,1975
995,35,120.54,0.48644599303135894,28,99.6470588235294,125.9090909090909,136.6969696969697,1722,2180,2418,2093,1666,1975
996,33,120.62,0.4864367434919582,28,99.76470588235294,125.9090909090909,136.8181818181818,1725,2180,2420,2095,1667,1975
997,28,120.7,0.48643579121789565,28,99.88235294117646,125.9090909090909,136.93939393939394,1728,2180,2422,2097,1668,1975
998,31,120.76,0.4864309373964889,28,99.97058823529412,125.9090909090909,137.03030303030303,1730,2180,2423,2099,1669,1975
999,35,120.84,0.4864581264481959,28,100.05882352941177,125.93939393939394,137.15151515151516,1732,2181,2425,2101,1670,1975
1000,32,120.93,0.48642768543785664,28,100.1470588235294,125.96969696969697,137.3030303030303,1734,2182,2428,2103,1671,1975
