,TotalSugar,AvgSugarLevel,SugarGini,NumCooperators,RiskAverseAvgSugar,NeutralAvgSugar,RiskSeekingAvgSugar,RiskAverseCoopSugar,NeutralCoopSugar,RiskSeekingCoopSugar,RiskSeekingNonCoopSugar,RiskAverseNonCoopSugar,NeutralNonCoopSugar
0,4622,0.0,0.0,28,0.0,0.0,0.0,0,0,0,0,0,0
1,4540,0.82,0.18,28,0.7941176470588235,0.7878787878787878,0.8787878787878788,10,6,6,23,17,20
2,4458,1.64,0.18,28,1.588235294117647,1.5757575757575757,1.7575757575757576,20,12,12,46,34,40
3,4376,2.46,0.18,28,2.3823529411764706,2.3636363636363638,2.6363636363636362,30,18,18,69,51,60
4,4293,3.29,0.1774772036474164,28,3.176470588235294,3.1818181818181817,3.515151515151515,40,24,24,92,68,81
5,4210,4.12,0.1759708737864078,28,3.9705882352941178,4.0,4.393939393939394,50,30,30,115,85,102
6,4127,4.95,0.174969696969697,28,4.764705882352941,4.818181818181818,5.2727272727272725,60,36,36,138,102,123
7,4045,5.77,0.1756499133448874,28,5.5588235294117645,5.636363636363637,6.121212121212121,70,42,42,160,119,144
8,3963,6.59,0.1761911987860394,28,6.352941176470588,6.424242424242424,7.0,80,48,48,183,136,164
9,3881,7.41,0.17661268556005397,28,7.147058823529412,7.212121212121212,7.878787878787879,90,54,54,206,153,184
10,3799,8.23,0.17695018226002432,28,7.9411764705882355,8.0,8.757575757575758,100,60,60,229,170,204
11,3719,9.03,0.17894795127353263,28,8.705882352941176,8.787878787878787,9.606060606060606,109,66,66,251,187,224
12,3638,9.84,0.17985772357723576,28,9.470588235294118,9.575757575757576,10.484848484848484,118,72,72,274,204,244
13,3557,10.65,0.18062910798122062,28,10.235294117647058,10.363636363636363,11.363636363636363,127,78,78,297,221,264
14,3475,11.47,0.1805492589363557,28,11.0,11.181818181818182,12.242424242424242,136,84,84,320,238,285
15,3392,12.3,0.1797723577235773,28,11.764705882352942,12.0,13.151515151515152,145,90,90,344,255,306
16,3309,13.13,0.17909367859862912,28,12.529411764705882,12.818181818181818,14.06060606060606,154,96,96,368,272,327
17,3226,13.96,0.1784957020057307,28,13.294117647058824,13.636363636363637,14.969696969696969,163,102,102,392,289,348
18,3146,14.79,0.17797836375929676,28,14.058823529411764,14.454545454545455,15.878787878787879,172,108,108,416,306,369
19,3063,15.62,0.17743918053777208,28,14.823529411764707,15.272727272727273,16.78787878787879,181,114,115,439,323,390
20,2980,16.45,0.17697872340425533,28,15.588235294117647,16.09090909090909,17.696969696969695,190,120,122,462,340,411
21,2896,17.29,0.17610757663389237,28,16.352941176470587,16.90909090909091,18.636363636363637,199,126,129,486,357,432
22,2812,18.13,0.17531715388858246,28,17.11764705882353,17.727272727272727,19.575757575757574,208,132,136,510,374,453
23,2731,18.97,0.17460727464417503,28,17.88235294117647,18.545454545454547,20.515151515151516,217,138,143,534,391,474
24,2650,19.81,0.1739676930843008,28,18.647058823529413,19.363636363636363,21.454545454545453,226,144,150,558,408,495
25,2572,20.65,0.1733898305084746,28,19.41176470588235,20.181818181818183,22.393939393939394,235,150,157,582,425,516
26,2491,21.49,0.17285714285714293,28,20.176470588235293,21.0,23.333333333333332,244,156,164,606,442,537
27,2410,22.33,0.17236453201970448,28,20.941176470588236,21.818181818181817,24.272727272727273,253,162,171,630,459,558
28,2329,23.17,0.17190763918860597,28,21.705882352941178,22.636363636363637,25.21212121212121,262,168,178,654,476,579
29,2248,24.01,0.17149104539775095,28,22.470588235294116,23.454545454545453,26.151515151515152,271,174,185,678,493,600
30,2167,24.85,0.17110261569416493,28,23.235294117647058,24.272727272727273,27.09090909090909,280,180,192,702,510,621
31,2087,25.68,0.1710514018691589,28,24.0,25.060606060606062,28.03030303030303,289,186,199,726,527,641
32,2006,26.52,0.17067873303167416,28,24.764705882352942,25.87878787878788,28.96969696969697,298,192,206,750,544,662
33,1927,27.34,0.17087051938551567,28,25.529411764705884,26.696969696969695,29.848484848484848,307,198,212,773,561,683
34,1845,28.16,0.17087357954545454,28,26.323529411764707,27.575757575757574,30.636363636363637,317,205,217,794,578,705
35,1767,28.97,0.1712357611322058,28,27.08823529411765,28.454545454545453,31.424242424242426,326,212,220,817,595,727
36,1689,29.78,0.17157824042981873,28,27.852941176470587,29.333333333333332,32.21212121212121,335,219,224,839,612,749
37,1609,30.61,0.17143743874550793,28,28.61764705882353,30.21212121212121,33.06060606060606,344,226,230,861,629,771
38,1528,31.45,0.1710747217806042,28,29.38235294117647,31.060606060606062,33.96969696969697,353,233,237,884,646,792
39,1447,32.29,0.17072468256426135,28,30.147058823529413,31.939393939393938,34.84848484848485,362,240,243,907,663,814
40,1371,33.11,0.1707610993657505,28,30.852941176470587,32.81818181818182,35.72727272727273,371,247,249,930,678,836
41,1298,33.93,0.17084291187739467,28,31.558823529411764,33.696969696969695,36.60606060606061,380,254,255,953,693,858
42,1223,34.74,0.17108808290155436,28,32.294117647058826,34.54545454545455,37.45454545454545,389,261,260,976,709,879
43,1157,35.52,0.1716272522522523,28,32.970588235294116,35.39393939393939,38.27272727272727,397,268,266,997,724,900
44,1083,36.29,0.17239735464315245,28,33.64705882352941,36.18181818181818,39.121212121212125,405,274,272,1019,739,920
45,1011,37.04,0.17350971922246217,28,34.294117647058826,36.93939393939394,39.96969696969697,413,280,278,1041,753,939
46,943,37.78,0.17463208046585493,28,34.88235294117647,37.696969696969695,40.84848484848485,421,286,284,1064,765,958
47,875,38.49,0.1759859703819174,28,35.470588235294116,38.42424242424242,41.666666666666664,429,292,290,1085,777,976
48,807,39.2,0.17732653061224496,28,36.11764705882353,39.121212121212125,42.45454545454545,437,298,295,1106,791,993
49,743,39.9,0.17867167919799498,28,36.73529411764706,39.81818181818182,43.24242424242424,444,304,301,1126,805,1010
50,681,40.55,0.1803329223181258,28,37.294117647058826,40.515151515151516,43.93939393939394,451,310,307,1143,817,1027
51,620,41.22,0.18176613294517224,28,37.911764705882355,41.21212121212121,44.63636363636363,459,316,314,1159,830,1044
52,564,41.87,0.1832600907571053,28,38.470588235294116,41.878787878787875,45.36363636363637,466,322,321,1176,842,1060
53,514,42.43,0.1857435776573179,28,38.970588235294116,42.45454545454545,45.96969696969697,472,328,325,1192,853,1073
54,465,42.98,0.18807352256863652,28,39.44117647058823,43.0,46.60606060606061,477,334,330,1208,864,1085
55,429,43.46,0.19045559134836637,28,39.88235294117647,43.515151515151516,47.09090909090909,483,339,336,1218,873,1097
56,407,43.8,0.19296803652968036,28,40.23529411764706,43.78787878787879,47.484848484848484,488,342,339,1228,880,1103
57,379,44.2,0.19513122171945696,28,40.55882352941177,44.09090909090909,48.06060606060606,492,346,344,1242,887,1109
58,359,44.55,0.19735802469135805,28,40.85294117647059,44.36363636363637,48.54545454545455,496,350,349,1253,893,1114
59,330,44.87,0.200002228660575,28,41.1764705882353,44.57575757575758,48.96969696969697,501,353,353,1263,899,1118
60,302,45.18,0.202514386896857,28,41.470588235294116,44.84848484848485,49.333333333333336,505,357,357,1271,905,1123
61,286,45.46,0.20485261768587776,28,41.705882352941174,45.121212121212125,49.666666666666664,509,361,360,1279,909,1128
62,272,45.72,0.20680227471566057,28,41.94117647058823,45.42424242424242,49.90909090909091,512,366,364,1283,914,1133
63,256,46.0,0.20904782608695655,28,42.1764705882353,45.72727272727273,50.21212121212121,515,370,367,1290,919,1139
64,244,46.27,0.2111022260644046,28,42.411764705882355,46.03030303030303,50.484848484848484,518,374,370,1296,924,1145
65,227,46.53,0.2130732860520095,28,42.61764705882353,46.303030303030305,50.78787878787879,521,378,373,1303,928,1150
66,218,46.74,0.2152588789045785,28,42.76470588235294,46.484848484848484,51.09090909090909,524,381,376,1310,930,1153
67,202,46.93,0.2175431493714042,28,42.911764705882355,46.63636363636363,51.36363636363637,527,383,379,1316,932,1156
68,196,47.14,0.21957573186253712,28,43.05882352941177,46.84848484848485,51.63636363636363,530,386,382,1322,934,1160
69,184,47.38,0.2212663571127058,28,43.23529411764706,47.09090909090909,51.93939393939394,534,389,385,1329,936,1165
70,178,47.62,0.22321713565728685,28,43.411764705882355,47.303030303030305,52.27272727272727,538,391,388,1337,938,1170
71,176,47.85,0.2252100313479623,28,43.588235294117645,47.484848484848484,52.60606060606061,542,393,391,1345,940,1174
72,177,48.05,0.22689073881373573,28,43.76470588235294,47.60606060606061,52.90909090909091,546,395,395,1351,942,1176
73,161,48.24,0.22821310116086238,28,43.911764705882355,47.78787878787879,53.15151515151515,550,398,399,1355,943,1179
74,163,48.4,0.22982231404958683,28,44.05882352941177,47.93939393939394,53.333333333333336,554,400,402,1358,944,1182
75,158,48.6,0.2311028806584362,28,44.205882352941174,48.15151515151515,53.57575757575758,558,404,405,1363,945,1185
76,147,48.8,0.23228278688524598,28,44.35294117647059,48.39393939393939,53.78787878787879,562,407,409,1366,946,1190
77,130,49.0,0.2334204081632653,28,44.529411764705884,48.60606060606061,54.0,566,410,412,1370,948,1194
78,132,49.19,0.2344887172189469,28,44.705882352941174,48.81818181818182,54.18181818181818,570,413,415,1373,950,1198
79,121,49.36,0.23558752025931923,28,44.85294117647059,49.0,54.36363636363637,574,416,417,1377,951,1201
80,111,49.52,0.23691841680129244,28,45.0,49.18181818181818,54.515151515151516,578,418,419,1380,952,1205
81,114,49.67,0.23828266559291322,28,45.14705882352941,49.333333333333336,54.666666666666664,582,420,422,1382,953,1208
82,105,49.82,0.2397069450020072,28,45.26470588235294,49.515151515151516,54.81818181818182,586,422,425,1384,953,1212
83,95,49.98,0.24148459383753504,28,45.38235294117647,49.696969696969695,55.0,590,424,428,1387,953,1216
84,100,50.11,0.2429834364398323,28,45.5,49.84848484848485,55.121212121212125,594,426,430,1389,953,1219
85,104,50.25,0.24442786069651745,28,45.61764705882353,49.96969696969697,55.303030303030305,598,428,433,1392,953,1221
86,110,50.4,0.24591666666666667,28,45.76470588235294,50.121212121212125,55.45454545454545,602,431,436,1394,954,1223
87,104,50.55,0.24742037586547966,28,45.88235294117647,50.303030303030305,55.60606060606061,606,434,439,1396,954,1226
88,98,50.7,0.24895463510848131,28,46.0,50.484848484848484,55.75757575757576,610,437,442,1398,954,1229
89,90,50.84,0.2504445318646735,28,46.11764705882353,50.63636363636363,55.90909090909091,614,439,445,1400,954,1232
90,84,50.99,0.25193371249264557,28,46.23529411764706,50.78787878787879,56.09090909090909,618,441,448,1403,954,1235
91,93,51.11,0.2533222461357856,28,46.35294117647059,50.90909090909091,56.21212121212121,622,443,450,1405,954,1237
92,92,51.24,0.2548243559718969,28,46.470588235294116,51.03030303030303,56.36363636363637,626,445,453,1407,954,1239
93,83,51.39,0.25596614127262113,28,46.61764705882353,51.15151515151515,56.54545454545455,630,447,457,1409,955,1241
94,81,51.53,0.2569939840869397,28,46.76470588235294,51.24242424242424,56.72727272727273,634,449,461,1411,956,1242
95,77,51.66,0.2579094076655052,28,46.911764705882355,51.333333333333336,56.878787878787875,638,451,464,1413,957,1243
96,69,51.8,0.25895752895752894,28,47.05882352941177,51.42424242424242,57.06060606060606,642,453,468,1415,958,1244
97,70,51.94,0.2600192529842126,28,47.205882352941174,51.515151515151516,57.24242424242424,646,455,472,1417,959,1245
98,66,52.07,0.2612579220280392,28,47.35294117647059,51.60606060606061,57.39393939393939,650,457,475,1419,960,1246
99,72,52.19,0.2623970109216324,28,47.5,51.696969696969695,57.515151515151516,654,459,477,1421,961,1247
100,71,52.32,0.2636506116207951,28,47.64705882352941,51.78787878787879,57.666666666666664,658,461,480,1423,962,1248
101,66,52.46,0.26471216164696915,28,47.8235294117647,51.878787878787875,57.81818181818182,662,463,483,1425,964,1249
102,63,52.58,0.2658729554963864,28,47.970588235294116,51.96969696969697,57.93939393939394,666,465,486,1426,965,1250
103,64,52.69,0.2669405959385082,28,48.11764705882353,52.06060606060606,58.03030303030303,670,467,488,1427,966,1251
104,64,52.81,0.2680041658776747,28,48.26470588235294,52.15151515151515,58.15151515151515,674,469,491,1428,967,1252
105,61,52.93,0.2691989419988664,28,48.411764705882355,52.24242424242424,58.27272727272727,678,471,494,1429,968,1253
106,64,53.05,0.2704184731385486,28,48.55882352941177,52.333333333333336,58.39393939393939,682,473,497,1430,969,1254
107,71,53.16,0.2714221218961626,28,48.6764705882353,52.42424242424242,58.515151515151516,686,475,500,1431,969,1255
108,73,53.29,0.2725258022142991,28,48.794117647058826,52.515151515151516,58.696969696969695,690,477,504,1433,969,1256
109,78,53.42,0.27361662298764516,28,48.94117647058823,52.60606060606061,58.84848484848485,694,479,508,1434,970,1257
110,77,53.55,0.2747208216619981,28,49.088235294117645,52.696969696969695,59.0,698,481,512,1435,971,1258
111,74,53.67,0.27573132103596054,28,49.23529411764706,52.78787878787879,59.121212121212125,702,483,515,1436,972,1259
112,83,53.79,0.27674846625766875,28,49.38235294117647,52.878787878787875,59.24242424242424,706,485,518,1437,973,1260
113,76,53.92,0.2778857566765579,28,49.529411764705884,52.96969696969697,59.39393939393939,710,487,521,1439,974,1261
114,68,54.06,0.27884572697003335,28,49.705882352941174,53.06060606060606,59.54545454545455,714,489,524,1441,976,1262
115,60,54.2,0.279830258302583,28,49.88235294117647,53.15151515151515,59.696969696969695,718,491,527,1443,978,1263
116,58,54.34,0.2808244387191756,28,50.05882352941177,53.24242424242424,59.84848484848485,722,493,530,1445,980,1264
117,57,54.44,0.28188831741366643,28,50.205882352941174,53.303030303030305,59.93939393939394,726,495,532,1446,981,1264
118,61,54.55,0.2828982584784602,28,50.35294117647059,53.36363636363637,60.06060606060606,730,497,535,1447,982,1264
119,65,54.66,0.28393340651298943,28,50.5,53.42424242424242,60.18181818181818,734,499,538,1448,983,1264
120,66,54.77,0.28498630637210154,28,50.64705882352941,53.484848484848484,60.303030303030305,738,501,541,1449,984,1264
121,70,54.88,0.286045918367347,28,50.794117647058826,53.54545454545455,60.42424242424242,742,503,544,1450,985,1264
122,65,54.99,0.28710856519367156,28,50.94117647058823,53.60606060606061,60.54545454545455,746,505,547,1451,986,1264
123,78,55.1,0.2881887477313974,28,51.088235294117645,53.666666666666664,60.666666666666664,750,507,550,1452,987,1264
124,76,55.21,0.2892754935700054,28,51.23529411764706,53.72727272727273,60.78787878787879,754,509,553,1453,988,1264
125,71,55.32,0.29036514822848886,28,51.38235294117647,53.78787878787879,60.90909090909091,758,511,556,1454,989,1264
126,68,55.44,0.29128427128427137,28,51.529411764705884,53.84848484848485,61.06060606060606,762,513,560,1455,990,1264
127,74,55.56,0.29224262059035283,28,51.6764705882353,53.90909090909091,61.21212121212121,766,515,563,1457,991,1264
128,74,55.68,0.2932112068965517,28,51.8235294117647,53.96969696969697,61.36363636363637,770,517,566,1459,992,1264
129,71,55.8,0.29418279569892475,28,51.970588235294116,54.03030303030303,61.515151515151516,774,519,569,1461,993,1264
130,68,55.92,0.2951645207439199,28,52.11764705882353,54.09090909090909,61.666666666666664,778,521,572,1463,994,1264
131,68,56.04,0.29615988579586017,28,52.26470588235294,54.15151515151515,61.81818181818182,782,523,575,1465,995,1264
132,62,56.16,0.2971688034188034,28,52.411764705882355,54.21212121212121,61.96969696969697,786,525,578,1467,996,1264
133,65,56.28,0.2981982942430703,28,52.55882352941177,54.27272727272727,62.121212121212125,790,527,581,1469,997,1264
134,74,56.4,0.2992446808510638,28,52.705882352941174,54.333333333333336,62.27272727272727,794,529,584,1471,998,1264
135,68,56.52,0.300307855626327,28,52.85294117647059,54.39393939393939,62.42424242424242,798,531,587,1473,999,1264
136,65,56.64,0.3013841807909604,28,53.0,54.45454545454545,62.57575757575758,802,533,590,1475,1000,1264
137,65,56.76,0.3024665257223397,28,53.14705882352941,54.515151515151516,62.72727272727273,806,535,593,1477,1001,1264
138,62,56.88,0.30355133614627294,28,53.294117647058826,54.57575757575758,62.878787878787875,810,537,596,1479,1002,1264
139,59,57.0,0.30464912280701756,28,53.44117647058823,54.63636363636363,63.03030303030303,814,539,599,1481,1003,1264
140,55,57.13,0.30577104848590936,28,53.61764705882353,54.696969696969695,63.18181818181818,818,541,602,1483,1005,1264
141,56,57.24,0.3067819706498952,28,53.73529411764706,54.75757575757576,63.333333333333336,821,543,605,1485,1006,1264
142,56,57.36,0.30763598326359826,28,53.85294117647059,54.81818181818182,63.515151515151516,824,545,608,1488,1007,1264
143,54,57.47,0.30866017052375155,28,53.970588235294116,54.878787878787875,63.666666666666664,827,547,611,1490,1008,1264
144,57,57.59,0.309548532731377,28,54.11764705882353,54.93939393939394,63.81818181818182,830,549,614,1492,1010,1264
145,71,57.72,0.3105128205128206,28,54.26470588235294,55.0,64.0,833,551,617,1495,1012,1264
146,71,57.84,0.3113969571230982,28,54.411764705882355,55.06060606060606,64.15151515151516,836,553,620,1497,1014,1264
147,70,57.97,0.31237709159910293,28,54.55882352941177,55.121212121212125,64.33333333333333,839,555,623,1500,1016,1264
148,68,58.08,0.3131921487603306,28,54.6764705882353,55.18181818181818,64.48484848484848,842,557,626,1502,1017,1264
149,65,58.2,0.3140927835051546,28,54.8235294117647,55.24242424242424,64.63636363636364,845,559,629,1504,1019,1264
150,62,58.32,0.3150068587105625,28,54.970588235294116,55.303030303030305,64.78787878787878,848,561,632,1506,1021,1264
151,56,58.44,0.315927446954141,28,55.11764705882353,55.36363636363637,64.93939393939394,851,563,635,1508,1023,1264
152,58,58.54,0.31686026648445503,28,55.23529411764706,55.42424242424242,65.06060606060606,854,565,637,1510,1024,1264
153,62,58.65,0.3177271952259164,28,55.38235294117647,55.484848484848484,65.18181818181819,857,567,639,1512,1026,1264
154,66,58.76,0.3186147038801906,28,55.529411764705884,55.54545454545455,65.3030303030303,860,569,641,1514,1028,1264
155,62,58.89,0.31938699269825094,28,55.705882352941174,55.60606060606061,65.45454545454545,863,571,644,1516,1031,1264
156,59,59.01,0.3200762582613116,28,55.88235294117647,55.666666666666664,65.57575757575758,866,573,646,1518,1034,1264
157,66,59.12,0.32096075778078487,28,56.029411764705884,55.72727272727273,65.6969696969697,869,575,648,1520,1036,1264
158,62,59.25,0.3217569620253164,28,56.1764705882353,55.78787878787879,65.87878787878788,872,577,652,1522,1038,1264
159,61,59.38,0.3225766251263052,28,56.3235294117647,55.84848484848485,66.06060606060606,875,579,656,1524,1040,1264
160,66,59.51,0.32340615022685254,28,56.470588235294116,55.90909090909091,66.24242424242425,878,581,660,1526,1042,1264
161,74,59.64,0.3244802146210597,28,56.61764705882353,55.96969696969697,66.42424242424242,881,583,663,1529,1044,1264
162,79,59.77,0.3255596453070102,28,56.76470588235294,56.03030303030303,66.60606060606061,884,585,666,1532,1046,1264
163,78,59.9,0.3266377295492488,28,56.911764705882355,56.09090909090909,66.78787878787878,887,587,669,1535,1048,1264
164,73,60.04,0.327794803464357,28,57.088235294117645,56.15151515151515,66.96969696969697,891,589,672,1538,1050,1264
165,68,60.18,0.32895314057826525,28,57.26470588235294,56.21212121212121,67.15151515151516,895,591,675,1541,1052,1264
166,75,60.32,0.330106100795756,28,57.44117647058823,56.27272727272727,67.33333333333333,899,593,678,1544,1054,1264
167,73,60.46,0.3312537214687397,28,57.61764705882353,56.333333333333336,67.51515151515152,903,595,681,1547,1056,1264
168,79,60.61,0.33242864213826095,28,57.794117647058826,56.39393939393939,67.72727272727273,907,597,684,1551,1058,1264
169,76,60.76,0.33359776168531924,28,57.970588235294116,56.45454545454545,67.93939393939394,911,599,687,1555,1060,1264
170,70,60.91,0.3347611229683139,28,58.14705882352941,56.515151515151516,68.15151515151516,915,601,690,1559,1062,1264
171,70,61.06,0.33592859482476256,28,58.3235294117647,56.57575757575758,68.36363636363636,919,603,693,1563,1064,1264
172,64,61.21,0.3370936121548766,28,58.5,56.63636363636363,68.57575757575758,923,605,696,1567,1066,1264
173,60,61.34,0.3380697750244539,28,58.64705882352941,56.666666666666664,68.78787878787878,926,606,699,1571,1068,1264
174,50,61.47,0.33904831625183024,28,58.794117647058826,56.696969696969695,69.0,929,607,702,1575,1070,1264
175,43,61.6,0.34002272727272725,28,58.94117647058823,56.72727272727273,69.21212121212122,932,608,705,1579,1072,1264
176,37,61.72,0.3409105638366817,28,59.088235294117645,56.75757575757576,69.39393939393939,935,609,707,1583,1074,1264
177,25,61.84,0.3417949547218629,28,59.23529411764706,56.78787878787879,69.57575757575758,938,610,709,1587,1076,1264
178,19,61.93,0.3424786048764734,28,59.35294117647059,56.81818181818182,69.6969696969697,940,611,710,1590,1078,1264
179,20,62.01,0.34277213352685054,28,59.44117647058823,56.84848484848485,69.81818181818181,940,612,711,1593,1081,1264
180,13,62.08,0.34303801546391754,28,59.55882352941177,56.878787878787875,69.87878787878788,941,613,712,1594,1084,1264
181,9,62.15,0.3433097345132744,28,59.6764705882353,56.90909090909091,69.93939393939394,942,614,713,1595,1087,1264
182,11,62.19,0.3435873934716193,28,59.73529411764706,56.90909090909091,70.0,943,614,714,1596,1088,1264
183,13,62.23,0.3438775510204081,28,59.8235294117647,56.90909090909091,70.03030303030303,945,614,714,1597,1089,1264
184,14,62.28,0.3442421323057161,28,59.911764705882355,56.90909090909091,70.0909090909091,947,614,715,1598,1090,1264
185,12,62.33,0.3446061286699823,28,60.0,56.90909090909091,70.15151515151516,949,614,716,1599,1091,1264
186,10,62.38,0.34497274767553704,28,60.088235294117645,56.90909090909091,70.21212121212122,951,614,717,1600,1092,1264
187,8,62.43,0.34533877943296487,28,60.1764705882353,56.90909090909091,70.27272727272727,953,614,718,1601,1093,1264
188,7,62.47,0.34563950696334245,28,60.26470588235294,56.90909090909091,70.3030303030303,955,614,719,1601,1094,1264
189,6,62.51,0.34588545832666767,28,60.3235294117647,56.90909090909091,70.36363636363636,957,614,720,1602,1094,1264
190,6,62.54,0.34603453789574673,28,60.35294117647059,56.90909090909091,70.42424242424242,958,614,721,1603,1094,1264
191,9,62.57,0.34618667092856,28,60.38235294117647,56.90909090909091,70.48484848484848,959,614,722,1604,1094,1264
192,9,62.6,0.3463801916932907,28,60.44117647058823,56.90909090909091,70.51515151515152,961,614,722,1605,1094,1264
193,9,62.63,0.34657991377933894,28,60.5,56.90909090909091,70.54545454545455,963,614,722,1606,1094,1264
194,5,62.67,0.346818254348173,28,60.55882352941177,56.90909090909091,70.60606060606061,965,614,722,1608,1094,1264
195,2,62.7,0.346956937799043,28,60.588235294117645,56.90909090909091,70.66666666666667,966,614,722,1610,1094,1264
196,0,62.72,0.34701849489795916,28,60.588235294117645,56.90909090909091,70.72727272727273,966,614,722,1612,1094,1264
197,0,62.72,0.34701849489795916,28,60.588235294117645,56.90909090909091,70.72727272727273,966,614,722,1612,1094,1264
198,3,62.72,0.34701849489795916,28,60.588235294117645,56.90909090909091,70.72727272727273,966,614,722,1612,1094,1264
199,2,62.73,0.3471146182050056,28,60.61764705882353,56.90909090909091,70.72727272727273,967,614,722,1612,1094,1264
200,1,62.74,0.3472107108702582,28,60.64705882352941,56.90909090909091,70.72727272727273,968,614,722,1612,1094,1264
201,0,62.75,0.34730677290836653,28,60.6764705882353,56.90909090909091,70.72727272727273,969,614,722,1612,1094,1264
202,0,62.75,0.34730677290836653,28,60.6764705882353,56.90909090909091,70.72727272727273,969,614,722,1612,1094,1264
203,0,62.75,0.34730677290836653,28,60.6764705882353,56.90909090909091,70.72727272727273,969,614,722,1612,1094,1264
204,0,62.75,0.34730677290836653,28,60.6764705882353,56.90909090909091,70.72727272727273,969,614,722,1612,1094,1264
205,0,62.75,0.34730677290836653,28,60.6764705882353,56.90909090909091,70.72727272727273,969,614,722,1612,1094,1264
206,0,62.75,0.34730677290836653,28,60.6764705882353,56.90909090909091,70.72727272727273,969,614,722,1612,1094,1264
207,0,62.75,0.34730677290836653,28,60.6764705882353,56.90909090909091,70.72727272727273,969,614,722,1612,1094,1264
208,0,62.75,0.34730677290836653,28,60.6764705882353,56.90909090909091,70.72727272727273,969,614,722,1612,1094,1264
209,0,62.75,0.34730677290836653,28,60.6764705882353,56.90909090909091,70.72727272727273,969,614,722,1612,1094,1264
210,0,62.75,0.34730677290836653,28,60.6764705882353,56.90909090909091,70.72727272727273,969,614,722,1612,1094,1264
211,0,62.75,0.34730677290836653,28,60.6764705882353,56.90909090909091,70.72727272727273,969,614,722,1612,1094,1264
212,0,62.75,0.34730677290836653,28,60.6764705882353,56.90909090909091,70.72727272727273,969,614,722,1612,1094,1264
213,0,62.75,0.34730677290836653,28,60.6764705882353,56.90909090909091,70.72727272727273,969,614,722,1612,1094,1264
214,0,62.75,0.34730677290836653,28,60.6764705882353,56.90909090909091,70.72727272727273,969,614,722,1612,1094,1264
215,0,62.75,0.34730677290836653,28,60.6764705882353,56.90909090909091,70.72727272727273,969,614,722,1612,1094,1264
216,3,62.75,0.34730677290836653,28,60.6764705882353,56.90909090909091,70.72727272727273,969,614,722,1612,1094,1264
217,2,62.76,0.3473518164435947,28,60.6764705882353,56.93939393939394,70.72727272727273,969,614,722,1612,1094,1265
218,1,62.77,0.34739684562689177,28,60.6764705882353,56.96969696969697,70.72727272727273,969,614,722,1612,1094,1266
219,0,62.78,0.34744186046511627,28,60.6764705882353,57.0,70.72727272727273,969,614,722,1612,1094,1267
220,0,62.78,0.34744186046511627,28,60.6764705882353,57.0,70.72727272727273,969,614,722,1612,1094,1267
221,0,62.78,0.34744186046511627,28,60.6764705882353,57.0,70.72727272727273,969,614,722,1612,1094,1267
222,0,62.78,0.34744186046511627,28,60.6764705882353,57.0,70.72727272727273,969,614,722,1612,1094,1267
223,0,62.78,0.34744186046511627,28,60.6764705882353,57.0,70.72727272727273,969,614,722,1612,1094,1267
224,0,62.78,0.34744186046511627,28,60.6764705882353,57.0,70.72727272727273,969,614,722,1612,1094,1267
225,0,62.78,0.34744186046511627,28,60.6764705882353,57.0,70.72727272727273,969,614,722,1612,1094,1267
226,0,62.78,0.34744186046511627,28,60.6764705882353,57.0,70.72727272727273,969,614,722,1612,1094,1267
227,0,62.78,0.34744186046511627,28,60.6764705882353,57.0,70.72727272727273,969,614,722,1612,1094,1267
228,3,62.78,0.34744186046511627,28,60.6764705882353,57.0,70.72727272727273,969,614,722,1612,1094,1267
229,2,62.79,0.3475346392737697,28,60.6764705882353,57.0,70.75757575757575,969,614,723,1612,1094,1267
230,4,62.8,0.3476273885350318,28,60.6764705882353,57.0,70.78787878787878,969,614,724,1612,1094,1267
231,5,62.82,0.34780961477236544,28,60.6764705882353,57.03030303030303,70.81818181818181,969,615,725,1612,1094,1267
232,6,62.84,0.3479917250159134,28,60.6764705882353,57.06060606060606,70.84848484848484,969,616,726,1612,1094,1267
233,6,62.87,0.34827262605376175,28,60.705882352941174,57.09090909090909,70.87878787878788,970,617,727,1612,1094,1267
234,6,62.9,0.3485532591414945,28,60.73529411764706,57.121212121212125,70.9090909090909,971,618,728,1612,1094,1267
235,6,62.93,0.34883362466232326,28,60.76470588235294,57.15151515151515,70.93939393939394,972,619,729,1612,1094,1267
236,9,62.96,0.3490628970775096,28,60.794117647058826,57.18181818181818,70.96969696969697,973,620,729,1613,1094,1267
237,8,63.0,0.3493841269841271,28,60.8235294117647,57.21212121212121,71.03030303030303,974,621,730,1614,1094,1267
238,7,63.04,0.3497049492385787,28,60.85294117647059,57.24242424242424,71.0909090909091,975,622,731,1615,1094,1267
239,7,63.07,0.3499397494846995,28,60.88235294117647,57.24242424242424,71.15151515151516,976,622,732,1616,1094,1267
240,5,63.09,0.3500824219369156,28,60.911764705882355,57.24242424242424,71.18181818181819,977,622,732,1617,1094,1267
241,3,63.11,0.3502250039613374,28,60.94117647058823,57.24242424242424,71.21212121212122,978,622,732,1618,1094,1267
242,1,63.13,0.35036749564390945,28,60.970588235294116,57.24242424242424,71.24242424242425,979,622,732,1619,1094,1267
243,0,63.14,0.35041178333861256,28,60.970588235294116,57.24242424242424,71.27272727272727,979,622,732,1620,1094,1267
244,0,63.14,0.35041178333861256,28,60.970588235294116,57.24242424242424,71.27272727272727,979,622,732,1620,1094,1267
245,0,63.14,0.35041178333861256,28,60.970588235294116,57.24242424242424,71.27272727272727,979,622,732,1620,1094,1267
246,0,63.14,0.35041178333861256,28,60.970588235294116,57.24242424242424,71.27272727272727,979,622,732,1620,1094,1267
247,0,63.14,0.35041178333861256,28,60.970588235294116,57.24242424242424,71.27272727272727,979,622,732,1620,1094,1267
248,0,63.14,0.35041178333861256,28,60.970588235294116,57.24242424242424,71.27272727272727,979,622,732,1620,1094,1267
249,0,63.14,0.35041178333861256,28,60.970588235294116,57.24242424242424,71.27272727272727,979,622,732,1620,1094,1267
250,0,63.14,0.35041178333861256,28,60.970588235294116,57.24242424242424,71.27272727272727,979,622,732,1620,1094,1267
251,0,63.14,0.35041178333861256,28,60.970588235294116,57.24242424242424,71.27272727272727,979,622,732,1620,1094,1267
252,0,63.14,0.35041178333861256,28,60.970588235294116,57.24242424242424,71.27272727272727,979,622,732,1620,1094,1267
253,0,63.14,0.35041178333861256,28,60.970588235294116,57.24242424242424,71.27272727272727,979,622,732,1620,1094,1267
254,3,63.14,0.35041178333861256,28,60.970588235294116,57.24242424242424,71.27272727272727,979,622,732,1620,1094,1267
255,5,63.15,0.3505003958828186,28,60.970588235294116,57.27272727272727,71.27272727272727,979,623,732,1620,1094,1267
256,6,63.17,0.3506712046857686,28,61.0,57.303030303030305,71.27272727272727,980,624,732,1620,1094,1267
257,6,63.2,0.3507974683544303,28,61.029411764705884,57.36363636363637,71.27272727272727,981,626,732,1620,1094,1267
258,6,63.23,0.35093626443144077,28,61.05882352941177,57.42424242424242,71.27272727272727,982,628,732,1620,1094,1267
259,6,63.26,0.3510844135314575,28,61.088235294117645,57.484848484848484,71.27272727272727,983,630,732,1620,1094,1267
260,6,63.29,0.3512355822404804,28,61.11764705882353,57.54545454545455,71.27272727272727,984,632,732,1620,1094,1267
261,6,63.32,0.35139924194567274,28,61.14705882352941,57.60606060606061,71.27272727272727,985,634,732,1620,1094,1267
262,6,63.35,0.3515690607734807,28,61.1764705882353,57.666666666666664,71.27272727272727,986,636,732,1620,1094,1267
263,6,63.38,0.35174187440833066,28,61.205882352941174,57.72727272727273,71.27272727272727,987,638,732,1620,1094,1267
264,6,63.41,0.35192083267623403,28,61.23529411764706,57.78787878787879,71.27272727272727,988,640,732,1620,1094,1267
265,6,63.44,0.3521059268600253,28,61.26470588235294,57.84848484848485,71.27272727272727,989,642,732,1620,1094,1267
266,6,63.47,0.35230029935402557,28,61.294117647058826,57.90909090909091,71.27272727272727,990,644,732,1620,1094,1267
267,6,63.5,0.35249448818897633,28,61.3235294117647,57.96969696969697,71.27272727272727,991,646,732,1620,1094,1267
268,6,63.53,0.35269164174405787,28,61.35294117647059,58.03030303030303,71.27272727272727,992,648,732,1620,1094,1267
269,6,63.56,0.3528917558212713,28,61.38235294117647,58.09090909090909,71.27272727272727,993,650,732,1620,1094,1267
270,6,63.59,0.35309168108193106,28,61.411764705882355,58.15151515151515,71.27272727272727,994,652,732,1620,1094,1267
271,6,63.62,0.3532945614586607,28,61.44117647058823,58.21212121212121,71.27272727272727,995,654,732,1620,1094,1267
272,6,63.65,0.3534972505891595,28,61.470588235294116,58.27272727272727,71.27272727272727,996,656,732,1620,1094,1267
273,12,63.68,0.3536997487437186,28,61.5,58.333333333333336,71.27272727272727,997,658,732,1620,1094,1267
274,14,63.72,0.35399246704331444,28,61.529411764705884,58.42424242424242,71.27272727272727,998,661,732,1620,1094,1267
275,25,63.76,0.35428795483061476,28,61.55882352941177,58.515151515151516,71.27272727272727,999,664,732,1620,1094,1267
276,30,63.8,0.3545862068965518,28,61.588235294117645,58.60606060606061,71.27272727272727,1000,667,732,1620,1094,1267
277,31,63.85,0.35493343774471414,28,61.61764705882353,58.72727272727273,71.27272727272727,1001,670,732,1620,1094,1268
278,38,63.9,0.35528012519561813,28,61.64705882352941,58.84848484848485,71.27272727272727,1002,673,732,1620,1094,1269
279,39,63.95,0.3556293979671618,28,61.6764705882353,58.96969696969697,71.27272727272727,1003,676,732,1620,1094,1270
280,34,64.0,0.35597812500000003,28,61.705882352941174,59.09090909090909,71.27272727272727,1004,679,732,1620,1094,1271
281,32,64.05,0.35632943013270874,28,61.73529411764706,59.21212121212121,71.27272727272727,1005,682,732,1620,1094,1272
282,36,64.1,0.35668018720748834,28,61.76470588235294,59.333333333333336,71.27272727272727,1006,685,732,1620,1094,1273
283,31,64.15,0.357033515198753,28,61.794117647058826,59.45454545454545,71.27272727272727,1007,688,732,1620,1094,1274
284,32,64.2,0.357392523364486,28,61.8235294117647,59.57575757575758,71.27272727272727,1008,691,732,1620,1094,1275
285,33,64.25,0.3577540856031128,28,61.85294117647059,59.696969696969695,71.27272727272727,1009,694,732,1620,1094,1276
286,28,64.3,0.3581150855365475,28,61.88235294117647,59.81818181818182,71.27272727272727,1010,697,732,1620,1094,1277
287,29,64.35,0.3584817404817404,28,61.911764705882355,59.93939393939394,71.27272727272727,1011,700,732,1620,1094,1278
288,30,64.4,0.3588478260869566,28,61.94117647058823,60.06060606060606,71.27272727272727,1012,703,732,1620,1094,1279
289,25,64.45,0.3592195500387898,28,61.970588235294116,60.18181818181818,71.27272727272727,1013,706,732,1620,1094,1280
290,26,64.5,0.3595906976744186,28,62.0,60.303030303030305,71.27272727272727,1014,709,732,1620,1094,1281
291,27,64.55,0.3599643687064291,28,62.029411764705884,60.42424242424242,71.27272727272727,1015,712,732,1620,1094,1282
292,22,64.6,0.36034055727554176,28,62.05882352941177,60.54545454545455,71.27272727272727,1016,715,732,1620,1094,1283
293,23,64.65,0.3607192575406033,28,62.088235294117645,60.666666666666664,71.27272727272727,1017,718,732,1620,1094,1284
294,24,64.7,0.361097372488408,28,62.11764705882353,60.78787878787879,71.27272727272727,1018,721,732,1620,1094,1285
295,25,64.75,0.36147490347490346,28,62.14705882352941,60.90909090909091,71.27272727272727,1019,724,732,1620,1094,1286
296,31,64.81,0.3617173275729054,28,62.1764705882353,61.06060606060606,71.27272727272727,1020,728,732,1620,1094,1287
297,36,64.88,0.3620191122071516,28,62.205882352941174,61.21212121212121,71.3030303030303,1021,732,732,1621,1094,1288
298,35,64.95,0.36232640492686685,28,62.23529411764706,61.36363636363637,71.33333333333333,1022,736,732,1622,1094,1289
299,40,65.02,0.3626391879421716,28,62.26470588235294,61.515151515151516,71.36363636363636,1023,740,732,1623,1094,1290
300,45,65.09,0.362960516208327,28,62.294117647058826,61.666666666666664,71.39393939393939,1024,744,732,1624,1094,1291
301,41,65.16,0.36329036218538974,28,62.3235294117647,61.81818181818182,71.42424242424242,1025,748,732,1625,1094,1292
302,37,65.23,0.3636348305994174,28,62.35294117647059,61.96969696969697,71.45454545454545,1026,752,732,1626,1094,1293
303,45,65.3,0.36398774885145485,28,62.38235294117647,62.121212121212125,71.48484848484848,1027,756,732,1627,1094,1294
304,44,65.37,0.36435520881138134,28,62.411764705882355,62.27272727272727,71.51515151515152,1028,760,732,1628,1094,1295
305,46,65.44,0.36473716381418086,28,62.44117647058823,62.42424242424242,71.54545454545455,1029,764,732,1629,1094,1296
306,48,65.51,0.3651396733323156,28,62.470588235294116,62.57575757575758,71.57575757575758,1030,768,732,1630,1094,1297
307,47,65.58,0.36555047270509305,28,62.5,62.72727272727273,71.60606060606061,1031,772,732,1631,1094,1298
308,43,65.65,0.365966488956588,28,62.529411764705884,62.878787878787875,71.63636363636364,1032,776,732,1632,1094,1299
309,59,65.73,0.36634261372280547,28,62.588235294117645,63.03030303030303,71.66666666666667,1034,780,732,1633,1094,1300
310,59,65.82,0.3666271649954422,28,62.64705882352941,63.18181818181818,71.72727272727273,1036,784,733,1634,1094,1301
311,58,65.92,0.3668203883495146,28,62.73529411764706,63.333333333333336,71.78787878787878,1039,788,734,1635,1094,1302
312,77,66.03,0.3671194911403907,28,62.85294117647059,63.484848484848484,71.84848484848484,1043,792,735,1636,1094,1303
313,75,66.14,0.3674690051406108,28,62.970588235294116,63.63636363636363,71.9090909090909,1047,796,736,1637,1094,1304
314,79,66.25,0.3678505660377358,28,63.088235294117645,63.78787878787879,71.96969696969697,1051,800,737,1638,1094,1305
315,74,66.36,0.36826100060277267,28,63.205882352941174,63.93939393939394,72.03030303030303,1055,804,738,1639,1094,1306
316,69,66.47,0.3687061832405597,28,63.3235294117647,64.0909090909091,72.0909090909091,1059,808,739,1640,1094,1307
317,73,66.58,0.36917392610393507,28,63.44117647058823,64.24242424242425,72.15151515151516,1063,812,740,1641,1094,1308
318,86,66.69,0.3696671165092218,28,63.55882352941177,64.39393939393939,72.21212121212122,1067,816,741,1642,1094,1309
319,81,66.8,0.3701706586826347,28,63.6764705882353,64.54545454545455,72.27272727272727,1071,820,742,1643,1094,1310
320,79,66.91,0.37069047974891645,28,63.794117647058826,64.6969696969697,72.33333333333333,1075,824,743,1644,1094,1311
321,80,67.02,0.37122351536854675,28,63.911764705882355,64.84848484848484,72.39393939393939,1079,828,744,1645,1094,1312
322,78,67.13,0.3717697005809623,28,64.02941176470588,65.0,72.45454545454545,1083,832,745,1646,1094,1313
323,76,67.24,0.37232599643069597,28,64.1470588235294,65.15151515151516,72.51515151515152,1087,836,746,1647,1094,1314
324,80,67.35,0.37288938381588715,28,64.26470588235294,65.3030303030303,72.57575757575758,1091,840,747,1648,1094,1315
325,87,67.46,0.37345686332641564,28,64.38235294117646,65.45454545454545,72.63636363636364,1095,844,748,1649,1094,1316
326,85,67.57,0.37403137487050464,28,64.5,65.60606060606061,72.6969696969697,1099,848,749,1650,1094,1317
327,77,67.68,0.3746099290780142,28,64.61764705882354,65.75757575757575,72.75757575757575,1103,852,750,1651,1094,1318
328,90,67.79,0.3751954565570143,28,64.73529411764706,65.9090909090909,72.81818181818181,1107,856,751,1652,1094,1319
329,96,67.91,0.3758312472389928,28,64.8529411764706,66.06060606060606,72.9090909090909,1111,860,753,1653,1094,1320
330,90,68.03,0.3764677348228722,28,64.97058823529412,66.21212121212122,73.0,1115,864,755,1654,1094,1321
331,84,68.15,0.37711958914159943,28,65.08823529411765,66.36363636363636,73.0909090909091,1119,868,757,1655,1094,1322
332,74,68.28,0.37781195079086116,28,65.20588235294117,66.54545454545455,73.18181818181819,1123,872,759,1656,1094,1324
333,90,68.42,0.3785472084185911,28,65.32352941176471,66.72727272727273,73.3030303030303,1127,876,761,1658,1094,1326
334,88,68.56,0.379279463243874,28,65.44117647058823,66.9090909090909,73.42424242424242,1131,880,763,1660,1094,1328
335,93,68.69,0.37994904644052996,28,65.55882352941177,67.0909090909091,73.51515151515152,1135,884,765,1661,1094,1330
336,95,68.82,0.3806219122348155,28,65.67647058823529,67.27272727272727,73.60606060606061,1139,888,767,1662,1094,1332
337,88,68.95,0.3812951414068166,28,65.79411764705883,67.45454545454545,73.6969696969697,1143,892,769,1663,1094,1334
338,90,69.08,0.3819716270990156,28,65.91176470588235,67.63636363636364,73.78787878787878,1147,896,771,1664,1094,1336
339,101,69.21,0.3826455714492126,28,66.02941176470588,67.81818181818181,73.87878787878788,1151,900,773,1665,1094,1338
340,102,69.35,0.38326027397260276,28,66.1470588235294,68.03030303030303,73.96969696969697,1155,904,775,1666,1094,1341
341,91,69.49,0.38388401208807027,28,66.26470588235294,68.24242424242425,74.06060606060606,1159,908,777,1667,1094,1344
342,95,69.63,0.38451673129398245,28,66.38235294117646,68.45454545454545,74.15151515151516,1163,912,779,1668,1094,1347
343,99,69.77,0.3851497778414792,28,66.5,68.66666666666667,74.24242424242425,1167,916,781,1669,1094,1350
344,88,69.91,0.3858003146903161,28,66.61764705882354,68.87878787878788,74.33333333333333,1171,920,783,1670,1094,1353
345,95,70.05,0.3864539614561028,28,66.73529411764706,69.0909090909091,74.42424242424242,1175,924,785,1671,1094,1356
346,99,70.19,0.3871078501210999,28,66.8529411764706,69.3030303030303,74.51515151515152,1179,928,787,1672,1094,1359
347,94,70.33,0.3877648229773923,28,66.97058823529412,69.51515151515152,74.60606060606061,1183,932,789,1673,1094,1362
348,107,70.47,0.388430537817511,28,67.08823529411765,69.72727272727273,74.6969696969697,1187,936,791,1674,1094,1365
349,102,70.61,0.38910211018269364,28,67.20588235294117,69.93939393939394,74.78787878787878,1191,940,793,1675,1094,1368
350,94,70.75,0.389773851590106,28,67.32352941176471,70.15151515151516,74.87878787878788,1195,944,795,1676,1094,1371
351,94,70.9,0.390361071932299,28,67.44117647058823,70.39393939393939,74.96969696969697,1199,948,797,1677,1094,1375
352,101,71.04,0.391044481981982,28,67.55882352941177,70.60606060606061,75.06060606060606,1203,952,799,1678,1094,1378
353,93,71.18,0.39173082326496206,28,67.67647058823529,70.81818181818181,75.15151515151516,1207,956,801,1679,1094,1381
354,96,71.33,0.3923468386373195,28,67.79411764705883,71.06060606060606,75.24242424242425,1211,960,803,1680,1094,1385
355,81,71.48,0.39297146054840515,28,67.91176470588235,71.3030303030303,75.33333333333333,1215,964,805,1681,1094,1389
356,75,71.63,0.3936046349294988,28,68.02941176470588,71.54545454545455,75.42424242424242,1219,968,807,1682,1094,1393
357,87,71.78,0.3942518807467261,28,68.1470588235294,71.78787878787878,75.51515151515152,1223,972,809,1683,1094,1397
358,89,71.94,0.39497080900750625,28,68.29411764705883,72.03030303030303,75.60606060606061,1228,976,811,1684,1094,1401
359,84,72.11,0.39557481625294694,28,68.44117647058823,72.3030303030303,75.6969696969697,1233,980,813,1685,1094,1406
360,79,72.28,0.3961815163254012,28,68.58823529411765,72.57575757575758,75.78787878787878,1238,984,815,1686,1094,1411
361,79,72.43,0.39684522987712273,28,68.70588235294117,72.81818181818181,75.87878787878788,1242,988,817,1687,1094,1415
362,82,72.58,0.3975144667952604,28,68.82352941176471,73.06060606060606,75.96969696969697,1246,992,819,1688,1094,1419
363,82,72.73,0.3981864430083872,28,68.94117647058823,73.3030303030303,76.06060606060606,1250,996,821,1689,1094,1423
364,85,72.88,0.3988611416026345,28,69.05882352941177,73.54545454545455,76.15151515151516,1254,1000,823,1690,1094,1427
365,86,73.02,0.39946042180224595,28,69.1470588235294,73.78787878787878,76.24242424242425,1257,1004,825,1691,1094,1431
366,78,73.16,0.4000601421541826,28,69.23529411764706,74.03030303030303,76.33333333333333,1260,1008,827,1692,1094,1435
367,86,73.29,0.4006290080502115,28,69.32352941176471,74.27272727272727,76.39393939393939,1263,1012,829,1692,1094,1439
368,82,73.42,0.40119858349223647,28,69.41176470588235,74.51515151515152,76.45454545454545,1266,1016,831,1692,1094,1443
369,81,73.55,0.40176886471787904,28,69.5,74.75757575757575,76.51515151515152,1269,1020,833,1692,1094,1447
370,74,73.68,0.4023371335504886,28,69.58823529411765,75.0,76.57575757575758,1272,1024,835,1692,1094,1451
371,85,73.81,0.40290881994309713,28,69.67647058823529,75.24242424242425,76.63636363636364,1275,1028,837,1692,1094,1455
372,86,73.95,0.4035551048005409,28,69.79411764705883,75.48484848484848,76.6969696969697,1279,1032,839,1692,1094,1459
373,86,74.1,0.4040782726045884,28,69.91176470588235,75.75757575757575,76.75757575757575,1283,1036,841,1692,1094,1464
374,88,74.26,0.40447347158631836,28,70.05882352941177,76.03030303030303,76.81818181818181,1287,1040,843,1692,1095,1469
375,76,74.41,0.40487972046767906,28,70.20588235294117,76.27272727272727,76.87878787878788,1291,1044,845,1692,1096,1473
376,83,74.55,0.4052246814218645,28,70.32352941176471,76.51515151515152,76.93939393939394,1294,1048,847,1692,1097,1477
377,83,74.7,0.40565729585006693,28,70.47058823529412,76.75757575757575,77.0,1298,1052,849,1692,1098,1481
378,72,74.84,0.4060796365579904,28,70.61764705882354,76.96969696969697,77.06060606060606,1302,1056,851,1692,1099,1484
379,77,74.97,0.4066466586634654,28,70.73529411764706,77.18181818181819,77.12121212121212,1306,1060,853,1692,1099,1487
380,79,75.1,0.4070306258322237,28,70.8529411764706,77.39393939393939,77.18181818181819,1309,1064,855,1692,1100,1490
381,74,75.24,0.40750398724082937,28,71.0,77.60606060606061,77.24242424242425,1313,1068,857,1692,1101,1493
382,66,75.38,0.4079888564605996,28,71.1470588235294,77.81818181818181,77.3030303030303,1317,1072,859,1692,1102,1496
383,73,75.52,0.4084851694915254,28,71.29411764705883,78.03030303030303,77.36363636363636,1321,1076,861,1692,1103,1499
384,69,75.65,0.4089372108393919,28,71.41176470588235,78.24242424242425,77.42424242424242,1324,1080,863,1692,1104,1502
385,64,75.79,0.40946958701675684,28,71.55882352941177,78.45454545454545,77.48484848484848,1328,1084,865,1692,1105,1505
386,65,75.93,0.41002107204003685,28,71.70588235294117,78.66666666666667,77.54545454545455,1332,1088,867,1692,1106,1508
387,63,76.07,0.410583672932825,28,71.8529411764706,78.87878787878788,77.60606060606061,1336,1092,869,1692,1107,1511
388,70,76.21,0.4111232121768797,28,71.97058823529412,79.0909090909091,77.6969696969697,1339,1096,872,1692,1108,1514
389,69,76.37,0.4115712976299594,28,72.11764705882354,79.33333333333333,77.78787878787878,1343,1101,875,1692,1109,1517
390,65,76.53,0.41200705605644844,28,72.23529411764706,79.57575757575758,77.9090909090909,1346,1106,879,1692,1110,1520
391,64,76.69,0.41246446733602815,28,72.3529411764706,79.81818181818181,78.03030303030303,1349,1111,883,1692,1111,1523
392,64,76.84,0.4128943258719417,28,72.47058823529412,80.03030303030303,78.15151515151516,1352,1115,887,1692,1112,1526
393,67,76.99,0.41342641901545657,28,72.58823529411765,80.24242424242425,78.27272727272727,1356,1119,891,1692,1112,1529
394,64,77.14,0.41396162820845217,28,72.70588235294117,80.45454545454545,78.39393939393939,1360,1123,895,1692,1112,1532
395,65,77.28,0.41442546583850937,28,72.79411764705883,80.66666666666667,78.51515151515152,1363,1127,899,1692,1112,1535
396,63,77.42,0.41489537587186776,28,72.88235294117646,80.87878787878788,78.63636363636364,1366,1131,903,1692,1112,1538
397,57,77.57,0.41543251256929226,28,73.0,81.0909090909091,78.75757575757575,1370,1135,907,1692,1112,1541
398,57,77.72,0.4159675759135358,28,73.11764705882354,81.3030303030303,78.87878787878788,1374,1139,911,1692,1112,1544
399,59,77.85,0.41637379576107897,28,73.20588235294117,81.48484848484848,79.0,1377,1142,915,1692,1112,1547
400,62,77.97,0.4167461844299089,28,73.29411764705883,81.63636363636364,79.12121212121212,1380,1145,919,1692,1112,1549
401,72,78.11,0.41724619126872364,28,73.41176470588235,81.81818181818181,79.24242424242425,1384,1149,923,1692,1112,1551
402,72,78.26,0.41779197546639407,28,73.52941176470588,82.03030303030303,79.36363636363636,1388,1153,927,1692,1112,1554
403,68,78.42,0.4182019892884468,28,73.6470588235294,82.27272727272727,79.48484848484848,1392,1157,931,1692,1112,1558
404,71,78.57,0.41855797378134146,28,73.73529411764706,82.51515151515152,79.60606060606061,1395,1161,935,1692,1112,1562
405,61,78.73,0.4189825987552394,28,73.8529411764706,82.75757575757575,79.72727272727273,1399,1165,939,1692,1112,1566
406,58,78.88,0.419340770791075,28,73.94117647058823,83.0,79.84848484848484,1402,1169,943,1692,1112,1570
407,58,79.03,0.41970264456535494,28,74.02941176470588,83.24242424242425,79.96969696969697,1405,1173,947,1692,1112,1574
408,58,79.15,0.4198926089703095,28,74.08823529411765,83.42424242424242,80.0909090909091,1407,1176,951,1692,1112,1577
409,51,79.28,0.42016397578203835,28,74.17647058823529,83.60606060606061,80.21212121212122,1410,1179,955,1692,1112,1580
410,50,79.41,0.42043949124795366,28,74.26470588235294,83.78787878787878,80.33333333333333,1413,1182,959,1692,1112,1583
411,43,79.54,0.4207065627357304,28,74.3529411764706,83.96969696969697,80.45454545454545,1416,1185,963,1692,1112,1586
412,41,79.65,0.42085499058380416,28,74.41176470588235,84.12121212121212,80.57575757575758,1418,1187,967,1692,1112,1589
413,43,79.75,0.42109968652037616,28,74.5,84.21212121212122,80.6969696969697,1421,1189,971,1692,1112,1590
414,39,79.85,0.42134376956793984,28,74.58823529411765,84.3030303030303,80.81818181818181,1424,1191,975,1692,1112,1591
415,36,79.94,0.4215311483612709,28,74.67647058823529,84.36363636363636,80.93939393939394,1427,1192,979,1692,1112,1592
416,40,80.02,0.42165708572856786,28,74.73529411764706,84.42424242424242,81.06060606060606,1429,1193,983,1692,1112,1593
417,40,80.11,0.42184621145924356,28,74.82352941176471,84.48484848484848,81.18181818181819,1432,1194,987,1692,1112,1594
418,36,80.21,0.4219785562897394,28,74.91176470588235,84.54545454545455,81.33333333333333,1435,1195,992,1692,1112,1595
419,39,80.3,0.42217185554171854,28,75.0,84.60606060606061,81.45454545454545,1438,1196,996,1692,1112,1596
420,40,80.38,0.4223015675541179,28,75.05882352941177,84.66666666666667,81.57575757575758,1440,1197,1000,1692,1112,1597
421,38,80.46,0.4224310216256525,28,75.11764705882354,84.72727272727273,81.6969696969697,1442,1198,1004,1692,1112,1598
422,41,80.55,0.42262321539416514,28,75.20588235294117,84.78787878787878,81.81818181818181,1445,1199,1008,1692,1112,1599
423,47,80.64,0.4228174603174603,28,75.29411764705883,84.84848484848484,81.93939393939394,1448,1200,1012,1692,1112,1600
424,44,80.73,0.4230112721417069,28,75.38235294117646,84.9090909090909,82.06060606060606,1451,1201,1016,1692,1112,1601
425,38,80.82,0.42320465231378374,28,75.47058823529412,84.96969696969697,82.18181818181819,1454,1202,1020,1692,1112,1602
426,38,80.91,0.4233976022741317,28,75.55882352941177,85.03030303030303,82.3030303030303,1457,1203,1024,1692,1112,1603
427,40,81.01,0.4234995679545735,28,75.67647058823529,85.0909090909091,82.42424242424242,1460,1204,1028,1692,1113,1604
428,33,81.11,0.423608679570953,28,75.79411764705883,85.15151515151516,82.54545454545455,1463,1205,1032,1692,1114,1605
429,40,81.19,0.42364207414706245,28,75.91176470588235,85.21212121212122,82.60606060606061,1466,1206,1034,1692,1115,1606
430,41,81.27,0.42368278577580903,28,76.02941176470588,85.27272727272727,82.66666666666667,1469,1207,1036,1692,1116,1607
431,38,81.36,0.4237856440511307,28,76.1470588235294,85.33333333333333,82.75757575757575,1472,1208,1039,1692,1117,1608
432,40,81.46,0.42375153449545794,28,76.29411764705883,85.39393939393939,82.84848484848484,1475,1209,1042,1692,1119,1609
433,36,81.56,0.42372731731240804,28,76.44117647058823,85.45454545454545,82.93939393939394,1478,1210,1045,1692,1121,1610
434,26,81.66,0.4237203036982611,28,76.58823529411765,85.51515151515152,83.03030303030303,1481,1211,1048,1692,1123,1611
435,29,81.75,0.4238422018348624,28,76.73529411764706,85.54545454545455,83.12121212121212,1484,1211,1051,1692,1125,1612
436,31,81.82,0.42372036176973843,28,76.8529411764706,85.60606060606061,83.15151515151516,1486,1212,1052,1692,1127,1613
437,29,81.9,0.4236410256410257,28,77.0,85.66666666666667,83.18181818181819,1489,1213,1053,1692,1129,1614
438,36,81.98,0.4235740424493779,28,77.1470588235294,85.72727272727273,83.21212121212122,1492,1214,1054,1692,1131,1615
439,31,82.06,0.42351450158420667,28,77.29411764705883,85.78787878787878,83.24242424242425,1495,1215,1055,1692,1133,1616
440,30,82.13,0.42342018750760985,28,77.41176470588235,85.84848484848484,83.27272727272727,1497,1216,1056,1692,1135,1617
441,32,82.23,0.42346224005837285,28,77.55882352941177,85.9090909090909,83.36363636363636,1500,1217,1059,1692,1137,1618
442,27,82.31,0.4235584983598591,28,77.70588235294117,85.93939393939394,83.42424242424242,1503,1217,1061,1692,1139,1619
443,29,82.38,0.42360281621752854,28,77.8529411764706,85.96969696969697,83.45454545454545,1506,1217,1062,1692,1141,1620
444,31,82.45,0.42366403881140086,28,77.97058823529412,86.0,83.51515151515152,1508,1217,1064,1692,1143,1621
445,32,82.53,0.42376711498848907,28,78.11764705882354,86.03030303030303,83.57575757575758,1511,1217,1066,1692,1145,1622
446,26,82.62,0.42393125151295086,28,78.26470588235294,86.06060606060606,83.66666666666667,1514,1217,1069,1692,1147,1623
447,25,82.69,0.42401136775910026,28,78.41176470588235,86.0909090909091,83.6969696969697,1517,1217,1070,1692,1149,1624
448,30,82.76,0.42409376510391494,28,78.55882352941177,86.12121212121212,83.72727272727273,1520,1217,1071,1692,1151,1625
449,29,82.83,0.42417843776409514,28,78.70588235294117,86.15151515151516,83.75757575757575,1523,1217,1072,1692,1153,1626
450,24,82.91,0.42416958147388734,28,78.8529411764706,86.21212121212122,83.78787878787878,1526,1218,1073,1692,1155,1627
451,27,83.0,0.42422168674698796,28,79.0,86.27272727272727,83.84848484848484,1529,1219,1075,1692,1157,1628
452,18,83.09,0.42429293537128415,28,79.1470588235294,86.33333333333333,83.9090909090909,1532,1220,1077,1692,1159,1629
453,11,83.16,0.4243987493987494,28,79.26470588235294,86.36363636363636,83.96969696969697,1534,1220,1079,1692,1161,1630
454,10,83.2,0.4243677884615385,28,79.3529411764706,86.36363636363636,84.0,1535,1220,1080,1692,1163,1630
455,6,83.24,0.4243344545891399,28,79.44117647058823,86.36363636363636,84.03030303030303,1536,1220,1081,1692,1165,1630
456,3,83.27,0.42443977422841356,28,79.5,86.36363636363636,84.06060606060606,1537,1220,1082,1692,1166,1630
457,0,83.3,0.42454501800720285,28,79.55882352941177,86.36363636363636,84.0909090909091,1538,1220,1083,1692,1167,1630
458,0,83.3,0.42454501800720285,28,79.55882352941177,86.36363636363636,84.0909090909091,1538,1220,1083,1692,1167,1630
459,0,83.3,0.42454501800720285,28,79.55882352941177,86.36363636363636,84.0909090909091,1538,1220,1083,1692,1167,1630
460,0,83.3,0.42454501800720285,28,79.55882352941177,86.36363636363636,84.0909090909091,1538,1220,1083,1692,1167,1630
461,3,83.3,0.42454501800720285,28,79.55882352941177,86.36363636363636,84.0909090909091,1538,1220,1083,1692,1167,1630
462,5,83.31,0.4245984875765214,28,79.55882352941177,86.36363636363636,84.12121212121212,1538,1220,1084,1692,1167,1630
463,9,83.33,0.4247005880235209,28,79.58823529411765,86.36363636363636,84.15151515151516,1539,1220,1085,1692,1167,1630
464,9,83.36,0.4248656429942418,28,79.6470588235294,86.36363636363636,84.18181818181819,1541,1220,1086,1692,1167,1630
465,9,83.39,0.42503537594435786,28,79.70588235294117,86.36363636363636,84.21212121212122,1543,1220,1087,1692,1167,1630
466,9,83.42,0.4252049868137137,28,79.76470588235294,86.36363636363636,84.24242424242425,1545,1220,1088,1692,1167,1630
467,9,83.45,0.42537447573397247,28,79.82352941176471,86.36363636363636,84.27272727272727,1547,1220,1089,1692,1167,1630
468,9,83.48,0.42554623862002877,28,79.88235294117646,86.36363636363636,84.3030303030303,1549,1220,1090,1692,1167,1630
469,9,83.51,0.4257178780984313,28,79.94117647058823,86.36363636363636,84.33333333333333,1551,1220,1091,1692,1167,1630
470,9,83.54,0.42588939430213074,28,80.0,86.36363636363636,84.36363636363636,1553,1220,1092,1692,1167,1630
471,9,83.57,0.42606078736388653,28,80.05882352941177,86.36363636363636,84.39393939393939,1555,1220,1093,1692,1167,1630
472,9,83.6,0.42623205741626796,28,80.11764705882354,86.36363636363636,84.42424242424242,1557,1220,1094,1692,1167,1630
473,9,83.63,0.4264032045916537,28,80.17647058823529,86.36363636363636,84.45454545454545,1559,1220,1095,1692,1167,1630
474,9,83.66,0.4265742290222328,28,80.23529411764706,86.36363636363636,84.48484848484848,1561,1220,1096,1692,1167,1630
475,9,83.69,0.4267451308400048,28,80.29411764705883,86.36363636363636,84.51515151515152,1563,1220,1097,1692,1167,1630
476,9,83.72,0.4269159101767797,28,80.3529411764706,86.36363636363636,84.54545454545455,1565,1220,1098,1692,1167,1630
477,9,83.75,0.42708656716417914,28,80.41176470588235,86.36363636363636,84.57575757575758,1567,1220,1099,1692,1167,1630
478,9,83.78,0.4272571019336357,28,80.47058823529412,86.36363636363636,84.60606060606061,1569,1220,1100,1692,1167,1630
479,9,83.81,0.4274275146163942,28,80.52941176470588,86.36363636363636,84.63636363636364,1571,1220,1101,1692,1167,1630
480,9,83.84,0.42759780534351144,28,80.58823529411765,86.36363636363636,84.66666666666667,1573,1220,1102,1692,1167,1630
481,9,83.87,0.42776797424585666,28,80.6470588235294,86.36363636363636,84.6969696969697,1575,1220,1103,1692,1167,1630
482,9,83.9,0.4279380214541121,28,80.70588235294117,86.36363636363636,84.72727272727273,1577,1220,1104,1692,1167,1630
483,9,83.93,0.42810794709877276,28,80.76470588235294,86.36363636363636,84.75757575757575,1579,1220,1105,1692,1167,1630
484,9,83.96,0.42827775131014767,28,80.82352941176471,86.36363636363636,84.78787878787878,1581,1220,1106,1692,1167,1630
485,9,83.99,0.42844743421835935,28,80.88235294117646,86.36363636363636,84.81818181818181,1583,1220,1107,1692,1167,1630
486,9,84.02,0.4286169959533444,28,80.94117647058823,86.36363636363636,84.84848484848484,1585,1220,1108,1692,1167,1630
487,9,84.05,0.42879119571683527,28,81.0,86.36363636363636,84.87878787878788,1587,1220,1109,1692,1167,1630
488,8,84.09,0.42897728624093234,28,81.05882352941177,86.39393939393939,84.9090909090909,1589,1220,1110,1692,1167,1631
489,7,84.13,0.4291631998098181,28,81.11764705882354,86.42424242424242,84.93939393939394,1591,1220,1111,1692,1167,1632
490,7,84.16,0.4292846958174905,28,81.1470588235294,86.45454545454545,84.96969696969697,1592,1220,1112,1692,1167,1633
491,8,84.18,0.4293585174625802,28,81.17647058823529,86.48484848484848,84.96969696969697,1593,1220,1112,1692,1167,1634
492,8,84.21,0.4294869967937299,28,81.23529411764706,86.51515151515152,84.96969696969697,1595,1220,1112,1692,1167,1635
493,5,84.24,0.42961775878442543,28,81.29411764705883,86.54545454545455,84.96969696969697,1597,1220,1112,1692,1167,1636
494,2,84.27,0.42974842767295596,28,81.3529411764706,86.57575757575758,84.96969696969697,1599,1220,1112,1692,1167,1637
495,6,84.29,0.4298149246648475,28,81.38235294117646,86.60606060606061,84.96969696969697,1600,1220,1112,1692,1167,1638
496,7,84.31,0.429857668129522,28,81.38235294117646,86.63636363636364,85.0,1600,1220,1113,1692,1167,1639
497,7,84.34,0.42994071614892104,28,81.41176470588235,86.66666666666667,85.03030303030303,1601,1220,1114,1692,1167,1640
498,6,84.38,0.42989096942403415,28,81.44117647058823,86.6969696969697,85.0909090909091,1602,1220,1116,1692,1167,1641
499,6,84.41,0.42983177348655377,28,81.47058823529412,86.6969696969697,85.15151515151516,1603,1220,1118,1692,1167,1641
500,6,84.44,0.4297726196115585,28,81.5,86.6969696969697,85.21212121212122,1604,1220,1120,1692,1167,1641
501,6,84.47,0.4297135077542322,28,81.52941176470588,86.6969696969697,85.27272727272727,1605,1220,1122,1692,1167,1641
502,6,84.5,0.4296639053254438,28,81.55882352941177,86.6969696969697,85.33333333333333,1606,1220,1124,1692,1167,1641
503,6,84.53,0.4296167041287117,28,81.58823529411765,86.6969696969697,85.39393939393939,1607,1220,1126,1692,1167,1641
504,6,84.56,0.4295719016083255,28,81.61764705882354,86.6969696969697,85.45454545454545,1608,1220,1128,1692,1167,1641
505,6,84.59,0.4295271308665327,28,81.6470588235294,86.6969696969697,85.51515151515152,1609,1220,1130,1692,1167,1641
506,6,84.62,0.42948948239186957,28,81.67647058823529,86.6969696969697,85.57575757575758,1610,1220,1132,1692,1167,1641
507,7,84.64,0.42942107750472586,28,81.70588235294117,86.6969696969697,85.60606060606061,1611,1220,1133,1692,1167,1641
508,11,84.66,0.42935506732813605,28,81.73529411764706,86.6969696969697,85.63636363636364,1612,1220,1134,1692,1167,1641
509,10,84.7,0.42934356552538366,28,81.76470588235294,86.6969696969697,85.72727272727273,1613,1220,1136,1693,1167,1641
510,9,84.74,0.4293438753835261,28,81.79411764705883,86.6969696969697,85.81818181818181,1614,1220,1138,1694,1167,1641
511,9,84.77,0.4293370296095317,28,81.82352941176471,86.6969696969697,85.87878787878788,1615,1220,1140,1694,1167,1641
512,9,84.8,0.429311320754717,28,81.82352941176471,86.6969696969697,85.96969696969697,1615,1220,1142,1695,1167,1641
513,12,84.83,0.4292950607096546,28,81.82352941176471,86.6969696969697,86.06060606060606,1615,1220,1144,1696,1167,1641
514,14,84.87,0.42933074113349834,28,81.8529411764706,86.6969696969697,86.15151515151516,1616,1220,1146,1697,1167,1641
515,13,84.91,0.4293758096808385,28,81.88235294117646,86.6969696969697,86.24242424242425,1617,1220,1148,1698,1167,1641
516,15,84.95,0.4294278987639788,28,81.91176470588235,86.6969696969697,86.33333333333333,1618,1220,1150,1699,1167,1641
517,17,84.99,0.42948935168843394,28,81.94117647058823,86.6969696969697,86.42424242424242,1619,1220,1152,1700,1167,1641
518,19,85.03,0.4295601552393273,28,81.97058823529412,86.6969696969697,86.51515151515152,1620,1220,1154,1701,1167,1641
519,18,85.07,0.42964029622663685,28,82.0,86.6969696969697,86.60606060606061,1621,1220,1156,1702,1167,1641
520,17,85.11,0.4297250616848784,28,82.02941176470588,86.6969696969697,86.6969696969697,1622,1220,1158,1703,1167,1641
521,13,85.15,0.4298144450968879,28,82.05882352941177,86.6969696969697,86.78787878787878,1623,1220,1160,1704,1167,1641
522,8,85.2,0.4299037558685446,28,82.08823529411765,86.72727272727273,86.87878787878788,1624,1220,1162,1705,1167,1642
523,10,85.24,0.4299507273580479,28,82.11764705882354,86.75757575757575,86.93939393939394,1625,1220,1163,1706,1167,1643
524,13,85.27,0.43001876392635163,28,82.1470588235294,86.78787878787878,86.96969696969697,1626,1220,1163,1707,1167,1644
525,13,85.3,0.4301313012895662,28,82.17647058823529,86.78787878787878,87.03030303030303,1627,1220,1164,1708,1167,1644
526,13,85.33,0.4302437595218563,28,82.20588235294117,86.78787878787878,87.0909090909091,1628,1220,1165,1709,1167,1644
527,16,85.36,0.4303561387066541,28,82.23529411764706,86.78787878787878,87.15151515151516,1629,1220,1166,1710,1167,1644
528,14,85.41,0.43047301252780706,28,82.26470588235294,86.81818181818181,87.24242424242425,1630,1220,1168,1711,1167,1645
529,9,85.46,0.43059208986660424,28,82.29411764705883,86.84848484848484,87.33333333333333,1631,1220,1170,1712,1167,1646
530,7,85.51,0.43071102794994737,28,82.32352941176471,86.87878787878788,87.42424242424242,1632,1220,1172,1713,1167,1647
531,5,85.53,0.4307786741494213,28,82.32352941176471,86.87878787878788,87.48484848484848,1632,1220,1173,1714,1167,1647
532,4,85.54,0.4308043020808978,28,82.32352941176471,86.87878787878788,87.51515151515152,1632,1220,1173,1715,1167,1647
533,3,85.55,0.4308299240210403,28,82.32352941176471,86.87878787878788,87.54545454545455,1632,1220,1173,1716,1167,1647
534,2,85.56,0.4308555399719495,28,82.32352941176471,86.87878787878788,87.57575757575758,1632,1220,1173,1717,1167,1647
535,1,85.57,0.43088348720345915,28,82.32352941176471,86.87878787878788,87.60606060606061,1632,1220,1173,1718,1167,1647
536,0,85.58,0.43091142790371584,28,82.32352941176471,86.87878787878788,87.63636363636364,1632,1220,1173,1719,1167,1647
537,0,85.58,0.43091142790371584,28,82.32352941176471,86.87878787878788,87.63636363636364,1632,1220,1173,1719,1167,1647
538,0,85.58,0.43091142790371584,28,82.32352941176471,86.87878787878788,87.63636363636364,1632,1220,1173,1719,1167,1647
539,0,85.58,0.43091142790371584,28,82.32352941176471,86.87878787878788,87.63636363636364,1632,1220,1173,1719,1167,1647
540,0,85.58,0.43091142790371584,28,82.32352941176471,86.87878787878788,87.63636363636364,1632,1220,1173,1719,1167,1647
541,0,85.58,0.43091142790371584,28,82.32352941176471,86.87878787878788,87.63636363636364,1632,1220,1173,1719,1167,1647
542,0,85.58,0.43091142790371584,28,82.32352941176471,86.87878787878788,87.63636363636364,1632,1220,1173,1719,1167,1647
543,0,85.58,0.43091142790371584,28,82.32352941176471,86.87878787878788,87.63636363636364,1632,1220,1173,1719,1167,1647
544,0,85.58,0.43091142790371584,28,82.32352941176471,86.87878787878788,87.63636363636364,1632,1220,1173,1719,1167,1647
545,0,85.58,0.43091142790371584,28,82.32352941176471,86.87878787878788,87.63636363636364,1632,1220,1173,1719,1167,1647
546,0,85.58,0.43091142790371584,28,82.32352941176471,86.87878787878788,87.63636363636364,1632,1220,1173,1719,1167,1647
547,0,85.58,0.43091142790371584,28,82.32352941176471,86.87878787878788,87.63636363636364,1632,1220,1173,1719,1167,1647
548,0,85.58,0.43091142790371584,28,82.32352941176471,86.87878787878788,87.63636363636364,1632,1220,1173,1719,1167,1647
549,0,85.58,0.43091142790371584,28,82.32352941176471,86.87878787878788,87.63636363636364,1632,1220,1173,1719,1167,1647
550,0,85.58,0.43091142790371584,28,82.32352941176471,86.87878787878788,87.63636363636364,1632,1220,1173,1719,1167,1647
551,0,85.58,0.43091142790371584,28,82.32352941176471,86.87878787878788,87.63636363636364,1632,1220,1173,1719,1167,1647
552,0,85.58,0.43091142790371584,28,82.32352941176471,86.87878787878788,87.63636363636364,1632,1220,1173,1719,1167,1647
553,0,85.58,0.43091142790371584,28,82.32352941176471,86.87878787878788,87.63636363636364,1632,1220,1173,1719,1167,1647
554,0,85.58,0.43091142790371584,28,82.32352941176471,86.87878787878788,87.63636363636364,1632,1220,1173,1719,1167,1647
555,0,85.58,0.43091142790371584,28,82.32352941176471,86.87878787878788,87.63636363636364,1632,1220,1173,1719,1167,1647
556,0,85.58,0.43091142790371584,28,82.32352941176471,86.87878787878788,87.63636363636364,1632,1220,1173,1719,1167,1647
557,0,85.58,0.43091142790371584,28,82.32352941176471,86.87878787878788,87.63636363636364,1632,1220,1173,1719,1167,1647
558,0,85.58,0.43091142790371584,28,82.32352941176471,86.87878787878788,87.63636363636364,1632,1220,1173,1719,1167,1647
559,0,85.58,0.43091142790371584,28,82.32352941176471,86.87878787878788,87.63636363636364,1632,1220,1173,1719,1167,1647
560,0,85.58,0.43091142790371584,28,82.32352941176471,86.87878787878788,87.63636363636364,1632,1220,1173,1719,1167,1647
561,0,85.58,0.43091142790371584,28,82.32352941176471,86.87878787878788,87.63636363636364,1632,1220,1173,1719,1167,1647
562,0,85.58,0.43091142790371584,28,82.32352941176471,86.87878787878788,87.63636363636364,1632,1220,1173,1719,1167,1647
563,0,85.58,0.43091142790371584,28,82.32352941176471,86.87878787878788,87.63636363636364,1632,1220,1173,1719,1167,1647
564,0,85.58,0.43091142790371584,28,82.32352941176471,86.87878787878788,87.63636363636364,1632,1220,1173,1719,1167,1647
565,0,85.58,0.43091142790371584,28,82.32352941176471,86.87878787878788,87.63636363636364,1632,1220,1173,1719,1167,1647
566,0,85.58,0.43091142790371584,28,82.32352941176471,86.87878787878788,87.63636363636364,1632,1220,1173,1719,1167,1647
567,0,85.58,0.43091142790371584,28,82.32352941176471,86.87878787878788,87.63636363636364,1632,1220,1173,1719,1167,1647
568,0,85.58,0.43091142790371584,28,82.32352941176471,86.87878787878788,87.63636363636364,1632,1220,1173,1719,1167,1647
569,0,85.58,0.43091142790371584,28,82.32352941176471,86.87878787878788,87.63636363636364,1632,1220,1173,1719,1167,1647
570,0,85.58,0.43091142790371584,28,82.32352941176471,86.87878787878788,87.63636363636364,1632,1220,1173,1719,1167,1647
571,0,85.58,0.43091142790371584,28,82.32352941176471,86.87878787878788,87.63636363636364,1632,1220,1173,1719,1167,1647
572,0,85.58,0.43091142790371584,28,82.32352941176471,86.87878787878788,87.63636363636364,1632,1220,1173,1719,1167,1647
573,0,85.58,0.43091142790371584,28,82.32352941176471,86.87878787878788,87.63636363636364,1632,1220,1173,1719,1167,1647
574,0,85.58,0.43091142790371584,28,82.32352941176471,86.87878787878788,87.63636363636364,1632,1220,1173,1719,1167,1647
575,0,85.58,0.43091142790371584,28,82.32352941176471,86.87878787878788,87.63636363636364,1632,1220,1173,1719,1167,1647
576,0,85.58,0.43091142790371584,28,82.32352941176471,86.87878787878788,87.63636363636364,1632,1220,1173,1719,1167,1647
577,0,85.58,0.43091142790371584,28,82.32352941176471,86.87878787878788,87.63636363636364,1632,1220,1173,1719,1167,1647
578,0,85.58,0.43091142790371584,28,82.32352941176471,86.87878787878788,87.63636363636364,1632,1220,1173,1719,1167,1647
579,0,85.58,0.43091142790371584,28,82.32352941176471,86.87878787878788,87.63636363636364,1632,1220,1173,1719,1167,1647
580,0,85.58,0.43091142790371584,28,82.32352941176471,86.87878787878788,87.63636363636364,1632,1220,1173,1719,1167,1647
581,0,85.58,0.43091142790371584,28,82.32352941176471,86.87878787878788,87.63636363636364,1632,1220,1173,1719,1167,1647
582,0,85.58,0.43091142790371584,28,82.32352941176471,86.87878787878788,87.63636363636364,1632,1220,1173,1719,1167,1647
583,0,85.58,0.43091142790371584,28,82.32352941176471,86.87878787878788,87.63636363636364,1632,1220,1173,1719,1167,1647
584,0,85.58,0.43091142790371584,28,82.32352941176471,86.87878787878788,87.63636363636364,1632,1220,1173,1719,1167,1647
585,0,85.58,0.43091142790371584,28,82.32352941176471,86.87878787878788,87.63636363636364,1632,1220,1173,1719,1167,1647
586,0,85.58,0.43091142790371584,28,82.32352941176471,86.87878787878788,87.63636363636364,1632,1220,1173,1719,1167,1647
587,0,85.58,0.43091142790371584,28,82.32352941176471,86.87878787878788,87.63636363636364,1632,1220,1173,1719,1167,1647
588,0,85.58,0.43091142790371584,28,82.32352941176471,86.87878787878788,87.63636363636364,1632,1220,1173,1719,1167,1647
589,0,85.58,0.43091142790371584,28,82.32352941176471,86.87878787878788,87.63636363636364,1632,1220,1173,1719,1167,1647
590,0,85.58,0.43091142790371584,28,82.32352941176471,86.87878787878788,87.63636363636364,1632,1220,1173,1719,1167,1647
591,0,85.58,0.43091142790371584,28,82.32352941176471,86.87878787878788,87.63636363636364,1632,1220,1173,1719,1167,1647
592,0,85.58,0.43091142790371584,28,82.32352941176471,86.87878787878788,87.63636363636364,1632,1220,1173,1719,1167,1647
593,0,85.58,0.43091142790371584,28,82.32352941176471,86.87878787878788,87.63636363636364,1632,1220,1173,1719,1167,1647
594,0,85.58,0.43091142790371584,28,82.32352941176471,86.87878787878788,87.63636363636364,1632,1220,1173,1719,1167,1647
595,0,85.58,0.43091142790371584,28,82.32352941176471,86.87878787878788,87.63636363636364,1632,1220,1173,1719,1167,1647
596,0,85.58,0.43091142790371584,28,82.32352941176471,86.87878787878788,87.63636363636364,1632,1220,1173,1719,1167,1647
597,0,85.58,0.43091142790371584,28,82.32352941176471,86.87878787878788,87.63636363636364,1632,1220,1173,1719,1167,1647
598,0,85.58,0.43091142790371584,28,82.32352941176471,86.87878787878788,87.63636363636364,1632,1220,1173,1719,1167,1647
599,0,85.58,0.43091142790371584,28,82.32352941176471,86.87878787878788,87.63636363636364,1632,1220,1173,1719,1167,1647
600,0,85.58,0.43091142790371584,28,82.32352941176471,86.87878787878788,87.63636363636364,1632,1220,1173,1719,1167,1647
601,0,85.58,0.43091142790371584,28,82.32352941176471,86.87878787878788,87.63636363636364,1632,1220,1173,1719,1167,1647
602,0,85.58,0.43091142790371584,28,82.32352941176471,86.87878787878788,87.63636363636364,1632,1220,1173,1719,1167,1647
603,0,85.58,0.43091142790371584,28,82.32352941176471,86.87878787878788,87.63636363636364,1632,1220,1173,1719,1167,1647
604,0,85.58,0.43091142790371584,28,82.32352941176471,86.87878787878788,87.63636363636364,1632,1220,1173,1719,1167,1647
605,0,85.58,0.43091142790371584,28,82.32352941176471,86.87878787878788,87.63636363636364,1632,1220,1173,1719,1167,1647
606,0,85.58,0.43091142790371584,28,82.32352941176471,86.87878787878788,87.63636363636364,1632,1220,1173,1719,1167,1647
607,0,85.58,0.43091142790371584,28,82.32352941176471,86.87878787878788,87.63636363636364,1632,1220,1173,1719,1167,1647
608,3,85.58,0.43091142790371584,28,82.32352941176471,86.87878787878788,87.63636363636364,1632,1220,1173,1719,1167,1647
609,2,85.59,0.4307570977917981,28,82.32352941176471,86.87878787878788,87.66666666666667,1632,1220,1174,1719,1167,1647
610,1,85.6,0.4306051401869159,28,82.32352941176471,86.87878787878788,87.6969696969697,1632,1220,1175,1719,1167,1647
611,0,85.61,0.4304578904333606,28,82.32352941176471,86.87878787878788,87.72727272727273,1632,1220,1176,1719,1167,1647
612,3,85.61,0.4304578904333606,28,82.32352941176471,86.87878787878788,87.72727272727273,1632,1220,1176,1719,1167,1647
613,2,85.62,0.43042046250875965,28,82.3529411764706,86.87878787878788,87.72727272727273,1633,1220,1176,1719,1167,1647
614,1,85.63,0.43038771458600955,28,82.38235294117646,86.87878787878788,87.72727272727273,1634,1220,1176,1719,1167,1647
615,0,85.64,0.43035964502568896,28,82.41176470588235,86.87878787878788,87.72727272727273,1635,1220,1176,1719,1167,1647
616,0,85.64,0.43035964502568896,28,82.41176470588235,86.87878787878788,87.72727272727273,1635,1220,1176,1719,1167,1647
617,3,85.64,0.43035964502568896,28,82.41176470588235,86.87878787878788,87.72727272727273,1635,1220,1176,1719,1167,1647
618,5,85.65,0.4304179801517805,28,82.44117647058823,86.87878787878788,87.72727272727273,1636,1220,1176,1719,1167,1647
619,4,85.66,0.43047630165771655,28,82.47058823529412,86.87878787878788,87.72727272727273,1637,1220,1176,1719,1167,1647
620,5,85.68,0.4305112044817927,28,82.52941176470588,86.87878787878788,87.72727272727273,1639,1220,1176,1719,1167,1647
621,2,85.71,0.4305996966514992,28,82.58823529411765,86.87878787878788,87.75757575757575,1641,1220,1177,1719,1167,1647
622,1,85.72,0.43065095660289315,28,82.58823529411765,86.87878787878788,87.78787878787878,1641,1220,1178,1719,1167,1647
623,0,85.73,0.4307022045958241,28,82.58823529411765,86.87878787878788,87.81818181818181,1641,1220,1179,1719,1167,1647
624,0,85.73,0.4307022045958241,28,82.58823529411765,86.87878787878788,87.81818181818181,1641,1220,1179,1719,1167,1647
625,0,85.73,0.4307022045958241,28,82.58823529411765,86.87878787878788,87.81818181818181,1641,1220,1179,1719,1167,1647
626,0,85.73,0.4307022045958241,28,82.58823529411765,86.87878787878788,87.81818181818181,1641,1220,1179,1719,1167,1647
627,0,85.73,0.4307022045958241,28,82.58823529411765,86.87878787878788,87.81818181818181,1641,1220,1179,1719,1167,1647
628,0,85.73,0.4307022045958241,28,82.58823529411765,86.87878787878788,87.81818181818181,1641,1220,1179,1719,1167,1647
629,0,85.73,0.4307022045958241,28,82.58823529411765,86.87878787878788,87.81818181818181,1641,1220,1179,1719,1167,1647
630,0,85.73,0.4307022045958241,28,82.58823529411765,86.87878787878788,87.81818181818181,1641,1220,1179,1719,1167,1647
631,0,85.73,0.4307022045958241,28,82.58823529411765,86.87878787878788,87.81818181818181,1641,1220,1179,1719,1167,1647
632,0,85.73,0.4307022045958241,28,82.58823529411765,86.87878787878788,87.81818181818181,1641,1220,1179,1719,1167,1647
633,0,85.73,0.4307022045958241,28,82.58823529411765,86.87878787878788,87.81818181818181,1641,1220,1179,1719,1167,1647
634,0,85.73,0.4307022045958241,28,82.58823529411765,86.87878787878788,87.81818181818181,1641,1220,1179,1719,1167,1647
635,0,85.73,0.4307022045958241,28,82.58823529411765,86.87878787878788,87.81818181818181,1641,1220,1179,1719,1167,1647
636,0,85.73,0.4307022045958241,28,82.58823529411765,86.87878787878788,87.81818181818181,1641,1220,1179,1719,1167,1647
637,0,85.73,0.4307022045958241,28,82.58823529411765,86.87878787878788,87.81818181818181,1641,1220,1179,1719,1167,1647
638,0,85.73,0.4307022045958241,28,82.58823529411765,86.87878787878788,87.81818181818181,1641,1220,1179,1719,1167,1647
639,0,85.73,0.4307022045958241,28,82.58823529411765,86.87878787878788,87.81818181818181,1641,1220,1179,1719,1167,1647
640,0,85.73,0.4307022045958241,28,82.58823529411765,86.87878787878788,87.81818181818181,1641,1220,1179,1719,1167,1647
641,0,85.73,0.4307022045958241,28,82.58823529411765,86.87878787878788,87.81818181818181,1641,1220,1179,1719,1167,1647
642,0,85.73,0.4307022045958241,28,82.58823529411765,86.87878787878788,87.81818181818181,1641,1220,1179,1719,1167,1647
643,0,85.73,0.4307022045958241,28,82.58823529411765,86.87878787878788,87.81818181818181,1641,1220,1179,1719,1167,1647
644,0,85.73,0.4307022045958241,28,82.58823529411765,86.87878787878788,87.81818181818181,1641,1220,1179,1719,1167,1647
645,0,85.73,0.4307022045958241,28,82.58823529411765,86.87878787878788,87.81818181818181,1641,1220,1179,1719,1167,1647
646,3,85.73,0.4307022045958241,28,82.58823529411765,86.87878787878788,87.81818181818181,1641,1220,1179,1719,1167,1647
647,5,85.74,0.4307604385351061,28,82.61764705882354,86.87878787878788,87.81818181818181,1642,1220,1179,1719,1167,1647
648,4,85.75,0.4308186588921283,28,82.6470588235294,86.87878787878788,87.81818181818181,1643,1220,1179,1719,1167,1647
649,5,85.77,0.43085344526058067,28,82.70588235294117,86.87878787878788,87.81818181818181,1644,1220,1179,1719,1168,1647
650,8,85.8,0.4307482517482517,28,82.76470588235294,86.87878787878788,87.84848484848484,1645,1220,1180,1719,1169,1647
651,5,85.83,0.4306454619596877,28,82.82352941176471,86.87878787878788,87.87878787878788,1646,1220,1181,1719,1170,1647
652,5,85.86,0.43054507337526204,28,82.88235294117646,86.87878787878788,87.9090909090909,1647,1220,1182,1719,1171,1647
653,3,85.88,0.43038658593386114,28,82.91176470588235,86.87878787878788,87.93939393939394,1647,1220,1183,1719,1172,1647
654,2,85.89,0.4303748981255094,28,82.94117647058823,86.87878787878788,87.93939393939394,1647,1220,1183,1719,1173,1647
655,1,85.9,0.43036321303841674,28,82.97058823529412,86.87878787878788,87.93939393939394,1647,1220,1183,1719,1174,1647
656,0,85.91,0.43035153067163306,28,83.0,86.87878787878788,87.93939393939394,1647,1220,1183,1719,1175,1647
657,0,85.91,0.43035153067163306,28,83.0,86.87878787878788,87.93939393939394,1647,1220,1183,1719,1175,1647
658,0,85.91,0.43035153067163306,28,83.0,86.87878787878788,87.93939393939394,1647,1220,1183,1719,1175,1647
659,0,85.91,0.43035153067163306,28,83.0,86.87878787878788,87.93939393939394,1647,1220,1183,1719,1175,1647
660,0,85.91,0.43035153067163306,28,83.0,86.87878787878788,87.93939393939394,1647,1220,1183,1719,1175,1647
661,0,85.91,0.43035153067163306,28,83.0,86.87878787878788,87.93939393939394,1647,1220,1183,1719,1175,1647
662,0,85.91,0.43035153067163306,28,83.0,86.87878787878788,87.93939393939394,1647,1220,1183,1719,1175,1647
663,0,85.91,0.43035153067163306,28,83.0,86.87878787878788,87.93939393939394,1647,1220,1183,1719,1175,1647
664,0,85.91,0.43035153067163306,28,83.0,86.87878787878788,87.93939393939394,1647,1220,1183,1719,1175,1647
665,0,85.91,0.43035153067163306,28,83.0,86.87878787878788,87.93939393939394,1647,1220,1183,1719,1175,1647
666,0,85.91,0.43035153067163306,28,83.0,86.87878787878788,87.93939393939394,1647,1220,1183,1719,1175,1647
667,0,85.91,0.43035153067163306,28,83.0,86.87878787878788,87.93939393939394,1647,1220,1183,1719,1175,1647
668,0,85.91,0.43035153067163306,28,83.0,86.87878787878788,87.93939393939394,1647,1220,1183,1719,1175,1647
669,0,85.91,0.43035153067163306,28,83.0,86.87878787878788,87.93939393939394,1647,1220,1183,1719,1175,1647
670,0,85.91,0.43035153067163306,28,83.0,86.87878787878788,87.93939393939394,1647,1220,1183,1719,1175,1647
671,0,85.91,0.43035153067163306,28,83.0,86.87878787878788,87.93939393939394,1647,1220,1183,1719,1175,1647
672,0,85.91,0.43035153067163306,28,83.0,86.87878787878788,87.93939393939394,1647,1220,1183,1719,1175,1647
673,0,85.91,0.43035153067163306,28,83.0,86.87878787878788,87.93939393939394,1647,1220,1183,1719,1175,1647
674,0,85.91,0.43035153067163306,28,83.0,86.87878787878788,87.93939393939394,1647,1220,1183,1719,1175,1647
675,0,85.91,0.43035153067163306,28,83.0,86.87878787878788,87.93939393939394,1647,1220,1183,1719,1175,1647
676,3,85.91,0.43035153067163306,28,83.0,86.87878787878788,87.93939393939394,1647,1220,1183,1719,1175,1647
677,5,85.92,0.4303375232774674,28,83.0,86.87878787878788,87.96969696969697,1647,1220,1184,1719,1175,1647
678,6,85.94,0.4303700255992553,28,83.02941176470588,86.87878787878788,88.0,1648,1220,1185,1719,1175,1647
679,6,85.97,0.4302628824008375,28,83.08823529411765,86.87878787878788,88.03030303030303,1650,1220,1186,1719,1175,1647
680,6,86.0,0.43016046511627903,28,83.1470588235294,86.87878787878788,88.06060606060606,1652,1220,1187,1719,1175,1647
681,12,86.03,0.43005811926072296,28,83.20588235294117,86.87878787878788,88.0909090909091,1654,1220,1188,1719,1175,1647
682,14,86.07,0.4299047287091902,28,83.26470588235294,86.87878787878788,88.15151515151516,1656,1220,1190,1719,1175,1647
683,15,86.12,0.4297979563399907,28,83.32352941176471,86.87878787878788,88.24242424242425,1658,1220,1193,1719,1175,1647
684,33,86.18,0.4297609654212114,28,83.38235294117646,86.9090909090909,88.33333333333333,1660,1221,1196,1719,1175,1647
685,38,86.25,0.4296521739130435,28,83.47058823529412,86.96969696969697,88.39393939393939,1663,1223,1198,1719,1175,1647
686,58,86.32,0.42954819277108436,28,83.55882352941177,87.03030303030303,88.45454545454545,1666,1225,1200,1719,1175,1647
687,59,86.4,0.42941203703703706,28,83.6470588235294,87.0909090909091,88.54545454545455,1669,1227,1203,1719,1175,1647
688,57,86.48,0.4292900092506938,28,83.73529411764706,87.15151515151516,88.63636363636364,1672,1229,1206,1719,1175,1647
689,55,86.56,0.4291728280961183,28,83.82352941176471,87.21212121212122,88.72727272727273,1675,1231,1209,1719,1175,1647
690,65,86.64,0.42906509695290856,28,83.91176470588235,87.27272727272727,88.81818181818181,1678,1233,1212,1719,1175,1647
691,68,86.73,0.4288377723970945,28,84.0,87.36363636363636,88.9090909090909,1681,1235,1215,1719,1175,1648
692,65,86.82,0.42861782999308917,28,84.08823529411765,87.45454545454545,89.0,1684,1237,1218,1719,1175,1649
693,62,86.91,0.4284029455758831,28,84.17647058823529,87.54545454545455,89.0909090909091,1687,1239,1221,1719,1175,1650
694,53,87.0,0.42819080459770115,28,84.26470588235294,87.63636363636364,89.18181818181819,1690,1241,1224,1719,1175,1651
695,50,87.09,0.4279836950281318,28,84.3529411764706,87.72727272727273,89.27272727272727,1693,1243,1227,1719,1175,1652
696,51,87.17,0.42779970173224735,28,84.44117647058823,87.81818181818181,89.33333333333333,1696,1245,1229,1719,1175,1653
697,58,87.25,0.4276206303724928,28,84.52941176470588,87.9090909090909,89.39393939393939,1699,1247,1231,1719,1175,1654
698,58,87.34,0.42743302038012365,28,84.61764705882354,88.0,89.48484848484848,1702,1249,1234,1719,1175,1655
699,61,87.43,0.4272549468145945,28,84.70588235294117,88.0909090909091,89.57575757575758,1705,1251,1237,1719,1175,1656
700,69,87.53,0.42705929395635783,28,84.79411764705883,88.21212121212122,89.66666666666667,1708,1254,1240,1719,1175,1657
701,73,87.64,0.4268370607028754,28,84.88235294117646,88.33333333333333,89.78787878787878,1711,1257,1243,1720,1175,1658
702,74,87.75,0.42663133903133904,28,84.97058823529412,88.45454545454545,89.9090909090909,1714,1260,1246,1721,1175,1659
703,75,87.86,0.4264443432733895,28,85.05882352941177,88.57575757575758,90.03030303030303,1717,1263,1249,1722,1175,1660
704,70,87.97,0.42627145617824264,28,85.1470588235294,88.6969696969697,90.15151515151516,1720,1266,1252,1723,1175,1661
705,65,88.08,0.4261035422343324,28,85.23529411764706,88.81818181818181,90.27272727272727,1723,1269,1255,1724,1175,1662
706,81,88.19,0.42595192198661974,28,85.32352941176471,88.93939393939394,90.39393939393939,1726,1272,1258,1725,1175,1663
707,80,88.29,0.42585003964208856,28,85.41176470588235,89.03030303030303,90.51515151515152,1729,1275,1261,1726,1175,1663
708,77,88.38,0.4257773251866938,28,85.5,89.12121212121212,90.60606060606061,1732,1278,1264,1726,1175,1663
709,77,88.47,0.42571154063524363,28,85.58823529411765,89.21212121212122,90.6969696969697,1735,1281,1267,1726,1175,1663
710,71,88.56,0.4256458897922312,28,85.67647058823529,89.3030303030303,90.78787878787878,1738,1284,1270,1726,1175,1663
711,68,88.65,0.4255848843767625,28,85.76470588235294,89.39393939393939,90.87878787878788,1741,1287,1273,1726,1175,1663
712,80,88.74,0.4255375253549695,28,85.8529411764706,89.48484848484848,90.96969696969697,1744,1290,1276,1726,1175,1663
713,79,88.84,0.4255132823052679,28,85.94117647058823,89.60606060606061,91.06060606060606,1747,1293,1279,1726,1175,1664
714,75,88.94,0.4254935911850686,28,86.02941176470588,89.72727272727273,91.15151515151516,1750,1296,1282,1726,1175,1665
715,74,89.04,0.4254761904761905,28,86.11764705882354,89.84848484848484,91.24242424242425,1753,1299,1285,1726,1175,1666
716,70,89.14,0.4254655597935831,28,86.20588235294117,89.96969696969697,91.33333333333333,1756,1302,1288,1726,1175,1667
717,72,89.24,0.42546167637830573,28,86.29411764705883,90.0909090909091,91.42424242424242,1759,1305,1291,1726,1175,1668
718,77,89.34,0.42546004029550033,28,86.38235294117646,90.21212121212122,91.51515151515152,1762,1308,1294,1726,1175,1669
719,73,89.44,0.42546511627906974,28,86.47058823529412,90.33333333333333,91.60606060606061,1765,1311,1297,1726,1175,1670
720,78,89.54,0.42548358275631004,28,86.55882352941177,90.45454545454545,91.6969696969697,1768,1314,1300,1726,1175,1671
721,80,89.64,0.42550870147255687,28,86.6470588235294,90.57575757575758,91.78787878787878,1771,1317,1303,1726,1175,1672
722,85,89.74,0.42554713617116113,28,86.73529411764706,90.6969696969697,91.87878787878788,1774,1320,1306,1726,1175,1673
723,84,89.84,0.42559884238646484,28,86.82352941176471,90.81818181818181,91.96969696969697,1777,1323,1309,1726,1175,1674
724,89,89.94,0.425657104736491,28,86.91176470588235,90.93939393939394,92.06060606060606,1780,1326,1312,1726,1175,1675
725,89,90.06,0.42557184099489226,28,87.0,91.06060606060606,92.21212121212122,1783,1329,1315,1728,1175,1676
726,80,90.18,0.42549789310268354,28,87.08823529411765,91.18181818181819,92.36363636363636,1786,1332,1318,1730,1175,1677
727,89,90.3,0.42545071982281285,28,87.17647058823529,91.3030303030303,92.51515151515152,1789,1335,1321,1732,1175,1678
728,86,90.42,0.4254147312541473,28,87.26470588235294,91.42424242424242,92.66666666666667,1792,1338,1324,1734,1175,1679
729,80,90.54,0.4254009277667329,28,87.3529411764706,91.54545454545455,92.81818181818181,1795,1341,1327,1736,1175,1680
730,83,90.66,0.4254070152217075,28,87.44117647058823,91.66666666666667,92.96969696969697,1798,1344,1330,1738,1175,1681
731,86,90.78,0.4254263053536021,28,87.52941176470588,91.78787878787878,93.12121212121212,1801,1347,1333,1740,1175,1682
732,77,90.9,0.42545434543454347,28,87.61764705882354,91.9090909090909,93.27272727272727,1804,1350,1336,1742,1175,1683
733,74,91.02,0.425493298176225,28,87.70588235294117,92.03030303030303,93.42424242424242,1807,1353,1339,1744,1175,1684
734,74,91.14,0.42554970375246876,28,87.79411764705883,92.15151515151516,93.57575757575758,1810,1356,1342,1746,1175,1685
735,68,91.26,0.42561911023449484,28,87.88235294117646,92.27272727272727,93.72727272727273,1813,1359,1345,1748,1175,1686
736,76,91.39,0.4257566473355947,28,87.97058823529412,92.42424242424242,93.87878787878788,1816,1363,1348,1750,1175,1687
737,79,91.54,0.4256478042385842,28,88.05882352941177,92.60606060606061,94.06060606060606,1819,1367,1352,1752,1175,1689
738,78,91.7,0.4256030534351145,28,88.17647058823529,92.78787878787878,94.24242424242425,1823,1371,1356,1754,1175,1691
739,88,91.87,0.42552193316643083,28,88.29411764705883,93.0,94.42424242424242,1827,1376,1360,1756,1175,1693
740,96,92.03,0.42559056829294795,28,88.41176470588235,93.18181818181819,94.60606060606061,1831,1381,1364,1758,1175,1694
741,89,92.19,0.4256763206421521,28,88.52941176470588,93.36363636363636,94.78787878787878,1835,1386,1368,1760,1175,1695
742,101,92.37,0.4255526686153513,28,88.67647058823529,93.54545454545455,95.0,1839,1391,1372,1763,1176,1696
743,95,92.55,0.42544894651539705,28,88.82352941176471,93.72727272727273,95.21212121212122,1843,1396,1376,1766,1177,1697
744,92,92.73,0.4253650382831877,28,88.97058823529412,93.9090909090909,95.42424242424242,1847,1401,1380,1769,1178,1698
745,92,92.91,0.42529437089656663,28,89.11764705882354,94.0909090909091,95.63636363636364,1851,1406,1384,1772,1179,1699
746,87,93.08,0.4253717232488182,28,89.23529411764706,94.27272727272727,95.84848484848484,1855,1411,1388,1775,1179,1700
747,85,93.25,0.42541018766756034,28,89.3529411764706,94.45454545454545,96.06060606060606,1859,1416,1392,1778,1179,1701
748,95,93.42,0.4255105973025048,28,89.47058823529412,94.63636363636364,96.27272727272727,1863,1421,1397,1780,1179,1702
749,90,93.59,0.42562346404530405,28,89.58823529411765,94.81818181818181,96.48484848484848,1867,1426,1402,1782,1179,1703
750,88,93.76,0.4257465870307167,28,89.70588235294117,95.0,96.6969696969697,1871,1431,1407,1784,1179,1704
751,99,93.92,0.4258454003407155,28,89.82352941176471,95.18181818181819,96.87878787878788,1875,1436,1411,1786,1179,1705
752,87,94.1,0.42586397449521785,28,89.94117647058823,95.39393939393939,97.0909090909091,1879,1441,1416,1788,1179,1707
753,86,94.29,0.42586806660303317,28,90.05882352941177,95.60606060606061,97.33333333333333,1883,1446,1421,1791,1179,1709
754,88,94.48,0.4258890770533446,28,90.17647058823529,95.81818181818181,97.57575757575758,1887,1451,1426,1794,1179,1711
755,85,94.66,0.4259898584407352,28,90.26470588235294,96.0,97.84848484848484,1890,1456,1431,1798,1179,1712
756,84,94.85,0.42613073273589874,28,90.38235294117646,96.18181818181819,98.12121212121212,1894,1461,1436,1802,1179,1713
757,86,95.04,0.42618055555555556,28,90.5,96.39393939393939,98.36363636363636,1898,1466,1441,1805,1179,1715
758,79,95.23,0.4262952850992335,28,90.61764705882354,96.63636363636364,98.57575757575758,1902,1472,1445,1808,1179,1717
759,73,95.41,0.42640289277853477,28,90.73529411764706,96.87878787878788,98.75757575757575,1906,1478,1448,1811,1179,1719
760,88,95.59,0.42651846427450574,28,90.8529411764706,97.12121212121212,98.93939393939394,1910,1484,1451,1814,1179,1721
761,87,95.78,0.42673835873877636,28,90.97058823529412,97.33333333333333,99.18181818181819,1914,1489,1455,1818,1179,1723
762,77,95.97,0.4268594352401792,28,91.08823529411765,97.57575757575758,99.39393939393939,1918,1495,1458,1822,1179,1725
763,85,96.16,0.42699251247920134,28,91.20588235294117,97.81818181818181,99.60606060606061,1922,1501,1461,1826,1179,1727
764,80,96.36,0.42703403902034043,28,91.32352941176471,98.06060606060606,99.84848484848484,1926,1507,1465,1830,1179,1729
765,79,96.55,0.4271082340756085,28,91.44117647058823,98.3030303030303,100.06060606060606,1930,1513,1469,1833,1179,1731
766,86,96.75,0.4272113695090439,28,91.55882352941177,98.54545454545455,100.3030303030303,1934,1519,1474,1836,1179,1733
767,88,96.94,0.42752217866721687,28,91.67647058823529,98.78787878787878,100.51515151515152,1938,1524,1478,1839,1179,1736
768,77,97.14,0.4277105208976735,28,91.79411764705883,99.03030303030303,100.75757575757575,1942,1529,1483,1842,1179,1739
769,73,97.33,0.4278999280797287,28,91.91176470588235,99.27272727272727,100.96969696969697,1946,1534,1488,1844,1179,1742
770,76,97.51,0.42804943082760744,28,92.02941176470588,99.51515151515152,101.15151515151516,1950,1539,1492,1846,1179,1745
771,65,97.68,0.4281715806715807,28,92.11764705882354,99.75757575757575,101.33333333333333,1953,1544,1496,1848,1179,1748
772,68,97.83,0.42828273535725236,28,92.23529411764706,99.96969696969697,101.45454545454545,1956,1548,1499,1849,1180,1751
773,68,97.98,0.4283955909369259,28,92.3529411764706,100.18181818181819,101.57575757575758,1959,1552,1502,1850,1181,1754
774,58,98.14,0.4285082535153862,28,92.47058823529412,100.39393939393939,101.72727272727273,1962,1556,1505,1852,1182,1757
775,69,98.3,0.4287426246185147,28,92.58823529411765,100.60606060606061,101.87878787878788,1965,1561,1508,1854,1183,1759
776,79,98.47,0.42902914593277136,28,92.70588235294117,100.81818181818181,102.06060606060606,1969,1566,1512,1856,1183,1761
777,80,98.64,0.4292802108678021,28,92.8529411764706,101.03030303030303,102.21212121212122,1973,1571,1515,1858,1184,1763
778,75,98.81,0.42953041190162944,28,93.0,101.24242424242425,102.36363636363636,1977,1576,1518,1860,1185,1765
779,74,98.97,0.42971304435687585,28,93.11764705882354,101.45454545454545,102.51515151515152,1980,1581,1521,1862,1186,1767
780,66,99.14,0.4299435142223119,28,93.23529411764706,101.66666666666667,102.6969696969697,1983,1586,1525,1864,1187,1769
781,61,99.31,0.43018326452522404,28,93.3529411764706,101.87878787878788,102.87878787878788,1986,1591,1529,1866,1188,1771
782,72,99.47,0.43056901578365336,28,93.5,102.0909090909091,103.0,1990,1596,1531,1868,1189,1773
783,67,99.64,0.430841027699719,28,93.67647058823529,102.3030303030303,103.12121212121212,1995,1601,1533,1870,1190,1775
784,68,99.81,0.431112113014728,28,93.8529411764706,102.51515151515152,103.24242424242425,2000,1606,1535,1872,1191,1777
785,70,99.97,0.43123637091127337,28,94.0,102.6969696969697,103.39393939393939,2004,1610,1537,1875,1192,1779
786,63,100.13,0.4313961849595526,28,94.1470588235294,102.87878787878788,103.54545454545455,2007,1614,1539,1878,1194,1781
787,64,100.3,0.43161316051844467,28,94.32352941176471,103.06060606060606,103.6969696969697,2011,1618,1541,1881,1196,1783
788,68,100.47,0.43182143923559274,28,94.5,103.24242424242425,103.84848484848484,2015,1622,1544,1883,1198,1785
789,67,100.63,0.43203517837622973,28,94.70588235294117,103.39393939393939,103.96969696969697,2020,1626,1546,1885,1200,1786
790,69,100.79,0.43222641135033235,28,94.88235294117646,103.54545454545455,104.12121212121212,2024,1630,1549,1887,1202,1787
791,66,100.94,0.43252823459480877,28,95.05882352941177,103.6969696969697,104.24242424242425,2028,1634,1551,1889,1204,1788
792,53,101.07,0.4327386959532997,28,95.23529411764706,103.78787878787878,104.36363636363636,2032,1637,1553,1891,1206,1788
793,59,101.19,0.43295088447475044,28,95.41176470588235,103.87878787878788,104.45454545454545,2036,1640,1555,1892,1208,1788
794,61,101.32,0.4331662060797473,28,95.58823529411765,103.96969696969697,104.57575757575758,2040,1643,1557,1894,1210,1788
795,50,101.46,0.43341612458111567,28,95.76470588235294,104.0909090909091,104.6969696969697,2044,1646,1559,1896,1212,1789
796,54,101.6,0.4336751968503937,28,95.94117647058823,104.21212121212122,104.81818181818181,2048,1649,1561,1898,1214,1790
797,52,101.71,0.4338383639760102,28,96.05882352941177,104.3030303030303,104.93939393939394,2051,1651,1563,1900,1215,1791
798,47,101.82,0.434001178550383,28,96.17647058823529,104.39393939393939,105.06060606060606,2054,1653,1565,1902,1216,1792
799,56,101.94,0.43422405336472436,28,96.29411764705883,104.51515151515152,105.18181818181819,2057,1656,1567,1904,1217,1793
800,60,102.05,0.4344487996080353,28,96.41176470588235,104.63636363636364,105.27272727272727,2060,1659,1569,1905,1218,1794
801,64,102.19,0.4346677757119092,28,96.55882352941177,104.78787878787878,105.39393939393939,2064,1663,1572,1906,1219,1795
802,64,102.34,0.43488176666015244,28,96.73529411764706,104.93939393939394,105.51515151515152,2068,1667,1575,1907,1221,1796
803,61,102.49,0.43509903405210265,28,96.91176470588235,105.0909090909091,105.63636363636364,2072,1671,1578,1908,1223,1797
804,50,102.63,0.4353376205787782,28,97.05882352941177,105.24242424242425,105.75757575757575,2076,1675,1581,1909,1224,1798
805,53,102.75,0.4355357664233577,28,97.17647058823529,105.36363636363636,105.87878787878788,2080,1678,1584,1910,1224,1799
806,46,102.85,0.4358259601361205,28,97.26470588235294,105.48484848484848,105.96969696969697,2083,1681,1586,1911,1224,1800
807,41,102.96,0.4361266511266511,28,97.38235294117646,105.60606060606061,106.06060606060606,2087,1684,1588,1912,1224,1801
808,51,103.07,0.436430581158436,28,97.5,105.72727272727273,106.15151515151516,2091,1687,1590,1913,1224,1802
809,46,103.18,0.4367377398720682,28,97.61764705882354,105.84848484848484,106.24242424242425,2095,1690,1592,1914,1224,1803
810,51,103.28,0.43699651432997677,28,97.70588235294117,105.96969696969697,106.33333333333333,2098,1693,1594,1915,1224,1804
811,64,103.39,0.43730631589128544,28,97.82352941176471,106.0909090909091,106.42424242424242,2102,1696,1596,1916,1224,1805
812,55,103.51,0.4376166553956139,28,97.94117647058823,106.21212121212122,106.54545454545455,2106,1699,1598,1918,1224,1806
813,49,103.63,0.43792627617485286,28,98.05882352941177,106.33333333333333,106.66666666666667,2110,1702,1600,1920,1224,1807
814,59,103.74,0.43823019086176984,28,98.17647058823529,106.45454545454545,106.75757575757575,2114,1705,1602,1921,1224,1808
815,51,103.85,0.43853923928743377,28,98.29411764705883,106.57575757575758,106.84848484848484,2118,1708,1604,1922,1224,1809
816,46,103.96,0.43884763370527125,28,98.41176470588235,106.6969696969697,106.93939393939394,2122,1711,1606,1923,1224,1810
817,56,104.07,0.4391630633227635,28,98.52941176470588,106.81818181818181,107.03030303030303,2126,1714,1608,1924,1224,1811
818,52,104.17,0.4394307382163771,28,98.61764705882354,106.93939393939394,107.12121212121212,2129,1717,1610,1925,1224,1812
819,47,104.28,0.4397487533563483,28,98.73529411764706,107.06060606060606,107.21212121212122,2133,1720,1612,1926,1224,1813
820,57,104.39,0.4400660982852764,28,98.8529411764706,107.18181818181819,107.3030303030303,2137,1723,1614,1927,1224,1814
821,49,104.5,0.4403827751196172,28,98.97058823529412,107.3030303030303,107.39393939393939,2141,1726,1616,1928,1224,1815
822,45,104.6,0.4406500956022945,28,99.05882352941177,107.42424242424242,107.48484848484848,2144,1729,1618,1929,1224,1816
823,59,104.7,0.44092263610315185,28,99.1470588235294,107.54545454545455,107.57575757575758,2147,1732,1620,1930,1224,1817
824,52,104.8,0.4411946564885496,28,99.23529411764706,107.66666666666667,107.66666666666667,2150,1735,1622,1931,1224,1818
825,47,104.91,0.441514631588981,28,99.3529411764706,107.78787878787878,107.75757575757575,2154,1738,1624,1932,1224,1819
826,60,105.02,0.441833936393068,28,99.47058823529412,107.9090909090909,107.84848484848484,2158,1741,1626,1933,1224,1820
827,58,105.13,0.4421544754113954,28,99.58823529411765,108.03030303030303,107.93939393939394,2162,1744,1628,1934,1224,1821
828,59,105.24,0.44247814519194223,28,99.70588235294117,108.15151515151516,108.03030303030303,2166,1747,1630,1935,1224,1822
829,63,105.35,0.4428011390602753,28,99.82352941176471,108.27272727272727,108.12121212121212,2170,1750,1632,1936,1224,1823
830,61,105.46,0.44312535558505595,28,99.94117647058823,108.39393939393939,108.21212121212122,2174,1753,1634,1937,1224,1824
831,56,105.57,0.4434507909443971,28,100.05882352941177,108.51515151515152,108.3030303030303,2178,1756,1636,1938,1224,1825
832,62,105.69,0.4437780300879932,28,100.17647058823529,108.63636363636364,108.42424242424242,2182,1759,1638,1940,1224,1826
833,63,105.8,0.44410018903591686,28,100.29411764705883,108.75757575757575,108.51515151515152,2186,1762,1640,1941,1224,1827
834,61,105.91,0.44442167878387306,28,100.41176470588235,108.87878787878788,108.60606060606061,2190,1765,1642,1942,1224,1828
835,62,106.02,0.4447425014148274,28,100.52941176470588,109.0,108.6969696969697,2194,1768,1644,1943,1224,1829
836,57,106.13,0.4450626590031094,28,100.6470588235294,109.12121212121212,108.78787878787878,2198,1771,1646,1944,1224,1830
837,51,106.25,0.4452470588235294,28,100.79411764705883,109.24242424242425,108.87878787878788,2202,1774,1647,1946,1225,1831
838,59,106.38,0.4454709531866892,28,100.94117647058823,109.36363636363636,109.0,2206,1777,1649,1948,1226,1832
839,58,106.51,0.44570368979438546,28,101.08823529411765,109.48484848484848,109.12121212121212,2210,1780,1651,1950,1227,1833
840,60,106.64,0.4459414853713428,28,101.23529411764706,109.60606060606061,109.24242424242425,2214,1783,1653,1952,1228,1834
841,59,106.77,0.44618806780930975,28,101.38235294117646,109.72727272727273,109.36363636363636,2218,1786,1655,1954,1229,1835
842,52,106.9,0.4464546304957904,28,101.5,109.87878787878788,109.48484848484848,2222,1789,1657,1956,1229,1837
843,55,107.02,0.44667165015884885,28,101.61764705882354,110.0,109.60606060606061,2226,1791,1659,1958,1229,1839
844,58,107.14,0.44689005040134405,28,101.73529411764706,110.12121212121212,109.72727272727273,2230,1793,1661,1960,1229,1841
845,54,107.27,0.4471623007364594,28,101.8529411764706,110.27272727272727,109.84848484848484,2234,1796,1663,1962,1229,1843
846,54,107.39,0.4473908185119657,28,101.97058823529412,110.39393939393939,109.96969696969697,2238,1798,1665,1964,1229,1845
847,54,107.51,0.4476262673239699,28,102.08823529411765,110.51515151515152,110.0909090909091,2242,1800,1667,1966,1229,1847
848,45,107.63,0.44786490755365604,28,102.20588235294117,110.63636363636364,110.21212121212122,2246,1802,1669,1968,1229,1849
849,46,107.74,0.44808798960460366,28,102.29411764705883,110.75757575757575,110.33333333333333,2249,1804,1671,1970,1229,1851
850,48,107.84,0.44827522255192875,28,102.38235294117646,110.84848484848484,110.45454545454545,2252,1806,1673,1972,1229,1852
851,48,107.93,0.4484193458723247,28,102.44117647058823,110.93939393939394,110.57575757575758,2254,1808,1675,1974,1229,1853
852,49,108.04,0.44862828582006664,28,102.55882352941177,111.03030303030303,110.6969696969697,2258,1810,1677,1976,1229,1854
853,50,108.15,0.4488368007397133,28,102.67647058823529,111.12121212121212,110.81818181818181,2262,1812,1679,1978,1229,1855
854,42,108.26,0.4490504341400332,28,102.79411764705883,111.21212121212122,110.93939393939394,2266,1814,1681,1980,1229,1856
855,39,108.35,0.4491988924780803,28,102.8529411764706,111.3030303030303,111.06060606060606,2268,1816,1683,1982,1229,1857
856,52,108.46,0.4494136087036696,28,102.97058823529412,111.39393939393939,111.18181818181819,2272,1818,1685,1984,1229,1858
857,44,108.57,0.44963157409965926,28,103.08823529411765,111.48484848484848,111.3030303030303,2276,1820,1687,1986,1229,1859
858,45,108.68,0.449850938535149,28,103.20588235294117,111.57575757575758,111.42424242424242,2280,1822,1689,1988,1229,1860
859,48,108.77,0.45000919371150133,28,103.26470588235294,111.66666666666667,111.54545454545455,2282,1824,1691,1990,1229,1861
860,44,108.87,0.45018737944337284,28,103.3529411764706,111.75757575757575,111.66666666666667,2285,1826,1693,1992,1229,1862
861,43,108.97,0.4503652381389373,28,103.44117647058823,111.84848484848484,111.78787878787878,2288,1828,1695,1994,1229,1863
862,45,109.07,0.45054460438250665,28,103.52941176470588,111.93939393939394,111.9090909090909,2291,1830,1697,1996,1229,1864
863,41,109.17,0.4507273060364569,28,103.61764705882354,112.03030303030303,112.03030303030303,2294,1832,1699,1998,1229,1865
864,34,109.27,0.45090967328635495,28,103.70588235294117,112.12121212121212,112.15151515151516,2297,1834,1701,2000,1229,1866
865,36,109.37,0.45109902166956206,28,103.79411764705883,112.21212121212122,112.27272727272727,2300,1836,1703,2002,1229,1867
866,32,109.47,0.45128802411619623,28,103.88235294117646,112.3030303030303,112.39393939393939,2303,1838,1705,2004,1229,1868
867,23,109.56,0.45146221248630886,28,103.94117647058823,112.39393939393939,112.51515151515152,2305,1840,1707,2006,1229,1869
868,24,109.64,0.4516307916818679,28,104.0,112.48484848484848,112.60606060606061,2307,1842,1709,2007,1229,1870
869,22,109.69,0.4517376242136931,28,104.02941176470588,112.57575757575758,112.63636363636364,2308,1844,1710,2007,1229,1871
870,17,109.74,0.4518443593949335,28,104.05882352941177,112.66666666666667,112.66666666666667,2309,1846,1711,2007,1229,1872
871,22,109.78,0.45195299690289675,28,104.08823529411765,112.72727272727273,112.6969696969697,2310,1848,1712,2007,1229,1872
872,21,109.82,0.4520615552722637,28,104.11764705882354,112.78787878787878,112.72727272727273,2311,1850,1713,2007,1229,1872
873,17,109.86,0.45217185508829416,28,104.1470588235294,112.84848484848484,112.75757575757575,2312,1852,1714,2007,1229,1872
874,22,109.9,0.4522820746132848,28,104.17647058823529,112.9090909090909,112.78787878787878,2313,1854,1715,2007,1229,1872
875,21,109.94,0.45239221393487355,28,104.20588235294117,112.96969696969697,112.81818181818181,2314,1856,1716,2007,1229,1872
876,17,109.98,0.452502273140571,28,104.23529411764706,113.03030303030303,112.84848484848484,2315,1858,1717,2007,1229,1872
877,22,110.02,0.45261225231776037,28,104.26470588235294,113.0909090909091,112.87878787878788,2316,1860,1718,2007,1229,1872
878,24,110.06,0.45272578593494456,28,104.29411764705883,113.15151515151516,112.9090909090909,2317,1862,1719,2007,1229,1872
879,25,110.11,0.45285169376078466,28,104.32352941176471,113.21212121212122,112.96969696969697,2318,1864,1721,2007,1229,1872
880,30,110.18,0.45302777273552364,28,104.38235294117646,113.27272727272727,113.06060606060606,2320,1866,1724,2007,1229,1872
881,29,110.25,0.4532054421768707,28,104.44117647058823,113.33333333333333,113.15151515151516,2322,1868,1727,2007,1229,1872
882,25,110.32,0.45338469905728784,28,104.5,113.39393939393939,113.24242424242425,2324,1870,1730,2007,1229,1872
883,30,110.39,0.4535691638735393,28,104.55882352941177,113.45454545454545,113.33333333333333,2326,1872,1733,2007,1229,1872
884,29,110.46,0.4537552055042549,28,104.61764705882354,113.51515151515152,113.42424242424242,2328,1874,1736,2007,1229,1872
885,25,110.53,0.45394101149009314,28,104.67647058823529,113.57575757575758,113.51515151515152,2330,1876,1739,2007,1229,1872
886,30,110.6,0.45412839059674504,28,104.73529411764706,113.63636363636364,113.60606060606061,2332,1878,1742,2007,1229,1872
887,29,110.67,0.4543155326646788,28,104.79411764705883,113.6969696969697,113.6969696969697,2334,1880,1745,2007,1229,1872
888,31,110.74,0.4545024381433989,28,104.8529411764706,113.75757575757575,113.78787878787878,2336,1882,1748,2007,1229,1872
889,37,110.83,0.4547802941441848,28,104.94117647058823,113.84848484848484,113.87878787878788,2339,1885,1751,2007,1229,1872
890,36,110.93,0.4550878932660236,28,105.02941176470588,113.93939393939394,114.0,2342,1888,1755,2007,1229,1872
891,32,111.03,0.45539673961992255,28,105.11764705882354,114.03030303030303,114.12121212121212,2345,1891,1759,2007,1229,1872
892,37,111.13,0.45570682983892735,28,105.20588235294117,114.12121212121212,114.24242424242425,2348,1894,1763,2007,1229,1872
893,36,111.23,0.45601816056819205,28,105.29411764705883,114.21212121212122,114.36363636363636,2351,1897,1767,2007,1229,1872
894,32,111.33,0.45633432138686786,28,105.38235294117646,114.3030303030303,114.48484848484848,2354,1900,1771,2007,1229,1872
895,37,111.43,0.45665170959346674,28,105.47058823529412,114.39393939393939,114.60606060606061,2357,1903,1775,2007,1229,1872
896,39,111.53,0.4569685286470008,28,105.55882352941177,114.48484848484848,114.72727272727273,2360,1906,1779,2007,1229,1872
897,40,111.64,0.4573074166965245,28,105.67647058823529,114.57575757575758,114.84848484848484,2364,1909,1783,2007,1229,1872
898,50,111.75,0.45764563758389265,28,105.79411764705883,114.66666666666667,114.96969696969697,2368,1912,1787,2007,1229,1872
899,54,111.86,0.4579867691757554,28,105.91176470588235,114.75757575757575,115.0909090909091,2372,1915,1791,2007,1229,1872
900,60,111.98,0.4582996963743525,28,106.05882352941177,114.84848484848484,115.21212121212122,2376,1918,1795,2007,1230,1872
901,65,112.11,0.45852733922040856,28,106.20588235294117,114.93939393939394,115.36363636363636,2380,1921,1800,2007,1231,1872
902,71,112.26,0.4586549082487083,28,106.41176470588235,115.03030303030303,115.51515151515152,2386,1924,1805,2007,1232,1872
903,70,112.42,0.4586746130581747,28,106.6470588235294,115.12121212121212,115.66666666666667,2392,1927,1810,2007,1234,1872
904,69,112.58,0.4587031444306271,28,106.88235294117646,115.21212121212122,115.81818181818181,2398,1930,1815,2007,1236,1872
905,66,112.73,0.4588210769094296,28,107.08823529411765,115.3030303030303,115.96969696969697,2402,1933,1820,2007,1239,1872
906,66,112.88,0.4589280652019844,28,107.29411764705883,115.42424242424242,116.0909090909091,2406,1936,1824,2007,1242,1873
907,77,113.01,0.45900628262985577,28,107.47058823529412,115.54545454545455,116.18181818181819,2409,1939,1827,2007,1245,1874
908,82,113.14,0.4590701785398621,28,107.6470588235294,115.66666666666667,116.27272727272727,2412,1942,1830,2007,1248,1875
909,83,113.28,0.4591507768361582,28,107.8529411764706,115.78787878787878,116.36363636363636,2416,1945,1833,2007,1251,1876
910,81,113.42,0.45938811497090465,28,108.02941176470588,115.9090909090909,116.48484848484848,2420,1948,1837,2007,1253,1877
911,87,113.57,0.45952716386369635,28,108.20588235294117,116.03030303030303,116.63636363636364,2424,1951,1841,2008,1255,1878
912,86,113.7,0.4596235708003518,28,108.38235294117646,116.15151515151516,116.72727272727273,2428,1954,1843,2009,1257,1879
913,92,113.82,0.45977684062554913,28,108.55882352941177,116.24242424242425,116.81818181818181,2432,1957,1845,2010,1259,1879
914,86,113.94,0.45993154291732485,28,108.73529411764706,116.33333333333333,116.9090909090909,2436,1960,1847,2011,1261,1879
915,83,114.06,0.4600911800806593,28,108.91176470588235,116.42424242424242,117.0,2440,1963,1849,2012,1263,1879
916,86,114.18,0.46025223331581716,28,109.08823529411765,116.51515151515152,117.0909090909091,2444,1966,1851,2013,1265,1879
917,83,114.3,0.46041819772528436,28,109.26470588235294,116.60606060606061,117.18181818181819,2448,1969,1853,2014,1267,1879
918,82,114.43,0.46051472515948616,28,109.47058823529412,116.6969696969697,117.27272727272727,2452,1972,1855,2015,1270,1879
919,75,114.56,0.46062150837988824,28,109.67647058823529,116.78787878787878,117.36363636363636,2456,1975,1857,2016,1273,1879
920,78,114.68,0.4608004883153122,28,109.8529411764706,116.87878787878788,117.45454545454545,2460,1978,1859,2017,1275,1879
921,87,114.8,0.4609895470383275,28,110.02941176470588,116.96969696969697,117.54545454545455,2464,1981,1861,2018,1277,1879
922,87,114.92,0.461179951270449,28,110.20588235294117,117.06060606060606,117.63636363636364,2468,1984,1863,2019,1279,1879
923,86,115.05,0.4613168187744459,28,110.38235294117646,117.15151515151516,117.75757575757575,2472,1987,1865,2021,1281,1879
924,85,115.18,0.46146726862302484,28,110.55882352941177,117.24242424242425,117.87878787878788,2476,1990,1867,2023,1283,1879
925,81,115.31,0.4616243170583644,28,110.73529411764706,117.33333333333333,118.0,2480,1993,1869,2025,1285,1879
926,71,115.44,0.4617896742896743,28,110.91176470588235,117.42424242424242,118.12121212121212,2484,1996,1871,2027,1287,1879
927,79,115.57,0.4619615817253612,28,111.08823529411765,117.51515151515152,118.24242424242425,2488,1999,1873,2029,1289,1879
928,82,115.69,0.46217909931714063,28,111.26470588235294,117.60606060606061,118.33333333333333,2492,2002,1875,2030,1291,1879
929,82,115.81,0.4623996200673517,28,111.44117647058823,117.6969696969697,118.42424242424242,2496,2005,1877,2031,1293,1879
930,86,115.92,0.46259661835748794,28,111.61764705882354,117.75757575757575,118.51515151515152,2500,2007,1879,2032,1295,1879
931,84,116.03,0.4628001378953719,28,111.76470588235294,117.84848484848484,118.60606060606061,2503,2010,1881,2033,1297,1879
932,84,116.15,0.46295910460611284,28,111.91176470588235,117.93939393939394,118.72727272727273,2506,2013,1883,2035,1299,1879
933,83,116.28,0.4631303749570004,28,112.05882352941177,118.06060606060606,118.84848484848484,2509,2016,1885,2037,1301,1880
934,80,116.4,0.46327491408934707,28,112.20588235294117,118.15151515151516,118.96969696969697,2512,2018,1887,2039,1303,1881
935,79,116.53,0.4634557624646014,28,112.3529411764706,118.27272727272727,119.0909090909091,2515,2021,1889,2041,1305,1882
936,84,116.66,0.4636413509343391,28,112.5,118.39393939393939,119.21212121212122,2518,2024,1891,2043,1307,1883
937,77,116.79,0.46382995119445153,28,112.6470588235294,118.51515151515152,119.33333333333333,2521,2027,1893,2045,1309,1884
938,77,116.91,0.4639885381917715,28,112.79411764705883,118.60606060606061,119.45454545454545,2524,2029,1895,2047,1311,1885
939,77,117.03,0.46414679996582076,28,112.94117647058823,118.72727272727273,119.54545454545455,2527,2032,1896,2049,1313,1886
940,73,117.16,0.46434277910549676,28,113.08823529411765,118.84848484848484,119.66666666666667,2530,2035,1898,2051,1315,1887
941,72,117.29,0.46454343933839204,28,113.23529411764706,118.96969696969697,119.78787878787878,2533,2038,1900,2053,1317,1888
942,78,117.41,0.46471765607699517,28,113.38235294117646,119.06060606060606,119.9090909090909,2536,2040,1902,2055,1319,1889
943,89,117.54,0.4649242810957972,28,113.52941176470588,119.18181818181819,120.03030303030303,2539,2043,1904,2057,1321,1890
944,76,117.67,0.46513214923089996,28,113.67647058823529,119.3030303030303,120.15151515151516,2542,2046,1906,2059,1323,1891
945,84,117.8,0.4653429541595925,28,113.82352941176471,119.42424242424242,120.27272727272727,2545,2049,1908,2061,1325,1892
946,78,117.92,0.4655240841248304,28,113.97058823529412,119.51515151515152,120.39393939393939,2548,2051,1910,2063,1327,1893
947,78,118.04,0.46570484581497795,28,114.11764705882354,119.60606060606061,120.51515151515152,2551,2053,1912,2065,1329,1894
948,72,118.16,0.46588862559241706,28,114.26470588235294,119.6969696969697,120.63636363636364,2554,2055,1914,2067,1331,1895
949,75,118.28,0.4660737233682786,28,114.41176470588235,119.78787878787878,120.75757575757575,2557,2057,1916,2069,1333,1896
950,78,118.4,0.46626351351351353,28,114.55882352941177,119.87878787878788,120.87878787878788,2560,2059,1918,2071,1335,1897
951,71,118.53,0.4664852779886949,28,114.73529411764706,119.96969696969697,121.0,2564,2061,1920,2073,1337,1898
952,74,118.65,0.4667130214917825,28,114.88235294117646,120.06060606060606,121.12121212121212,2568,2063,1922,2075,1338,1899
953,75,118.76,0.46691647019198385,28,115.02941176470588,120.12121212121212,121.24242424242425,2572,2064,1924,2077,1339,1900
954,73,118.87,0.46711954235719694,28,115.17647058823529,120.18181818181819,121.36363636363636,2576,2065,1926,2079,1340,1901
955,71,118.98,0.4673256009413347,28,115.32352941176471,120.24242424242425,121.48484848484848,2580,2066,1928,2081,1341,1902
956,63,119.09,0.4675312788647241,28,115.47058823529412,120.3030303030303,121.60606060606061,2584,2067,1930,2083,1342,1903
957,63,119.18,0.4677177378754825,28,115.61764705882354,120.36363636363636,121.66666666666667,2588,2068,1931,2084,1343,1904
958,65,119.28,0.46794097920858485,28,115.76470588235294,120.42424242424242,121.75757575757575,2592,2069,1933,2085,1344,1905
959,65,119.37,0.46812850800033506,28,115.91176470588235,120.48484848484848,121.81818181818181,2596,2070,1934,2086,1345,1906
960,62,119.46,0.4683107316256488,28,116.02941176470588,120.54545454545455,121.9090909090909,2599,2071,1936,2087,1346,1907
961,68,119.55,0.4684726056043496,28,116.11764705882354,120.63636363636364,122.0,2602,2072,1938,2088,1346,1909
962,62,119.64,0.46864760949515216,28,116.20588235294117,120.6969696969697,122.12121212121212,2605,2073,1940,2090,1346,1910
963,67,119.71,0.4687620081864506,28,116.26470588235294,120.75757575757575,122.21212121212122,2607,2074,1941,2092,1346,1911
964,63,119.78,0.4688762731674737,28,116.32352941176471,120.81818181818181,122.3030303030303,2609,2075,1942,2094,1346,1912
965,62,119.85,0.4689904046725073,28,116.38235294117646,120.87878787878788,122.39393939393939,2611,2076,1943,2096,1346,1913
966,64,119.92,0.4691060707138092,28,116.44117647058823,120.93939393939394,122.48484848484848,2613,2077,1944,2098,1346,1914
967,74,120.0,0.46925333333333336,28,116.52941176470588,121.0,122.57575757575758,2616,2078,1945,2100,1346,1915
968,68,120.09,0.4693404946290282,28,116.6470588235294,121.06060606060606,122.66666666666667,2620,2079,1946,2102,1346,1916
969,65,120.18,0.46943418206024295,28,116.76470588235294,121.12121212121212,122.75757575757575,2624,2080,1947,2104,1346,1917
970,74,120.27,0.4695360439012222,28,116.88235294117646,121.18181818181819,122.84848484848484,2628,2081,1948,2106,1346,1918
971,74,120.36,0.46970422067131934,28,117.0,121.27272727272727,122.9090909090909,2632,2083,1949,2107,1346,1919
972,77,120.45,0.46987546699875465,28,117.08823529411765,121.36363636363636,123.0,2635,2085,1951,2108,1346,1920
973,77,120.54,0.47004645760743324,28,117.17647058823529,121.45454545454545,123.0909090909091,2638,2087,1953,2109,1346,1921
974,80,120.63,0.4702205089944458,28,117.26470588235294,121.54545454545455,123.18181818181819,2641,2089,1955,2110,1346,1922
975,85,120.73,0.4703892984345233,28,117.38235294117646,121.63636363636364,123.27272727272727,2644,2091,1957,2111,1347,1923
976,78,120.83,0.47055780849126877,28,117.5,121.72727272727273,123.36363636363636,2647,2093,1959,2112,1348,1924
977,86,120.93,0.47072603985776895,28,117.61764705882354,121.81818181818181,123.45454545454545,2650,2095,1961,2113,1349,1925
978,88,121.03,0.47083615632487813,28,117.76470588235294,121.9090909090909,123.51515151515152,2654,2097,1963,2113,1350,1926
979,89,121.14,0.47090804028396893,28,117.91176470588235,122.03030303030303,123.57575757575758,2658,2100,1965,2113,1351,1927
980,92,121.23,0.4709717066732657,28,118.02941176470588,122.12121212121212,123.63636363636364,2661,2102,1967,2113,1352,1928
981,87,121.34,0.4710515905719466,28,118.17647058823529,122.24242424242425,123.6969696969697,2665,2105,1969,2113,1353,1929
982,90,121.46,0.4710900708052034,28,118.3529411764706,122.36363636363636,123.75757575757575,2670,2108,1971,2113,1354,1930
983,95,121.59,0.4711793733037256,28,118.55882352941177,122.48484848484848,123.81818181818181,2676,2111,1973,2113,1355,1931
984,102,121.7,0.4712736236647494,28,118.73529411764706,122.57575757575758,123.87878787878788,2681,2113,1975,2113,1356,1932
985,107,121.83,0.4713724041697447,28,118.94117647058823,122.6969696969697,123.93939393939394,2687,2116,1977,2113,1357,1933
986,103,121.96,0.47148081338143655,28,119.1470588235294,122.81818181818181,124.0,2693,2119,1979,2113,1358,1934
987,105,122.09,0.4715939061348186,28,119.3529411764706,122.93939393939394,124.06060606060606,2699,2122,1981,2113,1359,1935
988,104,122.22,0.4717133038782524,28,119.55882352941177,123.06060606060606,124.12121212121212,2705,2125,1983,2113,1360,1936
989,106,122.35,0.4718389865140989,28,119.76470588235294,123.18181818181819,124.18181818181819,2711,2128,1985,2113,1361,1937
990,108,122.48,0.471967668190725,28,119.97058823529412,123.3030303030303,124.24242424242425,2717,2131,1987,2113,1362,1938
991,116,122.61,0.47209933936873016,28,120.17647058823529,123.42424242424242,124.3030303030303,2723,2134,1989,2113,1363,1939
992,111,122.75,0.47225173116089614,28,120.38235294117646,123.54545454545455,124.39393939393939,2729,2137,1992,2113,1364,1940
993,111,122.9,0.47236126932465416,28,120.58823529411765,123.66666666666667,124.51515151515152,2735,2140,1995,2114,1365,1941
994,117,123.05,0.4724754164973588,28,120.79411764705883,123.78787878787878,124.63636363636364,2741,2143,1998,2115,1366,1942
995,116,123.21,0.4726296566837107,28,121.02941176470588,123.9090909090909,124.75757575757575,2748,2146,2001,2116,1367,1943
996,121,123.37,0.4727883602172327,28,121.26470588235294,124.03030303030303,124.87878787878788,2755,2149,2004,2117,1368,1944
997,126,123.53,0.47294989071480614,28,121.5,124.15151515151516,125.0,2762,2152,2007,2118,1369,1945
998,124,123.7,0.47306386418755053,28,121.73529411764706,124.27272727272727,125.15151515151516,2769,2155,2010,2120,1370,1946
999,119,123.87,0.47318398320820215,28,121.97058823529412,124.39393939393939,125.3030303030303,2776,2158,2013,2122,1371,1947
1000,127,124.03,0.4733185519632347,28,122.20588235294117,124.48484848484848,125.45454545454545,2783,2160,2016,2124,1372,1948
