,TotalSugar,AvgSugarLevel,SugarGini,NumCooperators,RiskAverseAvgSugar,NeutralAvgSugar,RiskSeekingAvgSugar,RiskAverseCoopSugar,NeutralCoopSugar,RiskSeekingCoopSugar,RiskSeekingNonCoopSugar,RiskAverseNonCoopSugar,NeutralNonCoopSugar
0,4622,0.0,0.0,28,0.0,0.0,0.0,0,0,0,0,0,0
1,4539,0.83,0.17,28,0.8823529411764706,0.7575757575757576,0.8484848484848485,10,9,7,21,20,16
2,4456,1.66,0.17,28,1.7647058823529411,1.5151515151515151,1.696969696969697,20,18,14,42,40,32
3,4372,2.5,0.16664,28,2.6470588235294117,2.303030303030303,2.5454545454545454,30,27,21,63,60,49
4,4294,3.34,0.16497005988023958,28,3.5294117647058822,3.090909090909091,3.393939393939394,40,36,28,84,80,66
5,4222,4.18,0.16397129186602868,28,4.411764705882353,3.878787878787879,4.242424242424242,50,45,35,105,100,83
6,4147,5.02,0.16330677290836648,28,5.294117647058823,4.666666666666667,5.090909090909091,60,54,42,126,120,100
7,4072,5.86,0.1628327645051195,28,6.176470588235294,5.454545454545454,5.9393939393939394,70,63,49,147,140,117
8,3995,6.69,0.16369207772795222,28,7.0588235294117645,6.212121212121212,6.787878787878788,80,72,56,168,160,133
9,3915,7.52,0.16436170212765958,28,7.9411764705882355,6.96969696969697,7.636363636363637,90,81,63,189,180,149
10,3835,8.35,0.16492215568862278,28,8.823529411764707,7.7272727272727275,8.484848484848484,100,90,70,210,200,165
11,3755,9.18,0.1653812636165577,28,9.705882352941176,8.484848484848484,9.333333333333334,110,99,77,231,220,181
12,3675,10.01,0.1657642357642358,28,10.588235294117647,9.242424242424242,10.181818181818182,120,108,84,252,240,197
13,3595,10.84,0.16603321033210336,28,11.5,9.969696969696969,11.030303030303031,130,116,91,273,261,213
14,3514,11.68,0.16558219178082198,28,12.411764705882353,10.727272727272727,11.878787878787879,140,125,98,294,282,229
15,3432,12.53,0.16452513966480453,28,13.323529411764707,11.515151515151516,12.727272727272727,150,134,105,315,303,246
16,3353,13.35,0.1653707865168539,28,14.205882352941176,12.272727272727273,13.545454545454545,160,143,112,335,323,262
17,3276,14.18,0.16559943582510583,28,15.088235294117647,13.030303030303031,14.393939393939394,170,152,119,356,343,278
18,3198,15.02,0.16525965379494012,28,15.970588235294118,13.818181818181818,15.242424242424242,180,161,126,377,363,295
19,3125,15.84,0.16602272727272735,28,16.823529411764707,14.575757575757576,16.09090909090909,190,170,133,398,382,311
20,3053,16.65,0.16715315315315307,28,17.676470588235293,15.333333333333334,16.90909090909091,200,179,140,418,401,327
21,2982,17.48,0.16723112128146453,28,18.558823529411764,16.09090909090909,17.757575757575758,210,187,147,439,421,344
22,2902,18.31,0.1673129437465866,28,19.441176470588236,16.848484848484848,18.606060606060606,220,195,154,460,441,361
23,2831,19.14,0.16738766980146294,28,20.323529411764707,17.606060606060606,19.454545454545453,230,203,161,481,461,378
24,2755,19.99,0.166648324162081,28,21.235294117647058,18.393939393939394,20.303030303030305,240,212,168,502,482,395
25,2677,20.83,0.16635141622659633,28,22.147058823529413,19.151515151515152,21.151515151515152,250,220,175,523,503,412
26,2608,21.67,0.16607752653437927,28,23.058823529411764,19.90909090909091,22.0,260,228,182,544,524,429
27,2533,22.51,0.16582407818747227,28,23.970588235294116,20.666666666666668,22.848484848484848,270,236,189,565,545,446
28,2455,23.35,0.16558886509635967,28,24.88235294117647,21.424242424242426,23.696969696969695,280,244,196,586,566,463
29,2383,24.19,0.16537825547747004,28,25.794117647058822,22.181818181818183,24.545454545454547,290,252,203,607,587,480
30,2308,25.03,0.16518178186176585,28,26.705882352941178,22.939393939393938,25.393939393939394,300,260,210,628,608,497
31,2242,25.87,0.16499806725937374,28,27.61764705882353,23.696969696969695,26.242424242424242,310,268,217,649,629,514
32,2163,26.72,0.16450598802395205,28,28.529411764705884,24.484848484848484,27.09090909090909,320,276,224,670,650,532
33,2093,27.57,0.16404425099746106,28,29.441176470588236,25.272727272727273,27.939393939393938,330,284,231,691,671,550
34,2024,28.41,0.16391763463569162,28,30.352941176470587,26.03030303030303,28.78787878787879,340,292,238,712,692,567
35,1953,29.24,0.16409028727770178,28,31.235294117647058,26.78787878787879,29.636363636363637,350,300,245,733,712,584
36,1882,30.07,0.16425340871300292,28,32.11764705882353,27.545454545454547,30.484848484848484,360,308,252,754,732,601
37,1808,30.9,0.1644077669902913,28,33.0,28.303030303030305,31.333333333333332,370,316,259,775,752,618
38,1734,31.73,0.16455404979514654,28,33.88235294117647,29.060606060606062,32.18181818181818,380,324,266,796,772,635
39,1664,32.55,0.16493701996927798,28,34.73529411764706,29.818181818181817,33.03030303030303,390,332,273,817,791,652
40,1603,33.37,0.165277195085406,28,35.588235294117645,30.575757575757574,33.878787878787875,400,340,280,838,810,669
41,1541,34.17,0.16604916593503077,28,36.411764705882355,31.303030303030305,34.72727272727273,410,348,287,859,828,685
42,1471,34.99,0.16635324378393831,28,37.294117647058826,32.03030303030303,35.57575757575758,420,356,294,880,848,701
43,1406,35.82,0.16640982691233944,28,38.1764705882353,32.78787878787879,36.42424242424242,430,364,301,901,868,718
44,1338,36.62,0.16706717640633528,28,39.029411764705884,33.515151515151516,37.24242424242424,440,372,308,921,887,734
45,1268,37.38,0.16842696629213477,28,39.85294117647059,34.21212121212121,38.0,450,380,314,940,905,749
46,1213,38.11,0.17023091052217268,28,40.64705882352941,34.90909090909091,38.696969696969695,459,388,320,957,923,764
47,1150,38.86,0.17134843026248064,28,41.5,35.57575757575758,39.42424242424242,469,396,327,974,942,778
48,1084,39.58,0.1730368873168267,28,42.3235294117647,36.21212121212121,40.121212121212125,479,403,333,991,960,792
49,1031,40.26,0.1750322901142573,28,43.05882352941177,36.81818181818182,40.81818181818182,487,409,339,1008,977,806
50,971,40.95,0.17666178266178265,28,43.8235294117647,37.42424242424242,41.515151515151516,496,415,345,1025,994,820
51,908,41.64,0.17824687800192124,28,44.55882352941177,38.06060606060606,42.21212121212121,504,421,351,1042,1011,835
52,858,42.32,0.18003780718336487,28,45.26470588235294,38.696969696969695,42.90909090909091,512,428,357,1059,1027,849
53,799,43.0,0.18170232558139532,28,46.029411764705884,39.333333333333336,43.54545454545455,521,434,363,1074,1044,864
54,738,43.67,0.1834966796427753,28,46.76470588235294,40.0,44.15151515151515,530,441,369,1088,1060,879
55,691,44.29,0.18539399412960036,28,47.470588235294116,40.57575757575758,44.72727272727273,539,446,376,1100,1075,893
56,640,44.89,0.18719313878369348,28,48.088235294117645,41.15151515151515,45.333333333333336,548,451,383,1113,1087,907
57,590,45.45,0.1892651265126513,28,48.73529411764706,41.696969696969695,45.81818181818182,558,456,389,1123,1099,920
58,551,45.99,0.19148727984344419,28,49.38235294117647,42.21212121212121,46.27272727272727,568,461,394,1133,1111,932
59,509,46.5,0.19412903225806447,28,49.970588235294116,42.696969696969695,46.72727272727273,578,466,400,1142,1121,943
60,466,46.99,0.1966311981272611,28,50.470588235294116,43.21212121212121,47.18181818181818,585,471,406,1151,1131,955
61,429,47.51,0.19918122500526209,28,51.11764705882353,43.696969696969695,47.60606060606061,593,477,411,1160,1145,965
62,398,47.94,0.2013850646641636,28,51.64705882352941,44.18181818181818,47.878787878787875,599,484,414,1166,1157,974
63,377,48.27,0.20340791381810647,28,52.05882352941177,44.57575757575758,48.06060606060606,606,488,417,1169,1164,983
64,366,48.59,0.20552171228647864,28,52.38235294117647,45.0,48.27272727272727,611,491,420,1173,1170,994
65,346,48.94,0.20776460972619532,28,52.88235294117647,45.36363636363637,48.45454545454545,618,494,423,1176,1180,1003
66,327,49.28,0.2099756493506493,28,53.38235294117647,45.666666666666664,48.666666666666664,625,497,426,1180,1190,1010
67,320,49.62,0.2120233776702942,28,53.85294117647059,46.0,48.878787878787875,632,500,429,1184,1199,1018
68,300,49.94,0.2138846615939127,28,54.23529411764706,46.36363636363637,49.09090909090909,638,503,432,1188,1206,1027
69,272,50.28,0.21594669848846465,28,54.64705882352941,46.75757575757576,49.303030303030305,644,506,435,1192,1214,1037
70,270,50.6,0.2180197628458498,28,55.029411764705884,47.06060606060606,49.57575757575758,650,509,438,1198,1221,1044
71,252,50.87,0.21995085512089646,28,55.44117647058823,47.303030303030305,49.72727272727273,656,512,441,1200,1229,1049
72,239,51.15,0.22205083088954056,28,55.8235294117647,47.57575757575758,49.90909090909091,662,515,444,1203,1236,1055
73,229,51.4,0.223976653696498,28,56.14705882352941,47.81818181818182,50.09090909090909,668,518,447,1206,1241,1060
74,223,51.64,0.22618512780790084,28,56.44117647058823,48.03030303030303,50.303030303030305,674,521,450,1210,1245,1064
75,209,51.9,0.2284161849710982,28,56.76470588235294,48.27272727272727,50.515151515151516,680,524,453,1214,1250,1069
76,209,52.11,0.23047591633083855,28,57.0,48.45454545454545,50.72727272727273,686,527,456,1218,1252,1072
77,203,52.32,0.23254587155963308,28,57.26470588235294,48.60606060606061,50.93939393939394,692,530,459,1222,1255,1074
78,190,52.54,0.2346440807004187,28,57.529411764705884,48.78787878787879,51.15151515151515,698,533,462,1226,1258,1077
79,181,52.78,0.23683971201212586,28,57.8235294117647,49.0,51.36363636363637,704,536,465,1230,1262,1081
80,181,53.05,0.23904429783223377,28,58.1764705882353,49.21212121212121,51.60606060606061,711,539,468,1235,1267,1085
81,168,53.3,0.24099061913696063,28,58.5,49.39393939393939,51.84848484848485,716,542,471,1240,1273,1088
82,150,53.54,0.2428277923048188,28,58.794117647058826,49.60606060606061,52.06060606060606,721,545,473,1245,1278,1092
83,150,53.78,0.24453328374860547,28,59.05882352941177,49.81818181818182,52.303030303030305,726,548,476,1250,1282,1096
84,139,53.98,0.24636532048907,28,59.294117647058826,49.96969696969697,52.515151515151516,731,551,479,1254,1285,1098
85,120,54.2,0.2480516605166052,28,59.55882352941177,50.15151515151515,52.72727272727273,735,554,482,1258,1290,1101
86,121,54.4,0.24992647058823536,28,59.8235294117647,50.333333333333336,52.878787878787875,741,557,485,1260,1293,1104
87,117,54.59,0.25162300787690056,28,60.05882352941177,50.484848484848484,53.06060606060606,746,560,488,1263,1296,1106
88,107,54.78,0.25293902884264324,28,60.23529411764706,50.666666666666664,53.27272727272727,750,563,491,1267,1298,1109
89,106,54.97,0.2544715299254139,28,60.44117647058823,50.84848484848485,53.45454545454545,755,566,494,1270,1300,1112
90,110,55.14,0.2559194776931447,28,60.61764705882353,50.96969696969697,53.666666666666664,760,569,497,1274,1301,1113
91,106,55.3,0.2570994575045208,28,60.794117647058826,51.121212121212125,53.81818181818182,765,572,499,1277,1302,1115
92,98,55.47,0.2579177934018388,28,60.970588235294116,51.303030303030305,53.96969696969697,769,575,501,1280,1304,1118
93,100,55.63,0.2584738450476361,28,61.11764705882353,51.45454545454545,54.15151515151515,772,578,502,1285,1306,1120
94,102,55.79,0.25938519447929737,28,61.26470588235294,51.60606060606061,54.333333333333336,776,581,504,1289,1307,1122
95,101,55.95,0.2603449508489723,28,61.38235294117647,51.75757575757576,54.54545454545455,779,584,507,1293,1308,1124
96,99,56.12,0.26159657875980047,28,61.55882352941177,51.878787878787875,54.75757575757576,783,587,510,1297,1310,1125
97,94,56.29,0.26292236631728544,28,61.705882352941174,52.0,55.0,787,590,513,1302,1311,1126
98,98,56.46,0.2642614240170032,28,61.85294117647059,52.121212121212125,55.24242424242424,791,593,516,1307,1312,1127
99,104,56.64,0.2655367231638418,28,62.029411764705884,52.21212121212121,55.515151515151516,796,595,519,1313,1313,1128
100,97,56.83,0.26685377441492164,28,62.23529411764706,52.303030303030305,55.78787878787879,801,597,522,1319,1315,1129
101,95,57.03,0.26813080834648434,28,62.44117647058823,52.42424242424242,56.06060606060606,806,600,525,1325,1317,1130
102,88,57.22,0.2695211464522895,28,62.64705882352941,52.54545454545455,56.303030303030305,811,603,528,1330,1319,1131
103,80,57.42,0.2709265064437478,28,62.85294117647059,52.696969696969695,56.54545454545455,816,607,531,1335,1321,1132
104,82,57.58,0.2721917332407085,28,63.05882352941177,52.75757575757576,56.75757575757576,821,609,534,1339,1323,1132
105,82,57.73,0.2732149662220682,28,63.23529411764706,52.84848484848485,56.93939393939394,825,611,536,1343,1325,1133
106,68,57.9,0.2744179620034542,28,63.44117647058823,52.93939393939394,57.15151515151515,830,613,539,1347,1327,1134
107,69,58.07,0.2755863612881005,28,63.61764705882353,53.03030303030303,57.39393939393939,835,615,542,1352,1328,1135
108,72,58.22,0.2766746822397802,28,63.8235294117647,53.09090909090909,57.57575757575758,840,617,544,1356,1330,1135
109,76,58.36,0.27777930089102126,28,64.0,53.15151515151515,57.75757575757576,844,619,547,1359,1332,1135
110,78,58.52,0.2789029391660971,28,64.17647058823529,53.27272727272727,57.93939393939394,849,623,550,1362,1333,1135
111,78,58.67,0.2801891937958071,28,64.3529411764706,53.36363636363637,58.121212121212125,854,626,553,1365,1334,1135
112,77,58.83,0.28152133265340806,28,64.55882352941177,53.45454545454545,58.303030303030305,859,629,556,1368,1336,1135
113,74,58.98,0.2828246863343506,28,64.73529411764706,53.54545454545455,58.484848484848484,864,632,559,1371,1337,1135
114,77,59.13,0.2841315744968713,28,64.91176470588235,53.63636363636363,58.666666666666664,869,635,562,1374,1338,1135
115,83,59.28,0.2852260458839406,28,65.05882352941177,53.75757575757576,58.84848484848485,873,638,565,1377,1339,1136
116,78,59.45,0.28640370058873005,28,65.23529411764706,53.878787878787875,59.06060606060606,878,641,568,1381,1340,1137
117,74,59.61,0.2876279147793994,28,65.41176470588235,54.0,59.24242424242424,883,644,571,1384,1341,1138
118,85,59.77,0.2888087669399364,28,65.61764705882354,54.121212121212125,59.39393939393939,888,647,573,1387,1343,1139
119,82,59.92,0.28991989319092126,28,65.82352941176471,54.24242424242424,59.515151515151516,893,650,574,1390,1345,1140
120,81,60.08,0.29110186418109196,28,66.02941176470588,54.36363636363637,59.666666666666664,898,653,576,1393,1347,1141
121,88,60.25,0.2923900414937759,28,66.23529411764706,54.484848484848484,59.84848484848485,903,656,579,1396,1349,1142
122,88,60.43,0.29355121628330294,28,66.44117647058823,54.63636363636363,60.03030303030303,908,659,582,1399,1351,1144
123,84,60.59,0.2947796666116521,28,66.61764705882354,54.75757575757576,60.21212121212121,913,662,585,1402,1352,1145
124,83,60.75,0.29601152263374486,28,66.79411764705883,54.878787878787875,60.39393939393939,918,665,588,1405,1353,1146
125,90,60.92,0.2972816808929744,28,67.0,55.0,60.57575757575758,923,668,591,1408,1355,1147
126,85,61.09,0.29860369945981335,28,67.17647058823529,55.121212121212125,60.78787878787879,928,671,594,1412,1356,1148
127,86,61.26,0.29993470453803456,28,67.3529411764706,55.24242424242424,61.0,933,674,597,1416,1357,1149
128,87,61.43,0.3012681100439525,28,67.52941176470588,55.36363636363637,61.21212121212121,938,677,600,1420,1358,1150
129,85,61.6,0.30259740259740253,28,67.70588235294117,55.484848484848484,61.42424242424242,943,680,603,1424,1359,1151
130,80,61.77,0.3039355674275538,28,67.88235294117646,55.60606060606061,61.63636363636363,948,683,606,1428,1360,1152
131,87,61.94,0.3052825314820794,28,68.05882352941177,55.72727272727273,61.84848484848485,953,686,609,1432,1361,1153
132,89,62.1,0.30657326892109493,28,68.23529411764706,55.84848484848485,62.03030303030303,958,689,612,1435,1362,1154
133,78,62.27,0.30791552914726195,28,68.41176470588235,55.96969696969697,62.24242424242424,963,692,615,1439,1363,1155
134,82,62.44,0.30925368353619476,28,68.58823529411765,56.09090909090909,62.45454545454545,968,695,618,1443,1364,1156
135,83,62.61,0.31058776553266254,28,68.76470588235294,56.21212121212121,62.666666666666664,973,698,621,1447,1365,1157
136,76,62.77,0.31187032021666394,28,68.94117647058823,56.333333333333336,62.84848484848485,978,701,624,1450,1366,1158
137,73,62.92,0.3130801017164653,28,69.11764705882354,56.45454545454545,63.0,983,704,627,1452,1367,1159
138,84,63.08,0.31435003170577047,28,69.29411764705883,56.57575757575758,63.18181818181818,988,707,630,1455,1368,1160
139,81,63.23,0.3155669777004586,28,69.47058823529412,56.696969696969695,63.333333333333336,993,710,633,1457,1369,1161
140,81,63.38,0.3167781634585043,28,69.6470588235294,56.81818181818182,63.484848484848484,998,713,636,1459,1370,1162
141,89,63.54,0.31803273528485987,28,69.82352941176471,56.93939393939394,63.666666666666664,1003,716,639,1462,1371,1163
142,80,63.69,0.3192322185586434,28,70.0,57.06060606060606,63.81818181818182,1008,719,642,1464,1372,1164
143,76,63.85,0.32047768206734534,28,70.17647058823529,57.18181818181818,64.0,1013,722,645,1467,1373,1165
144,84,64.01,0.32171691923137,28,70.3529411764706,57.303030303030305,64.18181818181819,1018,725,648,1470,1374,1166
145,74,64.17,0.32295309334580025,28,70.52941176470588,57.42424242424242,64.36363636363636,1023,728,651,1473,1375,1167
146,76,64.33,0.32419244520441465,28,70.70588235294117,57.54545454545455,64.54545454545455,1028,731,654,1476,1376,1168
147,84,64.49,0.32542874864320054,28,70.88235294117646,57.666666666666664,64.72727272727273,1033,734,657,1479,1377,1169
148,80,64.65,0.32666511987625685,28,71.05882352941177,57.78787878787879,64.9090909090909,1038,737,660,1482,1378,1170
149,73,64.81,0.327898472457954,28,71.23529411764706,57.90909090909091,65.0909090909091,1043,740,663,1485,1379,1171
150,78,64.97,0.32912575034631375,28,71.41176470588235,58.03030303030303,65.27272727272727,1048,743,666,1488,1380,1172
151,79,65.11,0.3302150207341423,28,71.58823529411765,58.15151515151515,65.39393939393939,1053,746,668,1490,1381,1173
152,82,65.26,0.3313852283174992,28,71.76470588235294,58.27272727272727,65.54545454545455,1058,749,671,1492,1382,1174
153,87,65.42,0.3325038214613268,28,71.94117647058823,58.42424242424242,65.6969696969697,1063,753,674,1494,1383,1175
154,86,65.58,0.3336352546508081,28,72.11764705882354,58.57575757575758,65.84848484848484,1068,757,677,1496,1384,1176
155,89,65.76,0.33464416058394164,28,72.32352941176471,58.75757575757576,66.0,1073,761,680,1498,1386,1178
156,86,65.94,0.33566575674855925,28,72.52941176470588,58.93939393939394,66.15151515151516,1078,765,683,1500,1388,1180
157,82,66.1,0.3367655068078669,28,72.70588235294117,59.09090909090909,66.3030303030303,1083,769,686,1502,1389,1181
158,87,66.26,0.33786296408089345,28,72.88235294117646,59.24242424242424,66.45454545454545,1088,773,689,1504,1390,1182
159,83,66.42,0.338958145137007,28,73.05882352941177,59.39393939393939,66.60606060606061,1093,777,692,1506,1391,1183
160,82,66.58,0.34005407029137885,28,73.23529411764706,59.54545454545455,66.75757575757575,1098,781,695,1508,1392,1184
161,93,66.74,0.3411507341923884,28,73.41176470588235,59.696969696969695,66.9090909090909,1103,785,698,1510,1393,1185
162,92,66.9,0.3422571001494768,28,73.58823529411765,59.84848484848485,67.06060606060606,1108,789,701,1512,1394,1186
163,85,67.06,0.34336116910229647,28,73.76470588235294,60.0,67.21212121212122,1113,793,704,1514,1395,1187
164,90,67.22,0.3444659327581077,28,73.94117647058823,60.15151515151515,67.36363636363636,1118,797,707,1516,1396,1188
165,95,67.38,0.34556841792816856,28,74.11764705882354,60.303030303030305,67.51515151515152,1123,801,710,1518,1397,1189
166,85,67.54,0.3466716020136215,28,74.29411764705883,60.45454545454545,67.66666666666667,1128,805,713,1520,1398,1190
167,96,67.7,0.34776957163958644,28,74.47058823529412,60.60606060606061,67.81818181818181,1133,809,716,1522,1399,1191
168,101,67.86,0.3488623636899499,28,74.6470588235294,60.75757575757576,67.96969696969697,1138,813,719,1524,1400,1192
169,94,68.02,0.3499529550132314,28,74.82352941176471,60.90909090909091,68.12121212121212,1143,817,722,1526,1401,1193
170,87,68.18,0.351047227926078,28,75.0,61.06060606060606,68.27272727272727,1148,821,725,1528,1402,1194
171,107,68.37,0.3517376042123739,28,75.23529411764706,61.24242424242424,68.42424242424242,1153,826,728,1530,1405,1195
172,107,68.55,0.35260247994164845,28,75.44117647058823,61.42424242424242,68.57575757575758,1158,831,731,1532,1407,1196
173,97,68.74,0.3534826883910387,28,75.67647058823529,61.60606060606061,68.72727272727273,1163,836,734,1534,1410,1197
174,111,68.93,0.35437255186421013,28,75.91176470588235,61.78787878787879,68.87878787878788,1168,841,737,1536,1413,1198
175,103,69.13,0.3552567626211486,28,76.1470588235294,62.0,69.03030303030303,1173,846,740,1538,1416,1200
176,90,69.32,0.3561771494518176,28,76.38235294117646,62.18181818181818,69.18181818181819,1178,851,743,1540,1419,1201
177,95,69.51,0.3571184002301827,28,76.61764705882354,62.36363636363637,69.33333333333333,1183,856,746,1542,1422,1202
178,94,69.7,0.3580688665710187,28,76.8529411764706,62.54545454545455,69.48484848484848,1188,861,749,1544,1425,1203
179,84,69.89,0.3590313349549292,28,77.08823529411765,62.72727272727273,69.63636363636364,1193,866,752,1546,1428,1204
180,89,70.08,0.36,28,77.32352941176471,62.90909090909091,69.78787878787878,1198,871,755,1548,1431,1205
181,86,70.26,0.360910902362653,28,77.55882352941177,63.09090909090909,69.9090909090909,1203,876,758,1549,1434,1206
182,81,70.43,0.36177907141842963,28,77.79411764705883,63.24242424242424,70.03030303030303,1208,880,761,1550,1437,1207
183,87,70.61,0.36273757258178735,28,78.02941176470588,63.42424242424242,70.15151515151516,1213,885,764,1551,1440,1208
184,84,70.79,0.36369967509535245,28,78.26470588235294,63.60606060606061,70.27272727272727,1218,890,767,1552,1443,1209
185,76,70.96,0.36460541149943637,28,78.5,63.78787878787879,70.36363636363636,1223,895,770,1552,1446,1210
186,84,71.12,0.36544994375703044,28,78.73529411764706,63.93939393939394,70.45454545454545,1228,899,773,1552,1449,1211
187,85,71.29,0.3663585355589845,28,78.97058823529412,64.12121212121212,70.54545454545455,1233,904,776,1552,1452,1212
188,77,71.46,0.3672823957458718,28,79.20588235294117,64.3030303030303,70.63636363636364,1238,909,779,1552,1455,1213
189,84,71.63,0.3682186234817814,28,79.44117647058823,64.48484848484848,70.72727272727273,1243,914,782,1552,1458,1214
190,83,71.79,0.3691112968379997,28,79.67647058823529,64.63636363636364,70.81818181818181,1248,918,785,1552,1461,1215
191,78,71.96,0.37006948304613674,28,79.91176470588235,64.81818181818181,70.9090909090909,1253,923,788,1552,1464,1216
192,84,72.14,0.3708899362350984,28,80.1470588235294,65.0,71.03030303030303,1258,928,791,1553,1467,1217
193,82,72.31,0.37184483473931684,28,80.38235294117646,65.18181818181819,71.12121212121212,1263,933,794,1553,1470,1218
194,78,72.47,0.3727321650338071,28,80.61764705882354,65.33333333333333,71.21212121212122,1268,937,797,1553,1473,1219
195,85,72.64,0.3736839207048458,28,80.8529411764706,65.51515151515152,71.3030303030303,1273,942,800,1553,1476,1220
196,83,72.81,0.37463123197362996,28,81.08823529411765,65.6969696969697,71.39393939393939,1278,947,803,1553,1479,1221
197,75,72.98,0.37557412989860234,28,81.32352941176471,65.87878787878788,71.48484848484848,1283,952,806,1553,1482,1222
198,83,73.14,0.37646431501230515,28,81.55882352941177,66.03030303030303,71.57575757575758,1288,956,809,1553,1485,1223
199,82,73.3,0.377356070941337,28,81.79411764705883,66.18181818181819,71.66666666666667,1293,960,812,1553,1488,1224
200,80,73.47,0.37831359738668846,28,82.02941176470588,66.36363636363636,71.75757575757575,1298,965,815,1553,1491,1225
201,86,73.65,0.3791378139850645,28,82.26470588235294,66.54545454545455,71.87878787878788,1303,970,818,1554,1494,1226
202,89,73.83,0.3799580116483814,28,82.5,66.72727272727273,72.0,1308,975,821,1555,1497,1227
203,85,73.99,0.38083659954047844,28,82.70588235294117,66.9090909090909,72.0909090909091,1312,980,824,1555,1500,1228
204,93,74.15,0.38171679028995276,28,82.91176470588235,67.0909090909091,72.18181818181819,1316,985,827,1555,1503,1229
205,89,74.31,0.38260126497106717,28,83.11764705882354,67.27272727272727,72.27272727272727,1320,990,830,1555,1506,1230
206,85,74.47,0.38348462468107963,28,83.32352941176471,67.45454545454545,72.36363636363636,1324,995,833,1555,1509,1231
207,89,74.64,0.3844346195069668,28,83.55882352941177,67.63636363636364,72.45454545454545,1329,1000,836,1555,1512,1232
208,90,74.81,0.38538029675177116,28,83.79411764705883,67.81818181818181,72.54545454545455,1334,1005,839,1555,1515,1233
209,91,74.98,0.38632702053881035,28,84.02941176470588,68.0,72.63636363636364,1339,1010,842,1555,1518,1234
210,98,75.15,0.3872774451097804,28,84.26470588235294,68.18181818181819,72.72727272727273,1344,1015,845,1555,1521,1235
211,99,75.32,0.38822357939458313,28,84.5,68.36363636363636,72.81818181818181,1349,1020,848,1555,1524,1236
212,94,75.49,0.38917075109286,28,84.73529411764706,68.54545454545455,72.9090909090909,1354,1025,851,1555,1527,1237
213,91,75.67,0.389989427778512,28,84.97058823529412,68.72727272727273,73.03030303030303,1359,1030,854,1556,1530,1238
214,100,75.85,0.3908042188529993,28,85.20588235294117,68.9090909090909,73.15151515151516,1364,1035,857,1557,1533,1239
215,100,76.03,0.39162041299487044,28,85.44117647058823,69.0909090909091,73.27272727272727,1369,1040,860,1558,1536,1240
216,94,76.21,0.3924380002624328,28,85.67647058823529,69.27272727272727,73.39393939393939,1374,1045,863,1559,1539,1241
217,97,76.39,0.39325173452022516,28,85.91176470588235,69.45454545454545,73.51515151515152,1379,1050,866,1560,1542,1242
218,91,76.57,0.39406947890818855,28,86.1470588235294,69.63636363636364,73.63636363636364,1384,1055,869,1561,1545,1243
219,91,76.75,0.3948912052117264,28,86.38235294117646,69.81818181818181,73.75757575757575,1389,1060,872,1562,1548,1244
220,91,76.93,0.3957142857142857,28,86.61764705882354,70.0,73.87878787878788,1394,1065,875,1563,1551,1245
221,84,77.12,0.39658713692946057,28,86.8529411764706,70.18181818181819,74.03030303030303,1399,1070,878,1565,1554,1246
222,90,77.3,0.3974152652005175,28,87.08823529411765,70.36363636363636,74.15151515151516,1404,1075,881,1566,1557,1247
223,90,77.48,0.39825503355704694,28,87.32352941176471,70.54545454545455,74.27272727272727,1409,1080,884,1567,1560,1248
224,81,77.66,0.3990960597476178,28,87.55882352941177,70.72727272727273,74.39393939393939,1414,1085,887,1568,1563,1249
225,81,77.84,0.3999409044193217,28,87.79411764705883,70.9090909090909,74.51515151515152,1419,1090,890,1569,1566,1250
226,84,78.02,0.4007869776980262,28,88.02941176470588,71.0909090909091,74.63636363636364,1424,1095,893,1570,1569,1251
227,79,78.19,0.40158204373960865,28,88.23529411764706,71.27272727272727,74.75757575757575,1429,1100,896,1571,1571,1252
228,80,78.36,0.4023838693210822,28,88.44117647058823,71.45454545454545,74.87878787878788,1434,1105,899,1572,1573,1253
229,81,78.53,0.4031924105437412,28,88.6470588235294,71.63636363636364,75.0,1439,1110,902,1573,1575,1254
230,73,78.7,0.403997458703939,28,88.8529411764706,71.81818181818181,75.12121212121212,1444,1115,905,1574,1577,1255
231,78,78.86,0.40474765407050467,28,89.05882352941177,71.96969696969697,75.24242424242425,1449,1119,908,1575,1579,1256
232,83,79.02,0.4055251834978486,28,89.26470588235294,72.12121212121212,75.36363636363636,1454,1123,911,1576,1581,1257
233,75,79.19,0.40632529359767644,28,89.47058823529412,72.3030303030303,75.48484848484848,1459,1128,914,1577,1583,1258
234,76,79.36,0.40712953629032256,28,89.67647058823529,72.48484848484848,75.60606060606061,1464,1133,917,1578,1585,1259
235,81,79.52,0.4078848088531187,28,89.88235294117646,72.63636363636364,75.72727272727273,1469,1137,920,1579,1587,1260
236,76,79.69,0.40869745262893714,28,90.08823529411765,72.81818181818181,75.84848484848484,1474,1142,923,1580,1589,1261
237,77,79.86,0.4095091409967443,28,90.29411764705883,73.0,75.96969696969697,1479,1147,926,1581,1591,1262
238,78,80.03,0.41031738098213166,28,90.5,73.18181818181819,76.0909090909091,1484,1152,929,1582,1593,1263
239,75,80.18,0.41104764280369166,28,90.70588235294117,73.3030303030303,76.21212121212122,1489,1155,932,1583,1595,1264
240,80,80.34,0.4117998506348021,28,90.91176470588235,73.45454545454545,76.33333333333333,1494,1159,935,1584,1597,1265
241,81,80.51,0.41260091914047947,28,91.11764705882354,73.63636363636364,76.45454545454545,1499,1164,938,1585,1599,1266
242,73,80.68,0.4133986117997025,28,91.32352941176471,73.81818181818181,76.57575757575758,1504,1169,941,1586,1601,1267
243,75,80.84,0.4141687283523009,28,91.52941176470588,73.96969696969697,76.6969696969697,1509,1173,944,1587,1603,1268
244,81,80.99,0.41489443141128535,28,91.73529411764706,74.0909090909091,76.81818181818181,1514,1176,947,1588,1605,1269
245,77,81.15,0.4156685150955022,28,91.94117647058823,74.24242424242425,76.93939393939394,1519,1180,950,1589,1607,1270
246,82,81.31,0.4164469314967409,28,92.1470588235294,74.39393939393939,77.06060606060606,1524,1184,953,1590,1609,1271
247,84,81.47,0.41722474530502024,28,92.3529411764706,74.54545454545455,77.18181818181819,1529,1188,956,1591,1611,1272
248,80,81.63,0.4179995099840745,28,92.55882352941177,74.6969696969697,77.3030303030303,1534,1192,959,1592,1613,1273
249,82,81.79,0.4187736887150018,28,92.76470588235294,74.84848484848484,77.42424242424242,1539,1196,962,1593,1615,1274
250,84,81.95,0.4195472849298353,28,92.97058823529412,75.0,77.54545454545455,1544,1200,965,1594,1617,1275
251,76,82.12,0.4203433999025816,28,93.17647058823529,75.18181818181819,77.66666666666667,1549,1205,968,1595,1619,1276
252,80,82.29,0.4211386559727792,28,93.38235294117646,75.36363636363636,77.78787878787878,1554,1210,971,1596,1621,1277
253,84,82.46,0.4219306330341984,28,93.58823529411765,75.54545454545455,77.9090909090909,1559,1215,974,1597,1623,1278
254,76,82.63,0.42272177175360043,28,93.79411764705883,75.72727272727273,78.03030303030303,1564,1220,977,1598,1625,1279
255,83,82.8,0.42351690821256033,28,94.02941176470588,75.87878787878788,78.15151515151516,1569,1224,980,1599,1628,1280
256,83,82.98,0.4243480356712461,28,94.26470588235294,76.06060606060606,78.27272727272727,1574,1229,983,1600,1631,1281
257,71,83.16,0.4251755651755652,28,94.5,76.24242424242425,78.39393939393939,1579,1234,986,1601,1634,1282
258,78,83.33,0.42596783871354854,28,94.73529411764706,76.39393939393939,78.51515151515152,1584,1238,989,1602,1637,1283
259,76,83.5,0.4267305389221557,28,94.97058823529412,76.54545454545455,78.63636363636364,1589,1242,992,1603,1640,1284
260,72,83.66,0.42744441788190296,28,95.20588235294117,76.66666666666667,78.75757575757575,1594,1245,995,1604,1643,1285
261,79,83.83,0.428210664439938,28,95.44117647058823,76.84848484848484,78.84848484848484,1599,1250,997,1605,1646,1286
262,80,84.0,0.4289904761904762,28,95.67647058823529,77.0,78.96969696969697,1604,1254,1000,1606,1649,1287
263,68,84.18,0.4298051793775244,28,95.91176470588235,77.18181818181819,79.0909090909091,1609,1259,1003,1607,1652,1288
264,76,84.34,0.4305145838273654,28,96.1470588235294,77.3030303030303,79.21212121212122,1614,1262,1006,1608,1655,1289
265,81,84.5,0.43121656804733727,28,96.38235294117646,77.45454545454545,79.3030303030303,1619,1266,1008,1609,1658,1290
266,76,84.67,0.43198889807487895,28,96.61764705882354,77.60606060606061,79.42424242424242,1624,1270,1011,1610,1661,1291
267,85,84.85,0.43279316440777843,28,96.8529411764706,77.78787878787878,79.54545454545455,1629,1275,1014,1611,1664,1292
268,89,85.02,0.43354975299929427,28,97.08823529411765,77.93939393939394,79.66666666666667,1634,1279,1017,1612,1667,1293
269,80,85.2,0.43434976525821595,28,97.32352941176471,78.12121212121212,79.78787878787878,1639,1284,1020,1613,1670,1294
270,86,85.38,0.43514640431014284,28,97.55882352941177,78.3030303030303,79.9090909090909,1644,1289,1023,1614,1673,1295
271,86,85.56,0.43593969144460026,28,97.79411764705883,78.48484848484848,80.03030303030303,1649,1294,1026,1615,1676,1296
272,78,85.73,0.43668610754694975,28,98.02941176470588,78.63636363636364,80.15151515151516,1654,1298,1029,1616,1679,1297
273,84,85.91,0.43747293679431964,28,98.26470588235294,78.81818181818181,80.27272727272727,1659,1303,1032,1617,1682,1298
274,85,86.08,0.43822258364312267,28,98.5,78.96969696969697,80.39393939393939,1664,1307,1035,1618,1685,1299
275,74,86.25,0.43897159420289855,28,98.73529411764706,79.12121212121212,80.51515151515152,1669,1311,1038,1619,1688,1300
276,79,86.41,0.4396748061566948,28,98.97058823529412,79.24242424242425,80.63636363636364,1674,1314,1041,1620,1691,1301
277,83,86.58,0.44041811041811046,28,99.20588235294117,79.39393939393939,80.75757575757575,1679,1318,1044,1621,1694,1302
278,72,86.75,0.4411585014409222,28,99.44117647058823,79.54545454545455,80.87878787878788,1684,1322,1047,1622,1697,1303
279,76,86.92,0.4418959963184538,28,99.67647058823529,79.6969696969697,81.0,1689,1326,1050,1623,1700,1304
280,82,87.07,0.44257379120248075,28,99.91176470588235,79.81818181818181,81.0909090909091,1694,1329,1053,1623,1703,1305
281,72,87.23,0.4432935916542474,28,100.1470588235294,79.96969696969697,81.18181818181819,1699,1333,1056,1623,1706,1306
282,77,87.39,0.4440107563794484,28,100.38235294117646,80.12121212121212,81.27272727272727,1704,1337,1059,1623,1709,1307
283,79,87.55,0.4447252998286693,28,100.61764705882354,80.27272727272727,81.36363636363636,1709,1341,1062,1623,1712,1308
284,73,87.7,0.4453956670467503,28,100.8529411764706,80.39393939393939,81.45454545454545,1714,1344,1065,1623,1715,1309
285,78,87.86,0.44610744366036875,28,101.08823529411765,80.54545454545455,81.54545454545455,1719,1348,1068,1623,1718,1310
286,80,88.02,0.44681663258350374,28,101.32352941176471,80.6969696969697,81.63636363636364,1724,1352,1071,1623,1721,1311
287,70,88.18,0.4475232479020186,28,101.55882352941177,80.84848484848484,81.72727272727273,1729,1356,1074,1623,1724,1312
288,79,88.33,0.44818634665459073,28,101.79411764705883,80.96969696969697,81.81818181818181,1734,1359,1077,1623,1727,1313
289,89,88.5,0.44884745762711864,28,102.05882352941177,81.12121212121212,81.9090909090909,1740,1363,1080,1623,1730,1314
290,83,88.68,0.44946549391069013,28,102.32352941176471,81.3030303030303,82.0,1746,1367,1083,1623,1733,1316
291,92,88.86,0.4500810263335584,28,102.58823529411765,81.48484848484848,82.0909090909091,1752,1371,1086,1623,1736,1318
292,96,89.03,0.45065595866561836,28,102.8529411764706,81.63636363636364,82.18181818181819,1758,1374,1089,1623,1739,1320
293,84,89.21,0.4512711579419348,28,103.11764705882354,81.81818181818181,82.27272727272727,1764,1378,1092,1623,1742,1322
294,93,89.39,0.4518905917887907,28,103.38235294117646,82.0,82.36363636363636,1770,1382,1095,1623,1745,1324
295,102,89.57,0.45251870045774256,28,103.6470588235294,82.18181818181819,82.45454545454545,1776,1386,1098,1623,1748,1326
296,93,89.75,0.4530729805013927,28,103.91176470588235,82.33333333333333,82.57575757575758,1782,1389,1101,1624,1751,1328
297,93,89.93,0.4536383854108751,28,104.17647058823529,82.48484848484848,82.6969696969697,1788,1392,1104,1625,1754,1330
298,104,90.12,0.45424323124722593,28,104.44117647058823,82.66666666666667,82.81818181818181,1794,1396,1107,1626,1757,1332
299,94,90.31,0.45484774665042627,28,104.70588235294117,82.84848484848484,82.93939393939394,1800,1400,1110,1627,1760,1334
300,90,90.5,0.45544972375690607,28,104.97058823529412,83.03030303030303,83.06060606060606,1806,1404,1113,1628,1763,1336
301,104,90.69,0.4559256808909472,28,105.23529411764706,83.18181818181819,83.21212121212122,1812,1407,1116,1630,1766,1338
302,94,90.88,0.4565338908450704,28,105.5,83.36363636363636,83.33333333333333,1818,1411,1119,1631,1769,1340
303,87,91.07,0.45714834742505767,28,105.76470588235294,83.54545454545455,83.45454545454545,1824,1415,1122,1632,1772,1342
304,92,91.26,0.45776682007451236,28,106.02941176470588,83.72727272727273,83.57575757575758,1830,1419,1125,1633,1775,1344
305,89,91.44,0.4583530183727034,28,106.29411764705883,83.87878787878788,83.6969696969697,1836,1422,1128,1634,1778,1346
306,82,91.63,0.45896431299792645,28,106.55882352941177,84.03030303030303,83.84848484848484,1842,1425,1131,1636,1781,1348
307,87,91.82,0.4595774341102156,28,106.82352941176471,84.18181818181819,84.0,1848,1428,1134,1638,1784,1350
308,78,92.0,0.46015217391304347,28,107.08823529411765,84.33333333333333,84.12121212121212,1854,1431,1136,1640,1787,1352
309,78,92.18,0.4607441961379909,28,107.3529411764706,84.48484848484848,84.24242424242425,1860,1434,1139,1641,1790,1354
310,82,92.35,0.4611727125067677,28,107.58823529411765,84.63636363636364,84.36363636363636,1866,1437,1141,1643,1792,1356
311,74,92.52,0.4616104626026805,28,107.79411764705883,84.78787878787878,84.51515151515152,1871,1440,1144,1645,1794,1358
312,71,92.7,0.4620798274002158,28,108.0,84.93939393939394,84.6969696969697,1876,1443,1147,1648,1796,1360
313,74,92.88,0.46255598621877697,28,108.20588235294117,85.0909090909091,84.87878787878788,1881,1446,1150,1651,1798,1362
314,67,93.04,0.4629535683576956,28,108.41176470588235,85.24242424242425,85.0,1886,1449,1151,1654,1800,1364
315,70,93.19,0.46339199484923277,28,108.61764705882354,85.36363636363636,85.12121212121212,1891,1451,1153,1656,1802,1366
316,76,93.37,0.4639166755917318,28,108.82352941176471,85.57575757575758,85.24242424242425,1896,1456,1155,1658,1804,1368
317,67,93.55,0.4644500267236772,28,109.02941176470588,85.78787878787878,85.36363636363636,1901,1461,1157,1660,1806,1370
318,66,93.71,0.4649012912175862,28,109.20588235294117,86.0,85.45454545454545,1905,1466,1158,1662,1808,1372
319,68,93.87,0.4653105358474486,28,109.38235294117646,86.18181818181819,85.57575757575758,1909,1470,1159,1665,1810,1374
320,65,94.02,0.465751967666454,28,109.55882352941177,86.36363636363636,85.66666666666667,1912,1474,1160,1667,1813,1376
321,62,94.17,0.4662132313900393,28,109.73529411764706,86.54545454545455,85.75757575757575,1916,1478,1161,1669,1815,1378
322,54,94.31,0.4666853992153536,28,109.94117647058823,86.6969696969697,85.81818181818181,1920,1481,1162,1670,1818,1380
323,58,94.45,0.4671561672842774,28,110.1470588235294,86.84848484848484,85.87878787878788,1924,1484,1163,1671,1821,1382
324,55,94.57,0.46758062810616474,28,110.26470588235294,87.03030303030303,85.93939393939394,1926,1488,1164,1672,1823,1384
325,53,94.71,0.4680424453595185,28,110.44117647058823,87.21212121212122,86.0,1929,1492,1165,1673,1826,1386
326,49,94.84,0.46847532686630117,28,110.58823529411765,87.39393939393939,86.06060606060606,1932,1496,1166,1674,1828,1388
327,47,94.95,0.4688541337546077,28,110.73529411764706,87.54545454545455,86.0909090909091,1935,1499,1167,1674,1830,1390
328,54,95.06,0.46922154428781826,28,110.8529411764706,87.6969696969697,86.15151515151516,1937,1502,1168,1675,1832,1392
329,54,95.18,0.4696259718428242,28,111.0,87.84848484848484,86.21212121212122,1940,1505,1169,1676,1834,1394
330,51,95.3,0.47003357817418673,28,111.1470588235294,88.0,86.27272727272727,1943,1508,1170,1677,1836,1396
331,54,95.42,0.4704715992454412,28,111.29411764705883,88.12121212121212,86.36363636363636,1946,1511,1172,1678,1838,1397
332,57,95.54,0.47087921289512247,28,111.44117647058823,88.27272727272727,86.42424242424242,1949,1514,1173,1679,1840,1399
333,60,95.66,0.4712899853648338,28,111.55882352941177,88.42424242424242,86.51515151515152,1951,1517,1175,1680,1842,1401
334,61,95.8,0.47174947807933193,28,111.73529411764706,88.57575757575758,86.60606060606061,1955,1520,1177,1681,1844,1403
335,64,95.95,0.4722490880667014,28,111.94117647058823,88.72727272727273,86.6969696969697,1960,1523,1179,1682,1846,1405
336,58,96.1,0.47269719042663894,28,112.11764705882354,88.9090909090909,86.78787878787878,1964,1526,1181,1683,1848,1408
337,58,96.25,0.4731438961038961,28,112.29411764705883,89.0909090909091,86.87878787878788,1968,1529,1183,1684,1850,1411
338,56,96.39,0.4735460109969914,28,112.44117647058823,89.27272727272727,86.96969696969697,1971,1532,1185,1685,1852,1414
339,52,96.52,0.47400124326564447,28,112.61764705882354,89.42424242424242,87.03030303030303,1975,1535,1187,1685,1854,1416
340,54,96.65,0.4744552509053285,28,112.79411764705883,89.57575757575758,87.0909090909091,1979,1538,1189,1685,1856,1418
341,59,96.78,0.47491010539367634,28,112.97058823529412,89.72727272727273,87.15151515151516,1983,1541,1191,1685,1858,1420
342,66,96.92,0.47540652084193147,28,113.17647058823529,89.87878787878788,87.21212121212122,1988,1544,1193,1685,1860,1422
343,73,97.06,0.4759015042241912,28,113.38235294117646,90.03030303030303,87.27272727272727,1993,1547,1195,1685,1862,1424
344,77,97.2,0.476395061728395,28,113.58823529411765,90.18181818181819,87.33333333333333,1998,1550,1197,1685,1864,1426
345,74,97.35,0.4768885464817668,28,113.79411764705883,90.33333333333333,87.42424242424242,2003,1553,1199,1686,1866,1428
346,80,97.5,0.47738256410256413,28,114.0,90.48484848484848,87.51515151515152,2008,1556,1201,1687,1868,1430
347,76,97.66,0.47786811386442757,28,114.20588235294117,90.66666666666667,87.60606060606061,2013,1559,1203,1688,1870,1433
348,75,97.82,0.4783541198118994,28,114.41176470588235,90.84848484848484,87.6969696969697,2018,1562,1205,1689,1872,1436
349,81,97.97,0.4788026947024599,28,114.58823529411765,91.03030303030303,87.78787878787878,2022,1565,1207,1690,1874,1439
350,74,98.13,0.47928767960868235,28,114.79411764705883,91.21212121212122,87.87878787878788,2027,1568,1209,1691,1876,1442
351,70,98.29,0.4797710855631295,28,115.0,91.39393939393939,87.96969696969697,2032,1571,1211,1692,1878,1445
352,72,98.45,0.48025901472828847,28,115.20588235294117,91.57575757575758,88.06060606060606,2037,1574,1213,1693,1880,1448
353,72,98.6,0.48070993914807303,28,115.38235294117646,91.75757575757575,88.15151515151516,2041,1577,1215,1694,1882,1451
354,65,98.76,0.48119886593762656,28,115.58823529411765,91.93939393939394,88.24242424242425,2046,1580,1217,1695,1884,1454
355,62,98.91,0.48164695177434036,28,115.79411764705883,92.12121212121212,88.3030303030303,2051,1583,1218,1696,1886,1457
356,56,99.06,0.4820956995760145,28,116.0,92.3030303030303,88.36363636363636,2056,1586,1219,1697,1888,1460
357,48,99.2,0.48250806451612904,28,116.17647058823529,92.48484848484848,88.42424242424242,2060,1589,1220,1698,1890,1463
358,48,99.32,0.4828956906967378,28,116.32352941176471,92.63636363636364,88.48484848484848,2063,1592,1221,1699,1892,1465
359,47,99.42,0.4832428082880708,28,116.44117647058823,92.75757575757575,88.54545454545455,2065,1595,1222,1700,1894,1466
360,46,99.52,0.4835892282958199,28,116.55882352941177,92.87878787878788,88.60606060606061,2067,1598,1223,1701,1896,1467
361,48,99.62,0.48393495282071874,28,116.67647058823529,93.0,88.66666666666667,2069,1601,1224,1702,1898,1468
362,47,99.72,0.4842799839550742,28,116.79411764705883,93.12121212121212,88.72727272727273,2071,1604,1225,1703,1900,1469
363,43,99.82,0.4846263273893008,28,116.91176470588235,93.24242424242425,88.78787878787878,2073,1607,1226,1704,1902,1470
364,49,99.91,0.48496546892202985,28,117.02941176470588,93.36363636363636,88.81818181818181,2075,1610,1227,1704,1904,1471
365,51,100.01,0.4852044795520448,28,117.1470588235294,93.51515151515152,88.84848484848484,2077,1614,1228,1704,1906,1472
366,46,100.12,0.48544346783859366,28,117.26470588235294,93.6969696969697,88.87878787878788,2079,1618,1229,1704,1908,1474
367,47,100.23,0.48568193155741796,28,117.38235294117646,93.87878787878788,88.9090909090909,2081,1622,1230,1704,1910,1476
368,49,100.33,0.4859234526063989,28,117.5,94.03030303030303,88.93939393939394,2083,1626,1231,1704,1912,1477
369,45,100.43,0.486174449865578,28,117.61764705882354,94.18181818181819,88.96969696969697,2085,1630,1232,1704,1914,1478
370,47,100.53,0.4864269372326669,28,117.73529411764706,94.33333333333333,89.0,2087,1634,1233,1704,1916,1479
371,46,100.63,0.4866848852230945,28,117.8529411764706,94.48484848484848,89.03030303030303,2089,1638,1234,1704,1918,1480
372,43,100.72,0.48702541699761714,28,117.97058823529412,94.60606060606061,89.06060606060606,2091,1641,1235,1704,1920,1481
373,46,100.81,0.4873653407400059,28,118.08823529411765,94.72727272727273,89.0909090909091,2093,1644,1236,1704,1922,1482
374,46,100.9,0.48770465807730423,28,118.20588235294117,94.84848484848484,89.12121212121212,2095,1647,1237,1704,1924,1483
375,43,100.99,0.4880433706307555,28,118.32352941176471,94.96969696969697,89.15151515151516,2097,1650,1238,1704,1926,1484
376,46,101.08,0.48838148001582904,28,118.44117647058823,95.0909090909091,89.18181818181819,2099,1653,1239,1704,1928,1485
377,46,101.17,0.4887189878422457,28,118.55882352941177,95.21212121212122,89.21212121212122,2101,1656,1240,1704,1930,1486
378,43,101.26,0.48905589571400354,28,118.67647058823529,95.33333333333333,89.24242424242425,2103,1659,1241,1704,1932,1487
379,46,101.35,0.489392205229403,28,118.79411764705883,95.45454545454545,89.27272727272727,2105,1662,1242,1704,1934,1488
380,46,101.44,0.4897279179810725,28,118.91176470588235,95.57575757575758,89.3030303030303,2107,1665,1243,1704,1936,1489
381,43,101.53,0.4900630355559933,28,119.02941176470588,95.6969696969697,89.33333333333333,2109,1668,1244,1704,1938,1490
382,46,101.62,0.4903975595355245,28,119.1470588235294,95.81818181818181,89.36363636363636,2111,1671,1245,1704,1940,1491
383,46,101.71,0.49073149149542816,28,119.26470588235294,95.93939393939394,89.39393939393939,2113,1674,1246,1704,1942,1492
384,43,101.8,0.4910648330058939,28,119.38235294117646,96.06060606060606,89.42424242424242,2115,1677,1247,1704,1944,1493
385,46,101.89,0.49139758563156344,28,119.5,96.18181818181819,89.45454545454545,2117,1680,1248,1704,1946,1494
386,46,101.98,0.49173171210041183,28,119.61764705882354,96.3030303030303,89.48484848484848,2119,1683,1249,1704,1948,1495
387,43,102.07,0.4920652493386891,28,119.73529411764706,96.42424242424242,89.51515151515152,2121,1686,1250,1704,1950,1496
388,46,102.16,0.4923981989036805,28,119.8529411764706,96.54545454545455,89.54545454545455,2123,1689,1251,1704,1952,1497
389,46,102.25,0.4927305623471883,28,119.97058823529412,96.66666666666667,89.57575757575758,2125,1692,1252,1704,1954,1498
390,43,102.34,0.493062341215556,28,120.08823529411765,96.78787878787878,89.60606060606061,2127,1695,1253,1704,1956,1499
391,46,102.43,0.49339353704969247,28,120.20588235294117,96.9090909090909,89.63636363636364,2129,1698,1254,1704,1958,1500
392,46,102.52,0.4937261022239563,28,120.32352941176471,97.03030303030303,89.66666666666667,2131,1701,1255,1704,1960,1501
393,43,102.61,0.4940580840074067,28,120.44117647058823,97.15151515151516,89.6969696969697,2133,1704,1256,1704,1962,1502
394,46,102.7,0.49438948393378773,28,120.55882352941177,97.27272727272727,89.72727272727273,2135,1707,1257,1704,1964,1503
395,46,102.79,0.4947222492460356,28,120.67647058823529,97.39393939393939,89.75757575757575,2137,1710,1258,1704,1966,1504
396,43,102.88,0.49505443234836705,28,120.79411764705883,97.51515151515152,89.78787878787878,2139,1713,1259,1704,1968,1505
397,46,102.97,0.49538603476740795,28,120.91176470588235,97.63636363636364,89.81818181818181,2141,1716,1260,1704,1970,1506
398,46,103.06,0.4957170580244518,28,121.02941176470588,97.75757575757575,89.84848484848484,2143,1719,1261,1704,1972,1507
399,43,103.15,0.4960494425593795,28,121.1470588235294,97.87878787878788,89.87878787878788,2145,1722,1262,1704,1974,1508
400,46,103.24,0.4963812475784579,28,121.26470588235294,98.0,89.9090909090909,2147,1725,1263,1704,1976,1509
401,46,103.33,0.4967144101422627,28,121.38235294117646,98.12121212121212,89.93939393939394,2149,1728,1264,1704,1978,1510
402,43,103.42,0.4970469928447109,28,121.5,98.24242424242425,89.96969696969697,2151,1731,1265,1704,1980,1511
403,49,103.51,0.49738092937880396,28,121.61764705882354,98.36363636363636,90.0,2153,1734,1266,1704,1982,1512
404,48,103.61,0.4976073738056172,28,121.73529411764706,98.48484848484848,90.06060606060606,2155,1737,1267,1705,1984,1513
405,44,103.71,0.4978333815446919,28,121.8529411764706,98.60606060606061,90.12121212121212,2157,1740,1268,1706,1986,1514
406,46,103.81,0.49806280705134376,28,121.97058823529412,98.72727272727273,90.18181818181819,2159,1743,1269,1707,1988,1515
407,49,103.9,0.49839461020211745,28,122.08823529411765,98.84848484848484,90.21212121212122,2161,1746,1270,1707,1990,1516
408,45,104.0,0.4986557692307692,28,122.23529411764706,98.96969696969697,90.24242424242425,2164,1749,1271,1707,1992,1517
409,47,104.1,0.4989221902017291,28,122.38235294117646,99.0909090909091,90.27272727272727,2167,1752,1272,1707,1994,1518
410,46,104.2,0.4991957773512476,28,122.52941176470588,99.21212121212122,90.3030303030303,2170,1755,1273,1707,1996,1519
411,43,104.29,0.4995291974302426,28,122.6470588235294,99.33333333333333,90.33333333333333,2172,1758,1274,1707,1998,1520
412,46,104.38,0.4998620425368845,28,122.76470588235294,99.45454545454545,90.36363636363636,2174,1761,1275,1707,2000,1521
413,49,104.47,0.5001943141571743,28,122.88235294117646,99.57575757575758,90.39393939393939,2176,1764,1276,1707,2002,1522
414,48,104.57,0.5004504159892895,28,123.0,99.6969696969697,90.45454545454545,2178,1767,1278,1707,2004,1523
415,58,104.68,0.5006954528085594,28,123.1470588235294,99.81818181818181,90.51515151515152,2181,1770,1280,1707,2006,1524
416,67,104.8,0.5008874045801527,28,123.32352941176471,99.93939393939394,90.57575757575758,2185,1773,1282,1707,2008,1525
417,68,104.94,0.5010291595197256,28,123.52941176470588,100.06060606060606,90.66666666666667,2190,1776,1284,1708,2010,1526
418,62,105.09,0.5010838329051289,28,123.73529411764706,100.18181818181819,90.78787878787878,2195,1779,1286,1710,2012,1527
419,65,105.24,0.50115165336374,28,123.94117647058823,100.3030303030303,90.9090909090909,2200,1782,1288,1712,2014,1528
420,58,105.37,0.5013314985289931,28,124.11764705882354,100.42424242424242,91.0,2204,1785,1289,1714,2016,1529
421,57,105.5,0.5015127962085308,28,124.29411764705883,100.54545454545455,91.0909090909091,2208,1788,1290,1716,2018,1530
422,53,105.63,0.5016974344409733,28,124.47058823529412,100.66666666666667,91.18181818181819,2212,1791,1291,1718,2020,1531
423,50,105.75,0.5018486997635934,28,124.6470588235294,100.75757575757575,91.27272727272727,2216,1793,1292,1720,2022,1532
424,51,105.86,0.5020479879085584,28,124.79411764705883,100.84848484848484,91.36363636363636,2219,1795,1293,1722,2024,1533
425,53,105.96,0.5023367308418272,28,124.94117647058823,100.93939393939394,91.42424242424242,2222,1797,1294,1723,2026,1534
426,51,106.07,0.5026067691147356,28,125.11764705882354,101.03030303030303,91.48484848484848,2225,1799,1295,1724,2029,1535
427,49,106.18,0.5028818986626483,28,125.29411764705883,101.12121212121212,91.54545454545455,2228,1801,1296,1725,2032,1536
428,45,106.28,0.503178396687994,28,125.44117647058823,101.21212121212122,91.60606060606061,2231,1803,1297,1726,2034,1537
429,46,106.39,0.503456151893975,28,125.61764705882354,101.3030303030303,91.66666666666667,2234,1805,1298,1727,2037,1538
430,45,106.49,0.5037515259648794,28,125.76470588235294,101.39393939393939,91.72727272727273,2237,1807,1299,1728,2039,1539
431,37,106.6,0.5040281425891182,28,125.94117647058823,101.48484848484848,91.78787878787878,2240,1809,1300,1729,2042,1540
432,39,106.7,0.5042661668228678,28,126.11764705882354,101.57575757575758,91.81818181818181,2243,1811,1300,1730,2045,1541
433,38,106.8,0.5045655430711611,28,126.26470588235294,101.66666666666667,91.87878787878788,2246,1813,1301,1731,2047,1542
434,33,106.88,0.5047866766467066,28,126.38235294117646,101.72727272727273,91.93939393939394,2248,1815,1302,1732,2049,1542
435,40,106.96,0.5050074794315632,28,126.5,101.78787878787878,92.0,2250,1817,1303,1733,2051,1542
436,41,107.04,0.5052316890881913,28,126.6470588235294,101.84848484848484,92.03030303030303,2253,1819,1303,1734,2053,1542
437,35,107.13,0.5054970596471576,28,126.79411764705883,101.9090909090909,92.0909090909091,2256,1821,1304,1735,2055,1542
438,38,107.22,0.5057638500279799,28,126.94117647058823,101.96969696969697,92.15151515151516,2259,1823,1305,1736,2057,1542
439,39,107.3,0.5059888164026095,28,127.05882352941177,102.03030303030303,92.21212121212122,2261,1825,1306,1737,2059,1542
440,37,107.38,0.5062153101136152,28,127.20588235294117,102.0909090909091,92.24242424242425,2264,1827,1306,1738,2061,1542
441,40,107.47,0.5064808783846655,28,127.3529411764706,102.15151515151516,92.3030303030303,2267,1829,1307,1739,2063,1542
442,37,107.56,0.5067460022313128,28,127.5,102.21212121212122,92.36363636363636,2270,1831,1308,1740,2065,1542
443,35,107.64,0.5069713861018209,28,127.61764705882354,102.27272727272727,92.42424242424242,2272,1833,1309,1741,2067,1542
444,42,107.72,0.5071982918678054,28,127.76470588235294,102.33333333333333,92.45454545454545,2275,1835,1309,1742,2069,1542
445,45,107.81,0.5074640571375568,28,127.91176470588235,102.39393939393939,92.51515151515152,2278,1837,1310,1743,2071,1542
446,39,107.9,0.5077293790546803,28,128.05882352941177,102.45454545454545,92.57575757575758,2281,1839,1311,1744,2073,1542
447,42,107.99,0.5079942587276599,28,128.2058823529412,102.51515151515152,92.63636363636364,2284,1841,1312,1745,2075,1542
448,45,108.08,0.5082586972612879,28,128.35294117647058,102.57575757575758,92.6969696969697,2287,1843,1313,1746,2077,1542
449,45,108.17,0.5085226957566793,28,128.5,102.63636363636364,92.75757575757575,2290,1845,1314,1747,2079,1542
450,45,108.26,0.5087881027156844,28,128.64705882352942,102.6969696969697,92.81818181818181,2293,1847,1315,1748,2081,1542
451,40,108.34,0.5090252907513384,28,128.76470588235293,102.75757575757575,92.87878787878788,2296,1849,1316,1749,2082,1542
452,41,108.42,0.5092621287585316,28,128.88235294117646,102.81818181818181,92.93939393939394,2299,1851,1317,1750,2083,1542
453,47,108.51,0.509526310939084,28,129.02941176470588,102.87878787878788,93.0,2302,1853,1318,1751,2085,1542
454,53,108.6,0.5097937384898711,28,129.1764705882353,102.93939393939394,93.06060606060606,2305,1855,1319,1752,2087,1542
455,47,108.69,0.5100607231576042,28,129.3235294117647,103.0,93.12121212121212,2308,1857,1320,1753,2089,1542
456,49,108.79,0.5103070135122714,28,129.5,103.06060606060606,93.18181818181819,2311,1859,1321,1754,2092,1542
457,45,108.89,0.5105528515015153,28,129.6764705882353,103.12121212121212,93.24242424242425,2314,1861,1322,1755,2095,1542
458,44,108.99,0.5108000734012295,28,129.85294117647058,103.18181818181819,93.3030303030303,2317,1863,1323,1756,2098,1542
459,37,109.09,0.5110486754056284,28,130.02941176470588,103.24242424242425,93.36363636363636,2320,1865,1324,1757,2101,1542
460,38,109.17,0.5112402674727489,28,130.2058823529412,103.27272727272727,93.39393939393939,2323,1866,1324,1758,2104,1542
461,38,109.26,0.5114589053633535,28,130.38235294117646,103.33333333333333,93.42424242424242,2326,1868,1324,1759,2107,1542
462,38,109.35,0.511679012345679,28,130.55882352941177,103.39393939393939,93.45454545454545,2329,1870,1324,1760,2110,1542
463,52,109.45,0.5119369575148469,28,130.73529411764707,103.45454545454545,93.51515151515152,2332,1872,1325,1761,2113,1542
464,56,109.56,0.5121778021175611,28,130.94117647058823,103.51515151515152,93.57575757575758,2335,1874,1326,1762,2117,1542
465,48,109.67,0.5124218108872071,28,131.14705882352942,103.57575757575758,93.63636363636364,2338,1876,1327,1763,2121,1542
466,52,109.78,0.5126689743122609,28,131.35294117647058,103.63636363636364,93.6969696969697,2341,1878,1328,1764,2125,1542
467,48,109.88,0.5129268292682927,28,131.52941176470588,103.6969696969697,93.75757575757575,2344,1880,1329,1765,2128,1542
468,47,109.98,0.5131842153118749,28,131.7058823529412,103.75757575757575,93.81818181818181,2347,1882,1330,1766,2131,1542
469,51,110.09,0.5134317376691798,28,131.91176470588235,103.81818181818181,93.87878787878788,2350,1884,1331,1767,2135,1542
470,49,110.2,0.5136842105263159,28,132.11764705882354,103.87878787878788,93.93939393939394,2353,1886,1332,1768,2139,1542
471,50,110.31,0.5139398060012692,28,132.3235294117647,103.93939393939394,94.0,2356,1888,1333,1769,2143,1542
472,49,110.41,0.5141608549950185,28,132.5,104.0,94.06060606060606,2359,1890,1334,1770,2146,1542
473,45,110.51,0.5143833137272645,28,132.6764705882353,104.06060606060606,94.12121212121212,2362,1892,1335,1771,2149,1542
474,47,110.61,0.5146053702196908,28,132.85294117647058,104.12121212121212,94.18181818181819,2365,1894,1336,1772,2152,1542
475,43,110.71,0.5148270255622799,28,133.02941176470588,104.18181818181819,94.24242424242425,2368,1896,1337,1773,2155,1542
476,39,110.81,0.5150500857323346,28,133.2058823529412,104.24242424242425,94.3030303030303,2371,1898,1338,1774,2158,1542
477,43,110.89,0.5152466408152223,28,133.3235294117647,104.3030303030303,94.36363636363636,2374,1900,1339,1775,2159,1542
478,40,110.98,0.5154766624617048,28,133.47058823529412,104.36363636363636,94.42424242424242,2377,1902,1340,1776,2161,1542
479,38,111.06,0.5156780118854674,28,133.58823529411765,104.42424242424242,94.48484848484848,2380,1904,1341,1777,2162,1542
480,42,111.14,0.5158808709735468,28,133.7058823529412,104.48484848484848,94.54545454545455,2383,1906,1342,1778,2163,1542
481,40,111.22,0.5160852364682611,28,133.8235294117647,104.54545454545455,94.60606060606061,2386,1908,1343,1779,2164,1542
482,38,111.3,0.5162893081761006,28,133.94117647058823,104.60606060606061,94.66666666666667,2389,1910,1344,1780,2165,1542
483,42,111.38,0.5164930867301131,28,134.05882352941177,104.66666666666667,94.72727272727273,2392,1912,1345,1781,2166,1542
484,40,111.46,0.5166983671272205,28,134.1764705882353,104.72727272727273,94.78787878787878,2395,1914,1346,1782,2167,1542
485,38,111.54,0.5169033530571991,28,134.2941176470588,104.78787878787878,94.84848484848484,2398,1916,1347,1783,2168,1542
486,42,111.62,0.5171080451531984,28,134.41176470588235,104.84848484848484,94.9090909090909,2401,1918,1348,1784,2169,1542
487,40,111.7,0.5173142345568487,28,134.52941176470588,104.9090909090909,94.96969696969697,2404,1920,1349,1785,2170,1542
488,38,111.78,0.517521918053319,28,134.64705882352942,104.96969696969697,95.03030303030303,2407,1922,1350,1786,2171,1542
489,42,111.86,0.5177293044877526,28,134.76470588235293,105.03030303030303,95.0909090909091,2410,1924,1351,1787,2172,1542
490,40,111.94,0.5179381811684831,28,134.88235294117646,105.0909090909091,95.15151515151516,2413,1926,1352,1788,2173,1542
491,38,112.02,0.5181467595072309,28,135.0,105.15151515151516,95.21212121212122,2416,1928,1353,1789,2174,1542
492,42,112.1,0.5183550401427297,28,135.11764705882354,105.21212121212122,95.27272727272727,2419,1930,1354,1790,2175,1542
493,40,112.18,0.5185630237118916,28,135.23529411764707,105.27272727272727,95.33333333333333,2422,1932,1355,1791,2176,1542
494,38,112.26,0.518770710849813,28,135.35294117647058,105.33333333333333,95.39393939393939,2425,1934,1356,1792,2177,1542
495,42,112.34,0.518978102189781,28,135.47058823529412,105.39393939393939,95.45454545454545,2428,1936,1357,1793,2178,1542
496,40,112.42,0.5191869774061555,28,135.58823529411765,105.45454545454545,95.51515151515152,2431,1938,1358,1794,2179,1542
497,38,112.5,0.5193955555555556,28,135.7058823529412,105.51515151515152,95.57575757575758,2434,1940,1359,1795,2180,1542
498,42,112.58,0.5196038372712738,28,135.8235294117647,105.57575757575758,95.63636363636364,2437,1942,1360,1796,2181,1542
499,40,112.66,0.5198118231848039,28,135.94117647058823,105.63636363636364,95.6969696969697,2440,1944,1361,1797,2182,1542
500,38,112.74,0.5200195139258471,28,136.05882352941177,105.6969696969697,95.75757575757575,2443,1946,1362,1798,2183,1542
501,42,112.82,0.5202269101223187,28,136.1764705882353,105.75757575757575,95.81818181818181,2446,1948,1363,1799,2184,1542
502,40,112.9,0.5204340124003543,28,136.2941176470588,105.81818181818181,95.87878787878788,2449,1950,1364,1800,2185,1542
503,38,112.98,0.5206408213843158,28,136.41176470588235,105.87878787878788,95.93939393939394,2452,1952,1365,1801,2186,1542
504,42,113.06,0.5208473376967981,28,136.52941176470588,105.93939393939394,96.0,2455,1954,1366,1802,2187,1542
505,40,113.14,0.5210553296800424,28,136.64705882352942,106.0,96.06060606060606,2458,1956,1367,1803,2188,1542
506,38,113.22,0.5212647942059706,28,136.76470588235293,106.06060606060606,96.12121212121212,2461,1958,1368,1804,2189,1542
507,42,113.3,0.5214739629302736,28,136.88235294117646,106.12121212121212,96.18181818181819,2464,1960,1369,1805,2190,1542
508,40,113.38,0.5216828364790969,28,137.0,106.18181818181819,96.24242424242425,2467,1962,1370,1806,2191,1542
509,38,113.46,0.52189141547682,28,137.11764705882354,106.24242424242425,96.3030303030303,2470,1964,1371,1807,2192,1542
510,42,113.54,0.5220997005460631,28,137.23529411764707,106.3030303030303,96.36363636363636,2473,1966,1372,1808,2193,1542
511,40,113.62,0.5223094525611688,28,137.35294117647058,106.36363636363636,96.42424242424242,2476,1968,1373,1809,2194,1542
512,38,113.7,0.52251890941073,28,137.47058823529412,106.42424242424242,96.48484848484848,2479,1970,1374,1810,2195,1542
513,42,113.78,0.5227298294955177,28,137.58823529411765,106.48484848484848,96.54545454545455,2482,1972,1375,1811,2196,1542
514,40,113.86,0.5229404531881258,28,137.7058823529412,106.54545454545455,96.60606060606061,2485,1974,1376,1812,2197,1542
515,38,113.94,0.5231507811128665,28,137.8235294117647,106.60606060606061,96.66666666666667,2488,1976,1377,1813,2198,1542
516,42,114.02,0.5233608138922996,28,137.94117647058823,106.66666666666667,96.72727272727273,2491,1978,1378,1814,2199,1542
517,40,114.1,0.5235705521472392,28,138.05882352941177,106.72727272727273,96.78787878787878,2494,1980,1379,1815,2200,1542
518,38,114.18,0.5237799964967595,28,138.1764705882353,106.78787878787878,96.84848484848484,2497,1982,1380,1816,2201,1542
519,42,114.26,0.5239908979520392,28,138.2941176470588,106.84848484848484,96.9090909090909,2500,1984,1381,1817,2202,1542
520,40,114.34,0.5242015042854644,28,138.41176470588235,106.9090909090909,96.96969696969697,2503,1986,1382,1818,2203,1542
521,38,114.42,0.5244118161160636,28,138.52941176470588,106.96969696969697,97.03030303030303,2506,1988,1383,1819,2204,1542
522,42,114.5,0.5246218340611354,28,138.64705882352942,107.03030303030303,97.0909090909091,2509,1990,1384,1820,2205,1542
523,40,114.58,0.5248315587362541,28,138.76470588235293,107.0909090909091,97.15151515151516,2512,1992,1385,1821,2206,1542
524,38,114.66,0.525042735042735,28,138.88235294117646,107.15151515151516,97.21212121212122,2515,1994,1386,1822,2207,1542
525,42,114.74,0.5252536168729302,28,139.0,107.21212121212122,97.27272727272727,2518,1996,1387,1823,2208,1542
526,40,114.82,0.5254642048423619,28,139.11764705882354,107.27272727272727,97.33333333333333,2521,1998,1388,1824,2209,1542
527,38,114.9,0.525674499564839,28,139.23529411764707,107.33333333333333,97.39393939393939,2524,2000,1389,1825,2210,1542
528,42,114.98,0.5258845016524613,28,139.35294117647058,107.39393939393939,97.45454545454545,2527,2002,1390,1826,2211,1542
529,40,115.06,0.5260942117156266,28,139.47058823529412,107.45454545454545,97.51515151515152,2530,2004,1391,1827,2212,1542
530,38,115.14,0.5263036303630363,28,139.58823529411765,107.51515151515152,97.57575757575758,2533,2006,1392,1828,2213,1542
531,42,115.22,0.5265127582017011,28,139.7058823529412,107.57575757575758,97.63636363636364,2536,2008,1393,1829,2214,1542
532,40,115.3,0.5267215958369471,28,139.8235294117647,107.63636363636364,97.6969696969697,2539,2010,1394,1830,2215,1542
533,38,115.38,0.5269301438724215,28,139.94117647058823,107.6969696969697,97.75757575757575,2542,2012,1395,1831,2216,1542
534,42,115.46,0.5271384029100987,28,140.05882352941177,107.75757575757575,97.81818181818181,2545,2014,1396,1832,2217,1542
535,40,115.54,0.5273463735502856,28,140.1764705882353,107.81818181818181,97.87878787878788,2548,2016,1397,1833,2218,1542
536,38,115.62,0.5275557861961598,28,140.2941176470588,107.87878787878788,97.93939393939394,2551,2018,1398,1834,2219,1542
537,42,115.7,0.5277649092480553,28,140.41176470588235,107.93939393939394,98.0,2554,2020,1399,1835,2220,1542
538,43,115.78,0.5279737433062706,28,140.52941176470588,108.0,98.06060606060606,2557,2022,1400,1836,2221,1542
539,49,115.87,0.5281082247346164,28,140.64705882352942,108.0909090909091,98.12121212121212,2560,2025,1401,1837,2222,1542
540,59,115.98,0.5282876357992757,28,140.76470588235293,108.18181818181819,98.24242424242425,2563,2028,1404,1838,2223,1542
541,62,116.1,0.5284926787252369,28,140.91176470588235,108.27272727272727,98.36363636363636,2567,2031,1407,1839,2224,1542
542,68,116.22,0.5287024608501119,28,141.05882352941177,108.36363636363636,98.48484848484848,2571,2034,1410,1840,2225,1542
543,68,116.34,0.5289135293106412,28,141.2058823529412,108.45454545454545,98.60606060606061,2575,2037,1413,1841,2226,1542
544,74,116.46,0.529124162802679,28,141.35294117647058,108.54545454545455,98.72727272727273,2579,2040,1416,1842,2227,1542
545,77,116.58,0.5293429404700635,28,141.5,108.63636363636364,98.84848484848484,2583,2043,1419,1843,2228,1542
546,76,116.71,0.5295630194499186,28,141.64705882352942,108.72727272727273,99.0,2587,2046,1422,1845,2229,1542
547,69,116.84,0.52978603218076,28,141.7941176470588,108.81818181818181,99.15151515151516,2591,2049,1425,1847,2230,1542
548,62,116.97,0.5300102590407797,28,141.94117647058823,108.9090909090909,99.3030303030303,2595,2052,1428,1849,2231,1542
549,76,117.1,0.5302356959863365,28,142.08823529411765,109.0,99.45454545454545,2599,2055,1431,1851,2232,1542
550,72,117.23,0.5304640450396656,28,142.23529411764707,109.0909090909091,99.60606060606061,2603,2058,1434,1853,2233,1542
551,73,117.37,0.5306594530118428,28,142.41176470588235,109.18181818181819,99.75757575757575,2607,2061,1437,1855,2235,1542
552,80,117.51,0.5308629052846566,28,142.58823529411765,109.27272727272727,99.9090909090909,2611,2064,1440,1857,2237,1542
553,72,117.65,0.5310794730131747,28,142.76470588235293,109.36363636363636,100.06060606060606,2615,2067,1443,1859,2239,1542
554,67,117.79,0.5312989218100008,28,142.94117647058823,109.45454545454545,100.21212121212122,2619,2070,1446,1861,2241,1542
555,73,117.94,0.5315075462099372,28,143.11764705882354,109.57575757575758,100.36363636363636,2623,2073,1449,1863,2243,1543
556,70,118.09,0.5317241087306291,28,143.2941176470588,109.6969696969697,100.51515151515152,2627,2076,1452,1865,2245,1544
557,64,118.24,0.5319401217861975,28,143.47058823529412,109.81818181818181,100.66666666666667,2631,2079,1455,1867,2247,1545
558,70,118.39,0.5321555874651576,28,143.64705882352942,109.93939393939394,100.81818181818181,2635,2082,1458,1869,2249,1546
559,64,118.54,0.532372195039649,28,143.8235294117647,110.06060606060606,100.96969696969697,2639,2085,1461,1871,2251,1547
560,58,118.69,0.5325882551183756,28,144.0,110.18181818181819,101.12121212121212,2643,2088,1464,1873,2253,1548
561,57,118.82,0.5327823598720753,28,144.1764705882353,110.3030303030303,101.21212121212122,2647,2091,1466,1874,2255,1549
562,53,118.95,0.5329760403530895,28,144.35294117647058,110.42424242424242,101.3030303030303,2651,2094,1468,1875,2257,1550
563,54,119.09,0.5331908640523974,28,144.55882352941177,110.54545454545455,101.39393939393939,2656,2097,1470,1876,2259,1551
564,55,119.23,0.5334118929799547,28,144.76470588235293,110.66666666666667,101.48484848484848,2661,2100,1472,1877,2261,1552
565,55,119.35,0.5336631755341432,28,144.97058823529412,110.72727272727273,101.57575757575758,2666,2102,1474,1878,2263,1552
566,58,119.47,0.533917301414581,28,145.1764705882353,110.78787878787878,101.66666666666667,2671,2104,1476,1879,2265,1552
567,63,119.6,0.5341505016722408,28,145.38235294117646,110.87878787878788,101.75757575757575,2676,2107,1478,1880,2267,1552
568,62,119.73,0.5343865363735071,28,145.58823529411765,110.96969696969697,101.84848484848484,2681,2110,1480,1881,2269,1552
569,61,119.86,0.534623727682296,28,145.7941176470588,111.06060606060606,101.93939393939394,2686,2113,1482,1882,2271,1552
570,67,119.98,0.5348808134689115,28,146.0,111.12121212121212,102.03030303030303,2691,2115,1484,1883,2273,1552
571,67,120.1,0.5351373855120732,28,146.2058823529412,111.18181818181819,102.12121212121212,2696,2117,1486,1884,2275,1552
572,66,120.23,0.5353763619728853,28,146.41176470588235,111.27272727272727,102.21212121212122,2701,2120,1488,1885,2277,1552
573,74,120.36,0.5356181455633101,28,146.61764705882354,111.36363636363636,102.3030303030303,2706,2123,1490,1886,2279,1552
574,76,120.49,0.5358610673084904,28,146.8235294117647,111.45454545454545,102.39393939393939,2711,2126,1492,1887,2281,1552
575,72,120.62,0.5361051235284364,28,147.02941176470588,111.54545454545455,102.48484848484848,2716,2129,1494,1888,2283,1552
576,74,120.75,0.5363503105590062,28,147.23529411764707,111.63636363636364,102.57575757575758,2721,2132,1496,1889,2285,1552
577,70,120.88,0.5365966247518199,28,147.44117647058823,111.72727272727273,102.66666666666667,2726,2135,1498,1890,2287,1552
578,69,121.01,0.5368424097182051,28,147.64705882352942,111.81818181818181,102.75757575757575,2731,2138,1500,1891,2289,1552
579,77,121.14,0.5370893181442958,28,147.85294117647058,111.9090909090909,102.84848484848484,2736,2141,1502,1892,2291,1552
580,70,121.27,0.5373356972045849,28,148.05882352941177,112.0,102.93939393939394,2741,2144,1504,1893,2293,1552
581,66,121.4,0.5375864909390444,28,148.26470588235293,112.0909090909091,103.03030303030303,2746,2147,1506,1894,2295,1552
582,68,121.53,0.5378383938122274,28,148.47058823529412,112.18181818181819,103.12121212121212,2751,2150,1508,1895,2297,1552
583,64,121.66,0.5380897583429229,28,148.6764705882353,112.27272727272727,103.21212121212122,2756,2153,1510,1896,2299,1552
584,60,121.79,0.5383405862550291,28,148.88235294117646,112.36363636363636,103.3030303030303,2761,2156,1512,1897,2301,1552
585,62,121.92,0.538594160104987,28,149.08823529411765,112.45454545454545,103.39393939393939,2766,2159,1514,1898,2303,1552
586,55,122.05,0.5388488324457189,28,149.2941176470588,112.54545454545455,103.48484848484848,2771,2162,1516,1899,2305,1552
587,51,122.18,0.539102962841709,28,149.5,112.63636363636364,103.57575757575758,2776,2165,1518,1900,2307,1552
588,54,122.3,0.5393311529026983,28,149.7058823529412,112.72727272727273,103.63636363636364,2781,2168,1519,1901,2309,1552
589,47,122.43,0.539553214081516,28,149.91176470588235,112.84848484848484,103.6969696969697,2786,2171,1520,1902,2311,1553
590,43,122.53,0.5397674039010855,28,150.08823529411765,112.9090909090909,103.75757575757575,2790,2173,1521,1903,2313,1553
591,45,122.63,0.5399828753159912,28,150.26470588235293,112.96969696969697,103.81818181818181,2794,2175,1522,1904,2315,1553
592,42,122.72,0.5401760104302477,28,150.41176470588235,113.03030303030303,103.87878787878788,2797,2177,1523,1905,2317,1553
593,39,122.81,0.5403688624704829,28,150.55882352941177,113.0909090909091,103.93939393939394,2800,2179,1524,1906,2319,1553
594,42,122.9,0.5405614320585842,28,150.7058823529412,113.15151515151516,104.0,2803,2181,1525,1907,2321,1553
595,40,122.98,0.5407594730850545,28,150.8235294117647,113.21212121212122,104.06060606060606,2806,2183,1526,1908,2322,1553
596,38,123.06,0.5409572566227856,28,150.94117647058823,113.27272727272727,104.12121212121212,2809,2185,1527,1909,2323,1553
597,42,123.14,0.5411547831736235,28,151.05882352941177,113.33333333333333,104.18181818181819,2812,2187,1528,1910,2324,1553
598,46,123.22,0.5413520532381108,28,151.1764705882353,113.39393939393939,104.24242424242425,2815,2189,1529,1911,2325,1553
599,46,123.31,0.5415465087989619,28,151.3235294117647,113.45454545454545,104.3030303030303,2819,2191,1530,1912,2326,1553
600,52,123.4,0.541740680713128,28,151.47058823529412,113.51515151515152,104.36363636363636,2823,2193,1531,1913,2327,1553
601,52,123.49,0.5419345696007773,28,151.61764705882354,113.57575757575758,104.42424242424242,2827,2195,1532,1914,2328,1553
602,46,123.58,0.5421297944651238,28,151.76470588235293,113.63636363636364,104.48484848484848,2831,2197,1533,1915,2329,1553
603,55,123.67,0.5423247351823401,28,151.91176470588235,113.6969696969697,104.54545454545455,2835,2199,1534,1916,2330,1553
604,52,123.76,0.5425210084033614,28,152.05882352941177,113.75757575757575,104.60606060606061,2839,2201,1535,1917,2331,1553
605,46,123.85,0.5427169963665724,28,152.2058823529412,113.81818181818181,104.66666666666667,2843,2203,1536,1918,2332,1553
606,55,123.94,0.5429126996934,28,152.35294117647058,113.87878787878788,104.72727272727273,2847,2205,1537,1919,2333,1553
607,52,124.03,0.5431081190034669,28,152.5,113.93939393939394,104.78787878787878,2851,2207,1538,1920,2334,1553
608,46,124.12,0.5433032549145989,28,152.64705882352942,114.0,104.84848484848484,2855,2209,1539,1921,2335,1553
609,58,124.21,0.543499718219145,28,152.7941176470588,114.06060606060606,104.9090909090909,2859,2211,1540,1922,2336,1553
610,58,124.3,0.5436975060337893,28,152.94117647058823,114.12121212121212,104.96969696969697,2863,2213,1541,1923,2337,1553
611,52,124.39,0.5438950076372698,28,153.08823529411765,114.18181818181819,105.03030303030303,2867,2215,1542,1924,2338,1553
612,55,124.48,0.5440922236503856,28,153.23529411764707,114.24242424242425,105.0909090909091,2871,2217,1543,1925,2339,1553
613,61,124.57,0.5442907602151401,28,153.38235294117646,114.3030303030303,105.15151515151516,2875,2219,1544,1926,2340,1553
614,58,124.66,0.544490614471362,28,153.52941176470588,114.36363636363636,105.21212121212122,2879,2221,1545,1927,2341,1553
615,61,124.75,0.5446901803607215,28,153.6764705882353,114.42424242424242,105.27272727272727,2883,2223,1546,1928,2342,1553
616,61,124.84,0.5448894585068887,28,153.8235294117647,114.48484848484848,105.33333333333333,2887,2225,1547,1929,2343,1553
617,61,124.93,0.5450884495317377,28,153.97058823529412,114.54545454545455,105.39393939393939,2891,2227,1548,1930,2344,1553
618,67,125.02,0.5452871540553512,28,154.11764705882354,114.60606060606061,105.45454545454545,2895,2229,1549,1931,2345,1553
619,64,125.11,0.5454855726960275,28,154.26470588235293,114.66666666666667,105.51515151515152,2899,2231,1550,1932,2346,1553
620,63,125.21,0.5455738359555946,28,154.41176470588235,114.75757575757575,105.57575757575758,2903,2233,1551,1933,2347,1554
621,70,125.32,0.5455521864028089,28,154.55882352941177,114.84848484848484,105.66666666666667,2907,2235,1553,1934,2348,1555
622,65,125.43,0.5455337638523479,28,154.7058823529412,114.93939393939394,105.75757575757575,2911,2237,1555,1935,2349,1556
623,66,125.54,0.5455185598215708,28,154.85294117647058,115.03030303030303,105.84848484848484,2915,2239,1557,1936,2350,1557
624,59,125.64,0.545611270296084,28,155.0,115.12121212121212,105.9090909090909,2919,2241,1558,1937,2351,1558
625,61,125.74,0.5457054238905679,28,155.14705882352942,115.21212121212122,105.96969696969697,2923,2243,1559,1938,2352,1559
626,63,125.84,0.5457994278448823,28,155.2941176470588,115.3030303030303,106.03030303030303,2927,2245,1560,1939,2353,1560
627,59,125.94,0.5458932825154836,28,155.44117647058823,115.39393939393939,106.0909090909091,2931,2247,1561,1940,2354,1561
628,55,126.04,0.545986988257696,28,155.58823529411765,115.48484848484848,106.15151515151516,2935,2249,1562,1941,2355,1562
629,57,126.14,0.5460821309655938,28,155.73529411764707,115.57575757575758,106.21212121212122,2939,2251,1563,1942,2356,1563
630,59,126.24,0.546177122940431,28,155.88235294117646,115.66666666666667,106.27272727272727,2943,2253,1564,1943,2357,1564
631,66,126.35,0.5462374356944995,28,156.05882352941177,115.75757575757575,106.33333333333333,2947,2255,1565,1944,2359,1565
632,61,126.46,0.5463039696346671,28,156.23529411764707,115.84848484848484,106.39393939393939,2951,2257,1566,1945,2361,1566
633,56,126.57,0.5463719680809038,28,156.41176470588235,115.93939393939394,106.45454545454545,2955,2259,1567,1946,2363,1567
634,54,126.68,0.5464398484370067,28,156.58823529411765,116.03030303030303,106.51515151515152,2959,2261,1568,1947,2365,1568
635,49,126.79,0.5465076110103321,28,156.76470588235293,116.12121212121212,106.57575757575758,2963,2263,1569,1948,2367,1569
636,46,126.91,0.5465818296430541,28,156.97058823529412,116.21212121212122,106.63636363636364,2967,2265,1570,1949,2370,1570
637,48,127.01,0.5466160144870483,28,157.11764705882354,116.3030303030303,106.6969696969697,2970,2267,1571,1950,2372,1571
638,49,127.12,0.546659848961611,28,157.2941176470588,116.39393939393939,106.75757575757575,2973,2269,1572,1951,2375,1572
639,49,127.24,0.5467353033637221,28,157.5,116.48484848484848,106.81818181818181,2977,2271,1573,1952,2378,1573
640,46,127.36,0.546813756281407,28,157.7058823529412,116.57575757575758,106.87878787878788,2981,2273,1574,1953,2381,1574
641,41,127.47,0.5468604377500589,28,157.88235294117646,116.66666666666667,106.93939393939394,2984,2275,1575,1954,2384,1575
642,43,127.57,0.5468817120012542,28,158.05882352941177,116.75757575757575,106.96969696969697,2987,2277,1575,1955,2387,1576
643,43,127.66,0.5469027103242989,28,158.2058823529412,116.84848484848484,107.0,2989,2279,1575,1956,2390,1577
644,39,127.76,0.5469536631183469,28,158.35294117647058,116.93939393939394,107.06060606060606,2991,2281,1576,1957,2393,1578
645,39,127.85,0.5469730152522487,28,158.47058823529412,117.03030303030303,107.12121212121212,2992,2283,1577,1958,2396,1579
646,39,127.94,0.5469939033922151,28,158.58823529411765,117.12121212121212,107.18181818181819,2993,2285,1578,1959,2399,1580
647,34,128.02,0.5469864083736916,28,158.7058823529412,117.21212121212122,107.21212121212122,2994,2287,1578,1960,2402,1581
648,35,128.1,0.5469789227166276,28,158.8235294117647,117.3030303030303,107.24242424242425,2995,2289,1578,1961,2405,1582
649,28,128.17,0.5469914956698135,28,158.91176470588235,117.39393939393939,107.27272727272727,2996,2291,1578,1962,2407,1583
650,27,128.24,0.547004054897068,28,159.0,117.48484848484848,107.3030303030303,2997,2293,1578,1963,2409,1584
651,22,128.32,0.5469981296758104,28,159.11764705882354,117.57575757575758,107.33333333333333,2998,2295,1578,1964,2412,1585
652,15,128.39,0.546963938001402,28,159.23529411764707,117.63636363636364,107.36363636363636,2999,2296,1578,1965,2415,1586
653,9,128.45,0.5468968470221877,28,159.35294117647058,117.66666666666667,107.39393939393939,3000,2296,1578,1966,2418,1587
654,11,128.49,0.5468402210288739,28,159.41176470588235,117.6969696969697,107.42424242424242,3001,2296,1578,1967,2419,1588
655,10,128.53,0.5467960787364817,28,159.47058823529412,117.72727272727273,107.45454545454545,3003,2296,1578,1968,2419,1589
656,14,128.58,0.5467351065484523,28,159.55882352941177,117.75757575757575,107.48484848484848,3005,2296,1578,1969,2420,1590
657,21,128.63,0.5467970146933063,28,159.64705882352942,117.78787878787878,107.51515151515152,3007,2297,1578,1970,2421,1590
658,23,128.7,0.5468205128205128,28,159.76470588235293,117.87878787878788,107.51515151515152,3009,2299,1578,1970,2423,1591
659,27,128.78,0.546873738158099,28,159.88235294117646,117.96969696969697,107.54545454545455,3011,2301,1579,1970,2425,1592
660,36,128.87,0.5469286878249399,28,160.02941176470588,118.06060606060606,107.57575757575758,3014,2303,1580,1970,2427,1593
661,41,128.97,0.5469760409397534,28,160.23529411764707,118.15151515151516,107.57575757575758,3018,2305,1580,1970,2430,1594
662,39,129.08,0.5470034087387666,28,160.44117647058823,118.27272727272727,107.57575757575758,3022,2307,1580,1970,2433,1596
663,31,129.19,0.547032278040096,28,160.64705882352942,118.39393939393939,107.57575757575758,3026,2309,1580,1970,2436,1598
664,35,129.27,0.5470929063201052,28,160.8235294117647,118.45454545454545,107.57575757575758,3029,2310,1580,1970,2439,1599
665,36,129.35,0.5471534596057209,28,161.0,118.51515151515152,107.57575757575758,3032,2311,1580,1970,2442,1600
666,30,129.44,0.5472481458590852,28,161.2058823529412,118.57575757575758,107.57575757575758,3036,2312,1580,1970,2445,1601
667,30,129.53,0.5473427005326951,28,161.41176470588235,118.63636363636364,107.57575757575758,3040,2313,1580,1970,2448,1602
668,30,129.62,0.5474386668723963,28,161.61764705882354,118.6969696969697,107.57575757575758,3044,2314,1580,1970,2451,1603
669,25,129.7,0.5475050115651503,28,161.7941176470588,118.75757575757575,107.57575757575758,3047,2315,1580,1970,2454,1604
670,29,129.78,0.5476205886885499,28,162.0,118.78787878787878,107.57575757575758,3051,2316,1580,1970,2457,1604
671,25,129.85,0.5477327685791298,28,162.1764705882353,118.81818181818181,107.57575757575758,3054,2317,1580,1970,2460,1604
672,24,129.92,0.5478448275862069,28,162.35294117647058,118.84848484848484,107.57575757575758,3057,2318,1580,1970,2463,1604
673,31,130.0,0.5479907692307693,28,162.52941176470588,118.9090909090909,107.57575757575758,3060,2320,1580,1970,2466,1604
674,38,130.08,0.5481380688806888,28,162.7058823529412,118.96969696969697,107.57575757575758,3063,2322,1580,1970,2469,1604
675,33,130.16,0.5482851874615857,28,162.88235294117646,119.03030303030303,107.57575757575758,3066,2324,1580,1970,2472,1604
676,40,130.24,0.5484321253071253,28,163.05882352941177,119.0909090909091,107.57575757575758,3069,2326,1580,1970,2475,1604
677,37,130.33,0.5485820609222742,28,163.26470588235293,119.15151515151516,107.57575757575758,3073,2328,1580,1970,2478,1604
678,32,130.41,0.5487010198604402,28,163.47058823529412,119.18181818181819,107.57575757575758,3077,2329,1580,1970,2481,1604
679,36,130.49,0.5488259636753774,28,163.6764705882353,119.21212121212122,107.57575757575758,3081,2330,1580,1970,2484,1604
680,34,130.57,0.5489507543846213,28,163.88235294117646,119.24242424242425,107.57575757575758,3085,2331,1580,1970,2487,1604
681,26,130.65,0.5490769230769231,28,164.08823529411765,119.27272727272727,107.57575757575758,3089,2332,1580,1970,2490,1604
682,35,130.71,0.54916456277255,28,164.26470588235293,119.27272727272727,107.57575757575758,3092,2332,1580,1970,2493,1604
683,39,130.79,0.5492904656319291,28,164.47058823529412,119.3030303030303,107.57575757575758,3096,2333,1580,1970,2496,1604
684,40,130.87,0.5494162145640712,28,164.6764705882353,119.33333333333333,107.57575757575758,3100,2334,1580,1970,2499,1604
685,34,130.96,0.5495693341478314,28,164.88235294117646,119.39393939393939,107.57575757575758,3104,2336,1580,1970,2502,1604
686,34,131.05,0.5497222434185426,28,165.08823529411765,119.45454545454545,107.57575757575758,3108,2338,1580,1970,2505,1604
687,25,131.14,0.5498749428092116,28,165.2941176470588,119.51515151515152,107.57575757575758,3112,2340,1580,1970,2508,1604
688,23,131.22,0.55,28,165.5,119.54545454545455,107.57575757575758,3116,2341,1580,1970,2511,1604
689,25,131.29,0.5501112042044329,28,165.6764705882353,119.57575757575758,107.57575757575758,3119,2342,1580,1970,2514,1604
690,26,131.34,0.5501675041876046,28,165.8235294117647,119.57575757575758,107.57575757575758,3121,2342,1580,1970,2517,1604
691,26,131.4,0.5502557077625571,28,166.0,119.57575757575758,107.57575757575758,3124,2342,1580,1970,2520,1604
692,31,131.47,0.5503772723815319,28,166.1764705882353,119.60606060606061,107.57575757575758,3127,2343,1580,1970,2523,1604
693,32,131.55,0.5505032307107564,28,166.38235294117646,119.63636363636364,107.57575757575758,3131,2344,1580,1970,2526,1604
694,32,131.64,0.5506320267395928,28,166.58823529411765,119.6969696969697,107.57575757575758,3135,2346,1580,1970,2529,1604
695,29,131.73,0.5507621650345403,28,166.7941176470588,119.75757575757575,107.57575757575758,3139,2348,1580,1970,2532,1604
696,42,131.81,0.5508633639329338,28,166.97058823529412,119.81818181818181,107.57575757575758,3142,2350,1580,1970,2535,1604
697,45,131.9,0.5509962092494314,28,167.14705882352942,119.9090909090909,107.57575757575758,3145,2353,1580,1970,2538,1604
698,45,131.99,0.551130388665808,28,167.3235294117647,120.0,107.57575757575758,3148,2356,1580,1970,2541,1604
699,47,132.06,0.5512388308344692,28,167.44117647058823,120.0909090909091,107.57575757575758,3150,2359,1580,1970,2543,1604
700,50,132.15,0.5513484676503972,28,167.58823529411765,120.21212121212122,107.57575757575758,3153,2362,1580,1970,2545,1605
701,53,132.24,0.5514609800362976,28,167.73529411764707,120.33333333333333,107.57575757575758,3156,2365,1580,1970,2547,1606
702,52,132.34,0.5516034456702433,28,167.91176470588235,120.45454545454545,107.57575757575758,3160,2368,1580,1970,2549,1607
703,54,132.44,0.5517456961643008,28,168.08823529411765,120.57575757575758,107.57575757575758,3164,2371,1580,1970,2551,1608
704,57,132.53,0.5518546744133404,28,168.26470588235293,120.66666666666667,107.57575757575758,3168,2373,1580,1970,2553,1609
705,57,132.62,0.5519680289549087,28,168.41176470588235,120.78787878787878,107.57575757575758,3171,2376,1580,1970,2555,1610
706,54,132.71,0.5520842438399518,28,168.55882352941177,120.9090909090909,107.57575757575758,3174,2379,1580,1970,2557,1611
707,56,132.81,0.5522302537459529,28,168.73529411764707,121.03030303030303,107.57575757575758,3178,2382,1580,1970,2559,1612
708,59,132.9,0.5523461249059443,28,168.88235294117646,121.15151515151516,107.57575757575758,3181,2385,1580,1970,2561,1613
709,53,132.99,0.5524618392360328,28,169.02941176470588,121.27272727272727,107.57575757575758,3184,2388,1580,1970,2563,1614
710,58,133.09,0.5526087609888046,28,169.2058823529412,121.39393939393939,107.57575757575758,3188,2391,1580,1970,2565,1615
711,62,133.2,0.5527732732732733,28,169.41176470588235,121.51515151515152,107.57575757575758,3192,2394,1580,1970,2568,1616
712,57,133.31,0.5529375140649614,28,169.61764705882354,121.63636363636364,107.57575757575758,3196,2397,1580,1970,2571,1617
713,55,133.42,0.5531014840353771,28,169.8235294117647,121.75757575757575,107.57575757575758,3200,2400,1580,1970,2574,1618
714,62,133.53,0.5532651838538156,28,170.02941176470588,121.87878787878788,107.57575757575758,3204,2403,1580,1970,2577,1619
715,60,133.64,0.5534316073032026,28,170.23529411764707,122.0,107.57575757575758,3208,2406,1580,1970,2580,1620
716,55,133.75,0.5535977570093458,28,170.44117647058823,122.12121212121212,107.57575757575758,3212,2409,1580,1970,2583,1621
717,68,133.86,0.553763633647094,28,170.64705882352942,122.24242424242425,107.57575757575758,3216,2412,1580,1970,2586,1622
718,62,133.98,0.5538557993730407,28,170.85294117647058,122.36363636363636,107.60606060606061,3220,2415,1581,1970,2589,1623
719,56,134.1,0.5539537658463832,28,171.05882352941177,122.48484848484848,107.63636363636364,3224,2418,1582,1970,2592,1624
720,59,134.22,0.5540545373267769,28,171.26470588235293,122.60606060606061,107.66666666666667,3228,2421,1583,1970,2595,1625
721,57,134.33,0.5542239261520137,28,171.47058823529412,122.72727272727273,107.66666666666667,3232,2424,1583,1970,2598,1626
722,49,134.44,0.5543945254388575,28,171.6764705882353,122.84848484848484,107.66666666666667,3236,2427,1583,1970,2601,1627
723,54,134.54,0.554532481046529,28,171.88235294117646,122.93939393939394,107.66666666666667,3240,2429,1583,1970,2604,1628
724,55,134.65,0.5547025621982918,28,172.08823529411765,123.06060606060606,107.66666666666667,3244,2432,1583,1970,2607,1629
725,47,134.76,0.5548723656871475,28,172.2941176470588,123.18181818181819,107.66666666666667,3248,2435,1583,1970,2610,1630
726,51,134.87,0.5550418921924817,28,172.5,123.3030303030303,107.66666666666667,3252,2438,1583,1970,2613,1631
727,50,134.97,0.5551818922723568,28,172.7058823529412,123.39393939393939,107.66666666666667,3256,2440,1583,1970,2616,1632
728,52,135.07,0.5553216850521951,28,172.91176470588235,123.48484848484848,107.66666666666667,3260,2442,1583,1970,2619,1633
729,58,135.19,0.5552770175308824,28,173.08823529411765,123.63636363636364,107.6969696969697,3264,2445,1584,1970,2621,1635
730,58,135.31,0.5552324292365679,28,173.26470588235293,123.78787878787878,107.72727272727273,3268,2448,1585,1970,2623,1637
731,48,135.44,0.5551284701712935,28,173.44117647058823,123.93939393939394,107.78787878787878,3272,2451,1587,1970,2625,1639
732,51,135.56,0.554986721746828,28,173.61764705882354,124.03030303030303,107.87878787878788,3276,2453,1589,1971,2627,1640
733,49,135.67,0.5550151101938527,28,173.8235294117647,124.12121212121212,107.9090909090909,3281,2455,1590,1971,2629,1641
734,45,135.77,0.5551012742137439,28,174.02941176470588,124.21212121212122,107.9090909090909,3286,2457,1590,1971,2631,1642
735,43,135.88,0.5550220783043862,28,174.2058823529412,124.3030303030303,107.96969696969697,3290,2459,1591,1972,2633,1643
736,38,135.99,0.5549444812118538,28,174.38235294117646,124.39393939393939,108.03030303030303,3294,2461,1592,1973,2635,1644
737,30,136.1,0.55486994856723,28,174.55882352941177,124.48484848484848,108.0909090909091,3298,2463,1593,1974,2637,1645
738,27,136.19,0.5548608561568397,28,174.7058823529412,124.57575757575758,108.12121212121212,3301,2465,1593,1975,2639,1646
739,23,136.26,0.554829003375899,28,174.8235294117647,124.63636363636364,108.15151515151516,3303,2467,1593,1976,2641,1646
740,28,136.33,0.5547898481625467,28,174.94117647058823,124.6969696969697,108.18181818181819,3305,2468,1593,1977,2643,1647
741,29,136.41,0.5547621142145004,28,175.05882352941177,124.78787878787878,108.21212121212122,3307,2470,1593,1978,2645,1648
742,24,136.49,0.5547256209246099,28,175.1764705882353,124.87878787878788,108.24242424242425,3309,2472,1593,1979,2647,1649
743,17,136.56,0.5546865846514353,28,175.26470588235293,124.96969696969697,108.27272727272727,3310,2474,1593,1980,2649,1650
744,14,136.62,0.5546493924754795,28,175.35294117647058,125.03030303030303,108.3030303030303,3311,2475,1593,1981,2651,1651
745,15,136.67,0.5545906197409819,28,175.41176470588235,125.0909090909091,108.33333333333333,3311,2476,1593,1982,2653,1652
746,16,136.72,0.5545377413692217,28,175.47058823529412,125.15151515151516,108.36363636363636,3311,2478,1593,1983,2655,1652
747,22,136.78,0.554516742213774,28,175.55882352941177,125.21212121212122,108.39393939393939,3312,2480,1593,1984,2657,1652
748,27,136.85,0.5545173547679941,28,175.6764705882353,125.27272727272727,108.42424242424242,3314,2482,1593,1985,2659,1652
749,32,136.92,0.5545179666958808,28,175.7941176470588,125.33333333333333,108.45454545454545,3316,2484,1593,1986,2661,1652
750,34,136.99,0.554518577998394,28,175.91176470588235,125.39393939393939,108.48484848484848,3318,2486,1593,1987,2663,1652
751,33,137.06,0.5545191886764921,28,176.02941176470588,125.45454545454545,108.51515151515152,3320,2488,1593,1988,2665,1652
752,29,137.13,0.554519798731131,28,176.14705882352942,125.51515151515152,108.54545454545455,3322,2490,1593,1989,2667,1652
753,28,137.2,0.5545204081632653,28,176.26470588235293,125.57575757575758,108.57575757575758,3324,2492,1593,1990,2669,1652
754,23,137.28,0.5545454545454546,28,176.41176470588235,125.63636363636364,108.60606060606061,3326,2494,1593,1991,2672,1652
755,16,137.35,0.5545460502366217,28,176.55882352941177,125.66666666666667,108.63636363636364,3328,2495,1593,1992,2675,1652
756,10,137.41,0.5545178662397205,28,176.6764705882353,125.6969696969697,108.66666666666667,3329,2496,1593,1993,2678,1652
757,10,137.44,0.5544499417927823,28,176.73529411764707,125.6969696969697,108.6969696969697,3330,2496,1593,1994,2679,1652
758,12,137.48,0.5544137329066046,28,176.8235294117647,125.6969696969697,108.72727272727273,3332,2496,1593,1995,2680,1652
759,11,137.52,0.5543789994182664,28,176.91176470588235,125.6969696969697,108.75757575757575,3334,2496,1593,1996,2681,1652
760,9,137.57,0.554346877953042,28,177.0,125.72727272727273,108.78787878787878,3336,2497,1593,1997,2682,1652
761,8,137.61,0.5544066564929875,28,177.08823529411765,125.75757575757575,108.78787878787878,3338,2498,1593,1997,2683,1652
762,10,137.65,0.5544664002905921,28,177.1764705882353,125.78787878787878,108.78787878787878,3340,2499,1593,1997,2684,1652
763,9,137.69,0.5545261093761348,28,177.26470588235293,125.81818181818181,108.78787878787878,3342,2500,1593,1997,2685,1652
764,12,137.72,0.5544684867847807,28,177.3235294117647,125.81818181818181,108.81818181818181,3343,2500,1593,1998,2686,1652
765,8,137.76,0.5544337979094077,28,177.41176470588235,125.81818181818181,108.84848484848484,3345,2500,1593,1999,2687,1652
766,5,137.79,0.5543689672690326,28,177.47058823529412,125.81818181818181,108.87878787878788,3346,2500,1593,2000,2688,1652
767,3,137.81,0.5543944561352587,28,177.52941176470588,125.81818181818181,108.87878787878788,3347,2500,1593,2000,2689,1652
768,2,137.82,0.5543955884487012,28,177.55882352941177,125.81818181818181,108.87878787878788,3347,2500,1593,2000,2690,1652
769,1,137.83,0.5543967205978378,28,177.58823529411765,125.81818181818181,108.87878787878788,3347,2500,1593,2000,2691,1652
770,3,137.84,0.5543978525827046,28,177.61764705882354,125.81818181818181,108.87878787878788,3347,2500,1593,2000,2692,1652
771,2,137.85,0.5544018861080885,28,177.61764705882354,125.84848484848484,108.87878787878788,3347,2501,1593,2000,2692,1652
772,7,137.86,0.5544059190483099,28,177.61764705882354,125.87878787878788,108.87878787878788,3347,2502,1593,2000,2692,1652
773,10,137.89,0.5544426716948292,28,177.6764705882353,125.9090909090909,108.87878787878788,3348,2503,1593,2000,2693,1652
774,9,137.93,0.5545037337780033,28,177.76470588235293,125.93939393939394,108.87878787878788,3350,2504,1593,2000,2694,1652
775,5,137.97,0.5545647604551714,28,177.85294117647058,125.96969696969697,108.87878787878788,3352,2505,1593,2000,2695,1652
776,6,137.99,0.5545974345967098,28,177.91176470588235,125.96969696969697,108.87878787878788,3353,2505,1593,2000,2696,1652
777,10,138.01,0.554630099268169,28,177.97058823529412,125.96969696969697,108.87878787878788,3354,2505,1593,2000,2697,1652
778,9,138.05,0.554682361463238,28,178.05882352941177,126.0,108.87878787878788,3355,2506,1593,2000,2699,1652
779,8,138.09,0.5547345933811283,28,178.14705882352942,126.03030303030303,108.87878787878788,3356,2507,1593,2000,2701,1652
780,4,138.13,0.554786795048143,28,178.23529411764707,126.06060606060606,108.87878787878788,3357,2508,1593,2000,2703,1652
781,2,138.15,0.5548338762214984,28,178.2941176470588,126.06060606060606,108.87878787878788,3358,2508,1593,2000,2704,1652
782,1,138.16,0.5548508975101332,28,178.3235294117647,126.06060606060606,108.87878787878788,3358,2508,1593,2000,2705,1652
783,0,138.17,0.5548679163349497,28,178.35294117647058,126.06060606060606,108.87878787878788,3358,2508,1593,2000,2706,1652
784,0,138.17,0.5548679163349497,28,178.35294117647058,126.06060606060606,108.87878787878788,3358,2508,1593,2000,2706,1652
785,0,138.17,0.5548679163349497,28,178.35294117647058,126.06060606060606,108.87878787878788,3358,2508,1593,2000,2706,1652
786,0,138.17,0.5548679163349497,28,178.35294117647058,126.06060606060606,108.87878787878788,3358,2508,1593,2000,2706,1652
787,0,138.17,0.5548679163349497,28,178.35294117647058,126.06060606060606,108.87878787878788,3358,2508,1593,2000,2706,1652
788,0,138.17,0.5548679163349497,28,178.35294117647058,126.06060606060606,108.87878787878788,3358,2508,1593,2000,2706,1652
789,0,138.17,0.5548679163349497,28,178.35294117647058,126.06060606060606,108.87878787878788,3358,2508,1593,2000,2706,1652
790,0,138.17,0.5548679163349497,28,178.35294117647058,126.06060606060606,108.87878787878788,3358,2508,1593,2000,2706,1652
791,0,138.17,0.5548679163349497,28,178.35294117647058,126.06060606060606,108.87878787878788,3358,2508,1593,2000,2706,1652
792,0,138.17,0.5548679163349497,28,178.35294117647058,126.06060606060606,108.87878787878788,3358,2508,1593,2000,2706,1652
793,6,138.17,0.5548679163349497,28,178.35294117647058,126.06060606060606,108.87878787878788,3358,2508,1593,2000,2706,1652
794,10,138.19,0.5548889210507273,28,178.38235294117646,126.0909090909091,108.87878787878788,3359,2509,1593,2000,2706,1652
795,10,138.22,0.5549240341484589,28,178.44117647058823,126.12121212121212,108.87878787878788,3361,2510,1593,2000,2706,1652
796,10,138.25,0.554963471971067,28,178.5,126.15151515151516,108.87878787878788,3363,2511,1593,2000,2706,1652
797,13,138.28,0.5550028926815158,28,178.55882352941177,126.18181818181819,108.87878787878788,3365,2512,1593,2000,2706,1652
798,13,138.31,0.5550422962909406,28,178.61764705882354,126.21212121212122,108.87878787878788,3367,2513,1593,2000,2706,1652
799,13,138.34,0.5550831285239266,28,178.6764705882353,126.24242424242425,108.87878787878788,3369,2514,1593,2000,2706,1652
800,13,138.37,0.5551239430512394,28,178.73529411764707,126.27272727272727,108.87878787878788,3371,2515,1593,2000,2706,1652
801,16,138.4,0.5551647398843931,28,178.7941176470588,126.3030303030303,108.87878787878788,3373,2516,1593,2000,2706,1652
802,25,138.43,0.5552084085819547,28,178.85294117647058,126.33333333333333,108.87878787878788,3375,2517,1593,2000,2706,1652
803,26,138.48,0.5552787406123628,28,178.91176470588235,126.42424242424242,108.87878787878788,3377,2520,1593,2000,2706,1652
804,27,138.53,0.5553490218725186,28,178.97058823529412,126.51515151515152,108.87878787878788,3379,2523,1593,2000,2706,1652
805,27,138.59,0.5554231907064002,28,179.05882352941177,126.60606060606061,108.87878787878788,3382,2526,1593,2000,2706,1652
806,31,138.64,0.5554861511829198,28,179.1764705882353,126.63636363636364,108.87878787878788,3385,2527,1593,2000,2707,1652
807,30,138.71,0.5555828707375099,28,179.3235294117647,126.6969696969697,108.87878787878788,3389,2529,1593,2000,2708,1652
808,36,138.77,0.5556640484254521,28,179.44117647058823,126.75757575757575,108.87878787878788,3393,2531,1593,2000,2708,1652
809,35,138.84,0.5557605877268799,28,179.58823529411765,126.81818181818181,108.87878787878788,3397,2533,1593,2000,2709,1652
810,31,138.91,0.5558584695126341,28,179.73529411764707,126.87878787878788,108.87878787878788,3401,2535,1593,2000,2710,1652
811,27,138.98,0.55595625269823,28,179.88235294117646,126.93939393939394,108.87878787878788,3405,2537,1593,2000,2711,1652
812,29,139.05,0.5560539374325782,28,180.02941176470588,127.0,108.87878787878788,3409,2539,1593,2000,2712,1652
813,32,139.11,0.5561347135360506,28,180.14705882352942,127.06060606060606,108.87878787878788,3413,2541,1593,2000,2712,1652
814,34,139.18,0.5562322172725966,28,180.2941176470588,127.12121212121212,108.87878787878788,3417,2543,1593,2000,2713,1652
815,30,139.25,0.5563296229802513,28,180.44117647058823,127.18181818181819,108.87878787878788,3421,2545,1593,2000,2714,1652
816,26,139.32,0.5564269308067757,28,180.58823529411765,127.24242424242425,108.87878787878788,3425,2547,1593,2000,2715,1652
817,26,139.38,0.5565073898694217,28,180.7058823529412,127.3030303030303,108.87878787878788,3429,2549,1593,2000,2715,1652
818,29,139.44,0.5566006884681584,28,180.85294117647058,127.33333333333333,108.87878787878788,3433,2550,1593,2000,2716,1652
819,34,139.51,0.5566977277614508,28,181.0,127.39393939393939,108.87878787878788,3437,2552,1593,2000,2717,1652
820,33,139.58,0.556794669723456,28,181.14705882352942,127.45454545454545,108.87878787878788,3441,2554,1593,2000,2718,1652
821,33,139.67,0.5568704804181285,28,181.35294117647058,127.51515151515152,108.87878787878788,3445,2556,1593,2000,2721,1652
822,29,139.77,0.5568641339343207,28,181.55882352941177,127.60606060606061,108.87878787878788,3449,2558,1593,2000,2724,1653
823,27,139.85,0.5569259921344297,28,181.73529411764707,127.66666666666667,108.87878787878788,3453,2560,1593,2000,2726,1653
824,28,139.93,0.5569877796040877,28,181.91176470588235,127.72727272727273,108.87878787878788,3457,2562,1593,2000,2728,1653
825,27,140.0,0.5570457142857143,28,182.08823529411765,127.75757575757575,108.87878787878788,3461,2563,1593,2000,2730,1653
826,22,140.08,0.5571073672187322,28,182.26470588235293,127.81818181818181,108.87878787878788,3465,2565,1593,2000,2732,1653
827,18,140.15,0.5571666072065644,28,182.41176470588235,127.87878787878788,108.87878787878788,3468,2567,1593,2000,2734,1653
828,18,140.21,0.5572077597888881,28,182.52941176470588,127.93939393939394,108.87878787878788,3470,2569,1593,2000,2736,1653
829,12,140.27,0.5572645612033934,28,182.6764705882353,127.96969696969697,108.87878787878788,3473,2570,1593,2000,2738,1653
830,10,140.32,0.557311858608894,28,182.8235294117647,127.96969696969697,108.87878787878788,3476,2570,1593,2000,2740,1653
831,12,140.36,0.5573197492163009,28,182.91176470588235,128.0,108.87878787878788,3477,2571,1593,2000,2742,1653
832,17,140.4,0.5573247863247863,28,182.97058823529412,128.03030303030303,108.9090909090909,3477,2572,1594,2000,2744,1653
833,14,140.46,0.5573700697707532,28,183.05882352941177,128.0909090909091,108.93939393939394,3479,2574,1595,2000,2745,1653
834,15,140.51,0.55740730197139,28,183.14705882352942,128.12121212121212,108.96969696969697,3481,2575,1596,2000,2746,1653
835,14,140.58,0.5573765827286954,28,183.26470588235293,128.15151515151516,109.03030303030303,3484,2576,1597,2001,2747,1653
836,17,140.64,0.5573236632536974,28,183.35294117647058,128.21212121212122,109.06060606060606,3486,2578,1597,2002,2748,1653
837,20,140.7,0.5572821606254442,28,183.44117647058823,128.24242424242425,109.12121212121212,3488,2579,1598,2003,2749,1653
838,19,140.77,0.5572600696171058,28,183.55882352941177,128.27272727272728,109.18181818181819,3491,2580,1599,2004,2750,1653
839,15,140.84,0.5572323203635331,28,183.6764705882353,128.3030303030303,109.24242424242425,3494,2581,1600,2005,2751,1653
840,9,140.9,0.5571809794180269,28,183.76470588235293,128.33333333333334,109.3030303030303,3496,2582,1601,2006,2752,1653
841,14,140.94,0.5570952178231872,28,183.8235294117647,128.36363636363637,109.33333333333333,3497,2583,1601,2007,2753,1653
842,12,140.99,0.5570331229165189,28,183.91176470588235,128.3939393939394,109.36363636363636,3499,2584,1601,2008,2754,1653
843,17,141.03,0.5570013472310856,28,183.97058823529412,128.3939393939394,109.42424242424242,3501,2584,1602,2009,2754,1653
844,18,141.08,0.5569804366316984,28,184.02941176470588,128.42424242424244,109.48484848484848,3503,2585,1603,2010,2754,1653
845,18,141.14,0.5569746351140712,28,184.11764705882354,128.45454545454547,109.54545454545455,3506,2586,1604,2011,2754,1653
846,23,141.21,0.5569527653848878,28,184.23529411764707,128.4848484848485,109.60606060606061,3509,2587,1605,2012,2755,1653
847,33,141.29,0.5569587373487154,28,184.35294117647058,128.54545454545453,109.66666666666667,3512,2589,1606,2013,2756,1653
848,42,141.38,0.5569769415758947,28,184.47058823529412,128.63636363636363,109.72727272727273,3515,2592,1607,2014,2757,1653
849,39,141.47,0.5569965363681346,28,184.58823529411765,128.72727272727272,109.78787878787878,3518,2595,1608,2015,2758,1653
850,36,141.56,0.5570161062447019,28,184.7058823529412,128.8181818181818,109.84848484848484,3521,2598,1609,2016,2759,1653
851,38,141.63,0.557009814304879,28,184.7941176470588,128.87878787878788,109.9090909090909,3523,2600,1610,2017,2760,1653
852,37,141.7,0.5570091743119265,28,184.88235294117646,128.93939393939394,109.96969696969697,3525,2602,1611,2018,2761,1653
853,35,141.78,0.55692199181831,28,185.0,129.0,110.03030303030303,3527,2604,1612,2019,2763,1653
854,33,141.86,0.5568377273368109,28,185.11764705882354,129.06060606060606,110.0909090909091,3529,2606,1613,2020,2765,1653
855,32,141.96,0.5567836010143702,28,185.26470588235293,129.15151515151516,110.15151515151516,3532,2609,1614,2021,2767,1653
856,28,142.06,0.5567295508939885,28,185.41176470588235,129.24242424242425,110.21212121212122,3535,2612,1615,2022,2769,1653
857,22,142.15,0.5566957439324657,28,185.52941176470588,129.33333333333334,110.27272727272727,3538,2615,1616,2023,2770,1653
858,32,142.23,0.5566385432046684,28,185.64705882352942,129.3939393939394,110.33333333333333,3541,2617,1617,2024,2771,1653
859,39,142.31,0.5565589206661514,28,185.73529411764707,129.5151515151515,110.36363636363636,3543,2621,1617,2025,2772,1653
860,39,142.4,0.5564733146067415,28,185.85294117647058,129.63636363636363,110.39393939393939,3545,2625,1617,2026,2774,1653
861,40,142.51,0.5563448179075153,28,186.0,129.75757575757575,110.45454545454545,3548,2629,1617,2028,2776,1653
862,35,142.62,0.5563062684055532,28,186.14705882352942,129.87878787878788,110.51515151515152,3551,2633,1618,2029,2778,1653
863,34,142.72,0.5562864349775785,28,186.2941176470588,129.96969696969697,110.57575757575758,3554,2636,1619,2030,2780,1653
864,32,142.83,0.5562605895120073,28,186.44117647058823,130.0909090909091,110.63636363636364,3557,2640,1620,2031,2782,1653
865,28,142.93,0.5563205765059819,28,186.58823529411765,130.1818181818182,110.6969696969697,3560,2643,1621,2032,2784,1653
866,31,143.02,0.5563529576283037,28,186.73529411764707,130.24242424242425,110.75757575757575,3563,2645,1622,2033,2786,1653
867,31,143.11,0.556397875759905,28,186.85294117647058,130.33333333333334,110.81818181818181,3565,2648,1623,2034,2788,1653
868,30,143.21,0.5564590461559947,28,187.0,130.42424242424244,110.87878787878788,3567,2651,1624,2035,2791,1653
869,30,143.3,0.5565094207955338,28,187.14705882352942,130.5151515151515,110.9090909090909,3569,2654,1624,2036,2794,1653
870,29,143.37,0.5565829671479389,28,187.26470588235293,130.6060606060606,110.9090909090909,3571,2657,1624,2036,2796,1653
871,25,143.44,0.5566564417177914,28,187.38235294117646,130.6969696969697,110.9090909090909,3573,2660,1624,2036,2798,1653
872,28,143.5,0.5567052264808363,28,187.5,130.75757575757575,110.9090909090909,3575,2662,1624,2036,2800,1653
873,32,143.55,0.5567321490769767,28,187.58823529411765,130.8181818181818,110.9090909090909,3576,2664,1624,2036,2802,1653
874,30,143.6,0.5567674094707521,28,187.6764705882353,130.87878787878788,110.9090909090909,3578,2666,1624,2036,2803,1653
875,39,143.66,0.5567019351245998,28,187.76470588235293,130.93939393939394,110.93939393939394,3580,2668,1624,2037,2804,1653
876,50,143.76,0.5567125765164163,28,187.94117647058823,131.03030303030303,110.96969696969697,3584,2671,1624,2038,2806,1653
877,60,143.87,0.5568742614860638,28,188.11764705882354,131.1818181818182,110.96969696969697,3588,2676,1624,2038,2808,1653
878,61,144.01,0.5568870217346018,28,188.3235294117647,131.33333333333334,111.03030303030303,3592,2681,1625,2039,2811,1653
879,60,144.14,0.5570001387539891,28,188.52941176470588,131.4848484848485,111.06060606060606,3596,2686,1626,2039,2814,1653
880,61,144.28,0.5570210701413917,28,188.73529411764707,131.63636363636363,111.12121212121212,3600,2691,1627,2040,2817,1653
881,60,144.41,0.5571407797243958,28,188.94117647058823,131.78787878787878,111.15151515151516,3604,2696,1628,2040,2820,1653
882,60,144.53,0.5572746142669341,28,189.11764705882354,131.93939393939394,111.18181818181819,3608,2701,1629,2040,2822,1653
883,69,144.65,0.5574109920497753,28,189.2941176470588,132.0909090909091,111.21212121212122,3612,2706,1630,2040,2824,1653
884,63,144.77,0.557547143745251,28,189.47058823529412,132.24242424242425,111.24242424242425,3616,2711,1631,2040,2826,1653
885,66,144.89,0.5576927324176961,28,189.64705882352942,132.3939393939394,111.27272727272727,3620,2716,1632,2040,2828,1653
886,69,145.01,0.5578215295496862,28,189.8235294117647,132.54545454545453,111.3030303030303,3624,2721,1632,2041,2830,1653
887,62,145.14,0.5579702356345597,28,190.0,132.6969696969697,111.36363636363636,3628,2726,1633,2042,2832,1653
888,66,145.28,0.5580382709251102,28,190.1764705882353,132.87878787878788,111.42424242424242,3632,2731,1634,2043,2834,1654
889,69,145.43,0.5580671113250361,28,190.35294117647058,133.06060606060606,111.51515151515152,3636,2736,1635,2045,2836,1655
890,68,145.59,0.5580513771550244,28,190.52941176470588,133.24242424242425,111.63636363636364,3640,2741,1637,2047,2838,1656
891,64,145.75,0.5580768439108063,28,190.7058823529412,133.42424242424244,111.75757575757575,3644,2746,1639,2049,2840,1657
892,64,145.9,0.5580822481151473,28,190.85294117647058,133.6060606060606,111.87878787878788,3647,2751,1641,2051,2842,1658
893,59,146.04,0.558138866064092,28,191.0,133.78787878787878,111.96969696969697,3650,2756,1642,2053,2844,1659
894,62,146.16,0.5582170224411604,28,191.14705882352942,133.9090909090909,112.06060606060606,3653,2760,1643,2055,2846,1659
895,49,146.29,0.5583245608038827,28,191.2941176470588,134.06060606060606,112.15151515151516,3656,2765,1644,2057,2848,1659
896,43,146.41,0.5584106276893654,28,191.44117647058823,134.1818181818182,112.24242424242425,3659,2769,1645,2059,2850,1659
897,43,146.53,0.55849655360677,28,191.58823529411765,134.3030303030303,112.33333333333333,3662,2773,1646,2061,2852,1659
898,34,146.65,0.5585837026934879,28,191.73529411764707,134.42424242424244,112.42424242424242,3665,2777,1647,2063,2854,1659
899,34,146.74,0.5586424969333516,28,191.85294117647058,134.5151515151515,112.48484848484848,3667,2780,1648,2064,2856,1659
900,34,146.83,0.5587012190969147,28,191.97058823529412,134.6060606060606,112.54545454545455,3669,2783,1649,2065,2858,1659
901,26,146.91,0.5587427676808931,28,192.08823529411765,134.6969696969697,112.57575757575758,3671,2786,1649,2066,2860,1659
902,24,146.99,0.5587856316756242,28,192.2058823529412,134.78787878787878,112.60606060606061,3673,2789,1649,2067,2862,1659
903,28,147.04,0.5588084874863983,28,192.26470588235293,134.84848484848484,112.63636363636364,3675,2791,1649,2068,2862,1659
904,26,147.09,0.5588326874702563,28,192.3235294117647,134.9090909090909,112.66666666666667,3677,2793,1649,2069,2862,1659
905,26,147.15,0.5588848114169216,28,192.41176470588235,134.96969696969697,112.6969696969697,3680,2795,1649,2070,2862,1659
906,34,147.22,0.5589607390300231,28,192.5,135.06060606060606,112.72727272727273,3683,2798,1649,2071,2862,1659
907,29,147.3,0.5590549898167007,28,192.58823529411765,135.1818181818182,112.75757575757575,3686,2802,1649,2072,2862,1659
908,26,147.39,0.5590698147771219,28,192.6764705882353,135.33333333333334,112.78787878787878,3689,2806,1649,2073,2862,1660
909,28,147.46,0.5590831411908315,28,192.76470588235293,135.45454545454547,112.78787878787878,3692,2809,1649,2073,2862,1661
910,26,147.51,0.5590529455630127,28,192.8235294117647,135.54545454545453,112.78787878787878,3694,2811,1649,2073,2862,1662
911,26,147.57,0.5590492647557092,28,192.88235294117646,135.66666666666666,112.78787878787878,3696,2814,1649,2073,2862,1663
912,34,147.64,0.5590639393118396,28,192.94117647058823,135.8181818181818,112.78787878787878,3698,2818,1649,2073,2862,1664
913,30,147.71,0.5590813079683162,28,193.0,135.96969696969697,112.78787878787878,3700,2822,1649,2073,2862,1665
914,35,147.78,0.5591027202598456,28,193.05882352941177,136.12121212121212,112.78787878787878,3702,2826,1649,2073,2862,1666
915,41,147.87,0.5591553391492528,28,193.1764705882353,136.27272727272728,112.78787878787878,3706,2830,1649,2073,2862,1667
916,38,147.96,0.559213300892133,28,193.2941176470588,136.42424242424244,112.78787878787878,3710,2834,1649,2073,2862,1668
917,38,148.05,0.5592752448497129,28,193.41176470588235,136.57575757575756,112.78787878787878,3714,2838,1649,2073,2862,1669
918,42,148.13,0.5593242422196719,28,193.52941176470588,136.6969696969697,112.78787878787878,3718,2841,1649,2073,2862,1670
919,39,148.22,0.5593604102010525,28,193.64705882352942,136.8181818181818,112.81818181818181,3722,2844,1649,2074,2862,1671
920,33,148.31,0.5594005798664958,28,193.76470588235293,136.93939393939394,112.84848484848484,3726,2847,1649,2075,2862,1672
921,39,148.4,0.559443396226415,28,193.88235294117646,137.06060606060606,112.87878787878788,3730,2850,1649,2076,2862,1673
922,33,148.49,0.5594861606842212,28,194.0,137.1818181818182,112.9090909090909,3734,2853,1649,2077,2862,1674
923,33,148.58,0.5595329115627945,28,194.11764705882354,137.3030303030303,112.93939393939394,3738,2856,1649,2078,2862,1675
924,35,148.68,0.5596004842615012,28,194.23529411764707,137.45454545454547,112.96969696969697,3742,2860,1649,2079,2862,1676
925,29,148.77,0.5596444175573032,28,194.35294117647058,137.57575757575756,113.0,3746,2863,1649,2080,2862,1677
926,27,148.85,0.5597064158548875,28,194.47058823529412,137.6969696969697,113.0,3750,2866,1649,2080,2862,1678
927,31,148.93,0.5597696904586047,28,194.58823529411765,137.8181818181818,113.0,3754,2869,1649,2080,2862,1679
928,26,149.01,0.5598328971209986,28,194.7058823529412,137.93939393939394,113.0,3758,2872,1649,2080,2862,1680
929,24,149.09,0.5598987188946274,28,194.8235294117647,138.06060606060606,113.0,3762,2875,1649,2080,2862,1681
930,29,149.16,0.5600013408420488,28,194.94117647058823,138.15151515151516,113.0,3766,2878,1649,2080,2862,1681
931,28,149.23,0.560067680761241,28,195.02941176470588,138.27272727272728,113.0,3769,2881,1649,2080,2862,1682
932,26,149.31,0.5601466747036368,28,195.11764705882354,138.42424242424244,113.0,3772,2884,1649,2080,2862,1684
933,31,149.38,0.5601981523631008,28,195.1764705882353,138.57575757575756,113.0,3774,2887,1649,2080,2862,1686
934,27,149.45,0.5602335229173636,28,195.26470588235293,138.6969696969697,113.0,3777,2889,1649,2080,2862,1688
935,23,149.52,0.560292937399679,28,195.35294117647058,138.8181818181818,113.0,3780,2891,1649,2080,2862,1690
936,25,149.59,0.5603522962764891,28,195.44117647058823,138.93939393939394,113.0,3783,2893,1649,2080,2862,1692
937,19,149.65,0.5604163047109924,28,195.52941176470588,139.03030303030303,113.0,3786,2895,1649,2080,2862,1693
938,21,149.69,0.5604696372503173,28,195.58823529411765,139.0909090909091,113.0,3788,2897,1649,2080,2862,1693
939,31,149.74,0.5605302524375584,28,195.64705882352942,139.1818181818182,113.0,3790,2900,1649,2080,2862,1693
940,30,149.81,0.5606014284760696,28,195.73529411764707,139.3030303030303,113.0,3793,2903,1649,2080,2862,1694
941,31,149.89,0.560702515177797,28,195.85294117647058,139.42424242424244,113.0,3797,2906,1649,2080,2862,1695
942,46,149.98,0.5608227763701827,28,195.97058823529412,139.57575757575756,113.0,3801,2910,1649,2080,2862,1696
943,55,150.07,0.5609428933164523,28,196.08823529411765,139.72727272727272,113.0,3805,2914,1649,2080,2862,1697
944,57,150.17,0.5610821069454618,28,196.23529411764707,139.87878787878788,113.0,3810,2918,1649,2080,2862,1698
945,70,150.28,0.5612456747404844,28,196.38235294117646,140.06060606060606,113.0,3815,2923,1649,2080,2862,1699
946,68,150.39,0.561410333133852,28,196.52941176470588,140.24242424242425,113.0,3820,2928,1649,2080,2862,1700
947,72,150.5,0.5615760797342193,28,196.6764705882353,140.42424242424244,113.0,3825,2933,1649,2080,2862,1701
948,79,150.61,0.5617429121572273,28,196.8235294117647,140.6060606060606,113.0,3830,2938,1649,2080,2862,1702
949,71,150.72,0.5619095010615711,28,196.97058823529412,140.78787878787878,113.0,3835,2943,1649,2080,2862,1703
950,65,150.84,0.5620617873243172,28,197.11764705882354,140.96969696969697,113.03030303030303,3840,2948,1649,2081,2862,1704
951,80,150.96,0.5622138314785373,28,197.26470588235293,141.15151515151516,113.06060606060606,3845,2953,1649,2082,2862,1705
952,80,151.08,0.5623656341011385,28,197.41176470588235,141.33333333333334,113.0909090909091,3850,2958,1649,2083,2862,1706
953,74,151.2,0.5625185185185185,28,197.55882352941177,141.5151515151515,113.12121212121212,3855,2963,1649,2084,2862,1707
954,77,151.32,0.5626711604546656,28,197.7058823529412,141.6969696969697,113.15151515151516,3860,2968,1649,2085,2862,1708
955,80,151.44,0.562823560486001,28,197.85294117647058,141.87878787878788,113.18181818181819,3865,2973,1649,2086,2862,1709
956,77,151.56,0.5629757191871206,28,198.0,142.06060606060606,113.21212121212122,3870,2978,1649,2087,2862,1710
957,80,151.68,0.5631289556962025,28,198.14705882352942,142.24242424242425,113.24242424242425,3875,2983,1649,2088,2862,1711
958,83,151.8,0.5632819499341238,28,198.2941176470588,142.42424242424244,113.27272727272727,3880,2988,1649,2089,2862,1712
959,86,151.92,0.563436018957346,28,198.44117647058823,142.6060606060606,113.3030303030303,3885,2993,1649,2090,2862,1713
960,92,152.04,0.5635937911076033,28,198.58823529411765,142.78787878787878,113.33333333333333,3890,2998,1649,2091,2862,1714
961,89,152.16,0.5637513144058885,28,198.73529411764707,142.96969696969697,113.36363636363636,3895,3003,1649,2092,2862,1715
962,86,152.28,0.5639085894405044,28,198.88235294117646,143.15151515151516,113.39393939393939,3900,3008,1649,2093,2862,1716
963,95,152.4,0.5640656167979002,28,199.02941176470588,143.33333333333334,113.42424242424242,3905,3013,1649,2094,2862,1717
964,94,152.53,0.564250311414148,28,199.1764705882353,143.54545454545453,113.45454545454545,3910,3019,1649,2095,2862,1718
965,96,152.66,0.5644346914712433,28,199.3235294117647,143.75757575757575,113.48484848484848,3915,3025,1649,2096,2862,1719
966,101,152.79,0.5646187577721055,28,199.47058823529412,143.96969696969697,113.51515151515152,3920,3031,1649,2097,2862,1720
967,94,152.92,0.5648025111169239,28,199.61764705882354,144.1818181818182,113.54545454545455,3925,3037,1649,2098,2862,1721
968,93,153.05,0.5649859523031688,28,199.76470588235293,144.3939393939394,113.57575757575758,3930,3043,1649,2099,2862,1722
969,99,153.2,0.5651971279373368,28,199.97058823529412,144.6060606060606,113.60606060606061,3936,3049,1649,2100,2863,1723
970,89,153.36,0.5654055816379759,28,200.1764705882353,144.84848484848484,113.63636363636364,3942,3055,1649,2101,2864,1725
971,97,153.52,0.5656136008337677,28,200.38235294117646,145.0909090909091,113.66666666666667,3948,3061,1649,2102,2865,1727
972,96,153.68,0.5658211868818324,28,200.58823529411765,145.33333333333334,113.6969696969697,3954,3067,1649,2103,2866,1729
973,92,153.84,0.5660283411336454,28,200.7941176470588,145.57575757575756,113.72727272727273,3960,3073,1649,2104,2867,1731
974,91,154.0,0.5662350649350649,28,201.0,145.8181818181818,113.75757575757575,3966,3079,1649,2105,2868,1733
975,96,154.16,0.5664426569797613,28,201.2058823529412,146.06060606060606,113.78787878787878,3972,3085,1649,2106,2869,1735
976,95,154.32,0.5666498185588388,28,201.41176470588235,146.3030303030303,113.81818181818181,3978,3091,1649,2107,2870,1737
977,100,154.48,0.5668565510098394,28,201.61764705882354,146.54545454545453,113.84848484848484,3984,3097,1649,2108,2871,1739
978,108,154.64,0.5670628556647698,28,201.8235294117647,146.78787878787878,113.87878787878788,3990,3103,1649,2109,2872,1741
979,103,154.81,0.5672081906853562,28,202.05882352941177,147.03030303030303,113.9090909090909,3996,3109,1649,2110,2874,1743
980,95,154.98,0.5673557878435926,28,202.2941176470588,147.27272727272728,113.93939393939394,4002,3115,1649,2111,2876,1745
981,102,155.15,0.56750821785369,28,202.52941176470588,147.5151515151515,113.96969696969697,4008,3121,1649,2112,2878,1747
982,94,155.32,0.5676641771825908,28,202.76470588235293,147.75757575757575,114.0,4014,3127,1649,2113,2880,1749
983,92,155.49,0.5678210817415912,28,203.0,148.0,114.03030303030303,4020,3133,1649,2114,2882,1751
984,105,155.66,0.5679827829885649,28,203.23529411764707,148.24242424242425,114.06060606060606,4026,3139,1649,2115,2884,1753
985,97,155.83,0.5681454148751844,28,203.47058823529412,148.4848484848485,114.0909090909091,4032,3145,1649,2116,2886,1755
986,89,156.0,0.5683089743589743,28,203.7058823529412,148.72727272727272,114.12121212121212,4038,3151,1649,2117,2888,1757
987,98,156.18,0.5684850813164297,28,203.97058823529412,148.96969696969697,114.15151515151516,4044,3157,1649,2118,2891,1759
988,86,156.36,0.5686620619084164,28,204.23529411764707,149.21212121212122,114.18181818181819,4050,3163,1649,2119,2894,1761
989,80,156.54,0.5688386354925259,28,204.5,149.45454545454547,114.21212121212122,4056,3169,1649,2120,2897,1763
990,90,156.71,0.5689943207198009,28,204.76470588235293,149.66666666666666,114.24242424242425,4062,3174,1649,2121,2900,1765
991,77,156.87,0.5691712883279149,28,205.02941176470588,149.84848484848484,114.27272727272727,4068,3179,1649,2122,2903,1766
992,67,157.03,0.569351716232567,28,205.2941176470588,150.03030303030303,114.3030303030303,4074,3184,1649,2123,2906,1767
993,80,157.2,0.5695178117048346,28,205.55882352941177,150.24242424242425,114.33333333333333,4080,3189,1649,2124,2909,1769
994,71,157.35,0.5697279949157928,28,205.7941176470588,150.42424242424244,114.36363636363636,4086,3194,1649,2125,2911,1770
995,63,157.49,0.5699149152327132,28,206.02941176470588,150.57575757575756,114.39393939393939,4092,3198,1649,2126,2913,1771
996,73,157.63,0.5701015035209034,28,206.26470588235293,150.72727272727272,114.42424242424242,4098,3202,1649,2127,2915,1772
997,68,157.77,0.5702877606642581,28,206.5,150.87878787878788,114.45454545454545,4104,3206,1649,2128,2917,1773
998,60,157.91,0.5704749540877715,28,206.73529411764707,151.03030303030303,114.48484848484848,4110,3210,1649,2129,2919,1774
999,70,158.05,0.5706618158810504,28,206.97058823529412,151.1818181818182,114.51515151515152,4116,3214,1649,2130,2921,1775
1000,66,158.18,0.5708547224680743,28,207.2058823529412,151.33333333333334,114.51515151515152,4122,3218,1649,2130,2923,1776
