,TotalSugar,AvgSugarLevel,SugarGini,NumCooperators,RiskAverseAvgSugar,NeutralAvgSugar,RiskSeekingAvgSugar,RiskAverseCoopSugar,NeutralCoopSugar,RiskSeekingCoopSugar,RiskSeekingNonCoopSugar,RiskAverseNonCoopSugar,NeutralNonCoopSugar
0,4622,0.0,0.0,28,0.0,0.0,0.0,0,0,0,0,0,0
1,4541,0.81,0.19,28,0.8529411764705882,0.7575757575757576,0.8181818181818182,8,7,8,19,21,18
2,4459,1.63,0.1849693251533742,28,1.7352941176470589,1.5151515151515151,1.6363636363636365,17,14,16,38,42,36
3,4377,2.45,0.18330612244897965,28,2.6176470588235294,2.272727272727273,2.4545454545454546,26,21,24,57,63,54
4,4294,3.28,0.17993902439024395,28,3.5,3.0606060606060606,3.272727272727273,35,28,32,76,84,73
5,4211,4.11,0.17793187347931877,28,4.382352941176471,3.8484848484848486,4.090909090909091,44,35,40,95,105,92
6,4129,4.93,0.17819472616632864,28,5.264705882352941,4.636363636363637,4.878787878787879,53,42,47,114,126,111
7,4048,5.74,0.17975609756097555,28,6.147058823529412,5.424242424242424,5.636363636363637,62,49,54,132,147,130
8,3966,6.56,0.17975609756097555,28,7.029411764705882,6.212121212121212,6.424242424242424,71,56,61,151,168,149
9,3884,7.38,0.1796476964769647,28,7.911764705882353,7.03030303030303,7.181818181818182,80,63,68,169,189,169
10,3801,8.21,0.17864799025578562,28,8.794117647058824,7.848484848484849,7.96969696969697,89,70,75,188,210,189
11,3718,9.04,0.17774336283185846,28,9.676470588235293,8.666666666666666,8.757575757575758,98,77,82,207,231,209
12,3635,9.87,0.1768287740628166,28,10.529411764705882,9.515151515151516,9.545454545454545,107,84,89,226,251,230
13,3550,10.72,0.17455223880597018,28,11.411764705882353,10.393939393939394,10.333333333333334,116,91,96,245,272,252
14,3466,11.56,0.1732352941176471,28,12.264705882352942,11.272727272727273,11.121212121212121,125,98,103,264,292,274
15,3381,12.41,0.17153102336825143,28,13.147058823529411,12.151515151515152,11.909090909090908,134,105,110,283,313,296
16,3297,13.25,0.17063396226415095,28,14.0,13.030303030303031,12.696969696969697,143,112,117,302,333,318
17,3214,14.08,0.17038352272727267,28,14.823529411764707,13.909090909090908,13.484848484848484,152,119,124,321,352,340
18,3132,14.9,0.17073825503355708,28,15.647058823529411,14.757575757575758,14.272727272727273,161,126,131,340,371,361
19,3047,15.75,0.1695809523809524,28,16.558823529411764,15.606060606060606,15.06060606060606,171,133,138,359,392,382
20,2962,16.6,0.16855421686746994,28,17.470588235294116,16.454545454545453,15.848484848484848,181,140,145,378,413,403
21,2878,17.44,0.16809633027522936,28,18.352941176470587,17.303030303030305,16.636363636363637,190,147,152,397,434,424
22,2794,18.28,0.16770240700218822,28,19.235294117647058,18.151515151515152,17.424242424242426,199,154,159,416,455,445
23,2709,19.13,0.16691583899634083,28,20.147058823529413,19.0,18.21212121212121,209,161,166,435,476,466
24,2624,19.98,0.16609609609609607,28,21.058823529411764,19.87878787878788,18.96969696969697,219,168,173,453,497,488
25,2540,20.82,0.16578290105667634,28,21.970588235294116,20.727272727272727,19.727272727272727,229,175,180,471,518,509
26,2456,21.66,0.1654939981532779,28,22.88235294117647,21.575757575757574,20.484848484848484,239,182,187,489,539,530
27,2376,22.49,0.16557136505113376,28,23.764705882352942,22.424242424242426,21.242424242424242,249,189,194,507,559,551
28,2294,23.31,0.166027456027456,28,24.647058823529413,23.242424242424242,22.0,259,196,201,525,579,571
29,2211,24.14,0.166089478044739,28,25.529411764705884,24.09090909090909,22.757575757575758,269,203,208,543,599,592
30,2126,24.99,0.16550220088035217,28,26.441176470588236,24.96969696969697,23.515151515151516,279,210,215,561,620,614
31,2042,25.83,0.1652071234998064,28,27.352941176470587,25.848484848484848,24.242424242424242,289,217,221,579,641,636
32,1961,26.67,0.16496812898387703,28,28.264705882352942,26.696969696969695,25.0,299,224,227,598,662,657
33,1885,27.49,0.16527828301200428,28,29.176470588235293,27.515151515151516,25.727272727272727,309,231,234,615,683,677
34,1813,28.33,0.16510765972467353,28,30.08823529411765,28.333333333333332,26.515151515151516,319,238,241,634,704,697
35,1739,29.16,0.1651646090534979,28,31.0,29.151515151515152,27.272727272727273,329,245,248,652,725,717
36,1661,30.0,0.16486000000000003,28,31.91176470588235,30.03030303030303,28.0,339,252,255,669,746,739
37,1587,30.83,0.16488160882257547,28,32.8235294117647,30.87878787878788,28.727272727272727,349,259,262,686,767,760
38,1517,31.65,0.16500157977883093,28,33.6764705882353,31.757575757575758,29.454545454545453,359,266,269,703,786,782
39,1457,32.46,0.16532347504621073,28,34.529411764705884,32.60606060606061,30.181818181818183,369,273,276,720,805,803
40,1380,33.26,0.16595911004209257,28,35.38235294117647,33.42424242424242,30.90909090909091,379,280,283,737,824,823
41,1317,34.07,0.16633695333137652,28,36.26470588235294,34.24242424242424,31.636363636363637,389,287,290,754,844,843
42,1244,34.86,0.16695352839931146,28,37.11764705882353,35.06060606060606,32.333333333333336,399,294,296,771,863,863
43,1179,35.57,0.16870677537250486,28,37.76470588235294,35.84848484848485,33.03030303030303,409,301,303,787,875,882
44,1110,36.29,0.17038578120694411,28,38.470588235294116,36.60606060606061,33.72727272727273,419,308,310,803,889,900
45,1054,37.03,0.17163110991088304,28,39.14705882352941,37.39393939393939,34.484848484848484,429,315,317,821,902,919
46,993,37.73,0.17346143652266108,28,39.8235294117647,38.121212121212125,35.18181818181818,438,322,323,838,916,936
47,932,38.43,0.17520947176684884,28,40.529411764705884,38.84848484848485,35.84848484848485,448,329,329,854,930,953
48,868,39.13,0.1767058522872476,28,41.26470588235294,39.57575757575758,36.484848484848484,457,336,335,869,946,970
49,824,39.78,0.17889894419306188,28,41.88235294117647,40.27272727272727,37.121212121212125,465,343,340,885,959,986
50,766,40.42,0.1811034141514102,28,42.470588235294116,41.0,37.72727272727273,473,350,346,899,971,1003
51,714,41.06,0.183312226010716,28,43.14705882352941,41.666666666666664,38.303030303030305,481,357,351,913,986,1018
52,669,41.63,0.18579149651693483,28,43.73529411764706,42.27272727272727,38.81818181818182,489,363,355,926,998,1032
53,620,42.18,0.1882835467045993,28,44.294117647058826,42.81818181818182,39.36363636363637,497,368,359,940,1009,1045
54,573,42.74,0.19057089377632194,28,44.85294117647059,43.42424242424242,39.878787878787875,505,373,362,954,1020,1060
55,537,43.28,0.1927587800369686,28,45.411764705882355,43.96969696969697,40.39393939393939,513,377,366,967,1031,1074
56,491,43.8,0.19522374429223746,28,45.94117647058823,44.515151515151516,40.878787878787875,521,381,370,979,1041,1088
57,448,44.32,0.19770306859205775,28,46.470588235294116,45.09090909090909,41.333333333333336,529,386,374,990,1051,1102
58,412,44.8,0.20010714285714287,28,46.94117647058823,45.60606060606061,41.78787878787879,537,390,378,1001,1059,1115
59,383,45.21,0.20229374032293734,28,47.35294117647059,46.06060606060606,42.15151515151515,543,392,381,1010,1067,1128
60,351,45.62,0.20464708461201225,28,47.794117647058826,46.54545454545455,42.45454545454545,550,396,383,1018,1075,1140
61,325,46.0,0.20719130434782612,28,48.11764705882353,47.06060606060606,42.75757575757576,556,400,386,1025,1080,1153
62,296,46.35,0.20958576051779929,28,48.44117647058823,47.484848484848484,43.06060606060606,562,404,388,1033,1085,1163
63,279,46.7,0.21186295503211994,28,48.73529411764706,47.93939393939394,43.36363636363637,568,407,390,1041,1089,1175
64,255,47.09,0.2140603100445955,28,49.029411764705884,48.515151515151516,43.666666666666664,574,413,392,1049,1093,1188
65,231,47.45,0.2158208640674394,28,49.38235294117647,48.93939393939394,43.96969696969697,581,419,395,1056,1098,1196
66,211,47.77,0.21787942223152612,28,49.6764705882353,49.303030303030305,44.27272727272727,588,423,398,1063,1101,1204
67,200,48.06,0.22009571369121927,28,50.0,49.60606060606061,44.515151515151516,595,427,402,1067,1105,1210
68,181,48.34,0.22194869673148532,28,50.26470588235294,49.96969696969697,44.72727272727273,601,431,405,1071,1108,1218
69,165,48.59,0.22378061329491672,28,50.5,50.27272727272727,44.93939393939394,606,435,408,1075,1111,1224
70,153,48.86,0.22584936553417934,28,50.8235294117647,50.57575757575758,45.121212121212125,612,439,411,1078,1116,1230
71,142,49.09,0.22773884701568547,28,51.05882352941177,50.84848484848485,45.303030303030305,618,441,414,1081,1118,1237
72,131,49.26,0.22927730410069017,28,51.26470588235294,51.03030303030303,45.42424242424242,624,442,416,1083,1119,1242
73,133,49.42,0.23082962363415618,28,51.5,51.18181818181818,45.515151515151516,630,443,417,1085,1121,1246
74,135,49.61,0.23245515017133642,28,51.73529411764706,51.333333333333336,45.696969696969695,636,446,421,1087,1123,1248
75,131,49.8,0.23421285140562248,28,51.94117647058823,51.484848484848484,45.90909090909091,642,449,424,1091,1124,1250
76,139,49.96,0.23547638110488392,28,52.11764705882353,51.63636363636363,46.06060606060606,647,451,427,1093,1125,1253
77,132,50.12,0.2368834796488427,28,52.294117647058826,51.78787878787879,46.21212121212121,652,454,430,1095,1126,1255
78,118,50.29,0.23815271425730755,28,52.470588235294116,51.96969696969697,46.36363636363637,657,457,433,1097,1127,1258
79,122,50.46,0.23933016250495442,28,52.6764705882353,52.15151515151515,46.484848484848484,663,460,436,1098,1128,1261
80,110,50.67,0.24072429445431226,28,52.911764705882355,52.39393939393939,46.63636363636363,670,463,439,1100,1129,1266
81,95,50.88,0.24235455974842765,28,53.11764705882353,52.666666666666664,46.78787878787879,676,466,442,1102,1130,1272
82,91,51.07,0.24395731349128652,28,53.3235294117647,52.878787878787875,46.93939393939394,682,469,445,1104,1131,1276
83,85,51.25,0.24569170731707315,28,53.55882352941177,53.06060606060606,47.06060606060606,688,472,448,1105,1133,1279
84,87,51.41,0.2471250729430072,28,53.76470588235294,53.21212121212121,47.18181818181818,694,475,451,1106,1134,1281
85,90,51.56,0.24857253685027147,28,53.970588235294116,53.36363636363637,47.27272727272727,700,478,454,1106,1135,1283
86,89,51.69,0.2498026697620429,28,54.14705882352941,53.484848484848484,47.36363636363637,706,480,457,1106,1135,1285
87,86,51.81,0.2511696583671106,28,54.3235294117647,53.60606060606061,47.42424242424242,712,482,459,1106,1135,1287
88,81,51.95,0.25235226179018283,28,54.529411764705884,53.72727272727273,47.515151515151516,718,484,462,1106,1136,1289
89,94,52.09,0.2535285083509311,28,54.705882352941174,53.84848484848485,47.63636363636363,723,486,466,1106,1137,1291
90,87,52.22,0.25467636920720027,28,54.88235294117647,53.96969696969697,47.72727272727273,728,488,469,1106,1138,1293
91,85,52.36,0.2559472880061115,28,55.088235294117645,54.09090909090909,47.81818181818182,733,490,472,1106,1140,1295
92,91,52.51,0.2573167015806513,28,55.294117647058826,54.21212121212121,47.93939393939394,738,492,475,1107,1142,1297
93,86,52.65,0.2585811965811966,28,55.5,54.303030303030305,48.06060606060606,743,494,478,1108,1144,1298
94,86,52.77,0.2596645821489483,28,55.6764705882353,54.39393939393939,48.15151515151515,748,496,481,1108,1145,1299
95,90,52.91,0.26084483084483084,28,55.85294117647059,54.484848484848484,48.303030303030305,753,498,484,1110,1146,1300
96,87,53.06,0.261688654353562,28,56.05882352941177,54.57575757575758,48.45454545454545,759,500,487,1112,1147,1301
97,78,53.21,0.2625690659650442,28,56.26470588235294,54.666666666666664,48.60606060606061,765,502,490,1114,1148,1302
98,84,53.36,0.2634820089955022,28,56.470588235294116,54.75757575757576,48.75757575757576,771,504,493,1116,1149,1303
99,80,53.52,0.2645254110612855,28,56.6764705882353,54.878787878787875,48.90909090909091,777,506,496,1118,1150,1305
100,73,53.68,0.2654061102831595,28,56.911764705882355,54.96969696969697,49.06060606060606,783,508,499,1120,1152,1306
101,73,53.83,0.2662325840609326,28,57.14705882352941,55.06060606060606,49.18181818181818,789,510,501,1122,1154,1307
102,77,53.97,0.26716879748008154,28,57.3235294117647,55.18181818181818,49.303030303030305,794,512,503,1124,1155,1309
103,70,54.13,0.26793829669314617,28,57.55882352941177,55.27272727272727,49.45454545454545,800,514,506,1126,1157,1310
104,71,54.3,0.2688176795580111,28,57.794117647058826,55.39393939393939,49.60606060606061,805,516,509,1128,1160,1312
105,73,54.46,0.2698677928755049,28,58.0,55.515151515151516,49.75757575757576,810,518,512,1130,1162,1314
106,68,54.6,0.2707142857142857,28,58.1764705882353,55.63636363636363,49.878787878787875,814,520,514,1132,1164,1316
107,64,54.73,0.27147999269139417,28,58.3235294117647,55.75757575757576,50.0,817,522,516,1134,1166,1318
108,63,54.86,0.27230040102078024,28,58.470588235294116,55.878787878787875,50.121212121212125,820,524,518,1136,1168,1320
109,58,55.0,0.2732254545454545,28,58.61764705882353,56.0,50.27272727272727,823,526,520,1139,1170,1322
110,50,55.14,0.2741820819731592,28,58.76470588235294,56.121212121212125,50.42424242424242,826,528,522,1142,1172,1324
111,45,55.25,0.2748615384615384,28,58.911764705882355,56.18181818181818,50.54545454545455,828,529,524,1144,1175,1325
112,35,55.35,0.27546341463414636,28,59.088235294117645,56.21212121212121,50.63636363636363,831,529,526,1145,1178,1326
113,37,55.45,0.27608476104598734,28,59.26470588235294,56.24242424242424,50.72727272727273,834,529,528,1146,1181,1327
114,35,55.56,0.27684665226781857,28,59.470588235294116,56.27272727272727,50.81818181818182,838,529,530,1147,1184,1328
115,41,55.65,0.27761545372866125,28,59.64705882352941,56.27272727272727,50.90909090909091,842,529,532,1148,1186,1328
116,42,55.73,0.27831867934685095,28,59.794117647058826,56.27272727272727,51.0,845,529,534,1149,1188,1328
117,43,55.81,0.27903780684465146,28,59.94117647058823,56.27272727272727,51.09090909090909,848,529,536,1150,1190,1328
118,53,55.89,0.27975845410628025,28,60.088235294117645,56.27272727272727,51.18181818181818,851,529,538,1151,1192,1328
119,59,55.98,0.2806109324758843,28,60.23529411764706,56.303030303030305,51.27272727272727,854,530,540,1152,1194,1328
120,58,56.08,0.28138373751783163,28,60.38235294117647,56.36363636363637,51.36363636363637,857,531,542,1153,1196,1329
121,60,56.18,0.28216803132787477,28,60.529411764705884,56.42424242424242,51.45454545454545,860,532,544,1154,1198,1330
122,59,56.28,0.2829815209665956,28,60.6764705882353,56.484848484848484,51.54545454545455,863,533,546,1155,1200,1331
123,51,56.39,0.28385706685582546,28,60.8235294117647,56.54545454545455,51.666666666666664,866,534,548,1157,1202,1332
124,47,56.49,0.2846716232961586,28,60.970588235294116,56.60606060606061,51.75757575757576,869,535,549,1159,1204,1333
125,48,56.6,0.28559717314487626,28,61.14705882352941,56.666666666666664,51.84848484848485,872,536,550,1161,1207,1334
126,36,56.72,0.2866043723554301,28,61.3235294117647,56.72727272727273,51.96969696969697,875,537,552,1163,1210,1335
127,34,56.83,0.2875224353334507,28,61.5,56.78787878787879,52.06060606060606,878,538,553,1165,1213,1336
128,30,56.93,0.2883277709467768,28,61.64705882352941,56.84848484848485,52.15151515151515,881,539,555,1166,1215,1337
129,33,56.99,0.28878575188629585,28,61.73529411764706,56.90909090909091,52.18181818181818,882,540,555,1167,1217,1338
130,34,57.07,0.2894918521114421,28,61.88235294117647,56.96969696969697,52.21212121212121,885,541,555,1168,1219,1339
131,35,57.15,0.2902099737532808,28,62.029411764705884,57.03030303030303,52.24242424242424,888,542,555,1169,1221,1340
132,29,57.24,0.2910377358490567,28,62.1764705882353,57.09090909090909,52.303030303030305,891,543,556,1170,1223,1341
133,27,57.32,0.29176901605024425,28,62.294117647058826,57.15151515151515,52.36363636363637,893,544,557,1171,1225,1342
134,27,57.38,0.2922690833042873,28,62.35294117647059,57.21212121212121,52.42424242424242,893,545,558,1172,1227,1343
135,24,57.44,0.29277506963788297,28,62.411764705882355,57.27272727272727,52.484848484848484,893,546,559,1173,1229,1344
136,23,57.51,0.2933107285689445,28,62.470588235294116,57.36363636363637,52.54545454545455,893,547,560,1174,1231,1346
137,25,57.58,0.2938520319555401,28,62.529411764705884,57.45454545454545,52.60606060606061,893,548,561,1175,1233,1348
138,25,57.64,0.29431644691186676,28,62.61764705882353,57.54545454545455,52.60606060606061,894,549,561,1175,1235,1350
139,24,57.71,0.294903829492289,28,62.705882352941174,57.63636363636363,52.63636363636363,895,550,561,1176,1237,1352
140,29,57.78,0.2952959501557632,28,62.76470588235294,57.75757575757576,52.666666666666664,896,552,561,1177,1238,1354
141,37,57.85,0.29569403630077784,28,62.8235294117647,57.878787878787875,52.696969696969695,897,554,561,1178,1239,1356
142,36,57.95,0.2963399482312339,28,62.911764705882355,58.03030303030303,52.75757575757576,898,556,562,1179,1241,1359
143,32,58.05,0.2970008613264427,28,63.0,58.18181818181818,52.81818181818182,899,558,563,1180,1243,1362
144,30,58.13,0.2975141923275417,28,63.029411764705884,58.333333333333336,52.878787878787875,900,560,564,1181,1243,1365
145,27,58.19,0.29789826430658195,28,63.05882352941177,58.45454545454545,52.90909090909091,901,562,565,1181,1243,1367
146,27,58.25,0.2983055793991416,28,63.088235294117645,58.57575757575758,52.93939393939394,902,564,566,1181,1243,1369
147,30,58.31,0.2987223460812896,28,63.11764705882353,58.696969696969695,52.96969696969697,903,566,567,1181,1243,1371
148,29,58.38,0.29925316889345666,28,63.14705882352941,58.81818181818182,53.03030303030303,904,568,568,1182,1243,1373
149,25,58.45,0.2997450812660394,28,63.1764705882353,58.96969696969697,53.06060606060606,905,570,569,1182,1243,1376
150,22,58.51,0.3001486925311913,28,63.205882352941174,59.09090909090909,53.09090909090909,906,572,570,1182,1243,1378
151,19,58.57,0.30055489158272153,28,63.23529411764706,59.21212121212121,53.121212121212125,907,574,571,1182,1243,1380
152,19,58.63,0.3009773153675593,28,63.26470588235294,59.333333333333336,53.15151515151515,908,576,572,1182,1243,1382
153,16,58.69,0.30140228318282497,28,63.294117647058826,59.45454545454545,53.18181818181818,909,578,573,1182,1243,1384
154,22,58.72,0.30165531335149864,28,63.294117647058826,59.515151515151516,53.21212121212121,909,579,574,1182,1243,1385
155,32,58.77,0.3018768078951847,28,63.294117647058826,59.60606060606061,53.27272727272727,909,581,576,1182,1243,1386
156,41,58.83,0.302221655617882,28,63.3235294117647,59.696969696969695,53.333333333333336,910,583,578,1182,1243,1387
157,41,58.89,0.3025793852946171,28,63.35294117647059,59.78787878787879,53.39393939393939,911,585,580,1182,1243,1388
158,49,58.96,0.3029138398914519,28,63.38235294117647,59.878787878787875,53.484848484848484,912,587,582,1183,1243,1389
159,44,59.04,0.30331978319783204,28,63.411764705882355,60.0,53.57575757575758,913,589,584,1184,1243,1391
160,39,59.12,0.3037415426251691,28,63.44117647058823,60.121212121212125,53.666666666666664,914,591,586,1185,1243,1393
161,40,59.2,0.30418581081081086,28,63.470588235294116,60.24242424242424,53.75757575757576,915,593,588,1186,1243,1395
162,38,59.28,0.30463900134952765,28,63.5,60.36363636363637,53.84848484848485,916,595,590,1187,1243,1397
163,38,59.37,0.3047650328448711,28,63.55882352941177,60.484848484848484,53.93939393939394,918,597,591,1189,1243,1399
164,37,59.47,0.30501597444089457,28,63.61764705882353,60.60606060606061,54.06060606060606,920,599,593,1191,1243,1401
165,37,59.56,0.30533579583613163,28,63.64705882352941,60.75757575757576,54.15151515151515,921,602,595,1192,1243,1403
166,37,59.65,0.3056881810561609,28,63.6764705882353,60.90909090909091,54.24242424242424,922,605,597,1193,1243,1405
167,33,59.78,0.3060321177651389,28,63.73529411764706,61.06060606060606,54.42424242424242,924,608,600,1196,1243,1407
168,25,59.89,0.30641008515611956,28,63.794117647058826,61.21212121212121,54.54545454545455,926,611,602,1198,1243,1409
169,22,59.98,0.30682560853617874,28,63.85294117647059,61.36363636363637,54.60606060606061,928,614,603,1199,1243,1411
170,19,60.07,0.3072498751456634,28,63.911764705882355,61.515151515151516,54.666666666666664,930,617,604,1200,1243,1413
171,14,60.15,0.3076093100581879,28,63.970588235294116,61.63636363636363,54.72727272727273,932,620,605,1201,1243,1414
172,15,60.2,0.30774086378737536,28,64.0,61.696969696969695,54.78787878787879,933,622,606,1202,1243,1414
173,13,60.25,0.3078190871369294,28,64.02941176470588,61.75757575757576,54.84848484848485,934,624,607,1203,1243,1414
174,14,60.3,0.30790049751243787,28,64.05882352941177,61.81818181818182,54.90909090909091,935,626,608,1204,1243,1414
175,12,60.35,0.30800165700082843,28,64.08823529411765,61.878787878787875,54.96969696969697,936,628,609,1205,1243,1414
176,11,60.39,0.3080659049511509,28,64.11764705882354,61.90909090909091,55.03030303030303,937,629,610,1206,1243,1414
177,13,60.43,0.3081433063048155,28,64.1470588235294,61.93939393939394,55.09090909090909,938,630,611,1207,1243,1414
178,11,60.48,0.30829365079365073,28,64.17647058823529,62.0,55.15151515151515,939,632,612,1208,1243,1414
179,9,60.53,0.3084503551957707,28,64.20588235294117,62.06060606060606,55.21212121212121,940,634,613,1209,1243,1414
180,8,60.57,0.3085768532276704,28,64.23529411764706,62.121212121212125,55.24242424242424,941,636,614,1209,1243,1414
181,14,60.6,0.30866006600660073,28,64.26470588235294,62.15151515151515,55.27272727272727,942,637,615,1209,1243,1414
182,12,60.65,0.30851937345424574,28,64.32352941176471,62.18181818181818,55.333333333333336,943,638,616,1210,1244,1414
183,13,60.7,0.3083887973640857,28,64.38235294117646,62.21212121212121,55.39393939393939,944,639,617,1211,1245,1414
184,10,60.76,0.30815668202764984,28,64.44117647058823,62.24242424242424,55.484848484848484,945,640,619,1212,1246,1414
185,12,60.8,0.3081480263157894,28,64.47058823529412,62.27272727272727,55.54545454545455,946,641,621,1212,1246,1414
186,13,60.85,0.3082580115036976,28,64.52941176470588,62.303030303030305,55.60606060606061,948,642,623,1212,1246,1414
187,14,60.9,0.3085648604269294,28,64.58823529411765,62.36363636363637,55.63636363636363,950,644,624,1212,1246,1414
188,14,60.96,0.3088517060367454,28,64.67647058823529,62.42424242424242,55.666666666666664,952,646,625,1212,1247,1414
189,18,61.01,0.30902638911653824,28,64.73529411764706,62.515151515151516,55.666666666666664,953,648,625,1212,1248,1415
190,24,61.07,0.3092926150319306,28,64.82352941176471,62.57575757575758,55.696969696969695,955,649,626,1212,1249,1416
191,21,61.16,0.3095192936559843,28,64.91176470588235,62.63636363636363,55.81818181818182,957,650,630,1212,1250,1417
192,17,61.26,0.3098237022526935,28,65.0,62.72727272727273,55.93939393939394,959,651,634,1212,1251,1419
193,12,61.34,0.31019889142484514,28,65.05882352941177,62.81818181818182,56.03030303030303,960,652,637,1212,1252,1421
194,17,61.38,0.31046594982078857,28,65.08823529411765,62.878787878787875,56.06060606060606,961,652,638,1212,1252,1423
195,15,61.43,0.31080091160670675,28,65.1470588235294,62.93939393939394,56.09090909090909,963,652,639,1212,1252,1425
196,12,61.49,0.3111579118555862,28,65.20588235294117,63.0,56.15151515151515,965,652,641,1212,1252,1427
197,10,61.54,0.31141696457588564,28,65.23529411764706,63.06060606060606,56.21212121212121,966,652,643,1212,1252,1429
198,7,61.57,0.31155595257430563,28,65.23529411764706,63.121212121212125,56.24242424242424,966,652,644,1212,1252,1431
199,5,61.59,0.3116788439681767,28,65.23529411764706,63.18181818181818,56.24242424242424,966,652,644,1212,1252,1433
200,3,61.61,0.31180490180165565,28,65.23529411764706,63.24242424242424,56.24242424242424,966,652,644,1212,1252,1435
201,2,61.62,0.31188899707887047,28,65.23529411764706,63.27272727272727,56.24242424242424,966,652,644,1212,1252,1436
202,4,61.63,0.3119730650657148,28,65.23529411764706,63.303030303030305,56.24242424242424,966,652,644,1212,1252,1437
203,5,61.65,0.31208272506082724,28,65.23529411764706,63.333333333333336,56.27272727272727,966,652,645,1212,1252,1438
204,3,61.67,0.31220204313280364,28,65.23529411764706,63.36363636363637,56.303030303030305,966,652,646,1212,1252,1439
205,1,61.69,0.31232128383854757,28,65.23529411764706,63.39393939393939,56.333333333333336,966,652,647,1212,1252,1440
206,0,61.7,0.3124116693679092,28,65.23529411764706,63.42424242424242,56.333333333333336,966,652,647,1212,1252,1441
207,0,61.7,0.3124116693679092,28,65.23529411764706,63.42424242424242,56.333333333333336,966,652,647,1212,1252,1441
208,0,61.7,0.3124116693679092,28,65.23529411764706,63.42424242424242,56.333333333333336,966,652,647,1212,1252,1441
209,0,61.7,0.3124116693679092,28,65.23529411764706,63.42424242424242,56.333333333333336,966,652,647,1212,1252,1441
210,0,61.7,0.3124116693679092,28,65.23529411764706,63.42424242424242,56.333333333333336,966,652,647,1212,1252,1441
211,0,61.7,0.3124116693679092,28,65.23529411764706,63.42424242424242,56.333333333333336,966,652,647,1212,1252,1441
212,0,61.7,0.3124116693679092,28,65.23529411764706,63.42424242424242,56.333333333333336,966,652,647,1212,1252,1441
213,0,61.7,0.3124116693679092,28,65.23529411764706,63.42424242424242,56.333333333333336,966,652,647,1212,1252,1441
214,0,61.7,0.3124116693679092,28,65.23529411764706,63.42424242424242,56.333333333333336,966,652,647,1212,1252,1441
215,0,61.7,0.3124116693679092,28,65.23529411764706,63.42424242424242,56.333333333333336,966,652,647,1212,1252,1441
216,0,61.7,0.3124116693679092,28,65.23529411764706,63.42424242424242,56.333333333333336,966,652,647,1212,1252,1441
217,0,61.7,0.3124116693679092,28,65.23529411764706,63.42424242424242,56.333333333333336,966,652,647,1212,1252,1441
218,0,61.7,0.3124116693679092,28,65.23529411764706,63.42424242424242,56.333333333333336,966,652,647,1212,1252,1441
219,0,61.7,0.3124116693679092,28,65.23529411764706,63.42424242424242,56.333333333333336,966,652,647,1212,1252,1441
220,0,61.7,0.3124116693679092,28,65.23529411764706,63.42424242424242,56.333333333333336,966,652,647,1212,1252,1441
221,0,61.7,0.3124116693679092,28,65.23529411764706,63.42424242424242,56.333333333333336,966,652,647,1212,1252,1441
222,0,61.7,0.3124116693679092,28,65.23529411764706,63.42424242424242,56.333333333333336,966,652,647,1212,1252,1441
223,0,61.7,0.3124116693679092,28,65.23529411764706,63.42424242424242,56.333333333333336,966,652,647,1212,1252,1441
224,0,61.7,0.3124116693679092,28,65.23529411764706,63.42424242424242,56.333333333333336,966,652,647,1212,1252,1441
225,0,61.7,0.3124116693679092,28,65.23529411764706,63.42424242424242,56.333333333333336,966,652,647,1212,1252,1441
226,0,61.7,0.3124116693679092,28,65.23529411764706,63.42424242424242,56.333333333333336,966,652,647,1212,1252,1441
227,0,61.7,0.3124116693679092,28,65.23529411764706,63.42424242424242,56.333333333333336,966,652,647,1212,1252,1441
228,0,61.7,0.3124116693679092,28,65.23529411764706,63.42424242424242,56.333333333333336,966,652,647,1212,1252,1441
229,0,61.7,0.3124116693679092,28,65.23529411764706,63.42424242424242,56.333333333333336,966,652,647,1212,1252,1441
230,0,61.7,0.3124116693679092,28,65.23529411764706,63.42424242424242,56.333333333333336,966,652,647,1212,1252,1441
231,0,61.7,0.3124116693679092,28,65.23529411764706,63.42424242424242,56.333333333333336,966,652,647,1212,1252,1441
232,0,61.7,0.3124116693679092,28,65.23529411764706,63.42424242424242,56.333333333333336,966,652,647,1212,1252,1441
233,0,61.7,0.3124116693679092,28,65.23529411764706,63.42424242424242,56.333333333333336,966,652,647,1212,1252,1441
234,0,61.7,0.3124116693679092,28,65.23529411764706,63.42424242424242,56.333333333333336,966,652,647,1212,1252,1441
235,0,61.7,0.3124116693679092,28,65.23529411764706,63.42424242424242,56.333333333333336,966,652,647,1212,1252,1441
236,0,61.7,0.3124116693679092,28,65.23529411764706,63.42424242424242,56.333333333333336,966,652,647,1212,1252,1441
237,0,61.7,0.3124116693679092,28,65.23529411764706,63.42424242424242,56.333333333333336,966,652,647,1212,1252,1441
238,0,61.7,0.3124116693679092,28,65.23529411764706,63.42424242424242,56.333333333333336,966,652,647,1212,1252,1441
239,0,61.7,0.3124116693679092,28,65.23529411764706,63.42424242424242,56.333333333333336,966,652,647,1212,1252,1441
240,0,61.7,0.3124116693679092,28,65.23529411764706,63.42424242424242,56.333333333333336,966,652,647,1212,1252,1441
241,0,61.7,0.3124116693679092,28,65.23529411764706,63.42424242424242,56.333333333333336,966,652,647,1212,1252,1441
242,0,61.7,0.3124116693679092,28,65.23529411764706,63.42424242424242,56.333333333333336,966,652,647,1212,1252,1441
243,0,61.7,0.3124116693679092,28,65.23529411764706,63.42424242424242,56.333333333333336,966,652,647,1212,1252,1441
244,0,61.7,0.3124116693679092,28,65.23529411764706,63.42424242424242,56.333333333333336,966,652,647,1212,1252,1441
245,0,61.7,0.3124116693679092,28,65.23529411764706,63.42424242424242,56.333333333333336,966,652,647,1212,1252,1441
246,0,61.7,0.3124116693679092,28,65.23529411764706,63.42424242424242,56.333333333333336,966,652,647,1212,1252,1441
247,0,61.7,0.3124116693679092,28,65.23529411764706,63.42424242424242,56.333333333333336,966,652,647,1212,1252,1441
248,0,61.7,0.3124116693679092,28,65.23529411764706,63.42424242424242,56.333333333333336,966,652,647,1212,1252,1441
249,0,61.7,0.3124116693679092,28,65.23529411764706,63.42424242424242,56.333333333333336,966,652,647,1212,1252,1441
250,0,61.7,0.3124116693679092,28,65.23529411764706,63.42424242424242,56.333333333333336,966,652,647,1212,1252,1441
251,0,61.7,0.3124116693679092,28,65.23529411764706,63.42424242424242,56.333333333333336,966,652,647,1212,1252,1441
252,0,61.7,0.3124116693679092,28,65.23529411764706,63.42424242424242,56.333333333333336,966,652,647,1212,1252,1441
253,0,61.7,0.3124116693679092,28,65.23529411764706,63.42424242424242,56.333333333333336,966,652,647,1212,1252,1441
254,0,61.7,0.3124116693679092,28,65.23529411764706,63.42424242424242,56.333333333333336,966,652,647,1212,1252,1441
255,0,61.7,0.3124116693679092,28,65.23529411764706,63.42424242424242,56.333333333333336,966,652,647,1212,1252,1441
256,0,61.7,0.3124116693679092,28,65.23529411764706,63.42424242424242,56.333333333333336,966,652,647,1212,1252,1441
257,0,61.7,0.3124116693679092,28,65.23529411764706,63.42424242424242,56.333333333333336,966,652,647,1212,1252,1441
258,0,61.7,0.3124116693679092,28,65.23529411764706,63.42424242424242,56.333333333333336,966,652,647,1212,1252,1441
259,0,61.7,0.3124116693679092,28,65.23529411764706,63.42424242424242,56.333333333333336,966,652,647,1212,1252,1441
260,0,61.7,0.3124116693679092,28,65.23529411764706,63.42424242424242,56.333333333333336,966,652,647,1212,1252,1441
261,0,61.7,0.3124116693679092,28,65.23529411764706,63.42424242424242,56.333333333333336,966,652,647,1212,1252,1441
262,0,61.7,0.3124116693679092,28,65.23529411764706,63.42424242424242,56.333333333333336,966,652,647,1212,1252,1441
263,0,61.7,0.3124116693679092,28,65.23529411764706,63.42424242424242,56.333333333333336,966,652,647,1212,1252,1441
264,0,61.7,0.3124116693679092,28,65.23529411764706,63.42424242424242,56.333333333333336,966,652,647,1212,1252,1441
265,0,61.7,0.3124116693679092,28,65.23529411764706,63.42424242424242,56.333333333333336,966,652,647,1212,1252,1441
266,0,61.7,0.3124116693679092,28,65.23529411764706,63.42424242424242,56.333333333333336,966,652,647,1212,1252,1441
267,0,61.7,0.3124116693679092,28,65.23529411764706,63.42424242424242,56.333333333333336,966,652,647,1212,1252,1441
268,0,61.7,0.3124116693679092,28,65.23529411764706,63.42424242424242,56.333333333333336,966,652,647,1212,1252,1441
269,0,61.7,0.3124116693679092,28,65.23529411764706,63.42424242424242,56.333333333333336,966,652,647,1212,1252,1441
270,0,61.7,0.3124116693679092,28,65.23529411764706,63.42424242424242,56.333333333333336,966,652,647,1212,1252,1441
271,0,61.7,0.3124116693679092,28,65.23529411764706,63.42424242424242,56.333333333333336,966,652,647,1212,1252,1441
272,0,61.7,0.3124116693679092,28,65.23529411764706,63.42424242424242,56.333333333333336,966,652,647,1212,1252,1441
273,0,61.7,0.3124116693679092,28,65.23529411764706,63.42424242424242,56.333333333333336,966,652,647,1212,1252,1441
274,0,61.7,0.3124116693679092,28,65.23529411764706,63.42424242424242,56.333333333333336,966,652,647,1212,1252,1441
275,0,61.7,0.3124116693679092,28,65.23529411764706,63.42424242424242,56.333333333333336,966,652,647,1212,1252,1441
276,0,61.7,0.3124116693679092,28,65.23529411764706,63.42424242424242,56.333333333333336,966,652,647,1212,1252,1441
277,0,61.7,0.3124116693679092,28,65.23529411764706,63.42424242424242,56.333333333333336,966,652,647,1212,1252,1441
278,0,61.7,0.3124116693679092,28,65.23529411764706,63.42424242424242,56.333333333333336,966,652,647,1212,1252,1441
279,0,61.7,0.3124116693679092,28,65.23529411764706,63.42424242424242,56.333333333333336,966,652,647,1212,1252,1441
280,3,61.7,0.3124116693679092,28,65.23529411764706,63.42424242424242,56.333333333333336,966,652,647,1212,1252,1441
281,8,61.71,0.31245017015070486,28,65.23529411764706,63.42424242424242,56.36363636363637,966,652,648,1212,1252,1441
282,8,61.74,0.3124813735017817,28,65.23529411764706,63.42424242424242,56.45454545454545,966,652,650,1213,1252,1441
283,5,61.77,0.3125157843613404,28,65.23529411764706,63.42424242424242,56.54545454545455,966,652,652,1214,1252,1441
284,3,61.79,0.3125246803689917,28,65.26470588235294,63.42424242424242,56.57575757575758,967,652,652,1215,1252,1441
285,5,61.8,0.3124271844660194,28,65.26470588235294,63.42424242424242,56.60606060606061,967,652,652,1216,1252,1441
286,6,61.82,0.312442575218376,28,65.29411764705883,63.42424242424242,56.63636363636363,968,652,652,1217,1252,1441
287,6,61.85,0.3125578011317704,28,65.32352941176471,63.42424242424242,56.696969696969695,969,652,653,1218,1252,1441
288,6,61.88,0.31286360698125404,28,65.38235294117646,63.42424242424242,56.72727272727273,971,652,654,1218,1252,1441
289,6,61.91,0.3131691164593765,28,65.44117647058823,63.42424242424242,56.75757575757576,973,652,655,1218,1252,1441
290,9,61.94,0.31347755892799484,28,65.5,63.42424242424242,56.78787878787879,975,652,656,1218,1252,1441
291,8,61.98,0.31377541142303966,28,65.55882352941177,63.45454545454545,56.81818181818182,977,653,657,1218,1252,1441
292,7,62.02,0.31407932924862947,28,65.61764705882354,63.484848484848484,56.84848484848485,979,654,658,1218,1252,1441
293,6,62.06,0.31439252336448603,28,65.67647058823529,63.515151515151516,56.878787878787875,981,655,659,1218,1252,1441
294,12,62.09,0.3147028507005959,28,65.73529411764706,63.515151515151516,56.90909090909091,983,655,660,1218,1252,1441
295,13,62.14,0.3150466688123592,28,65.8529411764706,63.515151515151516,56.93939393939394,987,655,661,1218,1252,1441
296,13,62.2,0.3154533762057878,28,66.0,63.515151515151516,56.96969696969697,992,655,662,1218,1252,1441
297,12,62.27,0.3158069696483058,28,66.1470588235294,63.54545454545455,57.0,997,655,663,1218,1252,1442
298,10,62.32,0.316120025673941,28,66.23529411764706,63.57575757575758,57.03030303030303,1000,655,664,1218,1252,1443
299,15,62.36,0.3163822963438102,28,66.29411764705883,63.60606060606061,57.06060606060606,1002,655,665,1218,1252,1444
300,13,62.41,0.31670725845217107,28,66.38235294117646,63.63636363636363,57.09090909090909,1005,655,666,1218,1252,1445
301,11,62.46,0.31703810438680763,28,66.47058823529412,63.666666666666664,57.121212121212125,1008,655,667,1218,1252,1446
302,9,62.51,0.31737482002879547,28,66.55882352941177,63.696969696969695,57.15151515151515,1011,655,668,1218,1252,1447
303,11,62.55,0.3176578737010392,28,66.61764705882354,63.72727272727273,57.18181818181818,1013,655,669,1218,1252,1448
304,13,62.59,0.3179437609841828,28,66.67647058823529,63.75757575757576,57.21212121212121,1015,655,670,1218,1252,1449
305,23,62.64,0.31830779054916986,28,66.73529411764706,63.81818181818182,57.24242424242424,1017,656,671,1218,1252,1450
306,24,62.69,0.3186393364172915,28,66.79411764705883,63.84848484848485,57.303030303030305,1019,657,672,1219,1252,1450
307,34,62.74,0.3189767293592604,28,66.8529411764706,63.878787878787875,57.36363636363637,1021,658,673,1220,1252,1450
308,38,62.79,0.3193199554069119,28,66.91176470588235,63.90909090909091,57.42424242424242,1023,659,674,1221,1252,1450
309,36,62.84,0.31966900063653725,28,66.97058823529412,63.93939393939394,57.484848484848484,1025,660,675,1222,1252,1450
310,34,62.89,0.3200270313245349,28,67.02941176470588,63.96969696969697,57.54545454545455,1027,661,676,1223,1252,1450
311,35,62.94,0.320387670797585,28,67.08823529411765,64.0,57.60606060606061,1029,662,677,1224,1252,1450
312,36,62.99,0.32075726305762814,28,67.1470588235294,64.03030303030303,57.666666666666664,1031,663,678,1225,1252,1450
313,31,63.04,0.3211389593908629,28,67.20588235294117,64.06060606060606,57.72727272727273,1033,664,679,1226,1252,1450
314,41,63.09,0.3215295609446822,28,67.26470588235294,64.0909090909091,57.78787878787879,1035,665,680,1227,1252,1450
315,38,63.15,0.3219334916864608,28,67.32352941176471,64.15151515151516,57.84848484848485,1037,667,681,1228,1252,1450
316,35,63.21,0.32233981964878977,28,67.38235294117646,64.21212121212122,57.90909090909091,1039,669,682,1229,1252,1450
317,35,63.27,0.3227516990674886,28,67.44117647058823,64.27272727272727,57.96969696969697,1041,671,683,1230,1252,1450
318,32,63.33,0.3230554239696826,28,67.5,64.33333333333333,58.03030303030303,1043,672,684,1231,1252,1451
319,32,63.39,0.32336172897933424,28,67.55882352941177,64.39393939393939,58.09090909090909,1045,673,685,1232,1252,1452
320,35,63.45,0.3236706067769897,28,67.61764705882354,64.45454545454545,58.15151515151515,1047,674,686,1233,1252,1453
321,41,63.51,0.32398519918123125,28,67.67647058823529,64.51515151515152,58.21212121212121,1049,675,687,1234,1252,1454
322,41,63.57,0.324302343872896,28,67.73529411764706,64.57575757575758,58.27272727272727,1051,676,688,1235,1252,1455
323,43,63.64,0.32463544940289124,28,67.82352941176471,64.63636363636364,58.333333333333336,1053,677,689,1236,1253,1456
324,48,63.71,0.32498351907078954,28,67.91176470588235,64.6969696969697,58.39393939393939,1055,678,690,1237,1254,1457
325,46,63.79,0.3254224800125411,28,68.0,64.75757575757575,58.484848484848484,1057,679,691,1239,1255,1458
326,38,63.87,0.3258759981211837,28,68.08823529411765,64.81818181818181,58.57575757575758,1059,680,692,1241,1256,1459
327,36,63.95,0.32634089132134475,28,68.17647058823529,64.87878787878788,58.666666666666664,1061,681,693,1243,1257,1460
328,31,64.03,0.32680462283304706,28,68.26470588235294,64.93939393939394,58.75757575757576,1063,682,694,1245,1258,1461
329,26,64.11,0.3272765559195133,28,68.3529411764706,65.0,58.84848484848485,1065,683,695,1247,1259,1462
330,21,64.19,0.3277566599158747,28,68.44117647058823,65.06060606060606,58.93939393939394,1067,684,696,1249,1260,1463
331,13,64.27,0.32824179243815155,28,68.52941176470588,65.12121212121212,59.03030303030303,1069,685,697,1251,1261,1464
332,11,64.32,0.3284514925373135,28,68.58823529411765,65.18181818181819,59.06060606060606,1070,686,697,1252,1262,1465
333,13,64.36,0.328716594157862,28,68.6470588235294,65.24242424242425,59.06060606060606,1072,687,697,1252,1262,1466
334,12,64.4,0.32898757763975156,28,68.70588235294117,65.3030303030303,59.06060606060606,1074,688,697,1252,1262,1467
335,8,64.44,0.3292675356921167,28,68.76470588235294,65.36363636363636,59.06060606060606,1076,689,697,1252,1262,1468
336,9,64.46,0.3293577412348743,28,68.79411764705883,65.39393939393939,59.06060606060606,1077,689,697,1252,1262,1469
337,12,64.49,0.3295503178787409,28,68.82352941176471,65.42424242424242,59.09090909090909,1078,689,698,1252,1262,1470
338,8,64.53,0.3298326359832636,28,68.8529411764706,65.48484848484848,59.121212121212125,1079,690,699,1252,1262,1471
339,7,64.57,0.3301177017190646,28,68.88235294117646,65.54545454545455,59.15151515151515,1080,691,700,1252,1262,1472
340,5,64.59,0.3302136553646075,28,68.88235294117646,65.60606060606061,59.15151515151515,1080,692,700,1252,1262,1473
341,4,64.6,0.33021981424148605,28,68.88235294117646,65.63636363636364,59.15151515151515,1080,692,700,1252,1262,1474
342,6,64.61,0.3302259712118867,28,68.88235294117646,65.66666666666667,59.15151515151515,1080,692,700,1252,1262,1475
343,7,64.63,0.33021971220795293,28,68.91176470588235,65.6969696969697,59.15151515151515,1081,692,700,1252,1262,1476
344,10,64.66,0.33020105165480984,28,68.94117647058823,65.75757575757575,59.15151515151515,1082,692,700,1252,1262,1478
345,6,64.7,0.3301638330757342,28,68.97058823529412,65.84848484848484,59.15151515151515,1083,693,700,1252,1262,1480
346,6,64.73,0.3301174107832536,28,69.0,65.9090909090909,59.15151515151515,1084,694,700,1252,1262,1481
347,4,64.75,0.3300895752895752,28,69.0,65.96969696969697,59.15151515151515,1084,695,700,1252,1262,1482
348,3,64.76,0.33009264978381725,28,69.0,66.0,59.15151515151515,1084,695,700,1252,1262,1483
349,2,64.77,0.3300957233287015,28,69.0,66.03030303030303,59.15151515151515,1084,695,700,1252,1262,1484
350,1,64.78,0.3300987959246682,28,69.0,66.06060606060606,59.15151515151515,1084,695,700,1252,1262,1485
351,3,64.79,0.33010495446828214,28,69.0,66.0909090909091,59.15151515151515,1084,695,700,1252,1262,1486
352,2,64.8,0.3301265432098765,28,69.02941176470588,66.0909090909091,59.15151515151515,1084,695,700,1252,1263,1486
353,1,64.81,0.3301481252893072,28,69.05882352941177,66.0909090909091,59.15151515151515,1084,695,700,1252,1264,1486
354,0,64.82,0.3301758716445542,28,69.08823529411765,66.0909090909091,59.15151515151515,1084,695,700,1252,1265,1486
355,0,64.82,0.3301758716445542,28,69.08823529411765,66.0909090909091,59.15151515151515,1084,695,700,1252,1265,1486
356,0,64.82,0.3301758716445542,28,69.08823529411765,66.0909090909091,59.15151515151515,1084,695,700,1252,1265,1486
357,0,64.82,0.3301758716445542,28,69.08823529411765,66.0909090909091,59.15151515151515,1084,695,700,1252,1265,1486
358,0,64.82,0.3301758716445542,28,69.08823529411765,66.0909090909091,59.15151515151515,1084,695,700,1252,1265,1486
359,0,64.82,0.3301758716445542,28,69.08823529411765,66.0909090909091,59.15151515151515,1084,695,700,1252,1265,1486
360,0,64.82,0.3301758716445542,28,69.08823529411765,66.0909090909091,59.15151515151515,1084,695,700,1252,1265,1486
361,0,64.82,0.3301758716445542,28,69.08823529411765,66.0909090909091,59.15151515151515,1084,695,700,1252,1265,1486
362,0,64.82,0.3301758716445542,28,69.08823529411765,66.0909090909091,59.15151515151515,1084,695,700,1252,1265,1486
363,0,64.82,0.3301758716445542,28,69.08823529411765,66.0909090909091,59.15151515151515,1084,695,700,1252,1265,1486
364,0,64.82,0.3301758716445542,28,69.08823529411765,66.0909090909091,59.15151515151515,1084,695,700,1252,1265,1486
365,0,64.82,0.3301758716445542,28,69.08823529411765,66.0909090909091,59.15151515151515,1084,695,700,1252,1265,1486
366,0,64.82,0.3301758716445542,28,69.08823529411765,66.0909090909091,59.15151515151515,1084,695,700,1252,1265,1486
367,0,64.82,0.3301758716445542,28,69.08823529411765,66.0909090909091,59.15151515151515,1084,695,700,1252,1265,1486
368,0,64.82,0.3301758716445542,28,69.08823529411765,66.0909090909091,59.15151515151515,1084,695,700,1252,1265,1486
369,0,64.82,0.3301758716445542,28,69.08823529411765,66.0909090909091,59.15151515151515,1084,695,700,1252,1265,1486
370,0,64.82,0.3301758716445542,28,69.08823529411765,66.0909090909091,59.15151515151515,1084,695,700,1252,1265,1486
371,0,64.82,0.3301758716445542,28,69.08823529411765,66.0909090909091,59.15151515151515,1084,695,700,1252,1265,1486
372,0,64.82,0.3301758716445542,28,69.08823529411765,66.0909090909091,59.15151515151515,1084,695,700,1252,1265,1486
373,0,64.82,0.3301758716445542,28,69.08823529411765,66.0909090909091,59.15151515151515,1084,695,700,1252,1265,1486
374,0,64.82,0.3301758716445542,28,69.08823529411765,66.0909090909091,59.15151515151515,1084,695,700,1252,1265,1486
375,0,64.82,0.3301758716445542,28,69.08823529411765,66.0909090909091,59.15151515151515,1084,695,700,1252,1265,1486
376,0,64.82,0.3301758716445542,28,69.08823529411765,66.0909090909091,59.15151515151515,1084,695,700,1252,1265,1486
377,0,64.82,0.3301758716445542,28,69.08823529411765,66.0909090909091,59.15151515151515,1084,695,700,1252,1265,1486
378,0,64.82,0.3301758716445542,28,69.08823529411765,66.0909090909091,59.15151515151515,1084,695,700,1252,1265,1486
379,0,64.82,0.3301758716445542,28,69.08823529411765,66.0909090909091,59.15151515151515,1084,695,700,1252,1265,1486
380,0,64.82,0.3301758716445542,28,69.08823529411765,66.0909090909091,59.15151515151515,1084,695,700,1252,1265,1486
381,0,64.82,0.3301758716445542,28,69.08823529411765,66.0909090909091,59.15151515151515,1084,695,700,1252,1265,1486
382,0,64.82,0.3301758716445542,28,69.08823529411765,66.0909090909091,59.15151515151515,1084,695,700,1252,1265,1486
383,0,64.82,0.3301758716445542,28,69.08823529411765,66.0909090909091,59.15151515151515,1084,695,700,1252,1265,1486
384,3,64.82,0.3301758716445542,28,69.08823529411765,66.0909090909091,59.15151515151515,1084,695,700,1252,1265,1486
385,5,64.83,0.3302776492364646,28,69.11764705882354,66.0909090909091,59.15151515151515,1085,695,700,1252,1265,1486
386,3,64.85,0.33027447956823436,28,69.17647058823529,66.0909090909091,59.15151515151515,1087,695,700,1252,1265,1486
387,4,64.87,0.33027131185447817,28,69.23529411764706,66.0909090909091,59.15151515151515,1089,695,700,1252,1265,1486
388,5,64.89,0.33026814609338884,28,69.29411764705883,66.0909090909091,59.15151515151515,1091,695,700,1252,1265,1486
389,3,64.91,0.33026806347250043,28,69.3529411764706,66.0909090909091,59.15151515151515,1093,695,700,1252,1265,1486
390,4,64.93,0.33027106114276916,28,69.41176470588235,66.0909090909091,59.15151515151515,1095,695,700,1252,1265,1486
391,5,64.95,0.33027713625866056,28,69.47058823529412,66.0909090909091,59.15151515151515,1097,695,700,1252,1265,1486
392,6,64.97,0.33030167769739877,28,69.5,66.12121212121212,59.15151515151515,1098,696,700,1252,1265,1486
393,6,65.0,0.33024923076923074,28,69.55882352941177,66.15151515151516,59.15151515151515,1100,697,700,1252,1265,1486
394,9,65.03,0.3301599261879133,28,69.58823529411765,66.21212121212122,59.15151515151515,1101,698,700,1252,1265,1487
395,6,65.06,0.33008300030740856,28,69.61764705882354,66.27272727272727,59.15151515151515,1102,699,700,1252,1265,1488
396,3,65.09,0.33001536334306353,28,69.6470588235294,66.33333333333333,59.15151515151515,1103,700,700,1252,1265,1489
397,3,65.12,0.3299477886977887,28,69.67647058823529,66.39393939393939,59.15151515151515,1104,701,700,1252,1265,1490
398,2,65.13,0.3298986642100415,28,69.67647058823529,66.42424242424242,59.15151515151515,1104,702,700,1252,1265,1490
399,1,65.14,0.3298526251151367,28,69.67647058823529,66.45454545454545,59.15151515151515,1104,703,700,1252,1265,1490
400,0,65.15,0.32981273983115883,28,69.67647058823529,66.48484848484848,59.15151515151515,1104,704,700,1252,1265,1490
401,0,65.15,0.32981273983115883,28,69.67647058823529,66.48484848484848,59.15151515151515,1104,704,700,1252,1265,1490
402,0,65.15,0.32981273983115883,28,69.67647058823529,66.48484848484848,59.15151515151515,1104,704,700,1252,1265,1490
403,0,65.15,0.32981273983115883,28,69.67647058823529,66.48484848484848,59.15151515151515,1104,704,700,1252,1265,1490
404,0,65.15,0.32981273983115883,28,69.67647058823529,66.48484848484848,59.15151515151515,1104,704,700,1252,1265,1490
405,0,65.15,0.32981273983115883,28,69.67647058823529,66.48484848484848,59.15151515151515,1104,704,700,1252,1265,1490
406,0,65.15,0.32981273983115883,28,69.67647058823529,66.48484848484848,59.15151515151515,1104,704,700,1252,1265,1490
407,0,65.15,0.32981273983115883,28,69.67647058823529,66.48484848484848,59.15151515151515,1104,704,700,1252,1265,1490
408,0,65.15,0.32981273983115883,28,69.67647058823529,66.48484848484848,59.15151515151515,1104,704,700,1252,1265,1490
409,0,65.15,0.32981273983115883,28,69.67647058823529,66.48484848484848,59.15151515151515,1104,704,700,1252,1265,1490
410,0,65.15,0.32981273983115883,28,69.67647058823529,66.48484848484848,59.15151515151515,1104,704,700,1252,1265,1490
411,0,65.15,0.32981273983115883,28,69.67647058823529,66.48484848484848,59.15151515151515,1104,704,700,1252,1265,1490
412,3,65.15,0.32981273983115883,28,69.67647058823529,66.48484848484848,59.15151515151515,1104,704,700,1252,1265,1490
413,5,65.16,0.3296408839779005,28,69.67647058823529,66.51515151515152,59.15151515151515,1104,705,700,1252,1265,1490
414,6,65.18,0.32945075176434485,28,69.67647058823529,66.57575757575758,59.15151515151515,1104,707,700,1252,1265,1490
415,6,65.21,0.3292547155344272,28,69.70588235294117,66.63636363636364,59.15151515151515,1105,709,700,1252,1265,1490
416,6,65.24,0.32907418761496016,28,69.73529411764706,66.6969696969697,59.15151515151515,1106,711,700,1252,1265,1490
417,6,65.27,0.32889382564731123,28,69.76470588235294,66.75757575757575,59.15151515151515,1107,713,700,1252,1265,1490
418,6,65.3,0.3287166921898928,28,69.79411764705883,66.81818181818181,59.15151515151515,1108,715,700,1252,1265,1490
419,6,65.33,0.3285489055564059,28,69.82352941176471,66.87878787878788,59.15151515151515,1109,717,700,1252,1265,1490
420,6,65.36,0.32838739290085683,28,69.8529411764706,66.93939393939394,59.15151515151515,1110,719,700,1252,1265,1490
421,6,65.39,0.3282290870163634,28,69.88235294117646,67.0,59.15151515151515,1111,721,700,1252,1265,1490
422,6,65.42,0.3280831549984714,28,69.91176470588235,67.06060606060606,59.15151515151515,1112,723,700,1252,1265,1490
423,6,65.45,0.32794041252864786,28,69.94117647058823,67.12121212121212,59.15151515151515,1113,725,700,1252,1265,1490
424,6,65.48,0.32780696395846065,28,69.97058823529412,67.18181818181819,59.15151515151515,1114,727,700,1252,1265,1490
425,6,65.51,0.32768584948862767,28,70.0,67.24242424242425,59.15151515151515,1115,729,700,1252,1265,1490
426,9,65.54,0.3275648458956363,28,70.02941176470588,67.3030303030303,59.15151515151515,1116,731,700,1252,1265,1490
427,8,65.58,0.32728575785300396,28,70.05882352941177,67.36363636363636,59.18181818181818,1117,733,701,1252,1265,1490
428,7,65.62,0.32701310576043896,28,70.08823529411765,67.42424242424242,59.21212121212121,1118,735,702,1252,1265,1490
429,6,65.66,0.3267407858665854,28,70.11764705882354,67.48484848484848,59.24242424242424,1119,737,703,1252,1265,1490
430,6,65.69,0.32663875780179635,28,70.1470588235294,67.54545454545455,59.24242424242424,1120,739,703,1252,1265,1490
431,9,65.72,0.32646074254412655,28,70.17647058823529,67.60606060606061,59.24242424242424,1120,741,703,1252,1266,1490
432,9,65.75,0.32629201520912543,28,70.20588235294117,67.66666666666667,59.24242424242424,1120,743,703,1252,1267,1490
433,11,65.79,0.32609059127526974,28,70.23529411764706,67.75757575757575,59.24242424242424,1120,746,703,1252,1268,1490
434,15,65.84,0.3259811664641555,28,70.26470588235294,67.84848484848484,59.27272727272727,1120,749,704,1252,1269,1490
435,17,65.91,0.32610377787892575,28,70.32352941176471,67.9090909090909,59.36363636363637,1121,751,706,1253,1270,1490
436,13,65.98,0.3263049408911792,28,70.38235294117646,67.96969696969697,59.45454545454545,1123,753,708,1254,1270,1490
437,13,66.04,0.3263718958207147,28,70.47058823529412,68.0,59.515151515151516,1125,754,709,1255,1271,1490
438,22,66.1,0.3264538577912253,28,70.55882352941177,68.03030303030303,59.57575757575758,1127,755,710,1256,1272,1490
439,21,66.17,0.3267024331267946,28,70.67647058823529,68.06060606060606,59.63636363636363,1130,756,711,1257,1273,1490
440,32,66.24,0.32706823671497587,28,70.76470588235294,68.12121212121212,59.696969696969695,1133,758,712,1258,1273,1490
441,30,66.32,0.3274758745476478,28,70.8529411764706,68.18181818181819,59.78787878787879,1136,760,713,1260,1273,1490
442,26,66.39,0.3277948486217804,28,70.91176470588235,68.24242424242425,59.878787878787875,1138,762,714,1262,1273,1490
443,30,66.47,0.32821573642244617,28,71.0,68.3030303030303,59.96969696969697,1141,764,715,1264,1273,1490
444,27,66.53,0.328596122050203,28,71.05882352941177,68.33333333333333,60.06060606060606,1143,765,716,1266,1273,1490
445,24,66.59,0.328981829103469,28,71.11764705882354,68.36363636363636,60.15151515151515,1145,766,717,1268,1273,1490
446,28,66.64,0.32929471788715486,28,71.17647058823529,68.39393939393939,60.21212121212121,1147,767,718,1269,1273,1490
447,26,66.69,0.3296161343529765,28,71.23529411764706,68.42424242424242,60.27272727272727,1149,768,719,1270,1273,1490
448,23,66.75,0.3300329588014981,28,71.29411764705883,68.45454545454545,60.36363636363637,1151,769,721,1271,1273,1490
449,26,66.81,0.33045801526717555,28,71.3529411764706,68.48484848484848,60.45454545454545,1153,770,723,1272,1273,1490
450,20,66.87,0.33088829071332443,28,71.41176470588235,68.51515151515152,60.54545454545455,1155,771,725,1273,1273,1490
451,18,66.92,0.331228332337119,28,71.47058823529412,68.54545454545455,60.60606060606061,1157,772,726,1274,1273,1490
452,23,66.96,0.33152031063321385,28,71.52941176470588,68.57575757575758,60.63636363636363,1159,773,727,1274,1273,1490
453,19,67.0,0.33181492537313434,28,71.58823529411765,68.60606060606061,60.666666666666664,1161,774,728,1274,1273,1490
454,18,67.04,0.33210918854415267,28,71.6470588235294,68.63636363636364,60.696969696969695,1163,775,729,1274,1273,1490
455,23,67.08,0.33240608228980323,28,71.70588235294117,68.66666666666667,60.72727272727273,1165,776,730,1274,1273,1490
456,19,67.12,0.33270560190703224,28,71.76470588235294,68.6969696969697,60.75757575757576,1167,777,731,1274,1273,1490
457,18,67.16,0.3330047647409172,28,71.82352941176471,68.72727272727273,60.78787878787879,1169,778,732,1274,1273,1490
458,23,67.2,0.33330654761904766,28,71.88235294117646,68.75757575757575,60.81818181818182,1171,779,733,1274,1273,1490
459,19,67.24,0.33361094586555623,28,71.94117647058823,68.78787878787878,60.84848484848485,1173,780,734,1274,1273,1490
460,18,67.28,0.3339179548156956,28,72.0,68.81818181818181,60.878787878787875,1175,781,735,1274,1273,1490
461,23,67.32,0.33422756981580504,28,72.05882352941177,68.84848484848484,60.90909090909091,1177,782,736,1274,1273,1490
462,19,67.36,0.33453681710213773,28,72.11764705882354,68.87878787878788,60.93939393939394,1179,783,737,1274,1273,1490
463,18,67.4,0.33484569732937686,28,72.17647058823529,68.9090909090909,60.96969696969697,1181,784,738,1274,1273,1490
464,23,67.44,0.33515717674970347,28,72.23529411764706,68.93939393939394,61.0,1183,785,739,1274,1273,1490
465,19,67.48,0.3354682868998222,28,72.29411764705883,68.96969696969697,61.03030303030303,1185,786,740,1274,1273,1490
466,18,67.52,0.3357790284360189,28,72.3529411764706,69.0,61.06060606060606,1187,787,741,1274,1273,1490
467,23,67.56,0.33609532267613973,28,72.41176470588235,69.03030303030303,61.09090909090909,1189,788,742,1274,1273,1490
468,19,67.6,0.33641124260355026,28,72.47058823529412,69.06060606060606,61.121212121212125,1191,789,743,1274,1273,1490
469,18,67.64,0.3367297457125962,28,72.52941176470588,69.0909090909091,61.15151515151515,1193,790,744,1274,1273,1490
470,23,67.68,0.3370508274231679,28,72.58823529411765,69.12121212121212,61.18181818181818,1195,791,745,1274,1273,1490
471,19,67.72,0.33737743650324875,28,72.6470588235294,69.15151515151516,61.21212121212121,1197,792,746,1274,1273,1490
472,18,67.76,0.3377066115702479,28,72.70588235294117,69.18181818181819,61.24242424242424,1199,793,747,1274,1273,1490
473,23,67.8,0.3380353982300885,28,72.76470588235294,69.21212121212122,61.27272727272727,1201,794,748,1274,1273,1490
474,19,67.84,0.33836674528301885,28,72.82352941176471,69.24242424242425,61.303030303030305,1203,795,749,1274,1273,1490
475,18,67.88,0.33869770182675313,28,72.88235294117646,69.27272727272727,61.333333333333336,1205,796,750,1274,1273,1490
476,23,67.92,0.3390312131919906,28,72.94117647058823,69.3030303030303,61.36363636363637,1207,797,751,1274,1273,1490
477,19,67.96,0.33936727486756924,28,73.0,69.33333333333333,61.39393939393939,1209,798,752,1274,1273,1490
478,21,68.0,0.33970588235294114,28,73.05882352941177,69.36363636363636,61.42424242424242,1211,799,753,1274,1273,1490
479,28,68.05,0.3400279206465834,28,73.11764705882354,69.39393939393939,61.484848484848484,1213,800,755,1274,1273,1490
480,28,68.11,0.3403832036411687,28,73.17647058823529,69.45454545454545,61.54545454545455,1215,802,757,1274,1273,1490
481,26,68.19,0.340523537175539,28,73.26470588235294,69.54545454545455,61.60606060606061,1218,805,759,1274,1273,1490
482,30,68.27,0.3406694009081588,28,73.3529411764706,69.63636363636364,61.666666666666664,1221,808,761,1274,1273,1490
483,25,68.35,0.3410138990490124,28,73.44117647058823,69.72727272727273,61.72727272727273,1224,810,763,1274,1273,1491
484,27,68.42,0.34140309850920786,28,73.5,69.81818181818181,61.78787878787879,1226,812,765,1274,1273,1492
485,29,68.49,0.34182946415535115,28,73.58823529411765,69.9090909090909,61.81818181818182,1229,814,766,1274,1273,1493
486,23,68.55,0.34222173595915395,28,73.67647058823529,69.96969696969697,61.84848484848485,1232,815,767,1274,1273,1494
487,23,68.61,0.3426162367001895,28,73.76470588235294,70.03030303030303,61.878787878787875,1235,816,768,1274,1273,1495
488,35,68.67,0.3429780107761759,28,73.82352941176471,70.0909090909091,61.93939393939394,1237,817,770,1274,1273,1496
489,36,68.75,0.34334981818181814,28,73.91176470588235,70.18181818181819,62.0,1240,819,772,1274,1273,1497
490,41,68.82,0.34370241208950886,28,74.0,70.24242424242425,62.06060606060606,1243,821,774,1274,1273,1497
491,48,68.9,0.3440957910014514,28,74.11764705882354,70.3030303030303,62.121212121212125,1247,823,776,1274,1273,1497
492,40,68.98,0.3444969556393157,28,74.23529411764706,70.36363636363636,62.18181818181818,1251,825,778,1274,1273,1497
493,49,69.07,0.3449297813812075,28,74.3529411764706,70.45454545454545,62.24242424242424,1255,827,780,1274,1273,1498
494,61,69.16,0.34537015615962985,28,74.47058823529412,70.54545454545455,62.303030303030305,1259,829,782,1274,1273,1499
495,55,69.25,0.34581516245487365,28,74.58823529411765,70.63636363636364,62.36363636363637,1263,831,784,1274,1273,1500
496,55,69.34,0.346267666570522,28,74.70588235294117,70.72727272727273,62.42424242424242,1267,833,786,1274,1273,1501
497,69,69.44,0.34673963133640556,28,74.82352941176471,70.81818181818181,62.515151515151516,1271,835,789,1274,1273,1502
498,67,69.55,0.3472854061826024,28,74.94117647058823,70.93939393939394,62.60606060606061,1275,837,792,1274,1273,1504
499,68,69.66,0.34783519954062586,28,75.05882352941177,71.06060606060606,62.696969696969695,1279,839,795,1274,1273,1506
500,63,69.77,0.34840332521140893,28,75.17647058823529,71.18181818181819,62.78787878787879,1283,841,798,1274,1273,1508
501,70,69.88,0.3489868345735546,28,75.29411764705883,71.3030303030303,62.878787878787875,1287,843,801,1274,1273,1510
502,74,69.99,0.34957708244034863,28,75.41176470588235,71.42424242424242,62.96969696969697,1291,845,804,1274,1273,1512
503,80,70.11,0.35003137926116096,28,75.52941176470588,71.57575757575758,63.06060606060606,1295,848,807,1274,1273,1514
504,83,70.23,0.35049266695144526,28,75.6470588235294,71.72727272727273,63.15151515151515,1299,851,810,1274,1273,1516
505,77,70.35,0.35096090973702915,28,75.76470588235294,71.87878787878788,63.24242424242424,1303,854,813,1274,1273,1518
506,74,70.47,0.3514332340002838,28,75.88235294117646,72.03030303030303,63.333333333333336,1307,857,816,1274,1273,1520
507,71,70.59,0.3519152854511971,28,76.0,72.18181818181819,63.42424242424242,1311,860,819,1274,1273,1522
508,77,70.71,0.3523957007495403,28,76.11764705882354,72.33333333333333,63.515151515151516,1315,863,822,1274,1273,1524
509,89,70.83,0.35289143018494984,28,76.23529411764706,72.48484848484848,63.60606060606061,1319,866,825,1274,1273,1526
510,86,70.95,0.35338548273431997,28,76.3529411764706,72.63636363636364,63.696969696969695,1323,869,828,1274,1273,1528
511,80,71.07,0.3538863092725482,28,76.47058823529412,72.78787878787878,63.78787878787879,1327,872,831,1274,1273,1530
512,89,71.19,0.3543882567776373,28,76.58823529411765,72.93939393939394,63.878787878787875,1331,875,834,1274,1273,1532
513,98,71.31,0.3548969289019773,28,76.70588235294117,73.0909090909091,63.96969696969697,1335,878,837,1274,1273,1534
514,100,71.44,0.35545912653975364,28,76.8529411764706,73.24242424242425,64.06060606060606,1340,881,840,1274,1273,1536
515,99,71.57,0.3560220762889479,28,77.0,73.39393939393939,64.15151515151516,1345,884,843,1274,1273,1538
516,95,71.7,0.35659414225941416,28,77.1470588235294,73.54545454545455,64.24242424242425,1350,887,846,1274,1273,1540
517,102,71.84,0.3571575723830735,28,77.26470588235294,73.75757575757575,64.33333333333333,1354,891,849,1274,1273,1543
518,101,72.0,0.35766111111111115,28,77.41176470588235,74.0,64.42424242424242,1359,895,852,1274,1273,1547
519,93,72.17,0.35825273659415274,28,77.55882352941177,74.27272727272727,64.51515151515152,1364,900,855,1274,1273,1551
520,98,72.33,0.3588759850684363,28,77.70588235294117,74.51515151515152,64.60606060606061,1369,905,858,1274,1273,1554
521,94,72.49,0.3595075182783832,28,77.8529411764706,74.75757575757575,64.6969696969697,1374,910,861,1274,1273,1557
522,102,72.65,0.36002064693737096,28,78.0,75.0,64.78787878787878,1379,914,864,1274,1273,1561
523,98,72.81,0.36054250789726683,28,78.1470588235294,75.24242424242425,64.87878787878788,1384,918,867,1274,1273,1565
524,94,72.97,0.3610730437165958,28,78.29411764705883,75.48484848484848,64.96969696969697,1389,922,870,1274,1273,1569
525,102,73.13,0.36161219745658413,28,78.44117647058823,75.72727272727273,65.06060606060606,1394,926,873,1274,1273,1573
526,98,73.29,0.3621790148724246,28,78.58823529411765,75.96969696969697,65.15151515151516,1399,930,876,1274,1273,1577
527,93,73.46,0.3628260277702151,28,78.73529411764706,76.24242424242425,65.24242424242425,1404,935,879,1274,1273,1581
528,91,73.63,0.3634972158087736,28,78.88235294117646,76.51515151515152,65.33333333333333,1409,940,882,1274,1273,1585
529,89,73.77,0.3639650264335096,28,78.97058823529412,76.75757575757575,65.42424242424242,1412,944,885,1274,1273,1589
530,90,73.91,0.3644581247463131,28,79.08823529411765,76.96969696969697,65.51515151515152,1416,947,888,1274,1273,1593
531,94,74.05,0.36491964888588796,28,79.20588235294117,77.21212121212122,65.57575757575758,1420,951,890,1274,1273,1597
532,90,74.21,0.3655396846786148,28,79.32352941176471,77.48484848484848,65.66666666666667,1424,956,893,1274,1273,1601
533,89,74.37,0.3661651203442248,28,79.44117647058823,77.75757575757575,65.75757575757575,1428,961,896,1274,1273,1605
534,91,74.53,0.3668066550382396,28,79.55882352941177,78.03030303030303,65.84848484848484,1432,966,899,1274,1273,1609
535,91,74.68,0.3674504552758437,28,79.67647058823529,78.27272727272727,65.93939393939394,1436,971,902,1274,1273,1612
536,87,74.81,0.367989573586419,28,79.79411764705883,78.45454545454545,66.03030303030303,1440,974,905,1274,1273,1615
537,83,74.94,0.36854550306912204,28,79.91176470588235,78.63636363636364,66.12121212121212,1444,977,908,1274,1273,1618
538,85,75.07,0.36911016384707607,28,80.02941176470588,78.81818181818181,66.21212121212122,1448,980,911,1274,1273,1621
539,90,75.2,0.369686170212766,28,80.1470588235294,79.0,66.3030303030303,1452,983,914,1274,1273,1624
540,88,75.34,0.3701858242633395,28,80.26470588235294,79.18181818181819,66.42424242424242,1456,986,917,1275,1273,1627
541,83,75.48,0.3706942236354001,28,80.38235294117646,79.36363636363636,66.54545454545455,1460,989,920,1276,1273,1630
542,93,75.62,0.3712166093626025,28,80.5,79.54545454545455,66.66666666666667,1464,992,923,1277,1273,1633
543,88,75.76,0.37175290390707494,28,80.61764705882354,79.72727272727273,66.78787878787878,1468,995,926,1278,1273,1636
544,83,75.9,0.3722951251646904,28,80.73529411764706,79.9090909090909,66.9090909090909,1472,998,929,1279,1273,1639
545,84,76.04,0.37284324039978956,28,80.8529411764706,80.0909090909091,67.03030303030303,1476,1001,932,1280,1273,1642
546,82,76.18,0.37339721711735363,28,80.97058823529412,80.27272727272727,67.15151515151516,1480,1004,935,1281,1273,1645
547,74,76.32,0.37395702306079665,28,81.08823529411765,80.45454545454545,67.27272727272727,1484,1007,938,1282,1273,1648
548,74,76.44,0.374534275248561,28,81.20588235294117,80.63636363636364,67.33333333333333,1488,1010,940,1282,1273,1651
549,74,76.56,0.3750835945663532,28,81.29411764705883,80.81818181818181,67.42424242424242,1491,1013,943,1282,1273,1654
550,83,76.68,0.37563380281690145,28,81.38235294117646,81.0,67.51515151515152,1494,1016,946,1282,1273,1657
551,78,76.79,0.376149238182055,28,81.47058823529412,81.18181818181819,67.57575757575758,1497,1019,948,1282,1273,1660
552,73,76.9,0.376668400520156,28,81.55882352941177,81.36363636363636,67.63636363636364,1500,1022,950,1282,1273,1663
553,70,77.02,0.37724227473383537,28,81.6470588235294,81.54545454545455,67.72727272727273,1503,1025,953,1282,1273,1666
554,76,77.14,0.37782473424941665,28,81.73529411764706,81.72727272727273,67.81818181818181,1506,1028,956,1282,1273,1669
555,68,77.25,0.378336569579288,28,81.82352941176471,81.87878787878788,67.9090909090909,1509,1030,959,1282,1273,1672
556,64,77.35,0.37878345184227535,28,81.91176470588235,82.0,68.0,1512,1032,962,1282,1273,1674
557,72,77.45,0.379234344738541,28,82.0,82.12121212121212,68.0909090909091,1515,1034,965,1282,1273,1676
558,66,77.54,0.3796105236007222,28,82.05882352941177,82.24242424242425,68.18181818181819,1517,1036,968,1282,1273,1678
559,66,77.63,0.3799884065438619,28,82.11764705882354,82.36363636363636,68.27272727272727,1519,1038,971,1282,1273,1680
560,57,77.72,0.3801878538342769,28,82.17647058823529,82.48484848484848,68.36363636363636,1521,1040,973,1283,1273,1682
561,58,77.8,0.38031619537275063,28,82.23529411764706,82.60606060606061,68.42424242424242,1523,1042,974,1284,1273,1684
562,65,77.88,0.38045711350796096,28,82.29411764705883,82.72727272727273,68.48484848484848,1525,1044,975,1285,1273,1686
563,62,77.97,0.380681031165833,28,82.3529411764706,82.84848484848484,68.57575757575758,1527,1046,977,1286,1273,1688
564,61,78.07,0.3809926988599975,28,82.44117647058823,82.96969696969697,68.66666666666667,1530,1048,979,1287,1273,1690
565,56,78.18,0.38138398567408544,28,82.55882352941177,83.0909090909091,68.75757575757575,1534,1050,981,1288,1273,1692
566,61,78.28,0.38170669391926415,28,82.6470588235294,83.21212121212122,68.84848484848484,1537,1052,983,1289,1273,1694
567,63,78.38,0.38203113039040576,28,82.73529411764706,83.33333333333333,68.93939393939394,1540,1054,985,1290,1273,1696
568,55,78.49,0.3824398012485667,28,82.8529411764706,83.45454545454545,69.03030303030303,1544,1056,987,1291,1273,1698
569,62,78.6,0.38284987277353694,28,82.97058823529412,83.57575757575758,69.12121212121212,1548,1058,989,1292,1273,1700
570,60,78.71,0.38326388006606527,28,83.08823529411765,83.6969696969697,69.21212121212122,1552,1060,991,1293,1273,1702
571,63,78.8,0.38353807106598986,28,83.17647058823529,83.81818181818181,69.27272727272727,1555,1062,992,1294,1273,1704
572,69,78.92,0.3839457678661936,28,83.26470588235294,84.0,69.36363636363636,1558,1066,994,1295,1273,1706
573,86,79.08,0.38436519979767325,28,83.44117647058823,84.18181818181819,69.48484848484848,1563,1070,997,1296,1274,1708
574,83,79.26,0.38461266717133485,28,83.67647058823529,84.36363636363636,69.60606060606061,1568,1074,1000,1297,1277,1710
575,84,79.43,0.3848004532292585,28,83.91176470588235,84.54545454545455,69.6969696969697,1573,1078,1002,1298,1280,1712
576,77,79.59,0.3850295263224023,28,84.08823529411765,84.72727272727273,69.81818181818181,1577,1082,1005,1299,1282,1714
577,70,79.75,0.38530031347962385,28,84.29411764705883,84.9090909090909,69.9090909090909,1582,1086,1007,1300,1284,1716
578,72,79.91,0.38578275560005004,28,84.47058823529412,85.0909090909091,70.03030303030303,1587,1090,1010,1301,1285,1718
579,63,80.06,0.3861453909567824,28,84.61764705882354,85.27272727272727,70.15151515151516,1591,1094,1012,1303,1286,1720
580,58,80.2,0.38644389027431425,28,84.73529411764706,85.45454545454545,70.27272727272727,1594,1098,1014,1305,1287,1722
581,67,80.32,0.386648406374502,28,84.82352941176471,85.63636363636364,70.36363636363636,1596,1102,1015,1307,1288,1724
582,63,80.45,0.38692728402734616,28,84.94117647058823,85.81818181818181,70.45454545454545,1599,1106,1016,1309,1289,1726
583,55,80.59,0.3872651693758531,28,85.05882352941177,86.0,70.57575757575758,1602,1110,1018,1311,1290,1728
584,63,80.72,0.38757928642220024,28,85.17647058823529,86.15151515151516,70.6969696969697,1605,1114,1020,1313,1291,1729
585,56,80.85,0.38791465677179965,28,85.29411764705883,86.3030303030303,70.81818181818181,1608,1118,1022,1315,1292,1730
586,56,80.97,0.38829072495986167,28,85.41176470588235,86.45454545454545,70.9090909090909,1611,1122,1024,1316,1293,1731
587,62,81.09,0.3886730792946109,28,85.52941176470588,86.60606060606061,71.0,1614,1126,1026,1317,1294,1732
588,52,81.22,0.3891504555528195,28,85.67647058823529,86.75757575757575,71.0909090909091,1618,1130,1028,1318,1295,1733
589,55,81.34,0.3896705188099336,28,85.79411764705883,86.9090909090909,71.18181818181819,1621,1134,1031,1318,1296,1734
590,60,81.47,0.3900368233705659,28,85.91176470588235,87.0909090909091,71.27272727272727,1624,1138,1034,1318,1297,1736
591,61,81.61,0.3904729812522975,28,86.02941176470588,87.27272727272727,71.39393939393939,1627,1142,1038,1318,1298,1738
592,65,81.75,0.3908880733944954,28,86.17647058823529,87.45454545454545,71.48484848484848,1631,1146,1041,1318,1299,1740
593,73,81.91,0.391333170553046,28,86.32352941176471,87.63636363636364,71.63636363636364,1635,1150,1045,1319,1300,1742
594,67,82.06,0.39172312941749937,28,86.47058823529412,87.81818181818181,71.75757575757575,1639,1154,1048,1320,1301,1744
595,64,82.21,0.3921286948059847,28,86.61764705882354,88.0,71.87878787878788,1643,1158,1051,1321,1302,1746
596,72,82.37,0.3925956051960665,28,86.76470588235294,88.18181818181819,72.03030303030303,1647,1162,1055,1322,1303,1748
597,69,82.52,0.3930174503150752,28,86.88235294117646,88.36363636363636,72.18181818181819,1650,1166,1059,1323,1304,1750
598,66,82.67,0.3934498608927059,28,87.02941176470588,88.54545454545455,72.3030303030303,1654,1170,1062,1324,1305,1752
599,78,82.82,0.39389036464622074,28,87.17647058823529,88.72727272727273,72.42424242424242,1658,1174,1065,1325,1306,1754
600,72,82.97,0.3943316861516211,28,87.32352941176471,88.9090909090909,72.54545454545455,1662,1178,1068,1326,1307,1756
601,63,83.12,0.3947762271414822,28,87.47058823529412,89.0909090909091,72.66666666666667,1666,1182,1071,1327,1308,1758
602,70,83.26,0.3951645447994235,28,87.58823529411765,89.27272727272727,72.78787878787878,1669,1186,1074,1328,1309,1760
603,60,83.42,0.3956605130664109,28,87.73529411764706,89.48484848484848,72.9090909090909,1673,1190,1077,1329,1310,1763
604,52,83.56,0.39632120631881285,28,87.88235294117646,89.66666666666667,73.0,1677,1194,1080,1329,1311,1765
605,61,83.68,0.3967782026768642,28,88.0,89.81818181818181,73.0909090909091,1680,1198,1082,1330,1312,1766
606,52,83.8,0.3971312649164678,28,88.11764705882354,89.96969696969697,73.18181818181819,1682,1202,1084,1331,1314,1767
607,46,83.92,0.3975047664442326,28,88.26470588235294,90.12121212121212,73.24242424242425,1685,1206,1085,1332,1316,1768
608,55,84.04,0.39788434079009993,28,88.41176470588235,90.27272727272727,73.3030303030303,1688,1210,1086,1333,1318,1769
609,43,84.16,0.39826758555133085,28,88.55882352941177,90.42424242424242,73.36363636363636,1691,1214,1087,1334,1320,1770
610,46,84.25,0.398593471810089,28,88.61764705882354,90.57575757575758,73.42424242424242,1692,1218,1088,1335,1321,1771
611,61,84.37,0.3990743155149935,28,88.73529411764706,90.72727272727273,73.51515151515152,1695,1222,1090,1336,1322,1772
612,49,84.49,0.399556160492366,28,88.8529411764706,90.87878787878788,73.60606060606061,1698,1226,1092,1337,1323,1773
613,46,84.61,0.4000390024819761,28,88.97058823529412,91.03030303030303,73.6969696969697,1701,1230,1094,1338,1324,1774
614,57,84.71,0.4004285208357927,28,89.05882352941177,91.18181818181819,73.75757575757575,1703,1234,1095,1339,1325,1775
615,51,84.83,0.40091830720264054,28,89.17647058823529,91.33333333333333,73.84848484848484,1706,1238,1097,1340,1326,1776
616,48,84.95,0.4014067098293113,28,89.29411764705883,91.48484848484848,73.93939393939394,1709,1242,1099,1341,1327,1777
617,57,85.07,0.40189608557658396,28,89.41176470588235,91.63636363636364,74.03030303030303,1712,1246,1101,1342,1328,1778
618,53,85.17,0.4022907126922625,28,89.5,91.78787878787878,74.0909090909091,1714,1250,1102,1343,1329,1779
619,50,85.29,0.40278461718841596,28,89.61764705882354,91.93939393939394,74.18181818181819,1717,1254,1104,1344,1330,1780
620,59,85.41,0.4032794754712563,28,89.73529411764706,92.0909090909091,74.27272727272727,1720,1258,1106,1345,1331,1781
621,53,85.53,0.4037752835262481,28,89.8529411764706,92.24242424242425,74.36363636363636,1723,1262,1108,1346,1332,1782
622,56,85.65,0.40407589025102164,28,89.94117647058823,92.42424242424242,74.45454545454545,1725,1267,1110,1347,1333,1783
623,70,85.78,0.4044276055024481,28,90.05882352941177,92.60606060606061,74.54545454545455,1728,1272,1112,1348,1334,1784
624,63,85.91,0.40478058433244096,28,90.17647058823529,92.78787878787878,74.63636363636364,1731,1277,1114,1349,1335,1785
625,56,86.04,0.4051324965132496,28,90.29411764705883,92.96969696969697,74.72727272727273,1734,1282,1116,1350,1336,1786
626,61,86.17,0.40548798885923176,28,90.41176470588235,93.15151515151516,74.81818181818181,1737,1287,1118,1351,1337,1787
627,57,86.3,0.4058447276940904,28,90.52941176470588,93.33333333333333,74.9090909090909,1740,1292,1120,1352,1338,1788
628,56,86.43,0.40620733541594356,28,90.6470588235294,93.51515151515152,75.0,1743,1297,1122,1353,1339,1789
629,64,86.56,0.40648567467652497,28,90.73529411764706,93.72727272727273,75.0909090909091,1745,1303,1124,1354,1340,1790
630,72,86.69,0.4067677932864229,28,90.82352941176471,93.93939393939394,75.18181818181819,1747,1309,1126,1355,1341,1791
631,69,86.84,0.40702210962690005,28,90.94117647058823,94.15151515151516,75.3030303030303,1750,1315,1129,1356,1342,1792
632,76,87.01,0.4072554878749569,28,91.08823529411765,94.36363636363636,75.45454545454545,1754,1321,1132,1358,1343,1793
633,82,87.19,0.4075593531368276,28,91.23529411764706,94.57575757575758,75.63636363636364,1758,1327,1136,1360,1344,1794
634,79,87.37,0.4079558200755408,28,91.41176470588235,94.78787878787878,75.78787878787878,1763,1333,1140,1361,1345,1795
635,85,87.55,0.4083597944031982,28,91.58823529411765,95.0,75.93939393939394,1768,1339,1144,1362,1346,1796
636,94,87.73,0.40876667046620313,28,91.76470588235294,95.21212121212122,76.0909090909091,1773,1345,1148,1363,1347,1797
637,88,87.91,0.40919008076441815,28,91.94117647058823,95.42424242424242,76.24242424242425,1778,1351,1152,1364,1348,1798
638,89,88.08,0.4095731153496821,28,92.11764705882354,95.60606060606061,76.39393939393939,1783,1357,1156,1365,1349,1798
639,108,88.25,0.4099660056657224,28,92.29411764705883,95.78787878787878,76.54545454545455,1788,1363,1160,1366,1350,1798
640,115,88.42,0.4103619090703461,28,92.47058823529412,95.96969696969697,76.6969696969697,1793,1369,1164,1367,1351,1798
641,127,88.6,0.4108081264108352,28,92.6470588235294,96.18181818181819,76.84848484848484,1798,1376,1168,1368,1352,1798
642,129,88.79,0.41111273792093705,28,92.82352941176471,96.39393939393939,77.03030303030303,1803,1383,1172,1370,1353,1798
643,137,88.98,0.41142054394245897,28,93.0,96.60606060606061,77.21212121212122,1808,1390,1176,1372,1354,1798
644,136,89.17,0.41172928114836826,28,93.17647058823529,96.81818181818181,77.39393939393939,1813,1397,1180,1374,1355,1798
645,144,89.36,0.412041181736795,28,93.3529411764706,97.03030303030303,77.57575757575758,1818,1404,1184,1376,1356,1798
646,146,89.55,0.41235175879396985,28,93.52941176470588,97.24242424242425,77.75757575757575,1823,1411,1188,1378,1357,1798
647,148,89.74,0.4126677067082683,28,93.70588235294117,97.45454545454545,77.93939393939394,1828,1418,1192,1380,1358,1798
648,141,89.93,0.4129889914377849,28,93.88235294117646,97.66666666666667,78.12121212121212,1833,1425,1196,1382,1359,1798
649,131,90.12,0.4133155792276964,28,94.05882352941177,97.87878787878788,78.3030303030303,1838,1432,1200,1384,1360,1798
650,142,90.31,0.4136407928247149,28,94.23529411764706,98.0909090909091,78.48484848484848,1843,1439,1204,1386,1361,1798
651,147,90.5,0.41397569060773476,28,94.41176470588235,98.3030303030303,78.66666666666667,1848,1446,1208,1388,1362,1798
652,151,90.7,0.414361631753032,28,94.58823529411765,98.54545454545455,78.84848484848484,1853,1453,1212,1390,1363,1799
653,151,90.91,0.4146089539104609,28,94.79411764705883,98.78787878787878,79.03030303030303,1858,1460,1216,1392,1365,1800
654,144,91.13,0.4148063206408428,28,95.02941176470588,99.03030303030303,79.21212121212122,1864,1467,1220,1394,1367,1801
655,142,91.36,0.41497591943957973,28,95.26470588235294,99.27272727272727,79.42424242424242,1870,1474,1224,1397,1369,1802
656,158,91.59,0.4151468500928049,28,95.5,99.51515151515152,79.63636363636364,1876,1481,1228,1400,1371,1803
657,149,91.83,0.41522922792115863,28,95.73529411764706,99.78787878787878,79.84848484848484,1882,1488,1232,1403,1373,1805
658,145,92.08,0.4152302345786273,28,96.0,100.06060606060606,80.06060606060606,1888,1495,1236,1406,1376,1807
659,150,92.33,0.4152377342142316,28,96.26470588235294,100.33333333333333,80.27272727272727,1894,1502,1240,1409,1379,1809
660,160,92.56,0.4153305963699222,28,96.52941176470588,100.57575757575758,80.45454545454545,1900,1508,1244,1411,1382,1811
661,145,92.8,0.4153125,28,96.79411764705883,100.81818181818181,80.66666666666667,1906,1514,1248,1414,1385,1813
662,136,93.04,0.4153159931212382,28,97.05882352941177,101.06060606060606,80.87878787878788,1912,1520,1252,1417,1388,1815
663,148,93.28,0.41534090909090904,28,97.32352941176471,101.3030303030303,81.0909090909091,1918,1526,1256,1420,1391,1817
664,148,93.52,0.41538708297690335,28,97.58823529411765,101.54545454545455,81.3030303030303,1924,1532,1260,1423,1394,1819
665,146,93.75,0.4153973333333333,28,97.8529411764706,101.75757575757575,81.51515151515152,1930,1538,1264,1426,1397,1820
666,149,93.99,0.4154644111075646,28,98.11764705882354,102.0,81.72727272727273,1936,1544,1268,1429,1400,1822
667,135,94.22,0.41552961154744217,28,98.38235294117646,102.24242424242425,81.9090909090909,1942,1550,1272,1431,1403,1824
668,136,94.45,0.4156220222339862,28,98.6470588235294,102.48484848484848,82.0909090909091,1948,1556,1276,1433,1406,1826
669,154,94.69,0.4157429506811701,28,98.91176470588235,102.72727272727273,82.3030303030303,1954,1562,1280,1436,1409,1828
670,145,94.93,0.41586958811756036,28,99.17647058823529,102.96969696969697,82.51515151515152,1960,1568,1284,1439,1412,1830
671,130,95.17,0.4159976883471682,28,99.44117647058823,103.21212121212122,82.72727272727273,1966,1574,1288,1442,1415,1832
672,135,95.39,0.4160719152951043,28,99.70588235294117,103.42424242424242,82.9090909090909,1972,1579,1292,1444,1418,1834
673,136,95.62,0.41612424179042046,28,100.0,103.63636363636364,83.0909090909091,1979,1584,1296,1446,1421,1836
674,148,95.86,0.41621114124765285,28,100.29411764705883,103.84848484848484,83.3030303030303,1986,1589,1300,1449,1424,1838
675,149,96.09,0.4162836923717348,28,100.55882352941177,104.06060606060606,83.51515151515152,1993,1594,1304,1452,1426,1840
676,140,96.33,0.4164009135264196,28,100.8529411764706,104.27272727272727,83.72727272727273,2000,1599,1308,1455,1429,1842
677,146,96.57,0.41652376514445477,28,101.1470588235294,104.48484848484848,83.93939393939394,2007,1604,1312,1458,1432,1844
678,149,96.81,0.41666253486210103,28,101.44117647058823,104.6969696969697,84.15151515151516,2014,1609,1316,1461,1435,1846
679,150,97.04,0.41678483099752683,28,101.73529411764706,104.9090909090909,84.33333333333333,2021,1614,1320,1463,1438,1848
680,146,97.26,0.4168825827678388,28,102.0,105.12121212121212,84.51515151515152,2027,1619,1324,1465,1441,1850
681,141,97.49,0.4170120012308955,28,102.26470588235294,105.33333333333333,84.72727272727273,2033,1624,1328,1468,1444,1852
682,145,97.72,0.41715104379860823,28,102.52941176470588,105.54545454545455,84.93939393939394,2039,1629,1332,1471,1447,1854
683,136,97.96,0.4173397305022458,28,102.82352941176471,105.75757575757575,85.15151515151516,2046,1634,1336,1474,1450,1856
684,145,98.2,0.4175376782077393,28,103.11764705882354,105.96969696969697,85.36363636363636,2053,1639,1340,1477,1453,1858
685,144,98.45,0.41773590655154896,28,103.38235294117646,106.24242424242425,85.57575757575758,2059,1645,1344,1480,1456,1861
686,134,98.7,0.41794326241134755,28,103.6470588235294,106.51515151515152,85.78787878787878,2065,1651,1348,1483,1459,1864
687,136,98.95,0.418177867609904,28,103.91176470588235,106.78787878787878,86.0,2071,1657,1352,1486,1462,1867
688,139,99.19,0.4183818933360218,28,104.17647058823529,107.03030303030303,86.21212121212122,2077,1662,1356,1489,1465,1870
689,127,99.43,0.41861309463944485,28,104.41176470588235,107.3030303030303,86.42424242424242,2083,1668,1360,1492,1467,1873
690,121,99.67,0.41886324872077857,28,104.6470588235294,107.57575757575758,86.63636363636364,2089,1674,1364,1495,1469,1876
691,128,99.9,0.4190970970970971,28,104.88235294117646,107.84848484848484,86.81818181818181,2095,1680,1368,1497,1471,1879
692,124,100.12,0.4192968437874551,28,105.11764705882354,108.0909090909091,87.0,2101,1685,1372,1499,1473,1882
693,119,100.35,0.41954857997010464,28,105.3529411764706,108.36363636363636,87.18181818181819,2107,1691,1376,1501,1475,1885
694,123,100.58,0.4198051302445814,28,105.58823529411765,108.63636363636364,87.36363636363636,2113,1697,1380,1503,1477,1888
695,118,100.81,0.4200624938002182,28,105.82352941176471,108.9090909090909,87.54545454545455,2119,1703,1384,1505,1479,1891
696,110,101.04,0.42030285035629456,28,106.05882352941177,109.15151515151516,87.75757575757575,2125,1708,1389,1507,1481,1894
697,110,101.28,0.42059439178515007,28,106.29411764705883,109.42424242424242,87.96969696969697,2131,1714,1394,1509,1483,1897
698,107,101.49,0.42081879988176174,28,106.52941176470588,109.6969696969697,88.0909090909091,2137,1720,1396,1511,1485,1900
699,103,101.71,0.42093501130665617,28,106.73529411764706,109.96969696969697,88.27272727272727,2142,1726,1399,1514,1487,1903
700,109,101.95,0.4210642471799902,28,106.94117647058823,110.24242424242425,88.51515151515152,2147,1732,1404,1517,1489,1906
701,108,102.2,0.4212426614481409,28,107.1470588235294,110.54545454545455,88.75757575757575,2152,1739,1409,1520,1491,1909
702,113,102.42,0.4214704159343878,28,107.3529411764706,110.81818181818181,88.93939393939394,2157,1745,1413,1522,1493,1912
703,113,102.63,0.4216963850725909,28,107.55882352941177,111.0909090909091,89.0909090909091,2162,1751,1416,1524,1495,1915
704,122,102.84,0.42191365227537925,28,107.76470588235294,111.36363636363636,89.24242424242425,2167,1757,1419,1526,1497,1918
705,136,103.09,0.4221175671743137,28,107.97058823529412,111.66666666666667,89.48484848484848,2172,1764,1424,1529,1499,1921
706,144,103.34,0.4223301722469518,28,108.17647058823529,111.96969696969697,89.72727272727273,2177,1771,1429,1532,1501,1924
707,139,103.6,0.42261196911196913,28,108.41176470588235,112.27272727272727,89.96969696969697,2183,1778,1434,1535,1503,1927
708,150,103.85,0.42289167067886374,28,108.6470588235294,112.57575757575758,90.18181818181819,2189,1785,1438,1538,1505,1930
709,152,104.1,0.423075888568684,28,108.8529411764706,112.9090909090909,90.39393939393939,2194,1793,1442,1541,1507,1933
710,150,104.36,0.42331736297431966,28,109.05882352941177,113.24242424242425,90.63636363636364,2199,1801,1447,1544,1509,1936
711,148,104.62,0.42356528388453446,28,109.29411764705883,113.57575757575758,90.84848484848484,2205,1809,1451,1547,1511,1939
712,149,104.88,0.42381960335621666,28,109.52941176470588,113.9090909090909,91.06060606060606,2211,1817,1455,1550,1513,1942
713,152,105.12,0.42404299847793,28,109.73529411764706,114.21212121212122,91.27272727272727,2216,1824,1459,1553,1515,1945
714,148,105.37,0.42427541045838474,28,109.97058823529412,114.51515151515152,91.48484848484848,2222,1831,1463,1556,1517,1948
715,154,105.64,0.4245967436577054,28,110.20588235294117,114.84848484848484,91.72727272727273,2228,1839,1468,1559,1519,1951
716,162,105.89,0.42482670696005287,28,110.44117647058823,115.18181818181819,91.9090909090909,2234,1847,1471,1562,1521,1954
717,153,106.16,0.42516390354182365,28,110.67647058823529,115.51515151515152,92.15151515151516,2240,1855,1476,1565,1523,1957
718,157,106.45,0.4254739314232034,28,110.94117647058823,115.84848484848484,92.42424242424242,2247,1863,1481,1569,1525,1960
719,155,106.74,0.42580101180438445,28,111.20588235294117,116.18181818181819,92.6969696969697,2254,1871,1486,1573,1527,1963
720,155,107.01,0.4260302775441548,28,111.44117647058823,116.51515151515152,92.93939393939394,2260,1879,1490,1577,1529,1966
721,152,107.28,0.426265846383296,28,111.67647058823529,116.84848484848484,93.18181818181819,2266,1887,1494,1581,1531,1969
722,158,107.55,0.42655044165504413,28,111.94117647058823,117.18181818181819,93.39393939393939,2273,1895,1498,1584,1533,1972
723,164,107.82,0.4267501391207568,28,112.23529411764706,117.51515151515152,93.57575757575758,2280,1903,1501,1587,1536,1975
724,159,108.11,0.4268698547775414,28,112.52941176470588,117.87878787878788,93.78787878787878,2287,1911,1505,1590,1539,1979
725,149,108.39,0.4269499031275948,28,112.79411764705883,118.24242424242425,94.0,2293,1919,1509,1593,1542,1983
726,163,108.67,0.4270497837489648,28,113.05882352941177,118.60606060606061,94.21212121212122,2299,1927,1513,1596,1545,1987
727,163,108.94,0.42722966770699466,28,113.29411764705883,118.96969696969697,94.42424242424242,2305,1935,1517,1599,1547,1991
728,165,109.22,0.42748947079289507,28,113.55882352941177,119.3030303030303,94.66666666666667,2312,1942,1522,1602,1549,1995
729,187,109.51,0.4277828508811981,28,113.82352941176471,119.66666666666667,94.9090909090909,2319,1950,1527,1605,1551,1999
730,184,109.81,0.42808760586467537,28,114.08823529411765,120.03030303030303,95.18181818181819,2326,1958,1532,1609,1553,2003
731,175,110.11,0.4283961493052402,28,114.3529411764706,120.39393939393939,95.45454545454545,2333,1966,1537,1613,1555,2007
732,171,110.39,0.42874626324848264,28,114.61764705882354,120.75757575757575,95.66666666666667,2340,1974,1542,1615,1557,2011
733,168,110.69,0.4289899719938567,28,114.88235294117646,121.12121212121212,95.93939393939394,2347,1982,1547,1619,1559,2015
734,149,111.0,0.4292594594594595,28,115.17647058823529,121.48484848484848,96.21212121212122,2354,1990,1552,1623,1562,2019
735,148,111.31,0.4295328362231606,28,115.47058823529412,121.84848484848484,96.48484848484848,2361,1998,1557,1627,1565,2023
736,148,111.58,0.4297687757662663,28,115.67647058823529,122.21212121212122,96.72727272727273,2366,2005,1562,1630,1567,2028
737,148,111.85,0.42983191774698254,28,115.91176470588235,122.54545454545455,96.96969696969697,2372,2010,1567,1633,1569,2034
738,146,112.14,0.4298858569645086,28,116.1470588235294,122.87878787878788,97.27272727272727,2378,2015,1572,1638,1571,2040
739,133,112.45,0.4301138283681636,28,116.44117647058823,123.21212121212122,97.57575757575758,2385,2021,1577,1643,1574,2045
740,139,112.75,0.4304133037694013,28,116.73529411764706,123.54545454545455,97.84848484848484,2392,2027,1582,1647,1577,2050
741,133,113.05,0.43068996019460415,28,117.02941176470588,123.84848484848484,98.15151515151516,2399,2032,1587,1652,1580,2055
742,128,113.34,0.4310375860243515,28,117.32352941176471,124.12121212121212,98.45454545454545,2406,2037,1592,1657,1583,2059
743,134,113.61,0.43138192060558045,28,117.61764705882354,124.39393939393939,98.6969696969697,2412,2042,1597,1660,1587,2063
744,121,113.89,0.43168759329177275,28,117.88235294117646,124.66666666666667,99.0,2417,2047,1602,1665,1591,2067
745,112,114.13,0.43200473144659596,28,118.1470588235294,124.87878787878788,99.24242424242425,2422,2052,1606,1669,1595,2069
746,107,114.39,0.4323358685199755,28,118.41176470588235,125.12121212121212,99.51515151515152,2427,2057,1611,1673,1599,2072
747,108,114.65,0.4326655037069342,28,118.70588235294117,125.36363636363636,99.75757575757575,2433,2062,1615,1677,1603,2075
748,110,114.9,0.4330635335073978,28,119.0,125.60606060606061,99.96969696969697,2439,2067,1619,1680,1607,2078
749,112,115.15,0.43346157186278766,28,119.29411764705883,125.84848484848484,100.18181818181819,2445,2072,1623,1683,1611,2081
750,110,115.41,0.433836755913699,28,119.55882352941177,126.0909090909091,100.45454545454545,2451,2077,1628,1687,1614,2084
751,102,115.67,0.43421371142042015,28,119.82352941176471,126.33333333333333,100.72727272727273,2457,2082,1633,1691,1617,2087
752,103,115.93,0.4346493573708272,28,120.08823529411765,126.57575757575758,101.0,2463,2087,1638,1695,1620,2090
753,99,116.18,0.4350697194009296,28,120.3529411764706,126.81818181818181,101.24242424242425,2469,2092,1643,1698,1623,2093
754,92,116.4,0.4354192439862543,28,120.55882352941177,127.03030303030303,101.48484848484848,2473,2097,1648,1701,1626,2095
755,95,116.61,0.43576965954892377,28,120.73529411764706,127.24242424242425,101.72727272727273,2477,2102,1653,1704,1628,2097
756,83,116.82,0.43618216058894027,28,120.94117647058823,127.45454545454545,101.93939393939394,2482,2107,1658,1706,1630,2099
757,73,117.01,0.43657208785573887,28,121.08823529411765,127.66666666666667,102.15151515151516,2486,2112,1663,1708,1631,2101
758,76,117.19,0.4369169724379213,28,121.23529411764706,127.87878787878788,102.33333333333333,2490,2117,1667,1710,1632,2103
759,68,117.36,0.437252897068848,28,121.38235294117646,128.06060606060606,102.51515151515152,2494,2122,1671,1712,1633,2104
760,70,117.52,0.43754765146358066,28,121.47058823529412,128.24242424242425,102.72727272727273,2496,2127,1676,1714,1634,2105
761,77,117.69,0.43785113433596734,28,121.58823529411765,128.42424242424244,102.93939393939394,2499,2132,1681,1716,1635,2106
762,67,117.88,0.438137088564642,28,121.73529411764706,128.66666666666666,103.12121212121212,2502,2137,1685,1718,1637,2109
763,78,118.04,0.43841240257539815,28,121.91176470588235,128.87878787878788,103.21212121212122,2506,2142,1687,1719,1639,2111
764,100,118.21,0.438747144911598,28,122.11764705882354,129.06060606060606,103.33333333333333,2511,2147,1690,1720,1641,2112
765,99,118.4,0.4391402027027027,28,122.32352941176471,129.27272727272728,103.48484848484848,2516,2152,1694,1721,1643,2114
766,101,118.59,0.4395320010118897,28,122.52941176470588,129.4848484848485,103.63636363636364,2521,2157,1698,1722,1645,2116
767,103,118.78,0.43983498905539653,28,122.73529411764706,129.6969696969697,103.78787878787878,2526,2162,1701,1724,1647,2118
768,98,118.98,0.44014120020171454,28,122.94117647058823,129.93939393939394,103.93939393939394,2531,2167,1704,1726,1649,2121
769,93,119.18,0.44045309615707334,28,123.1470588235294,130.1818181818182,104.0909090909091,2536,2172,1707,1728,1651,2124
770,93,119.39,0.44073791774855514,28,123.3529411764706,130.42424242424244,104.27272727272727,2541,2177,1710,1731,1653,2127
771,94,119.59,0.44101095409315155,28,123.55882352941177,130.66666666666666,104.42424242424242,2546,2182,1712,1734,1655,2130
772,85,119.77,0.4412999916506638,28,123.76470588235294,130.87878787878788,104.54545454545455,2551,2187,1714,1736,1657,2132
773,94,119.95,0.441591496456857,28,123.97058823529412,131.0909090909091,104.66666666666667,2556,2192,1716,1738,1659,2134
774,97,120.13,0.44188712228419214,28,124.17647058823529,131.3030303030303,104.78787878787878,2561,2197,1718,1740,1661,2136
775,86,120.3,0.4421612635078969,28,124.38235294117646,131.4848484848485,104.9090909090909,2566,2201,1720,1742,1663,2138
776,89,120.48,0.4424269588313413,28,124.61764705882354,131.66666666666666,105.03030303030303,2571,2205,1722,1744,1666,2140
777,99,120.65,0.4427045171985081,28,124.82352941176471,131.84848484848484,105.15151515151516,2576,2209,1724,1746,1668,2142
778,90,120.83,0.44297359927170404,28,125.05882352941177,132.03030303030303,105.27272727272727,2581,2213,1726,1748,1671,2144
779,88,121.0,0.44328099173553714,28,125.29411764705883,132.21212121212122,105.36363636363636,2586,2217,1728,1749,1674,2146
780,86,121.17,0.44358917223735245,28,125.52941176470588,132.3939393939394,105.45454545454545,2591,2221,1730,1750,1677,2148
781,92,121.35,0.44386238154099716,28,125.76470588235294,132.57575757575756,105.57575757575758,2596,2225,1732,1752,1680,2150
782,89,121.53,0.4441413642721962,28,126.0,132.75757575757575,105.6969696969697,2601,2229,1734,1754,1683,2152
783,90,121.7,0.4444239934264585,28,126.20588235294117,132.93939393939394,105.81818181818181,2606,2233,1736,1756,1685,2154
784,102,121.88,0.444730882835576,28,126.41176470588235,133.15151515151516,105.93939393939394,2611,2238,1738,1758,1687,2156
785,105,122.06,0.4450401441913813,28,126.61764705882354,133.36363636363637,106.06060606060606,2616,2243,1740,1760,1689,2158
786,99,122.24,0.4453501308900523,28,126.82352941176471,133.57575757575756,106.18181818181819,2621,2248,1742,1762,1691,2160
787,107,122.43,0.44566282773829946,28,127.05882352941177,133.78787878787878,106.3030303030303,2626,2253,1744,1764,1694,2162
788,100,122.62,0.44597455553743276,28,127.29411764705883,134.0,106.42424242424242,2631,2258,1746,1766,1697,2164
789,99,122.81,0.44628694731699375,28,127.52941176470588,134.21212121212122,106.54545454545455,2636,2263,1748,1768,1700,2166
790,99,122.99,0.44660134970322796,28,127.76470588235294,134.3939393939394,106.66666666666667,2641,2268,1750,1770,1703,2167
791,93,123.17,0.44691483315742464,28,128.0,134.57575757575756,106.78787878787878,2646,2273,1752,1772,1706,2168
792,84,123.35,0.44722740170247266,28,128.23529411764707,134.75757575757575,106.9090909090909,2651,2278,1754,1774,1709,2169
793,88,123.52,0.4475032383419689,28,128.47058823529412,134.93939393939394,107.0,2656,2283,1755,1776,1712,2170
794,85,123.7,0.4478221503637833,28,128.7058823529412,135.12121212121212,107.12121212121212,2661,2288,1757,1778,1715,2171
795,89,123.87,0.44812061031726813,28,128.94117647058823,135.27272727272728,107.24242424242425,2666,2292,1759,1780,1718,2172
796,94,124.03,0.4484052245424494,28,129.14705882352942,135.42424242424244,107.36363636363636,2670,2296,1761,1782,1721,2173
797,91,124.21,0.44872957088801224,28,129.38235294117646,135.6060606060606,107.48484848484848,2675,2301,1763,1784,1724,2174
798,79,124.39,0.44905458638154194,28,129.61764705882354,135.78787878787878,107.60606060606061,2680,2306,1765,1786,1727,2175
799,73,124.57,0.44938026812234083,28,129.85294117647058,135.96969696969697,107.72727272727273,2685,2311,1767,1788,1730,2176
800,87,124.73,0.44967128998637057,28,130.05882352941177,136.12121212121212,107.84848484848484,2689,2315,1769,1790,1733,2177
801,81,124.88,0.44992472773862907,28,130.26470588235293,136.27272727272728,107.93939393939394,2693,2319,1770,1792,1736,2178
802,75,125.03,0.4501807566184116,28,130.47058823529412,136.42424242424244,108.03030303030303,2697,2323,1771,1794,1739,2179
803,79,125.2,0.4504712460063898,28,130.7058823529412,136.6060606060606,108.12121212121212,2702,2328,1772,1796,1742,2180
804,83,125.37,0.4507641381510728,28,130.94117647058823,136.78787878787878,108.21212121212122,2707,2333,1773,1798,1745,2181
805,78,125.54,0.45108650629281505,28,131.14705882352942,136.96969696969697,108.33333333333333,2711,2338,1775,1800,1748,2182
806,83,125.7,0.45136674622116146,28,131.35294117647058,137.15151515151516,108.42424242424242,2715,2343,1776,1802,1751,2183
807,86,125.88,0.4517016205910391,28,131.58823529411765,137.33333333333334,108.54545454545455,2720,2348,1778,1804,1754,2184
808,89,126.06,0.4520387117245756,28,131.8235294117647,137.5151515151515,108.66666666666667,2725,2353,1780,1806,1757,2185
809,96,126.23,0.45232432860651195,28,132.05882352941177,137.6969696969697,108.75757575757575,2730,2358,1781,1808,1760,2186
810,104,126.42,0.4525818699572852,28,132.3235294117647,137.87878787878788,108.87878787878788,2736,2363,1782,1811,1763,2187
811,95,126.63,0.45291242201689963,28,132.58823529411765,138.0909090909091,109.03030303030303,2742,2369,1784,1814,1766,2188
812,86,126.84,0.4531173131504257,28,132.85294117647058,138.3030303030303,109.18181818181819,2748,2375,1785,1818,1769,2189
813,84,127.04,0.45325881612090685,28,133.11764705882354,138.4848484848485,109.33333333333333,2754,2380,1786,1822,1772,2190
814,82,127.24,0.45343445457403336,28,133.38235294117646,138.66666666666666,109.48484848484848,2760,2385,1788,1825,1775,2191
815,84,127.43,0.4535690182845484,28,133.61764705882354,138.84848484848484,109.63636363636364,2765,2390,1790,1828,1778,2192
816,74,127.62,0.4536718382698636,28,133.85294117647058,139.03030303030303,109.78787878787878,2770,2396,1792,1831,1781,2192
817,77,127.8,0.4537652582159625,28,134.08823529411765,139.1818181818182,109.93939393939394,2775,2401,1794,1834,1784,2192
818,75,127.97,0.4539431116667969,28,134.3235294117647,139.33333333333334,110.06060606060606,2780,2406,1796,1836,1787,2192
819,63,128.12,0.45406650015610367,28,134.55882352941177,139.45454545454547,110.15151515151516,2785,2410,1797,1838,1790,2192
820,72,128.27,0.4541896000623684,28,134.7941176470588,139.57575757575756,110.24242424242425,2790,2414,1798,1840,1793,2192
821,80,128.43,0.4543369929144281,28,135.02941176470588,139.72727272727272,110.33333333333333,2795,2418,1799,1842,1796,2193
822,77,128.61,0.4545424150532618,28,135.26470588235293,139.93939393939394,110.42424242424242,2800,2424,1800,1844,1799,2194
823,71,128.79,0.45474881590185573,28,135.5,140.15151515151516,110.51515151515152,2805,2430,1801,1846,1802,2195
824,77,128.97,0.4549561913623323,28,135.73529411764707,140.36363636363637,110.60606060606061,2810,2436,1802,1848,1805,2196
825,85,129.13,0.45514055602880815,28,135.94117647058823,140.54545454545453,110.6969696969697,2814,2441,1803,1850,1808,2197
826,81,129.29,0.45533529275272644,28,136.14705882352942,140.75757575757575,110.75757575757575,2818,2447,1804,1851,1811,2198
827,83,129.45,0.4555326380842024,28,136.35294117647058,140.96969696969697,110.81818181818181,2822,2453,1805,1852,1814,2199
828,81,129.62,0.4557552846782904,28,136.58823529411765,141.1818181818182,110.87878787878788,2827,2459,1806,1853,1817,2200
829,80,129.78,0.4559639389736477,28,136.7941176470588,141.3939393939394,110.93939393939394,2831,2465,1807,1854,1820,2201
830,81,129.95,0.45614082339361295,28,137.02941176470588,141.6060606060606,111.0,2836,2471,1807,1856,1823,2202
831,72,130.13,0.4563551832782602,28,137.26470588235293,141.8181818181818,111.0909090909091,2841,2477,1808,1858,1826,2203
832,69,130.31,0.45657202056634183,28,137.5,142.03030303030303,111.18181818181819,2846,2483,1809,1860,1829,2204
833,65,130.47,0.4568720778723078,28,137.7058823529412,142.24242424242425,111.24242424242425,2850,2489,1810,1861,1832,2205
834,63,130.61,0.4571525916851696,28,137.91176470588235,142.45454545454547,111.24242424242425,2855,2495,1810,1861,1834,2206
835,63,130.76,0.4573722851024778,28,138.11764705882354,142.66666666666666,111.27272727272727,2860,2501,1810,1862,1836,2207
836,54,130.91,0.45759453059353755,28,138.3235294117647,142.87878787878788,111.3030303030303,2865,2507,1810,1863,1838,2208
837,57,131.03,0.45783484698160726,28,138.47058823529412,143.0909090909091,111.3030303030303,2868,2513,1810,1863,1840,2209
838,64,131.17,0.4581222840588549,28,138.6764705882353,143.3030303030303,111.3030303030303,2873,2519,1810,1863,1842,2210
839,68,131.31,0.45839692331124815,28,138.91176470588235,143.4848484848485,111.3030303030303,2879,2524,1810,1863,1844,2211
840,66,131.45,0.45869836439710915,28,139.14705882352942,143.66666666666666,111.3030303030303,2885,2529,1810,1863,1846,2212
841,71,131.58,0.45898616811065507,28,139.35294117647058,143.84848484848484,111.3030303030303,2890,2534,1810,1863,1848,2213
842,80,131.73,0.45922796629469365,28,139.58823529411765,144.03030303030303,111.33333333333333,2896,2539,1810,1864,1850,2214
843,76,131.89,0.4594715293047236,28,139.8235294117647,144.21212121212122,111.39393939393939,2902,2544,1811,1865,1852,2215
844,70,132.04,0.4597364435019691,28,140.05882352941177,144.36363636363637,111.45454545454545,2908,2549,1813,1865,1854,2215
845,72,132.17,0.4599735189528637,28,140.26470588235293,144.4848484848485,111.51515151515152,2913,2553,1815,1865,1856,2215
846,77,132.3,0.4601889644746787,28,140.5,144.57575757575756,111.57575757575758,2919,2556,1817,1865,1858,2215
847,80,132.45,0.46047187617969043,28,140.73529411764707,144.6969696969697,111.66666666666667,2925,2560,1820,1865,1860,2215
848,83,132.6,0.46075565610859726,28,140.97058823529412,144.8181818181818,111.75757575757575,2931,2564,1823,1865,1862,2215
849,85,132.76,0.46105905393190716,28,141.23529411764707,144.96969696969697,111.81818181818181,2937,2569,1825,1865,1865,2215
850,97,132.91,0.46134451884734035,28,141.5,145.0909090909091,111.87878787878788,2943,2573,1827,1865,1868,2215
851,89,133.08,0.4616501352569882,28,141.76470588235293,145.27272727272728,111.93939393939394,2949,2578,1829,1865,1871,2216
852,81,133.25,0.4619609756097561,28,142.02941176470588,145.45454545454547,112.0,2955,2583,1831,1865,1874,2217
853,83,133.41,0.462243460010494,28,142.2941176470588,145.63636363636363,112.03030303030303,2961,2588,1832,1865,1877,2218
854,87,133.55,0.46250467989517036,28,142.55882352941177,145.78787878787878,112.03030303030303,2967,2592,1832,1865,1880,2219
855,82,133.69,0.46274889670132396,28,142.8235294117647,145.93939393939394,112.03030303030303,2973,2596,1832,1865,1883,2220
856,85,133.84,0.46302749551703526,28,143.08823529411765,146.12121212121212,112.03030303030303,2979,2601,1832,1865,1886,2221
857,80,133.98,0.4632975070906105,28,143.3235294117647,146.3030303030303,112.03030303030303,2985,2606,1832,1865,1888,2222
858,79,134.11,0.46355752740287826,28,143.55882352941177,146.45454545454547,112.03030303030303,2991,2610,1832,1865,1890,2223
859,87,134.24,0.4638170441001192,28,143.7941176470588,146.6060606060606,112.03030303030303,2997,2614,1832,1865,1892,2224
860,85,134.38,0.4640898943295133,28,144.02941176470588,146.78787878787878,112.03030303030303,3003,2619,1832,1865,1894,2225
861,99,134.51,0.4643439149505613,28,144.26470588235293,146.93939393939394,112.03030303030303,3009,2623,1832,1865,1896,2226
862,96,134.66,0.4646576563196198,28,144.52941176470588,147.12121212121212,112.03030303030303,3016,2628,1832,1865,1898,2227
863,98,134.82,0.46493843643376354,28,144.7941176470588,147.27272727272728,112.0909090909091,3023,2632,1834,1865,1900,2228
864,108,134.99,0.46523075783391366,28,145.05882352941177,147.45454545454547,112.15151515151516,3030,2637,1836,1865,1902,2229
865,112,135.16,0.46554601953240604,28,145.2941176470588,147.66666666666666,112.21212121212122,3036,2643,1838,1865,1904,2230
866,115,135.34,0.4658770503916063,28,145.55882352941177,147.87878787878788,112.27272727272727,3043,2649,1840,1865,1906,2231
867,115,135.52,0.46620720188902004,28,145.8235294117647,148.0909090909091,112.33333333333333,3050,2655,1842,1865,1908,2232
868,125,135.69,0.4664993735721129,28,146.08823529411765,148.27272727272728,112.39393939393939,3057,2660,1844,1865,1910,2233
869,125,135.87,0.4668278501508795,28,146.35294117647058,148.4848484848485,112.45454545454545,3064,2666,1846,1865,1912,2234
870,125,136.05,0.4671554575523704,28,146.61764705882354,148.6969696969697,112.51515151515152,3071,2672,1848,1865,1914,2235
871,128,136.23,0.46748219922190415,28,146.88235294117646,148.9090909090909,112.57575757575758,3078,2678,1850,1865,1916,2236
872,125,136.41,0.46780954475478337,28,147.14705882352942,149.12121212121212,112.63636363636364,3085,2684,1852,1865,1918,2237
873,131,136.59,0.4681389559997071,28,147.41176470588235,149.33333333333334,112.6969696969697,3092,2690,1854,1865,1920,2238
874,139,136.78,0.46846615002193304,28,147.6764705882353,149.54545454545453,112.78787878787878,3099,2696,1856,1866,1922,2239
875,140,136.98,0.46882172579938675,28,147.94117647058823,149.75757575757575,112.9090909090909,3106,2702,1859,1867,1924,2240
876,138,137.18,0.46917626476162705,28,148.2058823529412,149.96969696969697,113.03030303030303,3113,2708,1862,1868,1926,2241
877,134,137.37,0.46951954575234767,28,148.47058823529412,150.15151515151516,113.15151515151516,3120,2713,1865,1869,1928,2242
878,136,137.56,0.4698633323640593,28,148.73529411764707,150.33333333333334,113.27272727272727,3127,2718,1868,1870,1930,2243
879,128,137.76,0.47018873403019745,28,149.0,150.54545454545453,113.39393939393939,3134,2723,1871,1871,1932,2245
880,144,137.96,0.47051609162075964,28,149.26470588235293,150.75757575757575,113.51515151515152,3141,2728,1874,1872,1934,2247
881,132,138.17,0.4707642758920171,28,149.52941176470588,150.96969696969697,113.66666666666667,3148,2733,1877,1874,1936,2249
882,124,138.37,0.4710045530100455,28,149.76470588235293,151.1818181818182,113.81818181818181,3155,2738,1880,1876,1937,2251
883,125,138.57,0.47120949700512377,28,150.0,151.42424242424244,113.93939393939394,3162,2743,1883,1877,1938,2254
884,140,138.75,0.47135063063063065,28,150.23529411764707,151.63636363636363,114.03030303030303,3169,2747,1885,1878,1939,2257
885,129,138.95,0.4715559553796329,28,150.47058823529412,151.87878787878788,114.15151515151516,3176,2752,1888,1879,1940,2260
886,129,139.16,0.4717332566829549,28,150.73529411764707,152.12121212121212,114.27272727272727,3183,2757,1891,1880,1942,2263
887,125,139.38,0.47194575979337067,28,151.0,152.36363636363637,114.42424242424242,3190,2762,1895,1881,1944,2266
888,117,139.58,0.4720934231265224,28,151.23529411764707,152.57575757575756,114.57575757575758,3196,2766,1899,1882,1946,2269
889,119,139.8,0.472140200286123,28,151.47058823529412,152.8181818181818,114.75757575757575,3202,2770,1903,1884,1948,2273
890,112,140.02,0.4721911155549207,28,151.7058823529412,153.06060606060606,114.93939393939394,3208,2774,1907,1886,1950,2277
891,116,140.22,0.4723192126658109,28,151.94117647058823,153.27272727272728,115.0909090909091,3214,2778,1910,1888,1952,2280
892,114,140.42,0.4724497934767127,28,152.1764705882353,153.4848484848485,115.24242424242425,3220,2782,1913,1890,1954,2283
893,108,140.63,0.4725883524141363,28,152.44117647058823,153.6969696969697,115.39393939393939,3226,2786,1916,1892,1957,2286
894,120,140.84,0.47262567452428283,28,152.73529411764707,153.87878787878788,115.54545454545455,3232,2789,1919,1894,1961,2289
895,115,141.04,0.4726403857061826,28,153.02941176470588,154.06060606060606,115.66666666666667,3238,2792,1921,1896,1965,2292
896,101,141.24,0.47265788728405556,28,153.3235294117647,154.24242424242425,115.78787878787878,3244,2795,1923,1898,1969,2295
897,115,141.43,0.4727052251997455,28,153.61764705882354,154.3939393939394,115.9090909090909,3250,2798,1925,1900,1973,2297
898,111,141.62,0.47273407710775317,28,153.88235294117646,154.57575757575756,116.03030303030303,3256,2802,1927,1902,1976,2299
899,107,141.81,0.4727642620407588,28,154.14705882352942,154.75757575757575,116.15151515151516,3262,2806,1929,1904,1979,2301
900,115,142.0,0.4728225352112676,28,154.41176470588235,154.93939393939394,116.27272727272727,3268,2811,1931,1906,1982,2302
901,114,142.19,0.47288205921654125,28,154.6764705882353,155.12121212121212,116.39393939393939,3274,2816,1933,1908,1985,2303
902,104,142.38,0.47294142435735353,28,154.94117647058823,155.3030303030303,116.51515151515152,3280,2821,1935,1910,1988,2304
903,103,142.57,0.473004839727853,28,155.2058823529412,155.4848484848485,116.63636363636364,3286,2826,1937,1912,1991,2305
904,100,142.75,0.4730430823117338,28,155.44117647058823,155.66666666666666,116.75757575757575,3291,2831,1939,1914,1994,2306
905,91,142.93,0.4730868257188834,28,155.6764705882353,155.84848484848484,116.87878787878788,3296,2836,1941,1916,1997,2307
906,93,143.12,0.4731512017887088,28,155.94117647058823,156.03030303030303,117.0,3301,2841,1943,1918,2001,2308
907,93,143.3,0.4732016748080949,28,156.1764705882353,156.21212121212122,117.12121212121212,3306,2846,1945,1920,2004,2309
908,88,143.47,0.47325921795497317,28,156.41176470588235,156.3939393939394,117.21212121212122,3311,2851,1947,1921,2007,2310
909,86,143.64,0.4733180172653857,28,156.64705882352942,156.57575757575756,117.3030303030303,3316,2856,1949,1922,2010,2311
910,87,143.81,0.47338084973228567,28,156.88235294117646,156.75757575757575,117.39393939393939,3321,2861,1951,1923,2013,2312
911,85,143.98,0.4734490901514099,28,157.11764705882354,156.93939393939394,117.48484848484848,3326,2866,1953,1924,2016,2313
912,87,144.17,0.4735180689463827,28,157.35294117647058,157.15151515151516,117.60606060606061,3331,2872,1956,1925,2019,2314
913,88,144.37,0.47361848029368986,28,157.58823529411765,157.36363636363637,117.75757575757575,3336,2878,1960,1926,2022,2315
914,81,144.56,0.4738018815716657,28,157.8235294117647,157.57575757575756,117.87878787878788,3341,2884,1964,1926,2025,2316
915,84,144.74,0.4739519137764267,28,158.05882352941177,157.78787878787878,117.96969696969697,3346,2890,1967,1926,2028,2317
916,94,144.91,0.4741142778276171,28,158.2941176470588,158.0,118.03030303030303,3351,2896,1969,1926,2031,2318
917,96,145.07,0.47427379885572485,28,158.52941176470588,158.1818181818182,118.0909090909091,3356,2901,1971,1926,2034,2319
918,100,145.24,0.47446846598733133,28,158.76470588235293,158.36363636363637,118.18181818181819,3361,2906,1974,1926,2037,2320
919,103,145.42,0.47468436253610236,28,159.0,158.57575757575756,118.27272727272727,3366,2912,1977,1926,2040,2321
920,102,145.61,0.4748993887782432,28,159.23529411764707,158.8181818181818,118.36363636363636,3371,2918,1980,1926,2043,2323
921,98,145.8,0.47511385459533606,28,159.47058823529412,159.06060606060606,118.45454545454545,3376,2924,1983,1926,2046,2325
922,105,145.97,0.4753298623004727,28,159.6764705882353,159.27272727272728,118.54545454545455,3381,2929,1986,1926,2048,2327
923,108,146.15,0.47551214505644884,28,159.88235294117646,159.5151515151515,118.63636363636364,3386,2934,1989,1926,2050,2330
924,89,146.34,0.47564985649856495,28,160.08823529411765,159.75757575757575,118.75757575757575,3391,2939,1992,1927,2052,2333
925,93,146.51,0.475772984779196,28,160.2941176470588,159.93939393939394,118.87878787878788,3396,2943,1995,1928,2054,2335
926,97,146.68,0.4758958276520316,28,160.5,160.12121212121212,119.0,3401,2947,1998,1929,2056,2337
927,92,146.85,0.4760864828055839,28,160.7058823529412,160.33333333333334,119.0909090909091,3406,2952,2001,1929,2058,2339
928,93,147.02,0.47627669704802067,28,160.91176470588235,160.54545454545453,119.18181818181819,3411,2957,2004,1929,2060,2341
929,91,147.19,0.47646918948298117,28,161.11764705882354,160.75757575757575,119.27272727272727,3416,2962,2007,1929,2062,2343
930,83,147.36,0.47665852334419107,28,161.35294117647058,160.93939393939394,119.36363636363636,3421,2966,2010,1929,2065,2345
931,89,147.54,0.47687135692015725,28,161.58823529411765,161.15151515151516,119.45454545454545,3426,2971,2013,1929,2068,2347
932,84,147.71,0.47705977929727167,28,161.7941176470588,161.36363636363637,119.54545454545455,3430,2976,2016,1929,2071,2349
933,85,147.88,0.4772518258047065,28,162.0,161.57575757575756,119.63636363636364,3434,2981,2019,1929,2074,2351
934,96,148.04,0.47741286138881384,28,162.2058823529412,161.78787878787878,119.6969696969697,3438,2986,2021,1929,2077,2353
935,91,148.21,0.47760677417178327,28,162.41176470588235,162.0,119.78787878787878,3442,2991,2024,1929,2080,2355
936,83,148.38,0.4778029384014018,28,162.61764705882354,162.21212121212122,119.87878787878788,3446,2996,2027,1929,2083,2357
937,87,148.55,0.478,28,162.8235294117647,162.42424242424244,119.96969696969697,3450,3001,2030,1929,2086,2359
938,92,148.71,0.4781662295743393,28,163.02941176470588,162.63636363636363,120.03030303030303,3454,3006,2032,1929,2089,2361
939,88,148.87,0.47835897091422047,28,163.23529411764707,162.84848484848484,120.0909090909091,3458,3011,2034,1929,2092,2363
940,92,149.04,0.4785574342458401,28,163.44117647058823,163.06060606060606,120.18181818181819,3462,3016,2037,1929,2095,2365
941,81,149.21,0.4787567857382213,28,163.64705882352942,163.27272727272728,120.27272727272727,3466,3021,2040,1929,2098,2367
942,80,149.37,0.47892548704559146,28,163.85294117647058,163.4848484848485,120.33333333333333,3470,3026,2042,1929,2101,2369
943,92,149.52,0.4791144997324773,28,164.05882352941177,163.66666666666666,120.39393939393939,3474,3030,2044,1929,2104,2371
944,85,149.68,0.4793145376803848,28,164.26470588235293,163.87878787878788,120.45454545454545,3478,3035,2046,1929,2107,2373
945,87,149.84,0.4795168179391351,28,164.47058823529412,164.0909090909091,120.51515151515152,3482,3040,2048,1929,2110,2375
946,89,150.0,0.47972133333333333,28,164.6764705882353,164.3030303030303,120.57575757575758,3486,3045,2050,1929,2113,2377
947,83,150.15,0.47990209790209787,28,164.85294117647058,164.5151515151515,120.63636363636364,3489,3050,2052,1929,2116,2379
948,85,150.31,0.48011243430244166,28,165.05882352941177,164.72727272727272,120.6969696969697,3493,3055,2054,1929,2119,2381
949,87,150.47,0.4803223233867216,28,165.26470588235293,164.93939393939394,120.75757575757575,3497,3060,2056,1929,2122,2383
950,87,150.62,0.4805576948612402,28,165.44117647058823,165.15151515151516,120.81818181818181,3501,3065,2058,1929,2124,2385
951,79,150.76,0.48070841071902365,28,165.61764705882354,165.36363636363637,120.84848484848484,3504,3070,2059,1929,2127,2387
952,70,150.91,0.48089125969120666,28,165.8235294117647,165.57575757575756,120.87878787878788,3508,3075,2060,1929,2130,2389
953,70,151.06,0.4810750695088044,28,166.02941176470588,165.78787878787878,120.9090909090909,3512,3080,2061,1929,2133,2391
954,77,151.2,0.4812328042328042,28,166.2058823529412,166.0,120.93939393939394,3515,3085,2062,1929,2136,2393
955,76,151.33,0.48136588911650036,28,166.38235294117646,166.1818181818182,120.96969696969697,3518,3089,2063,1929,2139,2395
956,74,151.47,0.4815455205651284,28,166.58823529411765,166.36363636363637,121.0,3522,3094,2064,1929,2142,2396
957,75,151.61,0.4817261394367126,28,166.7941176470588,166.54545454545453,121.03030303030303,3526,3099,2065,1929,2145,2397
958,75,151.76,0.48183183974696886,28,167.0,166.75757575757575,121.06060606060606,3530,3104,2066,1929,2148,2399
959,65,151.89,0.48188886694318256,28,167.1764705882353,166.93939393939394,121.0909090909091,3533,3108,2067,1929,2151,2401
960,68,152.01,0.48201894612196566,28,167.35294117647058,167.0909090909091,121.12121212121212,3536,3112,2068,1929,2154,2402
961,76,152.14,0.48206783225976074,28,167.52941176470588,167.24242424242425,121.18181818181819,3540,3116,2070,1929,2156,2403
962,78,152.27,0.48212057529388586,28,167.7058823529412,167.3939393939394,121.24242424242425,3544,3120,2072,1929,2158,2404
963,89,152.4,0.4822230971128609,28,167.91176470588235,167.5151515151515,121.3030303030303,3549,3124,2074,1929,2160,2404
964,87,152.54,0.4823272584240199,28,168.11764705882354,167.63636363636363,121.39393939393939,3554,3128,2077,1929,2162,2404
965,94,152.68,0.4824626670159812,28,168.2941176470588,167.75757575757575,121.51515151515152,3558,3132,2081,1929,2164,2404
966,102,152.84,0.4826105731483905,28,168.52941176470588,167.87878787878788,121.63636363636364,3564,3136,2085,1929,2166,2404
967,110,153.0,0.48275816993464055,28,168.76470588235293,168.0,121.75757575757575,3570,3140,2089,1929,2168,2404
968,117,153.17,0.4828549977149572,28,169.0,168.12121212121212,121.9090909090909,3576,3144,2093,1930,2170,2404
969,119,153.36,0.4828455920709442,28,169.26470588235293,168.24242424242425,122.0909090909091,3582,3148,2098,1931,2173,2404
970,116,153.57,0.4828436543595755,28,169.55882352941177,168.36363636363637,122.3030303030303,3589,3152,2103,1933,2176,2404
971,111,153.8,0.48285695708712617,28,169.88235294117646,168.5151515151515,122.51515151515152,3597,3156,2108,1935,2179,2405
972,116,154.02,0.4828931307622387,28,170.2058823529412,168.66666666666666,122.6969696969697,3605,3160,2112,1937,2182,2406
973,108,154.22,0.4828790040202308,28,170.47058823529412,168.8181818181818,122.87878787878788,3611,3164,2116,1939,2185,2407
974,102,154.4,0.48294041450777203,28,170.6764705882353,169.0,123.03030303030303,3615,3168,2119,1941,2188,2409
975,95,154.59,0.483003428423572,28,170.88235294117646,169.1818181818182,123.21212121212122,3619,3172,2123,1943,2191,2411
976,92,154.77,0.4830878077146734,28,171.08823529411765,169.36363636363637,123.36363636363636,3623,3176,2126,1945,2194,2413
977,87,154.94,0.48317800438879566,28,171.2941176470588,169.5151515151515,123.51515151515152,3627,3180,2129,1947,2197,2414
978,81,155.09,0.48338319685343994,28,171.47058823529412,169.66666666666666,123.63636363636364,3631,3184,2132,1948,2199,2415
979,84,155.21,0.48357000193286515,28,171.61764705882354,169.8181818181818,123.6969696969697,3634,3188,2134,1948,2201,2416
980,96,155.33,0.4837578059615013,28,171.76470588235293,169.96969696969697,123.75757575757575,3637,3192,2136,1948,2203,2417
981,92,155.46,0.483977872121446,28,171.94117647058823,170.12121212121212,123.81818181818181,3641,3196,2138,1948,2205,2418
982,82,155.59,0.4841975705379523,28,172.11764705882354,170.27272727272728,123.87878787878788,3645,3200,2140,1948,2207,2419
983,79,155.71,0.4843972769892749,28,172.2941176470588,170.42424242424244,123.9090909090909,3649,3204,2141,1948,2209,2420
984,83,155.82,0.4845655243229367,28,172.44117647058823,170.57575757575756,123.93939393939394,3652,3208,2142,1948,2211,2421
985,82,155.92,0.48471139045664446,28,172.55882352941177,170.72727272727272,123.96969696969697,3654,3212,2143,1948,2213,2422
986,90,156.02,0.4848570696064607,28,172.6764705882353,170.87878787878788,124.0,3656,3216,2144,1948,2215,2423
987,91,156.13,0.48500288221354,28,172.7941176470588,171.03030303030303,124.06060606060606,3658,3220,2146,1948,2217,2424
988,97,156.25,0.48519872,28,172.91176470588235,171.1818181818182,124.15151515151516,3660,3225,2149,1948,2219,2424
989,104,156.39,0.4854383272587761,28,173.05882352941177,171.33333333333334,124.27272727272727,3663,3230,2153,1948,2221,2424
990,119,156.54,0.48568033729398236,28,173.2058823529412,171.4848484848485,124.42424242424242,3666,3235,2158,1948,2223,2424
991,134,156.69,0.4859218839747272,28,173.35294117647058,171.63636363636363,124.57575757575758,3669,3240,2163,1948,2225,2424
992,131,156.84,0.48616551900025506,28,173.5,171.78787878787878,124.72727272727273,3672,3245,2168,1948,2227,2424
993,125,156.99,0.4864099624179884,28,173.64705882352942,171.93939393939394,124.87878787878788,3675,3250,2173,1948,2229,2424
994,128,157.14,0.48665393916253025,28,173.7941176470588,172.0909090909091,125.03030303030303,3678,3255,2178,1948,2231,2424
995,137,157.29,0.4868974505690127,28,173.94117647058823,172.24242424242425,125.18181818181819,3681,3260,2183,1948,2233,2424
996,145,157.45,0.4870644649094951,28,174.11764705882354,172.3939393939394,125.33333333333333,3684,3265,2188,1948,2236,2424
997,141,157.61,0.487232409111097,28,174.2941176470588,172.54545454545453,125.48484848484848,3687,3270,2193,1948,2239,2424
998,134,157.77,0.4874012803448057,28,174.47058823529412,172.6969696969697,125.63636363636364,3690,3275,2198,1948,2242,2424
999,139,157.93,0.48756980940923195,28,174.64705882352942,172.84848484848484,125.78787878787878,3693,3280,2203,1948,2245,2424
1000,138,158.09,0.48774305775191346,28,174.8235294117647,173.0,125.93939393939394,3696,3285,2208,1948,2248,2424
