,TotalSugar,AvgSugarLevel,SugarGini,NumCooperators,RiskAverseAvgSugar,NeutralAvgSugar,RiskSeekingAvgSugar,RiskAverseCoopSugar,NeutralCoopSugar,RiskSeekingCoopSugar,RiskSeekingNonCoopSugar,RiskAverseNonCoopSugar,NeutralNonCoopSugar
0,4622,0.0,0.0,28,0.0,0.0,0.0,0,0,0,0,0,0
1,4541,0.81,0.19,28,0.7352941176470589,0.8787878787878788,0.8181818181818182,8,8,8,19,17,21
2,4458,1.64,0.17987804878048777,28,1.5,1.7575757575757576,1.6666666666666667,17,16,16,39,34,42
3,4375,2.47,0.17655870445344135,28,2.264705882352941,2.6363636363636362,2.515151515151515,26,24,24,59,51,63
4,4291,3.31,0.17235649546827803,28,3.0294117647058822,3.515151515151515,3.393939393939394,35,32,33,79,68,84
5,4208,4.14,0.17173913043478264,28,3.7941176470588234,4.363636363636363,4.2727272727272725,44,39,42,99,85,105
6,4124,4.98,0.16975903614457835,28,4.5588235294117645,5.242424242424242,5.151515151515151,53,47,51,119,102,126
7,4040,5.82,0.16835051546391752,28,5.323529411764706,6.121212121212121,6.03030303030303,62,55,60,139,119,147
8,3956,6.66,0.16726726726726723,28,6.117647058823529,7.0,6.878787878787879,71,63,68,159,137,168
9,3873,7.49,0.16751668891855814,28,6.882352941176471,7.878787878787879,7.7272727272727275,79,71,76,179,155,189
10,3792,8.3,0.1695180722891567,28,7.647058823529412,8.727272727272727,8.545454545454545,87,79,84,198,173,209
11,3710,9.12,0.17026315789473684,28,8.411764705882353,9.545454545454545,9.424242424242424,95,87,93,218,191,228
12,3627,9.95,0.1701407035175879,28,9.176470588235293,10.393939393939394,10.303030303030303,103,95,102,238,209,248
13,3546,10.76,0.17133828996282532,28,9.941176470588236,11.212121212121213,11.151515151515152,111,103,111,257,227,267
14,3465,11.57,0.17224719101123598,28,10.705882352941176,12.0,12.030303030303031,120,111,120,277,244,285
15,3384,12.38,0.1731825525040388,28,11.470588235294118,12.787878787878787,12.909090909090908,128,119,129,297,262,303
16,3301,13.21,0.1727252081756245,28,12.235294117647058,13.636363636363637,13.787878787878787,136,128,138,317,280,322
17,3219,14.03,0.1728510334996436,28,12.970588235294118,14.484848484848484,14.666666666666666,144,137,147,337,297,341
18,3136,14.86,0.17238223418573356,28,13.735294117647058,15.333333333333334,15.545454545454545,152,146,156,357,315,360
19,3054,15.68,0.1724872448979592,28,14.5,16.181818181818183,16.393939393939394,160,155,164,377,333,379
20,2978,16.47,0.17400728597449913,28,15.235294117647058,16.96969696969697,17.242424242424242,168,163,172,397,350,397
21,2897,17.28,0.17458333333333328,28,16.0,17.78787878787879,18.09090909090909,176,171,180,417,368,416
22,2818,18.07,0.17593248478140566,28,16.735294117647058,18.575757575757574,18.939393939393938,184,179,188,437,385,434
23,2737,18.88,0.17632415254237288,28,17.470588235294116,19.393939393939394,19.818181818181817,192,187,197,457,402,453
24,2656,19.69,0.1767039106145252,28,18.205882352941178,20.21212121212121,20.696969696969695,200,195,206,477,419,472
25,2575,20.5,0.17705365853658533,28,18.941176470588236,21.03030303030303,21.575757575757574,208,203,215,497,436,491
26,2493,21.32,0.17698874296435277,28,19.676470588235293,21.87878787878788,22.454545454545453,216,212,224,517,453,510
27,2410,22.15,0.17662753950338597,28,20.441176470588236,22.727272727272727,23.333333333333332,224,221,233,537,471,529
28,2327,22.98,0.1762924281984334,28,21.205882352941178,23.575757575757574,24.21212121212121,232,230,242,557,489,548
29,2245,23.8,0.1762605042016807,28,21.970588235294116,24.424242424242426,25.060606060606062,240,239,250,577,507,567
30,2162,24.63,0.17600081201786438,28,22.735294117647058,25.272727272727273,25.939393939393938,248,248,259,597,525,586
31,2079,25.46,0.17575805184603296,28,23.5,26.12121212121212,26.818181818181817,256,257,268,617,543,605
32,1997,26.28,0.17576103500761037,28,24.264705882352942,26.939393939393938,27.696969696969695,264,265,277,637,561,624
33,1920,27.11,0.17555514570269268,28,25.029411764705884,27.78787878787879,28.575757575757574,272,274,286,657,579,643
34,1837,27.94,0.17537580529706517,28,25.794117647058822,28.636363636363637,29.454545454545453,280,283,295,677,597,662
35,1756,28.75,0.17571130434782603,28,26.558823529411764,29.454545454545453,30.303030303030305,288,291,303,697,615,681
36,1677,29.54,0.17649289099526072,28,27.294117647058822,30.242424242424242,31.151515151515152,296,299,311,717,632,699
37,1599,30.32,0.1774406332453826,28,28.029411764705884,31.03030303030303,31.96969696969697,304,307,319,736,649,717
38,1521,31.1,0.1781543408360129,28,28.764705882352942,31.818181818181817,32.78787878787879,313,314,326,756,665,736
39,1445,31.86,0.17932203389830506,28,29.441176470588236,32.63636363636363,33.57575757575758,321,322,332,776,680,755
40,1365,32.66,0.17966932026944277,28,30.176470588235293,33.484848484848484,34.39393939393939,329,331,339,796,697,774
41,1285,33.46,0.18001793185893603,28,30.91176470588235,34.333333333333336,35.21212121212121,337,340,346,816,714,793
42,1211,34.2,0.1811812865497076,28,31.58823529411765,35.121212121212125,35.96969696969697,345,349,353,834,729,810
43,1136,34.95,0.1821545064377682,28,32.294117647058826,35.878787878787875,36.75757575757576,353,357,360,853,745,827
44,1063,35.68,0.18322309417040358,28,33.029411764705884,36.60606060606061,37.484848484848484,361,366,365,872,762,842
45,992,36.39,0.1843940643033801,28,33.6764705882353,37.39393939393939,38.18181818181818,368,375,370,890,777,859
46,922,37.09,0.1858047991372338,28,34.294117647058826,38.18181818181818,38.878787878787875,376,384,375,908,790,876
47,851,37.8,0.1870793650793651,28,34.970588235294116,38.93939393939394,39.57575757575758,384,393,380,926,805,892
48,788,38.43,0.1892349726775956,28,35.55882352941177,39.63636363636363,40.18181818181818,391,400,384,942,818,908
49,728,39.03,0.19122982321291318,28,36.14705882352941,40.21212121212121,40.81818181818182,398,406,389,958,831,921
50,669,39.62,0.19330641090358397,28,36.73529411764706,40.78787878787879,41.42424242424242,405,413,394,973,844,933
51,618,40.13,0.19596062795913283,28,37.26470588235294,41.303030303030305,41.90909090909091,412,420,399,984,855,943
52,573,40.58,0.1987481517989157,28,37.705882352941174,41.78787878787879,42.333333333333336,418,426,403,994,864,953
53,537,40.94,0.20162677088422087,28,38.14705882352941,42.03030303030303,42.72727272727273,423,429,407,1003,874,958
54,500,41.31,0.20439845073832003,28,38.61764705882353,42.27272727272727,43.121212121212125,430,431,411,1012,883,964
55,465,41.69,0.20710242264331968,28,39.029411764705884,42.60606060606061,43.515151515151516,435,434,415,1021,892,972
56,429,42.05,0.20980499405469671,28,39.411764705882355,42.93939393939394,43.878787878787875,440,437,419,1029,900,980
57,397,42.37,0.2123696011328771,28,39.76470588235294,43.21212121212121,44.21212121212121,445,438,423,1036,907,988
58,368,42.66,0.21501640881387715,28,40.029411764705884,43.515151515151516,44.515151515151516,450,439,427,1042,911,997
59,337,42.97,0.21749825459622996,28,40.38235294117647,43.78787878787879,44.81818181818182,455,440,431,1048,918,1005
60,310,43.24,0.2198288621646624,28,40.61764705882353,44.06060606060606,45.121212121212125,460,443,435,1054,921,1011
61,282,43.52,0.22232996323529405,28,40.88235294117647,44.333333333333336,45.42424242424242,465,445,439,1060,925,1018
62,256,43.78,0.2248378254910918,28,41.14705882352941,44.60606060606061,45.666666666666664,470,447,442,1065,929,1025
63,234,44.0,0.22685909090909093,28,41.38235294117647,44.81818181818182,45.878787878787875,475,448,444,1070,932,1031
64,212,44.22,0.22898236092265947,28,41.64705882352941,45.03030303030303,46.06060606060606,480,449,446,1074,936,1037
65,195,44.39,0.2306623113313809,28,41.8235294117647,45.21212121212121,46.21212121212121,483,450,448,1077,939,1042
66,175,44.59,0.2322471406144875,28,42.029411764705884,45.42424242424242,46.39393939393939,486,451,450,1081,943,1048
67,158,44.76,0.23382931188561215,28,42.1764705882353,45.60606060606061,46.57575757575758,489,452,452,1085,945,1053
68,142,44.92,0.2352582368655388,28,42.3235294117647,45.78787878787879,46.72727272727273,492,453,454,1088,947,1058
69,123,45.11,0.23683662159166488,28,42.470588235294116,46.06060606060606,46.878787878787875,496,455,456,1091,948,1065
70,107,45.27,0.23847802076430313,28,42.588235294117645,46.303030303030305,47.0,499,456,458,1093,949,1072
71,91,45.43,0.24015188201628873,28,42.705882352941174,46.54545454545455,47.121212121212125,502,457,460,1095,950,1079
72,78,45.56,0.24159789288849864,28,42.794117647058826,46.72727272727273,47.24242424242424,504,457,462,1097,951,1085
73,73,45.61,0.24232624424468313,28,42.794117647058826,46.78787878787879,47.333333333333336,504,457,463,1099,951,1087
74,64,45.7,0.24330415754923407,28,42.8235294117647,46.90909090909091,47.45454545454545,504,458,465,1101,952,1090
75,60,45.74,0.24367730651508523,28,42.85294117647059,46.93939393939394,47.515151515151516,504,458,465,1103,953,1091
76,58,45.76,0.24398164335664332,28,42.85294117647059,46.93939393939394,47.57575757575758,504,458,465,1105,953,1091
77,56,45.78,0.2442988204456094,28,42.85294117647059,46.93939393939394,47.63636363636363,504,458,465,1107,953,1091
78,54,45.8,0.24462008733624457,28,42.85294117647059,46.93939393939394,47.696969696969695,504,458,465,1109,953,1091
79,50,45.84,0.24453752181500873,28,42.88235294117647,46.96969696969697,47.75757575757576,504,459,465,1111,954,1091
80,47,45.87,0.24465009810333554,28,42.88235294117647,47.0,47.81818181818182,504,460,466,1112,954,1091
81,44,45.9,0.244400871459695,28,42.911764705882355,47.03030303030303,47.84848484848485,504,461,467,1112,955,1091
82,41,45.93,0.24470063139560197,28,42.94117647058823,47.06060606060606,47.878787878787875,505,462,467,1113,955,1091
83,38,45.96,0.24501740644038292,28,42.970588235294116,47.09090909090909,47.90909090909091,506,463,467,1114,955,1091
84,37,45.97,0.24504024363715474,28,42.970588235294116,47.121212121212125,47.90909090909091,506,464,467,1114,955,1091
85,36,45.98,0.24507612005219656,28,42.970588235294116,47.15151515151515,47.90909090909091,506,465,467,1114,955,1091
86,36,45.98,0.24507612005219656,28,42.970588235294116,47.15151515151515,47.90909090909091,506,465,467,1114,955,1091
87,33,46.01,0.24517061508367746,28,42.970588235294116,47.18181818181818,47.96969696969697,506,466,467,1116,955,1091
88,31,46.03,0.24514664349337395,28,42.970588235294116,47.21212121212121,48.0,506,467,467,1117,955,1091
89,28,46.06,0.24512809379070774,28,42.970588235294116,47.27272727272727,48.03030303030303,506,468,467,1118,955,1092
90,28,46.06,0.24512809379070774,28,42.970588235294116,47.27272727272727,48.03030303030303,506,468,467,1118,955,1092
91,27,46.07,0.24523334056869983,28,43.0,47.27272727272727,48.03030303030303,506,468,467,1118,956,1092
92,26,46.08,0.24534722222222227,28,43.029411764705884,47.27272727272727,48.03030303030303,506,468,467,1118,957,1092
93,24,46.1,0.24552277657266813,28,43.05882352941177,47.303030303030305,48.03030303030303,506,469,467,1118,958,1092
94,22,46.12,0.24571552471812666,28,43.088235294117645,47.333333333333336,48.03030303030303,506,470,467,1118,959,1092
95,21,46.13,0.24584652070236288,28,43.11764705882353,47.333333333333336,48.03030303030303,506,470,467,1118,960,1092
96,20,46.14,0.24568703944516684,28,43.11764705882353,47.333333333333336,48.06060606060606,506,470,468,1118,960,1092
97,20,46.14,0.24568703944516684,28,43.11764705882353,47.333333333333336,48.06060606060606,506,470,468,1118,960,1092
98,18,46.16,0.2456455805892547,28,43.11764705882353,47.333333333333336,48.121212121212125,506,470,468,1120,960,1092
99,16,46.18,0.245634473798181,28,43.11764705882353,47.333333333333336,48.18181818181818,506,470,468,1122,960,1092
100,14,46.2,0.24566233766233764,28,43.11764705882353,47.333333333333336,48.24242424242424,506,470,468,1124,960,1092
101,11,46.23,0.24564352152282068,28,43.11764705882353,47.36363636363637,48.303030303030305,506,470,468,1126,960,1093
102,12,46.25,0.2457145945945946,28,43.11764705882353,47.36363636363637,48.36363636363637,506,470,468,1128,960,1093
103,15,46.28,0.24580812445980982,28,43.14705882352941,47.36363636363637,48.42424242424242,507,470,468,1130,960,1093
104,14,46.32,0.24601036269430054,28,43.205882352941174,47.36363636363637,48.484848484848484,509,470,468,1132,960,1093
105,15,46.37,0.2462907051973258,28,43.26470588235294,47.36363636363637,48.57575757575758,511,470,469,1134,960,1093
106,18,46.4,0.2464870689655173,28,43.3235294117647,47.36363636363637,48.60606060606061,513,470,470,1134,960,1093
107,18,46.43,0.24670471677794523,28,43.38235294117647,47.36363636363637,48.63636363636363,515,470,471,1134,960,1093
108,18,46.46,0.24693499784761086,28,43.44117647058823,47.36363636363637,48.666666666666664,517,470,472,1134,960,1093
109,18,46.49,0.2471778877177887,28,43.5,47.36363636363637,48.696969696969695,519,470,473,1134,960,1093
110,20,46.53,0.24745970341715023,28,43.588235294117645,47.36363636363637,48.72727272727273,521,470,474,1134,961,1093
111,22,46.57,0.24777539188318656,28,43.6764705882353,47.36363636363637,48.75757575757576,523,470,475,1134,962,1093
112,24,46.61,0.2481119931345205,28,43.76470588235294,47.36363636363637,48.78787878787879,525,470,476,1134,963,1093
113,23,46.65,0.2484737406216506,28,43.85294117647059,47.36363636363637,48.81818181818182,527,470,477,1134,964,1093
114,21,46.7,0.2488993576017131,28,43.970588235294116,47.36363636363637,48.84848484848485,529,470,478,1134,966,1093
115,19,46.75,0.24934545454545456,28,44.088235294117645,47.36363636363637,48.878787878787875,531,470,479,1134,968,1093
116,17,46.8,0.24981623931623928,28,44.205882352941174,47.36363636363637,48.90909090909091,533,470,480,1134,970,1093
117,12,46.85,0.25009391675560294,28,44.35294117647059,47.36363636363637,48.90909090909091,535,470,480,1134,973,1093
118,13,46.9,0.25060127931769727,28,44.470588235294116,47.36363636363637,48.93939393939394,537,470,481,1134,975,1093
119,10,46.93,0.2509077349243555,28,44.55882352941177,47.36363636363637,48.93939393939394,538,470,481,1134,977,1093
120,7,46.96,0.25121805792163543,28,44.64705882352941,47.36363636363637,48.93939393939394,539,470,481,1134,979,1093
121,4,46.99,0.25153224090231957,28,44.73529411764706,47.36363636363637,48.93939393939394,540,470,481,1134,981,1093
122,3,47.0,0.2516085106382978,28,44.76470588235294,47.36363636363637,48.93939393939394,540,470,481,1134,982,1093
123,3,47.0,0.2516085106382978,28,44.76470588235294,47.36363636363637,48.93939393939394,540,470,481,1134,982,1093
124,3,47.0,0.2516085106382978,28,44.76470588235294,47.36363636363637,48.93939393939394,540,470,481,1134,982,1093
125,3,47.0,0.2516085106382978,28,44.76470588235294,47.36363636363637,48.93939393939394,540,470,481,1134,982,1093
126,3,47.0,0.2516085106382978,28,44.76470588235294,47.36363636363637,48.93939393939394,540,470,481,1134,982,1093
127,3,47.0,0.2516085106382978,28,44.76470588235294,47.36363636363637,48.93939393939394,540,470,481,1134,982,1093
128,3,47.0,0.2516085106382978,28,44.76470588235294,47.36363636363637,48.93939393939394,540,470,481,1134,982,1093
129,3,47.0,0.2516085106382978,28,44.76470588235294,47.36363636363637,48.93939393939394,540,470,481,1134,982,1093
130,3,47.0,0.2516085106382978,28,44.76470588235294,47.36363636363637,48.93939393939394,540,470,481,1134,982,1093
131,3,47.0,0.2516085106382978,28,44.76470588235294,47.36363636363637,48.93939393939394,540,470,481,1134,982,1093
132,3,47.0,0.2516085106382978,28,44.76470588235294,47.36363636363637,48.93939393939394,540,470,481,1134,982,1093
133,3,47.0,0.2516085106382978,28,44.76470588235294,47.36363636363637,48.93939393939394,540,470,481,1134,982,1093
134,3,47.0,0.2516085106382978,28,44.76470588235294,47.36363636363637,48.93939393939394,540,470,481,1134,982,1093
135,3,47.0,0.2516085106382978,28,44.76470588235294,47.36363636363637,48.93939393939394,540,470,481,1134,982,1093
136,3,47.0,0.2516085106382978,28,44.76470588235294,47.36363636363637,48.93939393939394,540,470,481,1134,982,1093
137,3,47.0,0.2516085106382978,28,44.76470588235294,47.36363636363637,48.93939393939394,540,470,481,1134,982,1093
138,3,47.0,0.2516085106382978,28,44.76470588235294,47.36363636363637,48.93939393939394,540,470,481,1134,982,1093
139,3,47.0,0.2516085106382978,28,44.76470588235294,47.36363636363637,48.93939393939394,540,470,481,1134,982,1093
140,3,47.0,0.2516085106382978,28,44.76470588235294,47.36363636363637,48.93939393939394,540,470,481,1134,982,1093
141,3,47.0,0.2516085106382978,28,44.76470588235294,47.36363636363637,48.93939393939394,540,470,481,1134,982,1093
142,3,47.0,0.2516085106382978,28,44.76470588235294,47.36363636363637,48.93939393939394,540,470,481,1134,982,1093
143,3,47.0,0.2516085106382978,28,44.76470588235294,47.36363636363637,48.93939393939394,540,470,481,1134,982,1093
144,3,47.0,0.2516085106382978,28,44.76470588235294,47.36363636363637,48.93939393939394,540,470,481,1134,982,1093
145,3,47.0,0.2516085106382978,28,44.76470588235294,47.36363636363637,48.93939393939394,540,470,481,1134,982,1093
146,3,47.0,0.2516085106382978,28,44.76470588235294,47.36363636363637,48.93939393939394,540,470,481,1134,982,1093
147,3,47.0,0.2516085106382978,28,44.76470588235294,47.36363636363637,48.93939393939394,540,470,481,1134,982,1093
148,3,47.0,0.2516085106382978,28,44.76470588235294,47.36363636363637,48.93939393939394,540,470,481,1134,982,1093
149,3,47.0,0.2516085106382978,28,44.76470588235294,47.36363636363637,48.93939393939394,540,470,481,1134,982,1093
150,3,47.0,0.2516085106382978,28,44.76470588235294,47.36363636363637,48.93939393939394,540,470,481,1134,982,1093
151,3,47.0,0.2516085106382978,28,44.76470588235294,47.36363636363637,48.93939393939394,540,470,481,1134,982,1093
152,3,47.0,0.2516085106382978,28,44.76470588235294,47.36363636363637,48.93939393939394,540,470,481,1134,982,1093
153,3,47.0,0.2516085106382978,28,44.76470588235294,47.36363636363637,48.93939393939394,540,470,481,1134,982,1093
154,3,47.0,0.2516085106382978,28,44.76470588235294,47.36363636363637,48.93939393939394,540,470,481,1134,982,1093
155,3,47.0,0.2516085106382978,28,44.76470588235294,47.36363636363637,48.93939393939394,540,470,481,1134,982,1093
156,3,47.0,0.2516085106382978,28,44.76470588235294,47.36363636363637,48.93939393939394,540,470,481,1134,982,1093
157,3,47.0,0.2516085106382978,28,44.76470588235294,47.36363636363637,48.93939393939394,540,470,481,1134,982,1093
158,3,47.0,0.2516085106382978,28,44.76470588235294,47.36363636363637,48.93939393939394,540,470,481,1134,982,1093
159,3,47.0,0.2516085106382978,28,44.76470588235294,47.36363636363637,48.93939393939394,540,470,481,1134,982,1093
160,3,47.0,0.2516085106382978,28,44.76470588235294,47.36363636363637,48.93939393939394,540,470,481,1134,982,1093
161,3,47.0,0.2516085106382978,28,44.76470588235294,47.36363636363637,48.93939393939394,540,470,481,1134,982,1093
162,3,47.0,0.2516085106382978,28,44.76470588235294,47.36363636363637,48.93939393939394,540,470,481,1134,982,1093
163,3,47.0,0.2516085106382978,28,44.76470588235294,47.36363636363637,48.93939393939394,540,470,481,1134,982,1093
164,3,47.0,0.2516085106382978,28,44.76470588235294,47.36363636363637,48.93939393939394,540,470,481,1134,982,1093
165,3,47.0,0.2516085106382978,28,44.76470588235294,47.36363636363637,48.93939393939394,540,470,481,1134,982,1093
166,3,47.0,0.2516085106382978,28,44.76470588235294,47.36363636363637,48.93939393939394,540,470,481,1134,982,1093
167,3,47.0,0.2516085106382978,28,44.76470588235294,47.36363636363637,48.93939393939394,540,470,481,1134,982,1093
168,3,47.0,0.2516085106382978,28,44.76470588235294,47.36363636363637,48.93939393939394,540,470,481,1134,982,1093
169,3,47.0,0.2516085106382978,28,44.76470588235294,47.36363636363637,48.93939393939394,540,470,481,1134,982,1093
170,3,47.0,0.2516085106382978,28,44.76470588235294,47.36363636363637,48.93939393939394,540,470,481,1134,982,1093
171,3,47.0,0.2516085106382978,28,44.76470588235294,47.36363636363637,48.93939393939394,540,470,481,1134,982,1093
172,3,47.0,0.2516085106382978,28,44.76470588235294,47.36363636363637,48.93939393939394,540,470,481,1134,982,1093
173,3,47.0,0.2516085106382978,28,44.76470588235294,47.36363636363637,48.93939393939394,540,470,481,1134,982,1093
174,6,47.0,0.2516085106382978,28,44.76470588235294,47.36363636363637,48.93939393939394,540,470,481,1134,982,1093
175,11,47.01,0.2517060199957456,28,44.794117647058826,47.36363636363637,48.93939393939394,541,470,481,1134,982,1093
176,12,47.03,0.25167127365511377,28,44.85294117647059,47.36363636363637,48.93939393939394,543,470,481,1134,982,1093
177,10,47.05,0.2516450584484591,28,44.911764705882355,47.36363636363637,48.93939393939394,545,470,481,1134,982,1093
178,7,47.08,0.2516312659303314,28,44.970588235294116,47.36363636363637,48.96969696969697,547,470,481,1135,982,1093
179,4,47.11,0.25163871789428993,28,45.029411764705884,47.36363636363637,49.0,549,470,481,1136,982,1093
180,3,47.12,0.2517784380305602,28,45.05882352941177,47.36363636363637,49.0,550,470,481,1136,982,1093
181,3,47.12,0.2517784380305602,28,45.05882352941177,47.36363636363637,49.0,550,470,481,1136,982,1093
182,3,47.12,0.2517784380305602,28,45.05882352941177,47.36363636363637,49.0,550,470,481,1136,982,1093
183,3,47.12,0.2517784380305602,28,45.05882352941177,47.36363636363637,49.0,550,470,481,1136,982,1093
184,3,47.12,0.2517784380305602,28,45.05882352941177,47.36363636363637,49.0,550,470,481,1136,982,1093
185,3,47.12,0.2517784380305602,28,45.05882352941177,47.36363636363637,49.0,550,470,481,1136,982,1093
186,3,47.12,0.2517784380305602,28,45.05882352941177,47.36363636363637,49.0,550,470,481,1136,982,1093
187,3,47.12,0.2517784380305602,28,45.05882352941177,47.36363636363637,49.0,550,470,481,1136,982,1093
188,3,47.12,0.2517784380305602,28,45.05882352941177,47.36363636363637,49.0,550,470,481,1136,982,1093
189,3,47.12,0.2517784380305602,28,45.05882352941177,47.36363636363637,49.0,550,470,481,1136,982,1093
190,3,47.12,0.2517784380305602,28,45.05882352941177,47.36363636363637,49.0,550,470,481,1136,982,1093
191,3,47.12,0.2517784380305602,28,45.05882352941177,47.36363636363637,49.0,550,470,481,1136,982,1093
192,3,47.12,0.2517784380305602,28,45.05882352941177,47.36363636363637,49.0,550,470,481,1136,982,1093
193,3,47.12,0.2517784380305602,28,45.05882352941177,47.36363636363637,49.0,550,470,481,1136,982,1093
194,6,47.12,0.2517784380305602,28,45.05882352941177,47.36363636363637,49.0,550,470,481,1136,982,1093
195,11,47.13,0.2516847018883938,28,45.088235294117645,47.36363636363637,49.0,551,470,481,1136,982,1093
196,11,47.16,0.2518956743002545,28,45.14705882352941,47.36363636363637,49.03030303030303,553,470,482,1136,982,1093
197,11,47.19,0.252131807586353,28,45.205882352941174,47.36363636363637,49.06060606060606,555,470,483,1136,982,1093
198,11,47.22,0.25238458280389664,28,45.26470588235294,47.36363636363637,49.09090909090909,557,470,484,1136,982,1093
199,11,47.25,0.25264973544973546,28,45.3235294117647,47.36363636363637,49.121212121212125,559,470,485,1136,982,1093
200,11,47.28,0.2529272419627749,28,45.38235294117647,47.36363636363637,49.15151515151515,561,470,486,1136,982,1093
201,11,47.31,0.2532213062777426,28,45.44117647058823,47.36363636363637,49.18181818181818,563,470,487,1136,982,1093
202,11,47.34,0.25352344740177446,28,45.5,47.36363636363637,49.21212121212121,565,470,488,1136,982,1093
203,11,47.37,0.25384209415241715,28,45.55882352941177,47.36363636363637,49.24242424242424,567,470,489,1136,982,1093
204,11,47.4,0.2541729957805907,28,45.61764705882353,47.36363636363637,49.27272727272727,569,470,490,1136,982,1093
205,11,47.43,0.2545119122917984,28,45.6764705882353,47.36363636363637,49.303030303030305,571,470,491,1136,982,1093
206,11,47.46,0.2548504003371259,28,45.73529411764706,47.36363636363637,49.333333333333336,573,470,492,1136,982,1093
207,11,47.49,0.2551926721415035,28,45.794117647058826,47.36363636363637,49.36363636363637,575,470,493,1136,982,1093
208,11,47.52,0.25554713804713797,28,45.85294117647059,47.36363636363637,49.39393939393939,577,470,494,1136,982,1093
209,11,47.55,0.25590956887486854,28,45.911764705882355,47.36363636363637,49.42424242424242,579,470,495,1136,982,1093
210,11,47.58,0.25627574611181175,28,45.970588235294116,47.36363636363637,49.45454545454545,581,470,496,1136,982,1093
211,11,47.61,0.2566414618777567,28,46.029411764705884,47.36363636363637,49.484848484848484,583,470,497,1136,982,1093
212,11,47.64,0.25701091519731323,28,46.088235294117645,47.36363636363637,49.515151515151516,585,470,498,1136,982,1093
213,10,47.68,0.25740352348993284,28,46.14705882352941,47.39393939393939,49.54545454545455,587,470,499,1136,982,1094
214,10,47.71,0.25766296373925796,28,46.205882352941174,47.42424242424242,49.54545454545455,589,470,499,1136,982,1095
215,7,47.74,0.2579220779220779,28,46.26470588235294,47.45454545454545,49.54545454545455,591,470,499,1136,982,1096
216,5,47.76,0.25810720268006704,28,46.294117647058826,47.484848484848484,49.54545454545455,592,470,499,1136,982,1097
217,3,47.78,0.25830473001255755,28,46.3235294117647,47.515151515151516,49.54545454545455,593,470,499,1136,982,1098
218,3,47.78,0.25830473001255755,28,46.3235294117647,47.515151515151516,49.54545454545455,593,470,499,1136,982,1098
219,3,47.78,0.25830473001255755,28,46.3235294117647,47.515151515151516,49.54545454545455,593,470,499,1136,982,1098
220,3,47.78,0.25830473001255755,28,46.3235294117647,47.515151515151516,49.54545454545455,593,470,499,1136,982,1098
221,3,47.78,0.25830473001255755,28,46.3235294117647,47.515151515151516,49.54545454545455,593,470,499,1136,982,1098
222,3,47.78,0.25830473001255755,28,46.3235294117647,47.515151515151516,49.54545454545455,593,470,499,1136,982,1098
223,3,47.78,0.25830473001255755,28,46.3235294117647,47.515151515151516,49.54545454545455,593,470,499,1136,982,1098
224,3,47.78,0.25830473001255755,28,46.3235294117647,47.515151515151516,49.54545454545455,593,470,499,1136,982,1098
225,3,47.78,0.25830473001255755,28,46.3235294117647,47.515151515151516,49.54545454545455,593,470,499,1136,982,1098
226,6,47.78,0.25830473001255755,28,46.3235294117647,47.515151515151516,49.54545454545455,593,470,499,1136,982,1098
227,8,47.79,0.25839506172839505,28,46.35294117647059,47.515151515151516,49.54545454545455,594,470,499,1136,982,1098
228,9,47.81,0.25863417695042884,28,46.38235294117647,47.515151515151516,49.57575757575758,595,470,500,1136,982,1098
229,9,47.84,0.2590301003344482,28,46.44117647058823,47.515151515151516,49.60606060606061,597,470,501,1136,982,1098
230,9,47.87,0.25943806141633585,28,46.5,47.515151515151516,49.63636363636363,599,470,502,1136,982,1098
231,9,47.9,0.2598538622129436,28,46.55882352941177,47.515151515151516,49.666666666666664,601,470,503,1136,982,1098
232,9,47.93,0.2602816607552681,28,46.61764705882353,47.515151515151516,49.696969696969695,603,470,504,1136,982,1098
233,9,47.96,0.26071309424520434,28,46.6764705882353,47.515151515151516,49.72727272727273,605,470,505,1136,982,1098
234,9,47.99,0.2611439883309022,28,46.73529411764706,47.515151515151516,49.75757575757576,607,470,506,1136,982,1098
235,9,48.02,0.2615743440233236,28,46.794117647058826,47.515151515151516,49.78787878787879,609,470,507,1136,982,1098
236,9,48.05,0.26200416233090534,28,46.85294117647059,47.515151515151516,49.81818181818182,611,470,508,1136,982,1098
237,9,48.08,0.26244176372712147,28,46.911764705882355,47.515151515151516,49.84848484848485,613,470,509,1136,982,1098
238,9,48.11,0.2628788193722718,28,46.970588235294116,47.515151515151516,49.878787878787875,615,470,510,1136,982,1098
239,9,48.14,0.2633153302866639,28,47.029411764705884,47.515151515151516,49.90909090909091,617,470,511,1136,982,1098
240,9,48.17,0.263755449449865,28,47.088235294117645,47.515151515151516,49.93939393939394,619,470,512,1136,982,1098
241,9,48.2,0.26419502074688794,28,47.14705882352941,47.515151515151516,49.96969696969697,621,470,513,1136,982,1098
242,9,48.23,0.264634045200083,28,47.205882352941174,47.515151515151516,50.0,623,470,514,1136,982,1098
243,9,48.26,0.2650725238292581,28,47.26470588235294,47.515151515151516,50.03030303030303,625,470,515,1136,982,1098
244,9,48.29,0.2655104576516877,28,47.3235294117647,47.515151515151516,50.06060606060606,627,470,516,1136,982,1098
245,9,48.32,0.2659478476821192,28,47.38235294117647,47.515151515151516,50.09090909090909,629,470,517,1136,982,1098
246,9,48.35,0.2663846949327818,28,47.44117647058823,47.515151515151516,50.121212121212125,631,470,518,1136,982,1098
247,9,48.38,0.26682100041339396,28,47.5,47.515151515151516,50.15151515151515,633,470,519,1136,982,1098
248,9,48.41,0.26725676513117125,28,47.55882352941177,47.515151515151516,50.18181818181818,635,470,520,1136,982,1098
249,9,48.44,0.2676919900908341,28,47.61764705882353,47.515151515151516,50.21212121212121,637,470,521,1136,982,1098
250,9,48.47,0.2681266762946153,28,47.6764705882353,47.515151515151516,50.24242424242424,639,470,522,1136,982,1098
251,9,48.5,0.2685608247422681,28,47.73529411764706,47.515151515151516,50.27272727272727,641,470,523,1136,982,1098
252,12,48.53,0.2689944364310736,28,47.794117647058826,47.515151515151516,50.303030303030305,643,470,524,1136,982,1098
253,14,48.57,0.2694976322833024,28,47.88235294117647,47.515151515151516,50.333333333333336,646,470,525,1136,982,1098
254,18,48.62,0.2698107774578362,28,47.970588235294116,47.54545454545455,50.36363636363637,649,471,526,1136,982,1098
255,18,48.68,0.27009860312243217,28,48.05882352941177,47.60606060606061,50.39393939393939,652,473,527,1136,982,1098
256,18,48.74,0.2703980303652031,28,48.14705882352941,47.666666666666664,50.42424242424242,655,475,528,1136,982,1098
257,18,48.8,0.27070491803278685,28,48.23529411764706,47.72727272727273,50.45454545454545,658,477,529,1136,982,1098
258,18,48.86,0.27103151862464187,28,48.3235294117647,47.78787878787879,50.484848484848484,661,479,530,1136,982,1098
259,18,48.92,0.2713736713000817,28,48.411764705882355,47.84848484848485,50.515151515151516,664,481,531,1136,982,1098
260,17,48.99,0.27152275974688705,28,48.5,47.90909090909091,50.57575757575758,667,483,532,1137,982,1098
261,16,49.06,0.2716795760293518,28,48.588235294117645,47.96969696969697,50.63636363636363,670,485,533,1138,982,1098
262,20,49.11,0.2719099979637548,28,48.64705882352941,48.0,50.696969696969695,672,486,534,1139,982,1098
263,19,49.18,0.27207401382675883,28,48.73529411764706,48.06060606060606,50.75757575757576,675,488,535,1140,982,1098
264,21,49.25,0.27224162436548227,28,48.8235294117647,48.121212121212125,50.81818181818182,678,490,536,1141,982,1098
265,23,49.32,0.27242092457420924,28,48.911764705882355,48.18181818181818,50.878787878787875,681,492,537,1142,982,1098
266,25,49.39,0.2726240129580887,28,49.0,48.24242424242424,50.93939393939394,684,494,538,1143,982,1098
267,27,49.46,0.27283461382935714,28,49.088235294117645,48.303030303030305,51.0,687,496,539,1144,982,1098
268,26,49.53,0.27305269533615983,28,49.1764705882353,48.36363636363637,51.06060606060606,690,498,540,1145,982,1098
269,25,49.6,0.2732822580645161,28,49.26470588235294,48.42424242424242,51.121212121212125,693,500,541,1146,982,1098
270,24,49.67,0.2735192268975237,28,49.35294117647059,48.484848484848484,51.18181818181818,696,502,542,1147,982,1098
271,23,49.74,0.27376759147567353,28,49.44117647058823,48.54545454545455,51.24242424242424,699,504,543,1148,982,1098
272,22,49.81,0.27403131901224653,28,49.529411764705884,48.60606060606061,51.303030303030305,702,506,544,1149,982,1098
273,21,49.88,0.2743103448275862,28,49.61764705882353,48.666666666666664,51.36363636363637,705,508,545,1150,982,1098
274,20,49.95,0.2746046046046047,28,49.705882352941174,48.72727272727273,51.42424242424242,708,510,546,1151,982,1098
275,19,50.02,0.2749100359856058,28,49.794117647058826,48.78787878787879,51.484848484848484,711,512,547,1152,982,1098
276,18,50.09,0.2752305849470952,28,49.88235294117647,48.84848484848485,51.54545454545455,714,514,548,1153,982,1098
277,18,50.15,0.2754356929212364,28,49.94117647058823,48.90909090909091,51.60606060606061,716,516,549,1154,982,1098
278,21,50.21,0.2756761601274647,28,50.029411764705884,48.93939393939394,51.666666666666664,719,517,550,1155,982,1098
279,21,50.27,0.2759359458921823,28,50.11764705882353,48.96969696969697,51.72727272727273,722,518,551,1156,982,1098
280,20,50.34,0.27632896305125143,28,50.205882352941174,49.03030303030303,51.78787878787879,725,520,552,1157,982,1098
281,18,50.42,0.2768187227290758,28,50.294117647058826,49.121212121212125,51.84848484848485,728,522,553,1158,982,1099
282,14,50.49,0.2772172707466825,28,50.38235294117647,49.18181818181818,51.90909090909091,731,523,554,1159,982,1100
283,15,50.54,0.27785120696478033,28,50.470588235294116,49.21212121212121,51.93939393939394,734,523,555,1159,982,1101
284,13,50.59,0.2784483099426764,28,50.55882352941177,49.24242424242424,51.96969696969697,737,523,556,1159,982,1102
285,11,50.64,0.2790560821484992,28,50.64705882352941,49.27272727272727,52.0,740,523,557,1159,982,1103
286,12,50.69,0.27967843756164923,28,50.73529411764706,49.303030303030305,52.03030303030303,743,523,558,1159,982,1104
287,17,50.73,0.28018332347723246,28,50.794117647058826,49.303030303030305,52.09090909090909,745,523,560,1159,982,1104
288,17,50.79,0.28088009450679263,28,50.88235294117647,49.303030303030305,52.18181818181818,748,523,563,1159,982,1104
289,17,50.85,0.281590953785644,28,50.970588235294116,49.303030303030305,52.27272727272727,751,523,566,1159,982,1104
290,17,50.91,0.2823119230013749,28,51.05882352941177,49.303030303030305,52.36363636363637,754,523,569,1159,982,1104
291,17,50.97,0.2830351186972729,28,51.14705882352941,49.303030303030305,52.45454545454545,757,523,572,1159,982,1104
292,17,51.03,0.28377621007250636,28,51.23529411764706,49.303030303030305,52.54545454545455,760,523,575,1159,982,1104
293,17,51.09,0.28451556077510276,28,51.3235294117647,49.303030303030305,52.63636363636363,763,523,578,1159,982,1104
294,17,51.15,0.28526099706744873,28,51.411764705882355,49.303030303030305,52.72727272727273,766,523,581,1159,982,1104
295,17,51.21,0.2860124975590705,28,51.5,49.303030303030305,52.81818181818182,769,523,584,1159,982,1104
296,17,51.27,0.28676223912619464,28,51.588235294117645,49.303030303030305,52.90909090909091,772,523,587,1159,982,1104
297,17,51.33,0.2875141242937853,28,51.6764705882353,49.303030303030305,53.0,775,523,590,1159,982,1104
298,17,51.39,0.2882642537458649,28,51.76470588235294,49.303030303030305,53.09090909090909,778,523,593,1159,982,1104
299,17,51.45,0.28901263362487856,28,51.85294117647059,49.303030303030305,53.18181818181818,781,523,596,1159,982,1104
300,17,51.51,0.28975927004465146,28,51.94117647058823,49.303030303030305,53.27272727272727,784,523,599,1159,982,1104
301,17,51.57,0.29050416909055654,28,52.029411764705884,49.303030303030305,53.36363636363637,787,523,602,1159,982,1104
302,17,51.63,0.2912473368196785,28,52.11764705882353,49.303030303030305,53.45454545454545,790,523,605,1159,982,1104
303,17,51.69,0.29198877926097894,28,52.205882352941174,49.303030303030305,53.54545454545455,793,523,608,1159,982,1104
304,17,51.75,0.29272850241545895,28,52.294117647058826,49.303030303030305,53.63636363636363,796,523,611,1159,982,1104
305,17,51.81,0.29346651225632114,28,52.38235294117647,49.303030303030305,53.72727272727273,799,523,614,1159,982,1104
306,16,51.88,0.294059367771781,28,52.470588235294116,49.303030303030305,53.84848484848485,802,523,617,1160,982,1104
307,19,51.94,0.2945437042741625,28,52.529411764705884,49.303030303030305,53.96969696969697,804,523,620,1161,982,1104
308,21,52.01,0.2951451643914632,28,52.61764705882353,49.303030303030305,54.09090909090909,807,523,623,1162,982,1104
309,20,52.08,0.29575652841781874,28,52.705882352941174,49.303030303030305,54.21212121212121,810,523,626,1163,982,1104
310,19,52.15,0.2963739213806328,28,52.794117647058826,49.303030303030305,54.333333333333336,813,523,629,1164,982,1104
311,21,52.22,0.2970126388356951,28,52.88235294117647,49.303030303030305,54.45454545454545,816,523,632,1165,982,1104
312,17,52.29,0.2976725951424747,28,52.970588235294116,49.303030303030305,54.57575757575758,819,523,635,1166,982,1104
313,17,52.35,0.29822922636103155,28,53.05882352941177,49.303030303030305,54.666666666666664,822,523,637,1167,982,1104
314,18,52.4,0.29868702290076343,28,53.14705882352941,49.303030303030305,54.72727272727273,825,523,638,1168,982,1104
315,16,52.45,0.29915919923736894,28,53.23529411764706,49.303030303030305,54.78787878787879,828,523,639,1169,982,1104
316,14,52.5,0.29963428571428563,28,53.3235294117647,49.303030303030305,54.84848484848485,831,523,640,1170,982,1104
317,12,52.55,0.30011607992388206,28,53.411764705882355,49.303030303030305,54.90909090909091,834,523,641,1171,982,1104
318,9,52.61,0.30039726287777996,28,53.529411764705884,49.303030303030305,54.96969696969697,837,523,642,1172,983,1104
319,7,52.66,0.30069502468666925,28,53.64705882352941,49.303030303030305,55.0,840,523,643,1172,984,1104
320,7,52.69,0.30107610552286956,28,53.705882352941174,49.303030303030305,55.03030303030303,842,523,644,1172,984,1104
321,7,52.72,0.3014567526555388,28,53.76470588235294,49.303030303030305,55.06060606060606,844,523,645,1172,984,1104
322,10,52.75,0.30156777251184835,28,53.794117647058826,49.333333333333336,55.09090909090909,845,523,646,1172,984,1105
323,9,52.79,0.30180905474521696,28,53.85294117647059,49.36363636363637,55.121212121212125,847,523,647,1172,984,1106
324,9,52.82,0.3019235138205225,28,53.88235294117647,49.39393939393939,55.15151515151515,848,523,648,1172,984,1107
325,11,52.86,0.30184638668180097,28,53.970588235294116,49.42424242424242,55.15151515151515,850,523,648,1172,985,1108
326,11,52.89,0.3019795802609188,28,54.0,49.45454545454545,55.18181818181818,851,523,649,1172,985,1109
327,7,52.93,0.30225392027205744,28,54.05882352941177,49.484848484848484,55.21212121212121,853,523,650,1172,985,1110
328,7,52.96,0.3024206948640483,28,54.088235294117645,49.515151515151516,55.24242424242424,854,523,651,1172,985,1111
329,10,52.99,0.3026061521041706,28,54.11764705882353,49.54545454545455,55.27272727272727,855,523,652,1172,985,1112
330,10,53.02,0.302802715956243,28,54.14705882352941,49.57575757575758,55.303030303030305,856,523,653,1172,985,1113
331,12,53.06,0.3031436110064078,28,54.205882352941174,49.60606060606061,55.333333333333336,858,523,654,1172,985,1114
332,19,53.11,0.3033383543588778,28,54.26470588235294,49.63636363636363,55.39393939393939,860,523,656,1172,985,1115
333,27,53.15,0.3035729068673565,28,54.3235294117647,49.63636363636363,55.45454545454545,862,523,658,1172,985,1115
334,37,53.2,0.3037857142857143,28,54.38235294117647,49.666666666666664,55.515151515151516,864,523,660,1172,985,1116
335,35,53.25,0.30401314553990616,28,54.44117647058823,49.696969696969695,55.57575757575758,866,523,662,1172,985,1117
336,33,53.3,0.30425891181988746,28,54.5,49.72727272727273,55.63636363636363,868,523,664,1172,985,1118
337,37,53.35,0.30452671040299906,28,54.55882352941177,49.75757575757576,55.696969696969695,870,523,666,1172,985,1119
338,38,53.4,0.3048239700374532,28,54.61764705882353,49.78787878787879,55.75757575757576,872,523,668,1172,985,1120
339,36,53.45,0.3051393826005612,28,54.6764705882353,49.81818181818182,55.81818181818182,874,523,670,1172,985,1121
340,31,53.5,0.30546915887850473,28,54.73529411764706,49.84848484848485,55.878787878787875,876,523,672,1172,985,1122
341,35,53.55,0.3058244631185808,28,54.794117647058826,49.878787878787875,55.93939393939394,878,523,674,1172,985,1123
342,36,53.6,0.3061940298507463,28,54.85294117647059,49.90909090909091,56.0,880,523,676,1172,985,1124
343,37,53.65,0.306574091332712,28,54.911764705882355,49.93939393939394,56.06060606060606,882,523,678,1172,985,1125
344,35,53.7,0.3069608938547486,28,54.970588235294116,49.96969696969697,56.121212121212125,884,523,680,1172,985,1126
345,45,53.75,0.3073655813953488,28,55.029411764705884,50.0,56.18181818181818,886,523,682,1172,985,1127
346,43,53.8,0.3077769516728624,28,55.088235294117645,50.03030303030303,56.24242424242424,888,523,684,1172,985,1128
347,38,53.85,0.30819870009285055,28,55.14705882352941,50.06060606060606,56.303030303030305,890,523,686,1172,985,1129
348,35,53.91,0.30864960118716384,28,55.205882352941174,50.121212121212125,56.36363636363637,892,523,688,1172,985,1131
349,38,53.97,0.3091180285343709,28,55.26470588235294,50.18181818181818,56.42424242424242,894,523,690,1172,985,1133
350,37,54.04,0.30944485566247226,28,55.3235294117647,50.24242424242424,56.515151515151516,896,523,693,1172,985,1135
351,42,54.11,0.3097819257068933,28,55.38235294117647,50.303030303030305,56.60606060606061,898,523,696,1172,985,1137
352,35,54.18,0.31014027316352893,28,55.44117647058823,50.36363636363637,56.696969696969695,900,523,699,1172,985,1139
353,37,54.25,0.31050875576036874,28,55.5,50.42424242424242,56.78787878787879,902,523,702,1172,985,1141
354,37,54.31,0.31102743509482594,28,55.55882352941177,50.484848484848484,56.84848484848485,904,523,704,1172,985,1143
355,41,54.39,0.31128332414046694,28,55.61764705882353,50.57575757575758,56.93939393939394,906,523,707,1172,985,1146
356,36,54.47,0.3115531485221223,28,55.6764705882353,50.666666666666664,57.03030303030303,908,523,710,1172,985,1149
357,34,54.55,0.3118515123739688,28,55.73529411764706,50.75757575757576,57.121212121212125,910,523,713,1172,985,1152
358,36,54.62,0.3122812156719151,28,55.794117647058826,50.84848484848485,57.18181818181818,912,523,715,1172,985,1155
359,31,54.7,0.31265082266910427,28,55.85294117647059,50.93939393939394,57.27272727272727,914,523,718,1172,985,1158
360,26,54.78,0.31306681270536685,28,55.911764705882355,51.03030303030303,57.36363636363637,916,523,721,1172,985,1161
361,24,54.86,0.3135216915785637,28,55.970588235294116,51.121212121212125,57.45454545454545,918,523,724,1172,985,1164
362,27,54.92,0.31375091041514935,28,55.970588235294116,51.21212121212121,57.54545454545455,918,523,727,1172,985,1167
363,30,55.01,0.3140901654244682,28,56.029411764705884,51.303030303030305,57.666666666666664,920,523,731,1172,985,1170
364,29,55.11,0.3140827436037017,28,56.11764705882353,51.39393939393939,57.78787878787879,923,523,735,1172,985,1173
365,28,55.21,0.314136931715269,28,56.205882352941174,51.45454545454545,57.93939393939394,926,523,740,1172,985,1175
366,22,55.3,0.3141048824593129,28,56.294117647058826,51.515151515151516,58.06060606060606,929,523,744,1172,985,1177
367,23,55.38,0.31399061032863856,28,56.35294117647059,51.57575757575758,58.18181818181818,931,523,748,1172,985,1179
368,21,55.46,0.3139091236927516,28,56.411764705882355,51.63636363636363,58.303030303030305,933,523,752,1172,985,1181
369,16,55.54,0.3138566798703637,28,56.470588235294116,51.696969696969695,58.42424242424242,935,523,756,1172,985,1183
370,21,55.61,0.3136648084876821,28,56.529411764705884,51.75757575757576,58.515151515151516,937,523,759,1172,985,1185
371,21,55.7,0.31315978456014365,28,56.588235294117645,51.81818181818182,58.666666666666664,939,523,764,1172,985,1187
372,26,55.77,0.3123489331181639,28,56.64705882352941,51.878787878787875,58.75757575757576,941,523,767,1172,985,1189
373,31,55.87,0.3116502595310543,28,56.705882352941174,51.96969696969697,58.90909090909091,943,524,771,1173,985,1191
374,26,55.98,0.3111897106109325,28,56.794117647058826,52.06060606060606,59.06060606060606,946,525,775,1174,985,1193
375,24,56.06,0.311148769175883,28,56.85294117647059,52.15151515151515,59.15151515151515,948,526,778,1174,985,1195
376,22,56.14,0.31111506946918427,28,56.911764705882355,52.24242424242424,59.24242424242424,950,527,781,1174,985,1197
377,20,56.22,0.3111134827463536,28,56.970588235294116,52.333333333333336,59.333333333333336,952,528,784,1174,985,1199
378,18,56.3,0.31088809946714036,28,57.05882352941177,52.39393939393939,59.42424242424242,954,529,787,1174,986,1200
379,19,56.38,0.3109045760908124,28,57.14705882352941,52.45454545454545,59.515151515151516,956,530,790,1174,987,1201
380,22,56.44,0.31073352232459245,28,57.205882352941174,52.515151515151516,59.57575757575758,957,531,792,1174,988,1202
381,19,56.5,0.3105946902654867,28,57.26470588235294,52.57575757575758,59.63636363636363,958,532,794,1174,989,1203
382,16,56.56,0.31048444130127295,28,57.3235294117647,52.63636363636363,59.696969696969695,959,533,796,1174,990,1204
383,10,56.62,0.31040621688449305,28,57.38235294117647,52.696969696969695,59.75757575757576,960,534,798,1174,991,1205
384,5,56.67,0.3102329274748544,28,57.44117647058823,52.75757575757576,59.78787878787879,961,535,799,1174,992,1206
385,3,56.69,0.3101058387722702,28,57.470588235294116,52.78787878787879,59.78787878787879,961,536,799,1174,993,1206
386,2,56.7,0.30990476190476185,28,57.5,52.78787878787879,59.78787878787879,961,536,799,1174,994,1206
387,1,56.71,0.30970728266619646,28,57.529411764705884,52.78787878787879,59.78787878787879,961,536,799,1174,995,1206
388,0,56.72,0.30950987306064875,28,57.55882352941177,52.78787878787879,59.78787878787879,961,536,799,1174,996,1206
389,0,56.72,0.30950987306064875,28,57.55882352941177,52.78787878787879,59.78787878787879,961,536,799,1174,996,1206
390,0,56.72,0.30950987306064875,28,57.55882352941177,52.78787878787879,59.78787878787879,961,536,799,1174,996,1206
391,0,56.72,0.30950987306064875,28,57.55882352941177,52.78787878787879,59.78787878787879,961,536,799,1174,996,1206
392,0,56.72,0.30950987306064875,28,57.55882352941177,52.78787878787879,59.78787878787879,961,536,799,1174,996,1206
393,3,56.72,0.30950987306064875,28,57.55882352941177,52.78787878787879,59.78787878787879,961,536,799,1174,996,1206
394,11,56.73,0.3096263000176273,28,57.588235294117645,52.78787878787879,59.78787878787879,962,536,799,1174,996,1206
395,22,56.77,0.310035229874934,28,57.6764705882353,52.78787878787879,59.81818181818182,965,536,800,1174,996,1206
396,31,56.83,0.31046806264297033,28,57.794117647058826,52.78787878787879,59.878787878787875,968,536,802,1174,997,1206
397,34,56.89,0.3109140446475655,28,57.911764705882355,52.78787878787879,59.93939393939394,971,536,804,1174,998,1206
398,34,56.95,0.311369622475856,28,58.029411764705884,52.78787878787879,60.0,974,536,806,1174,999,1206
399,31,57.01,0.3118417821434836,28,58.14705882352941,52.78787878787879,60.06060606060606,977,536,808,1174,1000,1206
400,28,57.07,0.3123164534781847,28,58.26470588235294,52.78787878787879,60.121212121212125,980,536,810,1174,1001,1206
401,31,57.13,0.31279712935410475,28,58.38235294117647,52.78787878787879,60.18181818181818,983,536,812,1174,1002,1206
402,34,57.19,0.3132872879874104,28,58.5,52.78787878787879,60.24242424242424,986,536,814,1174,1003,1206
403,38,57.27,0.31377510040160644,28,58.61764705882353,52.81818181818182,60.333333333333336,989,536,816,1175,1004,1207
404,36,57.35,0.31427898866608545,28,58.73529411764706,52.84848484848485,60.42424242424242,992,536,818,1176,1005,1208
405,37,57.43,0.31480236810029594,28,58.85294117647059,52.878787878787875,60.515151515151516,995,536,820,1177,1006,1209
406,35,57.51,0.3153451573639367,28,58.970588235294116,52.90909090909091,60.60606060606061,998,536,822,1178,1007,1210
407,37,57.58,0.3157832580757207,28,59.088235294117645,52.93939393939394,60.666666666666664,1001,536,823,1179,1008,1211
408,35,57.66,0.3163544918487686,28,59.205882352941174,52.96969696969697,60.75757575757576,1004,536,825,1180,1009,1212
409,33,57.74,0.31694146172497395,28,59.3235294117647,53.0,60.84848484848485,1007,536,827,1181,1010,1213
410,31,57.82,0.31754756139744034,28,59.44117647058823,53.03030303030303,60.93939393939394,1010,536,829,1182,1011,1214
411,33,57.89,0.3180428398687165,28,59.55882352941177,53.06060606060606,61.0,1013,536,830,1183,1012,1215
412,32,57.96,0.3185507246376811,28,59.6764705882353,53.09090909090909,61.06060606060606,1016,536,831,1184,1013,1216
413,31,58.03,0.31906427709805274,28,59.794117647058826,53.121212121212125,61.121212121212125,1019,536,832,1185,1014,1217
414,33,58.1,0.31959380378657487,28,59.911764705882355,53.15151515151515,61.18181818181818,1022,536,833,1186,1015,1218
415,32,58.17,0.320146123431322,28,60.0,53.18181818181818,61.27272727272727,1024,536,835,1187,1016,1219
416,37,58.24,0.3207142857142857,28,60.088235294117645,53.21212121212121,61.36363636363637,1026,536,837,1188,1017,1220
417,35,58.32,0.32138545953360764,28,60.205882352941174,53.24242424242424,61.45454545454545,1029,536,839,1189,1018,1221
418,33,58.4,0.32205479452054786,28,60.3235294117647,53.27272727272727,61.54545454545455,1032,536,841,1190,1019,1222
419,34,58.48,0.3227291381668947,28,60.44117647058823,53.303030303030305,61.63636363636363,1035,536,843,1191,1020,1223
420,35,58.56,0.32341530054644807,28,60.55882352941177,53.333333333333336,61.72727272727273,1038,536,845,1192,1021,1224
421,27,58.64,0.3241132332878581,28,60.6764705882353,53.36363636363637,61.81818181818182,1041,536,847,1193,1022,1225
422,34,58.72,0.32481267029972755,28,60.794117647058826,53.39393939393939,61.90909090909091,1044,536,849,1194,1023,1226
423,36,58.79,0.32542098996427965,28,60.88235294117647,53.42424242424242,62.0,1046,536,851,1195,1024,1227
424,39,58.85,0.32594222599830075,28,60.970588235294116,53.42424242424242,62.09090909090909,1048,536,853,1196,1025,1227
425,35,58.92,0.32657162253903593,28,61.088235294117645,53.42424242424242,62.18181818181818,1051,536,855,1197,1026,1227
426,37,58.99,0.3272130869638922,28,61.205882352941174,53.42424242424242,62.27272727272727,1054,536,857,1198,1027,1227
427,36,59.06,0.3278598035895699,28,61.3235294117647,53.42424242424242,62.36363636363637,1057,536,859,1199,1028,1227
428,34,59.14,0.32842069665201223,28,61.44117647058823,53.42424242424242,62.484848484848484,1060,536,861,1201,1029,1227
429,38,59.22,0.32899358324890243,28,61.55882352941177,53.42424242424242,62.60606060606061,1063,536,863,1203,1030,1227
430,42,59.3,0.3295851602023609,28,61.6764705882353,53.42424242424242,62.72727272727273,1066,536,865,1205,1031,1227
431,35,59.37,0.3300842176183258,28,61.76470588235294,53.42424242424242,62.84848484848485,1068,536,867,1207,1032,1227
432,34,59.44,0.33059219380888294,28,61.85294117647059,53.42424242424242,62.96969696969697,1070,536,869,1209,1033,1227
433,35,59.52,0.33120967741935486,28,61.970588235294116,53.42424242424242,63.09090909090909,1073,536,871,1211,1034,1227
434,37,59.59,0.3317318342003692,28,62.088235294117645,53.42424242424242,63.18181818181818,1076,536,872,1213,1035,1227
435,38,59.67,0.3323629964806436,28,62.205882352941174,53.42424242424242,63.303030303030305,1079,536,874,1215,1036,1227
436,39,59.75,0.3329991631799163,28,62.3235294117647,53.42424242424242,63.42424242424242,1082,536,876,1217,1037,1227
437,40,59.83,0.3336369714190205,28,62.44117647058823,53.42424242424242,63.54545454545455,1085,536,878,1219,1038,1227
438,44,59.91,0.3342830913036221,28,62.55882352941177,53.42424242424242,63.666666666666664,1088,536,880,1221,1039,1227
439,42,59.99,0.33493748958159697,28,62.6764705882353,53.42424242424242,63.78787878787879,1091,536,882,1223,1040,1227
440,38,60.06,0.3355278055278055,28,62.794117647058826,53.42424242424242,63.878787878787875,1094,536,884,1224,1041,1227
441,37,60.13,0.33612339930151336,28,62.911764705882355,53.42424242424242,63.96969696969697,1097,536,886,1225,1042,1227
442,33,60.2,0.3367176079734219,28,63.029411764705884,53.42424242424242,64.06060606060606,1100,536,888,1226,1043,1227
443,46,60.28,0.33731917717319176,28,63.14705882352941,53.42424242424242,64.18181818181819,1103,536,891,1227,1044,1227
444,54,60.38,0.33776416031798606,28,63.294117647058826,53.45454545454545,64.3030303030303,1107,536,894,1228,1045,1228
445,53,60.48,0.33811177248677254,28,63.44117647058823,53.484848484848484,64.42424242424242,1111,536,896,1230,1046,1229
446,55,60.58,0.33857378672829314,28,63.588235294117645,53.515151515151516,64.54545454545455,1115,536,899,1231,1047,1230
447,64,60.67,0.33900609856601294,28,63.73529411764706,53.515151515151516,64.66666666666667,1119,536,902,1232,1048,1230
448,60,60.77,0.3394882343261477,28,63.88235294117647,53.54545454545455,64.78787878787878,1123,536,905,1233,1049,1231
449,59,60.87,0.3399819287005093,28,64.02941176470588,53.57575757575758,64.9090909090909,1127,536,908,1234,1050,1232
450,60,60.98,0.3404821252869793,28,64.17647058823529,53.60606060606061,65.06060606060606,1131,536,911,1236,1051,1233
451,55,61.09,0.34099361597642824,28,64.32352941176471,53.63636363636363,65.21212121212122,1135,536,914,1238,1052,1234
452,55,61.21,0.3415405979415128,28,64.47058823529412,53.696969696969695,65.36363636363636,1139,536,917,1240,1053,1236
453,55,61.33,0.34210174466003596,28,64.61764705882354,53.75757575757576,65.51515151515152,1143,536,920,1242,1054,1238
454,55,61.45,0.34268022782750207,28,64.76470588235294,53.81818181818182,65.66666666666667,1147,536,923,1244,1055,1240
455,58,61.57,0.34327269774240704,28,64.91176470588235,53.878787878787875,65.81818181818181,1151,536,926,1246,1056,1242
456,64,61.69,0.34387583076673695,28,65.05882352941177,53.93939393939394,65.96969696969697,1155,536,929,1248,1057,1244
457,55,61.81,0.3444992719624656,28,65.20588235294117,54.0,66.12121212121212,1159,536,932,1250,1058,1246
458,49,61.93,0.3451332149200711,28,65.3529411764706,54.06060606060606,66.27272727272727,1163,536,935,1252,1059,1248
459,52,62.05,0.34578404512489924,28,65.5,54.121212121212125,66.42424242424242,1167,536,938,1254,1060,1250
460,52,62.17,0.3464355798616697,28,65.6470588235294,54.18181818181818,66.57575757575758,1171,536,941,1256,1061,1252
461,54,62.27,0.34700016059097477,28,65.79411764705883,54.21212121212121,66.6969696969697,1175,536,944,1257,1062,1253
462,56,62.37,0.3475661375661376,28,65.94117647058823,54.24242424242424,66.81818181818181,1179,536,947,1258,1063,1254
463,52,62.47,0.34813030254522176,28,66.08823529411765,54.27272727272727,66.93939393939394,1183,536,950,1259,1064,1255
464,51,62.57,0.34869586063608765,28,66.23529411764706,54.303030303030305,67.06060606060606,1187,536,953,1260,1065,1256
465,50,62.67,0.34925961385032706,28,66.38235294117646,54.333333333333336,67.18181818181819,1191,536,956,1261,1066,1257
466,43,62.77,0.3498279432850087,28,66.52941176470588,54.36363636363637,67.3030303030303,1195,536,959,1262,1067,1258
467,45,62.87,0.35039764593605854,28,66.67647058823529,54.39393939393939,67.42424242424242,1199,536,962,1263,1068,1259
468,48,62.96,0.35091486658195675,28,66.82352941176471,54.42424242424242,67.51515151515152,1203,536,964,1264,1069,1260
469,44,63.06,0.35148747224865207,28,66.97058823529412,54.45454545454545,67.63636363636364,1207,536,967,1265,1070,1261
470,46,63.16,0.3520645978467384,28,67.11764705882354,54.484848484848484,67.75757575757575,1211,536,970,1266,1071,1262
471,52,63.25,0.35255494071146243,28,67.23529411764706,54.515151515151516,67.87878787878788,1214,536,973,1267,1072,1263
472,49,63.34,0.35304389011682985,28,67.3529411764706,54.54545454545455,68.0,1217,536,976,1268,1073,1264
473,55,63.43,0.3535282989121866,28,67.5,54.57575757575758,68.0909090909091,1221,536,978,1269,1074,1265
474,55,63.52,0.354014483627204,28,67.6470588235294,54.60606060606061,68.18181818181819,1225,536,980,1270,1075,1266
475,54,63.62,0.3545960389814523,28,67.79411764705883,54.63636363636363,68.3030303030303,1229,536,983,1271,1076,1267
476,59,63.72,0.3551789077212806,28,67.94117647058823,54.666666666666664,68.42424242424242,1233,536,986,1272,1077,1268
477,64,63.82,0.3557662174866813,28,68.08823529411765,54.696969696969695,68.54545454545455,1237,536,989,1273,1078,1269
478,59,63.93,0.35617237603628965,28,68.26470588235294,54.72727272727273,68.66666666666667,1241,536,992,1274,1080,1270
479,60,64.04,0.35658338538413487,28,68.44117647058823,54.75757575757576,68.78787878787878,1245,536,995,1275,1082,1271
480,58,64.15,0.3570023382696805,28,68.61764705882354,54.78787878787879,68.9090909090909,1249,536,998,1276,1084,1272
481,66,64.25,0.3576077821011673,28,68.76470588235294,54.81818181818182,69.03030303030303,1253,536,1001,1277,1085,1273
482,62,64.35,0.35821445221445214,28,68.91176470588235,54.84848484848485,69.15151515151516,1257,536,1004,1278,1086,1274
483,58,64.45,0.35882234290147397,28,69.05882352941177,54.878787878787875,69.27272727272727,1261,536,1007,1279,1087,1275
484,68,64.56,0.3594826517967782,28,69.20588235294117,54.93939393939394,69.39393939393939,1265,536,1010,1280,1088,1277
485,66,64.67,0.3601530848925313,28,69.3529411764706,55.0,69.51515151515152,1269,536,1013,1281,1089,1279
486,67,64.78,0.36082432849644946,28,69.5,55.06060606060606,69.63636363636364,1273,536,1016,1282,1090,1281
487,68,64.89,0.3614963784866697,28,69.6470588235294,55.121212121212125,69.75757575757575,1277,536,1019,1283,1091,1283
488,78,65.0,0.3621692307692308,28,69.79411764705883,55.18181818181818,69.87878787878788,1281,536,1022,1284,1092,1285
489,73,65.11,0.36284288127783754,28,69.94117647058823,55.24242424242424,70.0,1285,536,1025,1285,1093,1287
490,74,65.22,0.36352345906163747,28,70.08823529411765,55.303030303030305,70.12121212121212,1289,536,1028,1286,1094,1289
491,71,65.34,0.3641230486685032,28,70.23529411764706,55.36363636363637,70.27272727272727,1293,536,1032,1287,1095,1291
492,71,65.46,0.3647509929728078,28,70.38235294117646,55.42424242424242,70.42424242424242,1297,536,1036,1288,1096,1293
493,76,65.59,0.3652889159932917,28,70.52941176470588,55.515151515151516,70.57575757575758,1301,536,1040,1289,1097,1296
494,78,65.72,0.3658520998174072,28,70.67647058823529,55.60606060606061,70.72727272727273,1305,536,1044,1290,1098,1299
495,71,65.85,0.3664373576309795,28,70.82352941176471,55.696969696969695,70.87878787878788,1309,536,1048,1291,1099,1302
496,70,65.98,0.3670627462867536,28,70.97058823529412,55.78787878787879,71.03030303030303,1313,536,1052,1292,1100,1305
497,72,66.11,0.36769475117228867,28,71.11764705882354,55.878787878787875,71.18181818181819,1317,536,1056,1293,1101,1308
498,68,66.24,0.3683423913043478,28,71.26470588235294,55.96969696969697,71.33333333333333,1321,536,1060,1294,1102,1311
499,70,66.37,0.36899954798854906,28,71.41176470588235,56.06060606060606,71.48484848484848,1325,536,1064,1295,1103,1314
500,69,66.5,0.36968721804511273,28,71.55882352941177,56.15151515151515,71.63636363636364,1329,536,1068,1296,1104,1317
501,67,66.64,0.3702581032412965,28,71.70588235294117,56.27272727272727,71.78787878787878,1333,537,1072,1297,1105,1320
502,74,66.78,0.37084456424079065,28,71.8529411764706,56.39393939393939,71.93939393939394,1337,538,1076,1298,1106,1323
503,75,66.92,0.3714465032875075,28,72.0,56.515151515151516,72.0909090909091,1341,539,1080,1299,1107,1326
504,72,67.07,0.37188758014015205,28,72.1470588235294,56.666666666666664,72.24242424242425,1345,540,1084,1300,1108,1330
505,84,67.22,0.37234751562035107,28,72.29411764705883,56.81818181818182,72.39393939393939,1349,541,1088,1301,1109,1334
506,74,67.38,0.37286138319976253,28,72.44117647058823,57.0,72.54545454545455,1353,543,1092,1302,1110,1338
507,70,67.54,0.37340242819070185,28,72.58823529411765,57.18181818181818,72.6969696969697,1357,545,1096,1303,1111,1342
508,72,67.7,0.3739438700147711,28,72.73529411764706,57.36363636363637,72.84848484848484,1361,547,1100,1304,1112,1346
509,74,67.86,0.3744974948423224,28,72.88235294117646,57.54545454545455,73.0,1365,549,1104,1305,1113,1350
510,70,68.02,0.3750602763892973,28,73.02941176470588,57.72727272727273,73.15151515151516,1369,551,1108,1306,1114,1354
511,78,68.18,0.375638017013787,28,73.17647058823529,57.90909090909091,73.3030303030303,1373,553,1112,1307,1115,1358
512,74,68.34,0.3762189054726368,28,73.32352941176471,58.09090909090909,73.45454545454545,1377,555,1116,1308,1116,1362
513,73,68.5,0.37682919708029194,28,73.47058823529412,58.27272727272727,73.60606060606061,1381,557,1120,1309,1117,1366
514,81,68.66,0.3774453830468978,28,73.61764705882354,58.45454545454545,73.75757575757575,1385,559,1124,1310,1118,1370
515,83,68.82,0.37807032839290905,28,73.76470588235294,58.63636363636363,73.9090909090909,1389,561,1128,1311,1119,1374
516,82,68.98,0.3787097709481009,28,73.91176470588235,58.81818181818182,74.06060606060606,1393,563,1132,1312,1120,1378
517,90,69.14,0.3793665027480474,28,74.05882352941177,59.0,74.21212121212122,1397,565,1136,1313,1121,1382
518,89,69.3,0.38004329004329,28,74.20588235294117,59.18181818181818,74.36363636363636,1401,567,1140,1314,1122,1386
519,91,69.46,0.380734235531241,28,74.3529411764706,59.36363636363637,74.51515151515152,1405,569,1144,1315,1123,1390
520,92,69.63,0.38138589688352725,28,74.52941176470588,59.54545454545455,74.66666666666667,1409,571,1148,1316,1125,1394
521,90,69.8,0.3820429799426934,28,74.70588235294117,59.72727272727273,74.81818181818181,1413,573,1152,1317,1127,1398
522,88,69.97,0.3827111619265399,28,74.88235294117646,59.90909090909091,74.96969696969697,1417,575,1156,1318,1129,1402
523,92,70.14,0.3833932135728543,28,75.05882352941177,60.09090909090909,75.12121212121212,1421,577,1160,1319,1131,1406
524,90,70.31,0.3840890342767743,28,75.23529411764706,60.27272727272727,75.27272727272727,1425,579,1164,1320,1133,1410
525,97,70.48,0.3847843359818388,28,75.41176470588235,60.45454545454545,75.42424242424242,1429,581,1168,1321,1135,1414
526,95,70.65,0.38547912243453647,28,75.58823529411765,60.63636363636363,75.57575757575758,1433,583,1172,1322,1137,1418
527,96,70.82,0.3861762214063824,28,75.76470588235294,60.81818181818182,75.72727272727273,1437,585,1176,1323,1139,1422
528,94,70.99,0.3868840681786167,28,75.94117647058823,61.0,75.87878787878788,1441,587,1180,1324,1141,1426
529,98,71.16,0.3875969645868465,28,76.11764705882354,61.18181818181818,76.03030303030303,1445,589,1184,1325,1143,1430
530,93,71.33,0.3883176783961867,28,76.29411764705883,61.36363636363637,76.18181818181819,1449,591,1188,1326,1145,1434
531,97,71.5,0.38905174825174826,28,76.47058823529412,61.54545454545455,76.33333333333333,1453,593,1192,1327,1147,1438
532,98,71.67,0.3897851262731966,28,76.6470588235294,61.72727272727273,76.48484848484848,1457,595,1196,1328,1149,1442
533,92,71.85,0.39048434237995827,28,76.82352941176471,61.93939393939394,76.63636363636364,1461,598,1200,1329,1151,1446
534,98,72.03,0.39120227682909897,28,77.0,62.15151515151515,76.78787878787878,1465,601,1204,1330,1153,1450
535,104,72.21,0.3919249411438859,28,77.17647058823529,62.36363636363637,76.93939393939394,1469,604,1208,1331,1155,1454
536,105,72.41,0.3924526999033283,28,77.3529411764706,62.57575757575758,77.15151515151516,1473,607,1213,1333,1157,1458
537,120,72.62,0.39290553566510605,28,77.52941176470588,62.81818181818182,77.36363636363636,1477,611,1218,1335,1159,1462
538,108,72.83,0.39334477550459973,28,77.70588235294117,63.06060606060606,77.57575757575758,1481,614,1223,1337,1161,1467
539,96,73.04,0.3938061336254108,28,77.88235294117646,63.303030303030305,77.78787878787878,1485,617,1228,1339,1163,1472
540,114,73.25,0.3943058020477816,28,78.05882352941177,63.54545454545455,78.0,1489,620,1233,1341,1165,1477
541,100,73.45,0.39503199455411847,28,78.23529411764706,63.78787878787879,78.18181818181819,1493,623,1237,1343,1167,1482
542,89,73.65,0.3957596741344196,28,78.41176470588235,64.03030303030303,78.36363636363636,1497,626,1241,1345,1169,1487
543,102,73.85,0.3964915368991198,28,78.58823529411765,64.27272727272727,78.54545454545455,1501,629,1245,1347,1171,1492
544,101,74.04,0.39722042139384117,28,78.76470588235294,64.48484848484848,78.72727272727273,1505,632,1249,1349,1173,1496
545,105,74.24,0.3978879310344828,28,78.94117647058823,64.72727272727273,78.9090909090909,1509,635,1253,1351,1175,1501
546,109,74.44,0.39856797420741535,28,79.11764705882354,64.96969696969697,79.0909090909091,1513,638,1257,1353,1177,1506
547,104,74.64,0.3992550911039657,28,79.29411764705883,65.21212121212122,79.27272727272727,1517,641,1261,1355,1179,1511
548,96,74.84,0.3999518973810796,28,79.47058823529412,65.45454545454545,79.45454545454545,1521,644,1265,1357,1181,1516
549,94,75.04,0.40066098081023455,28,79.6470588235294,65.6969696969697,79.63636363636364,1525,647,1269,1359,1183,1521
550,95,75.24,0.4013795853269537,28,79.82352941176471,65.93939393939394,79.81818181818181,1529,650,1273,1361,1185,1526
551,91,75.43,0.402127800609837,28,80.0,66.18181818181819,79.96969696969697,1533,653,1277,1362,1187,1531
552,93,75.62,0.4028881248346998,28,80.17647058823529,66.42424242424242,80.12121212121212,1537,656,1281,1363,1189,1536
553,90,75.8,0.4035963060686016,28,80.32352941176471,66.66666666666667,80.27272727272727,1541,659,1285,1364,1190,1541
554,80,75.96,0.4041837809373354,28,80.47058823529412,66.9090909090909,80.36363636363636,1545,662,1288,1364,1191,1546
555,82,76.12,0.40478980557015243,28,80.61764705882354,67.15151515151516,80.45454545454545,1549,665,1291,1364,1192,1551
556,85,76.3,0.4055307994757536,28,80.76470588235294,67.39393939393939,80.60606060606061,1553,668,1295,1365,1193,1556
557,81,76.49,0.4062923257942214,28,80.91176470588235,67.66666666666667,80.75757575757575,1557,671,1299,1366,1194,1562
558,89,76.68,0.4070605112154408,28,81.05882352941177,67.93939393939394,80.9090909090909,1561,674,1303,1367,1195,1568
559,87,76.85,0.407694209499024,28,81.17647058823529,68.21212121212122,81.03030303030303,1564,677,1306,1368,1196,1574
560,82,76.99,0.40820236394336923,28,81.23529411764706,68.45454545454545,81.15151515151516,1566,679,1309,1369,1196,1580
561,85,77.14,0.40878143634949443,28,81.29411764705883,68.6969696969697,81.3030303030303,1568,681,1313,1370,1196,1586
562,87,77.3,0.4094333764553687,28,81.38235294117646,68.93939393939394,81.45454545454545,1571,683,1317,1371,1196,1592
563,86,77.46,0.41008520526723474,28,81.47058823529412,69.18181818181819,81.60606060606061,1574,685,1321,1372,1196,1598
564,80,77.64,0.4108732612055641,28,81.61764705882354,69.42424242424242,81.75757575757575,1578,687,1325,1373,1197,1604
565,80,77.85,0.41165960179833017,28,81.79411764705883,69.6969696969697,81.93939393939394,1582,690,1330,1374,1199,1610
566,81,78.05,0.4123497757847534,28,81.94117647058823,70.0,82.0909090909091,1586,693,1335,1374,1200,1617
567,76,78.25,0.4129495207667732,28,82.05882352941177,70.3030303030303,82.27272727272727,1589,697,1340,1375,1201,1623
568,86,78.45,0.41355130656469086,28,82.23529411764706,70.57575757575758,82.42424242424242,1593,700,1345,1375,1203,1629
569,80,78.66,0.4142257818459191,28,82.41176470588235,70.84848484848484,82.60606060606061,1597,703,1350,1376,1205,1635
570,67,78.88,0.4148757606490872,28,82.58823529411765,71.15151515151516,82.78787878787878,1601,706,1355,1377,1207,1642
571,72,79.07,0.4152864550398381,28,82.73529411764706,71.45454545454545,82.9090909090909,1604,710,1358,1378,1209,1648
572,72,79.25,0.4157968454258675,28,82.88235294117646,71.6969696969697,83.06060606060606,1607,713,1362,1379,1211,1653
573,72,79.43,0.4163225481556087,28,83.02941176470588,71.93939393939394,83.21212121212122,1610,716,1366,1380,1213,1658
574,69,79.61,0.4168584348699912,28,83.17647058823529,72.18181818181819,83.36363636363636,1613,719,1370,1381,1215,1663
575,56,79.77,0.41730349755547197,28,83.29411764705883,72.42424242424242,83.48484848484848,1615,722,1373,1382,1217,1668
576,72,79.91,0.41768864973094727,28,83.41176470588235,72.60606060606061,83.60606060606061,1617,725,1376,1383,1219,1671
577,80,80.07,0.4179755214187586,28,83.55882352941177,72.78787878787878,83.75757575757575,1620,729,1380,1384,1221,1673
578,80,80.28,0.4183034379671151,28,83.76470588235294,73.03030303030303,83.93939393939394,1624,734,1385,1385,1224,1676
579,92,80.49,0.41873151944340914,28,83.94117647058823,73.27272727272727,84.15151515151516,1628,739,1391,1386,1226,1679
580,85,80.71,0.41916615041506633,28,84.11764705882354,73.51515151515152,84.39393939393939,1632,744,1397,1388,1228,1682
581,79,80.92,0.41958724666337127,28,84.29411764705883,73.72727272727273,84.63636363636364,1636,748,1403,1390,1230,1685
582,92,81.12,0.41997287968441815,28,84.47058823529412,73.93939393939394,84.84848484848484,1640,752,1408,1392,1232,1688
583,87,81.32,0.42059272011805215,28,84.61764705882354,74.15151515151516,85.0909090909091,1644,757,1414,1394,1233,1690
584,92,81.51,0.4212697828487302,28,84.76470588235294,74.36363636363636,85.3030303030303,1648,762,1419,1396,1234,1692
585,102,81.71,0.421907967201077,28,84.91176470588235,74.60606060606061,85.51515151515152,1652,767,1424,1398,1235,1695
586,97,81.91,0.42255524356000485,28,85.05882352941177,74.84848484848484,85.72727272727273,1656,772,1429,1400,1236,1698
587,106,82.12,0.4230516317584023,28,85.23529411764706,75.0909090909091,85.93939393939394,1660,777,1434,1402,1238,1701
588,105,82.34,0.4234952635414137,28,85.41176470588235,75.33333333333333,86.18181818181819,1664,782,1440,1404,1240,1704
589,100,82.57,0.4239711759719026,28,85.58823529411765,75.60606060606061,86.42424242424242,1668,787,1446,1406,1242,1708
590,104,82.8,0.42445652173913045,28,85.76470588235294,75.87878787878788,86.66666666666667,1672,792,1452,1408,1244,1712
591,108,83.03,0.42495122244971695,28,85.94117647058823,76.15151515151516,86.9090909090909,1676,797,1458,1410,1246,1716
592,105,83.24,0.42534358481499285,28,86.08823529411765,76.42424242424242,87.12121212121212,1679,802,1463,1412,1248,1720
593,112,83.47,0.42580687672217565,28,86.23529411764706,76.72727272727273,87.36363636363636,1682,807,1469,1414,1250,1725
594,106,83.71,0.42632779835145146,28,86.38235294117646,77.06060606060606,87.60606060606061,1685,812,1475,1416,1252,1731
595,93,83.96,0.4267532158170557,28,86.52941176470588,77.42424242424242,87.84848484848484,1688,817,1481,1418,1254,1738
596,93,84.2,0.4271543942992874,28,86.67647058823529,77.78787878787878,88.06060606060606,1691,822,1486,1420,1256,1745
597,91,84.43,0.42751983891981526,28,86.82352941176471,78.12121212121212,88.27272727272727,1694,827,1491,1422,1258,1751
598,85,84.64,0.4279678638941399,28,86.97058823529412,78.39393939393939,88.48484848484848,1697,832,1496,1424,1260,1755
599,82,84.85,0.4284773129051267,28,87.08823529411765,78.6969696969697,88.6969696969697,1700,837,1501,1426,1261,1760
600,80,85.05,0.42895825984714875,28,87.20588235294117,78.96969696969697,88.9090909090909,1703,841,1506,1428,1262,1765
601,79,85.24,0.42935945565462225,28,87.29411764705883,79.27272727272727,89.0909090909091,1705,846,1511,1429,1263,1770
602,76,85.45,0.42967466354593326,28,87.44117647058823,79.57575757575758,89.27272727272727,1708,851,1516,1430,1265,1775
603,74,85.65,0.42995563339171045,28,87.58823529411765,79.87878787878788,89.42424242424242,1711,856,1520,1431,1267,1780
604,71,85.86,0.4302073142324715,28,87.73529411764706,80.18181818181819,89.60606060606061,1714,861,1525,1432,1269,1785
605,65,86.07,0.43030672708260714,28,87.91176470588235,80.45454545454545,89.78787878787878,1717,866,1530,1433,1272,1789
606,61,86.29,0.4304264688839958,28,88.08823529411765,80.75757575757575,89.96969696969697,1720,872,1536,1433,1275,1793
607,49,86.5,0.43051098265895954,28,88.26470588235294,81.06060606060606,90.12121212121212,1723,878,1541,1433,1278,1797
608,48,86.69,0.4306736647825586,28,88.41176470588235,81.36363636363636,90.24242424242425,1726,883,1545,1433,1280,1802
609,43,86.86,0.43084043288049734,28,88.52941176470588,81.63636363636364,90.36363636363636,1728,888,1549,1433,1282,1806
610,42,87.02,0.43086416915651576,28,88.61764705882354,81.9090909090909,90.48484848484848,1729,892,1553,1433,1284,1811
611,36,87.17,0.43080302856487324,28,88.67647058823529,82.18181818181819,90.60606060606061,1729,896,1557,1433,1286,1816
612,33,87.32,0.43076729271644526,28,88.73529411764706,82.45454545454545,90.72727272727273,1729,900,1561,1433,1288,1821
613,28,87.46,0.4307820718042534,28,88.79411764705883,82.66666666666667,90.87878787878788,1729,903,1566,1433,1290,1825
614,28,87.58,0.43079013473395755,28,88.82352941176471,82.87878787878788,91.0,1729,907,1570,1433,1291,1828
615,32,87.69,0.4308507241418634,28,88.88235294117646,83.0,91.15151515151516,1730,910,1575,1433,1292,1829
616,27,87.8,0.4309179954441913,28,88.94117647058823,83.12121212121212,91.3030303030303,1731,913,1580,1433,1293,1830
617,25,87.91,0.4309850983960869,28,89.0,83.24242424242425,91.45454545454545,1732,916,1585,1433,1294,1831
618,27,88.01,0.4310089762526986,28,89.05882352941177,83.36363636363636,91.57575757575758,1733,919,1589,1433,1295,1832
619,29,88.11,0.43101010101010107,28,89.11764705882354,83.51515151515152,91.66666666666667,1734,922,1592,1433,1296,1834
620,34,88.21,0.43112005441559914,28,89.1470588235294,83.66666666666667,91.78787878787878,1735,925,1596,1433,1296,1836
621,35,88.32,0.4312341485507246,28,89.17647058823529,83.81818181818181,91.93939393939394,1736,928,1601,1433,1296,1838
622,41,88.44,0.43131388511985524,28,89.23529411764706,83.96969696969697,92.0909090909091,1737,931,1606,1433,1297,1840
623,41,88.56,0.4314001806684733,28,89.29411764705883,84.12121212121212,92.24242424242425,1738,934,1611,1433,1298,1842
624,54,88.7,0.43147012401352874,28,89.38235294117646,84.3030303030303,92.39393939393939,1740,938,1616,1433,1299,1844
625,53,88.83,0.4315039963976134,28,89.47058823529412,84.45454545454545,92.54545454545455,1742,942,1621,1433,1300,1845
626,47,88.95,0.4315356942102304,28,89.55882352941177,84.57575757575758,92.6969696969697,1744,945,1626,1433,1301,1846
627,52,89.05,0.43153621560920835,28,89.6470588235294,84.66666666666667,92.81818181818181,1746,947,1630,1433,1302,1847
628,54,89.15,0.43155019629837355,28,89.73529411764706,84.75757575757575,92.93939393939394,1748,949,1634,1433,1303,1848
629,49,89.26,0.43160654268429305,28,89.82352941176471,84.87878787878788,93.06060606060606,1750,952,1638,1433,1304,1849
630,49,89.38,0.4317319310807787,28,89.94117647058823,85.0,93.18181818181819,1753,955,1642,1433,1305,1850
631,60,89.51,0.4317964473243213,28,90.05882352941177,85.15151515151516,93.3030303030303,1756,958,1646,1433,1306,1852
632,60,89.66,0.4318581307160384,28,90.17647058823529,85.33333333333333,93.45454545454545,1759,962,1651,1433,1307,1854
633,62,89.82,0.431979514584725,28,90.32352941176471,85.51515151515152,93.60606060606061,1763,966,1656,1433,1308,1856
634,65,90.0,0.4321111111111111,28,90.47058823529412,85.6969696969697,93.81818181818181,1767,970,1662,1434,1309,1858
635,64,90.19,0.4323128949994456,28,90.6470588235294,85.87878787878788,94.03030303030303,1772,974,1668,1435,1310,1860
636,57,90.35,0.43250359712230213,28,90.76470588235294,86.06060606060606,94.21212121212122,1775,978,1673,1436,1311,1862
637,70,90.52,0.43267786124613344,28,90.91176470588235,86.24242424242425,94.39393939393939,1778,982,1678,1437,1313,1864
638,62,90.69,0.4329021942882346,28,91.02941176470588,86.45454545454545,94.57575757575758,1780,986,1683,1438,1315,1867
639,53,90.87,0.4329558710245406,28,91.20588235294117,86.63636363636364,94.75757575757575,1783,989,1688,1439,1318,1870
640,50,91.05,0.4330225151015925,28,91.38235294117646,86.81818181818181,94.93939393939394,1786,992,1693,1440,1321,1873
641,50,91.2,0.43303070175438596,28,91.55882352941177,86.96969696969697,95.06060606060606,1789,995,1697,1440,1324,1875
642,52,91.36,0.43309106830122596,28,91.76470588235294,87.12121212121212,95.18181818181819,1793,998,1701,1440,1327,1877
643,51,91.49,0.43324625642146686,28,91.8529411764706,87.27272727272727,95.33333333333333,1795,1001,1705,1441,1328,1879
644,52,91.63,0.43342464258430646,28,91.94117647058823,87.42424242424242,95.51515151515152,1798,1004,1709,1443,1328,1881
645,43,91.78,0.4335040313793855,28,92.08823529411765,87.57575757575758,95.66666666666667,1801,1007,1713,1444,1330,1883
646,32,91.92,0.4335313315926893,28,92.20588235294117,87.72727272727273,95.81818181818181,1803,1010,1717,1445,1332,1885
647,28,92.05,0.43358283541553505,28,92.32352941176471,87.9090909090909,95.9090909090909,1805,1013,1720,1445,1334,1888
648,25,92.14,0.43380507922726286,28,92.3529411764706,88.06060606060606,96.0,1806,1016,1723,1445,1334,1890
649,22,92.23,0.4340333947739347,28,92.38235294117646,88.21212121212122,96.0909090909091,1807,1019,1726,1445,1334,1892
650,24,92.3,0.43422751895991335,28,92.41176470588235,88.3030303030303,96.18181818181819,1808,1021,1729,1445,1334,1893
651,23,92.37,0.43442351412796365,28,92.44117647058823,88.39393939393939,96.27272727272727,1809,1023,1732,1445,1334,1894
652,30,92.45,0.434664142779881,28,92.47058823529412,88.51515151515152,96.36363636363636,1810,1026,1735,1445,1334,1895
653,35,92.52,0.4348465196714224,28,92.47058823529412,88.63636363636364,96.45454545454545,1810,1029,1738,1445,1334,1896
654,35,92.61,0.43507288629737606,28,92.52941176470588,88.75757575757575,96.54545454545455,1811,1032,1741,1445,1335,1897
655,28,92.71,0.4353025563585373,28,92.58823529411765,88.9090909090909,96.63636363636364,1812,1035,1744,1445,1336,1899
656,21,92.81,0.43553819631505225,28,92.6470588235294,89.06060606060606,96.72727272727273,1813,1038,1747,1445,1337,1901
657,23,92.88,0.435671834625323,28,92.67647058823529,89.15151515151516,96.81818181818181,1813,1040,1750,1445,1338,1902
658,18,92.96,0.43584552495697076,28,92.70588235294117,89.27272727272727,96.9090909090909,1813,1043,1753,1445,1339,1903
659,17,93.03,0.43597226701064173,28,92.73529411764706,89.39393939393939,96.96969696969697,1813,1046,1755,1445,1340,1904
660,16,93.1,0.4361031149301826,28,92.76470588235294,89.51515151515152,97.03030303030303,1813,1049,1757,1445,1341,1905
661,15,93.17,0.43625308575721794,28,92.79411764705883,89.60606060606061,97.12121212121212,1813,1051,1760,1445,1342,1906
662,15,93.23,0.43641638957417145,28,92.79411764705883,89.6969696969697,97.21212121212122,1813,1053,1763,1445,1342,1907
663,15,93.29,0.43658162718404975,28,92.79411764705883,89.78787878787878,97.3030303030303,1813,1055,1766,1445,1342,1908
664,12,93.35,0.4366866630958757,28,92.82352941176471,89.87878787878788,97.36363636363636,1813,1057,1768,1445,1343,1909
665,10,93.4,0.4368029978586723,28,92.82352941176471,89.96969696969697,97.42424242424242,1813,1059,1770,1445,1343,1910
666,8,93.45,0.4369192081326913,28,92.82352941176471,90.06060606060606,97.48484848484848,1813,1061,1772,1445,1343,1911
667,7,93.49,0.43699967911006526,28,92.82352941176471,90.12121212121212,97.54545454545455,1813,1062,1774,1445,1343,1912
668,7,93.52,0.43705945252352435,28,92.82352941176471,90.15151515151516,97.60606060606061,1813,1063,1776,1445,1343,1912
669,7,93.55,0.4371191876002138,28,92.82352941176471,90.18181818181819,97.66666666666667,1813,1064,1778,1445,1343,1912
670,7,93.58,0.4371788843770036,28,92.82352941176471,90.21212121212122,97.72727272727273,1813,1065,1780,1445,1343,1912
671,7,93.61,0.43723854289071684,28,92.82352941176471,90.24242424242425,97.78787878787878,1813,1066,1782,1445,1343,1912
672,7,93.64,0.437298163178129,28,92.82352941176471,90.27272727272727,97.84848484848484,1813,1067,1784,1445,1343,1912
673,7,93.67,0.43735988043130136,28,92.82352941176471,90.3030303030303,97.9090909090909,1813,1068,1786,1445,1343,1912
674,7,93.7,0.43742155816435435,28,92.82352941176471,90.33333333333333,97.96969696969697,1813,1069,1788,1445,1343,1912
675,7,93.73,0.43748319641523525,28,92.82352941176471,90.36363636363636,98.03030303030303,1813,1070,1790,1445,1343,1912
676,7,93.76,0.437544795221843,28,92.82352941176471,90.39393939393939,98.0909090909091,1813,1071,1792,1445,1343,1912
677,7,93.79,0.4376063546220279,28,92.82352941176471,90.42424242424242,98.15151515151516,1813,1072,1794,1445,1343,1912
678,7,93.82,0.437667874653592,28,92.82352941176471,90.45454545454545,98.21212121212122,1813,1073,1796,1445,1343,1912
679,7,93.85,0.4377293553542888,28,92.82352941176471,90.48484848484848,98.27272727272727,1813,1074,1798,1445,1343,1912
680,7,93.88,0.43779079676182364,28,92.82352941176471,90.51515151515152,98.33333333333333,1813,1075,1800,1445,1343,1912
681,7,93.91,0.4378521989138537,28,92.82352941176471,90.54545454545455,98.39393939393939,1813,1076,1802,1445,1343,1912
682,7,93.94,0.4379135618479881,28,92.82352941176471,90.57575757575758,98.45454545454545,1813,1077,1804,1445,1343,1912
683,11,93.96,0.43794380587484033,28,92.82352941176471,90.60606060606061,98.48484848484848,1813,1078,1805,1445,1343,1912
684,17,93.99,0.4379965953824875,28,92.82352941176471,90.66666666666667,98.51515151515152,1813,1080,1806,1445,1343,1912
685,20,94.05,0.4380021265284423,28,92.8529411764706,90.75757575757575,98.57575757575758,1814,1082,1808,1445,1343,1913
686,19,94.12,0.4380535486612835,28,92.88235294117646,90.84848484848484,98.66666666666667,1815,1084,1810,1446,1343,1914
687,18,94.19,0.4381155112007644,28,92.91176470588235,90.93939393939394,98.75757575757575,1816,1086,1813,1446,1343,1915
688,17,94.26,0.4381816252917462,28,92.94117647058823,91.03030303030303,98.84848484848484,1817,1088,1816,1446,1343,1916
689,16,94.33,0.43824764125940846,28,92.97058823529412,91.12121212121212,98.93939393939394,1818,1090,1819,1446,1343,1917
690,18,94.4,0.4383305084745763,28,93.0,91.18181818181819,99.06060606060606,1819,1091,1822,1447,1343,1918
691,18,94.46,0.43834427270802456,28,93.02941176470588,91.27272727272727,99.12121212121212,1820,1093,1824,1447,1343,1919
692,21,94.52,0.43854422344477356,28,93.05882352941177,91.33333333333333,99.21212121212122,1821,1095,1827,1447,1343,1919
693,26,94.59,0.43871128026218414,28,93.08823529411765,91.39393939393939,99.33333333333333,1822,1097,1830,1448,1343,1919
694,30,94.67,0.43890884123798457,28,93.1470588235294,91.42424242424242,99.48484848484848,1824,1098,1833,1450,1343,1919
695,36,94.76,0.4391346559729844,28,93.20588235294117,91.48484848484848,99.63636363636364,1826,1100,1836,1452,1343,1919
696,33,94.85,0.43936636794939377,28,93.26470588235294,91.54545454545455,99.78787878787878,1828,1102,1839,1454,1343,1919
697,36,94.94,0.43959764061512535,28,93.32352941176471,91.60606060606061,99.93939393939394,1830,1104,1842,1456,1343,1919
698,31,95.02,0.4397874131761734,28,93.38235294117646,91.66666666666667,100.06060606060606,1832,1106,1845,1457,1343,1919
699,30,95.09,0.4399758123882638,28,93.44117647058823,91.72727272727273,100.15151515151516,1834,1108,1848,1457,1343,1919
700,35,95.16,0.4401639344262295,28,93.5,91.78787878787878,100.24242424242425,1836,1110,1851,1457,1343,1919
701,31,95.23,0.4403538800798068,28,93.55882352941177,91.84848484848484,100.33333333333333,1838,1112,1854,1457,1343,1919
702,30,95.3,0.4405477439664218,28,93.61764705882354,91.9090909090909,100.42424242424242,1840,1114,1857,1457,1343,1919
703,35,95.37,0.4407434203627975,28,93.67647058823529,91.96969696969697,100.51515151515152,1842,1116,1860,1457,1343,1919
704,31,95.44,0.44093880972338645,28,93.73529411764706,92.03030303030303,100.60606060606061,1844,1118,1863,1457,1343,1919
705,30,95.51,0.44113600670086905,28,93.79411764705883,92.0909090909091,100.6969696969697,1846,1120,1866,1457,1343,1919
706,38,95.58,0.4413350073237079,28,93.8529411764706,92.15151515151516,100.78787878787878,1848,1122,1869,1457,1343,1919
707,39,95.66,0.44159105164122936,28,93.91176470588235,92.21212121212122,100.9090909090909,1850,1124,1873,1457,1343,1919
708,37,95.77,0.4418805471441996,28,94.05882352941177,92.27272727272727,101.03030303030303,1854,1126,1877,1457,1344,1919
709,42,95.87,0.4421623031188067,28,94.17647058823529,92.33333333333333,101.15151515151516,1858,1128,1881,1457,1344,1919
710,38,95.97,0.44244555590288637,28,94.29411764705883,92.39393939393939,101.27272727272727,1862,1130,1885,1457,1344,1919
711,37,96.07,0.44273862808368897,28,94.41176470588235,92.45454545454545,101.39393939393939,1866,1132,1889,1457,1344,1919
712,48,96.17,0.4430310907767495,28,94.52941176470588,92.51515151515152,101.51515151515152,1870,1134,1893,1457,1344,1919
713,46,96.28,0.443377648525135,28,94.67647058823529,92.57575757575758,101.63636363636364,1875,1136,1897,1457,1344,1919
714,43,96.4,0.4436825726141079,28,94.82352941176471,92.66666666666667,101.75757575757575,1880,1138,1901,1457,1344,1920
715,49,96.52,0.44399088271860754,28,94.97058823529412,92.75757575757575,101.87878787878788,1885,1140,1905,1457,1344,1921
716,47,96.63,0.4441860705784953,28,95.08823529411765,92.84848484848484,102.0,1888,1142,1909,1457,1345,1922
717,45,96.74,0.4444614430432086,28,95.20588235294117,92.93939393939394,102.12121212121212,1891,1144,1913,1457,1346,1923
718,46,96.85,0.4447382550335571,28,95.32352941176471,93.03030303030303,102.24242424242425,1894,1146,1917,1457,1347,1924
719,41,96.96,0.445016501650165,28,95.44117647058823,93.12121212121212,102.36363636363636,1897,1148,1921,1457,1348,1925
720,36,97.07,0.4451025033480993,28,95.52941176470588,93.21212121212122,102.51515151515152,1899,1150,1925,1458,1349,1926
721,39,97.16,0.4451770275833677,28,95.61764705882354,93.27272727272727,102.63636363636364,1901,1152,1928,1459,1350,1926
722,33,97.25,0.44525758354755784,28,95.70588235294117,93.33333333333333,102.75757575757575,1903,1154,1931,1460,1351,1926
723,31,97.33,0.44547724237131414,28,95.79411764705883,93.39393939393939,102.84848484848484,1905,1156,1934,1460,1352,1926
724,35,97.41,0.44569859357355507,28,95.88235294117646,93.45454545454545,102.93939393939394,1907,1158,1937,1460,1353,1926
725,30,97.49,0.44592368448045955,28,95.97058823529412,93.51515151515152,103.03030303030303,1909,1160,1940,1460,1354,1926
726,29,97.56,0.4461562115621156,28,96.02941176470588,93.57575757575758,103.12121212121212,1911,1162,1943,1460,1354,1926
727,34,97.63,0.446390453753969,28,96.08823529411765,93.63636363636364,103.21212121212122,1913,1164,1946,1460,1354,1926
728,30,97.7,0.4466243602865916,28,96.1470588235294,93.6969696969697,103.3030303030303,1915,1166,1949,1460,1354,1926
729,29,97.77,0.4468579318809451,28,96.20588235294117,93.75757575757575,103.39393939393939,1917,1168,1952,1460,1354,1926
730,34,97.84,0.4470932134096484,28,96.26470588235294,93.81818181818181,103.48484848484848,1919,1170,1955,1460,1354,1926
731,30,97.91,0.44732815851292,28,96.32352941176471,93.87878787878788,103.57575757575758,1921,1172,1958,1460,1354,1926
732,29,97.98,0.44756685037762806,28,96.38235294117646,93.93939393939394,103.66666666666667,1923,1174,1961,1460,1354,1926
733,34,98.05,0.4478052014278429,28,96.44117647058823,94.0,103.75757575757575,1925,1176,1964,1460,1354,1926
734,30,98.12,0.44804525071341217,28,96.5,94.06060606060606,103.84848484848484,1927,1178,1967,1460,1354,1926
735,29,98.19,0.4482869946023017,28,96.55882352941177,94.12121212121212,103.93939393939394,1929,1180,1970,1460,1354,1926
736,34,98.26,0.44852839405658457,28,96.61764705882354,94.18181818181819,104.03030303030303,1931,1182,1973,1460,1354,1926
737,33,98.33,0.448769449811858,28,96.67647058823529,94.24242424242425,104.12121212121212,1933,1184,1976,1460,1354,1926
738,31,98.41,0.4490570064017884,28,96.76470588235294,94.3030303030303,104.21212121212122,1936,1186,1979,1460,1354,1926
739,41,98.49,0.4493501878363286,28,96.8529411764706,94.36363636363636,104.3030303030303,1939,1188,1982,1460,1354,1926
740,40,98.59,0.4496774520742469,28,97.0,94.42424242424242,104.39393939393939,1944,1190,1985,1460,1354,1926
741,39,98.69,0.45000607964332756,28,97.1470588235294,94.48484848484848,104.48484848484848,1949,1192,1988,1460,1354,1926
742,44,98.79,0.45033404190707566,28,97.29411764705883,94.54545454545455,104.57575757575758,1954,1194,1991,1460,1354,1926
743,39,98.9,0.4506592517694641,28,97.47058823529412,94.60606060606061,104.66666666666667,1959,1196,1994,1460,1355,1926
744,37,99.01,0.450987779012221,28,97.6470588235294,94.66666666666667,104.75757575757575,1964,1198,1997,1460,1356,1926
745,41,99.12,0.451317594834544,28,97.82352941176471,94.72727272727273,104.84848484848484,1969,1200,2000,1460,1357,1926
746,41,99.21,0.45160870879951615,28,97.94117647058823,94.78787878787878,104.93939393939394,1972,1202,2003,1460,1358,1926
747,43,99.31,0.451955492901017,28,98.08823529411765,94.84848484848484,105.03030303030303,1976,1204,2006,1460,1359,1926
748,47,99.42,0.4522872661436331,28,98.26470588235294,94.9090909090909,105.12121212121212,1981,1206,2009,1460,1360,1926
749,42,99.53,0.45262433437154626,28,98.44117647058823,94.96969696969697,105.21212121212122,1986,1208,2012,1460,1361,1926
750,37,99.64,0.4529626655961462,28,98.61764705882354,95.03030303030303,105.3030303030303,1991,1210,2015,1460,1362,1926
751,41,99.75,0.4531097744360902,28,98.76470588235294,95.0909090909091,105.42424242424242,1995,1212,2018,1461,1363,1926
752,35,99.84,0.4533473557692308,28,98.88235294117646,95.15151515151516,105.51515151515152,1998,1214,2021,1461,1364,1926
753,33,99.92,0.4536008807045636,28,98.97058823529412,95.21212121212122,105.60606060606061,2000,1216,2024,1461,1365,1926
754,37,100.0,0.453854,28,99.05882352941177,95.27272727272727,105.6969696969697,2002,1218,2027,1461,1366,1926
755,32,100.08,0.4541087130295763,28,99.1470588235294,95.33333333333333,105.78787878787878,2004,1220,2030,1461,1367,1926
756,30,100.16,0.4543670127795527,28,99.23529411764706,95.39393939393939,105.87878787878788,2006,1222,2033,1461,1368,1926
757,34,100.24,0.45462490023942537,28,99.32352941176471,95.45454545454545,105.96969696969697,2008,1224,2036,1461,1369,1926
758,36,100.31,0.4548768816668328,28,99.38235294117646,95.51515151515152,106.06060606060606,2010,1226,2039,1461,1369,1926
759,40,100.39,0.4551578842514195,28,99.47058823529412,95.57575757575758,106.15151515151516,2013,1228,2042,1461,1369,1926
760,38,100.47,0.4554384393351249,28,99.55882352941177,95.63636363636364,106.24242424242425,2016,1230,2045,1461,1369,1926
761,48,100.55,0.4557185479860766,28,99.6470588235294,95.6969696969697,106.33333333333333,2019,1232,2048,1461,1369,1926
762,46,100.63,0.4560001987478883,28,99.73529411764706,95.75757575757575,106.42424242424242,2022,1234,2051,1461,1369,1926
763,59,100.71,0.45628338794558637,28,99.82352941176471,95.81818181818181,106.51515151515152,2025,1236,2054,1461,1369,1926
764,67,100.81,0.4566640214264458,28,99.97058823529412,95.87878787878788,106.60606060606061,2030,1238,2057,1461,1369,1926
765,65,100.92,0.45702933016250497,28,100.1470588235294,95.93939393939394,106.6969696969697,2036,1240,2060,1461,1369,1926
766,63,101.03,0.45739384341284767,28,100.32352941176471,96.0,106.78787878787878,2042,1242,2063,1461,1369,1926
767,63,101.15,0.4577647058823529,28,100.52941176470588,96.06060606060606,106.87878787878788,2048,1244,2066,1461,1370,1926
768,67,101.26,0.45799723484100335,28,100.67647058823529,96.12121212121212,107.0,2052,1246,2069,1462,1371,1926
769,64,101.38,0.4582185835470507,28,100.8529411764706,96.18181818181819,107.12121212121212,2057,1248,2072,1463,1372,1926
770,63,101.51,0.4584760122155453,28,101.02941176470588,96.24242424242425,107.27272727272727,2062,1250,2075,1465,1373,1926
771,59,101.64,0.4587426210153483,28,101.20588235294117,96.3030303030303,107.42424242424242,2067,1252,2078,1467,1374,1926
772,59,101.79,0.4587670694567246,28,101.44117647058823,96.36363636363636,107.57575757575758,2072,1254,2081,1469,1377,1926
773,62,101.94,0.4588247989013145,28,101.70588235294117,96.42424242424242,107.6969696969697,2078,1256,2083,1471,1380,1926
774,63,102.08,0.4588793103448276,28,101.94117647058823,96.48484848484848,107.81818181818181,2084,1258,2085,1473,1382,1926
775,62,102.21,0.4589032384306819,28,102.17647058823529,96.54545454545455,107.9090909090909,2090,1260,2086,1475,1384,1926
776,63,102.35,0.45897117733268195,28,102.41176470588235,96.60606060606061,108.03030303030303,2096,1262,2088,1477,1386,1926
777,72,102.5,0.45907707317073165,28,102.6470588235294,96.66666666666667,108.18181818181819,2102,1264,2091,1479,1388,1926
778,76,102.64,0.4591523772408418,28,102.88235294117646,96.72727272727273,108.3030303030303,2108,1266,2094,1480,1390,1926
779,79,102.79,0.45927132989590425,28,103.11764705882354,96.78787878787878,108.45454545454545,2114,1268,2097,1482,1392,1926
780,88,102.94,0.4593957645230231,28,103.3529411764706,96.84848484848484,108.60606060606061,2120,1270,2100,1484,1394,1926
781,85,103.09,0.45952371714036283,28,103.58823529411765,96.9090909090909,108.75757575757575,2126,1272,2103,1486,1396,1926
782,82,103.24,0.4596590468810538,28,103.82352941176471,96.96969696969697,108.9090909090909,2132,1274,2106,1488,1398,1926
783,82,103.39,0.4598055904826386,28,104.05882352941177,97.03030303030303,109.06060606060606,2138,1276,2109,1490,1400,1926
784,86,103.56,0.4599633062958672,28,104.32352941176471,97.12121212121212,109.21212121212122,2144,1278,2112,1492,1403,1927
785,86,103.74,0.46012531328320805,28,104.61764705882354,97.21212121212122,109.36363636363636,2151,1280,2115,1494,1406,1928
786,99,103.91,0.4602896737561351,28,104.88235294117646,97.3030303030303,109.51515151515152,2157,1282,2118,1496,1409,1929
787,91,104.08,0.4604592621060723,28,105.1470588235294,97.39393939393939,109.66666666666667,2163,1284,2121,1498,1412,1930
788,91,104.26,0.46063686936504894,28,105.44117647058823,97.48484848484848,109.81818181818181,2170,1286,2124,1500,1415,1931
789,106,104.44,0.4608215243201838,28,105.73529411764706,97.57575757575758,109.96969696969697,2177,1288,2127,1502,1418,1932
790,99,104.63,0.46106183694924974,28,106.02941176470588,97.66666666666667,110.15151515151516,2184,1290,2131,1504,1421,1933
791,95,104.82,0.4613050944476245,28,106.32352941176471,97.75757575757575,110.33333333333333,2191,1292,2135,1506,1424,1934
792,94,105.01,0.4615531854109133,28,106.61764705882354,97.84848484848484,110.51515151515152,2198,1294,2139,1508,1427,1935
793,89,105.18,0.4617588895227229,28,106.88235294117646,97.93939393939394,110.66666666666667,2204,1296,2142,1510,1430,1936
794,94,105.37,0.46201290689949703,28,107.17647058823529,98.03030303030303,110.84848484848484,2211,1298,2146,1512,1433,1937
795,106,105.55,0.4622425390810043,28,107.44117647058823,98.12121212121212,111.03030303030303,2217,1300,2150,1514,1436,1938
796,97,105.73,0.46248084744159657,28,107.70588235294117,98.21212121212122,111.21212121212122,2223,1302,2154,1516,1439,1939
797,107,105.93,0.462668743509865,28,108.0,98.33333333333333,111.39393939393939,2230,1304,2158,1518,1442,1941
798,110,106.11,0.46289982094053345,28,108.29411764705883,98.42424242424242,111.54545454545455,2237,1306,2161,1520,1445,1942
799,102,106.28,0.46310876928867145,28,108.55882352941177,98.51515151515152,111.6969696969697,2243,1308,2164,1522,1448,1943
800,97,106.45,0.46331705025833725,28,108.82352941176471,98.60606060606061,111.84848484848484,2249,1310,2167,1524,1451,1944
801,101,106.62,0.4635284186831739,28,109.08823529411765,98.6969696969697,112.0,2255,1312,2170,1526,1454,1945
802,93,106.79,0.4637447326528701,28,109.3529411764706,98.78787878787878,112.15151515151516,2261,1314,2173,1528,1457,1946
803,97,106.96,0.46396596858638744,28,109.61764705882354,98.87878787878788,112.3030303030303,2267,1316,2176,1530,1460,1947
804,104,107.13,0.46418650238028564,28,109.88235294117646,98.96969696969697,112.45454545454545,2273,1318,2179,1532,1463,1948
805,108,107.3,0.4644100652376515,28,110.1470588235294,99.06060606060606,112.60606060606061,2279,1320,2182,1534,1466,1949
806,103,107.47,0.4646403647529543,28,110.41176470588235,99.15151515151516,112.75757575757575,2285,1322,2185,1536,1469,1950
807,95,107.64,0.4648736529171312,28,110.67647058823529,99.24242424242425,112.9090909090909,2291,1324,2188,1538,1472,1951
808,99,107.81,0.4651099155922456,28,110.94117647058823,99.33333333333333,113.06060606060606,2297,1326,2191,1540,1475,1952
809,103,107.98,0.4653491387293943,28,111.20588235294117,99.42424242424242,113.21212121212122,2303,1328,2194,1542,1478,1953
810,98,108.15,0.4655913083680074,28,111.47058823529412,99.51515151515152,113.36363636363636,2309,1330,2197,1544,1481,1954
811,97,108.31,0.4658360262210322,28,111.73529411764706,99.57575757575758,113.51515151515152,2315,1332,2200,1546,1484,1954
812,103,108.46,0.466059376728748,28,111.97058823529412,99.63636363636364,113.66666666666667,2320,1334,2203,1548,1487,1954
813,106,108.61,0.4662765859497284,28,112.23529411764706,99.66666666666667,113.81818181818181,2326,1335,2206,1550,1490,1954
814,102,108.77,0.4665321320216972,28,112.5,99.72727272727273,113.96969696969697,2332,1337,2209,1552,1493,1954
815,95,108.93,0.4667887634260534,28,112.76470588235294,99.78787878787878,114.12121212121212,2338,1339,2212,1554,1496,1954
816,109,109.09,0.4670464753872949,28,113.02941176470588,99.84848484848484,114.27272727272727,2344,1341,2215,1556,1499,1954
817,108,109.25,0.4673052631578948,28,113.29411764705883,99.9090909090909,114.42424242424242,2350,1343,2218,1558,1502,1954
818,103,109.42,0.4674794370316213,28,113.58823529411765,99.96969696969697,114.57575757575758,2356,1345,2221,1560,1506,1954
819,95,109.59,0.46766037047175835,28,113.88235294117646,100.03030303030303,114.72727272727273,2362,1347,2224,1562,1510,1954
820,87,109.76,0.4678553206997085,28,114.17647058823529,100.0909090909091,114.87878787878788,2368,1349,2227,1564,1514,1954
821,83,109.92,0.46801310043668126,28,114.47058823529412,100.15151515151516,115.0,2374,1351,2229,1566,1518,1954
822,84,110.09,0.46822508856390227,28,114.76470588235294,100.21212121212122,115.15151515151516,2380,1353,2232,1568,1522,1954
823,83,110.25,0.4684018140589569,28,115.05882352941177,100.27272727272727,115.27272727272727,2386,1355,2234,1570,1526,1954
824,82,110.41,0.46858527307309117,28,115.3529411764706,100.33333333333333,115.39393939393939,2392,1357,2236,1572,1530,1954
825,81,110.57,0.46877724518404634,28,115.6470588235294,100.39393939393939,115.51515151515152,2398,1359,2238,1574,1534,1954
826,78,110.72,0.4689830202312139,28,115.94117647058823,100.45454545454545,115.60606060606061,2404,1361,2240,1575,1538,1954
827,75,110.87,0.4691936502209795,28,116.23529411764706,100.51515151515152,115.6969696969697,2410,1363,2242,1576,1542,1954
828,78,111.02,0.4694109169519005,28,116.52941176470588,100.57575757575758,115.78787878787878,2416,1365,2244,1577,1546,1954
829,75,111.17,0.46963299451290813,28,116.82352941176471,100.63636363636364,115.87878787878788,2422,1367,2246,1578,1550,1954
830,68,111.33,0.4699029911075182,28,117.11764705882354,100.6969696969697,116.0,2428,1369,2249,1579,1554,1954
831,85,111.46,0.4701758478377894,28,117.32352941176471,100.75757575757575,116.12121212121212,2433,1371,2252,1580,1556,1954
832,92,111.6,0.4704462365591398,28,117.55882352941177,100.84848484848484,116.21212121212122,2439,1373,2254,1581,1558,1955
833,93,111.74,0.4707213173438339,28,117.79411764705883,100.93939393939394,116.3030303030303,2445,1375,2256,1582,1560,1956
834,87,111.89,0.4710134953972652,28,118.02941176470588,101.06060606060606,116.39393939393939,2451,1377,2258,1583,1562,1958
835,87,112.04,0.4713084612638343,28,118.26470588235294,101.18181818181819,116.48484848484848,2457,1379,2260,1584,1564,1960
836,83,112.2,0.4716167557932264,28,118.52941176470588,101.3030303030303,116.57575757575758,2463,1381,2262,1585,1567,1962
837,86,112.38,0.4718562021712049,28,118.82352941176471,101.42424242424242,116.6969696969697,2469,1383,2264,1587,1571,1964
838,88,112.57,0.4721373367682331,28,119.11764705882354,101.54545454545455,116.84848484848484,2475,1385,2267,1589,1575,1966
839,85,112.75,0.47246740576496676,28,119.38235294117646,101.66666666666667,117.0,2481,1387,2270,1591,1578,1968
840,71,112.92,0.4727577045696068,28,119.61764705882354,101.78787878787878,117.15151515151516,2486,1389,2273,1593,1581,1970
841,69,113.09,0.47305066760986825,28,119.8529411764706,101.9090909090909,117.3030303030303,2491,1391,2276,1595,1584,1972
842,55,113.26,0.47334451704043795,28,120.08823529411765,102.03030303030303,117.45454545454545,2496,1393,2279,1597,1587,1974
843,46,113.41,0.4736063839167622,28,120.32352941176471,102.15151515151516,117.54545454545455,2501,1395,2281,1598,1590,1976
844,47,113.55,0.47387142228093354,28,120.55882352941177,102.24242424242425,117.63636363636364,2506,1397,2283,1599,1593,1977
845,49,113.65,0.47400527936647596,28,120.73529411764706,102.3030303030303,117.6969696969697,2509,1398,2284,1600,1596,1978
846,48,113.75,0.4741564835164835,28,120.88235294117646,102.36363636363636,117.78787878787878,2511,1399,2286,1601,1599,1979
847,51,113.87,0.474375164661456,28,121.08823529411765,102.42424242424242,117.87878787878788,2515,1400,2288,1602,1602,1980
848,50,114.0,0.4744719298245614,28,121.29411764705883,102.48484848484848,118.0,2519,1401,2290,1604,1605,1981
849,55,114.13,0.4747174274949619,28,121.52941176470588,102.54545454545455,118.0909090909091,2524,1402,2292,1605,1608,1982
850,66,114.26,0.47480308069315597,28,121.73529411764706,102.60606060606061,118.21212121212122,2528,1403,2294,1607,1611,1983
851,61,114.4,0.47494055944055946,28,121.97058823529412,102.63636363636364,118.36363636363636,2533,1404,2297,1609,1614,1983
852,56,114.54,0.4750811943425877,28,122.20588235294117,102.66666666666667,118.51515151515152,2538,1405,2300,1611,1617,1983
853,47,114.69,0.4751809224867033,28,122.47058823529412,102.6969696969697,118.66666666666667,2543,1406,2303,1613,1621,1983
854,43,114.82,0.4752168611740115,28,122.70588235294117,102.72727272727273,118.78787878787878,2547,1407,2305,1615,1625,1983
855,37,114.94,0.47528797633547937,28,122.91176470588235,102.75757575757575,118.9090909090909,2551,1408,2307,1617,1628,1983
856,33,115.04,0.4754485396383866,28,123.11764705882354,102.75757575757575,119.0,2555,1408,2309,1618,1631,1983
857,26,115.14,0.4756157721035262,28,123.32352941176471,102.75757575757575,119.0909090909091,2559,1408,2311,1619,1634,1983
858,26,115.23,0.4757554456304782,28,123.5,102.75757575757575,119.18181818181819,2562,1408,2313,1620,1637,1983
859,24,115.31,0.47581389298412974,28,123.6470588235294,102.78787878787878,119.24242424242425,2564,1408,2314,1621,1640,1984
860,19,115.39,0.47592772337290923,28,123.79411764705883,102.81818181818181,119.3030303030303,2567,1408,2315,1622,1642,1985
861,14,115.47,0.47604659218844725,28,123.94117647058823,102.84848484848484,119.36363636363636,2570,1408,2316,1623,1644,1986
862,18,115.52,0.47619113573407207,28,124.02941176470588,102.84848484848484,119.42424242424242,2572,1408,2317,1624,1645,1986
863,24,115.58,0.47634711887869874,28,124.11764705882354,102.87878787878788,119.48484848484848,2574,1409,2318,1625,1646,1986
864,30,115.64,0.47652715323417505,28,124.17647058823529,102.9090909090909,119.57575757575758,2576,1410,2320,1626,1646,1986
865,33,115.7,0.47670700086430423,28,124.23529411764706,102.93939393939394,119.66666666666667,2578,1411,2322,1627,1646,1986
866,33,115.76,0.47688666205943325,28,124.29411764705883,102.96969696969697,119.75757575757575,2580,1412,2324,1628,1646,1986
867,32,115.83,0.47708624708624714,28,124.3529411764706,103.03030303030303,119.84848484848484,2582,1413,2326,1629,1646,1987
868,37,115.9,0.4772855910267472,28,124.41176470588235,103.0909090909091,119.93939393939394,2584,1414,2328,1630,1646,1988
869,37,115.96,0.47744567092100726,28,124.47058823529412,103.15151515151516,120.0,2586,1415,2329,1631,1646,1989
870,33,116.03,0.4776445746789624,28,124.52941176470588,103.21212121212122,120.0909090909091,2588,1416,2331,1632,1646,1990
871,29,116.1,0.4778432385874246,28,124.58823529411765,103.27272727272727,120.18181818181819,2590,1417,2333,1633,1646,1991
872,27,116.18,0.4780220347736271,28,124.6470588235294,103.36363636363636,120.27272727272727,2592,1418,2335,1634,1646,1993
873,31,116.26,0.47820058489592293,28,124.70588235294117,103.45454545454545,120.36363636363636,2594,1419,2337,1635,1646,1995
874,32,116.34,0.478380608561114,28,124.76470588235294,103.54545454545455,120.45454545454545,2596,1420,2339,1636,1646,1997
875,30,116.42,0.478498539769799,28,124.8529411764706,103.60606060606061,120.54545454545455,2598,1420,2341,1637,1647,1999
876,26,116.49,0.47859472916130136,28,124.91176470588235,103.66666666666667,120.63636363636364,2599,1420,2343,1638,1648,2001
877,26,116.55,0.4787327327327327,28,124.94117647058823,103.72727272727273,120.72727272727273,2600,1420,2345,1639,1648,2003
878,23,116.61,0.4788723094074265,28,124.97058823529412,103.78787878787878,120.81818181818181,2601,1420,2347,1640,1648,2005
879,20,116.67,0.47901174252164225,28,125.0,103.84848484848484,120.9090909090909,2602,1420,2349,1641,1648,2007
880,19,116.74,0.4791793729655645,28,125.05882352941177,103.9090909090909,121.0,2604,1420,2351,1642,1648,2009
881,27,116.81,0.479346802499786,28,125.11764705882354,103.96969696969697,121.0909090909091,2606,1420,2353,1643,1648,2011
882,26,116.88,0.479515742642026,28,125.17647058823529,104.03030303030303,121.18181818181819,2608,1420,2355,1644,1648,2013
883,28,116.95,0.4796861906797777,28,125.23529411764706,104.0909090909091,121.27272727272727,2610,1420,2357,1645,1648,2015
884,30,117.02,0.4798581439070244,28,125.29411764705883,104.15151515151516,121.36363636363636,2612,1420,2359,1646,1648,2017
885,29,117.09,0.48002989153642495,28,125.3529411764706,104.21212121212122,121.45454545454545,2614,1420,2361,1647,1648,2019
886,29,117.18,0.4800426693975081,28,125.44117647058823,104.27272727272727,121.57575757575758,2616,1421,2363,1649,1649,2020
887,33,117.26,0.480175677980556,28,125.52941176470588,104.33333333333333,121.66666666666667,2618,1422,2365,1650,1650,2021
888,29,117.33,0.4802787010994631,28,125.61764705882354,104.39393939393939,121.72727272727273,2620,1423,2367,1650,1651,2022
889,32,117.39,0.48036715222761733,28,125.70588235294117,104.42424242424242,121.78787878787878,2622,1423,2369,1650,1652,2023
890,32,117.45,0.4804572158365261,28,125.79411764705883,104.45454545454545,121.84848484848484,2624,1423,2371,1650,1653,2024
891,39,117.53,0.48059304007487447,28,125.88235294117646,104.51515151515152,121.93939393939394,2626,1424,2374,1650,1654,2025
892,43,117.61,0.48072867953405324,28,125.97058823529412,104.57575757575758,122.03030303030303,2628,1425,2377,1650,1655,2026
893,35,117.69,0.48071119041549837,28,126.05882352941177,104.63636363636364,122.12121212121212,2630,1426,2379,1651,1656,2027
894,48,117.77,0.48070051795873314,28,126.1470588235294,104.6969696969697,122.21212121212122,2632,1427,2381,1652,1657,2028
895,48,117.86,0.4807313762090616,28,126.23529411764706,104.75757575757575,122.33333333333333,2634,1428,2384,1653,1658,2029
896,42,117.95,0.48076557863501485,28,126.32352941176471,104.81818181818181,122.45454545454545,2636,1429,2387,1654,1659,2030
897,48,118.04,0.48079972890545575,28,126.41176470588235,104.87878787878788,122.57575757575758,2638,1430,2390,1655,1660,2031
898,48,118.13,0.48083721323965123,28,126.5,104.93939393939394,122.6969696969697,2640,1431,2393,1656,1661,2032
899,39,118.22,0.48087633226188464,28,126.58823529411765,105.0,122.81818181818181,2642,1432,2396,1657,1662,2033
900,42,118.31,0.48091539176739073,28,126.67647058823529,105.06060606060606,122.93939393939394,2644,1433,2399,1658,1663,2034
901,47,118.41,0.4809889367452073,28,126.76470588235294,105.12121212121212,123.0909090909091,2646,1434,2402,1660,1664,2035
902,40,118.51,0.4810640452282508,28,126.8529411764706,105.18181818181819,123.24242424242425,2648,1435,2405,1662,1665,2036
903,42,118.61,0.4811390270634854,28,126.94117647058823,105.24242424242425,123.39393939393939,2650,1436,2408,1664,1666,2037
904,45,118.7,0.48117101937657963,28,127.02941176470588,105.3030303030303,123.51515151515152,2652,1437,2410,1666,1667,2038
905,40,118.78,0.48116517932311836,28,127.11764705882354,105.36363636363636,123.60606060606061,2654,1438,2411,1668,1668,2039
906,38,118.86,0.48115934713107855,28,127.20588235294117,105.42424242424242,123.6969696969697,2656,1439,2412,1670,1669,2040
907,44,118.95,0.4812013451029844,28,127.29411764705883,105.48484848484848,123.81818181818181,2658,1440,2414,1672,1670,2041
908,35,119.04,0.48124663978494625,28,127.38235294117646,105.54545454545455,123.93939393939394,2660,1441,2416,1674,1671,2042
909,36,119.12,0.4812709872397582,28,127.47058823529412,105.60606060606061,124.03030303030303,2662,1442,2417,1676,1672,2043
910,31,119.2,0.48129697986577186,28,127.55882352941177,105.66666666666667,124.12121212121212,2664,1443,2418,1678,1673,2044
911,26,119.28,0.48132629107981223,28,127.6470588235294,105.72727272727273,124.21212121212122,2666,1444,2419,1680,1674,2045
912,24,119.36,0.48135891420911525,28,127.73529411764706,105.78787878787878,124.3030303030303,2668,1445,2420,1682,1675,2046
913,22,119.44,0.4813948425987944,28,127.82352941176471,105.84848484848484,124.39393939393939,2670,1446,2421,1684,1676,2047
914,17,119.49,0.48150389153904094,28,127.88235294117646,105.9090909090909,124.42424242424242,2672,1447,2421,1685,1676,2048
915,15,119.54,0.4816128492554793,28,127.94117647058823,105.96969696969697,124.45454545454545,2674,1448,2421,1686,1676,2049
916,19,119.59,0.48173843966886865,28,127.97058823529412,106.03030303030303,124.51515151515152,2675,1449,2422,1687,1676,2050
917,16,119.65,0.48188967822816553,28,128.02941176470588,106.0909090909091,124.57575757575758,2677,1449,2423,1688,1676,2052
918,13,119.71,0.48204243588672624,28,128.08823529411765,106.15151515151516,124.63636363636364,2679,1449,2424,1689,1676,2054
919,10,119.77,0.4821950404942807,28,128.14705882352942,106.21212121212122,124.6969696969697,2681,1449,2425,1690,1676,2056
920,10,119.8,0.48225876460767947,28,128.1764705882353,106.24242424242425,124.72727272727273,2682,1449,2425,1691,1676,2057
921,12,119.84,0.4822212950600801,28,128.2058823529412,106.27272727272727,124.78787878787878,2683,1449,2425,1693,1676,2058
922,14,119.88,0.4821421421421422,28,128.2058823529412,106.33333333333333,124.84848484848484,2683,1450,2426,1694,1676,2059
923,15,119.93,0.48209538897690324,28,128.23529411764707,106.39393939393939,124.9090909090909,2684,1451,2427,1695,1676,2060
924,12,119.99,0.48208600716726396,28,128.26470588235293,106.45454545454545,125.0,2685,1452,2428,1697,1676,2061
925,9,120.05,0.48207663473552687,28,128.2941176470588,106.51515151515152,125.0909090909091,2686,1453,2429,1699,1676,2062
926,6,120.08,0.4821302465023318,28,128.2941176470588,106.57575757575758,125.12121212121212,2686,1454,2429,1700,1676,2063
927,4,120.1,0.4821848459616986,28,128.2941176470588,106.60606060606061,125.15151515151516,2686,1455,2429,1701,1676,2063
928,2,120.12,0.48223942723942725,28,128.2941176470588,106.63636363636364,125.18181818181819,2686,1456,2429,1702,1676,2063
929,1,120.13,0.48227337051527513,28,128.2941176470588,106.63636363636364,125.21212121212122,2686,1456,2429,1703,1676,2063
930,0,120.14,0.48230730814050277,28,128.2941176470588,106.63636363636364,125.24242424242425,2686,1456,2429,1704,1676,2063
931,0,120.14,0.48230730814050277,28,128.2941176470588,106.63636363636364,125.24242424242425,2686,1456,2429,1704,1676,2063
932,0,120.14,0.48230730814050277,28,128.2941176470588,106.63636363636364,125.24242424242425,2686,1456,2429,1704,1676,2063
933,0,120.14,0.48230730814050277,28,128.2941176470588,106.63636363636364,125.24242424242425,2686,1456,2429,1704,1676,2063
934,0,120.14,0.48230730814050277,28,128.2941176470588,106.63636363636364,125.24242424242425,2686,1456,2429,1704,1676,2063
935,0,120.14,0.48230730814050277,28,128.2941176470588,106.63636363636364,125.24242424242425,2686,1456,2429,1704,1676,2063
936,0,120.14,0.48230730814050277,28,128.2941176470588,106.63636363636364,125.24242424242425,2686,1456,2429,1704,1676,2063
937,0,120.14,0.48230730814050277,28,128.2941176470588,106.63636363636364,125.24242424242425,2686,1456,2429,1704,1676,2063
938,0,120.14,0.48230730814050277,28,128.2941176470588,106.63636363636364,125.24242424242425,2686,1456,2429,1704,1676,2063
939,0,120.14,0.48230730814050277,28,128.2941176470588,106.63636363636364,125.24242424242425,2686,1456,2429,1704,1676,2063
940,0,120.14,0.48230730814050277,28,128.2941176470588,106.63636363636364,125.24242424242425,2686,1456,2429,1704,1676,2063
941,0,120.14,0.48230730814050277,28,128.2941176470588,106.63636363636364,125.24242424242425,2686,1456,2429,1704,1676,2063
942,0,120.14,0.48230730814050277,28,128.2941176470588,106.63636363636364,125.24242424242425,2686,1456,2429,1704,1676,2063
943,0,120.14,0.48230730814050277,28,128.2941176470588,106.63636363636364,125.24242424242425,2686,1456,2429,1704,1676,2063
944,0,120.14,0.48230730814050277,28,128.2941176470588,106.63636363636364,125.24242424242425,2686,1456,2429,1704,1676,2063
945,0,120.14,0.48230730814050277,28,128.2941176470588,106.63636363636364,125.24242424242425,2686,1456,2429,1704,1676,2063
946,0,120.14,0.48230730814050277,28,128.2941176470588,106.63636363636364,125.24242424242425,2686,1456,2429,1704,1676,2063
947,0,120.14,0.48230730814050277,28,128.2941176470588,106.63636363636364,125.24242424242425,2686,1456,2429,1704,1676,2063
948,0,120.14,0.48230730814050277,28,128.2941176470588,106.63636363636364,125.24242424242425,2686,1456,2429,1704,1676,2063
949,0,120.14,0.48230730814050277,28,128.2941176470588,106.63636363636364,125.24242424242425,2686,1456,2429,1704,1676,2063
950,0,120.14,0.48230730814050277,28,128.2941176470588,106.63636363636364,125.24242424242425,2686,1456,2429,1704,1676,2063
951,0,120.14,0.48230730814050277,28,128.2941176470588,106.63636363636364,125.24242424242425,2686,1456,2429,1704,1676,2063
952,0,120.14,0.48230730814050277,28,128.2941176470588,106.63636363636364,125.24242424242425,2686,1456,2429,1704,1676,2063
953,0,120.14,0.48230730814050277,28,128.2941176470588,106.63636363636364,125.24242424242425,2686,1456,2429,1704,1676,2063
954,0,120.14,0.48230730814050277,28,128.2941176470588,106.63636363636364,125.24242424242425,2686,1456,2429,1704,1676,2063
955,0,120.14,0.48230730814050277,28,128.2941176470588,106.63636363636364,125.24242424242425,2686,1456,2429,1704,1676,2063
956,3,120.14,0.48230730814050277,28,128.2941176470588,106.63636363636364,125.24242424242425,2686,1456,2429,1704,1676,2063
957,2,120.15,0.4823196004993758,28,128.2941176470588,106.66666666666667,125.24242424242425,2686,1457,2429,1704,1676,2063
958,1,120.16,0.48233189081225036,28,128.2941176470588,106.6969696969697,125.24242424242425,2686,1458,2429,1704,1676,2063
959,0,120.17,0.48234417907963717,28,128.2941176470588,106.72727272727273,125.24242424242425,2686,1459,2429,1704,1676,2063
960,0,120.17,0.48234417907963717,28,128.2941176470588,106.72727272727273,125.24242424242425,2686,1459,2429,1704,1676,2063
961,0,120.17,0.48234417907963717,28,128.2941176470588,106.72727272727273,125.24242424242425,2686,1459,2429,1704,1676,2063
962,0,120.17,0.48234417907963717,28,128.2941176470588,106.72727272727273,125.24242424242425,2686,1459,2429,1704,1676,2063
963,0,120.17,0.48234417907963717,28,128.2941176470588,106.72727272727273,125.24242424242425,2686,1459,2429,1704,1676,2063
964,0,120.17,0.48234417907963717,28,128.2941176470588,106.72727272727273,125.24242424242425,2686,1459,2429,1704,1676,2063
965,3,120.17,0.48234417907963717,28,128.2941176470588,106.72727272727273,125.24242424242425,2686,1459,2429,1704,1676,2063
966,5,120.18,0.48235480113163587,28,128.3235294117647,106.72727272727273,125.24242424242425,2687,1459,2429,1704,1676,2063
967,6,120.2,0.4824009983361065,28,128.38235294117646,106.72727272727273,125.24242424242425,2689,1459,2429,1704,1676,2063
968,7,120.22,0.4824471801696889,28,128.44117647058823,106.72727272727273,125.24242424242425,2691,1459,2429,1704,1676,2063
969,8,120.24,0.4824933466400532,28,128.5,106.72727272727273,125.24242424242425,2693,1459,2429,1704,1676,2063
970,8,120.27,0.4825800282697264,28,128.58823529411765,106.72727272727273,125.24242424242425,2696,1459,2429,1704,1676,2063
971,8,120.3,0.48266666666666663,28,128.6764705882353,106.72727272727273,125.24242424242425,2699,1459,2429,1704,1676,2063
972,8,120.33,0.48275492395911246,28,128.76470588235293,106.72727272727273,125.24242424242425,2702,1459,2429,1704,1676,2063
973,8,120.36,0.4828431372549019,28,128.85294117647058,106.72727272727273,125.24242424242425,2705,1459,2429,1704,1676,2063
974,8,120.39,0.48293130658692585,28,128.94117647058823,106.72727272727273,125.24242424242425,2708,1459,2429,1704,1676,2063
975,8,120.42,0.48301943198804187,28,129.02941176470588,106.72727272727273,125.24242424242425,2711,1459,2429,1704,1676,2063
976,8,120.45,0.4831091739310917,28,129.11764705882354,106.72727272727273,125.24242424242425,2714,1459,2429,1704,1676,2063
977,8,120.48,0.4831988711819389,28,129.2058823529412,106.72727272727273,125.24242424242425,2717,1459,2429,1704,1676,2063
978,8,120.51,0.4832885237739607,28,129.2941176470588,106.72727272727273,125.24242424242425,2720,1459,2429,1704,1676,2063
979,8,120.54,0.48337813174050104,28,129.38235294117646,106.72727272727273,125.24242424242425,2723,1459,2429,1704,1676,2063
980,8,120.57,0.48346769511487103,28,129.47058823529412,106.72727272727273,125.24242424242425,2726,1459,2429,1704,1676,2063
981,8,120.6,0.4835572139303483,28,129.55882352941177,106.72727272727273,125.24242424242425,2729,1459,2429,1704,1676,2063
982,8,120.63,0.4836466882201774,28,129.64705882352942,106.72727272727273,125.24242424242425,2732,1459,2429,1704,1676,2063
983,8,120.66,0.48373611801757,28,129.73529411764707,106.72727272727273,125.24242424242425,2735,1459,2429,1704,1676,2063
984,8,120.69,0.48382550335570473,28,129.8235294117647,106.72727272727273,125.24242424242425,2738,1459,2429,1704,1676,2063
985,8,120.72,0.483914844267727,28,129.91176470588235,106.72727272727273,125.24242424242425,2741,1459,2429,1704,1676,2063
986,8,120.75,0.48400414078674947,28,130.0,106.72727272727273,125.24242424242425,2744,1459,2429,1704,1676,2063
987,8,120.78,0.48409339294585196,28,130.08823529411765,106.72727272727273,125.24242424242425,2747,1459,2429,1704,1676,2063
988,8,120.81,0.48418425627017636,28,130.1764705882353,106.72727272727273,125.24242424242425,2750,1459,2429,1704,1676,2063
989,8,120.84,0.4842750744786495,28,130.26470588235293,106.72727272727273,125.24242424242425,2753,1459,2429,1704,1676,2063
990,8,120.87,0.48436584760486473,28,130.35294117647058,106.72727272727273,125.24242424242425,2756,1459,2429,1704,1676,2063
991,8,120.9,0.4844565756823821,28,130.44117647058823,106.72727272727273,125.24242424242425,2759,1459,2429,1704,1676,2063
992,8,120.93,0.48454725874472837,28,130.52941176470588,106.72727272727273,125.24242424242425,2762,1459,2429,1704,1676,2063
993,8,120.96,0.4846378968253968,28,130.61764705882354,106.72727272727273,125.24242424242425,2765,1459,2429,1704,1676,2063
994,8,120.99,0.4847301429870237,28,130.7058823529412,106.72727272727273,125.24242424242425,2768,1459,2429,1704,1676,2063
995,8,121.02,0.4848223434143117,28,130.7941176470588,106.72727272727273,125.24242424242425,2771,1459,2429,1704,1676,2063
996,8,121.05,0.4849161503510946,28,130.88235294117646,106.72727272727273,125.24242424242425,2774,1459,2429,1704,1676,2063
997,14,121.08,0.485009910802775,28,130.97058823529412,106.72727272727273,125.24242424242425,2777,1459,2429,1704,1676,2063
998,18,121.13,0.48511433996532655,28,131.05882352941177,106.75757575757575,125.27272727272727,2780,1460,2430,1704,1676,2063
999,21,121.19,0.4852586847099596,28,131.1764705882353,106.78787878787878,125.3030303030303,2784,1461,2431,1704,1676,2063
1000,20,121.26,0.48530100610258947,28,131.3235294117647,106.81818181818181,125.33333333333333,2788,1462,2432,1704,1677,2063
