,TotalSugar,AvgSugarLevel,SugarGini,NumCooperators,RiskAverseAvgSugar,NeutralAvgSugar,RiskSeekingAvgSugar,RiskAverseCoopSugar,NeutralCoopSugar,RiskSeekingCoopSugar,RiskSeekingNonCoopSugar,RiskAverseNonCoopSugar,NeutralNonCoopSugar
0,4622,0.0,0.0,28,0.0,0.0,0.0,0,0,0,0,0,0
1,4542,0.8,0.2,28,0.8235294117647058,0.7575757575757576,0.8181818181818182,8,7,7,20,20,18
2,4460,1.62,0.1898765432098766,28,1.6470588235294117,1.5454545454545454,1.6666666666666667,16,14,15,40,40,37
3,4378,2.44,0.18655737704918038,28,2.4705882352941178,2.3333333333333335,2.515151515151515,24,21,23,60,60,56
4,4295,3.27,0.18223241590214073,28,3.323529411764706,3.121212121212121,3.3636363636363638,33,28,31,80,80,75
5,4212,4.1,0.17965853658536587,28,4.176470588235294,3.909090909090909,4.212121212121212,42,35,39,100,100,94
6,4130,4.92,0.17963414634146346,28,5.029411764705882,4.696969696969697,5.03030303030303,51,42,46,120,120,113
7,4050,5.72,0.182027972027972,28,5.882352941176471,5.484848484848484,5.787878787878788,60,49,53,138,140,132
8,3970,6.52,0.1838650306748467,28,6.764705882352941,6.242424242424242,6.545454545454546,69,56,60,156,161,150
9,3889,7.33,0.18388813096862208,28,7.647058823529412,7.03030303030303,7.303030303030303,78,63,67,174,182,169
10,3809,8.13,0.1846863468634686,28,8.529411764705882,7.818181818181818,8.030303030303031,87,70,74,191,203,188
11,3729,8.93,0.18529675251959687,28,9.411764705882353,8.575757575757576,8.787878787878787,96,76,81,209,224,207
12,3648,9.74,0.18521560574948664,28,10.294117647058824,9.333333333333334,9.575757575757576,105,82,88,228,245,226
13,3567,10.55,0.18510900473933645,28,11.176470588235293,10.121212121212121,10.333333333333334,114,88,95,246,266,246
14,3486,11.36,0.18491197183098593,28,12.029411764705882,10.909090909090908,11.121212121212121,123,94,102,265,286,266
15,3406,12.16,0.18544407894736836,28,12.911764705882353,11.666666666666666,11.878787878787879,132,100,108,284,307,285
16,3327,12.95,0.1865868725868725,28,13.764705882352942,12.424242424242424,12.636363636363637,141,106,114,303,327,304
17,3247,13.75,0.18719272727272723,28,14.617647058823529,13.181818181818182,13.424242424242424,150,112,121,322,347,323
18,3167,14.55,0.18767697594501712,28,15.441176470588236,13.969696969696969,14.212121212121213,159,119,128,341,366,342
19,3087,15.35,0.18811074918566775,28,16.294117647058822,14.727272727272727,15.0,168,126,135,360,386,360
20,3011,16.11,0.19014897579143394,28,17.11764705882353,15.424242424242424,15.757575757575758,177,132,142,378,405,377
21,2934,16.88,0.1917298578199052,28,17.941176470588236,16.12121212121212,16.545454545454547,186,138,149,397,424,394
22,2858,17.64,0.19363945578231295,28,18.764705882352942,16.818181818181817,17.303030303030305,195,144,156,415,443,411
23,2780,18.42,0.19465798045602611,28,19.61764705882353,17.545454545454547,18.060606060606062,204,151,163,433,463,428
24,2702,19.2,0.19561458333333334,28,20.470588235294116,18.272727272727273,18.818181818181817,213,158,170,451,483,445
25,2623,19.99,0.19614307153576788,28,21.323529411764707,19.0,19.606060606060606,222,165,177,470,503,462
26,2544,20.78,0.19651588065447542,28,22.205882352941178,19.727272727272727,20.363636363636363,232,172,184,488,523,479
27,2468,21.57,0.1968799258229022,28,23.08823529411765,20.454545454545453,21.12121212121212,242,179,191,506,543,496
28,2391,22.37,0.1967948144836835,28,23.970588235294116,21.21212121212121,21.87878787878788,252,186,198,524,563,514
29,2315,23.16,0.1969602763385147,28,24.852941176470587,21.96969696969697,22.606060606060606,262,193,205,541,583,532
30,2239,23.95,0.19717327766179538,28,25.735294117647058,22.696969696969695,23.363636363636363,272,200,212,559,603,549
31,2163,24.74,0.19738884397736456,28,26.61764705882353,23.454545454545453,24.09090909090909,282,207,219,576,623,567
32,2088,25.52,0.19797805642633237,28,27.5,24.181818181818183,24.818181818181817,292,214,226,593,643,584
33,2012,26.28,0.19907914764079152,28,28.352941176470587,24.90909090909091,25.515151515151516,302,221,233,609,662,601
34,1936,27.04,0.19994082840236685,28,29.235294117647058,25.575757575757574,26.242424242424242,312,227,240,626,682,617
35,1859,27.81,0.20058612010068316,28,30.08823529411765,26.272727272727273,27.0,321,233,247,644,702,634
36,1781,28.59,0.20099685204617004,28,30.941176470588236,27.0,27.757575757575758,330,239,254,662,722,652
37,1705,29.38,0.2011164057181756,28,31.794117647058822,27.757575757575758,28.515151515151516,339,245,261,680,742,671
38,1627,30.16,0.20150530503978786,28,32.64705882352941,28.484848484848484,29.272727272727273,348,251,268,698,762,689
39,1549,30.94,0.20188106011635426,28,33.5,29.21212121212121,30.03030303030303,357,257,275,716,782,707
40,1474,31.72,0.20213114754098357,28,34.38235294117647,29.90909090909091,30.78787878787879,367,262,282,734,802,725
41,1395,32.51,0.202236235004614,28,35.26470588235294,30.636363636363637,31.545454545454547,377,268,289,752,822,743
42,1320,33.26,0.2029404690318701,28,36.11764705882353,31.303030303030305,32.27272727272727,387,273,296,769,841,760
43,1245,34.01,0.20360188179947072,28,36.970588235294116,32.0,32.96969696969697,397,278,303,785,860,778
44,1174,34.72,0.2049366359447005,28,37.73529411764706,32.696969696969695,33.63636363636363,405,283,310,800,878,796
45,1102,35.44,0.20597629796839725,28,38.55882352941177,33.39393939393939,34.27272727272727,415,288,317,814,896,814
46,1035,36.11,0.20783993353641647,28,39.3235294117647,34.0,34.90909090909091,424,292,324,828,913,830
47,967,36.79,0.20952704539276978,28,40.088235294117645,34.666666666666664,35.515151515151516,433,296,331,841,930,848
48,902,37.44,0.21148504273504273,28,40.85294117647059,35.303030303030305,36.06060606060606,442,299,337,853,947,866
49,838,38.08,0.2133350840336135,28,41.529411764705884,35.93939393939394,36.666666666666664,450,303,343,867,962,883
50,772,38.74,0.21492514197212187,28,42.205882352941174,36.63636363636363,37.27272727272727,458,308,350,880,977,901
51,710,39.36,0.2167936991869918,28,42.85294117647059,37.24242424242424,37.878787878787875,466,312,357,893,991,917
52,651,39.95,0.2188510638297872,28,43.5,37.81818181818182,38.42424242424242,474,316,364,904,1005,932
53,599,40.47,0.22095626389918466,28,44.05882352941177,38.333333333333336,38.90909090909091,482,320,370,914,1016,945
54,551,40.95,0.22352869352869348,28,44.529411764705884,38.81818181818182,39.39393939393939,488,324,376,924,1026,957
55,505,41.41,0.22602511470659267,28,45.0,39.27272727272727,39.84848484848485,495,327,381,934,1035,969
56,466,41.8,0.2287177033492823,28,45.411764705882355,39.63636363636363,40.24242424242424,500,329,385,943,1044,979
57,430,42.16,0.23157495256166982,28,45.794117647058826,39.96969696969697,40.60606060606061,505,330,389,951,1052,989
58,395,42.51,0.2343660315219948,28,46.1764705882353,40.303030303030305,40.93939393939394,509,331,393,958,1061,999
59,367,42.79,0.23687543818649218,28,46.5,40.60606060606061,41.15151515151515,513,332,396,962,1068,1008
60,338,43.08,0.2391272051996286,28,46.8235294117647,40.878787878787875,41.42424242424242,518,333,400,967,1074,1016
61,308,43.38,0.24162286768095897,28,47.1764705882353,41.15151515151515,41.696969696969695,523,334,403,973,1081,1024
62,278,43.68,0.24408424908424906,28,47.55882352941177,41.36363636363637,42.0,528,334,406,980,1089,1031
63,251,43.95,0.2464778156996587,28,47.911764705882355,41.54545454545455,42.27272727272727,533,334,409,986,1096,1037
64,225,44.21,0.2488283193847546,28,48.294117647058826,41.72727272727273,42.484848484848484,538,334,412,990,1104,1043
65,198,44.48,0.2513803956834532,28,48.64705882352941,41.96969696969697,42.696969696969695,543,335,414,995,1111,1050
66,175,44.71,0.25342652650413783,28,48.94117647058823,42.121212121212125,42.93939393939394,547,335,417,1000,1117,1055
67,153,44.93,0.25572000890273755,28,49.23529411764706,42.27272727272727,43.15151515151515,550,335,420,1004,1124,1060
68,138,45.08,0.25724933451641535,28,49.470588235294116,42.39393939393939,43.24242424242424,552,335,422,1005,1130,1064
69,125,45.21,0.2580778588807786,28,49.6764705882353,42.45454545454545,43.36363636363637,554,335,423,1008,1135,1066
70,114,45.32,0.258711385701677,28,49.85294117647059,42.515151515151516,43.45454545454545,555,335,423,1011,1140,1068
71,104,45.42,0.259564068692206,28,50.0,42.57575757575758,43.54545454545455,556,335,424,1013,1144,1070
72,94,45.52,0.2600483304042179,28,50.14705882352941,42.63636363636363,43.63636363636363,557,335,425,1015,1148,1072
73,89,45.57,0.26049374588545093,28,50.205882352941174,42.666666666666664,43.696969696969695,558,335,426,1016,1149,1073
74,86,45.6,0.260890350877193,28,50.23529411764706,42.696969696969695,43.72727272727273,559,335,426,1017,1149,1074
75,82,45.64,0.26131901840490795,28,50.23529411764706,42.72727272727273,43.81818181818182,559,335,427,1019,1149,1075
76,79,45.67,0.2613378585504708,28,50.26470588235294,42.75757575757576,43.84848484848485,559,335,427,1020,1150,1076
77,76,45.7,0.26164113785557985,28,50.3235294117647,42.78787878787879,43.84848484848485,559,335,427,1020,1152,1077
78,74,45.72,0.26178477690288715,28,50.3235294117647,42.81818181818182,43.878787878787875,559,335,428,1020,1152,1078
79,70,45.76,0.2620192307692308,28,50.3235294117647,42.878787878787875,43.93939393939394,559,335,429,1021,1152,1080
80,67,45.79,0.26210744704083866,28,50.3235294117647,42.90909090909091,44.0,559,335,430,1022,1152,1081
81,63,45.83,0.26238053676631024,28,50.3235294117647,42.96969696969697,44.06060606060606,559,335,431,1023,1152,1083
82,59,45.87,0.2626880313930674,28,50.3235294117647,43.03030303030303,44.121212121212125,559,335,432,1024,1152,1085
83,57,45.89,0.2630006537371976,28,50.3235294117647,43.09090909090909,44.121212121212125,559,335,432,1024,1152,1087
84,55,45.91,0.26331300370289695,28,50.3235294117647,43.15151515151515,44.121212121212125,559,335,432,1024,1152,1089
85,51,45.95,0.2633144722524483,28,50.35294117647059,43.24242424242424,44.121212121212125,559,335,432,1024,1153,1092
86,49,45.97,0.263552316728301,28,50.38235294117647,43.27272727272727,44.121212121212125,559,335,432,1024,1154,1093
87,47,45.99,0.2638116981952598,28,50.411764705882355,43.303030303030305,44.121212121212125,559,335,432,1024,1155,1094
88,46,46.0,0.2639695652173913,28,50.411764705882355,43.333333333333336,44.121212121212125,559,335,432,1024,1155,1095
89,44,46.02,0.2642720556279879,28,50.411764705882355,43.36363636363637,44.15151515151515,559,335,432,1025,1155,1096
90,43,46.03,0.2644297197479905,28,50.411764705882355,43.39393939393939,44.15151515151515,559,335,432,1025,1155,1097
91,41,46.05,0.26472312703583056,28,50.44117647058823,43.42424242424242,44.15151515151515,560,335,432,1025,1155,1098
92,41,46.05,0.26472312703583056,28,50.44117647058823,43.42424242424242,44.15151515151515,560,335,432,1025,1155,1098
93,41,46.05,0.26472312703583056,28,50.44117647058823,43.42424242424242,44.15151515151515,560,335,432,1025,1155,1098
94,38,46.08,0.2649435763888889,28,50.44117647058823,43.45454545454545,44.21212121212121,560,335,432,1027,1155,1099
95,35,46.11,0.265185426154847,28,50.44117647058823,43.484848484848484,44.27272727272727,560,335,432,1029,1155,1100
96,33,46.13,0.26529156730977677,28,50.44117647058823,43.515151515151516,44.303030303030305,560,335,432,1030,1155,1101
97,31,46.15,0.2654192849404117,28,50.44117647058823,43.54545454545455,44.333333333333336,560,335,432,1031,1155,1102
98,29,46.17,0.2655598873727529,28,50.44117647058823,43.57575757575758,44.36363636363637,560,335,432,1032,1155,1103
99,28,46.18,0.26571676050238197,28,50.44117647058823,43.60606060606061,44.36363636363637,560,335,432,1032,1155,1104
100,26,46.2,0.26586147186147185,28,50.44117647058823,43.63636363636363,44.39393939393939,560,335,432,1033,1155,1105
101,25,46.21,0.26601817788357496,28,50.44117647058823,43.666666666666664,44.39393939393939,560,335,432,1033,1155,1106
102,24,46.22,0.26616616183470354,28,50.44117647058823,43.666666666666664,44.42424242424242,560,335,432,1034,1155,1106
103,21,46.25,0.26634162162162156,28,50.470588235294116,43.696969696969695,44.45454545454545,560,335,432,1035,1156,1107
104,20,46.26,0.2663683527885863,28,50.5,43.696969696969695,44.45454545454545,560,335,432,1035,1157,1107
105,18,46.28,0.2660198789974071,28,50.5,43.72727272727273,44.484848484848484,560,336,432,1036,1157,1107
106,17,46.29,0.2658522359040829,28,50.5,43.72727272727273,44.515151515151516,560,336,432,1037,1157,1107
107,16,46.3,0.2656414686825055,28,50.5,43.75757575757576,44.515151515151516,560,336,432,1037,1157,1108
108,15,46.31,0.2654307924854243,28,50.5,43.78787878787879,44.515151515151516,560,336,432,1037,1157,1109
109,14,46.32,0.265220207253886,28,50.5,43.81818181818182,44.515151515151516,560,336,432,1037,1157,1110
110,12,46.34,0.26504963314630986,28,50.529411764705884,43.84848484848485,44.515151515151516,560,336,432,1037,1158,1111
111,11,46.35,0.26484358144552317,28,50.529411764705884,43.878787878787875,44.515151515151516,560,336,432,1037,1158,1112
112,10,46.36,0.26464193270060393,28,50.529411764705884,43.90909090909091,44.515151515151516,560,336,432,1037,1158,1113
113,12,46.37,0.26444037092948025,28,50.529411764705884,43.93939393939394,44.515151515151516,560,336,432,1037,1158,1114
114,11,46.38,0.2645364381198793,28,50.529411764705884,43.93939393939394,44.54545454545455,560,336,433,1037,1158,1114
115,13,46.39,0.2646453977150247,28,50.529411764705884,43.93939393939394,44.57575757575758,560,336,434,1037,1158,1114
116,10,46.42,0.26466609220163717,28,50.55882352941177,43.96969696969697,44.60606060606061,560,336,435,1037,1159,1115
117,14,46.44,0.26456933677863914,28,50.588235294117645,44.0,44.60606060606061,560,336,435,1037,1160,1116
118,13,46.48,0.2644449225473322,28,50.6764705882353,44.03030303030303,44.60606060606061,562,336,435,1037,1161,1117
119,12,46.52,0.26432932072227006,28,50.73529411764706,44.06060606060606,44.63636363636363,564,336,436,1037,1161,1118
120,11,46.56,0.26422680412371136,28,50.794117647058826,44.09090909090909,44.666666666666664,566,336,437,1037,1161,1119
121,15,46.61,0.2642587427590645,28,50.88235294117647,44.121212121212125,44.696969696969695,569,336,438,1037,1161,1120
122,19,46.66,0.26442777539648515,28,50.970588235294116,44.15151515151515,44.72727272727273,572,336,439,1037,1161,1121
123,21,46.73,0.26448320136956993,28,51.11764705882353,44.18181818181818,44.75757575757576,576,336,440,1037,1162,1122
124,19,46.81,0.2645609912411878,28,51.294117647058826,44.21212121212121,44.78787878787879,581,336,441,1037,1163,1123
125,17,46.89,0.2646683727873747,28,51.470588235294116,44.24242424242424,44.81818181818182,586,336,442,1037,1164,1124
126,17,46.95,0.26489669861554843,28,51.588235294117645,44.27272727272727,44.84848484848485,590,336,443,1037,1164,1125
127,21,47.0,0.26509361702127665,28,51.6764705882353,44.303030303030305,44.878787878787875,593,336,444,1037,1164,1126
128,21,47.06,0.26531661708457294,28,51.794117647058826,44.333333333333336,44.90909090909091,597,336,445,1037,1164,1127
129,24,47.12,0.2655687606112055,28,51.911764705882355,44.36363636363637,44.93939393939394,601,336,446,1037,1164,1128
130,23,47.19,0.26595253231616867,28,52.05882352941177,44.39393939393939,44.96969696969697,605,336,447,1037,1165,1129
131,20,47.28,0.26612521150592217,28,52.23529411764706,44.45454545454545,45.0,610,336,448,1037,1166,1131
132,18,47.36,0.26618243243243245,28,52.411764705882355,44.484848484848484,45.03030303030303,615,336,449,1037,1167,1132
133,15,47.42,0.266452973428933,28,52.55882352941177,44.484848484848484,45.06060606060606,619,336,450,1037,1168,1132
134,12,47.48,0.26673967986520636,28,52.705882352941174,44.484848484848484,45.09090909090909,623,336,451,1037,1169,1132
135,16,47.53,0.2670166210814223,28,52.8235294117647,44.484848484848484,45.121212121212125,626,336,452,1037,1170,1132
136,17,47.58,0.2672929802437999,28,52.94117647058823,44.484848484848484,45.15151515151515,629,336,453,1037,1171,1132
137,17,47.64,0.2676364399664148,28,53.088235294117645,44.484848484848484,45.18181818181818,633,336,454,1037,1172,1132
138,16,47.71,0.2680213791657934,28,53.26470588235294,44.484848484848484,45.21212121212121,638,336,455,1037,1173,1132
139,15,47.78,0.26827542904981155,28,53.470588235294116,44.484848484848484,45.21212121212121,643,336,455,1037,1175,1132
140,14,47.85,0.26868338557993726,28,53.64705882352941,44.515151515151516,45.21212121212121,647,336,455,1037,1177,1133
141,10,47.92,0.2690233722871453,28,53.794117647058826,44.54545454545455,45.24242424242424,650,336,455,1038,1179,1134
142,8,47.97,0.2695914112987283,28,53.88235294117647,44.57575757575758,45.27272727272727,651,336,456,1038,1181,1135
143,7,48.01,0.2698916892314101,28,53.94117647058823,44.60606060606061,45.303030303030305,653,336,457,1038,1181,1136
144,6,48.05,0.2701997918834547,28,54.0,44.63636363636363,45.333333333333336,655,336,458,1038,1181,1137
145,6,48.08,0.2703743760399334,28,54.05882352941177,44.63636363636363,45.36363636363637,657,336,459,1038,1181,1137
146,6,48.11,0.270565371024735,28,54.11764705882353,44.63636363636363,45.39393939393939,659,336,460,1038,1181,1137
147,6,48.14,0.2707602825093477,28,54.1764705882353,44.63636363636363,45.42424242424242,661,336,461,1038,1181,1137
148,6,48.17,0.2709757110234585,28,54.23529411764706,44.63636363636363,45.45454545454545,663,336,462,1038,1181,1137
149,6,48.2,0.271207468879668,28,54.294117647058826,44.63636363636363,45.484848484848484,665,336,463,1038,1181,1137
150,12,48.23,0.2714555256064691,28,54.35294117647059,44.63636363636363,45.515151515151516,667,336,464,1038,1181,1137
151,10,48.28,0.27149130074565037,28,54.411764705882355,44.666666666666664,45.57575757575758,669,337,465,1039,1181,1137
152,8,48.33,0.2715559693771985,28,54.470588235294116,44.696969696969695,45.63636363636363,671,338,466,1040,1181,1137
153,6,48.38,0.27164117403885896,28,54.529411764705884,44.72727272727273,45.696969696969695,673,339,467,1041,1181,1137
154,6,48.41,0.27192522206155756,28,54.588235294117645,44.72727272727273,45.72727272727273,675,339,468,1041,1181,1137
155,6,48.44,0.27222130470685385,28,54.64705882352941,44.72727272727273,45.75757575757576,677,339,469,1041,1181,1137
156,6,48.47,0.2725170208376315,28,54.705882352941174,44.72727272727273,45.78787878787879,679,339,470,1041,1181,1137
157,9,48.5,0.2728164948453609,28,54.76470588235294,44.72727272727273,45.81818181818182,681,339,471,1041,1181,1137
158,8,48.54,0.2730861145447054,28,54.8235294117647,44.75757575757576,45.84848484848485,683,340,472,1041,1181,1137
159,10,48.58,0.27322766570605184,28,54.88235294117647,44.78787878787879,45.878787878787875,684,341,473,1041,1182,1137
160,9,48.62,0.2733977786918963,28,54.94117647058823,44.81818181818182,45.90909090909091,685,342,474,1041,1183,1137
161,6,48.65,0.2736341212744091,28,55.0,44.81818181818182,45.93939393939394,686,342,475,1041,1184,1137
162,6,48.68,0.27389482333607235,28,55.05882352941177,44.81818181818182,45.96969696969697,687,342,476,1041,1185,1137
163,3,48.71,0.27422089919934306,28,55.088235294117645,44.81818181818182,46.03030303030303,688,342,477,1042,1185,1137
164,1,48.73,0.2744818387030577,28,55.088235294117645,44.81818181818182,46.09090909090909,688,342,478,1043,1185,1137
165,0,48.74,0.27459581452605664,28,55.088235294117645,44.81818181818182,46.121212121212125,688,342,478,1044,1185,1137
166,0,48.74,0.27459581452605664,28,55.088235294117645,44.81818181818182,46.121212121212125,688,342,478,1044,1185,1137
167,0,48.74,0.27459581452605664,28,55.088235294117645,44.81818181818182,46.121212121212125,688,342,478,1044,1185,1137
168,6,48.74,0.27459581452605664,28,55.088235294117645,44.81818181818182,46.121212121212125,688,342,478,1044,1185,1137
169,10,48.76,0.27481952420016414,28,55.11764705882353,44.81818181818182,46.15151515151515,689,342,478,1045,1185,1137
170,9,48.8,0.2752991803278688,28,55.1764705882353,44.81818181818182,46.21212121212121,691,342,479,1046,1185,1137
171,10,48.85,0.27576867963152507,28,55.26470588235294,44.81818181818182,46.27272727272727,693,342,480,1047,1186,1137
172,6,48.89,0.2761607690734301,28,55.35294117647059,44.81818181818182,46.303030303030305,695,342,481,1047,1187,1137
173,10,48.91,0.2763013698630137,28,55.411764705882355,44.81818181818182,46.303030303030305,696,342,481,1047,1188,1137
174,10,48.94,0.27658765835717203,28,55.470588235294116,44.81818181818182,46.333333333333336,697,342,482,1047,1189,1137
175,9,48.98,0.2769987750102082,28,55.55882352941177,44.81818181818182,46.36363636363637,699,342,483,1047,1190,1137
176,8,49.02,0.27742554059567526,28,55.64705882352941,44.81818181818182,46.39393939393939,701,342,484,1047,1191,1137
177,5,49.05,0.2777268093781855,28,55.705882352941174,44.81818181818182,46.42424242424242,702,342,485,1047,1192,1137
178,4,49.06,0.27778638401956784,28,55.73529411764706,44.81818181818182,46.42424242424242,702,342,485,1047,1193,1137
179,3,49.07,0.27785816180965967,28,55.76470588235294,44.81818181818182,46.42424242424242,702,342,485,1047,1194,1137
180,2,49.08,0.2779421352893236,28,55.794117647058826,44.81818181818182,46.42424242424242,702,342,485,1047,1195,1137
181,1,49.09,0.27804237115502134,28,55.8235294117647,44.81818181818182,46.42424242424242,702,342,485,1047,1196,1137
182,0,49.1,0.278142566191446,28,55.85294117647059,44.81818181818182,46.42424242424242,702,342,485,1047,1197,1137
183,3,49.1,0.278142566191446,28,55.85294117647059,44.81818181818182,46.42424242424242,702,342,485,1047,1197,1137
184,2,49.11,0.27826715536550595,28,55.88235294117647,44.81818181818182,46.42424242424242,703,342,485,1047,1197,1137
185,1,49.12,0.278391693811075,28,55.911764705882355,44.81818181818182,46.42424242424242,704,342,485,1047,1197,1137
186,0,49.13,0.2785161815591289,28,55.94117647058823,44.81818181818182,46.42424242424242,705,342,485,1047,1197,1137
187,0,49.13,0.2785161815591289,28,55.94117647058823,44.81818181818182,46.42424242424242,705,342,485,1047,1197,1137
188,0,49.13,0.2785161815591289,28,55.94117647058823,44.81818181818182,46.42424242424242,705,342,485,1047,1197,1137
189,0,49.13,0.2785161815591289,28,55.94117647058823,44.81818181818182,46.42424242424242,705,342,485,1047,1197,1137
190,0,49.13,0.2785161815591289,28,55.94117647058823,44.81818181818182,46.42424242424242,705,342,485,1047,1197,1137
191,0,49.13,0.2785161815591289,28,55.94117647058823,44.81818181818182,46.42424242424242,705,342,485,1047,1197,1137
192,0,49.13,0.2785161815591289,28,55.94117647058823,44.81818181818182,46.42424242424242,705,342,485,1047,1197,1137
193,0,49.13,0.2785161815591289,28,55.94117647058823,44.81818181818182,46.42424242424242,705,342,485,1047,1197,1137
194,0,49.13,0.2785161815591289,28,55.94117647058823,44.81818181818182,46.42424242424242,705,342,485,1047,1197,1137
195,0,49.13,0.2785161815591289,28,55.94117647058823,44.81818181818182,46.42424242424242,705,342,485,1047,1197,1137
196,0,49.13,0.2785161815591289,28,55.94117647058823,44.81818181818182,46.42424242424242,705,342,485,1047,1197,1137
197,0,49.13,0.2785161815591289,28,55.94117647058823,44.81818181818182,46.42424242424242,705,342,485,1047,1197,1137
198,0,49.13,0.2785161815591289,28,55.94117647058823,44.81818181818182,46.42424242424242,705,342,485,1047,1197,1137
199,6,49.13,0.2785161815591289,28,55.94117647058823,44.81818181818182,46.42424242424242,705,342,485,1047,1197,1137
200,7,49.15,0.2783987792472024,28,56.0,44.81818181818182,46.42424242424242,707,342,485,1047,1197,1137
201,7,49.18,0.2783895892639285,28,56.088235294117645,44.81818181818182,46.42424242424242,710,342,485,1047,1197,1137
202,7,49.21,0.2784210526315789,28,56.1764705882353,44.81818181818182,46.42424242424242,713,342,485,1047,1197,1137
203,7,49.24,0.2784606011372868,28,56.26470588235294,44.81818181818182,46.42424242424242,716,342,485,1047,1197,1137
204,7,49.27,0.2785244570732698,28,56.35294117647059,44.81818181818182,46.42424242424242,719,342,485,1047,1197,1137
205,10,49.3,0.2783772819472617,28,56.411764705882355,44.81818181818182,46.45454545454545,721,342,485,1048,1197,1137
206,9,49.34,0.2783623834616944,28,56.5,44.81818181818182,46.484848484848484,724,342,485,1049,1197,1137
207,8,49.38,0.2783799108950993,28,56.588235294117645,44.81818181818182,46.515151515151516,727,342,485,1050,1197,1137
208,7,49.42,0.27842169162282476,28,56.6764705882353,44.81818181818182,46.54545454545455,730,342,485,1051,1197,1137
209,7,49.45,0.27856622851365015,28,56.76470588235294,44.81818181818182,46.54545454545455,733,342,485,1051,1197,1137
210,7,49.48,0.27873080032336306,28,56.85294117647059,44.81818181818182,46.54545454545455,736,342,485,1051,1197,1137
211,13,49.51,0.27872147041001827,28,56.911764705882355,44.81818181818182,46.57575757575758,738,342,485,1052,1197,1137
212,14,49.56,0.27895480225988706,28,57.029411764705884,44.81818181818182,46.60606060606061,742,342,485,1053,1197,1137
213,12,49.61,0.2792037895585567,28,57.14705882352941,44.81818181818182,46.63636363636363,746,342,485,1054,1197,1137
214,13,49.66,0.2794683850181232,28,57.26470588235294,44.81818181818182,46.666666666666664,750,342,485,1055,1197,1137
215,12,49.7,0.2796498993963783,28,57.35294117647059,44.81818181818182,46.696969696969695,753,342,485,1056,1197,1137
216,11,49.74,0.2798632891033374,28,57.44117647058823,44.81818181818182,46.72727272727273,756,342,485,1057,1197,1137
217,10,49.78,0.2800924065889916,28,57.529411764705884,44.81818181818182,46.75757575757576,759,342,485,1058,1197,1137
218,9,49.82,0.2803211561621839,28,57.61764705882353,44.81818181818182,46.78787878787879,762,342,485,1059,1197,1137
219,8,49.86,0.28056558363417566,28,57.705882352941174,44.81818181818182,46.81818181818182,765,342,485,1060,1197,1137
220,8,49.89,0.28070755662457403,28,57.76470588235294,44.81818181818182,46.84848484848485,767,342,485,1061,1197,1137
221,5,49.92,0.280869391025641,28,57.8235294117647,44.81818181818182,46.878787878787875,769,342,485,1062,1197,1137
222,2,49.95,0.281067067067067,28,57.88235294117647,44.81818181818182,46.90909090909091,771,342,485,1063,1197,1137
223,0,49.97,0.2812547528517111,28,57.94117647058823,44.81818181818182,46.90909090909091,773,342,485,1063,1197,1137
224,0,49.97,0.2812547528517111,28,57.94117647058823,44.81818181818182,46.90909090909091,773,342,485,1063,1197,1137
225,0,49.97,0.2812547528517111,28,57.94117647058823,44.81818181818182,46.90909090909091,773,342,485,1063,1197,1137
226,6,49.97,0.2812547528517111,28,57.94117647058823,44.81818181818182,46.90909090909091,773,342,485,1063,1197,1137
227,10,49.99,0.28145029005801164,28,57.970588235294116,44.81818181818182,46.93939393939394,774,342,486,1063,1197,1137
228,10,50.02,0.28172730907636945,28,58.0,44.81818181818182,47.0,775,342,488,1063,1197,1137
229,10,50.05,0.282007992007992,28,58.029411764705884,44.81818181818182,47.06060606060606,776,342,490,1063,1197,1137
230,10,50.08,0.2823003194888179,28,58.05882352941177,44.81818181818182,47.121212121212125,777,342,492,1063,1197,1137
231,10,50.11,0.28260027938535215,28,58.088235294117645,44.81818181818182,47.18181818181818,778,342,494,1063,1197,1137
232,9,50.15,0.2829850448654038,28,58.11764705882353,44.84848484848485,47.24242424242424,779,342,496,1063,1197,1138
233,8,50.19,0.28337716676628816,28,58.14705882352941,44.878787878787875,47.303030303030305,780,342,498,1063,1197,1139
234,5,50.22,0.28367184388689765,28,58.1764705882353,44.90909090909091,47.333333333333336,781,342,499,1063,1197,1140
235,4,50.23,0.28375671909217604,28,58.1764705882353,44.93939393939394,47.333333333333336,781,342,499,1063,1197,1141
236,3,50.24,0.28384554140127394,28,58.1764705882353,44.96969696969697,47.333333333333336,781,342,499,1063,1197,1142
237,2,50.25,0.2839383084577115,28,58.1764705882353,45.0,47.333333333333336,781,342,499,1063,1197,1143
238,1,50.26,0.28403501790688424,28,58.1764705882353,45.03030303030303,47.333333333333336,781,342,499,1063,1197,1144
239,0,50.27,0.28413964591207475,28,58.1764705882353,45.06060606060606,47.333333333333336,781,342,499,1063,1197,1145
240,0,50.27,0.28413964591207475,28,58.1764705882353,45.06060606060606,47.333333333333336,781,342,499,1063,1197,1145
241,0,50.27,0.28413964591207475,28,58.1764705882353,45.06060606060606,47.333333333333336,781,342,499,1063,1197,1145
242,0,50.27,0.28413964591207475,28,58.1764705882353,45.06060606060606,47.333333333333336,781,342,499,1063,1197,1145
243,0,50.27,0.28413964591207475,28,58.1764705882353,45.06060606060606,47.333333333333336,781,342,499,1063,1197,1145
244,0,50.27,0.28413964591207475,28,58.1764705882353,45.06060606060606,47.333333333333336,781,342,499,1063,1197,1145
245,0,50.27,0.28413964591207475,28,58.1764705882353,45.06060606060606,47.333333333333336,781,342,499,1063,1197,1145
246,0,50.27,0.28413964591207475,28,58.1764705882353,45.06060606060606,47.333333333333336,781,342,499,1063,1197,1145
247,0,50.27,0.28413964591207475,28,58.1764705882353,45.06060606060606,47.333333333333336,781,342,499,1063,1197,1145
248,0,50.27,0.28413964591207475,28,58.1764705882353,45.06060606060606,47.333333333333336,781,342,499,1063,1197,1145
249,0,50.27,0.28413964591207475,28,58.1764705882353,45.06060606060606,47.333333333333336,781,342,499,1063,1197,1145
250,0,50.27,0.28413964591207475,28,58.1764705882353,45.06060606060606,47.333333333333336,781,342,499,1063,1197,1145
251,0,50.27,0.28413964591207475,28,58.1764705882353,45.06060606060606,47.333333333333336,781,342,499,1063,1197,1145
252,0,50.27,0.28413964591207475,28,58.1764705882353,45.06060606060606,47.333333333333336,781,342,499,1063,1197,1145
253,0,50.27,0.28413964591207475,28,58.1764705882353,45.06060606060606,47.333333333333336,781,342,499,1063,1197,1145
254,0,50.27,0.28413964591207475,28,58.1764705882353,45.06060606060606,47.333333333333336,781,342,499,1063,1197,1145
255,0,50.27,0.28413964591207475,28,58.1764705882353,45.06060606060606,47.333333333333336,781,342,499,1063,1197,1145
256,0,50.27,0.28413964591207475,28,58.1764705882353,45.06060606060606,47.333333333333336,781,342,499,1063,1197,1145
257,0,50.27,0.28413964591207475,28,58.1764705882353,45.06060606060606,47.333333333333336,781,342,499,1063,1197,1145
258,0,50.27,0.28413964591207475,28,58.1764705882353,45.06060606060606,47.333333333333336,781,342,499,1063,1197,1145
259,0,50.27,0.28413964591207475,28,58.1764705882353,45.06060606060606,47.333333333333336,781,342,499,1063,1197,1145
260,0,50.27,0.28413964591207475,28,58.1764705882353,45.06060606060606,47.333333333333336,781,342,499,1063,1197,1145
261,6,50.27,0.28413964591207475,28,58.1764705882353,45.06060606060606,47.333333333333336,781,342,499,1063,1197,1145
262,10,50.29,0.28435673096042946,28,58.205882352941174,45.06060606060606,47.36363636363637,782,342,500,1063,1197,1145
263,11,50.31,0.28457761876366533,28,58.23529411764706,45.06060606060606,47.39393939393939,783,342,501,1063,1197,1145
264,11,50.34,0.2848986889153754,28,58.26470588235294,45.06060606060606,47.45454545454545,784,342,503,1063,1197,1145
265,11,50.37,0.28522731784792543,28,58.294117647058826,45.06060606060606,47.515151515151516,785,342,505,1063,1197,1145
266,11,50.4,0.28555952380952376,28,58.3235294117647,45.06060606060606,47.57575757575758,786,342,507,1063,1197,1145
267,11,50.43,0.2858953004164188,28,58.35294117647059,45.06060606060606,47.63636363636363,787,342,509,1063,1197,1145
268,11,50.46,0.28623067776456596,28,58.38235294117647,45.06060606060606,47.696969696969695,788,342,511,1063,1197,1145
269,11,50.49,0.2865696177460883,28,58.411764705882355,45.06060606060606,47.75757575757576,789,342,513,1063,1197,1145
270,11,50.52,0.286908155186065,28,58.44117647058823,45.06060606060606,47.81818181818182,790,342,515,1063,1197,1145
271,10,50.56,0.2873338607594937,28,58.470588235294116,45.06060606060606,47.90909090909091,791,342,517,1064,1197,1145
272,6,50.6,0.28776679841897235,28,58.5,45.06060606060606,48.0,792,342,519,1065,1197,1145
273,6,50.63,0.28808809006517877,28,58.529411764705884,45.06060606060606,48.06060606060606,793,342,520,1066,1197,1145
274,7,50.65,0.28829022704837115,28,58.529411764705884,45.06060606060606,48.121212121212125,793,342,521,1067,1197,1145
275,7,50.68,0.2886227308602999,28,58.55882352941177,45.06060606060606,48.18181818181818,794,342,522,1068,1197,1145
276,3,50.72,0.2890220820189275,28,58.588235294117645,45.09090909090909,48.24242424242424,795,342,523,1069,1197,1146
277,1,50.74,0.2892077256602286,28,58.588235294117645,45.121212121212125,48.27272727272727,795,342,524,1069,1197,1147
278,0,50.75,0.28927881773399006,28,58.588235294117645,45.15151515151515,48.27272727272727,795,342,524,1069,1197,1148
279,0,50.75,0.28927881773399006,28,58.588235294117645,45.15151515151515,48.27272727272727,795,342,524,1069,1197,1148
280,3,50.75,0.28927881773399006,28,58.588235294117645,45.15151515151515,48.27272727272727,795,342,524,1069,1197,1148
281,2,50.76,0.2893971631205673,28,58.588235294117645,45.15151515151515,48.303030303030305,795,342,525,1069,1197,1148
282,1,50.77,0.2895154618869411,28,58.588235294117645,45.15151515151515,48.333333333333336,795,342,526,1069,1197,1148
283,0,50.78,0.28963371406065375,28,58.588235294117645,45.15151515151515,48.36363636363637,795,342,527,1069,1197,1148
284,0,50.78,0.28963371406065375,28,58.588235294117645,45.15151515151515,48.36363636363637,795,342,527,1069,1197,1148
285,0,50.78,0.28963371406065375,28,58.588235294117645,45.15151515151515,48.36363636363637,795,342,527,1069,1197,1148
286,0,50.78,0.28963371406065375,28,58.588235294117645,45.15151515151515,48.36363636363637,795,342,527,1069,1197,1148
287,0,50.78,0.28963371406065375,28,58.588235294117645,45.15151515151515,48.36363636363637,795,342,527,1069,1197,1148
288,0,50.78,0.28963371406065375,28,58.588235294117645,45.15151515151515,48.36363636363637,795,342,527,1069,1197,1148
289,0,50.78,0.28963371406065375,28,58.588235294117645,45.15151515151515,48.36363636363637,795,342,527,1069,1197,1148
290,0,50.78,0.28963371406065375,28,58.588235294117645,45.15151515151515,48.36363636363637,795,342,527,1069,1197,1148
291,0,50.78,0.28963371406065375,28,58.588235294117645,45.15151515151515,48.36363636363637,795,342,527,1069,1197,1148
292,0,50.78,0.28963371406065375,28,58.588235294117645,45.15151515151515,48.36363636363637,795,342,527,1069,1197,1148
293,0,50.78,0.28963371406065375,28,58.588235294117645,45.15151515151515,48.36363636363637,795,342,527,1069,1197,1148
294,0,50.78,0.28963371406065375,28,58.588235294117645,45.15151515151515,48.36363636363637,795,342,527,1069,1197,1148
295,0,50.78,0.28963371406065375,28,58.588235294117645,45.15151515151515,48.36363636363637,795,342,527,1069,1197,1148
296,0,50.78,0.28963371406065375,28,58.588235294117645,45.15151515151515,48.36363636363637,795,342,527,1069,1197,1148
297,0,50.78,0.28963371406065375,28,58.588235294117645,45.15151515151515,48.36363636363637,795,342,527,1069,1197,1148
298,0,50.78,0.28963371406065375,28,58.588235294117645,45.15151515151515,48.36363636363637,795,342,527,1069,1197,1148
299,0,50.78,0.28963371406065375,28,58.588235294117645,45.15151515151515,48.36363636363637,795,342,527,1069,1197,1148
300,0,50.78,0.28963371406065375,28,58.588235294117645,45.15151515151515,48.36363636363637,795,342,527,1069,1197,1148
301,3,50.78,0.28963371406065375,28,58.588235294117645,45.15151515151515,48.36363636363637,795,342,527,1069,1197,1148
302,8,50.79,0.28974404410316995,28,58.588235294117645,45.15151515151515,48.39393939393939,795,342,528,1069,1197,1148
303,17,50.82,0.28982290436835895,28,58.61764705882353,45.15151515151515,48.45454545454545,795,342,530,1069,1198,1148
304,17,50.88,0.2899488993710692,28,58.64705882352941,45.18181818181818,48.57575757575758,795,343,534,1069,1199,1148
305,13,50.95,0.2900667320902846,28,58.705882352941174,45.21212121212121,48.696969696969695,795,344,538,1069,1201,1148
306,10,51.01,0.2902862183885513,28,58.76470588235294,45.24242424242424,48.78787878787879,795,345,541,1069,1203,1148
307,8,51.06,0.290364277320799,28,58.794117647058826,45.303030303030305,48.84848484848485,795,346,543,1069,1204,1149
308,4,51.1,0.29052837573385515,28,58.8235294117647,45.36363636363637,48.878787878787875,795,347,544,1069,1205,1150
309,2,51.12,0.2905242566510172,28,58.8235294117647,45.42424242424242,48.878787878787875,795,348,544,1069,1205,1151
310,0,51.14,0.290535784122018,28,58.8235294117647,45.484848484848484,48.878787878787875,795,349,544,1069,1205,1152
311,0,51.14,0.290535784122018,28,58.8235294117647,45.484848484848484,48.878787878787875,795,349,544,1069,1205,1152
312,0,51.14,0.290535784122018,28,58.8235294117647,45.484848484848484,48.878787878787875,795,349,544,1069,1205,1152
313,0,51.14,0.290535784122018,28,58.8235294117647,45.484848484848484,48.878787878787875,795,349,544,1069,1205,1152
314,0,51.14,0.290535784122018,28,58.8235294117647,45.484848484848484,48.878787878787875,795,349,544,1069,1205,1152
315,6,51.14,0.290535784122018,28,58.8235294117647,45.484848484848484,48.878787878787875,795,349,544,1069,1205,1152
316,13,51.16,0.29051993745113364,28,58.8235294117647,45.54545454545455,48.878787878787875,795,350,544,1069,1205,1153
317,17,51.21,0.29079671939074403,28,58.85294117647059,45.60606060606061,48.93939393939394,796,351,546,1069,1205,1154
318,24,51.26,0.2910963714397191,28,58.88235294117647,45.666666666666664,49.0,797,352,548,1069,1205,1155
319,28,51.31,0.29141103098811144,28,58.911764705882355,45.72727272727273,49.06060606060606,798,353,550,1069,1205,1156
320,32,51.36,0.2917445482866043,28,58.94117647058823,45.78787878787879,49.121212121212125,799,354,552,1069,1205,1157
321,33,51.41,0.2920929780198405,28,58.970588235294116,45.84848484848485,49.18181818181818,800,355,554,1069,1205,1158
322,36,51.47,0.2925723722556829,28,59.0,45.90909090909091,49.27272727272727,801,356,557,1069,1205,1159
323,36,51.53,0.2930622938094314,28,59.029411764705884,45.96969696969697,49.36363636363637,802,357,560,1069,1205,1160
324,47,51.6,0.29356589147286827,28,59.088235294117645,46.03030303030303,49.45454545454545,803,358,563,1069,1206,1161
325,46,51.67,0.2941068318173021,28,59.14705882352941,46.09090909090909,49.54545454545455,804,359,566,1069,1207,1162
326,42,51.74,0.2946579049091612,28,59.205882352941174,46.15151515151515,49.63636363636363,805,360,569,1069,1208,1163
327,41,51.81,0.2952306504535804,28,59.26470588235294,46.21212121212121,49.72727272727273,806,361,572,1069,1209,1164
328,43,51.88,0.2958134155744024,28,59.3235294117647,46.27272727272727,49.81818181818182,807,362,575,1069,1210,1165
329,42,51.95,0.29642155919153024,28,59.38235294117647,46.333333333333336,49.90909090909091,808,363,578,1069,1211,1166
330,41,52.02,0.29704344482891204,28,59.44117647058823,46.39393939393939,50.0,809,364,581,1069,1212,1167
331,40,52.09,0.29769053561144176,28,59.5,46.45454545454545,50.09090909090909,810,365,584,1069,1213,1168
332,42,52.16,0.29834739263803683,28,59.55882352941177,46.515151515151516,50.18181818181818,811,366,587,1069,1214,1169
333,41,52.23,0.29902163507562707,28,59.61764705882353,46.57575757575758,50.27272727272727,812,367,590,1069,1215,1170
334,34,52.3,0.29970172084130015,28,59.6764705882353,46.63636363636363,50.36363636363637,813,368,593,1069,1216,1171
335,45,52.37,0.30039526446438797,28,59.73529411764706,46.696969696969695,50.45454545454545,814,369,596,1069,1217,1172
336,49,52.45,0.30114966634890367,28,59.794117647058826,46.78787878787879,50.54545454545455,815,371,599,1069,1218,1173
337,50,52.53,0.30192080715781455,28,59.85294117647059,46.878787878787875,50.63636363636363,816,373,602,1069,1219,1174
338,45,52.61,0.30270100741303935,28,59.911764705882355,46.96969696969697,50.72727272727273,817,375,605,1069,1220,1175
339,52,52.69,0.30349022584930724,28,59.970588235294116,47.06060606060606,50.81818181818182,818,377,608,1069,1221,1176
340,53,52.77,0.30429221148379765,28,60.029411764705884,47.15151515151515,50.90909090909091,819,379,611,1069,1222,1177
341,57,52.85,0.30509933774834436,28,60.088235294117645,47.24242424242424,51.0,820,381,614,1069,1223,1178
342,58,52.93,0.30590402418288304,28,60.14705882352941,47.333333333333336,51.09090909090909,821,383,617,1069,1224,1179
343,61,53.02,0.3066503206337231,28,60.205882352941174,47.42424242424242,51.21212121212121,822,385,621,1069,1225,1180
344,62,53.13,0.3073950686994165,28,60.294117647058826,47.54545454545455,51.333333333333336,823,388,625,1069,1227,1181
345,63,53.24,0.3081705484598046,28,60.38235294117647,47.666666666666664,51.45454545454545,824,391,629,1069,1229,1182
346,58,53.35,0.3089653233364574,28,60.470588235294116,47.78787878787879,51.57575757575758,825,394,633,1069,1231,1183
347,57,53.45,0.3098091674462114,28,60.55882352941177,47.90909090909091,51.666666666666664,826,397,636,1069,1233,1184
348,64,53.56,0.3106534727408514,28,60.64705882352941,48.03030303030303,51.78787878787879,827,400,640,1069,1235,1185
349,64,53.68,0.3113561847988078,28,60.73529411764706,48.18181818181818,51.90909090909091,828,404,644,1069,1237,1186
350,55,53.8,0.3120631970260223,28,60.8235294117647,48.333333333333336,52.03030303030303,829,408,648,1069,1239,1187
351,58,53.92,0.3127930267062314,28,60.911764705882355,48.484848484848484,52.15151515151515,830,412,652,1069,1241,1188
352,58,54.04,0.31355292376017757,28,61.0,48.63636363636363,52.27272727272727,831,416,656,1069,1243,1189
353,62,54.15,0.31423638042474605,28,61.088235294117645,48.78787878787879,52.36363636363637,832,420,659,1069,1245,1190
354,57,54.26,0.31495023958717283,28,61.1764705882353,48.93939393939394,52.45454545454545,833,424,662,1069,1247,1191
355,58,54.37,0.315686959720434,28,61.26470588235294,49.09090909090909,52.54545454545455,834,428,665,1069,1249,1192
356,61,54.49,0.3164342081115801,28,61.38235294117647,49.24242424242424,52.63636363636363,835,432,668,1069,1252,1193
357,60,54.62,0.3173196631270596,28,61.5,49.39393939393939,52.75757575757576,836,436,672,1069,1255,1194
358,65,54.75,0.31822648401826487,28,61.61764705882353,49.54545454545455,52.878787878787875,837,440,676,1069,1258,1195
359,61,54.88,0.31915816326530616,28,61.73529411764706,49.696969696969695,53.0,838,444,680,1069,1261,1196
360,59,55.02,0.3199309342057434,28,61.85294117647059,49.84848484848485,53.15151515151515,839,448,684,1070,1264,1197
361,58,55.15,0.3206473254759746,28,61.94117647058823,50.0,53.303030303030305,840,452,688,1071,1266,1198
362,69,55.28,0.3213820549927641,28,62.029411764705884,50.15151515151515,53.45454545454545,841,456,692,1072,1268,1199
363,65,55.41,0.3221422125970041,28,62.11764705882353,50.303030303030305,53.60606060606061,842,460,696,1073,1270,1200
364,63,55.55,0.32278127812781277,28,62.205882352941174,50.45454545454545,53.78787878787879,843,464,700,1075,1272,1201
365,61,55.69,0.32345304363440475,28,62.294117647058826,50.60606060606061,53.96969696969697,844,468,704,1077,1274,1202
366,63,55.82,0.32425653887495526,28,62.38235294117647,50.75757575757576,54.121212121212125,845,472,708,1078,1276,1203
367,55,55.96,0.3251358112937812,28,62.5,50.90909090909091,54.27272727272727,846,476,712,1079,1279,1204
368,53,56.1,0.3260106951871657,28,62.61764705882353,51.06060606060606,54.42424242424242,847,480,716,1080,1282,1205
369,58,56.23,0.3267810777165214,28,62.73529411764706,51.21212121212121,54.54545454545455,848,484,719,1081,1285,1206
370,50,56.37,0.32767606883093847,28,62.85294117647059,51.36363636363637,54.696969696969695,849,488,723,1082,1288,1207
371,55,56.5,0.32849911504424784,28,62.94117647058823,51.515151515151516,54.84848484848485,850,492,727,1083,1290,1208
372,61,56.62,0.329247615683504,28,63.0,51.666666666666664,55.0,851,496,731,1084,1291,1209
373,61,56.74,0.3300458230525203,28,63.05882352941177,51.81818181818182,55.15151515151515,852,500,735,1085,1292,1210
374,64,56.86,0.33081955680619063,28,63.14705882352941,51.93939393939394,55.303030303030305,853,503,739,1086,1294,1211
375,63,56.99,0.33169152482891734,28,63.23529411764706,52.09090909090909,55.45454545454545,854,507,743,1087,1296,1212
376,65,57.12,0.33256652661064423,28,63.3235294117647,52.24242424242424,55.60606060606061,855,511,747,1088,1298,1213
377,73,57.25,0.33344454148471614,28,63.411764705882355,52.39393939393939,55.75757575757576,856,515,751,1089,1300,1214
378,69,57.38,0.33432554897176714,28,63.5,52.54545454545455,55.90909090909091,857,519,755,1090,1302,1215
379,62,57.51,0.33520952877760396,28,63.588235294117645,52.696969696969695,56.06060606060606,858,523,759,1091,1304,1216
380,61,57.64,0.3361103400416377,28,63.6764705882353,52.84848484848485,56.21212121212121,859,527,763,1092,1306,1217
381,60,57.77,0.3370140211182274,28,63.76470588235294,53.0,56.36363636363637,860,531,767,1093,1308,1218
382,62,57.9,0.33792055267702936,28,63.85294117647059,53.15151515151515,56.515151515151516,861,535,771,1094,1310,1219
383,60,58.04,0.3389007580978635,28,63.970588235294116,53.303030303030305,56.666666666666664,862,539,775,1095,1313,1220
384,60,58.19,0.3399089190582575,28,64.08823529411765,53.484848484848484,56.81818181818182,863,543,779,1096,1316,1222
385,55,58.33,0.34083490485170587,28,64.20588235294117,53.666666666666664,56.93939393939394,864,547,782,1097,1319,1224
386,62,58.47,0.34177697964768256,28,64.32352941176471,53.84848484848485,57.06060606060606,865,551,785,1098,1322,1226
387,56,58.59,0.3425618706263867,28,64.38235294117646,54.03030303030303,57.18181818181818,866,555,788,1099,1323,1228
388,50,58.71,0.3433469596320899,28,64.47058823529412,54.18181818181818,57.303030303030305,867,559,791,1100,1325,1229
389,53,58.83,0.34415604283528806,28,64.55882352941177,54.333333333333336,57.42424242424242,868,563,794,1101,1327,1230
390,53,58.95,0.3449652247667515,28,64.6470588235294,54.484848484848484,57.54545454545455,869,567,797,1102,1329,1231
391,47,59.07,0.3457778906382258,28,64.73529411764706,54.63636363636363,57.666666666666664,870,571,800,1103,1331,1232
392,49,59.2,0.346695945945946,28,64.82352941176471,54.81818181818182,57.78787878787879,871,575,803,1104,1333,1234
393,47,59.31,0.3475855673579497,28,64.91176470588235,54.96969696969697,57.878787878787875,872,579,806,1104,1335,1235
394,47,59.43,0.34842503785966683,28,65.0,55.121212121212125,58.0,873,583,809,1105,1337,1236
395,51,59.54,0.34931138730265376,28,65.08823529411765,55.27272727272727,58.09090909090909,874,587,812,1105,1339,1237
396,43,59.65,0.3500637049455155,28,65.1470588235294,55.45454545454545,58.18181818181818,875,591,815,1105,1340,1239
397,47,59.76,0.3508065595716198,28,65.20588235294117,55.63636363636363,58.27272727272727,876,595,818,1105,1341,1241
398,48,59.87,0.35156338733923503,28,65.26470588235294,55.81818181818182,58.36363636363637,877,599,821,1105,1342,1243
399,40,59.98,0.3521907302434144,28,65.32352941176471,56.0,58.45454545454545,878,603,824,1105,1343,1245
400,41,60.09,0.35282576135796306,28,65.38235294117646,56.18181818181818,58.54545454545455,879,607,827,1105,1344,1247
401,39,60.2,0.35346843853820603,28,65.44117647058823,56.36363636363637,58.63636363636363,880,611,830,1105,1345,1249
402,37,60.28,0.353905109489051,28,65.5,56.484848484848484,58.696969696969695,881,613,832,1105,1346,1251
403,40,60.37,0.3544326652310751,28,65.55882352941177,56.60606060606061,58.78787878787879,882,615,835,1105,1347,1253
404,41,60.48,0.3551322751322752,28,65.6470588235294,56.75757575757576,58.878787878787875,883,618,838,1105,1349,1255
405,36,60.59,0.35584915002475653,28,65.73529411764706,56.90909090909091,58.96969696969697,884,621,841,1105,1351,1257
406,37,60.7,0.3565766062602965,28,65.82352941176471,57.06060606060606,59.06060606060606,885,624,844,1105,1353,1259
407,42,60.8,0.35734539473684207,28,65.91176470588235,57.18181818181818,59.15151515151515,886,627,847,1105,1355,1260
408,35,60.9,0.3578522167487685,28,66.0,57.333333333333336,59.21212121212121,887,630,849,1105,1357,1262
409,28,61.0,0.358360655737705,28,66.08823529411765,57.484848484848484,59.27272727272727,888,633,851,1105,1359,1264
410,28,61.09,0.35885251268620066,28,66.17647058823529,57.60606060606061,59.333333333333336,889,636,853,1105,1361,1265
411,21,61.16,0.3592053629823414,28,66.26470588235294,57.666666666666664,59.39393939393939,890,637,855,1105,1363,1266
412,18,61.22,0.3597484482195361,28,66.3529411764706,57.696969696969695,59.45454545454545,891,638,857,1105,1365,1266
413,23,61.26,0.3601371204701273,28,66.38235294117646,57.72727272727273,59.515151515151516,892,639,859,1105,1365,1266
414,19,61.3,0.36052528548123974,28,66.41176470588235,57.75757575757576,59.57575757575758,893,640,861,1105,1365,1266
415,18,61.34,0.36091294424519077,28,66.44117647058823,57.78787878787879,59.63636363636363,894,641,863,1105,1365,1266
416,23,61.38,0.3613033561420659,28,66.47058823529412,57.81818181818182,59.696969696969695,895,642,865,1105,1365,1266
417,19,61.42,0.3616932595245848,28,66.5,57.84848484848485,59.75757575757576,896,643,867,1105,1365,1266
418,18,61.46,0.3620826553856166,28,66.52941176470588,57.878787878787875,59.81818181818182,897,644,869,1105,1365,1266
419,23,61.5,0.3624715447154472,28,66.55882352941177,57.90909090909091,59.878787878787875,898,645,871,1105,1365,1266
420,19,61.54,0.36285992850178744,28,66.58823529411765,57.93939393939394,59.93939393939394,899,646,873,1105,1365,1266
421,18,61.58,0.36324780772978243,28,66.61764705882354,57.96969696969697,60.0,900,647,875,1105,1365,1266
422,23,61.62,0.36363518338201883,28,66.6470588235294,58.0,60.06060606060606,901,648,877,1105,1365,1266
423,22,61.66,0.3640220564385339,28,66.67647058823529,58.03030303030303,60.121212121212125,902,649,879,1105,1365,1266
424,23,61.71,0.3644676713660671,28,66.70588235294117,58.09090909090909,60.18181818181818,903,651,881,1105,1365,1266
425,29,61.77,0.36483568075117373,28,66.73529411764706,58.15151515151515,60.27272727272727,904,653,884,1105,1365,1266
426,25,61.84,0.36527813712807244,28,66.76470588235294,58.24242424242424,60.36363636363637,905,656,887,1105,1365,1266
427,24,61.91,0.3657357454369246,28,66.79411764705883,58.333333333333336,60.45454545454545,906,659,890,1105,1365,1266
428,29,61.98,0.36620845434010973,28,66.82352941176471,58.42424242424242,60.54545454545455,907,662,893,1105,1365,1266
429,25,62.05,0.3666800966962127,28,66.8529411764706,58.515151515151516,60.63636363636363,908,665,896,1105,1365,1266
430,24,62.12,0.3671506761107534,28,66.88235294117646,58.60606060606061,60.72727272727273,909,668,899,1105,1365,1266
431,29,62.19,0.3676266280752533,28,66.91176470588235,58.696969696969695,60.81818181818182,910,671,902,1105,1365,1266
432,25,62.26,0.36811114680372625,28,66.94117647058823,58.78787878787879,60.90909090909091,911,674,905,1105,1365,1266
433,24,62.33,0.36860099470559915,28,66.97058823529412,58.878787878787875,61.0,912,677,908,1105,1365,1266
434,29,62.4,0.36910576923076915,28,67.0,58.96969696969697,61.09090909090909,913,680,911,1105,1365,1266
435,25,62.47,0.3696158155914839,28,67.02941176470588,59.06060606060606,61.18181818181818,914,683,914,1105,1365,1266
436,24,62.54,0.370134314039015,28,67.05882352941177,59.15151515151515,61.27272727272727,915,686,917,1105,1365,1266
437,29,62.61,0.3706548474684555,28,67.08823529411765,59.24242424242424,61.36363636363637,916,689,920,1105,1365,1266
438,25,62.68,0.3711774090619017,28,67.11764705882354,59.333333333333336,61.45454545454545,917,692,923,1105,1365,1266
439,24,62.75,0.37170517928286856,28,67.1470588235294,59.42424242424242,61.54545454545455,918,695,926,1105,1365,1266
440,29,62.82,0.3722381407195161,28,67.17647058823529,59.515151515151516,61.63636363636363,919,698,929,1105,1365,1266
441,25,62.89,0.3727794561933535,28,67.20588235294117,59.60606060606061,61.72727272727273,920,701,932,1105,1365,1266
442,24,62.96,0.37332274459974585,28,67.23529411764706,59.696969696969695,61.81818181818182,921,704,935,1105,1365,1266
443,29,63.03,0.3738679993653815,28,67.26470588235294,59.78787878787879,61.90909090909091,922,707,938,1105,1365,1266
444,25,63.1,0.3744120443740095,28,67.29411764705883,59.878787878787875,62.0,923,710,941,1105,1365,1266
445,27,63.17,0.37495488364730095,28,67.32352941176471,59.96969696969697,62.09090909090909,924,713,944,1105,1365,1266
446,34,63.25,0.37549565217391306,28,67.38235294117646,60.06060606060606,62.18181818181818,926,716,947,1105,1365,1266
447,31,63.34,0.3758572781812441,28,67.44117647058823,60.18181818181818,62.27272727272727,928,720,950,1105,1365,1266
448,30,63.44,0.37620744010088275,28,67.52941176470588,60.303030303030305,62.36363636363637,931,724,953,1105,1365,1266
449,35,63.54,0.37650613786591125,28,67.58823529411765,60.42424242424242,62.484848484848484,933,728,956,1106,1365,1266
450,31,63.64,0.37700817096165934,28,67.67647058823529,60.515151515151516,62.60606060606061,936,731,959,1107,1365,1266
451,34,63.73,0.37751922171661695,28,67.73529411764706,60.60606060606061,62.72727272727273,938,734,962,1108,1365,1266
452,39,63.83,0.37804323985586713,28,67.82352941176471,60.696969696969695,62.84848484848485,941,737,965,1109,1365,1266
453,33,63.92,0.37854505632040053,28,67.91176470588235,60.78787878787879,62.93939393939394,944,740,967,1110,1365,1266
454,27,64.01,0.37905483518200284,28,68.0,60.878787878787875,63.03030303030303,947,743,969,1111,1365,1266
455,27,64.1,0.3795538221528861,28,68.08823529411765,60.96969696969697,63.121212121212125,949,746,971,1112,1366,1266
456,21,64.16,0.3799719451371571,28,68.11764705882354,61.03030303030303,63.21212121212121,950,748,973,1113,1366,1266
457,18,64.22,0.3804017440049829,28,68.1470588235294,61.09090909090909,63.303030303030305,951,750,975,1114,1366,1266
458,23,64.26,0.3807625272331155,28,68.17647058823529,61.121212121212125,63.36363636363637,952,751,977,1114,1366,1266
459,19,64.3,0.38112286158631414,28,68.20588235294117,61.15151515151515,63.42424242424242,953,752,979,1114,1366,1266
460,18,64.34,0.38148274790177183,28,68.23529411764706,61.18181818181818,63.484848484848484,954,753,981,1114,1366,1266
461,26,64.38,0.3818421870146008,28,68.26470588235294,61.21212121212121,63.54545454545455,955,754,983,1114,1366,1266
462,24,64.43,0.3820130374049356,28,68.29411764705883,61.27272727272727,63.60606060606061,956,756,985,1114,1366,1266
463,24,64.49,0.382200341138161,28,68.3529411764706,61.333333333333336,63.666666666666664,958,758,987,1114,1366,1266
464,29,64.56,0.3824101610904585,28,68.44117647058823,61.39393939393939,63.72727272727273,961,760,989,1114,1366,1266
465,25,64.63,0.38262262107380474,28,68.52941176470588,61.45454545454545,63.78787878787879,964,762,991,1114,1366,1266
466,24,64.7,0.3828408037094281,28,68.61764705882354,61.515151515151516,63.84848484848485,967,764,993,1114,1366,1266
467,29,64.77,0.38306469044310637,28,68.70588235294117,61.57575757575758,63.90909090909091,970,766,995,1114,1366,1266
468,25,64.84,0.38329117828500925,28,68.79411764705883,61.63636363636363,63.96969696969697,973,768,997,1114,1366,1266
469,24,64.91,0.3835202588199045,28,68.88235294117646,61.696969696969695,64.03030303030303,976,770,999,1114,1366,1266
470,29,64.98,0.38375192366882116,28,68.97058823529412,61.75757575757576,64.0909090909091,979,772,1001,1114,1366,1266
471,25,65.05,0.3839861644888547,28,69.05882352941177,61.81818181818182,64.15151515151516,982,774,1003,1114,1366,1266
472,24,65.12,0.384222972972973,28,69.1470588235294,61.878787878787875,64.21212121212122,985,776,1005,1114,1366,1266
473,29,65.19,0.38446847676023926,28,69.23529411764706,61.93939393939394,64.27272727272727,988,778,1007,1114,1366,1266
474,25,65.26,0.384719583205639,28,69.32352941176471,62.0,64.33333333333333,991,780,1009,1114,1366,1266
475,24,65.33,0.38497015153834385,28,69.41176470588235,62.06060606060606,64.39393939393939,994,782,1011,1114,1366,1266
476,29,65.4,0.38522935779816514,28,69.5,62.121212121212125,64.45454545454545,997,784,1013,1114,1366,1266
477,25,65.47,0.3854910646097449,28,69.58823529411765,62.18181818181818,64.51515151515152,1000,786,1015,1114,1366,1266
478,24,65.54,0.3857552639609399,28,69.67647058823529,62.24242424242424,64.57575757575758,1003,788,1017,1114,1366,1266
479,29,65.61,0.38602194787379973,28,69.76470588235294,62.303030303030305,64.63636363636364,1006,790,1019,1114,1366,1266
480,25,65.68,0.3862911084043849,28,69.8529411764706,62.36363636363637,64.6969696969697,1009,792,1021,1114,1366,1266
481,24,65.75,0.3865596958174905,28,69.94117647058823,62.42424242424242,64.75757575757575,1012,794,1023,1114,1366,1266
482,29,65.82,0.3868277119416591,28,70.02941176470588,62.484848484848484,64.81818181818181,1015,796,1025,1114,1366,1266
483,25,65.89,0.3870981939596297,28,70.11764705882354,62.54545454545455,64.87878787878788,1018,798,1027,1114,1366,1266
484,24,65.96,0.38737113402061857,28,70.20588235294117,62.60606060606061,64.93939393939394,1021,800,1029,1114,1366,1266
485,29,66.03,0.3876495532333788,28,70.29411764705883,62.666666666666664,65.0,1024,802,1031,1114,1366,1266
486,25,66.1,0.3879273827534039,28,70.38235294117646,62.72727272727273,65.06060606060606,1027,804,1033,1114,1366,1266
487,24,66.17,0.38821671452319784,28,70.47058823529412,62.78787878787879,65.12121212121212,1030,806,1035,1114,1366,1266
488,29,66.24,0.3885114734299517,28,70.55882352941177,62.84848484848485,65.18181818181819,1033,808,1037,1114,1366,1266
489,25,66.31,0.38880561001357267,28,70.6470588235294,62.90909090909091,65.24242424242425,1036,810,1039,1114,1366,1266
490,24,66.38,0.38909912624284426,28,70.73529411764706,62.96969696969697,65.3030303030303,1039,812,1041,1114,1366,1266
491,32,66.45,0.38939202407825435,28,70.82352941176471,63.03030303030303,65.36363636363636,1042,814,1043,1114,1366,1266
492,31,66.52,0.38968430547203853,28,70.91176470588235,63.09090909090909,65.42424242424242,1045,816,1045,1114,1366,1266
493,29,66.6,0.389975975975976,28,71.0,63.15151515151515,65.51515151515152,1048,818,1047,1115,1366,1266
494,33,66.68,0.39026694661067785,28,71.08823529411765,63.21212121212121,65.60606060606061,1051,820,1049,1116,1366,1266
495,25,66.76,0.39056021569802274,28,71.17647058823529,63.27272727272727,65.6969696969697,1054,822,1051,1117,1366,1266
496,22,66.82,0.3909518108350793,28,71.23529411764706,63.303030303030305,65.78787878787878,1056,823,1053,1118,1366,1266
497,26,66.87,0.39129804097502613,28,71.26470588235294,63.333333333333336,65.87878787878788,1057,824,1055,1119,1366,1266
498,21,66.92,0.39164674237895997,28,71.29411764705883,63.36363636363637,65.96969696969697,1058,825,1057,1120,1366,1266
499,19,66.97,0.3919979095117217,28,71.32352941176471,63.39393939393939,66.06060606060606,1059,826,1059,1121,1366,1266
500,26,67.02,0.39234855267084456,28,71.3529411764706,63.42424242424242,66.15151515151516,1060,827,1061,1122,1366,1266
501,24,67.07,0.3925465931116744,28,71.38235294117646,63.484848484848484,66.21212121212122,1061,829,1063,1122,1366,1266
502,21,67.13,0.39279457768508863,28,71.44117647058823,63.54545454545455,66.27272727272727,1063,831,1065,1122,1366,1266
503,27,67.19,0.39304211936300043,28,71.5,63.60606060606061,66.33333333333333,1065,833,1067,1122,1366,1266
504,27,67.25,0.39328921933085503,28,71.55882352941177,63.666666666666664,66.39393939393939,1067,835,1069,1122,1366,1266
505,29,67.32,0.39360368389780154,28,71.61764705882354,63.75757575757576,66.45454545454545,1069,838,1071,1122,1366,1266
506,33,67.4,0.3939317507418398,28,71.67647058823529,63.84848484848485,66.54545454545455,1071,841,1073,1123,1366,1266
507,31,67.48,0.3942620035566094,28,71.73529411764706,63.93939393939394,66.63636363636364,1073,844,1075,1124,1366,1266
508,29,67.56,0.3945973949082297,28,71.79411764705883,64.03030303030303,66.72727272727273,1075,847,1077,1125,1366,1266
509,36,67.64,0.3949408633944412,28,71.8529411764706,64.12121212121212,66.81818181818181,1077,850,1079,1126,1366,1266
510,40,67.72,0.39528352037802716,28,71.91176470588235,64.21212121212122,66.9090909090909,1079,853,1081,1127,1366,1266
511,48,67.82,0.39559716897670305,28,71.97058823529412,64.33333333333333,67.03030303030303,1081,856,1084,1128,1366,1267
512,59,67.92,0.39593050647820965,28,72.02941176470588,64.45454545454545,67.15151515151516,1083,859,1087,1129,1366,1268
513,53,68.01,0.3963137773856786,28,72.08823529411765,64.54545454545455,67.27272727272727,1085,862,1090,1130,1366,1268
514,56,68.1,0.39671953010279004,28,72.1470588235294,64.63636363636364,67.39393939393939,1087,865,1093,1131,1366,1268
515,61,68.2,0.3970557184750733,28,72.20588235294117,64.72727272727273,67.54545454545455,1089,868,1097,1132,1366,1268
516,62,68.31,0.39747181964573275,28,72.26470588235294,64.84848484848484,67.6969696969697,1091,872,1101,1133,1366,1268
517,68,68.43,0.3978941984509718,28,72.3529411764706,64.96969696969697,67.84848484848484,1093,876,1105,1134,1367,1268
518,77,68.55,0.39834135667396064,28,72.44117647058823,65.0909090909091,68.0,1095,880,1109,1135,1368,1268
519,77,68.67,0.3987927770496578,28,72.52941176470588,65.21212121212122,68.15151515151516,1097,884,1113,1136,1369,1268
520,74,68.79,0.3992455298735281,28,72.61764705882354,65.33333333333333,68.3030303030303,1099,888,1117,1137,1370,1268
521,77,68.91,0.3997083151937309,28,72.70588235294117,65.45454545454545,68.45454545454545,1101,892,1121,1138,1371,1268
522,80,69.03,0.4001926698536868,28,72.79411764705883,65.57575757575758,68.60606060606061,1103,896,1125,1139,1372,1268
523,71,69.15,0.4006984815618221,28,72.88235294117646,65.6969696969697,68.75757575757575,1105,900,1129,1140,1373,1268
524,77,69.27,0.40121986429911943,28,72.97058823529412,65.81818181818181,68.9090909090909,1107,904,1133,1141,1374,1268
525,71,69.39,0.4017480905029543,28,73.05882352941177,65.93939393939394,69.06060606060606,1109,908,1137,1142,1375,1268
526,70,69.52,0.4021835443037975,28,73.17647058823529,66.06060606060606,69.21212121212122,1111,912,1141,1143,1377,1268
527,72,69.65,0.40263747307968417,28,73.29411764705883,66.18181818181819,69.36363636363636,1113,916,1145,1144,1379,1268
528,68,69.78,0.40310117512181143,28,73.41176470588235,66.3030303030303,69.51515151515152,1115,920,1149,1145,1381,1268
529,73,69.91,0.40357745673008155,28,73.52941176470588,66.42424242424242,69.66666666666667,1117,924,1153,1146,1383,1268
530,81,70.04,0.40407481439177617,28,73.6470588235294,66.54545454545455,69.81818181818181,1119,928,1157,1147,1385,1268
531,74,70.17,0.40457887986318936,28,73.76470588235294,66.66666666666667,69.96969696969697,1121,932,1161,1148,1387,1268
532,88,70.3,0.40509246088193457,28,73.88235294117646,66.78787878787878,70.12121212121212,1123,936,1165,1149,1389,1268
533,92,70.44,0.4056615559341283,28,74.0,66.9090909090909,70.3030303030303,1125,940,1170,1150,1391,1268
534,99,70.58,0.40624539529611786,28,74.11764705882354,67.03030303030303,70.48484848484848,1127,944,1175,1151,1393,1268
535,100,70.72,0.40684954751131225,28,74.23529411764706,67.15151515151516,70.66666666666667,1129,948,1180,1152,1395,1268
536,98,70.86,0.4074569573807508,28,74.3529411764706,67.27272727272727,70.84848484848484,1131,952,1185,1153,1397,1268
537,90,71.0,0.4080732394366197,28,74.47058823529412,67.39393939393939,71.03030303030303,1133,956,1190,1154,1399,1268
538,79,71.14,0.4086955299409615,28,74.58823529411765,67.51515151515152,71.21212121212122,1135,960,1195,1155,1401,1268
539,71,71.28,0.4093265993265993,28,74.70588235294117,67.63636363636364,71.39393939393939,1137,964,1200,1156,1403,1268
540,87,71.42,0.40995799495939517,28,74.82352941176471,67.75757575757575,71.57575757575758,1139,968,1205,1157,1405,1268
541,91,71.56,0.4106008943543879,28,74.94117647058823,67.87878787878788,71.75757575757575,1141,972,1210,1158,1407,1268
542,92,71.7,0.4112496513249651,28,75.05882352941177,68.0,71.93939393939394,1143,976,1215,1159,1409,1268
543,90,71.84,0.41190701559020043,28,75.17647058823529,68.12121212121212,72.12121212121212,1145,980,1220,1160,1411,1268
544,97,71.98,0.412570158377327,28,75.29411764705883,68.24242424242425,72.3030303030303,1147,984,1225,1161,1413,1268
545,92,72.12,0.41323349972268436,28,75.41176470588235,68.36363636363636,72.48484848484848,1149,988,1230,1162,1415,1268
546,99,72.26,0.41392194851923614,28,75.52941176470588,68.48484848484848,72.66666666666667,1151,992,1235,1163,1417,1268
547,91,72.4,0.4146132596685083,28,75.6470588235294,68.60606060606061,72.84848484848484,1153,996,1240,1164,1419,1268
548,98,72.54,0.4153046594982079,28,75.76470588235294,68.72727272727273,73.03030303030303,1155,1000,1245,1165,1421,1268
549,93,72.68,0.41600715465052285,28,75.88235294117646,68.84848484848484,73.21212121212122,1157,1004,1250,1166,1423,1268
550,97,72.82,0.41670969513869816,28,76.0,68.96969696969697,73.39393939393939,1159,1008,1255,1167,1425,1268
551,98,72.96,0.4174122807017544,28,76.11764705882354,69.0909090909091,73.57575757575758,1161,1012,1260,1168,1427,1268
552,99,73.1,0.4181121751025991,28,76.23529411764706,69.21212121212122,73.75757575757575,1163,1016,1265,1169,1429,1268
553,106,73.24,0.41881485527034407,28,76.3529411764706,69.33333333333333,73.93939393939394,1165,1020,1270,1170,1431,1268
554,116,73.38,0.41952030526028894,28,76.47058823529412,69.45454545454545,74.12121212121212,1167,1024,1275,1171,1433,1268
555,108,73.52,0.4201577801958651,28,76.55882352941177,69.60606060606061,74.3030303030303,1168,1028,1280,1172,1435,1269
556,105,73.67,0.4208538075200217,28,76.67647058823529,69.75757575757575,74.48484848484848,1170,1032,1285,1173,1437,1270
557,108,73.82,0.4215497155242482,28,76.79411764705883,69.9090909090909,74.66666666666667,1172,1036,1290,1174,1439,1271
558,98,73.98,0.42222762908894296,28,76.94117647058823,70.06060606060606,74.84848484848484,1174,1040,1295,1175,1442,1272
559,97,74.14,0.4229053142702994,28,77.08823529411765,70.21212121212122,75.03030303030303,1176,1044,1300,1176,1445,1273
560,99,74.3,0.42359084791386276,28,77.23529411764706,70.36363636363636,75.21212121212122,1178,1048,1305,1177,1448,1274
561,104,74.46,0.4242814934192855,28,77.38235294117646,70.51515151515152,75.39393939393939,1180,1052,1310,1178,1451,1275
562,105,74.63,0.42483853678145517,28,77.52941176470588,70.6969696969697,75.57575757575758,1182,1057,1315,1179,1454,1276
563,105,74.81,0.4254177249030878,28,77.70588235294117,70.87878787878788,75.75757575757575,1184,1062,1320,1180,1458,1277
564,106,74.98,0.4259802614030408,28,77.8529411764706,71.06060606060606,75.93939393939394,1186,1067,1325,1181,1461,1278
565,102,75.14,0.4264812350279478,28,78.0,71.21212121212122,76.12121212121212,1188,1071,1330,1182,1464,1279
566,101,75.3,0.42698539176626826,28,78.1470588235294,71.36363636363636,76.3030303030303,1190,1075,1335,1183,1467,1280
567,96,75.47,0.42750894395123895,28,78.32352941176471,71.51515151515152,76.48484848484848,1192,1079,1340,1184,1471,1281
568,89,75.63,0.42804310458812644,28,78.47058823529412,71.66666666666667,76.66666666666667,1194,1083,1345,1185,1474,1282
569,86,75.78,0.42857218263394037,28,78.58823529411765,71.81818181818181,76.84848484848484,1196,1087,1350,1186,1476,1283
570,94,75.94,0.42911772451935737,28,78.73529411764706,71.96969696969697,77.03030303030303,1198,1091,1355,1187,1479,1284
571,97,76.09,0.42961624392167175,28,78.88235294117646,72.12121212121212,77.18181818181819,1200,1095,1359,1188,1482,1285
572,93,76.25,0.43017049180327865,28,79.02941176470588,72.27272727272727,77.36363636363636,1202,1099,1364,1189,1485,1286
573,98,76.41,0.43072241853160587,28,79.17647058823529,72.42424242424242,77.54545454545455,1204,1103,1369,1190,1488,1287
574,105,76.58,0.4313319404544267,28,79.32352941176471,72.60606060606061,77.72727272727273,1206,1108,1374,1191,1491,1288
575,106,76.75,0.4319413680781759,28,79.47058823529412,72.78787878787878,77.9090909090909,1208,1113,1379,1192,1494,1289
576,98,76.92,0.4325533021320853,28,79.61764705882354,72.96969696969697,78.0909090909091,1210,1118,1384,1193,1497,1290
577,99,77.09,0.4331651316642885,28,79.76470588235294,73.15151515151516,78.27272727272727,1212,1123,1389,1194,1500,1291
578,103,77.26,0.43378462334972817,28,79.91176470588235,73.33333333333333,78.45454545454545,1214,1128,1394,1195,1503,1292
579,105,77.42,0.43435546370446915,28,80.05882352941177,73.48484848484848,78.63636363636364,1216,1132,1399,1196,1506,1293
580,105,77.6,0.43483505154639174,28,80.20588235294117,73.66666666666667,78.84848484848484,1218,1137,1405,1197,1509,1294
581,107,77.79,0.4352885975061062,28,80.32352941176471,73.9090909090909,79.06060606060606,1220,1144,1411,1198,1511,1295
582,108,77.99,0.43566226439287087,28,80.47058823529412,74.15151515151516,79.27272727272727,1222,1151,1417,1199,1514,1296
583,106,78.19,0.43605192479856764,28,80.61764705882354,74.39393939393939,79.48484848484848,1224,1158,1423,1200,1517,1297
584,110,78.39,0.43645235361653273,28,80.76470588235294,74.63636363636364,79.6969696969697,1226,1165,1429,1201,1520,1298
585,114,78.59,0.4368685583407558,28,80.91176470588235,74.87878787878788,79.9090909090909,1228,1172,1435,1202,1523,1299
586,116,78.78,0.4373749682660574,28,81.02941176470588,75.12121212121212,80.12121212121212,1230,1179,1441,1203,1525,1300
587,112,78.97,0.4378865391920983,28,81.1470588235294,75.36363636363636,80.33333333333333,1232,1186,1447,1204,1527,1301
588,117,79.16,0.43841586659929255,28,81.26470588235294,75.60606060606061,80.54545454545455,1234,1193,1453,1205,1529,1302
589,126,79.37,0.43877409600604766,28,81.41176470588235,75.84848484848484,80.78787878787878,1236,1200,1460,1206,1532,1303
590,132,79.58,0.4391430007539583,28,81.55882352941177,76.0909090909091,81.03030303030303,1238,1207,1467,1207,1535,1304
591,135,79.79,0.43951247023436524,28,81.70588235294117,76.33333333333333,81.27272727272727,1240,1214,1474,1208,1538,1305
592,146,80.01,0.43976877890263716,28,81.8529411764706,76.60606060606061,81.51515151515152,1242,1221,1481,1209,1541,1307
593,145,80.23,0.44004611741243926,28,82.0,76.87878787878788,81.75757575757575,1244,1228,1488,1210,1544,1309
594,144,80.45,0.44033436917339963,28,82.1470588235294,77.15151515151516,82.0,1246,1235,1495,1211,1547,1311
595,148,80.68,0.4405404065443728,28,82.32352941176471,77.42424242424242,82.24242424242425,1248,1242,1502,1212,1551,1313
596,136,80.92,0.4406080079090459,28,82.5,77.6969696969697,82.51515151515152,1250,1249,1510,1213,1555,1315
597,135,81.17,0.44068621411851666,28,82.67647058823529,77.96969696969697,82.81818181818181,1252,1256,1518,1215,1559,1317
598,128,81.42,0.440786047654139,28,82.8529411764706,78.24242424242425,83.12121212121212,1254,1263,1526,1217,1563,1319
599,128,81.66,0.4410555963752143,28,83.02941176470588,78.51515151515152,83.39393939393939,1256,1270,1533,1219,1567,1321
600,125,81.9,0.44134310134310134,28,83.20588235294117,78.78787878787878,83.66666666666667,1258,1277,1540,1221,1571,1323
601,125,82.14,0.4416532748965182,28,83.38235294117646,79.06060606060606,83.93939393939394,1260,1284,1547,1223,1575,1325
602,139,82.39,0.4418291054739653,28,83.55882352941177,79.33333333333333,84.24242424242425,1262,1291,1555,1225,1579,1327
603,138,82.64,0.44202565343659245,28,83.73529411764706,79.60606060606061,84.54545454545455,1264,1298,1563,1227,1583,1329
604,150,82.91,0.4421625859365577,28,83.91176470588235,79.9090909090909,84.87878787878788,1266,1305,1571,1230,1587,1332
605,147,83.18,0.4423226737196441,28,84.08823529411765,80.21212121212122,85.21212121212122,1268,1312,1579,1233,1591,1335
606,148,83.44,0.44244487056567594,28,84.26470588235294,80.51515151515152,85.51515151515152,1270,1319,1586,1236,1595,1338
607,142,83.71,0.44261975869071796,28,84.44117647058823,80.81818181818181,85.84848484848484,1272,1326,1594,1239,1599,1341
608,131,83.97,0.4427759914255091,28,84.61764705882354,81.12121212121212,86.15151515151516,1274,1333,1601,1242,1603,1344
609,122,84.21,0.4428820805130032,28,84.76470588235294,81.42424242424242,86.42424242424242,1276,1340,1607,1245,1606,1347
610,134,84.45,0.44300177619893427,28,84.91176470588235,81.72727272727273,86.6969696969697,1278,1347,1613,1248,1609,1350
611,133,84.7,0.44318299881936246,28,85.05882352941177,82.03030303030303,87.0,1280,1354,1620,1251,1612,1353
612,137,84.96,0.44339218455743884,28,85.23529411764706,82.33333333333333,87.3030303030303,1282,1361,1627,1254,1616,1356
613,132,85.22,0.44360948134240785,28,85.41176470588235,82.63636363636364,87.60606060606061,1284,1368,1634,1257,1620,1359
614,125,85.47,0.4438060138060138,28,85.55882352941177,82.93939393939394,87.9090909090909,1286,1375,1641,1260,1623,1362
615,121,85.69,0.4438779320807562,28,85.70588235294117,83.24242424242425,88.12121212121212,1288,1382,1645,1263,1626,1365
616,125,85.92,0.4440293296089386,28,85.8529411764706,83.54545454545455,88.36363636363636,1290,1389,1650,1266,1629,1368
617,129,86.15,0.4441938479396401,28,86.0,83.84848484848484,88.60606060606061,1292,1396,1655,1269,1632,1371
618,120,86.39,0.444390554462322,28,86.11764705882354,84.15151515151516,88.9090909090909,1293,1403,1662,1272,1635,1374
619,122,86.64,0.44466297322253,28,86.26470588235294,84.45454545454545,89.21212121212122,1295,1410,1669,1275,1638,1377
620,114,86.9,0.44496662830840045,28,86.44117647058823,84.75757575757575,89.51515151515152,1297,1417,1676,1278,1642,1380
621,106,87.16,0.445273061037173,28,86.61764705882354,85.06060606060606,89.81818181818181,1299,1424,1683,1281,1646,1383
622,116,87.39,0.4454708776747912,28,86.76470588235294,85.33333333333333,90.0909090909091,1300,1430,1689,1284,1650,1386
623,116,87.63,0.44573433755563163,28,86.94117647058823,85.60606060606061,90.36363636363636,1302,1436,1695,1287,1654,1389
624,105,87.86,0.4459731390849078,28,87.11764705882354,85.87878787878788,90.60606060606061,1304,1442,1700,1290,1658,1392
625,109,88.09,0.44621750482461114,28,87.29411764705883,86.15151515151516,90.84848484848484,1306,1448,1705,1293,1662,1395
626,113,88.32,0.4464560688405797,28,87.44117647058823,86.42424242424242,91.12121212121212,1307,1454,1711,1296,1666,1398
627,105,88.55,0.4466211180124223,28,87.58823529411765,86.6969696969697,91.39393939393939,1308,1460,1716,1300,1670,1401
628,99,88.79,0.44693884446446674,28,87.76470588235294,86.96969696969697,91.66666666666667,1310,1467,1722,1303,1674,1403
629,89,89.04,0.4472596585804133,28,87.94117647058823,87.24242424242425,91.96969696969697,1312,1474,1728,1307,1678,1405
630,89,89.28,0.44755376344086023,28,88.11764705882354,87.51515151515152,92.24242424242425,1314,1481,1733,1311,1682,1407
631,99,89.51,0.44776337839347563,28,88.29411764705883,87.78787878787878,92.48484848484848,1316,1488,1739,1313,1686,1409
632,108,89.75,0.4480300835654596,28,88.47058823529412,88.06060606060606,92.75757575757575,1318,1495,1746,1315,1690,1411
633,101,90.0,0.44828222222222225,28,88.67647058823529,88.33333333333333,93.03030303030303,1320,1502,1753,1317,1695,1413
634,105,90.23,0.44852377258118137,28,88.88235294117646,88.57575757575758,93.27272727272727,1322,1508,1759,1319,1700,1415
635,107,90.45,0.44873521282476503,28,89.08823529411765,88.81818181818181,93.48484848484848,1324,1514,1764,1321,1705,1417
636,106,90.67,0.4488794529612882,28,89.29411764705883,89.0909090909091,93.66666666666667,1326,1521,1768,1323,1710,1419
637,97,90.88,0.44897887323943664,28,89.5,89.33333333333333,93.84848484848484,1328,1527,1772,1325,1715,1421
638,91,91.09,0.44908661763091445,28,89.70588235294117,89.57575757575758,94.03030303030303,1330,1533,1776,1327,1720,1423
639,82,91.27,0.4491475840911581,28,89.88235294117646,89.78787878787878,94.18181818181819,1332,1538,1779,1329,1724,1425
640,79,91.45,0.4492258064516129,28,90.05882352941177,90.0,94.33333333333333,1334,1543,1782,1331,1728,1427
641,77,91.62,0.4492709015498799,28,90.23529411764706,90.18181818181819,94.48484848484848,1336,1548,1785,1333,1732,1428
642,81,91.79,0.44931800849765774,28,90.44117647058823,90.33333333333333,94.63636363636364,1338,1553,1788,1335,1737,1428
643,85,91.96,0.4493236189647673,28,90.61764705882354,90.51515151515152,94.78787878787878,1339,1559,1791,1337,1742,1428
644,80,92.13,0.44935960056441987,28,90.82352941176471,90.6969696969697,94.9090909090909,1341,1565,1793,1339,1747,1428
645,83,92.31,0.44943234752464517,28,91.02941176470588,90.87878787878788,95.06060606060606,1343,1571,1796,1341,1752,1428
646,86,92.49,0.44950913612282406,28,91.23529411764706,91.06060606060606,95.21212121212122,1345,1577,1799,1343,1757,1428
647,78,92.66,0.44954888840923807,28,91.41176470588235,91.24242424242425,95.36363636363636,1346,1583,1802,1345,1762,1428
648,81,92.84,0.44956699698405855,28,91.61764705882354,91.45454545454545,95.48484848484848,1348,1589,1804,1347,1767,1429
649,81,93.02,0.44960438615351533,28,91.82352941176471,91.66666666666667,95.60606060606061,1350,1595,1806,1349,1772,1430
650,72,93.2,0.4496545064377683,28,92.02941176470588,91.87878787878788,95.72727272727273,1352,1601,1808,1351,1777,1431
651,80,93.36,0.4497600685518423,28,92.20588235294117,92.06060606060606,95.84848484848484,1353,1607,1811,1352,1782,1431
652,79,93.52,0.449901625320787,28,92.41176470588235,92.21212121212122,95.96969696969697,1355,1612,1814,1353,1787,1431
653,67,93.7,0.4500554962646745,28,92.61764705882354,92.39393939393939,96.12121212121212,1357,1618,1817,1355,1792,1431
654,68,93.87,0.45019814637264305,28,92.82352941176471,92.57575757575758,96.24242424242425,1359,1624,1819,1357,1797,1431
655,67,94.03,0.45030628522811866,28,93.0,92.75757575757575,96.36363636363636,1360,1630,1821,1359,1802,1431
656,63,94.19,0.4504586474147999,28,93.17647058823529,92.93939393939394,96.48484848484848,1361,1636,1824,1360,1807,1431
657,66,94.34,0.45062539749841,28,93.3529411764706,93.12121212121212,96.57575757575758,1362,1642,1827,1360,1812,1431
658,70,94.48,0.4507133784928027,28,93.5,93.3030303030303,96.66666666666667,1363,1647,1830,1360,1816,1432
659,71,94.62,0.4508137814415557,28,93.6470588235294,93.48484848484848,96.75757575757575,1364,1652,1833,1360,1820,1433
660,72,94.79,0.4510444139677181,28,93.82352941176471,93.6969696969697,96.87878787878788,1366,1658,1836,1361,1824,1434
661,73,94.96,0.4512384161752317,28,94.0,93.9090909090909,97.0,1368,1664,1838,1363,1828,1435
662,62,95.13,0.451438032166509,28,94.17647058823529,94.12121212121212,97.12121212121212,1370,1670,1840,1365,1832,1436
663,69,95.27,0.45153248661698325,28,94.32352941176471,94.3030303030303,97.21212121212122,1371,1675,1842,1366,1836,1437
664,63,95.42,0.4516600293439531,28,94.47058823529412,94.51515151515152,97.3030303030303,1372,1681,1844,1367,1840,1438
665,61,95.56,0.4517915445793219,28,94.58823529411765,94.72727272727273,97.39393939393939,1372,1687,1846,1368,1844,1439
666,64,95.71,0.45193919130707344,28,94.73529411764706,94.93939393939394,97.48484848484848,1373,1693,1848,1369,1848,1440
667,60,95.84,0.45204716193656097,28,94.8529411764706,95.12121212121212,97.57575757575758,1374,1698,1850,1370,1851,1441
668,55,95.98,0.4522004584288393,28,95.0,95.3030303030303,97.66666666666667,1376,1703,1852,1371,1854,1442
669,57,96.11,0.4523473103735304,28,95.11764705882354,95.48484848484848,97.75757575757575,1377,1708,1854,1372,1857,1443
670,52,96.25,0.45250389610389613,28,95.26470588235294,95.66666666666667,97.84848484848484,1379,1713,1856,1373,1860,1444
671,42,96.38,0.4526250259389915,28,95.38235294117646,95.84848484848484,97.93939393939394,1380,1718,1858,1374,1863,1445
672,48,96.5,0.452700518134715,28,95.5,96.0,98.03030303030303,1381,1722,1860,1375,1866,1446
673,43,96.61,0.45277818031259703,28,95.58823529411765,96.15151515151516,98.12121212121212,1381,1726,1862,1376,1869,1447
674,38,96.72,0.4528660049627791,28,95.67647058823529,96.3030303030303,98.21212121212122,1381,1730,1864,1377,1872,1448
675,41,96.84,0.45299876084262697,28,95.76470588235294,96.48484848484848,98.3030303030303,1381,1735,1866,1378,1875,1449
676,40,96.94,0.45303693005983087,28,95.88235294117646,96.57575757575758,98.39393939393939,1382,1737,1868,1379,1878,1450
677,34,97.03,0.4530423580335979,28,95.97058823529412,96.66666666666667,98.48484848484848,1383,1739,1870,1380,1880,1451
678,37,97.12,0.45304777594728174,28,96.05882352941177,96.75757575757575,98.57575757575758,1384,1741,1872,1381,1882,1452
679,36,97.19,0.4530188290976438,28,96.08823529411765,96.84848484848484,98.66666666666667,1384,1743,1874,1382,1883,1453
680,31,97.27,0.4530040094582091,28,96.1470588235294,96.93939393939394,98.75757575757575,1385,1745,1876,1383,1884,1454
681,35,97.35,0.4529912686183873,28,96.20588235294117,97.03030303030303,98.84848484848484,1386,1747,1878,1384,1885,1455
682,30,97.43,0.45298060145745667,28,96.26470588235294,97.12121212121212,98.93939393939394,1387,1749,1880,1385,1886,1456
683,27,97.49,0.45295620063596265,28,96.26470588235294,97.21212121212122,99.03030303030303,1387,1751,1882,1386,1886,1457
684,30,97.55,0.4529338800615069,28,96.26470588235294,97.3030303030303,99.12121212121212,1387,1753,1884,1387,1886,1458
685,32,97.62,0.4529256299938538,28,96.29411764705883,97.39393939393939,99.21212121212122,1388,1755,1886,1388,1886,1459
686,28,97.69,0.4529173917494114,28,96.32352941176471,97.48484848484848,99.3030303030303,1389,1757,1888,1389,1886,1460
687,33,97.76,0.45291530278232406,28,96.3529411764706,97.57575757575758,99.39393939393939,1390,1759,1890,1390,1886,1461
688,33,97.82,0.45290533633203844,28,96.3529411764706,97.66666666666667,99.48484848484848,1390,1761,1892,1391,1886,1462
689,27,97.88,0.45289538210053126,28,96.3529411764706,97.75757575757575,99.57575757575758,1390,1763,1894,1392,1886,1463
690,30,97.94,0.4528895241984889,28,96.3529411764706,97.84848484848484,99.66666666666667,1390,1765,1896,1393,1886,1464
691,33,98.0,0.4528857142857143,28,96.3529411764706,97.93939393939394,99.75757575757575,1390,1767,1898,1394,1886,1465
692,27,98.06,0.4528819090352845,28,96.3529411764706,98.03030303030303,99.84848484848484,1390,1769,1900,1395,1886,1466
693,30,98.12,0.4528801467590705,28,96.3529411764706,98.12121212121212,99.93939393939394,1390,1771,1902,1396,1886,1467
694,35,98.19,0.4528964252978918,28,96.38235294117646,98.21212121212122,100.03030303030303,1391,1773,1904,1397,1886,1468
695,28,98.26,0.452920822308162,28,96.41176470588235,98.3030303030303,100.12121212121212,1392,1775,1906,1398,1886,1469
696,33,98.33,0.45294518458252825,28,96.44117647058823,98.39393939393939,100.21212121212122,1393,1777,1908,1399,1886,1470
697,32,98.4,0.45297357723577236,28,96.47058823529412,98.48484848484848,100.3030303030303,1394,1779,1910,1400,1886,1471
698,29,98.46,0.45299004671947996,28,96.47058823529412,98.57575757575758,100.39393939393939,1394,1781,1912,1401,1886,1472
699,34,98.53,0.45302242971683754,28,96.5,98.66666666666667,100.48484848484848,1395,1783,1914,1402,1886,1473
700,33,98.6,0.4530608519269777,28,96.52941176470588,98.75757575757575,100.57575757575758,1396,1785,1916,1403,1886,1474
701,26,98.67,0.45310327353805613,28,96.55882352941177,98.84848484848484,100.66666666666667,1397,1787,1918,1404,1886,1475
702,32,98.73,0.4531317735237516,28,96.55882352941177,98.93939393939394,100.75757575757575,1397,1789,1920,1405,1886,1476
703,32,98.79,0.453164287883389,28,96.55882352941177,99.03030303030303,100.84848484848484,1397,1791,1922,1406,1886,1477
704,29,98.85,0.4531967627718766,28,96.55882352941177,99.12121212121212,100.93939393939394,1397,1793,1924,1407,1886,1478
705,35,98.91,0.45323122030128404,28,96.55882352941177,99.21212121212122,101.03030303030303,1397,1795,1926,1408,1886,1479
706,32,98.97,0.4532676568657169,28,96.55882352941177,99.3030303030303,101.12121212121212,1397,1797,1928,1409,1886,1480
707,32,99.03,0.45330404927799656,28,96.55882352941177,99.39393939393939,101.21212121212122,1397,1799,1930,1410,1886,1481
708,32,99.09,0.4533464527197497,28,96.55882352941177,99.48484848484848,101.3030303030303,1397,1801,1932,1411,1886,1482
709,35,99.15,0.45339283913262735,28,96.55882352941177,99.57575757575758,101.39393939393939,1397,1803,1934,1412,1886,1483
710,34,99.22,0.4533319895182423,28,96.55882352941177,99.66666666666667,101.51515151515152,1397,1805,1936,1414,1886,1484
711,33,99.29,0.45328532581327424,28,96.55882352941177,99.75757575757575,101.63636363636364,1397,1807,1938,1416,1886,1485
712,26,99.36,0.4532387278582931,28,96.55882352941177,99.84848484848484,101.75757575757575,1397,1809,1940,1418,1886,1486
713,25,99.43,0.45319621844513724,28,96.55882352941177,99.93939393939394,101.87878787878788,1397,1811,1942,1420,1886,1487
714,25,99.49,0.45325861895667907,28,96.55882352941177,100.03030303030303,101.96969696969697,1397,1813,1944,1421,1886,1488
715,19,99.55,0.45332094424912106,28,96.55882352941177,100.12121212121212,102.06060606060606,1397,1815,1946,1422,1886,1489
716,20,99.6,0.4533855421686747,28,96.55882352941177,100.18181818181819,102.15151515151516,1397,1817,1948,1423,1886,1489
717,22,99.64,0.453438378161381,28,96.55882352941177,100.24242424242425,102.21212121212122,1397,1819,1950,1423,1886,1489
718,18,99.68,0.45349117174959874,28,96.55882352941177,100.3030303030303,102.27272727272727,1397,1821,1952,1423,1886,1489
719,23,99.72,0.45354793421580425,28,96.55882352941177,100.36363636363636,102.33333333333333,1397,1823,1954,1423,1886,1489
720,24,99.77,0.4536584143530119,28,96.55882352941177,100.42424242424242,102.42424242424242,1397,1825,1957,1423,1886,1489
721,19,99.82,0.4537687838108595,28,96.55882352941177,100.48484848484848,102.51515151515152,1397,1827,1960,1423,1886,1489
722,20,99.87,0.4538810453589667,28,96.55882352941177,100.54545454545455,102.60606060606061,1397,1829,1963,1423,1886,1489
723,22,99.91,0.4539455509958963,28,96.55882352941177,100.60606060606061,102.66666666666667,1397,1831,1965,1423,1886,1489
724,18,99.95,0.45401400700350175,28,96.55882352941177,100.66666666666667,102.72727272727273,1397,1833,1967,1423,1886,1489
725,20,99.99,0.4540844084408441,28,96.55882352941177,100.72727272727273,102.78787878787878,1397,1835,1969,1423,1886,1489
726,22,100.03,0.4541547535739278,28,96.55882352941177,100.78787878787878,102.84848484848484,1397,1837,1971,1423,1886,1489
727,18,100.07,0.4542250424702708,28,96.55882352941177,100.84848484848484,102.9090909090909,1397,1839,1973,1423,1886,1489
728,20,100.11,0.4542992708021177,28,96.55882352941177,100.9090909090909,102.96969696969697,1397,1841,1975,1423,1886,1489
729,25,100.15,0.4543734398402396,28,96.55882352941177,100.96969696969697,103.03030303030303,1397,1843,1977,1423,1886,1489
730,23,100.2,0.4544930139720559,28,96.55882352941177,101.06060606060606,103.0909090909091,1397,1846,1979,1423,1886,1489
731,26,100.26,0.4546159984041492,28,96.55882352941177,101.18181818181819,103.15151515151516,1397,1850,1981,1423,1886,1489
732,29,100.32,0.4547408293460925,28,96.55882352941177,101.3030303030303,103.21212121212122,1397,1854,1983,1423,1886,1489
733,25,100.39,0.45490885546369164,28,96.58823529411765,101.42424242424242,103.27272727272727,1398,1858,1985,1423,1886,1489
734,27,100.46,0.4550786382639857,28,96.61764705882354,101.54545454545455,103.33333333333333,1399,1862,1987,1423,1886,1489
735,29,100.53,0.45524818462150596,28,96.6470588235294,101.66666666666667,103.39393939393939,1400,1866,1989,1423,1886,1489
736,25,100.6,0.45541948310139163,28,96.67647058823529,101.78787878787878,103.45454545454545,1401,1870,1991,1423,1886,1489
737,27,100.67,0.45559650342703883,28,96.70588235294117,101.9090909090909,103.51515151515152,1402,1874,1993,1423,1886,1489
738,28,100.75,0.45575682382134,28,96.73529411764706,102.06060606060606,103.57575757575758,1403,1878,1995,1423,1886,1490
739,24,100.82,0.45593929775838127,28,96.76470588235294,102.18181818181819,103.63636363636364,1404,1882,1997,1423,1886,1490
740,26,100.89,0.4561215184854792,28,96.79411764705883,102.3030303030303,103.6969696969697,1405,1886,1999,1423,1886,1490
741,28,100.96,0.45630348652931857,28,96.82352941176471,102.42424242424242,103.75757575757575,1406,1890,2001,1423,1886,1490
742,24,101.03,0.45648718202514105,28,96.8529411764706,102.54545454545455,103.81818181818181,1407,1894,2003,1423,1886,1490
743,29,101.1,0.45664292779426313,28,96.88235294117646,102.66666666666667,103.87878787878788,1408,1897,2005,1423,1886,1491
744,27,101.18,0.45681952955129473,28,96.91176470588235,102.81818181818181,103.93939393939394,1409,1900,2007,1423,1886,1493
745,20,101.25,0.4569530864197531,28,96.94117647058823,102.93939393939394,104.0,1410,1902,2009,1423,1886,1495
746,20,101.31,0.45704767545158426,28,96.94117647058823,103.06060606060606,104.06060606060606,1410,1904,2011,1423,1886,1497
747,25,101.35,0.45714750863344844,28,96.94117647058823,103.12121212121212,104.12121212121212,1410,1906,2013,1423,1886,1497
748,29,101.4,0.4572781065088758,28,96.94117647058823,103.18181818181819,104.21212121212122,1410,1908,2016,1423,1886,1497
749,27,101.48,0.4574812770989357,28,97.0,103.24242424242425,104.33333333333333,1411,1910,2020,1423,1887,1497
750,25,101.56,0.457684127609295,28,97.05882352941177,103.3030303030303,104.45454545454545,1412,1912,2024,1423,1888,1497
751,18,101.63,0.45785791596969394,28,97.11764705882354,103.36363636363636,104.54545454545455,1413,1914,2027,1423,1889,1497
752,20,101.67,0.4579630176059801,28,97.11764705882354,103.42424242424242,104.60606060606061,1413,1916,2029,1423,1889,1497
753,22,101.71,0.4580680365745748,28,97.11764705882354,103.48484848484848,104.66666666666667,1413,1918,2031,1423,1889,1497
754,18,101.75,0.4581749385749386,28,97.11764705882354,103.54545454545455,104.72727272727273,1413,1920,2033,1423,1889,1497
755,20,101.79,0.45828372138716966,28,97.11764705882354,103.60606060606061,104.78787878787878,1413,1922,2035,1423,1889,1497
756,22,101.83,0.4583924187371109,28,97.11764705882354,103.66666666666667,104.84848484848484,1413,1924,2037,1423,1889,1497
757,18,101.87,0.4585010307254344,28,97.11764705882354,103.72727272727273,104.9090909090909,1413,1926,2039,1423,1889,1497
758,20,101.91,0.4586095574526543,28,97.11764705882354,103.78787878787878,104.96969696969697,1413,1928,2041,1423,1889,1497
759,22,101.95,0.458717999019127,28,97.11764705882354,103.84848484848484,105.03030303030303,1413,1930,2043,1423,1889,1497
760,18,101.99,0.4588283165016178,28,97.11764705882354,103.9090909090909,105.0909090909091,1413,1932,2045,1423,1889,1497
761,20,102.03,0.4589385474860335,28,97.11764705882354,103.96969696969697,105.15151515151516,1413,1934,2047,1423,1889,1497
762,22,102.07,0.45904869207406684,28,97.11764705882354,104.03030303030303,105.21212121212122,1413,1936,2049,1423,1889,1497
763,18,102.11,0.45915875036725096,28,97.11764705882354,104.0909090909091,105.27272727272727,1413,1938,2051,1423,1889,1497
764,20,102.15,0.4592706803720019,28,97.11764705882354,104.15151515151516,105.33333333333333,1413,1940,2053,1423,1889,1497
765,22,102.19,0.45938252275173697,28,97.11764705882354,104.21212121212122,105.39393939393939,1413,1942,2055,1423,1889,1497
766,18,102.23,0.459496233982197,28,97.11764705882354,104.27272727272727,105.45454545454545,1413,1944,2057,1423,1889,1497
767,20,102.27,0.4596098562628337,28,97.11764705882354,104.33333333333333,105.51515151515152,1413,1946,2059,1423,1889,1497
768,22,102.31,0.4597253445411006,28,97.11764705882354,104.39393939393939,105.57575757575758,1413,1948,2061,1423,1889,1497
769,18,102.35,0.4598407425500733,28,97.11764705882354,104.45454545454545,105.63636363636364,1413,1950,2063,1423,1889,1497
770,20,102.39,0.45995800371129997,28,97.11764705882354,104.51515151515152,105.6969696969697,1413,1952,2065,1423,1889,1497
771,22,102.43,0.4600751732890755,28,97.11764705882354,104.57575757575758,105.75757575757575,1413,1954,2067,1423,1889,1497
772,21,102.47,0.4601922513906509,28,97.11764705882354,104.63636363636364,105.81818181818181,1413,1956,2069,1423,1889,1497
773,28,102.52,0.46031798673429575,28,97.1470588235294,104.6969696969697,105.87878787878788,1414,1958,2071,1423,1889,1497
774,31,102.58,0.4603587443946189,28,97.20588235294117,104.75757575757575,105.93939393939394,1415,1960,2073,1423,1890,1497
775,33,102.65,0.46040038967364827,28,97.29411764705883,104.81818181818181,106.0,1416,1962,2075,1423,1892,1497
776,32,102.72,0.46044781931464174,28,97.38235294117646,104.87878787878788,106.06060606060606,1417,1964,2077,1423,1894,1497
777,37,102.79,0.46049713007101856,28,97.47058823529412,104.93939393939394,106.12121212121212,1418,1966,2079,1423,1896,1497
778,36,102.86,0.4605463737118414,28,97.55882352941177,105.0,106.18181818181819,1419,1968,2081,1423,1898,1497
779,32,102.93,0.4605974934421452,28,97.6470588235294,105.06060606060606,106.24242424242425,1420,1970,2083,1423,1900,1497
780,40,103.0,0.4606543689320388,28,97.73529411764706,105.12121212121212,106.3030303030303,1421,1972,2085,1423,1902,1497
781,36,103.07,0.4607189288832832,28,97.82352941176471,105.18181818181819,106.36363636363636,1422,1974,2087,1423,1904,1497
782,41,103.14,0.4607872794260228,28,97.91176470588235,105.24242424242425,106.42424242424242,1423,1976,2089,1423,1906,1497
783,40,103.21,0.460855537254142,28,98.0,105.3030303030303,106.48484848484848,1424,1978,2091,1423,1908,1497
784,39,103.28,0.4609275755228505,28,98.08823529411765,105.36363636363636,106.54545454545455,1425,1980,2093,1423,1910,1497
785,47,103.35,0.4610033865505564,28,98.17647058823529,105.42424242424242,106.60606060606061,1426,1982,2095,1423,1912,1497
786,48,103.43,0.4611224983080344,28,98.29411764705883,105.48484848484848,106.66666666666667,1428,1984,2097,1423,1914,1497
787,44,103.53,0.4613300492610838,28,98.41176470588235,105.54545454545455,106.78787878787878,1430,1986,2101,1423,1916,1497
788,49,103.63,0.46154491942487696,28,98.52941176470588,105.60606060606061,106.9090909090909,1432,1988,2105,1423,1918,1497
789,51,103.73,0.4617670876313506,28,98.6470588235294,105.66666666666667,107.03030303030303,1434,1990,2109,1423,1920,1497
790,56,103.83,0.4619907541173071,28,98.76470588235294,105.72727272727273,107.15151515151516,1436,1992,2113,1423,1922,1497
791,66,103.94,0.46217240715797575,28,98.91176470588235,105.78787878787878,107.27272727272727,1438,1994,2117,1423,1925,1497
792,64,104.05,0.4623575204228736,28,99.05882352941177,105.84848484848484,107.39393939393939,1440,1996,2121,1423,1928,1497
793,62,104.16,0.46254608294930877,28,99.20588235294117,105.9090909090909,107.51515151515152,1442,1998,2125,1423,1931,1497
794,63,104.27,0.4627361657236022,28,99.3529411764706,105.96969696969697,107.63636363636364,1444,2000,2129,1423,1934,1497
795,55,104.38,0.46292968001532864,28,99.5,106.03030303030303,107.75757575757575,1446,2002,2133,1423,1937,1497
796,50,104.49,0.4631266149870801,28,99.6470588235294,106.0909090909091,107.87878787878788,1448,2004,2137,1423,1940,1497
797,60,104.6,0.4633231357552581,28,99.79411764705883,106.15151515151516,108.0,1450,2006,2141,1423,1943,1497
798,59,104.73,0.4635300295999236,28,99.94117647058823,106.21212121212122,108.18181818181819,1452,2008,2147,1423,1946,1497
799,54,104.87,0.4636759797844951,28,100.11764705882354,106.27272727272727,108.36363636363636,1454,2010,2153,1423,1950,1497
800,56,105.0,0.46377714285714283,28,100.29411764705883,106.33333333333333,108.51515151515152,1456,2012,2158,1423,1954,1497
801,68,105.12,0.4638470319634703,28,100.44117647058823,106.42424242424242,108.63636363636364,1457,2015,2162,1423,1958,1497
802,66,105.23,0.4638933764135703,28,100.58823529411765,106.51515151515152,108.72727272727273,1458,2018,2165,1423,1962,1497
803,60,105.35,0.46394019933554814,28,100.73529411764706,106.60606060606061,108.84848484848484,1459,2021,2169,1423,1966,1497
804,64,105.46,0.46397686326569315,28,100.88235294117646,106.6969696969697,108.93939393939394,1460,2024,2172,1423,1970,1497
805,66,105.56,0.46413793103448275,28,100.97058823529412,106.81818181818181,109.03030303030303,1461,2028,2175,1423,1972,1497
806,68,105.66,0.4642191936399773,28,101.05882352941177,106.93939393939394,109.12121212121212,1462,2032,2177,1424,1974,1497
807,64,105.76,0.464304084720121,28,101.1470588235294,107.06060606060606,109.21212121212122,1463,2036,2179,1425,1976,1497
808,60,105.86,0.46439826185528055,28,101.23529411764706,107.18181818181819,109.3030303030303,1464,2040,2181,1426,1978,1497
809,56,105.96,0.46459607399018493,28,101.32352941176471,107.33333333333333,109.36363636363636,1465,2045,2183,1426,1980,1497
810,60,106.07,0.4648185160742906,28,101.41176470588235,107.48484848484848,109.45454545454545,1466,2050,2186,1426,1982,1497
811,60,106.19,0.4649543271494491,28,101.5,107.66666666666667,109.54545454545455,1467,2055,2189,1426,1984,1498
812,66,106.31,0.46509171291505974,28,101.58823529411765,107.84848484848484,109.63636363636364,1468,2060,2192,1426,1986,1499
813,66,106.43,0.46523066804472424,28,101.67647058823529,108.03030303030303,109.72727272727273,1469,2065,2195,1426,1988,1500
814,66,106.55,0.46537306428906616,28,101.76470588235294,108.21212121212122,109.81818181818181,1470,2070,2198,1426,1990,1501
815,66,106.67,0.46552451485891067,28,101.8529411764706,108.39393939393939,109.9090909090909,1471,2075,2201,1426,1992,1502
816,63,106.79,0.4656793707275962,28,101.94117647058823,108.57575757575758,110.0,1472,2080,2204,1426,1994,1503
817,54,106.91,0.465835749696006,28,102.02941176470588,108.75757575757575,110.0909090909091,1473,2085,2207,1426,1996,1504
818,57,107.03,0.46599364664112863,28,102.11764705882354,108.93939393939394,110.18181818181819,1474,2090,2210,1426,1998,1505
819,63,107.15,0.4661567895473635,28,102.20588235294117,109.12121212121212,110.27272727272727,1475,2095,2213,1426,2000,1506
820,57,107.27,0.46632516080917313,28,102.29411764705883,109.3030303030303,110.36363636363636,1476,2100,2216,1426,2002,1507
821,57,107.39,0.4664950181581153,28,102.38235294117646,109.48484848484848,110.45454545454545,1477,2105,2219,1426,2004,1508
822,62,107.52,0.4666294642857143,28,102.5,109.66666666666667,110.54545454545455,1479,2110,2222,1426,2006,1509
823,58,107.65,0.46677101718532277,28,102.61764705882354,109.84848484848484,110.63636363636364,1481,2115,2225,1426,2008,1510
824,63,107.78,0.4669177955093709,28,102.73529411764706,110.03030303030303,110.72727272727273,1483,2120,2228,1426,2010,1511
825,65,107.91,0.46706978037253266,28,102.8529411764706,110.21212121212122,110.81818181818181,1485,2125,2231,1426,2012,1512
826,58,108.04,0.46723065531284713,28,102.97058823529412,110.39393939393939,110.9090909090909,1487,2130,2234,1426,2014,1513
827,60,108.17,0.46739853933623005,28,103.08823529411765,110.57575757575758,111.0,1489,2135,2237,1426,2016,1514
828,62,108.3,0.4675752539242844,28,103.20588235294117,110.75757575757575,111.0909090909091,1491,2140,2240,1426,2018,1515
829,55,108.43,0.4677552337913861,28,103.32352941176471,110.93939393939394,111.18181818181819,1493,2145,2243,1426,2020,1516
830,57,108.56,0.46793478260869564,28,103.44117647058823,111.12121212121212,111.27272727272727,1495,2150,2246,1426,2022,1517
831,59,108.69,0.4681175821142699,28,103.55882352941177,111.3030303030303,111.36363636363636,1497,2155,2249,1426,2024,1518
832,52,108.82,0.46829994486307663,28,103.67647058823529,111.48484848484848,111.45454545454545,1499,2160,2252,1426,2026,1519
833,54,108.95,0.46848737953189534,28,103.79411764705883,111.66666666666667,111.54545454545455,1501,2165,2255,1426,2028,1520
834,56,109.08,0.46867620095342866,28,103.91176470588235,111.84848484848484,111.63636363636364,1503,2170,2258,1426,2030,1521
835,49,109.21,0.4688645728413149,28,104.02941176470588,112.03030303030303,111.72727272727273,1505,2175,2261,1426,2032,1522
836,51,109.34,0.4690579842692519,28,104.1470588235294,112.21212121212122,111.81818181818181,1507,2180,2264,1426,2034,1523
837,54,109.46,0.4692198063219441,28,104.26470588235294,112.36363636363636,111.9090909090909,1509,2184,2267,1426,2036,1524
838,48,109.58,0.4693849242562511,28,104.38235294117646,112.51515151515152,112.0,1511,2188,2270,1426,2038,1525
839,51,109.7,0.4695533272561531,28,104.5,112.66666666666667,112.0909090909091,1513,2192,2273,1426,2040,1526
840,54,109.82,0.46972136222910216,28,104.61764705882354,112.81818181818181,112.18181818181819,1515,2196,2276,1426,2042,1527
841,48,109.94,0.4698926687283973,28,104.73529411764706,112.96969696969697,112.27272727272727,1517,2200,2279,1426,2044,1528
842,51,110.06,0.4700636016718154,28,104.8529411764706,113.12121212121212,112.36363636363636,1519,2204,2282,1426,2046,1529
843,54,110.18,0.4702359774913777,28,104.97058823529412,113.27272727272727,112.45454545454545,1521,2208,2285,1426,2048,1530
844,48,110.3,0.47040979147778783,28,105.08823529411765,113.42424242424242,112.54545454545455,1523,2212,2288,1426,2050,1531
845,51,110.42,0.47058322767614563,28,105.20588235294117,113.57575757575758,112.63636363636364,1525,2216,2291,1426,2052,1532
846,54,110.54,0.47076533381581326,28,105.32352941176471,113.72727272727273,112.72727272727273,1527,2220,2294,1426,2054,1533
847,48,110.66,0.47094885234050243,28,105.44117647058823,113.87878787878788,112.81818181818181,1529,2224,2297,1426,2056,1534
848,51,110.78,0.4711319732803755,28,105.55882352941177,114.03030303030303,112.9090909090909,1531,2228,2300,1426,2058,1535
849,54,110.9,0.47131469792605946,28,105.67647058823529,114.18181818181819,113.0,1533,2232,2303,1426,2060,1536
850,48,111.02,0.47150063051702396,28,105.79411764705883,114.33333333333333,113.0909090909091,1535,2236,2306,1426,2062,1537
851,51,111.14,0.47168796113010614,28,105.91176470588235,114.48484848484848,113.18181818181819,1537,2240,2309,1426,2064,1538
852,54,111.26,0.471876685241776,28,106.02941176470588,114.63636363636364,113.27272727272727,1539,2244,2312,1426,2066,1539
853,48,111.38,0.4720650026934818,28,106.1470588235294,114.78787878787878,113.36363636363636,1541,2248,2315,1426,2068,1540
854,51,111.5,0.47225291479820625,28,106.26470588235294,114.93939393939394,113.45454545454545,1543,2252,2318,1426,2070,1541
855,54,111.62,0.47244221465687153,28,106.38235294117646,115.0909090909091,113.54545454545455,1545,2256,2321,1426,2072,1542
856,48,111.74,0.4726364775371398,28,106.5,115.24242424242425,113.63636363636364,1547,2260,2324,1426,2074,1543
857,51,111.86,0.4728338995172537,28,106.61764705882354,115.39393939393939,113.72727272727273,1549,2264,2327,1426,2076,1544
858,54,111.98,0.4730308983747098,28,106.73529411764706,115.54545454545455,113.81818181818181,1551,2268,2330,1426,2078,1545
859,48,112.1,0.4732274754683318,28,106.8529411764706,115.6969696969697,113.9090909090909,1553,2272,2333,1426,2080,1546
860,54,112.22,0.47342541436464086,28,106.97058823529412,115.84848484848484,114.0,1555,2276,2336,1426,2082,1547
861,59,112.35,0.47365643079661773,28,107.08823529411765,116.03030303030303,114.0909090909091,1557,2281,2339,1426,2084,1548
862,58,112.48,0.4738904694167852,28,107.20588235294117,116.21212121212122,114.18181818181819,1559,2286,2342,1426,2086,1549
863,63,112.61,0.4741239676760501,28,107.32352941176471,116.39393939393939,114.27272727272727,1561,2291,2345,1426,2088,1550
864,62,112.74,0.47436047543019333,28,107.44117647058823,116.57575757575758,114.36363636363636,1563,2296,2348,1426,2090,1551
865,55,112.87,0.4745999822804997,28,107.55882352941177,116.75757575757575,114.45454545454545,1565,2301,2351,1426,2092,1552
866,60,113.0,0.47484247787610623,28,107.67647058823529,116.93939393939394,114.54545454545455,1567,2306,2354,1426,2094,1553
867,62,113.13,0.47508795191372755,28,107.79411764705883,117.12121212121212,114.63636363636364,1569,2311,2357,1426,2096,1554
868,62,113.25,0.4752944812362031,28,107.91176470588235,117.27272727272727,114.72727272727273,1571,2315,2360,1426,2098,1555
869,64,113.38,0.47553889574880936,28,108.02941176470588,117.45454545454545,114.81818181818181,1573,2320,2363,1426,2100,1556
870,69,113.51,0.47578627433706283,28,108.1470588235294,117.63636363636364,114.9090909090909,1575,2325,2366,1426,2102,1557
871,65,113.64,0.4760366068285815,28,108.26470588235294,117.81818181818181,115.0,1577,2330,2369,1426,2104,1558
872,62,113.76,0.4762587904360056,28,108.38235294117646,118.0,115.06060606060606,1579,2335,2371,1426,2106,1559
873,70,113.89,0.47651154622881725,28,108.5,118.18181818181819,115.15151515151516,1581,2340,2374,1426,2108,1560
874,69,114.02,0.4767654797403964,28,108.61764705882354,118.36363636363636,115.24242424242425,1583,2345,2377,1426,2110,1561
875,68,114.15,0.4770223390275952,28,108.73529411764706,118.54545454545455,115.33333333333333,1585,2350,2380,1426,2112,1562
876,73,114.28,0.47727861393069654,28,108.8529411764706,118.72727272727273,115.42424242424242,1587,2355,2383,1426,2114,1563
877,73,114.43,0.47753473739404,28,109.0,118.9090909090909,115.54545454545455,1589,2360,2386,1427,2117,1564
878,67,114.58,0.4777901902600803,28,109.1470588235294,119.0909090909091,115.66666666666667,1591,2365,2389,1428,2120,1565
879,69,114.74,0.47800941258497476,28,109.32352941176471,119.27272727272727,115.78787878787878,1594,2370,2392,1429,2123,1566
880,68,114.9,0.4782315056570931,28,109.5,119.45454545454545,115.9090909090909,1597,2375,2395,1430,2126,1567
881,67,115.06,0.4784529810533635,28,109.67647058823529,119.63636363636364,116.03030303030303,1600,2380,2398,1431,2129,1568
882,66,115.22,0.4786790487762541,28,109.8529411764706,119.81818181818181,116.15151515151516,1603,2385,2401,1432,2132,1569
883,65,115.38,0.47881781937944184,28,110.02941176470588,120.0,116.27272727272727,1606,2390,2403,1434,2135,1570
884,65,115.53,0.47897256123950493,28,110.20588235294117,120.15151515151516,116.39393939393939,1609,2395,2405,1436,2138,1570
885,67,115.69,0.47917970438240126,28,110.3529411764706,120.33333333333333,116.54545454545455,1611,2400,2408,1438,2141,1571
886,66,115.85,0.47939145446698317,28,110.5,120.51515151515152,116.6969696969697,1613,2405,2411,1440,2144,1572
887,59,116.01,0.47960779243168694,28,110.6470588235294,120.6969696969697,116.84848484848484,1615,2410,2414,1442,2147,1573
888,63,116.15,0.47977184674989237,28,110.79411764705883,120.87878787878788,116.93939393939394,1617,2415,2415,1444,2150,1574
889,66,116.3,0.4799054170249355,28,110.97058823529412,121.03030303030303,117.06060606060606,1620,2419,2417,1446,2153,1575
890,57,116.45,0.4800472305710606,28,111.1470588235294,121.18181818181819,117.18181818181819,1623,2423,2419,1448,2156,1576
891,58,116.59,0.4802272922206021,28,111.29411764705883,121.33333333333333,117.3030303030303,1625,2427,2421,1450,2159,1577
892,56,116.73,0.4804069219566521,28,111.44117647058823,121.48484848484848,117.42424242424242,1627,2431,2423,1452,2162,1578
893,46,116.86,0.48063837069998283,28,111.58823529411765,121.63636363636364,117.51515151515152,1629,2435,2425,1453,2165,1579
894,47,116.97,0.48082499786269983,28,111.70588235294117,121.78787878787878,117.57575757575758,1631,2439,2426,1454,2167,1580
895,50,117.06,0.48097727661028533,28,111.82352941176471,121.87878787878788,117.63636363636364,1633,2442,2427,1455,2169,1580
896,44,117.15,0.4811293213828425,28,111.94117647058823,121.96969696969697,117.6969696969697,1635,2445,2428,1456,2171,1580
897,47,117.24,0.48128113271920847,28,112.05882352941177,122.06060606060606,117.75757575757575,1637,2448,2429,1457,2173,1580
898,47,117.33,0.48143271115656694,28,112.17647058823529,122.15151515151516,117.81818181818181,1639,2451,2430,1458,2175,1580
899,47,117.42,0.48158746380514394,28,112.29411764705883,122.24242424242425,117.87878787878788,1641,2454,2431,1459,2177,1580
900,49,117.52,0.481786929884275,28,112.41176470588235,122.36363636363636,117.93939393939394,1643,2458,2432,1460,2179,1580
901,48,117.62,0.4819860567930624,28,112.52941176470588,122.48484848484848,118.0,1645,2462,2433,1461,2181,1580
902,44,117.72,0.48218484539585454,28,112.6470588235294,122.60606060606061,118.06060606060606,1647,2466,2434,1462,2183,1580
903,47,117.81,0.4823419064595535,28,112.76470588235294,122.6969696969697,118.12121212121212,1649,2469,2435,1463,2185,1580
904,50,117.9,0.48250381679389315,28,112.88235294117646,122.78787878787878,118.18181818181819,1651,2472,2436,1464,2187,1580
905,49,118.0,0.4826271186440678,28,113.02941176470588,122.87878787878788,118.24242424242425,1654,2475,2437,1465,2189,1580
906,60,118.1,0.4827502116850127,28,113.17647058823529,122.96969696969697,118.3030303030303,1657,2478,2438,1466,2191,1580
907,64,118.21,0.48285170459352,28,113.3529411764706,123.06060606060606,118.36363636363636,1661,2481,2439,1467,2193,1580
908,67,118.33,0.48298740809600266,28,113.52941176470588,123.18181818181819,118.42424242424242,1665,2485,2440,1468,2195,1580
909,75,118.46,0.48303900050650006,28,113.73529411764706,123.3030303030303,118.48484848484848,1669,2489,2441,1469,2198,1580
910,87,118.61,0.4831641514206222,28,113.97058823529412,123.45454545454545,118.54545454545455,1674,2494,2442,1470,2201,1580
911,80,118.77,0.4831901995453397,28,114.20588235294117,123.60606060606061,118.63636363636364,1679,2499,2443,1472,2204,1580
912,83,118.95,0.48317864649012193,28,114.47058823529412,123.78787878787878,118.72727272727273,1684,2504,2444,1474,2208,1581
913,78,119.12,0.48327736736064475,28,114.73529411764706,123.96969696969697,118.78787878787878,1689,2509,2445,1475,2212,1582
914,77,119.28,0.4833651911468813,28,115.0,124.12121212121212,118.84848484848484,1694,2513,2446,1476,2216,1583
915,79,119.44,0.4834511051574012,28,115.26470588235294,124.3030303030303,118.87878787878788,1699,2518,2446,1477,2220,1584
916,80,119.61,0.48357244377560404,28,115.52941176470588,124.48484848484848,118.93939393939394,1704,2523,2447,1478,2224,1585
917,78,119.78,0.48359826348305224,28,115.76470588235294,124.66666666666667,119.03030303030303,1708,2528,2448,1480,2228,1586
918,81,119.93,0.48357291753522885,28,115.97058823529412,124.81818181818181,119.12121212121212,1711,2532,2449,1482,2232,1587
919,85,120.1,0.4835903413821815,28,116.20588235294117,125.0,119.21212121212122,1715,2537,2450,1484,2236,1588
920,77,120.27,0.48361436767273636,28,116.44117647058823,125.18181818181819,119.3030303030303,1719,2542,2451,1486,2240,1589
921,77,120.45,0.4836853466168535,28,116.70588235294117,125.36363636363636,119.39393939393939,1724,2547,2452,1488,2244,1590
922,76,120.61,0.48372357184313075,28,116.94117647058823,125.51515151515152,119.48484848484848,1728,2551,2453,1490,2248,1591
923,75,120.77,0.483851121967376,28,117.20588235294117,125.66666666666667,119.54545454545455,1733,2555,2454,1491,2252,1592
924,72,120.92,0.48397783658617266,28,117.41176470588235,125.84848484848484,119.60606060606061,1736,2560,2455,1492,2256,1593
925,74,121.08,0.48414767096134786,28,117.6470588235294,126.03030303030303,119.66666666666667,1740,2565,2456,1493,2260,1594
926,71,121.23,0.48430174049327723,28,117.8529411764706,126.21212121212122,119.72727272727273,1743,2570,2457,1494,2264,1595
927,71,121.38,0.4844686109738013,28,118.08823529411765,126.36363636363636,119.78787878787878,1747,2574,2458,1495,2268,1596
928,79,121.54,0.4846009544182985,28,118.32352941176471,126.54545454545455,119.84848484848484,1751,2579,2459,1496,2272,1597
929,77,121.71,0.4847728206392244,28,118.55882352941177,126.72727272727273,119.93939393939394,1755,2584,2461,1497,2276,1598
930,84,121.88,0.4848260584181162,28,118.76470588235294,126.9090909090909,120.06060606060606,1758,2589,2463,1499,2280,1599
931,87,122.06,0.4849090611174832,28,119.0,127.0909090909091,120.18181818181819,1762,2594,2465,1501,2284,1600
932,81,122.24,0.48499509162303667,28,119.23529411764706,127.27272727272727,120.3030303030303,1766,2599,2467,1503,2288,1601
933,69,122.42,0.48508413657899035,28,119.47058823529412,127.45454545454545,120.42424242424242,1770,2604,2469,1505,2292,1602
934,63,122.6,0.4850880913539967,28,119.67647058823529,127.66666666666667,120.54545454545455,1773,2609,2471,1507,2296,1604
935,61,122.77,0.4851551682007005,28,119.91176470588235,127.81818181818181,120.66666666666667,1777,2613,2473,1509,2300,1605
936,65,122.91,0.4852534374745749,28,120.11764705882354,127.93939393939394,120.75757575757575,1781,2617,2474,1511,2303,1605
937,70,123.04,0.4852958387516255,28,120.32352941176471,128.03030303030303,120.84848484848484,1784,2620,2475,1513,2307,1605
938,74,123.18,0.4853271635005683,28,120.55882352941177,128.12121212121212,120.93939393939394,1788,2623,2476,1515,2311,1605
939,83,123.33,0.48538960512446283,28,120.79411764705883,128.24242424242425,121.03030303030303,1792,2627,2477,1517,2315,1605
940,71,123.48,0.4854567541302235,28,121.02941176470588,128.36363636363637,121.12121212121212,1796,2631,2478,1519,2319,1605
941,69,123.62,0.48553470312247204,28,121.23529411764706,128.4848484848485,121.21212121212122,1799,2635,2479,1521,2323,1605
942,71,123.75,0.48558626262626264,28,121.44117647058823,128.57575757575756,121.3030303030303,1802,2638,2480,1523,2327,1605
943,66,123.89,0.4856316086851239,28,121.67647058823529,128.66666666666666,121.39393939393939,1806,2641,2481,1525,2331,1605
944,64,124.03,0.4856784648875272,28,121.91176470588235,128.75757575757575,121.48484848484848,1810,2644,2482,1527,2335,1605
945,65,124.17,0.48572843682048805,28,122.1470588235294,128.84848484848484,121.57575757575758,1814,2647,2483,1529,2339,1605
946,60,124.28,0.48591245574509173,28,122.32352941176471,128.93939393939394,121.63636363636364,1817,2650,2484,1530,2342,1605
947,61,124.39,0.4860961492081357,28,122.5,129.03030303030303,121.6969696969697,1820,2653,2485,1531,2345,1605
948,68,124.5,0.486281124497992,28,122.67647058823529,129.12121212121212,121.75757575757575,1823,2656,2486,1532,2348,1605
949,75,124.61,0.48646898322767035,28,122.8529411764706,129.21212121212122,121.81818181818181,1826,2659,2487,1533,2351,1605
950,71,124.74,0.48659451659451664,28,123.02941176470588,129.33333333333334,121.9090909090909,1829,2663,2488,1535,2354,1605
951,73,124.87,0.4867229919115881,28,123.20588235294117,129.45454545454547,122.0,1832,2667,2489,1537,2357,1605
952,66,125.0,0.4868544,28,123.38235294117646,129.57575757575756,122.0909090909091,1835,2671,2490,1539,2360,1605
953,68,125.1,0.48701039168665067,28,123.55882352941177,129.63636363636363,122.15151515151516,1838,2673,2491,1540,2363,1605
954,60,125.21,0.4872046961105343,28,123.73529411764706,129.72727272727272,122.21212121212122,1841,2676,2492,1541,2366,1605
955,55,125.32,0.48740185126077246,28,123.91176470588235,129.8181818181818,122.27272727272727,1844,2679,2493,1542,2369,1605
956,59,125.43,0.48759866060751017,28,124.08823529411765,129.9090909090909,122.33333333333333,1847,2682,2494,1543,2372,1605
957,60,125.54,0.4877951250597419,28,124.26470588235294,130.0,122.39393939393939,1850,2685,2495,1544,2375,1605
958,55,125.65,0.48799442896935935,28,124.44117647058823,130.0909090909091,122.45454545454545,1853,2688,2496,1545,2378,1605
959,56,125.76,0.4881949745547074,28,124.61764705882354,130.1818181818182,122.51515151515152,1856,2691,2497,1546,2381,1605
960,57,125.87,0.4883951696194487,28,124.79411764705883,130.27272727272728,122.57575757575758,1859,2694,2498,1547,2384,1605
961,60,125.99,0.48862211286610047,28,124.97058823529412,130.36363636363637,122.66666666666667,1862,2697,2500,1548,2387,1605
962,63,126.11,0.48884862421695346,28,125.1470588235294,130.45454545454547,122.75757575757575,1865,2700,2502,1549,2390,1605
963,72,126.23,0.4890778737225699,28,125.32352941176471,130.54545454545453,122.84848484848484,1868,2703,2504,1550,2393,1605
964,69,126.35,0.4893066877720617,28,125.5,130.63636363636363,122.93939393939394,1871,2706,2506,1551,2396,1605
965,69,126.47,0.4895366490076698,28,125.67647058823529,130.72727272727272,123.03030303030303,1874,2709,2508,1552,2399,1605
966,75,126.59,0.48976617426336994,28,125.8529411764706,130.8181818181818,123.12121212121212,1877,2712,2510,1553,2402,1605
967,72,126.71,0.4899968431852261,28,126.02941176470588,130.9090909090909,123.21212121212122,1880,2715,2512,1554,2405,1605
968,72,126.83,0.4902270756130253,28,126.20588235294117,131.0,123.3030303030303,1883,2718,2514,1555,2408,1605
969,75,126.95,0.49045687278456085,28,126.38235294117646,131.0909090909091,123.39393939393939,1886,2721,2516,1556,2411,1605
970,72,127.07,0.4906878098685764,28,126.55882352941177,131.1818181818182,123.48484848484848,1889,2724,2518,1557,2414,1605
971,72,127.19,0.49091831118798646,28,126.73529411764706,131.27272727272728,123.57575757575758,1892,2727,2520,1558,2417,1605
972,77,127.32,0.49112001256676097,28,126.94117647058823,131.36363636363637,123.66666666666667,1896,2730,2522,1559,2420,1605
973,78,127.46,0.4912772634552017,28,127.17647058823529,131.45454545454547,123.75757575757575,1901,2733,2524,1560,2423,1605
974,78,127.61,0.49143875871796877,28,127.41176470588235,131.54545454545453,123.87878787878788,1906,2736,2527,1561,2426,1605
975,85,127.78,0.4915667553607764,28,127.70588235294117,131.63636363636363,124.0,1912,2739,2530,1562,2430,1605
976,82,127.96,0.4915895592372616,28,127.97058823529412,131.75757575757575,124.15151515151516,1918,2743,2534,1563,2433,1605
977,82,128.14,0.4916201030123302,28,128.23529411764707,131.9090909090909,124.27272727272727,1923,2748,2537,1564,2437,1605
978,91,128.32,0.49169887780548627,28,128.47058823529412,132.06060606060606,124.42424242424242,1927,2753,2541,1565,2441,1605
979,77,128.49,0.49176356136664334,28,128.6764705882353,132.21212121212122,124.57575757575758,1930,2758,2544,1567,2445,1605
980,78,128.66,0.49183273744753614,28,128.88235294117646,132.36363636363637,124.72727272727273,1933,2763,2547,1569,2449,1605
981,76,128.83,0.491909493130482,28,129.08823529411765,132.5151515151515,124.87878787878788,1936,2768,2550,1571,2453,1605
982,73,128.98,0.4920049620096139,28,129.26470588235293,132.66666666666666,125.0,1938,2773,2553,1572,2457,1605
983,74,129.12,0.49208023543990087,28,129.41176470588235,132.78787878787878,125.15151515151516,1940,2777,2556,1574,2460,1605
984,76,129.28,0.49217821782178217,28,129.58823529411765,132.93939393939394,125.3030303030303,1943,2782,2559,1576,2463,1605
985,78,129.44,0.4922821384425216,28,129.76470588235293,133.0909090909091,125.45454545454545,1946,2787,2562,1578,2466,1605
986,74,129.6,0.4923873456790123,28,129.94117647058823,133.24242424242425,125.60606060606061,1949,2792,2565,1580,2469,1605
987,71,129.75,0.4924847784200385,28,130.08823529411765,133.3939393939394,125.75757575757575,1952,2797,2568,1582,2471,1605
988,80,129.9,0.4925819861431871,28,130.23529411764707,133.54545454545453,125.9090909090909,1955,2802,2571,1584,2473,1605
989,78,130.04,0.49271301138111345,28,130.38235294117646,133.6969696969697,126.03030303030303,1958,2807,2574,1585,2475,1605
990,73,130.18,0.49281917345214316,28,130.52941176470588,133.8181818181818,126.18181818181819,1961,2811,2577,1587,2477,1605
991,73,130.33,0.49293715951814626,28,130.7058823529412,133.93939393939394,126.33333333333333,1964,2815,2580,1589,2480,1605
992,82,130.48,0.4930579399141631,28,130.88235294117646,134.06060606060606,126.48484848484848,1967,2819,2583,1591,2483,1605
993,87,130.61,0.493269274940663,28,131.05882352941177,134.15151515151516,126.60606060606061,1970,2822,2585,1593,2486,1605
994,80,130.74,0.4934710111672021,28,131.26470588235293,134.24242424242425,126.6969696969697,1974,2825,2587,1594,2489,1605
995,86,130.89,0.493624417449767,28,131.52941176470588,134.33333333333334,126.78787878787878,1980,2828,2589,1595,2492,1605
996,92,131.04,0.49377747252747256,28,131.7941176470588,134.42424242424244,126.87878787878788,1986,2831,2591,1596,2495,1605
997,80,131.19,0.49393322661788247,28,132.05882352941177,134.5151515151515,126.96969696969697,1992,2834,2593,1597,2498,1605
998,83,131.34,0.49409014770823817,28,132.3235294117647,134.6060606060606,127.06060606060606,1998,2837,2595,1598,2501,1605
999,80,131.49,0.4942482318047,28,132.58823529411765,134.6969696969697,127.15151515151516,2004,2840,2597,1599,2504,1605
1000,74,131.64,0.49440747493163173,28,132.85294117647058,134.78787878787878,127.24242424242425,2010,2843,2599,1600,2507,1605
