,TotalSugar,AvgSugarLevel,SugarGini,NumCooperators,RiskAverseAvgSugar,NeutralAvgSugar,RiskSeekingAvgSugar,RiskAverseCoopSugar,NeutralCoopSugar,RiskSeekingCoopSugar,RiskSeekingNonCoopSugar,RiskAverseNonCoopSugar,NeutralNonCoopSugar
0,4622,0.0,0.0,28,0.0,0.0,0.0,0,0,0,0,0,0
1,4539,0.83,0.17,28,0.9411764705882353,0.8181818181818182,0.7272727272727273,8,6,9,15,24,21
2,4459,1.66,0.17,28,1.8823529411764706,1.6363636363636365,1.4545454545454546,16,12,18,30,48,42
3,4377,2.51,0.16322709163346616,28,2.823529411764706,2.484848484848485,2.212121212121212,24,19,27,46,72,63
4,4292,3.39,0.15200589970501469,28,3.7941176470588234,3.3636363636363638,3.0,33,26,36,63,96,85
5,4206,4.28,0.14327102803738312,28,4.764705882352941,4.2727272727272725,3.787878787878788,42,34,45,80,120,107
6,4119,5.18,0.13575289575289573,28,5.735294117647059,5.212121212121212,4.575757575757576,51,43,54,97,144,129
7,4032,6.08,0.1301973684210526,28,6.676470588235294,6.151515151515151,5.393939393939394,60,52,63,115,167,151
8,3945,6.98,0.12607449856733524,28,7.617647058823529,7.090909090909091,6.212121212121212,69,61,72,133,190,173
9,3858,7.88,0.12294416243654822,28,8.558823529411764,8.030303030303031,7.03030303030303,78,70,81,151,213,195
10,3769,8.8,0.11825000000000002,28,9.529411764705882,8.93939393939394,7.909090909090909,87,78,90,171,237,217
11,3677,9.72,0.11452674897119337,28,10.5,9.848484848484848,8.787878787878787,96,86,99,191,261,239
12,3586,10.63,0.11227657572906864,28,11.470588235294118,10.727272727272727,9.666666666666666,105,93,108,211,285,261
13,3496,11.53,0.11114483954900266,28,12.411764705882353,11.606060606060606,10.545454545454545,113,100,117,231,309,283
14,3407,12.42,0.11098228663446051,28,13.352941176470589,12.484848484848484,11.393939393939394,121,107,126,250,333,305
15,3322,13.3,0.1114135338345865,28,14.294117647058824,13.333333333333334,12.242424242424242,129,113,135,269,357,327
16,3235,14.17,0.1123853211009174,28,15.235294117647058,14.151515151515152,13.090909090909092,137,118,144,288,381,349
17,3151,15.04,0.1132047872340425,28,16.176470588235293,14.969696969696969,13.93939393939394,145,123,153,307,405,371
18,3064,15.91,0.11399748585795094,28,17.11764705882353,15.787878787878787,14.787878787878787,153,128,162,326,429,393
19,2980,16.78,0.11473182359952318,28,18.058823529411764,16.606060606060606,15.636363636363637,161,133,171,345,453,415
20,2892,17.66,0.11486976217440542,28,19.0,17.454545454545453,16.484848484848484,169,139,180,364,477,437
21,2804,18.54,0.11502696871628913,28,19.941176470588236,18.303030303030305,17.333333333333332,177,145,189,383,501,459
22,2717,19.41,0.11564657393096339,28,20.88235294117647,19.151515151515152,18.151515151515152,185,151,198,401,525,481
23,2631,20.27,0.11660088801184017,28,21.823529411764707,20.0,18.939393939393938,193,156,207,418,549,504
24,2545,21.13,0.1174207288215807,28,22.735294117647058,20.848484848484848,19.757575757575758,200,161,216,436,573,527
25,2459,21.99,0.1181764438381083,28,23.647058823529413,21.696969696969695,20.575757575757574,207,166,225,454,597,550
26,2373,22.85,0.11882275711159736,28,24.529411764705884,22.575757575757574,21.393939393939394,214,172,234,472,620,573
27,2288,23.7,0.11980590717299577,28,25.41176470588235,23.424242424242426,22.21212121212121,220,177,243,490,644,596
28,2204,24.54,0.12116544417277908,28,26.323529411764707,24.242424242424242,23.0,227,182,252,507,668,618
29,2121,25.37,0.12270003941663375,28,27.235294117647058,25.060606060606062,23.757575757575758,234,187,261,523,692,640
30,2037,26.21,0.12388019839755814,28,28.147058823529413,25.87878787878788,24.545454545454547,241,192,270,540,716,662
31,1952,27.06,0.124619364375462,28,29.058823529411764,26.727272727272727,25.333333333333332,248,197,279,557,740,685
32,1867,27.91,0.12526334647079906,28,29.941176470588236,27.575757575757574,26.151515151515152,255,202,288,575,763,708
33,1783,28.75,0.12608347826086955,28,30.794117647058822,28.424242424242426,26.96969696969697,262,207,297,593,785,731
34,1699,29.59,0.12690435958093957,28,31.676470588235293,29.272727272727273,27.757575757575758,269,212,306,610,808,754
35,1616,30.42,0.12786982248520715,28,32.529411764705884,30.12121212121212,28.545454545454547,276,217,315,627,830,777
36,1539,31.22,0.1293209481101857,28,33.35294117647059,30.939393939393938,29.303030303030305,283,222,324,643,851,799
37,1463,32.01,0.13105592002499222,28,34.14705882352941,31.757575757575758,30.060606060606062,290,227,333,659,871,821
38,1390,32.77,0.1331675312786085,28,34.911764705882355,32.57575757575758,30.757575757575758,297,232,342,673,890,843
39,1318,33.55,0.1347034277198212,28,35.705882352941174,33.42424242424242,31.454545454545453,304,238,351,687,910,865
40,1250,34.32,0.13642773892773888,28,36.470588235294116,34.27272727272727,32.15151515151515,311,244,360,701,929,887
41,1177,35.08,0.1383808437856328,28,37.23529411764706,35.121212121212125,32.81818181818182,318,250,369,714,948,909
42,1106,35.82,0.14032384142936905,28,37.94117647058823,35.96969696969697,33.484848484848484,324,256,378,727,966,931
43,1034,36.54,0.1424740010946907,28,38.61764705882353,36.78787878787879,34.15151515151515,330,262,387,740,983,952
44,969,37.19,0.145267545038989,28,39.23529411764706,37.484848484848484,34.78787878787879,336,268,395,753,998,969
45,902,37.86,0.1478182778658214,28,39.94117647058823,38.15151515151515,35.42424242424242,342,274,403,766,1016,985
46,837,38.51,0.15023889898727602,28,40.588235294117645,38.78787878787879,36.09090909090909,347,280,411,780,1033,1000
47,781,39.07,0.1531942667007934,28,41.14705882352941,39.333333333333336,36.666666666666664,352,286,419,791,1047,1012
48,729,39.59,0.155875221015408,28,41.588235294117645,39.96969696969697,37.15151515151515,356,292,427,799,1058,1027
49,683,40.05,0.1589488139825218,28,42.029411764705884,40.484848484848484,37.57575757575758,361,298,435,805,1068,1038
50,638,40.5,0.16214814814814815,28,42.44117647058823,41.0,38.0,366,304,442,812,1077,1049
51,594,40.94,0.16536883243771372,28,42.88235294117647,41.42424242424242,38.45454545454545,370,310,450,819,1088,1057
52,548,41.4,0.1683140096618358,28,43.3235294117647,41.878787878787875,38.93939393939394,374,316,457,828,1099,1066
53,508,41.8,0.17148803827751194,28,43.61764705882353,42.333333333333336,39.39393939393939,378,322,465,835,1105,1075
54,471,42.17,0.17423998102916768,28,44.0,42.72727272727273,39.72727272727273,382,327,469,842,1114,1083
55,430,42.58,0.17751996242367313,28,44.411764705882355,43.15151515151515,40.121212121212125,386,333,475,849,1124,1091
56,392,42.96,0.1806843575418995,28,44.794117647058826,43.515151515151516,40.515151515151516,390,338,480,857,1133,1098
57,356,43.32,0.18349492151431207,28,45.11764705882353,43.90909090909091,40.878787878787875,394,343,484,865,1140,1106
58,318,43.7,0.18612356979405034,28,45.44117647058823,44.27272727272727,41.333333333333336,398,348,490,874,1147,1113
59,285,44.03,0.1886781739722916,28,45.73529411764706,44.57575757575758,41.72727272727273,401,350,496,881,1154,1121
60,258,44.3,0.19148081264108355,28,46.029411764705884,44.84848484848485,41.96969696969697,404,352,499,886,1161,1128
61,230,44.58,0.19405114401076717,28,46.3235294117647,45.121212121212125,42.24242424242424,407,354,502,892,1168,1135
62,208,44.8,0.19606696428571424,28,46.529411764705884,45.36363636363637,42.45454545454545,409,355,505,896,1173,1142
63,190,44.98,0.19807469986660733,28,46.705882352941174,45.60606060606061,42.57575757575758,411,357,506,899,1177,1148
64,173,45.15,0.20006866002214835,28,46.8235294117647,45.84848484848485,42.72727272727273,412,359,508,902,1180,1154
65,159,45.29,0.2017156105100463,28,46.911764705882355,46.06060606060606,42.84848484848485,413,362,510,904,1182,1158
66,148,45.4,0.20297356828193827,28,47.029411764705884,46.21212121212121,42.90909090909091,415,364,511,905,1184,1161
67,137,45.51,0.2043221270050539,28,47.1764705882353,46.333333333333336,42.96969696969697,417,365,513,905,1187,1164
68,125,45.63,0.20572211264518955,28,47.35294117647059,46.45454545454545,43.03030303030303,419,366,514,906,1191,1167
69,114,45.74,0.20704853519895053,28,47.5,46.57575757575758,43.09090909090909,421,367,515,907,1194,1170
70,103,45.85,0.2084252998909487,28,47.61764705882353,46.72727272727273,43.15151515151515,422,368,516,908,1197,1174
71,95,45.93,0.20939037666013505,28,47.705882352941174,46.81818181818182,43.21212121212121,423,369,517,909,1199,1176
72,88,46.0,0.21029565217391308,28,47.794117647058826,46.878787878787875,43.27272727272727,424,369,519,909,1201,1178
73,79,46.09,0.2112627467997396,28,47.88235294117647,46.96969696969697,43.36363636363637,424,370,521,910,1204,1180
74,71,46.17,0.21230885856616852,28,47.970588235294116,47.09090909090909,43.39393939393939,425,371,522,910,1206,1183
75,64,46.24,0.21315743944636678,28,48.05882352941177,47.18181818181818,43.42424242424242,426,371,523,910,1208,1186
76,56,46.32,0.21399395509499144,28,48.11764705882353,47.303030303030305,43.484848484848484,426,372,524,911,1210,1189
77,48,46.4,0.21497844827586207,28,48.205882352941174,47.42424242424242,43.515151515151516,426,373,525,911,1213,1192
78,45,46.43,0.21534998923110052,28,48.205882352941174,47.484848484848484,43.54545454545455,426,373,525,912,1213,1194
79,42,46.46,0.21576840292724925,28,48.23529411764706,47.54545454545455,43.54545454545455,426,373,525,912,1214,1196
80,38,46.5,0.21634838709677426,28,48.23529411764706,47.60606060606061,43.60606060606061,426,373,526,913,1214,1198
81,34,46.54,0.21694886119467127,28,48.26470588235294,47.666666666666664,43.63636363636363,426,373,526,914,1215,1200
82,30,46.58,0.2175397166165736,28,48.294117647058826,47.696969696969695,43.696969696969695,426,373,527,915,1216,1201
83,26,46.62,0.21806949806949802,28,48.3235294117647,47.72727272727273,43.75757575757576,426,373,529,915,1217,1202
84,21,46.67,0.21870366402399824,28,48.35294117647059,47.75757575757576,43.84848484848485,426,373,531,916,1218,1203
85,17,46.71,0.21929137229715268,28,48.38235294117647,47.78787878787879,43.90909090909091,426,373,532,917,1219,1204
86,17,46.71,0.21929137229715268,28,48.38235294117647,47.78787878787879,43.90909090909091,426,373,532,917,1219,1204
87,16,46.72,0.2194006849315069,28,48.38235294117647,47.78787878787879,43.93939393939394,426,373,532,918,1219,1204
88,14,46.74,0.2196448438168592,28,48.38235294117647,47.81818181818182,43.96969696969697,426,374,533,918,1219,1204
89,14,46.74,0.2196448438168592,28,48.38235294117647,47.81818181818182,43.96969696969697,426,374,533,918,1219,1204
90,14,46.74,0.2196448438168592,28,48.38235294117647,47.81818181818182,43.96969696969697,426,374,533,918,1219,1204
91,12,46.76,0.21975192472198457,28,48.44117647058823,47.81818181818182,43.96969696969697,427,374,533,918,1220,1204
92,14,46.77,0.21974983964079542,28,48.470588235294116,47.81818181818182,43.96969696969697,427,374,533,918,1221,1204
93,11,46.8,0.22001282051282048,28,48.470588235294116,47.84848484848485,44.03030303030303,427,375,535,918,1221,1204
94,13,46.84,0.22038001707941932,28,48.5,47.878787878787875,44.09090909090909,428,376,537,918,1221,1204
95,15,46.88,0.22069965870307173,28,48.5,47.93939393939394,44.15151515151515,428,378,539,918,1221,1204
96,17,46.92,0.2210400682011935,28,48.5,48.0,44.21212121212121,428,380,541,918,1221,1204
97,25,46.96,0.22137563884156733,28,48.5,48.06060606060606,44.27272727272727,428,382,543,918,1221,1204
98,27,47.0,0.22174042553191484,28,48.5,48.121212121212125,44.333333333333336,428,384,545,918,1221,1204
99,44,47.04,0.2221386054421768,28,48.5,48.18181818181818,44.39393939393939,428,386,547,918,1221,1204
100,42,47.09,0.22265661499256736,28,48.529411764705884,48.24242424242424,44.45454545454545,429,388,549,918,1221,1204
101,43,47.14,0.2232074671192194,28,48.55882352941177,48.303030303030305,44.515151515151516,430,390,551,918,1221,1204
102,38,47.19,0.22380377198559018,28,48.588235294117645,48.36363636363637,44.57575757575758,431,392,553,918,1221,1204
103,48,47.24,0.22440304826418284,28,48.61764705882353,48.42424242424242,44.63636363636363,432,394,555,918,1221,1204
104,49,47.29,0.22504334954535848,28,48.64705882352941,48.484848484848484,44.696969696969695,433,396,557,918,1221,1204
105,44,47.34,0.22569919729615548,28,48.6764705882353,48.54545454545455,44.75757575757576,434,398,559,918,1221,1204
106,45,47.39,0.22636632200886267,28,48.705882352941174,48.60606060606061,44.81818181818182,435,400,561,918,1221,1204
107,54,47.45,0.2271169652265543,28,48.76470588235294,48.666666666666664,44.878787878787875,437,402,563,918,1221,1204
108,54,47.51,0.22789097032203742,28,48.8235294117647,48.72727272727273,44.93939393939394,439,404,565,918,1221,1204
109,51,47.57,0.22867563590498208,28,48.88235294117647,48.78787878787879,45.0,441,406,567,918,1221,1204
110,45,47.63,0.2294583245853454,28,48.94117647058823,48.84848484848485,45.06060606060606,443,408,569,918,1221,1204
111,52,47.68,0.23016778523489934,28,48.970588235294116,48.90909090909091,45.121212121212125,444,410,571,918,1221,1204
112,59,47.73,0.23087575948041064,28,49.0,48.96969696969697,45.18181818181818,445,412,573,918,1221,1204
113,57,47.78,0.2315906236919213,28,49.029411764705884,49.03030303030303,45.24242424242424,446,414,575,918,1221,1204
114,52,47.83,0.23230817478569932,28,49.05882352941177,49.09090909090909,45.303030303030305,447,416,577,918,1221,1204
115,59,47.88,0.2330242272347536,28,49.088235294117645,49.15151515151515,45.36363636363637,448,418,579,918,1221,1204
116,58,47.95,0.2339708029197081,28,49.1764705882353,49.21212121212121,45.42424242424242,451,420,581,918,1221,1204
117,68,48.03,0.23490943160524666,28,49.26470588235294,49.27272727272727,45.515151515151516,454,422,584,918,1221,1204
118,66,48.11,0.2358574101018499,28,49.35294117647059,49.333333333333336,45.60606060606061,457,424,587,918,1221,1204
119,73,48.19,0.23682714256069728,28,49.44117647058823,49.39393939393939,45.696969696969695,460,426,590,918,1221,1204
120,71,48.27,0.2378185208203854,28,49.529411764705884,49.45454545454545,45.78787878787879,463,428,593,918,1221,1204
121,69,48.35,0.23882316442605997,28,49.61764705882353,49.515151515151516,45.878787878787875,466,430,596,918,1221,1204
122,64,48.43,0.23982448895312827,28,49.705882352941174,49.57575757575758,45.96969696969697,469,432,599,918,1221,1204
123,70,48.52,0.24061005770816152,28,49.8235294117647,49.63636363636363,46.06060606060606,473,434,602,918,1221,1204
124,76,48.61,0.24140506068710138,28,49.94117647058823,49.696969696969695,46.15151515151515,477,436,605,918,1221,1204
125,73,48.7,0.24220944558521565,28,50.05882352941177,49.75757575757576,46.24242424242424,481,438,608,918,1221,1204
126,67,48.79,0.2430190612830498,28,50.1764705882353,49.81818181818182,46.333333333333336,485,440,611,918,1221,1204
127,61,48.88,0.24383797054009818,28,50.294117647058826,49.878787878787875,46.42424242424242,489,442,614,918,1221,1204
128,67,48.97,0.24467020624872376,28,50.411764705882355,49.93939393939394,46.515151515151516,493,444,617,918,1221,1204
129,73,49.06,0.24550754178556872,28,50.529411764705884,50.0,46.60606060606061,497,446,620,918,1221,1204
130,70,49.15,0.24634181078331635,28,50.64705882352941,50.06060606060606,46.696969696969695,501,448,623,918,1221,1204
131,73,49.24,0.24718521527213652,28,50.76470588235294,50.121212121212125,46.78787878787879,505,450,626,918,1221,1204
132,79,49.33,0.24803770525035473,28,50.88235294117647,50.18181818181818,46.878787878787875,509,452,629,918,1221,1204
133,79,49.42,0.24888709024686365,28,51.0,50.24242424242424,46.96969696969697,513,454,632,918,1221,1204
134,76,49.51,0.2497414663704302,28,51.11764705882353,50.303030303030305,47.06060606060606,517,456,635,918,1221,1204
135,73,49.6,0.2505927419354839,28,51.23529411764706,50.36363636363637,47.15151515151515,521,458,638,918,1221,1204
136,87,49.7,0.2514889336016097,28,51.35294117647059,50.42424242424242,47.27272727272727,525,460,641,919,1221,1204
137,83,49.8,0.2523895582329317,28,51.470588235294116,50.484848484848484,47.39393939393939,529,462,644,920,1221,1204
138,82,49.9,0.25329859719438874,28,51.588235294117645,50.54545454545455,47.515151515151516,533,464,647,921,1221,1204
139,81,50.0,0.254212,28,51.705882352941174,50.60606060606061,47.63636363636363,537,466,650,922,1221,1204
140,77,50.1,0.2551377245508982,28,51.8235294117647,50.666666666666664,47.75757575757576,541,468,653,923,1221,1204
141,82,50.2,0.25606374501992035,28,51.94117647058823,50.72727272727273,47.878787878787875,545,470,656,924,1221,1204
142,81,50.3,0.25699005964214705,28,52.05882352941177,50.78787878787879,48.0,549,472,659,925,1221,1204
143,80,50.4,0.2579246031746031,28,52.1764705882353,50.84848484848485,48.121212121212125,553,474,662,926,1221,1204
144,79,50.5,0.2588554455445545,28,52.294117647058826,50.90909090909091,48.24242424242424,557,476,665,927,1221,1204
145,75,50.6,0.2597944664031621,28,52.411764705882355,50.96969696969697,48.36363636363637,561,478,668,928,1221,1204
146,86,50.7,0.260741617357002,28,52.529411764705884,51.03030303030303,48.484848484848484,565,480,671,929,1221,1204
147,81,50.81,0.2614898641999606,28,52.64705882352941,51.09090909090909,48.63636363636363,569,482,674,931,1221,1204
148,75,50.93,0.2622717455330846,28,52.76470588235294,51.18181818181818,48.78787878787879,573,484,677,933,1221,1205
149,75,51.05,0.2630656219392752,28,52.88235294117647,51.27272727272727,48.93939393939394,577,486,680,935,1221,1206
150,78,51.17,0.26385968340824706,28,53.0,51.36363636363637,49.09090909090909,581,488,683,937,1221,1207
151,75,51.29,0.2646734256190291,28,53.11764705882353,51.45454545454545,49.24242424242424,585,490,686,939,1221,1208
152,81,51.41,0.265502820462945,28,53.23529411764706,51.54545454545455,49.39393939393939,589,492,689,941,1221,1209
153,75,51.53,0.26633999611876574,28,53.35294117647059,51.63636363636363,49.54545454545455,593,494,692,943,1221,1210
154,84,51.65,0.26717715392061964,28,53.470588235294116,51.72727272727273,49.696969696969695,597,496,695,945,1221,1211
155,78,51.77,0.26801815723391925,28,53.588235294117645,51.81818181818182,49.84848484848485,601,498,698,947,1221,1212
156,72,51.89,0.2688861052225863,28,53.705882352941174,51.90909090909091,50.0,605,500,701,949,1221,1213
157,78,52.01,0.2697692751393963,28,53.8235294117647,52.0,50.15151515151515,609,502,704,951,1221,1214
158,81,52.13,0.27070209092652986,28,53.94117647058823,52.09090909090909,50.303030303030305,613,504,707,953,1221,1215
159,77,52.26,0.2716915422885572,28,54.088235294117645,52.18181818181818,50.45454545454545,618,506,710,955,1221,1216
160,79,52.39,0.27269898835655654,28,54.23529411764706,52.27272727272727,50.60606060606061,623,508,713,957,1221,1217
161,69,52.52,0.2737357197258187,28,54.38235294117647,52.36363636363637,50.75757575757576,628,510,716,959,1221,1218
162,65,52.65,0.2747787274453941,28,54.529411764705884,52.45454545454545,50.90909090909091,633,512,719,961,1221,1219
163,75,52.79,0.27573593483614317,28,54.705882352941174,52.54545454545455,51.06060606060606,639,514,722,963,1221,1220
164,75,52.94,0.2766943709860219,28,54.88235294117647,52.63636363636363,51.24242424242424,645,516,726,965,1221,1221
165,78,53.09,0.2776925974759841,28,55.05882352941177,52.72727272727273,51.42424242424242,651,518,730,967,1221,1222
166,84,53.24,0.2787340345604808,28,55.23529411764706,52.81818181818182,51.60606060606061,657,520,734,969,1221,1223
167,84,53.39,0.2797958419179622,28,55.411764705882355,52.90909090909091,51.78787878787879,663,522,738,971,1221,1224
168,77,53.55,0.28048739495798314,28,55.61764705882353,53.0,51.96969696969697,670,524,741,974,1221,1225
169,84,53.72,0.2811801935964259,28,55.8235294117647,53.09090909090909,52.18181818181818,677,526,745,977,1221,1226
170,79,53.89,0.2819205789571349,28,56.029411764705884,53.18181818181818,52.39393939393939,684,528,749,980,1221,1227
171,73,54.04,0.2827091043671355,28,56.205882352941174,53.27272727272727,52.57575757575758,690,530,752,983,1221,1228
172,77,54.18,0.28368770764119605,28,56.35294117647059,53.36363636363637,52.75757575757576,695,532,755,986,1221,1229
173,69,54.32,0.28467599410898375,28,56.5,53.45454545454545,52.93939393939394,700,534,758,989,1221,1230
174,64,54.46,0.28566287183253763,28,56.64705882352941,53.54545454545455,53.121212121212125,705,536,761,992,1221,1231
175,71,54.6,0.2866593406593407,28,56.794117647058826,53.63636363636363,53.303030303030305,710,538,764,995,1221,1232
176,72,54.74,0.2876616733649982,28,56.94117647058823,53.72727272727273,53.484848484848484,715,540,767,998,1221,1233
177,71,54.87,0.2888919263714233,28,57.088235294117645,53.81818181818182,53.63636363636363,720,542,770,1000,1221,1234
178,73,55.0,0.29014545454545454,28,57.23529411764706,53.90909090909091,53.78787878787879,725,544,773,1002,1221,1235
179,78,55.13,0.2914003265009977,28,57.38235294117647,54.0,53.93939393939394,730,546,776,1004,1221,1236
180,80,55.26,0.2926529134998191,28,57.529411764705884,54.09090909090909,54.09090909090909,735,548,779,1006,1221,1237
181,73,55.39,0.2939068423903231,28,57.6764705882353,54.18181818181818,54.24242424242424,740,550,782,1008,1221,1238
182,84,55.52,0.29516930835734867,28,57.8235294117647,54.27272727272727,54.39393939393939,745,552,785,1010,1221,1239
183,83,55.65,0.296429469901168,28,57.970588235294116,54.36363636363637,54.54545454545455,750,554,788,1012,1221,1240
184,79,55.78,0.2976945141627823,28,58.11764705882353,54.45454545454545,54.696969696969695,755,556,791,1014,1221,1241
185,81,55.91,0.29896082990520484,28,58.26470588235294,54.54545454545455,54.84848484848485,760,558,794,1016,1221,1242
186,86,56.04,0.30023197715917205,28,58.411764705882355,54.63636363636363,55.0,765,560,797,1018,1221,1243
187,85,56.17,0.30149724051985044,28,58.55882352941177,54.72727272727273,55.15151515151515,770,562,800,1020,1221,1244
188,86,56.31,0.3028325341857574,28,58.705882352941174,54.84848484848485,55.303030303030305,775,564,803,1022,1221,1246
189,90,56.45,0.3041718334809566,28,58.85294117647059,54.96969696969697,55.45454545454545,780,566,806,1024,1221,1248
190,79,56.59,0.3055045060964835,28,59.0,55.09090909090909,55.60606060606061,785,568,809,1026,1221,1250
191,69,56.72,0.3067454160789845,28,59.11764705882353,55.21212121212121,55.75757575757576,789,570,812,1028,1221,1252
192,75,56.84,0.307878254750176,28,59.205882352941174,55.333333333333336,55.90909090909091,792,572,815,1030,1221,1254
193,78,56.96,0.3090133426966293,28,59.3235294117647,55.45454545454545,56.03030303030303,796,574,817,1032,1221,1256
194,77,57.09,0.3102452268348222,28,59.470588235294116,55.57575757575758,56.15151515151515,801,576,819,1034,1221,1258
195,75,57.23,0.3115656124410275,28,59.61764705882353,55.696969696969695,56.303030303030305,806,578,822,1036,1221,1260
196,76,57.37,0.31279937249433504,28,59.76470588235294,55.81818181818182,56.45454545454545,810,580,825,1038,1222,1262
197,74,57.51,0.31402712571726654,28,59.911764705882355,55.93939393939394,56.60606060606061,814,582,828,1040,1223,1264
198,73,57.64,0.3151630811936155,28,60.05882352941177,56.06060606060606,56.72727272727273,818,584,830,1042,1224,1266
199,69,57.77,0.31629738618660197,28,60.205882352941174,56.18181818181818,56.84848484848485,822,586,832,1044,1225,1268
200,69,57.89,0.3173311452755226,28,60.3235294117647,56.303030303030305,56.96969696969697,825,588,834,1046,1226,1270
201,74,58.02,0.31816270251637363,28,60.44117647058823,56.42424242424242,57.121212121212125,828,590,836,1049,1227,1272
202,74,58.14,0.31919504643962854,28,60.55882352941177,56.54545454545455,57.24242424242424,831,592,838,1051,1228,1274
203,68,58.26,0.3202368692070031,28,60.6764705882353,56.666666666666664,57.36363636363637,834,594,840,1053,1229,1276
204,69,58.37,0.32120781223231104,28,60.794117647058826,56.75757575757576,57.484848484848484,837,596,842,1055,1230,1277
205,76,58.48,0.32217510259917914,28,60.911764705882355,56.84848484848485,57.60606060606061,840,598,844,1057,1231,1278
206,77,58.59,0.32314217443249704,28,61.029411764705884,56.93939393939394,57.72727272727273,843,600,846,1059,1232,1279
207,72,58.7,0.3241192504258943,28,61.14705882352941,57.03030303030303,57.84848484848485,846,602,848,1061,1233,1280
208,76,58.81,0.3250926713144022,28,61.26470588235294,57.121212121212125,57.96969696969697,849,604,850,1063,1234,1281
209,68,58.92,0.32606924643584523,28,61.38235294117647,57.21212121212121,58.09090909090909,852,606,852,1065,1235,1282
210,66,59.03,0.3270421819413858,28,61.5,57.303030303030305,58.21212121212121,855,608,854,1067,1236,1283
211,73,59.14,0.3280182617517754,28,61.61764705882353,57.39393939393939,58.333333333333336,858,610,856,1069,1237,1284
212,74,59.25,0.32899071729957813,28,61.73529411764706,57.484848484848484,58.45454545454545,861,612,858,1071,1238,1285
213,72,59.36,0.32995956873315363,28,61.85294117647059,57.57575757575758,58.57575757575758,864,614,860,1073,1239,1286
214,67,59.47,0.33092483605179085,28,61.970588235294116,57.666666666666664,58.696969696969695,867,616,862,1075,1240,1287
215,65,59.58,0.331886539107083,28,62.088235294117645,57.75757575757576,58.81818181818182,870,618,864,1077,1241,1288
216,57,59.69,0.332848048249288,28,62.205882352941174,57.84848484848485,58.93939393939394,873,620,866,1079,1242,1289
217,67,59.8,0.3338060200668896,28,62.3235294117647,57.93939393939394,59.06060606060606,876,622,868,1081,1243,1290
218,68,59.91,0.33476047404439996,28,62.44117647058823,58.03030303030303,59.18181818181818,879,624,870,1083,1244,1291
219,65,60.03,0.33576045310678,28,62.55882352941177,58.15151515151515,59.303030303030305,882,627,872,1085,1245,1292
220,73,60.16,0.33684840425531914,28,62.705882352941174,58.27272727272727,59.42424242424242,886,630,874,1087,1246,1293
221,67,60.28,0.33785335102853353,28,62.85294117647059,58.39393939393939,59.515151515151516,890,633,876,1088,1247,1294
222,63,60.41,0.3386740605859957,28,63.0,58.54545454545455,59.60606060606061,894,637,878,1089,1248,1295
223,67,60.55,0.33957886044591246,28,63.14705882352941,58.696969696969695,59.72727272727273,898,641,880,1091,1249,1296
224,69,60.68,0.34039881344759393,28,63.294117647058826,58.84848484848485,59.81818181818182,902,645,882,1092,1250,1297
225,61,60.82,0.34130220322262417,28,63.44117647058823,59.0,59.93939393939394,906,649,884,1094,1251,1298
226,62,60.96,0.3422080052493439,28,63.588235294117645,59.15151515151515,60.06060606060606,910,653,886,1096,1252,1299
227,64,61.09,0.3430430512358815,28,63.705882352941174,59.303030303030305,60.18181818181818,913,657,888,1098,1253,1300
228,68,61.23,0.34396047689041326,28,63.85294117647059,59.45454545454545,60.303030303030305,917,661,890,1100,1254,1301
229,69,61.37,0.34488675248492756,28,64.0,59.60606060606061,60.42424242424242,921,665,892,1102,1255,1302
230,63,61.52,0.3456209362808842,28,64.1470588235294,59.75757575757576,60.57575757575758,925,669,894,1105,1256,1303
231,60,61.67,0.34635479163288463,28,64.29411764705883,59.90909090909091,60.72727272727273,929,673,896,1108,1257,1304
232,66,61.82,0.34708832093173725,28,64.44117647058823,60.06060606060606,60.878787878787875,933,677,898,1111,1258,1305
233,66,61.97,0.34782798128126513,28,64.58823529411765,60.21212121212121,61.03030303030303,937,681,900,1114,1259,1306
234,64,62.11,0.34876026404765736,28,64.73529411764706,60.36363636363637,61.15151515151515,941,685,902,1116,1260,1307
235,74,62.25,0.34971084337349395,28,64.88235294117646,60.515151515151516,61.27272727272727,945,689,904,1118,1261,1308
236,70,62.41,0.35028200608876786,28,65.02941176470588,60.666666666666664,61.45454545454545,949,693,906,1122,1262,1309
237,66,62.57,0.35086303340258906,28,65.17647058823529,60.81818181818182,61.63636363636363,953,697,908,1126,1263,1310
238,61,62.71,0.3515818848668474,28,65.32352941176471,60.96969696969697,61.75757575757576,957,701,910,1128,1264,1311
239,59,62.85,0.35256801909307883,28,65.47058823529412,61.121212121212125,61.878787878787875,961,705,912,1130,1265,1312
240,62,63.0,0.3533714285714285,28,65.61764705882354,61.27272727272727,62.03030303030303,965,709,914,1133,1266,1313
241,63,63.14,0.35410833069369657,28,65.76470588235294,61.42424242424242,62.15151515151515,969,713,916,1135,1267,1314
242,61,63.28,0.3548419721871049,28,65.91176470588235,61.57575757575758,62.27272727272727,973,717,918,1137,1268,1315
243,56,63.42,0.35557868180384733,28,66.05882352941177,61.72727272727273,62.39393939393939,977,721,920,1139,1269,1316
244,61,63.55,0.35621243115656964,28,66.20588235294117,61.878787878787875,62.484848484848484,981,725,921,1141,1270,1317
245,59,63.69,0.3569492856021354,28,66.3529411764706,62.03030303030303,62.60606060606061,985,729,923,1143,1271,1318
246,54,63.83,0.3575920413598621,28,66.5,62.18181818181818,62.72727272727273,989,733,924,1146,1272,1319
247,59,63.96,0.35819574734208887,28,66.6470588235294,62.303030303030305,62.84848484848485,993,736,925,1149,1273,1320
248,69,64.1,0.3588642745709828,28,66.79411764705883,62.45454545454545,62.96969696969697,997,740,926,1152,1274,1321
249,62,64.26,0.3594802365390601,28,66.97058823529412,62.60606060606061,63.121212121212125,1001,744,928,1155,1276,1322
250,67,64.42,0.36009003415088486,28,67.17647058823529,62.75757575757576,63.24242424242424,1005,748,930,1157,1279,1323
251,67,64.57,0.3606551029890042,28,67.3529411764706,62.878787878787875,63.39393939393939,1008,751,932,1160,1282,1324
252,66,64.73,0.3612219990730728,28,67.52941176470588,63.03030303030303,63.54545454545455,1011,755,934,1163,1285,1325
253,63,64.88,0.36170160295930953,28,67.70588235294117,63.21212121212121,63.63636363636363,1014,760,936,1164,1288,1326
254,63,65.03,0.3621912963247732,28,67.88235294117646,63.39393939393939,63.72727272727273,1017,765,938,1165,1291,1327
255,58,65.17,0.36260395887678387,28,68.02941176470588,63.57575757575758,63.81818181818182,1019,770,940,1166,1294,1328
256,56,65.28,0.3630667892156863,28,68.17647058823529,63.696969696969695,63.878787878787875,1022,773,941,1167,1296,1329
257,60,65.39,0.3635372381098027,28,68.32352941176471,63.81818181818182,63.93939393939394,1025,776,942,1168,1298,1330
258,63,65.51,0.3641016638681117,28,68.47058823529412,63.93939393939394,64.03030303030303,1028,779,943,1170,1300,1331
259,61,65.62,0.3647150259067358,28,68.58823529411765,64.06060606060606,64.12121212121212,1031,782,945,1171,1301,1332
260,68,65.73,0.36532633500684625,28,68.70588235294117,64.18181818181819,64.21212121212122,1034,785,947,1172,1302,1333
261,78,65.84,0.36593560145808013,28,68.82352941176471,64.3030303030303,64.3030303030303,1037,788,949,1173,1303,1334
262,75,65.96,0.3665979381443299,28,68.94117647058823,64.42424242424242,64.42424242424242,1040,791,951,1175,1304,1335
263,72,66.08,0.3672578692493947,28,69.05882352941177,64.54545454545455,64.54545454545455,1043,794,953,1177,1305,1336
264,75,66.2,0.36791842900302113,28,69.17647058823529,64.66666666666667,64.66666666666667,1046,797,955,1179,1306,1337
265,72,66.32,0.36857659831121836,28,69.29411764705883,64.78787878787878,64.78787878787878,1049,800,957,1181,1307,1338
266,66,66.44,0.36923239012642983,28,69.41176470588235,64.9090909090909,64.9090909090909,1052,803,959,1183,1308,1339
267,69,66.56,0.36988882211538465,28,69.52941176470588,65.03030303030303,65.03030303030303,1055,806,961,1185,1309,1340
268,75,66.68,0.37054289142171565,28,69.6470588235294,65.15151515151516,65.15151515151516,1058,809,963,1187,1310,1341
269,72,66.8,0.3711946107784431,28,69.76470588235294,65.27272727272727,65.27272727272727,1061,812,965,1189,1311,1342
270,75,66.92,0.37184399282725644,28,69.88235294117646,65.39393939393939,65.39393939393939,1064,815,967,1191,1312,1343
271,81,67.04,0.37249403341288784,28,70.0,65.51515151515152,65.51515151515152,1067,818,969,1193,1313,1344
272,81,67.16,0.37314770696843363,28,70.11764705882354,65.63636363636364,65.63636363636364,1070,821,971,1195,1314,1345
273,86,67.29,0.3736439292614059,28,70.23529411764706,65.75757575757575,65.78787878787878,1073,824,973,1198,1315,1346
274,75,67.43,0.37419397894112416,28,70.3529411764706,65.87878787878788,65.96969696969697,1076,827,976,1201,1316,1347
275,70,67.57,0.3747535888708006,28,70.47058823529412,66.0,66.15151515151516,1079,830,979,1204,1317,1348
276,80,67.71,0.3753167922020381,28,70.58823529411765,66.12121212121212,66.33333333333333,1082,833,982,1207,1318,1349
277,73,67.84,0.37582252358490564,28,70.70588235294117,66.24242424242425,66.48484848484848,1085,836,984,1210,1319,1350
278,74,67.98,0.3763695204471904,28,70.82352941176471,66.36363636363636,66.66666666666667,1088,839,987,1213,1320,1351
279,82,68.14,0.37697094217786914,28,70.94117647058823,66.51515151515152,66.87878787878788,1091,843,991,1216,1321,1352
280,75,68.3,0.37759297218155197,28,71.05882352941177,66.66666666666667,67.0909090909091,1094,847,995,1219,1322,1353
281,80,68.46,0.37822378030966985,28,71.17647058823529,66.81818181818181,67.3030303030303,1097,851,999,1222,1323,1354
282,82,68.62,0.3788749635674731,28,71.29411764705883,66.96969696969697,67.51515151515152,1100,855,1003,1225,1324,1355
283,78,68.78,0.3795492875835999,28,71.41176470588235,67.12121212121212,67.72727272727273,1103,859,1007,1228,1325,1356
284,71,68.94,0.3802349869451697,28,71.52941176470588,67.27272727272727,67.93939393939394,1106,863,1011,1231,1326,1357
285,76,69.1,0.3809464544138929,28,71.6470588235294,67.42424242424242,68.15151515151516,1109,867,1015,1234,1327,1358
286,79,69.25,0.3816129963898917,28,71.76470588235294,67.57575757575758,68.33333333333333,1112,871,1018,1237,1328,1359
287,71,69.42,0.38216076058772686,28,71.88235294117646,67.72727272727273,68.57575757575758,1115,875,1022,1241,1329,1360
288,78,69.56,0.38275733179988497,28,72.0,67.87878787878788,68.72727272727273,1118,879,1026,1242,1330,1361
289,69,69.71,0.3834327929995696,28,72.11764705882354,68.03030303030303,68.9090909090909,1121,883,1030,1244,1331,1362
290,63,69.86,0.384136845118809,28,72.23529411764706,68.18181818181819,69.0909090909091,1124,887,1034,1246,1332,1363
291,71,70.02,0.3846843758926021,28,72.3529411764706,68.33333333333333,69.3030303030303,1127,891,1038,1249,1333,1364
292,58,70.18,0.3853776004559704,28,72.5,68.48484848484848,69.48484848484848,1130,895,1042,1251,1335,1365
293,59,70.32,0.385967007963595,28,72.61764705882354,68.63636363636364,69.63636363636364,1132,899,1046,1252,1337,1366
294,66,70.46,0.386380925347715,28,72.76470588235294,68.78787878787878,69.75757575757575,1135,903,1048,1254,1339,1367
295,59,70.59,0.3867700807479813,28,72.91176470588235,68.9090909090909,69.87878787878788,1138,906,1050,1256,1341,1368
296,55,70.72,0.38716346153846154,28,73.05882352941177,69.03030303030303,70.0,1141,909,1052,1258,1343,1369
297,61,70.84,0.38750423489553926,28,73.17647058823529,69.15151515151516,70.12121212121212,1143,912,1054,1260,1345,1370
298,52,70.96,0.38785794813979707,28,73.29411764705883,69.27272727272727,70.24242424242425,1145,915,1056,1262,1347,1371
299,52,71.08,0.38822734946539117,28,73.41176470588235,69.39393939393939,70.36363636363636,1147,918,1058,1264,1349,1372
300,47,71.19,0.3886149740132041,28,73.5,69.51515151515152,70.48484848484848,1149,921,1060,1266,1350,1373
301,46,71.29,0.3889339318277458,28,73.58823529411765,69.60606060606061,70.60606060606061,1151,923,1062,1268,1351,1374
302,47,71.4,0.3893389355742297,28,73.67647058823529,69.6969696969697,70.75757575757575,1153,925,1064,1271,1352,1375
303,50,71.52,0.3898182326621924,28,73.79411764705883,69.78787878787878,70.9090909090909,1156,927,1066,1274,1353,1376
304,54,71.63,0.3902317464749407,28,73.91176470588235,69.87878787878788,71.03030303030303,1159,929,1067,1277,1354,1377
305,53,71.73,0.39059110553464377,28,74.02941176470588,69.96969696969697,71.12121212121212,1162,931,1068,1279,1355,1378
306,49,71.83,0.390977307531672,28,74.1470588235294,70.06060606060606,71.21212121212122,1165,933,1069,1281,1356,1379
307,50,71.94,0.39144842924659434,28,74.26470588235294,70.15151515151516,71.33333333333333,1168,935,1071,1283,1357,1380
308,49,72.04,0.39194336479733477,28,74.38235294117646,70.21212121212122,71.45454545454545,1171,936,1072,1286,1358,1381
309,59,72.15,0.3925252945252945,28,74.5,70.27272727272727,71.60606060606061,1174,937,1074,1289,1359,1382
310,52,72.28,0.3931460985058107,28,74.61764705882354,70.36363636363636,71.78787878787878,1177,939,1077,1292,1360,1383
311,61,72.4,0.3937127071823205,28,74.70588235294117,70.45454545454545,71.96969696969697,1179,941,1080,1295,1361,1384
312,57,72.53,0.3943430304701503,28,74.82352941176471,70.54545454545455,72.15151515151516,1182,943,1083,1298,1362,1385
313,48,72.65,0.39493048864418445,28,74.94117647058823,70.63636363636364,72.3030303030303,1185,945,1085,1301,1363,1386
314,48,72.77,0.39552425450048095,28,75.05882352941177,70.72727272727273,72.45454545454545,1188,947,1087,1304,1364,1387
315,50,72.87,0.3960052147660217,28,75.1470588235294,70.81818181818181,72.57575757575758,1190,949,1089,1306,1365,1388
316,51,72.98,0.39655522060838583,28,75.26470588235294,70.9090909090909,72.6969696969697,1193,951,1091,1308,1366,1389
317,50,73.08,0.39702791461412157,28,75.38235294117646,71.0,72.78787878787878,1196,953,1092,1310,1367,1390
318,52,73.18,0.39751844766329597,28,75.5,71.0909090909091,72.87878787878788,1199,955,1093,1312,1368,1391
319,59,73.29,0.397861918406331,28,75.58823529411765,71.21212121212122,73.0,1201,958,1095,1314,1369,1392
320,63,73.4,0.39820980926430516,28,75.67647058823529,71.33333333333333,73.12121212121212,1203,961,1097,1316,1370,1393
321,57,73.52,0.3986207834602829,28,75.79411764705883,71.45454545454545,73.24242424242425,1206,964,1099,1318,1371,1394
322,63,73.64,0.399033134166214,28,75.91176470588235,71.57575757575758,73.36363636363636,1209,967,1101,1320,1372,1395
323,69,73.76,0.39944685466377444,28,76.02941176470588,71.6969696969697,73.48484848484848,1212,970,1103,1322,1373,1396
324,69,73.88,0.39986193827828914,28,76.1470588235294,71.81818181818181,73.60606060606061,1215,973,1105,1324,1374,1397
325,75,74.0,0.40028378378378376,28,76.26470588235294,71.93939393939394,73.72727272727273,1218,976,1107,1326,1375,1398
326,84,74.12,0.40070966001079333,28,76.38235294117646,72.06060606060606,73.84848484848484,1221,979,1109,1328,1376,1399
327,78,74.24,0.4011422413793103,28,76.5,72.18181818181819,73.96969696969697,1224,982,1111,1330,1377,1400
328,69,74.36,0.40157880580957506,28,76.61764705882354,72.3030303030303,74.0909090909091,1227,985,1113,1332,1378,1401
329,66,74.48,0.40201933404940926,28,76.73529411764706,72.42424242424242,74.21212121212122,1230,988,1115,1334,1379,1402
330,81,74.6,0.40246916890080425,28,76.8529411764706,72.54545454545455,74.33333333333333,1233,991,1117,1336,1380,1403
331,81,74.72,0.4029202355460385,28,76.97058823529412,72.66666666666667,74.45454545454545,1236,994,1119,1338,1381,1404
332,74,74.85,0.4033894455577822,28,77.08823529411765,72.81818181818181,74.57575757575758,1239,997,1121,1340,1382,1406
333,70,74.98,0.40385702854094424,28,77.20588235294117,72.96969696969697,74.6969696969697,1242,1000,1123,1342,1383,1408
334,75,75.11,0.4043256557049661,28,77.32352941176471,73.12121212121212,74.81818181818181,1245,1003,1125,1344,1384,1410
335,71,75.24,0.4047953216374269,28,77.44117647058823,73.27272727272727,74.93939393939394,1248,1006,1127,1346,1385,1412
336,63,75.38,0.40532236667551075,28,77.55882352941177,73.42424242424242,75.0909090909091,1251,1009,1129,1349,1386,1414
337,64,75.52,0.4058474576271186,28,77.67647058823529,73.57575757575758,75.24242424242425,1254,1012,1131,1352,1387,1416
338,60,75.65,0.40633575677461997,28,77.79411764705883,73.72727272727273,75.36363636363636,1257,1015,1133,1354,1388,1418
339,58,75.76,0.4069324181626188,28,77.91176470588235,73.84848484848484,75.45454545454545,1260,1017,1135,1355,1389,1420
340,60,75.89,0.40742522071419157,28,78.02941176470588,74.0,75.57575757575758,1263,1020,1137,1357,1390,1422
341,57,76.01,0.4078608077884489,28,78.1470588235294,74.15151515151516,75.66666666666667,1266,1023,1139,1358,1391,1424
342,54,76.13,0.4083002758439511,28,78.26470588235294,74.3030303030303,75.75757575757575,1269,1026,1141,1359,1392,1426
343,60,76.25,0.40874098360655736,28,78.38235294117646,74.45454545454545,75.84848484848484,1272,1029,1143,1360,1393,1428
344,57,76.37,0.4091934005499542,28,78.5,74.60606060606061,75.93939393939394,1275,1032,1145,1361,1394,1430
345,51,76.49,0.4096443979605177,28,78.61764705882354,74.75757575757575,76.03030303030303,1278,1035,1147,1362,1395,1432
346,57,76.61,0.41010442500978983,28,78.73529411764706,74.9090909090909,76.12121212121212,1281,1038,1149,1363,1396,1434
347,51,76.73,0.4105656197054607,28,78.8529411764706,75.06060606060606,76.21212121212122,1284,1041,1151,1364,1397,1436
348,45,76.85,0.41102797657774887,28,78.97058823529412,75.21212121212122,76.3030303030303,1287,1044,1153,1365,1398,1438
349,52,76.96,0.41144230769230766,28,79.05882352941177,75.36363636363636,76.39393939393939,1290,1047,1155,1366,1398,1440
350,51,77.06,0.4119906566311965,28,79.1470588235294,75.48484848484848,76.48484848484848,1293,1049,1157,1367,1398,1442
351,46,77.17,0.41240248801347673,28,79.23529411764706,75.63636363636364,76.57575757575758,1296,1052,1159,1368,1398,1444
352,49,77.29,0.4126704618967525,28,79.32352941176471,75.81818181818181,76.66666666666667,1299,1055,1161,1369,1398,1447
353,48,77.39,0.413052073911358,28,79.38235294117646,75.96969696969697,76.75757575757575,1301,1058,1163,1370,1398,1449
354,47,77.49,0.41360820751064653,28,79.47058823529412,76.0909090909091,76.84848484848484,1304,1060,1165,1371,1398,1451
355,54,77.6,0.4142036082474227,28,79.55882352941177,76.21212121212122,76.96969696969697,1307,1062,1167,1373,1398,1453
356,48,77.72,0.4146989191971178,28,79.6470588235294,76.36363636363636,77.0909090909091,1310,1065,1169,1375,1398,1455
357,46,77.83,0.4151445458049595,28,79.70588235294117,76.51515151515152,77.21212121212122,1312,1068,1171,1377,1398,1457
358,50,77.94,0.41561200923787534,28,79.79411764705883,76.66666666666667,77.3030303030303,1315,1071,1173,1378,1398,1459
359,46,78.04,0.4161635058944131,28,79.88235294117646,76.78787878787878,77.39393939393939,1318,1073,1175,1379,1398,1461
360,45,78.14,0.41671615049910415,28,79.97058823529412,76.9090909090909,77.48484848484848,1321,1075,1177,1380,1398,1463
361,53,78.24,0.4172673824130879,28,80.05882352941177,77.03030303030303,77.57575757575758,1324,1077,1179,1381,1398,1465
362,49,78.34,0.41782231299463873,28,80.1470588235294,77.15151515151516,77.66666666666667,1327,1079,1181,1382,1398,1467
363,44,78.45,0.41841555130656466,28,80.23529411764706,77.27272727272727,77.78787878787878,1330,1081,1183,1384,1398,1469
364,48,78.56,0.4190071283095723,28,80.32352941176471,77.39393939393939,77.9090909090909,1333,1083,1185,1386,1398,1471
365,45,78.65,0.41950286077558807,28,80.38235294117646,77.51515151515152,78.0,1335,1085,1187,1387,1398,1473
366,42,78.74,0.41999745999492,28,80.44117647058823,77.63636363636364,78.0909090909091,1337,1087,1189,1388,1398,1475
367,51,78.83,0.4204909298490423,28,80.5,77.75757575757575,78.18181818181819,1339,1089,1191,1389,1398,1477
368,53,78.93,0.4208273153427087,28,80.55882352941177,77.9090909090909,78.27272727272727,1341,1091,1193,1390,1398,1480
369,51,79.04,0.4212196356275304,28,80.6470588235294,78.06060606060606,78.36363636363636,1344,1093,1195,1391,1398,1483
370,61,79.15,0.4216184459886292,28,80.73529411764706,78.21212121212122,78.45454545454545,1347,1095,1197,1392,1398,1486
371,58,79.27,0.4220650939825912,28,80.8529411764706,78.36363636363636,78.54545454545455,1350,1097,1199,1393,1399,1489
372,52,79.39,0.4225204685728681,28,80.97058823529412,78.51515151515152,78.63636363636364,1353,1099,1201,1394,1400,1492
373,58,79.51,0.42297698402716644,28,81.08823529411765,78.66666666666667,78.72727272727273,1356,1101,1203,1395,1401,1495
374,56,79.62,0.42337854810349157,28,81.17647058823529,78.81818181818181,78.81818181818181,1358,1103,1205,1396,1402,1498
375,53,79.74,0.42383496363180334,28,81.29411764705883,78.96969696969697,78.9090909090909,1361,1105,1207,1397,1403,1501
376,56,79.86,0.42429000751314805,28,81.41176470588235,79.12121212121212,79.0,1364,1107,1209,1398,1404,1504
377,53,79.98,0.42475118779694926,28,81.52941176470588,79.27272727272727,79.0909090909091,1367,1109,1211,1399,1405,1507
378,48,80.09,0.42517043326257964,28,81.61764705882354,79.42424242424242,79.18181818181819,1370,1111,1213,1400,1405,1510
379,52,80.2,0.4256059850374065,28,81.70588235294117,79.57575757575758,79.27272727272727,1373,1113,1215,1401,1405,1513
380,51,80.3,0.42614196762141965,28,81.79411764705883,79.6969696969697,79.36363636363636,1376,1115,1217,1402,1405,1515
381,47,80.4,0.42667661691542286,28,81.88235294117646,79.81818181818181,79.45454545454545,1379,1117,1219,1403,1405,1517
382,52,80.5,0.4272099378881988,28,81.97058823529412,79.93939393939394,79.54545454545455,1382,1119,1221,1404,1405,1519
383,51,80.6,0.42774193548387096,28,82.05882352941177,80.06060606060606,79.63636363636364,1385,1121,1223,1405,1405,1521
384,47,80.7,0.42827261462205696,28,82.1470588235294,80.18181818181819,79.72727272727273,1388,1123,1225,1406,1405,1523
385,52,80.8,0.4288019801980198,28,82.23529411764706,80.3030303030303,79.81818181818181,1391,1125,1227,1407,1405,1525
386,51,80.9,0.4293300370828183,28,82.32352941176471,80.42424242424242,79.9090909090909,1394,1127,1229,1408,1405,1527
387,47,81.0,0.4298567901234568,28,82.41176470588235,80.54545454545455,80.0,1397,1129,1231,1409,1405,1529
388,52,81.1,0.4303822441430333,28,82.5,80.66666666666667,80.0909090909091,1400,1131,1233,1410,1405,1531
389,51,81.2,0.43090640394088675,28,82.58823529411765,80.78787878787878,80.18181818181819,1403,1133,1235,1411,1405,1533
390,47,81.3,0.43142927429274297,28,82.67647058823529,80.9090909090909,80.27272727272727,1406,1135,1237,1412,1405,1535
391,52,81.4,0.43195085995085997,28,82.76470588235294,81.03030303030303,80.36363636363636,1409,1137,1239,1413,1405,1537
392,51,81.5,0.43247116564417176,28,82.8529411764706,81.15151515151516,80.45454545454545,1412,1139,1241,1414,1405,1539
393,47,81.6,0.43299019607843137,28,82.94117647058823,81.27272727272727,80.54545454545455,1415,1141,1243,1415,1405,1541
394,52,81.7,0.4335079559363525,28,83.02941176470588,81.39393939393939,80.63636363636364,1418,1143,1245,1416,1405,1543
395,51,81.8,0.43402444987775063,28,83.11764705882354,81.51515151515152,80.72727272727273,1421,1145,1247,1417,1405,1545
396,47,81.9,0.43453968253968256,28,83.20588235294117,81.63636363636364,80.81818181818181,1424,1147,1249,1418,1405,1547
397,52,82.0,0.43505609756097563,28,83.29411764705883,81.75757575757575,80.9090909090909,1427,1149,1251,1419,1405,1549
398,54,82.1,0.4355736906211936,28,83.38235294117646,81.87878787878788,81.0,1430,1151,1253,1420,1405,1551
399,49,82.21,0.43603576207274053,28,83.5,82.0,81.0909090909091,1433,1153,1255,1421,1406,1553
400,53,82.32,0.43650145772594756,28,83.61764705882354,82.12121212121212,81.18181818181819,1436,1155,1257,1422,1407,1555
401,51,82.43,0.4369707630716972,28,83.73529411764706,82.24242424242425,81.27272727272727,1439,1157,1259,1423,1408,1557
402,47,82.53,0.4374881861141403,28,83.82352941176471,82.36363636363636,81.36363636363636,1442,1159,1261,1424,1408,1559
403,52,82.63,0.43800435677114846,28,83.91176470588235,82.48484848484848,81.45454545454545,1445,1161,1263,1425,1408,1561
404,54,82.73,0.43851927958418957,28,84.0,82.60606060606061,81.54545454545455,1448,1163,1265,1426,1408,1563
405,52,82.84,0.4389642684693385,28,84.08823529411765,82.75757575757575,81.63636363636364,1451,1166,1267,1427,1408,1565
406,62,82.95,0.43941289933694994,28,84.17647058823529,82.9090909090909,81.72727272727273,1454,1169,1269,1428,1408,1567
407,63,83.06,0.43986274981940765,28,84.26470588235294,83.06060606060606,81.81818181818181,1457,1172,1271,1429,1408,1569
408,61,83.17,0.4403114103643141,28,84.3529411764706,83.21212121212122,81.9090909090909,1460,1175,1273,1430,1408,1571
409,59,83.28,0.4407588856868396,28,84.44117647058823,83.36363636363636,82.0,1463,1178,1275,1431,1408,1573
410,54,83.39,0.44120997721549343,28,84.52941176470588,83.51515151515152,82.0909090909091,1466,1181,1277,1432,1408,1575
411,52,83.5,0.44165988023952096,28,84.61764705882354,83.66666666666667,82.18181818181819,1469,1184,1279,1433,1408,1577
412,53,83.61,0.4421181676832915,28,84.70588235294117,83.81818181818181,82.27272727272727,1472,1187,1281,1434,1408,1579
413,59,83.7,0.4424659498207885,28,84.76470588235294,83.96969696969697,82.33333333333333,1474,1190,1282,1435,1408,1581
414,61,83.8,0.4428949880668258,28,84.82352941176471,84.12121212121212,82.42424242424242,1476,1193,1284,1436,1408,1583
415,67,83.92,0.4432221163012393,28,84.91176470588235,84.3030303030303,82.51515151515152,1479,1197,1286,1437,1408,1585
416,70,84.07,0.44350779112644223,28,85.0,84.51515151515152,82.66666666666667,1482,1201,1290,1438,1408,1588
417,64,84.22,0.44380194728093086,28,85.08823529411765,84.72727272727273,82.81818181818181,1485,1205,1294,1439,1408,1591
418,59,84.36,0.44418207681365574,28,85.17647058823529,84.9090909090909,82.96969696969697,1488,1209,1298,1440,1408,1593
419,72,84.5,0.4445633136094675,28,85.26470588235294,85.0909090909091,83.12121212121212,1491,1213,1302,1441,1408,1595
420,70,84.64,0.444945652173913,28,85.3529411764706,85.27272727272727,83.27272727272727,1494,1217,1306,1442,1408,1597
421,74,84.78,0.44533144609577735,28,85.44117647058823,85.45454545454545,83.42424242424242,1497,1221,1310,1443,1408,1599
422,80,84.93,0.44574708583539385,28,85.52941176470588,85.63636363636364,83.60606060606061,1500,1225,1314,1445,1408,1601
423,82,85.09,0.4460136326242802,28,85.61764705882354,85.87878787878788,83.75757575757575,1503,1229,1317,1447,1408,1605
424,84,85.25,0.4462885630498533,28,85.70588235294117,86.12121212121212,83.9090909090909,1506,1233,1320,1449,1408,1609
425,92,85.41,0.446567146704133,28,85.79411764705883,86.36363636363636,84.06060606060606,1509,1237,1323,1451,1408,1613
426,90,85.58,0.44686842720261744,28,85.88235294117646,86.60606060606061,84.24242424242425,1512,1241,1327,1453,1408,1617
427,85,85.75,0.44717551020408164,28,85.97058823529412,86.84848484848484,84.42424242424242,1515,1245,1331,1455,1408,1621
428,90,85.94,0.44736094949965094,28,86.08823529411765,87.12121212121212,84.60606060606061,1518,1249,1335,1457,1409,1626
429,84,86.12,0.447684626103112,28,86.17647058823529,87.39393939393939,84.78787878787878,1521,1253,1339,1459,1409,1631
430,81,86.3,0.448018539976825,28,86.26470588235294,87.66666666666667,84.96969696969697,1524,1257,1343,1461,1409,1636
431,74,86.49,0.4482356341773615,28,86.38235294117646,87.93939393939394,85.15151515151516,1527,1261,1347,1463,1410,1641
432,75,86.66,0.4484098776828987,28,86.5,88.21212121212122,85.27272727272727,1530,1265,1350,1464,1411,1646
433,64,86.83,0.448594955660486,28,86.61764705882354,88.48484848484848,85.39393939393939,1533,1269,1353,1465,1412,1651
434,55,86.98,0.44874913773281216,28,86.73529411764706,88.75757575757575,85.45454545454545,1536,1273,1355,1465,1413,1656
435,60,87.11,0.44895075192285616,28,86.79411764705883,89.03030303030303,85.51515151515152,1538,1277,1357,1465,1413,1661
436,54,87.23,0.44930299208987734,28,86.8529411764706,89.27272727272727,85.57575757575758,1540,1280,1359,1465,1413,1666
437,48,87.35,0.449661133371494,28,86.91176470588235,89.51515151515152,85.63636363636364,1542,1283,1361,1465,1413,1671
438,53,87.45,0.4500777587192682,28,86.97058823529412,89.6969696969697,85.6969696969697,1544,1286,1363,1465,1413,1674
439,49,87.55,0.4504934323243861,28,87.02941176470588,89.87878787878788,85.75757575757575,1546,1289,1365,1465,1413,1677
440,45,87.65,0.4509150028522533,28,87.08823529411765,90.06060606060606,85.81818181818181,1548,1292,1367,1465,1413,1680
441,50,87.75,0.45133561253561255,28,87.1470588235294,90.24242424242425,85.87878787878788,1550,1295,1369,1465,1413,1683
442,49,87.85,0.4517598178713717,28,87.20588235294117,90.42424242424242,85.93939393939394,1552,1298,1371,1465,1413,1686
443,45,87.95,0.4521830585559977,28,87.26470588235294,90.60606060606061,86.0,1554,1301,1373,1465,1413,1689
444,50,88.05,0.4526053378762067,28,87.32352941176471,90.78787878787878,86.06060606060606,1556,1304,1375,1465,1413,1692
445,47,88.14,0.45296800544588156,28,87.38235294117646,90.96969696969697,86.0909090909091,1558,1307,1376,1465,1413,1695
446,47,88.23,0.4533299331293211,28,87.44117647058823,91.15151515151516,86.12121212121212,1560,1310,1377,1465,1413,1698
447,52,88.33,0.4537495754556776,28,87.5,91.33333333333333,86.18181818181819,1562,1313,1379,1465,1413,1701
448,48,88.43,0.454170530362999,28,87.55882352941177,91.51515151515152,86.24242424242425,1564,1316,1381,1465,1413,1704
449,44,88.53,0.4545905342821642,28,87.61764705882354,91.6969696969697,86.3030303030303,1566,1319,1383,1465,1413,1707
450,50,88.62,0.45495373504852177,28,87.67647058823529,91.87878787878788,86.33333333333333,1568,1322,1384,1465,1413,1710
451,49,88.72,0.4553764652840397,28,87.73529411764706,92.06060606060606,86.39393939393939,1570,1325,1386,1465,1413,1713
452,48,88.82,0.4557982436388201,28,87.79411764705883,92.24242424242425,86.45454545454545,1572,1328,1388,1465,1413,1716
453,55,88.93,0.4562521083998651,28,87.88235294117646,92.42424242424242,86.51515151515152,1575,1331,1390,1465,1413,1719
454,57,89.03,0.4566471975738515,28,87.97058823529412,92.60606060606061,86.54545454545455,1578,1334,1391,1465,1413,1722
455,55,89.14,0.45709894547902175,28,88.05882352941177,92.78787878787878,86.60606060606061,1581,1337,1393,1465,1413,1725
456,65,89.25,0.4575495798319328,28,88.1470588235294,92.96969696969697,86.66666666666667,1584,1340,1395,1465,1413,1728
457,63,89.36,0.4579991047448523,28,88.23529411764706,93.15151515151516,86.72727272727273,1587,1343,1397,1465,1413,1731
458,61,89.47,0.4584497596959875,28,88.32352941176471,93.33333333333333,86.78787878787878,1590,1346,1399,1465,1413,1734
459,70,89.59,0.45892956803214646,28,88.41176470588235,93.51515151515152,86.87878787878788,1593,1349,1401,1466,1413,1737
460,58,89.71,0.4594103221491473,28,88.5,93.6969696969697,86.96969696969697,1596,1352,1403,1467,1413,1740
461,58,89.83,0.45988979182901035,28,88.58823529411765,93.87878787878788,87.06060606060606,1599,1355,1405,1468,1413,1743
462,64,89.95,0.4603679822123402,28,88.67647058823529,94.06060606060606,87.15151515151516,1602,1358,1407,1469,1413,1746
463,61,90.07,0.46084489841234594,28,88.76470588235294,94.24242424242425,87.24242424242425,1605,1361,1409,1470,1413,1749
464,63,90.2,0.46116851441241685,28,88.8529411764706,94.45454545454545,87.33333333333333,1608,1364,1411,1471,1413,1753
465,68,90.33,0.4614934130410716,28,88.94117647058823,94.66666666666667,87.42424242424242,1611,1367,1413,1472,1413,1757
466,61,90.46,0.46182179969047094,28,89.02941176470588,94.87878787878788,87.51515151515152,1614,1370,1415,1473,1413,1761
467,72,90.59,0.4621492438458991,28,89.11764705882354,95.0909090909091,87.60606060606061,1617,1373,1417,1474,1413,1765
468,72,90.71,0.46243302833204714,28,89.17647058823529,95.3030303030303,87.6969696969697,1619,1376,1419,1475,1413,1769
469,65,90.84,0.46276309995596654,28,89.26470588235294,95.51515151515152,87.78787878787878,1622,1379,1421,1476,1413,1773
470,70,90.97,0.4630922282071013,28,89.3529411764706,95.72727272727273,87.87878787878788,1625,1382,1423,1477,1413,1777
471,65,91.11,0.4634606519591702,28,89.44117647058823,95.93939393939394,88.0,1628,1385,1425,1479,1413,1781
472,66,91.25,0.4638279452054795,28,89.52941176470588,96.15151515151516,88.12121212121212,1631,1388,1427,1481,1413,1785
473,67,91.39,0.4641963015647226,28,89.61764705882354,96.36363636363636,88.24242424242425,1634,1391,1429,1483,1413,1789
474,62,91.53,0.46456353108270515,28,89.70588235294117,96.57575757575758,88.36363636363636,1637,1394,1431,1485,1413,1793
475,63,91.67,0.464929638922221,28,89.79411764705883,96.78787878787878,88.48484848484848,1640,1397,1433,1487,1413,1797
476,63,91.82,0.46534524068830324,28,89.91176470588235,97.0,88.60606060606061,1644,1400,1435,1489,1413,1801
477,61,91.96,0.4659069160504567,28,90.02941176470588,97.18181818181819,88.72727272727273,1648,1403,1437,1491,1413,1804
478,57,92.09,0.466368769681833,28,90.11764705882354,97.36363636363636,88.84848484848484,1651,1406,1439,1493,1413,1807
479,64,92.23,0.46686869782066576,28,90.20588235294117,97.54545454545455,89.0,1654,1409,1441,1496,1413,1810
480,63,92.36,0.4673408401905587,28,90.29411764705883,97.72727272727273,89.12121212121212,1657,1412,1443,1498,1413,1813
481,67,92.5,0.4678421621621622,28,90.38235294117646,97.9090909090909,89.27272727272727,1660,1415,1445,1501,1413,1816
482,71,92.64,0.468344127806563,28,90.47058823529412,98.0909090909091,89.42424242424242,1663,1418,1447,1504,1413,1819
483,69,92.78,0.46884673420995904,28,90.55882352941177,98.27272727272727,89.57575757575758,1666,1421,1449,1507,1413,1822
484,61,92.92,0.46934782608695647,28,90.6470588235294,98.45454545454545,89.72727272727273,1669,1424,1451,1510,1413,1825
485,65,93.06,0.4698474102729422,28,90.73529411764706,98.63636363636364,89.87878787878788,1672,1427,1453,1513,1413,1828
486,57,93.2,0.47034549356223176,28,90.82352941176471,98.81818181818181,90.03030303030303,1675,1430,1455,1516,1413,1831
487,55,93.34,0.47084208270837796,28,90.91176470588235,99.0,90.18181818181819,1678,1433,1457,1519,1413,1834
488,60,93.47,0.4712838343853643,28,91.0,99.18181818181819,90.3030303030303,1681,1436,1458,1522,1413,1837
489,61,93.58,0.4716712972857448,28,91.08823529411765,99.33333333333333,90.39393939393939,1684,1438,1459,1524,1413,1840
490,60,93.71,0.4721683918471882,28,91.17647058823529,99.51515151515152,90.51515151515152,1687,1441,1461,1526,1413,1843
491,62,93.84,0.47266410912190965,28,91.26470588235294,99.6969696969697,90.63636363636364,1690,1444,1463,1528,1413,1846
492,58,93.97,0.47315845482600827,28,91.3529411764706,99.87878787878788,90.75757575757575,1693,1447,1465,1530,1413,1849
493,59,94.08,0.4735607993197279,28,91.44117647058823,100.03030303030303,90.84848484848484,1696,1449,1467,1531,1413,1852
494,62,94.2,0.4740191082802548,28,91.52941176470588,100.21212121212122,90.93939393939394,1699,1452,1469,1532,1413,1855
495,56,94.32,0.4744762510602205,28,91.61764705882354,100.39393939393939,91.03030303030303,1702,1455,1471,1533,1413,1858
496,56,94.44,0.47493223210504026,28,91.70588235294117,100.57575757575758,91.12121212121212,1705,1458,1473,1534,1413,1861
497,63,94.55,0.47533262823902694,28,91.79411764705883,100.72727272727273,91.21212121212122,1708,1460,1475,1535,1413,1864
498,60,94.67,0.475767402556248,28,91.88235294117646,100.87878787878788,91.33333333333333,1711,1462,1477,1537,1413,1867
499,56,94.8,0.47625738396624473,28,91.97058823529412,101.06060606060606,91.45454545454545,1714,1465,1479,1539,1413,1870
500,61,94.93,0.4767460233856526,28,92.05882352941177,101.24242424242425,91.57575757575758,1717,1468,1481,1541,1413,1873
501,54,95.06,0.4772333263202188,28,92.1470588235294,101.42424242424242,91.6969696969697,1720,1471,1483,1543,1413,1876
502,52,95.17,0.4776137438268362,28,92.23529411764706,101.57575757575758,91.78787878787878,1723,1473,1484,1545,1413,1879
503,65,95.28,0.47799328295549953,28,92.32352941176471,101.72727272727273,91.87878787878788,1726,1475,1485,1547,1413,1882
504,66,95.42,0.47838189058897507,28,92.41176470588235,101.93939393939394,92.0,1729,1479,1487,1549,1413,1885
505,65,95.58,0.4788135593220339,28,92.5,102.18181818181819,92.15151515151516,1732,1484,1490,1551,1413,1888
506,70,95.74,0.47924587424274073,28,92.58823529411765,102.42424242424242,92.3030303030303,1735,1489,1493,1553,1413,1891
507,69,95.9,0.479628779979145,28,92.67647058823529,102.63636363636364,92.48484848484848,1738,1493,1496,1556,1413,1894
508,69,96.05,0.47996980739198336,28,92.73529411764706,102.84848484848484,92.66666666666667,1740,1497,1499,1559,1413,1897
509,68,96.21,0.4803689845130444,28,92.79411764705883,103.0909090909091,92.84848484848484,1742,1502,1502,1562,1413,1900
510,67,96.37,0.4807730621562727,28,92.8529411764706,103.33333333333333,93.03030303030303,1744,1507,1505,1565,1413,1903
511,66,96.53,0.4811840878483373,28,92.91176470588235,103.57575757575758,93.21212121212122,1746,1512,1508,1568,1413,1906
512,60,96.68,0.48154944145635087,28,92.97058823529412,103.78787878787878,93.39393939393939,1748,1516,1511,1571,1413,1909
513,68,96.84,0.48197439074762494,28,93.02941176470588,104.03030303030303,93.57575757575758,1750,1521,1514,1574,1413,1912
514,64,97.0,0.4823979381443299,28,93.08823529411765,104.27272727272727,93.75757575757575,1752,1526,1517,1577,1413,1915
515,63,97.16,0.48282009057225195,28,93.1470588235294,104.51515151515152,93.93939393939394,1754,1531,1520,1580,1413,1918
516,65,97.32,0.48324290998766956,28,93.20588235294117,104.75757575757575,94.12121212121212,1756,1536,1523,1583,1413,1921
517,61,97.48,0.48366844480919163,28,93.26470588235294,105.0,94.3030303030303,1758,1541,1526,1586,1413,1924
518,61,97.63,0.4839813581890812,28,93.32352941176471,105.18181818181819,94.51515151515152,1760,1546,1530,1589,1413,1925
519,54,97.79,0.48416095715308316,28,93.41176470588235,105.36363636363636,94.72727272727273,1763,1551,1534,1592,1413,1926
520,57,97.94,0.48419440473759445,28,93.52941176470588,105.51515151515152,94.9090909090909,1767,1555,1537,1595,1413,1927
521,61,98.11,0.4843328916522271,28,93.6470588235294,105.6969696969697,95.12121212121212,1771,1560,1541,1598,1413,1928
522,57,98.27,0.48444184389946066,28,93.76470588235294,105.84848484848484,95.33333333333333,1775,1565,1545,1601,1413,1928
523,62,98.43,0.4845565376409631,28,93.88235294117646,106.0,95.54545454545455,1779,1570,1549,1604,1413,1928
524,56,98.58,0.48465003043213634,28,93.97058823529412,106.15151515151516,95.75757575757575,1782,1575,1553,1607,1413,1928
525,62,98.73,0.48474931631722884,28,94.05882352941177,106.3030303030303,95.96969696969697,1785,1580,1557,1610,1413,1928
526,62,98.88,0.4848584142394822,28,94.1470588235294,106.45454545454545,96.18181818181819,1788,1585,1561,1613,1413,1928
527,56,99.03,0.4849792992022619,28,94.23529411764706,106.60606060606061,96.39393939393939,1791,1590,1565,1616,1413,1928
528,53,99.18,0.485109901189756,28,94.32352941176471,106.75757575757575,96.60606060606061,1794,1595,1569,1619,1413,1928
529,53,99.33,0.4852542031611799,28,94.41176470588235,106.9090909090909,96.81818181818181,1797,1600,1573,1622,1413,1928
530,55,99.49,0.4854246657955574,28,94.5,107.0909090909091,97.03030303030303,1800,1605,1577,1625,1413,1929
531,56,99.66,0.4856451936584387,28,94.61764705882354,107.27272727272727,97.24242424242425,1804,1610,1581,1628,1413,1930
532,64,99.82,0.4858545381687037,28,94.73529411764706,107.42424242424242,97.45454545454545,1808,1615,1585,1631,1413,1930
533,62,99.99,0.48610161016101605,28,94.8529411764706,107.60606060606061,97.66666666666667,1812,1620,1589,1634,1413,1931
534,62,100.14,0.48627721190333534,28,94.94117647058823,107.75757575757575,97.87878787878788,1815,1624,1593,1637,1413,1932
535,67,100.3,0.48649651046859427,28,95.02941176470588,107.93939393939394,98.0909090909091,1818,1629,1597,1640,1413,1933
536,65,100.47,0.4867413158156663,28,95.11764705882354,108.12121212121212,98.33333333333333,1821,1634,1601,1644,1413,1934
537,66,100.64,0.48705484896661366,28,95.17647058823529,108.33333333333333,98.57575757575758,1823,1639,1605,1648,1413,1936
538,59,100.8,0.4874047619047619,28,95.23529411764706,108.51515151515152,98.81818181818181,1825,1644,1609,1652,1413,1937
539,62,100.95,0.4877473997028232,28,95.29411764705883,108.6969696969697,99.03030303030303,1827,1649,1613,1655,1413,1938
540,59,101.1,0.48811078140454994,28,95.3529411764706,108.87878787878788,99.24242424242425,1829,1654,1616,1659,1413,1939
541,56,101.25,0.4884750617283951,28,95.41176470588235,109.06060606060606,99.45454545454545,1831,1659,1619,1663,1413,1940
542,54,101.39,0.4888756287602327,28,95.47058823529412,109.24242424242425,99.63636363636364,1833,1664,1622,1666,1413,1941
543,59,101.52,0.48922773837667455,28,95.52941176470588,109.42424242424242,99.78787878787878,1835,1669,1624,1669,1413,1942
544,67,101.65,0.4895809149040826,28,95.58823529411765,109.60606060606061,99.93939393939394,1837,1674,1626,1672,1413,1943
545,65,101.79,0.48998035170448967,28,95.6470588235294,109.78787878787878,100.12121212121212,1839,1679,1629,1675,1413,1944
546,66,101.93,0.49038065338958103,28,95.70588235294117,109.96969696969697,100.3030303030303,1841,1684,1632,1678,1413,1945
547,55,102.07,0.4907798569609092,28,95.76470588235294,110.15151515151516,100.48484848484848,1843,1689,1635,1681,1413,1946
548,64,102.22,0.49117785169242806,28,95.82352941176471,110.36363636363636,100.66666666666667,1845,1694,1638,1684,1413,1948
549,61,102.37,0.4915746800820553,28,95.88235294117646,110.57575757575758,100.84848484848484,1847,1699,1641,1687,1413,1950
550,55,102.52,0.4919703472493172,28,95.94117647058823,110.78787878787878,101.03030303030303,1849,1704,1644,1690,1413,1952
551,62,102.66,0.49236703682057276,28,96.0,110.96969696969697,101.21212121212122,1851,1709,1647,1693,1413,1953
552,55,102.79,0.49274345753477966,28,96.05882352941177,111.12121212121212,101.39393939393939,1853,1713,1650,1696,1413,1954
553,57,102.92,0.493118927322192,28,96.11764705882354,111.27272727272727,101.57575757575758,1855,1717,1653,1699,1413,1955
554,68,103.05,0.49348956817079087,28,96.17647058823529,111.45454545454545,101.72727272727273,1857,1722,1656,1701,1413,1956
555,67,103.18,0.4938592750533049,28,96.23529411764706,111.63636363636364,101.87878787878788,1859,1727,1659,1703,1413,1957
556,60,103.31,0.4942299874165134,28,96.29411764705883,111.81818181818181,102.03030303030303,1861,1732,1662,1705,1413,1958
557,59,103.44,0.4945997679814385,28,96.3529411764706,112.0,102.18181818181819,1863,1737,1665,1707,1413,1959
558,60,103.58,0.4949160069511489,28,96.44117647058823,112.18181818181819,102.33333333333333,1865,1742,1668,1709,1414,1960
559,65,103.71,0.495283964902131,28,96.5,112.36363636363636,102.48484848484848,1867,1747,1671,1711,1414,1961
560,63,103.85,0.4956658642272508,28,96.55882352941177,112.57575757575758,102.63636363636364,1869,1752,1674,1713,1414,1963
561,67,103.99,0.4960467352630061,28,96.61764705882354,112.78787878787878,102.78787878787878,1871,1757,1677,1715,1414,1965
562,67,104.14,0.4963798732475514,28,96.70588235294117,113.0,102.93939393939394,1873,1762,1680,1717,1415,1967
563,61,104.29,0.4967158883881484,28,96.79411764705883,113.21212121212122,103.0909090909091,1875,1767,1683,1719,1416,1969
564,64,104.44,0.4970509383378016,28,96.88235294117646,113.42424242424242,103.24242424242425,1877,1772,1686,1721,1417,1971
565,55,104.59,0.49738885170666414,28,96.97058823529412,113.63636363636364,103.39393939393939,1879,1777,1689,1723,1418,1973
566,53,104.73,0.4977685476940705,28,97.02941176470588,113.84848484848484,103.54545454545455,1881,1782,1692,1725,1418,1975
567,57,104.87,0.49809955182607035,28,97.08823529411765,114.0909090909091,103.66666666666667,1883,1787,1694,1727,1418,1978
568,52,105.01,0.49845633749166746,28,97.1470588235294,114.3030303030303,103.81818181818181,1885,1791,1697,1729,1418,1981
569,56,105.15,0.49878934854969087,28,97.20588235294117,114.54545454545455,103.93939393939394,1887,1796,1699,1731,1418,1984
570,48,105.29,0.4991214740241239,28,97.26470588235294,114.78787878787878,104.06060606060606,1889,1801,1701,1733,1418,1987
571,41,105.42,0.4994327452096376,28,97.32352941176471,115.0,104.18181818181819,1891,1805,1703,1735,1418,1990
572,49,105.55,0.4997243012790147,28,97.3529411764706,115.24242424242425,104.3030303030303,1892,1810,1705,1737,1418,1993
573,48,105.68,0.5000094625283876,28,97.41176470588235,115.48484848484848,104.39393939393939,1894,1815,1706,1739,1418,1996
574,38,105.81,0.5002958132501654,28,97.47058823529412,115.72727272727273,104.48484848484848,1896,1820,1707,1741,1418,1999
575,37,105.94,0.5005814612044553,28,97.52941176470588,115.96969696969697,104.57575757575758,1898,1825,1708,1743,1418,2002
576,35,106.05,0.5008081093823669,28,97.55882352941177,116.18181818181819,104.66666666666667,1899,1829,1709,1745,1418,2005
577,29,106.17,0.5010728077611378,28,97.61764705882354,116.39393939393939,104.75757575757575,1901,1833,1710,1747,1418,2008
578,30,106.28,0.5012928114414753,28,97.67647058823529,116.60606060606061,104.81818181818181,1903,1837,1711,1748,1418,2011
579,24,106.37,0.5014599981197706,28,97.73529411764706,116.78787878787878,104.84848484848484,1905,1840,1712,1748,1418,2014
580,22,106.45,0.501590418036637,28,97.76470588235294,116.96969696969697,104.87878787878788,1906,1843,1713,1748,1418,2017
581,21,106.52,0.5017104769057454,28,97.82352941176471,117.0909090909091,104.9090909090909,1908,1845,1714,1748,1418,2019
582,17,106.59,0.5018322544328736,28,97.88235294117646,117.21212121212122,104.93939393939394,1910,1847,1715,1748,1418,2021
583,25,106.66,0.5019538721170074,28,97.94117647058823,117.33333333333333,104.96969696969697,1912,1849,1716,1748,1418,2023
584,28,106.75,0.5021292740046838,28,98.0,117.51515151515152,105.0,1914,1853,1717,1748,1418,2025
585,24,106.85,0.5023500233972858,28,98.05882352941177,117.6969696969697,105.06060606060606,1916,1857,1719,1748,1418,2027
586,17,106.95,0.5025703599812996,28,98.11764705882354,117.87878787878788,105.12121212121212,1918,1861,1721,1748,1418,2029
587,25,107.02,0.5026966922070641,28,98.1470588235294,118.0,105.18181818181819,1919,1863,1723,1748,1418,2031
588,23,107.1,0.5028534080298787,28,98.17647058823529,118.18181818181819,105.21212121212122,1920,1866,1724,1748,1418,2034
589,23,107.19,0.5030441272506764,28,98.20588235294117,118.39393939393939,105.24242424242425,1921,1870,1725,1748,1418,2037
590,25,107.29,0.5032575263305061,28,98.23529411764706,118.63636363636364,105.27272727272727,1922,1875,1726,1748,1418,2040
591,28,107.38,0.5034494319240082,28,98.29411764705883,118.78787878787878,105.33333333333333,1924,1879,1727,1749,1418,2041
592,33,107.48,0.5036583550427987,28,98.3529411764706,118.96969696969697,105.39393939393939,1926,1883,1728,1750,1418,2043
593,35,107.58,0.5038668897564603,28,98.41176470588235,119.15151515151516,105.45454545454545,1928,1887,1729,1751,1418,2045
594,33,107.69,0.5041015878911691,28,98.47058823529412,119.33333333333333,105.54545454545455,1930,1891,1730,1753,1418,2047
595,36,107.78,0.5042920764520319,28,98.52941176470588,119.48484848484848,105.60606060606061,1932,1895,1731,1754,1418,2048
596,36,107.87,0.5044822471493464,28,98.58823529411765,119.63636363636364,105.66666666666667,1934,1899,1732,1755,1418,2049
597,29,107.97,0.5046892655367232,28,98.6470588235294,119.81818181818181,105.72727272727273,1936,1903,1733,1756,1418,2051
598,26,108.06,0.5048565611697206,28,98.67647058823529,120.0,105.78787878787878,1937,1907,1734,1757,1418,2053
599,24,108.14,0.5049861290919179,28,98.67647058823529,120.18181818181819,105.84848484848484,1937,1911,1735,1758,1418,2055
600,19,108.22,0.5051192016263167,28,98.67647058823529,120.36363636363636,105.9090909090909,1937,1915,1736,1759,1418,2057
601,17,108.3,0.5052520775623269,28,98.67647058823529,120.54545454545455,105.96969696969697,1937,1919,1737,1760,1418,2059
602,17,108.36,0.5053377630121816,28,98.67647058823529,120.6969696969697,106.0,1937,1922,1738,1760,1418,2061
603,23,108.42,0.5054122855561705,28,98.67647058823529,120.84848484848484,106.03030303030303,1937,1925,1739,1760,1418,2063
604,25,108.49,0.5054779242326481,28,98.67647058823529,121.03030303030303,106.06060606060606,1937,1929,1740,1760,1418,2065
605,35,108.57,0.5055494151238832,28,98.70588235294117,121.18181818181819,106.12121212121212,1938,1933,1741,1761,1418,2066
606,38,108.66,0.5056543346217559,28,98.73529411764706,121.33333333333333,106.21212121212122,1939,1937,1742,1763,1418,2067
607,37,108.73,0.5057527821208498,28,98.76470588235294,121.45454545454545,106.27272727272727,1940,1940,1743,1764,1418,2068
608,35,108.78,0.5058098915241772,28,98.76470588235294,121.54545454545455,106.33333333333333,1940,1943,1744,1765,1418,2068
609,42,108.83,0.5058669484517136,28,98.76470588235294,121.63636363636364,106.39393939393939,1940,1946,1745,1766,1418,2068
610,40,108.88,0.5059257898603967,28,98.76470588235294,121.72727272727273,106.45454545454545,1940,1949,1746,1767,1418,2068
611,41,108.93,0.505984577251446,28,98.76470588235294,121.81818181818181,106.51515151515152,1940,1952,1747,1768,1418,2068
612,43,108.97,0.5060172524548041,28,98.76470588235294,121.9090909090909,106.54545454545455,1940,1955,1748,1768,1418,2068
613,42,109.01,0.5060499036785616,28,98.76470588235294,122.0,106.57575757575758,1940,1958,1749,1768,1418,2068
614,46,109.06,0.5060847240051348,28,98.76470588235294,122.12121212121212,106.60606060606061,1940,1961,1750,1768,1418,2069
615,40,109.12,0.5060062316715542,28,98.76470588235294,122.24242424242425,106.66666666666667,1940,1964,1751,1769,1418,2070
616,46,109.18,0.5059314892837515,28,98.76470588235294,122.36363636363636,106.72727272727273,1940,1967,1752,1770,1418,2071
617,46,109.24,0.5058568290003662,28,98.76470588235294,122.48484848484848,106.78787878787878,1940,1970,1753,1771,1418,2072
618,45,109.31,0.5058027627847407,28,98.76470588235294,122.63636363636364,106.84848484848484,1940,1974,1754,1772,1418,2073
619,49,109.39,0.5057802358533686,28,98.76470588235294,122.81818181818181,106.9090909090909,1940,1979,1755,1773,1418,2074
620,47,109.47,0.5057120672330319,28,98.76470588235294,123.0,106.96969696969697,1940,1984,1756,1774,1418,2075
621,59,109.56,0.505675428988682,28,98.79411764705883,123.18181818181819,107.03030303030303,1941,1989,1757,1775,1418,2076
622,58,109.66,0.5056884917016231,28,98.8529411764706,123.36363636363636,107.0909090909091,1943,1994,1758,1776,1418,2077
623,57,109.76,0.5057124635568513,28,98.91176470588235,123.54545454545455,107.15151515151516,1945,1999,1759,1777,1418,2078
624,68,109.86,0.5057473147642454,28,98.97058823529412,123.72727272727273,107.21212121212122,1947,2004,1760,1778,1418,2079
625,67,109.96,0.5057948344852674,28,99.02941176470588,123.9090909090909,107.27272727272727,1949,2009,1761,1779,1418,2080
626,66,110.06,0.5058477194257678,28,99.08823529411765,124.0909090909091,107.33333333333333,1951,2014,1762,1780,1418,2081
627,62,110.16,0.5059095860566449,28,99.1470588235294,124.27272727272727,107.39393939393939,1953,2019,1763,1781,1418,2082
628,66,110.27,0.5059626371633263,28,99.20588235294117,124.45454545454545,107.48484848484848,1955,2024,1764,1783,1418,2083
629,64,110.38,0.5060210183004168,28,99.26470588235294,124.63636363636364,107.57575757575758,1957,2029,1765,1785,1418,2084
630,62,110.49,0.5060829034301747,28,99.32352941176471,124.81818181818181,107.66666666666667,1959,2034,1766,1787,1418,2085
631,68,110.61,0.5060980019889703,28,99.41176470588235,125.0,107.75757575757575,1961,2039,1767,1789,1419,2086
632,65,110.73,0.5061184864083808,28,99.5,125.18181818181819,107.84848484848484,1963,2044,1768,1791,1420,2087
633,65,110.85,0.5061443391971132,28,99.58823529411765,125.36363636363636,107.93939393939394,1965,2049,1769,1793,1421,2088
634,68,110.97,0.506179147517347,28,99.67647058823529,125.54545454545455,108.03030303030303,1967,2054,1770,1795,1422,2089
635,62,111.09,0.5062174813214511,28,99.76470588235294,125.72727272727273,108.12121212121212,1969,2059,1771,1797,1423,2090
636,62,111.21,0.5062611275964392,28,99.8529411764706,125.9090909090909,108.21212121212122,1971,2064,1772,1799,1424,2091
637,59,111.33,0.5063136620856912,28,99.94117647058823,126.0909090909091,108.3030303030303,1973,2069,1773,1801,1425,2092
638,56,111.45,0.5063750560789592,28,100.02941176470588,126.27272727272727,108.39393939393939,1975,2074,1774,1803,1426,2093
639,57,111.56,0.5064521333811401,28,100.11764705882354,126.45454545454545,108.45454545454545,1977,2079,1775,1804,1427,2094
640,55,111.67,0.5065362227993194,28,100.20588235294117,126.63636363636364,108.51515151515152,1979,2084,1776,1805,1428,2095
641,48,111.77,0.5066484745459426,28,100.26470588235294,126.81818181818181,108.57575757575758,1981,2089,1777,1806,1428,2096
642,50,111.87,0.5067641011888799,28,100.32352941176471,127.0,108.63636363636364,1983,2094,1778,1807,1428,2097
643,47,111.96,0.5068828152911754,28,100.38235294117646,127.15151515151516,108.6969696969697,1985,2098,1779,1808,1428,2098
644,46,112.06,0.5070033910405141,28,100.44117647058823,127.33333333333333,108.75757575757575,1987,2103,1780,1809,1428,2099
645,51,112.16,0.5071273181169758,28,100.5,127.51515151515152,108.81818181818181,1989,2108,1781,1810,1428,2100
646,53,112.26,0.5072581507215392,28,100.55882352941177,127.6969696969697,108.87878787878788,1991,2113,1782,1811,1428,2101
647,47,112.35,0.5073796172674677,28,100.61764705882354,127.84848484848484,108.93939393939394,1993,2117,1783,1812,1428,2102
648,50,112.44,0.5075026680896478,28,100.67647058823529,128.0,109.0,1995,2121,1784,1813,1428,2103
649,47,112.53,0.507625522083,28,100.73529411764706,128.15151515151516,109.06060606060606,1997,2125,1785,1814,1428,2104
650,40,112.63,0.5077590340051497,28,100.79411764705883,128.33333333333334,109.12121212121212,1999,2130,1786,1815,1428,2105
651,39,112.73,0.507892309057039,28,100.8529411764706,128.5151515151515,109.18181818181819,2001,2135,1787,1816,1428,2106
652,35,112.83,0.5080271204466897,28,100.91176470588235,128.6969696969697,109.24242424242425,2003,2140,1788,1817,1428,2107
653,29,112.92,0.5081509032943677,28,100.97058823529412,128.84848484848484,109.3030303030303,2005,2144,1789,1818,1428,2108
654,31,112.99,0.5082617930790335,28,101.02941176470588,128.93939393939394,109.36363636363636,2007,2146,1790,1819,1428,2109
655,28,113.05,0.5083794781070323,28,101.08823529411765,129.0,109.42424242424242,2009,2148,1791,1820,1428,2109
656,25,113.11,0.5084970382813191,28,101.1470588235294,129.06060606060606,109.48484848484848,2011,2150,1792,1821,1428,2109
657,28,113.17,0.508596801272422,28,101.20588235294117,129.15151515151516,109.51515151515152,2013,2153,1792,1822,1428,2109
658,24,113.24,0.5086895090074178,28,101.26470588235294,129.27272727272728,109.54545454545455,2015,2156,1792,1823,1428,2110
659,18,113.3,0.5087908208296558,28,101.32352941176471,129.36363636363637,109.57575757575758,2017,2159,1792,1824,1428,2110
660,23,113.34,0.5089059467090171,28,101.38235294117646,129.42424242424244,109.57575757575758,2019,2161,1792,1824,1428,2110
661,22,113.38,0.5090209913565003,28,101.44117647058823,129.4848484848485,109.57575757575758,2021,2163,1792,1824,1428,2110
662,17,113.43,0.509150136648153,28,101.5,129.57575757575756,109.57575757575758,2023,2166,1792,1824,1428,2110
663,22,113.47,0.509265003965806,28,101.55882352941177,129.63636363636363,109.57575757575758,2025,2168,1792,1824,1428,2110
664,21,113.51,0.5093797903268434,28,101.61764705882354,129.6969696969697,109.57575757575758,2027,2170,1792,1824,1428,2110
665,17,113.55,0.5094944958168208,28,101.67647058823529,129.75757575757575,109.57575757575758,2029,2172,1792,1824,1428,2110
666,22,113.59,0.5096091205211727,28,101.73529411764706,129.8181818181818,109.57575757575758,2031,2174,1792,1824,1428,2110
667,21,113.63,0.5097236645252134,28,101.79411764705883,129.87878787878788,109.57575757575758,2033,2176,1792,1824,1428,2110
668,17,113.67,0.5098381279141374,28,101.8529411764706,129.93939393939394,109.57575757575758,2035,2178,1792,1824,1428,2110
669,22,113.71,0.5099525107730191,28,101.91176470588235,130.0,109.57575757575758,2037,2180,1792,1824,1428,2110
670,21,113.75,0.5100668131868131,28,101.97058823529412,130.06060606060606,109.57575757575758,2039,2182,1792,1824,1428,2110
671,17,113.79,0.5101810352403551,28,102.02941176470588,130.12121212121212,109.57575757575758,2041,2184,1792,1824,1428,2110
672,22,113.83,0.5102951770183607,28,102.08823529411765,130.1818181818182,109.57575757575758,2043,2186,1792,1824,1428,2110
673,21,113.87,0.5104092386054273,28,102.1470588235294,130.24242424242425,109.57575757575758,2045,2188,1792,1824,1428,2110
674,17,113.91,0.5105232200860328,28,102.20588235294117,130.3030303030303,109.57575757575758,2047,2190,1792,1824,1428,2110
675,22,113.95,0.5106388767003072,28,102.26470588235294,130.36363636363637,109.57575757575758,2049,2192,1792,1824,1428,2110
676,21,113.99,0.510754452144925,28,102.32352941176471,130.42424242424244,109.57575757575758,2051,2194,1792,1824,1428,2110
677,17,114.03,0.5108699465053056,28,102.38235294117646,130.4848484848485,109.57575757575758,2053,2196,1792,1824,1428,2110
678,28,114.07,0.5109871131761199,28,102.44117647058823,130.54545454545453,109.57575757575758,2055,2198,1792,1824,1428,2110
679,32,114.12,0.5111461619348054,28,102.5,130.63636363636363,109.57575757575758,2057,2201,1792,1824,1428,2110
680,33,114.17,0.5113050713847771,28,102.55882352941177,130.72727272727272,109.57575757575758,2059,2204,1792,1824,1428,2110
681,34,114.22,0.5114638417089826,28,102.61764705882354,130.8181818181818,109.57575757575758,2061,2207,1792,1824,1428,2110
682,41,114.27,0.5116224730900499,28,102.67647058823529,130.9090909090909,109.57575757575758,2063,2210,1792,1824,1428,2110
683,39,114.32,0.5117809657102869,28,102.73529411764706,131.0,109.57575757575758,2065,2213,1792,1824,1428,2110
684,37,114.37,0.5119393197516832,28,102.79411764705883,131.0909090909091,109.57575757575758,2067,2216,1792,1824,1428,2110
685,43,114.43,0.5121113344402691,28,102.8529411764706,131.21212121212122,109.57575757575758,2069,2220,1792,1824,1428,2110
686,51,114.5,0.5122829694323144,28,102.91176470588235,131.36363636363637,109.57575757575758,2071,2225,1792,1824,1428,2110
687,52,114.58,0.5124716355384884,28,102.97058823529412,131.5151515151515,109.60606060606061,2073,2230,1793,1824,1428,2110
688,47,114.66,0.5126600383743241,28,103.02941176470588,131.66666666666666,109.63636363636364,2075,2235,1794,1824,1428,2110
689,42,114.74,0.5128481784905002,28,103.08823529411765,131.8181818181818,109.66666666666667,2077,2240,1795,1824,1428,2110
690,55,114.82,0.5130377982929804,28,103.1470588235294,131.96969696969697,109.6969696969697,2079,2245,1796,1824,1428,2110
691,56,114.9,0.5132271540469974,28,103.20588235294117,132.12121212121212,109.72727272727273,2081,2250,1797,1824,1428,2110
692,51,114.98,0.5134075491389807,28,103.26470588235294,132.24242424242425,109.78787878787878,2083,2254,1798,1825,1428,2110
693,46,115.06,0.5135894316009039,28,103.32352941176471,132.36363636363637,109.84848484848484,2085,2258,1799,1826,1428,2110
694,42,115.13,0.5137800746981673,28,103.38235294117646,132.4848484848485,109.87878787878788,2087,2262,1800,1826,1428,2110
695,48,115.19,0.5139586769684868,28,103.44117647058823,132.57575757575756,109.9090909090909,2089,2265,1801,1826,1428,2110
696,55,115.24,0.5141200971884762,28,103.5,132.66666666666666,109.9090909090909,2091,2268,1801,1826,1428,2110
697,57,115.31,0.5142320700719799,28,103.55882352941177,132.78787878787878,109.93939393939394,2093,2272,1802,1826,1428,2110
698,59,115.41,0.514363573347197,28,103.61764705882354,132.93939393939394,110.03030303030303,2095,2277,1804,1827,1428,2110
699,61,115.51,0.5144983118344733,28,103.67647058823529,133.0909090909091,110.12121212121212,2097,2282,1806,1828,1428,2110
700,69,115.61,0.5146362771386559,28,103.73529411764706,133.24242424242425,110.21212121212122,2099,2287,1808,1829,1428,2110
701,79,115.72,0.5147684064984446,28,103.79411764705883,133.42424242424244,110.3030303030303,2101,2292,1810,1830,1428,2111
702,78,115.82,0.5149127957174927,28,103.8529411764706,133.57575757575756,110.39393939393939,2103,2297,1812,1831,1428,2111
703,74,115.92,0.5150690131124914,28,103.91176470588235,133.72727272727272,110.48484848484848,2105,2302,1814,1832,1428,2111
704,78,116.03,0.5151676290614496,28,103.97058823529412,133.87878787878788,110.60606060606061,2107,2307,1816,1834,1428,2111
705,77,116.16,0.515223829201102,28,104.05882352941177,134.06060606060606,110.72727272727273,2109,2312,1818,1836,1429,2112
706,82,116.29,0.5152902227190644,28,104.1470588235294,134.24242424242425,110.84848484848484,2111,2317,1820,1838,1430,2113
707,78,116.42,0.5153616217144821,28,104.23529411764706,134.42424242424244,110.96969696969697,2113,2322,1822,1840,1431,2114
708,83,116.55,0.5154380094380094,28,104.32352941176471,134.6060606060606,111.0909090909091,2115,2327,1824,1842,1432,2115
709,85,116.68,0.5155176551251286,28,104.41176470588235,134.78787878787878,111.21212121212122,2117,2332,1826,1844,1433,2116
710,77,116.82,0.5155435713062831,28,104.52941176470588,134.96969696969697,111.33333333333333,2119,2337,1828,1846,1435,2117
711,77,116.94,0.5155652471352831,28,104.6470588235294,135.12121212121212,111.42424242424242,2121,2342,1829,1848,1437,2117
712,68,117.06,0.5155902955749189,28,104.76470588235294,135.27272727272728,111.51515151515152,2123,2347,1830,1850,1439,2117
713,68,117.18,0.5156221198156682,28,104.88235294117646,135.42424242424244,111.60606060606061,2125,2352,1831,1852,1441,2117
714,77,117.3,0.5156555839727195,28,105.0,135.57575757575756,111.6969696969697,2127,2357,1832,1854,1443,2117
715,68,117.42,0.5157247487651166,28,105.11764705882354,135.72727272727272,111.78787878787878,2129,2362,1833,1856,1445,2117
716,60,117.53,0.5157925636007827,28,105.23529411764706,135.84848484848484,111.87878787878788,2131,2366,1834,1858,1447,2117
717,49,117.64,0.5158653519211153,28,105.3529411764706,135.96969696969697,111.96969696969697,2133,2370,1835,1860,1449,2117
718,46,117.73,0.515910133355984,28,105.47058823529412,136.06060606060606,112.03030303030303,2135,2373,1835,1862,1451,2117
719,50,117.81,0.5160096765979119,28,105.55882352941177,136.15151515151516,112.0909090909091,2137,2376,1835,1864,1452,2117
720,50,117.87,0.5161372698735895,28,105.61764705882354,136.24242424242425,112.12121212121212,2139,2379,1835,1865,1452,2117
721,47,117.93,0.5162681251589926,28,105.67647058823529,136.33333333333334,112.15151515151516,2141,2382,1835,1866,1452,2117
722,46,118.0,0.5164322033898305,28,105.73529411764706,136.45454545454547,112.18181818181819,2143,2385,1835,1867,1452,2118
723,51,118.07,0.5165960870669941,28,105.79411764705883,136.57575757575756,112.21212121212122,2145,2388,1835,1868,1452,2119
724,47,118.14,0.5167614694430337,28,105.8529411764706,136.6969696969697,112.24242424242425,2147,2391,1835,1869,1452,2120
725,40,118.21,0.5169283478555113,28,105.91176470588235,136.8181818181818,112.27272727272727,2149,2394,1835,1870,1452,2121
726,45,118.28,0.5170967196482922,28,105.97058823529412,136.93939393939394,112.3030303030303,2151,2397,1835,1871,1452,2122
727,44,118.35,0.5172665821715251,28,106.02941176470588,137.06060606060606,112.33333333333333,2153,2400,1835,1872,1452,2123
728,46,118.42,0.5174362438777234,28,106.08823529411765,137.1818181818182,112.36363636363636,2155,2403,1835,1873,1452,2124
729,51,118.49,0.5176057051227951,28,106.1470588235294,137.3030303030303,112.39393939393939,2157,2406,1835,1874,1452,2125
730,47,118.56,0.5177749662618083,28,106.20588235294117,137.42424242424244,112.42424242424242,2159,2409,1835,1875,1452,2126
731,46,118.63,0.5179440276489927,28,106.26470588235294,137.54545454545453,112.45454545454545,2161,2412,1835,1876,1452,2127
732,51,118.7,0.5181145745577085,28,106.32352941176471,137.66666666666666,112.48484848484848,2163,2415,1835,1877,1452,2128
733,50,118.77,0.5182866043613708,28,106.38235294117646,137.78787878787878,112.51515151515152,2165,2418,1835,1878,1452,2129
734,54,118.85,0.5184274295330248,28,106.44117647058823,137.9090909090909,112.57575757575758,2167,2421,1836,1879,1452,2130
735,59,118.95,0.5185481294661622,28,106.5,138.06060606060606,112.66666666666667,2169,2425,1838,1880,1452,2131
736,57,119.06,0.5186561397614649,28,106.55882352941177,138.21212121212122,112.78787878787878,2171,2429,1840,1882,1452,2132
737,58,119.17,0.5187706637576571,28,106.61764705882354,138.36363636363637,112.9090909090909,2173,2433,1842,1884,1452,2133
738,62,119.28,0.5188866532528504,28,106.67647058823529,138.5151515151515,113.03030303030303,2175,2437,1844,1886,1452,2134
739,59,119.4,0.5189564489112228,28,106.76470588235294,138.66666666666666,113.15151515151516,2177,2441,1846,1888,1453,2135
740,53,119.52,0.5190294511378849,28,106.8529411764706,138.8181818181818,113.27272727272727,2179,2445,1848,1890,1454,2136
741,50,119.64,0.5191056502841859,28,106.94117647058823,138.96969696969697,113.39393939393939,2181,2449,1850,1892,1455,2137
742,50,119.76,0.519186706746827,28,107.02941176470588,139.12121212121212,113.51515151515152,2183,2453,1852,1894,1456,2138
743,48,119.87,0.5193117544006006,28,107.08823529411765,139.27272727272728,113.63636363636364,2185,2457,1854,1896,1456,2139
744,46,119.98,0.5194365727621271,28,107.1470588235294,139.42424242424244,113.75757575757575,2187,2461,1856,1898,1456,2140
745,50,120.09,0.5195445082854525,28,107.20588235294117,139.57575757575756,113.87878787878788,2189,2465,1858,1900,1456,2141
746,47,120.21,0.5196847184094502,28,107.26470588235294,139.75757575757575,114.0,2191,2470,1860,1902,1456,2142
747,41,120.33,0.5198263109781434,28,107.32352941176471,139.93939393939394,114.12121212121212,2193,2475,1862,1904,1456,2143
748,42,120.44,0.5199535038193291,28,107.38235294117646,140.0909090909091,114.24242424242425,2195,2479,1864,1906,1456,2144
749,38,120.54,0.5200497760079642,28,107.44117647058823,140.21212121212122,114.36363636363636,2197,2482,1866,1908,1456,2145
750,40,120.64,0.5201458885941644,28,107.5,140.33333333333334,114.48484848484848,2199,2485,1868,1910,1456,2146
751,44,120.75,0.5202741200828157,28,107.55882352941177,140.4848484848485,114.60606060606061,2201,2489,1870,1912,1456,2147
752,38,120.87,0.5203962935385125,28,107.61764705882354,140.66666666666666,114.72727272727273,2203,2493,1872,1914,1456,2149
753,41,120.96,0.5205191798941798,28,107.67647058823529,140.8181818181818,114.78787878787878,2205,2497,1873,1915,1456,2150
754,44,121.05,0.5206418835192069,28,107.73529411764706,140.96969696969697,114.84848484848484,2207,2501,1874,1916,1456,2151
755,44,121.14,0.5208089813438996,28,107.79411764705883,141.15151515151516,114.87878787878788,2209,2505,1874,1917,1456,2153
756,38,121.23,0.5209758310649178,28,107.8529411764706,141.33333333333334,114.9090909090909,2211,2509,1874,1918,1456,2155
757,43,121.3,0.5211525144270405,28,107.91176470588235,141.45454545454547,114.93939393939394,2213,2512,1874,1919,1456,2156
758,44,121.38,0.5213165266106443,28,107.97058823529412,141.57575757575756,115.0,2215,2515,1874,1921,1456,2157
759,50,121.47,0.5214859636124146,28,108.02941176470588,141.72727272727272,115.06060606060606,2217,2519,1874,1923,1456,2158
760,56,121.56,0.5216551497203027,28,108.08823529411765,141.87878787878788,115.12121212121212,2219,2523,1874,1925,1456,2159
761,46,121.66,0.5217968107841525,28,108.17647058823529,142.03030303030303,115.18181818181819,2221,2527,1874,1927,1457,2160
762,43,121.75,0.5219359342915811,28,108.26470588235294,142.15151515151516,115.24242424242425,2223,2530,1874,1929,1458,2161
763,46,121.84,0.5220764937623112,28,108.3529411764706,142.27272727272728,115.3030303030303,2225,2533,1874,1931,1459,2162
764,38,121.92,0.5222457349081364,28,108.41176470588235,142.3939393939394,115.36363636363636,2227,2536,1874,1933,1459,2163
765,39,122.0,0.5224147540983606,28,108.47058823529412,142.5151515151515,115.42424242424242,2229,2539,1874,1935,1459,2164
766,49,122.08,0.5225851900393185,28,108.52941176470588,142.63636363636363,115.48484848484848,2231,2542,1874,1937,1459,2165
767,43,122.17,0.5227690922485062,28,108.58823529411765,142.78787878787878,115.54545454545455,2233,2546,1874,1939,1459,2166
768,42,122.27,0.5229598429704752,28,108.6470588235294,142.96969696969697,115.60606060606061,2235,2551,1874,1941,1459,2167
769,46,122.38,0.5230413466252656,28,108.70588235294117,143.1818181818182,115.66666666666667,2237,2557,1874,1943,1459,2168
770,42,122.48,0.5231009144350098,28,108.73529411764706,143.3939393939394,115.72727272727273,2238,2563,1874,1945,1459,2169
771,40,122.59,0.5231854147972917,28,108.79411764705883,143.6060606060606,115.78787878787878,2240,2569,1874,1947,1459,2170
772,47,122.7,0.5232746536267319,28,108.8529411764706,143.8181818181818,115.84848484848484,2242,2575,1874,1949,1459,2171
773,45,122.81,0.523365361126944,28,108.91176470588235,144.03030303030303,115.9090909090909,2244,2581,1874,1951,1459,2172
774,47,122.91,0.5234309657472948,28,108.94117647058823,144.24242424242425,115.96969696969697,2245,2587,1874,1953,1459,2173
775,50,123.03,0.5235544176217183,28,109.0,144.45454545454547,116.06060606060606,2247,2593,1875,1955,1459,2174
776,47,123.15,0.5236792529435648,28,109.05882352941177,144.66666666666666,116.15151515151516,2249,2599,1876,1957,1459,2175
777,50,123.27,0.5238087125821368,28,109.11764705882354,144.87878787878788,116.24242424242425,2251,2605,1877,1959,1459,2176
778,52,123.4,0.523902755267423,28,109.20588235294117,145.0909090909091,116.33333333333333,2253,2611,1878,1961,1460,2177
779,48,123.53,0.5240144094551931,28,109.29411764705883,145.3030303030303,116.42424242424242,2255,2617,1879,1963,1461,2178
780,48,123.65,0.524102709260008,28,109.38235294117646,145.5151515151515,116.48484848484848,2257,2623,1879,1965,1462,2179
781,48,123.77,0.5241973014462309,28,109.47058823529412,145.72727272727272,116.54545454545455,2259,2629,1879,1967,1463,2180
782,57,123.89,0.5242997820647348,28,109.55882352941177,145.93939393939394,116.60606060606061,2261,2635,1879,1969,1464,2181
783,68,124.02,0.5244379938719561,28,109.6470588235294,146.15151515151516,116.6969696969697,2263,2641,1880,1971,1465,2182
784,76,124.15,0.5246194120016109,28,109.73529411764706,146.36363636363637,116.78787878787878,2265,2647,1882,1972,1466,2183
785,81,124.28,0.5248020598648214,28,109.82352941176471,146.57575757575756,116.87878787878788,2267,2653,1884,1973,1467,2184
786,83,124.41,0.5249859336066233,28,109.91176470588235,146.78787878787878,116.96969696969697,2269,2659,1886,1974,1468,2185
787,88,124.54,0.5251678175686526,28,110.0,147.0,117.06060606060606,2272,2665,1888,1975,1468,2186
788,94,124.66,0.5253778276913204,28,110.05882352941177,147.21212121212122,117.15151515151516,2274,2671,1890,1976,1468,2187
789,99,124.79,0.5255621444025964,28,110.1470588235294,147.42424242424244,117.24242424242425,2277,2677,1892,1977,1468,2188
790,94,124.93,0.5257256063395501,28,110.26470588235294,147.63636363636363,117.33333333333333,2280,2683,1894,1978,1469,2189
791,103,125.08,0.5258842340901823,28,110.38235294117646,147.84848484848484,117.45454545454545,2283,2689,1896,1980,1470,2190
792,96,125.24,0.526038007026509,28,110.5,148.06060606060606,117.60606060606061,2286,2695,1898,1983,1471,2191
793,95,125.4,0.5261929824561403,28,110.61764705882354,148.27272727272728,117.75757575757575,2289,2701,1900,1986,1472,2192
794,107,125.55,0.5263536439665473,28,110.73529411764706,148.4848484848485,117.87878787878788,2292,2707,1902,1988,1473,2193
795,101,125.7,0.5265186953062848,28,110.8529411764706,148.6969696969697,118.0,2295,2713,1904,1990,1474,2194
796,98,125.85,0.5266897099721891,28,110.97058823529412,148.9090909090909,118.12121212121212,2298,2719,1906,1992,1475,2195
797,97,126.01,0.5268589794460756,28,111.08823529411765,149.12121212121212,118.27272727272727,2301,2725,1908,1995,1476,2196
798,92,126.18,0.5269614835948645,28,111.20588235294117,149.36363636363637,118.42424242424242,2304,2731,1910,1998,1477,2198
799,94,126.34,0.5270745607091974,28,111.32352941176471,149.6060606060606,118.54545454545455,2307,2737,1912,2000,1478,2200
800,93,126.5,0.5271968379446641,28,111.44117647058823,149.84848484848484,118.66666666666667,2310,2743,1914,2002,1479,2202
801,80,126.66,0.5272982788567819,28,111.55882352941177,150.0909090909091,118.78787878787878,2313,2748,1916,2004,1480,2205
802,82,126.82,0.5274057719602586,28,111.67647058823529,150.33333333333334,118.9090909090909,2316,2753,1918,2006,1481,2208
803,78,126.98,0.527516144274689,28,111.79411764705883,150.57575757575756,119.03030303030303,2319,2758,1920,2008,1482,2211
804,80,127.14,0.5276278118609407,28,111.91176470588235,150.8181818181818,119.15151515151516,2322,2763,1922,2010,1483,2214
805,76,127.3,0.5277423409269442,28,112.02941176470588,151.06060606060606,119.27272727272727,2325,2768,1924,2012,1484,2217
806,77,127.47,0.5278520436181062,28,112.1470588235294,151.3030303030303,119.42424242424242,2328,2773,1926,2015,1485,2220
807,78,127.64,0.5279630209965528,28,112.26470588235294,151.54545454545453,119.57575757575758,2331,2778,1928,2018,1486,2223
808,70,127.81,0.5280768327986856,28,112.38235294117646,151.78787878787878,119.72727272727273,2334,2783,1930,2021,1487,2226
809,71,127.98,0.5282215971245506,28,112.5,152.06060606060606,119.84848484848484,2337,2789,1932,2023,1488,2229
810,67,128.14,0.5283518027157796,28,112.61764705882354,152.3030303030303,119.96969696969697,2340,2794,1934,2025,1489,2232
811,73,128.29,0.5284192064853067,28,112.67647058823529,152.54545454545453,120.12121212121212,2341,2799,1936,2028,1490,2235
812,69,128.45,0.5285145971195018,28,112.76470588235294,152.78787878787878,120.27272727272727,2343,2804,1938,2031,1491,2238
813,77,128.61,0.5286144156752974,28,112.8529411764706,153.03030303030303,120.42424242424242,2345,2809,1940,2034,1492,2241
814,81,128.78,0.528735828544805,28,112.94117647058823,153.3030303030303,120.57575757575758,2347,2815,1942,2037,1493,2244
815,67,128.95,0.5288615742535867,28,113.02941176470588,153.57575757575756,120.72727272727273,2349,2821,1944,2040,1494,2247
816,67,129.1,0.5289372579395817,28,113.08823529411765,153.84848484848484,120.84848484848484,2350,2827,1945,2043,1495,2250
817,70,129.25,0.529017408123791,28,113.1470588235294,154.12121212121212,120.96969696969697,2351,2833,1946,2046,1496,2253
818,70,129.4,0.5291004636785162,28,113.20588235294117,154.3939393939394,121.0909090909091,2352,2839,1947,2049,1497,2256
819,69,129.56,0.5292050015436863,28,113.29411764705883,154.63636363636363,121.24242424242425,2354,2844,1949,2052,1498,2259
820,69,129.71,0.529316937784288,28,113.38235294117646,154.87878787878788,121.36363636363636,2356,2849,1951,2054,1499,2262
821,62,129.87,0.5294656194656195,28,113.47058823529412,155.15151515151516,121.48484848484848,2358,2855,1953,2056,1500,2265
822,63,130.01,0.5295600338435505,28,113.52941176470588,155.42424242424244,121.57575757575758,2359,2861,1954,2058,1501,2268
823,69,130.16,0.5296819299323909,28,113.61764705882354,155.6969696969697,121.66666666666667,2361,2867,1955,2060,1502,2271
824,67,130.3,0.5297712970069071,28,113.70588235294117,155.93939393939394,121.75757575757575,2363,2872,1956,2062,1503,2274
825,68,130.44,0.5298650720637841,28,113.79411764705883,156.1818181818182,121.84848484848484,2365,2877,1957,2064,1504,2277
826,68,130.59,0.5299954054674937,28,113.88235294117646,156.45454545454547,121.93939393939394,2367,2883,1958,2066,1505,2280
827,64,130.72,0.530110159118727,28,113.91176470588235,156.72727272727272,122.03030303030303,2368,2889,1959,2068,1505,2283
828,66,130.85,0.5302262132212457,28,113.94117647058823,157.0,122.12121212121212,2369,2895,1960,2070,1505,2286
829,62,130.98,0.5303053901358986,28,113.97058823529412,157.24242424242425,122.24242424242425,2370,2900,1961,2073,1505,2289
830,65,131.13,0.5303950278349729,28,114.02941176470588,157.4848484848485,122.39393939393939,2372,2905,1963,2076,1505,2292
831,65,131.28,0.5304859841560025,28,114.08823529411765,157.72727272727272,122.54545454545455,2374,2910,1965,2079,1505,2295
832,62,131.43,0.5306284714296584,28,114.1470588235294,157.96969696969697,122.6969696969697,2376,2915,1967,2082,1505,2298
833,67,131.56,0.530717543326239,28,114.17647058823529,158.1818181818182,122.84848484848484,2377,2919,1969,2085,1505,2301
834,70,131.68,0.5308110571081409,28,114.20588235294117,158.3939393939394,122.96969696969697,2378,2924,1971,2087,1505,2303
835,66,131.81,0.5309710947576056,28,114.23529411764706,158.63636363636363,123.0909090909091,2379,2929,1973,2089,1505,2306
836,62,131.94,0.5311323328785812,28,114.26470588235294,158.87878787878788,123.21212121212122,2380,2934,1975,2091,1505,2309
837,61,132.07,0.5312947679260998,28,114.29411764705883,159.12121212121212,123.33333333333333,2381,2939,1977,2093,1505,2312
838,61,132.19,0.5314388380361601,28,114.29411764705883,159.36363636363637,123.45454545454545,2381,2944,1979,2095,1505,2315
839,56,132.3,0.5315495086923658,28,114.29411764705883,159.57575757575756,123.57575757575758,2381,2948,1981,2097,1505,2318
840,54,132.41,0.5316599954686202,28,114.29411764705883,159.78787878787878,123.6969696969697,2381,2952,1983,2099,1505,2321
841,55,132.52,0.5317235134319348,28,114.29411764705883,160.0,123.81818181818181,2381,2956,1985,2101,1505,2324
842,60,132.65,0.5318092725216735,28,114.32352941176471,160.21212121212122,123.96969696969697,2382,2960,1988,2103,1505,2327
843,64,132.79,0.5319248437382333,28,114.3529411764706,160.45454545454547,124.12121212121212,2383,2965,1991,2105,1505,2330
844,65,132.93,0.5320416760701121,28,114.38235294117646,160.6969696969697,124.27272727272727,2384,2970,1994,2107,1505,2333
845,72,133.07,0.5321582625685729,28,114.41176470588235,160.93939393939394,124.42424242424242,2385,2975,1997,2109,1505,2336
846,67,133.21,0.5322746040087081,28,114.44117647058823,161.1818181818182,124.57575757575758,2386,2980,2000,2111,1505,2339
847,70,133.33,0.5323640591014775,28,114.47058823529412,161.3939393939394,124.6969696969697,2387,2985,2003,2112,1505,2341
848,79,133.45,0.5324983139752717,28,114.47058823529412,161.63636363636363,124.81818181818181,2387,2991,2006,2113,1505,2343
849,89,133.59,0.5326454075903885,28,114.52941176470588,161.87878787878788,124.93939393939394,2389,2997,2009,2114,1505,2345
850,89,133.74,0.5328203977867504,28,114.58823529411765,162.15151515151516,125.06060606060606,2391,3003,2012,2115,1505,2348
851,100,133.9,0.5329977595220313,28,114.6470588235294,162.42424242424244,125.21212121212122,2393,3009,2015,2117,1505,2351
852,102,134.06,0.5331761897657765,28,114.70588235294117,162.6969696969697,125.36363636363636,2395,3015,2018,2119,1505,2354
853,95,134.22,0.5333571747876621,28,114.76470588235294,162.96969696969697,125.51515151515152,2397,3021,2021,2121,1505,2357
854,97,134.38,0.5335377288286948,28,114.82352941176471,163.24242424242425,125.66666666666667,2399,3027,2024,2123,1505,2360
855,108,134.54,0.5337178534264903,28,114.88235294117646,163.5151515151515,125.81818181818181,2401,3033,2027,2125,1505,2363
856,116,134.7,0.5338871566443949,28,114.94117647058823,163.8181818181818,125.93939393939394,2403,3040,2030,2126,1505,2366
857,126,134.87,0.5340602061244161,28,115.0,164.12121212121212,126.0909090909091,2405,3047,2033,2128,1505,2369
858,132,135.05,0.5341629026286561,28,115.05882352941177,164.42424242424244,126.27272727272727,2407,3054,2037,2130,1505,2372
859,132,135.23,0.5342712415884049,28,115.11764705882354,164.72727272727272,126.45454545454545,2409,3061,2041,2132,1505,2375
860,132,135.41,0.5343866774979691,28,115.17647058823529,165.03030303030303,126.63636363636364,2411,3068,2045,2134,1505,2378
861,130,135.58,0.5345611447116094,28,115.23529411764706,165.33333333333334,126.78787878787878,2413,3075,2048,2136,1505,2381
862,134,135.75,0.5347351749539595,28,115.29411764705883,165.63636363636363,126.93939393939394,2415,3082,2051,2138,1505,2384
863,141,135.92,0.5349117127722189,28,115.3529411764706,165.93939393939394,127.0909090909091,2417,3089,2054,2140,1505,2387
864,139,136.09,0.5350892791535014,28,115.41176470588235,166.24242424242425,127.24242424242425,2419,3096,2057,2142,1505,2390
865,136,136.27,0.5352454685550745,28,115.5,166.54545454545453,127.39393939393939,2421,3103,2060,2144,1506,2393
866,145,136.45,0.5354027116159765,28,115.58823529411765,166.84848484848484,127.54545454545455,2423,3110,2063,2146,1507,2396
867,139,136.63,0.535559540364488,28,115.67647058823529,167.15151515151516,127.6969696969697,2425,3117,2066,2148,1508,2399
868,124,136.81,0.5357159564359331,28,115.76470588235294,167.45454545454547,127.84848484848484,2427,3124,2069,2150,1509,2402
869,123,137.0,0.5357693430656935,28,115.8529411764706,167.78787878787878,128.0,2429,3131,2072,2152,1510,2406
870,125,137.19,0.5358225818208324,28,115.94117647058823,168.12121212121212,128.15151515151516,2431,3138,2075,2154,1511,2410
871,126,137.39,0.5358010044399155,28,116.02941176470588,168.4848484848485,128.3030303030303,2433,3145,2078,2156,1512,2415
872,123,137.6,0.535796511627907,28,116.11764705882354,168.84848484848484,128.4848484848485,2435,3152,2082,2158,1513,2420
873,129,137.81,0.5357978376024962,28,116.20588235294117,169.21212121212122,128.66666666666666,2437,3159,2086,2160,1514,2425
874,126,138.02,0.5358064048688597,28,116.29411764705883,169.57575757575756,128.84848484848484,2439,3166,2090,2162,1515,2430
875,117,138.23,0.5358192866960862,28,116.38235294117646,169.93939393939394,129.03030303030303,2441,3173,2094,2164,1516,2435
876,120,138.44,0.5358335741115284,28,116.47058823529412,170.3030303030303,129.21212121212122,2443,3180,2098,2166,1517,2440
877,124,138.64,0.5358554529717253,28,116.52941176470588,170.66666666666666,129.3939393939394,2444,3187,2102,2168,1518,2445
878,116,138.84,0.5358815903197925,28,116.58823529411765,171.03030303030303,129.57575757575756,2445,3194,2106,2170,1519,2450
879,113,139.05,0.5358727076591154,28,116.6470588235294,171.42424242424244,129.75757575757575,2446,3201,2110,2172,1520,2456
880,110,139.26,0.535865287950596,28,116.70588235294117,171.8181818181818,129.93939393939394,2447,3208,2114,2174,1521,2462
881,108,139.46,0.535858310626703,28,116.76470588235294,172.21212121212122,130.0909090909091,2448,3215,2118,2175,1522,2468
882,105,139.67,0.5358595260256318,28,116.82352941176471,172.6060606060606,130.27272727272728,2449,3222,2122,2177,1523,2474
883,113,139.86,0.5358701558701559,28,116.88235294117646,172.93939393939394,130.45454545454547,2450,3228,2126,2179,1524,2479
884,113,140.04,0.5358854612967723,28,116.94117647058823,173.24242424242425,130.63636363636363,2451,3233,2130,2181,1525,2484
885,109,140.23,0.5358589460172574,28,117.0,173.57575757575756,130.8181818181818,2452,3239,2134,2183,1526,2489
886,122,140.43,0.5358263903724275,28,117.08823529411765,173.9090909090909,131.0,2454,3245,2138,2185,1527,2494
887,120,140.63,0.535873568939771,28,117.17647058823529,174.24242424242425,131.1818181818182,2456,3252,2142,2187,1528,2498
888,127,140.83,0.5359206135056451,28,117.26470588235294,174.57575757575756,131.36363636363637,2458,3259,2146,2189,1529,2502
889,125,141.03,0.5359731971920868,28,117.3529411764706,174.9090909090909,131.54545454545453,2460,3266,2150,2191,1530,2506
890,134,141.24,0.5360025488530161,28,117.47058823529412,175.24242424242425,131.72727272727272,2462,3273,2154,2193,1532,2510
891,128,141.45,0.5360360551431601,28,117.58823529411765,175.57575757575756,131.9090909090909,2464,3280,2158,2195,1534,2514
892,145,141.67,0.5360944448365921,28,117.70588235294117,175.93939393939394,132.0909090909091,2466,3287,2162,2197,1536,2519
893,141,141.89,0.5361568820917612,28,117.82352941176471,176.3030303030303,132.27272727272728,2468,3294,2166,2199,1538,2524
894,137,142.11,0.5362219407501232,28,117.94117647058823,176.66666666666666,132.45454545454547,2470,3301,2170,2201,1540,2529
895,136,142.33,0.5362910138410736,28,118.05882352941177,177.03030303030303,132.63636363636363,2472,3308,2174,2203,1542,2534
896,144,142.55,0.5363626797614872,28,118.17647058823529,177.3939393939394,132.8181818181818,2474,3315,2178,2205,1544,2539
897,143,142.77,0.5364355256706591,28,118.29411764705883,177.75757575757575,133.0,2476,3322,2182,2207,1546,2544
898,133,142.99,0.5365123435205259,28,118.41176470588235,178.12121212121212,133.1818181818182,2478,3329,2186,2209,1548,2549
899,147,143.21,0.5365945115564555,28,118.52941176470588,178.4848484848485,133.36363636363637,2480,3336,2190,2211,1550,2554
900,134,143.43,0.5366861883845778,28,118.6470588235294,178.84848484848484,133.54545454545453,2482,3343,2194,2213,1552,2559
901,130,143.65,0.5367817612252002,28,118.76470588235294,179.21212121212122,133.72727272727272,2484,3350,2198,2215,1554,2564
902,132,143.87,0.536883992493223,28,118.88235294117646,179.57575757575756,133.9090909090909,2486,3357,2202,2217,1556,2569
903,128,144.09,0.5369956277326671,28,119.0,179.93939393939394,134.0909090909091,2488,3364,2206,2219,1558,2574
904,127,144.31,0.5371096944078719,28,119.11764705882354,180.3030303030303,134.27272727272728,2490,3371,2210,2221,1560,2579
905,123,144.53,0.5372261814156231,28,119.23529411764706,180.66666666666666,134.45454545454547,2492,3378,2214,2223,1562,2584
906,121,144.76,0.5373307543520309,28,119.3529411764706,181.03030303030303,134.66666666666666,2494,3385,2218,2226,1564,2589
907,104,144.99,0.5374349955169322,28,119.47058823529412,181.3939393939394,134.87878787878788,2496,3392,2222,2229,1566,2594
908,109,145.21,0.5375284071344949,28,119.58823529411765,181.75757575757575,135.06060606060606,2498,3399,2225,2232,1568,2599
909,107,145.44,0.5376347634763476,28,119.70588235294117,182.12121212121212,135.27272727272728,2500,3406,2229,2235,1570,2604
910,107,145.65,0.5377596979059389,28,119.82352941176471,182.4848484848485,135.42424242424244,2502,3413,2232,2237,1572,2609
911,105,145.85,0.5378656153582447,28,119.94117647058823,182.78787878787878,135.6060606060606,2504,3419,2236,2239,1574,2613
912,100,146.05,0.5379726121191373,28,120.05882352941177,183.0909090909091,135.78787878787878,2506,3425,2240,2241,1576,2617
913,98,146.25,0.5380820512820513,28,120.17647058823529,183.3939393939394,135.96969696969697,2508,3431,2244,2243,1578,2621
914,95,146.43,0.5381745543945913,28,120.29411764705883,183.6969696969697,136.0909090909091,2510,3437,2247,2244,1580,2625
915,96,146.63,0.5382697947214077,28,120.41176470588235,184.0,136.27272727272728,2512,3443,2251,2246,1582,2629
916,90,146.84,0.5383587578316535,28,120.52941176470588,184.3030303030303,136.4848484848485,2514,3449,2255,2249,1584,2633
917,87,147.05,0.5384284257055423,28,120.6470588235294,184.63636363636363,136.66666666666666,2516,3455,2258,2252,1586,2638
918,73,147.25,0.5385066213921902,28,120.76470588235294,184.96969696969697,136.8181818181818,2518,3461,2260,2255,1588,2643
919,71,147.45,0.5385927433028145,28,120.88235294117646,185.3030303030303,136.96969696969697,2520,3467,2262,2258,1590,2648
920,74,147.6,0.5386151761517616,28,121.0,185.54545454545453,137.06060606060606,2522,3471,2262,2261,1592,2652
921,66,147.74,0.5386340869094355,28,121.11764705882354,185.78787878787878,137.12121212121212,2524,3475,2262,2263,1594,2656
922,63,147.89,0.5386618432618838,28,121.23529411764706,186.06060606060606,137.1818181818182,2526,3480,2262,2265,1596,2660
923,70,148.06,0.538738349317844,28,121.3529411764706,186.36363636363637,137.27272727272728,2528,3486,2263,2267,1598,2664
924,62,148.23,0.5388038858530662,28,121.47058823529412,186.63636363636363,137.3939393939394,2530,3492,2265,2269,1600,2667
925,51,148.4,0.5388760107816711,28,121.58823529411765,186.9090909090909,137.5151515151515,2532,3498,2267,2271,1602,2670
926,57,148.55,0.5389033995287782,28,121.70588235294117,187.15151515151516,137.6060606060606,2534,3503,2268,2273,1604,2673
927,54,148.67,0.5389298446223179,28,121.79411764705883,187.36363636363637,137.66666666666666,2536,3508,2268,2275,1605,2675
928,50,148.8,0.53897311827957,28,121.88235294117646,187.6060606060606,137.72727272727272,2538,3514,2268,2277,1606,2677
929,53,148.92,0.5390222938490464,28,121.94117647058823,187.84848484848484,137.78787878787878,2539,3520,2268,2279,1607,2679
930,47,149.04,0.5390713902308105,28,122.0,188.0909090909091,137.84848484848484,2540,3526,2268,2281,1608,2681
931,35,149.16,0.5391217484580316,28,122.05882352941177,188.33333333333334,137.9090909090909,2541,3532,2268,2283,1609,2683
932,40,149.26,0.5391812943856358,28,122.11764705882354,188.5151515151515,137.96969696969697,2542,3537,2268,2285,1610,2684
933,37,149.35,0.539256109809173,28,122.17647058823529,188.66666666666666,138.03030303030303,2543,3542,2268,2287,1611,2684
934,37,149.44,0.5393080835117773,28,122.23529411764706,188.8181818181818,138.0909090909091,2544,3546,2268,2289,1612,2685
935,44,149.55,0.539362754931461,28,122.32352941176471,189.0,138.15151515151516,2546,3551,2268,2291,1613,2686
936,39,149.66,0.5394026459975945,28,122.41176470588235,189.1818181818182,138.21212121212122,2548,3556,2268,2293,1614,2687
937,36,149.78,0.5393777540392576,28,122.55882352941177,189.33333333333334,138.27272727272728,2551,3561,2268,2295,1616,2687
938,46,149.89,0.5393014877576889,28,122.67647058823529,189.45454545454547,138.36363636363637,2553,3565,2269,2297,1618,2687
939,42,149.99,0.5392259483965598,28,122.79411764705883,189.57575757575756,138.42424242424244,2555,3569,2270,2298,1620,2687
940,40,150.1,0.539184543637575,28,122.88235294117646,189.75757575757575,138.4848484848485,2557,3575,2271,2299,1621,2687
941,48,150.23,0.5391339945417027,28,123.0,189.96969696969697,138.54545454545453,2560,3581,2272,2300,1622,2688
942,40,150.37,0.5390855888807607,28,123.08823529411765,190.24242424242425,138.6060606060606,2562,3588,2273,2301,1623,2690
943,32,150.51,0.538998737625407,28,123.17647058823529,190.5151515151515,138.66666666666666,2565,3595,2274,2302,1623,2692
944,41,150.63,0.5389158866095731,28,123.29411764705883,190.72727272727272,138.6969696969697,2568,3601,2275,2302,1624,2693
945,42,150.74,0.5388005837866525,28,123.41176470588235,190.9090909090909,138.72727272727272,2571,3605,2276,2302,1625,2695
946,49,150.85,0.5386801458402387,28,123.52941176470588,191.06060606060606,138.78787878787878,2574,3608,2277,2303,1626,2697
947,51,150.98,0.5385945158299112,28,123.6470588235294,191.24242424242425,138.87878787878788,2577,3611,2279,2304,1627,2700
948,51,151.1,0.5385360688285903,28,123.76470588235294,191.3939393939394,138.96969696969697,2580,3614,2281,2305,1628,2702
949,48,151.22,0.5385689723581537,28,123.88235294117646,191.54545454545453,139.06060606060606,2582,3617,2282,2307,1630,2704
950,55,151.33,0.5386142866582965,28,123.97058823529412,191.6969696969697,139.15151515151516,2584,3620,2283,2309,1631,2706
951,50,151.44,0.5386608557844691,28,124.05882352941177,191.84848484848484,139.24242424242425,2586,3623,2284,2311,1632,2708
952,42,151.55,0.5387099967007588,28,124.1470588235294,192.0,139.33333333333334,2588,3626,2285,2313,1633,2710
953,44,151.65,0.538811078140455,28,124.23529411764706,192.12121212121212,139.42424242424244,2590,3629,2286,2315,1634,2711
954,44,151.74,0.5389178858573876,28,124.32352941176471,192.24242424242425,139.4848484848485,2592,3632,2287,2316,1635,2712
955,38,151.83,0.5390245669498781,28,124.41176470588235,192.36363636363637,139.54545454545453,2594,3635,2288,2317,1636,2713
956,41,151.92,0.53913112164297,28,124.5,192.4848484848485,139.6060606060606,2596,3638,2289,2318,1637,2714
957,42,152.0,0.5392315789473684,28,124.58823529411765,192.6060606060606,139.63636363636363,2598,3641,2290,2318,1638,2715
958,37,152.08,0.5393319305628617,28,124.67647058823529,192.72727272727272,139.66666666666666,2600,3644,2291,2318,1639,2716
959,47,152.16,0.5394321766561514,28,124.76470588235294,192.84848484848484,139.6969696969697,2602,3647,2292,2318,1640,2717
960,52,152.26,0.5395599632208065,28,124.8529411764706,193.0,139.75757575757575,2604,3651,2294,2318,1641,2718
961,50,152.37,0.5396830084662335,28,124.94117647058823,193.15151515151516,139.84848484848484,2606,3655,2297,2318,1642,2719
962,60,152.48,0.5398058761804827,28,125.02941176470588,193.3030303030303,139.93939393939394,2608,3659,2300,2318,1643,2720
963,63,152.6,0.5399370904325033,28,125.11764705882354,193.4848484848485,140.03030303030303,2610,3664,2303,2318,1644,2721
964,69,152.72,0.54006809848088,28,125.20588235294117,193.66666666666666,140.12121212121212,2612,3669,2306,2318,1645,2722
965,71,152.85,0.5401877657834478,28,125.29411764705883,193.87878787878788,140.21212121212122,2614,3674,2309,2318,1646,2724
966,79,152.98,0.5403072297032292,28,125.38235294117646,194.0909090909091,140.3030303030303,2616,3679,2312,2318,1647,2726
967,74,153.12,0.5404258098223615,28,125.47058823529412,194.33333333333334,140.3939393939394,2618,3685,2315,2318,1648,2728
968,81,153.26,0.5405454782722172,28,125.55882352941177,194.57575757575756,140.4848484848485,2620,3691,2318,2318,1649,2730
969,81,153.41,0.5406733589726875,28,125.6470588235294,194.8181818181818,140.6060606060606,2622,3697,2321,2319,1650,2732
970,75,153.56,0.5408009898411045,28,125.73529411764706,195.06060606060606,140.72727272727272,2624,3703,2324,2320,1651,2734
971,81,153.71,0.5409283716088739,28,125.82352941176471,195.3030303030303,140.84848484848484,2626,3709,2327,2321,1652,2736
972,84,153.86,0.5410568048875601,28,125.91176470588235,195.54545454545453,140.96969696969697,2628,3715,2330,2322,1653,2738
973,77,154.02,0.5412063368393715,28,126.0,195.8181818181818,141.0909090909091,2630,3722,2333,2323,1654,2740
974,86,154.17,0.5413368359603036,28,126.05882352941177,196.0909090909091,141.21212121212122,2631,3729,2336,2324,1655,2742
975,87,154.34,0.5414785538421666,28,126.17647058823529,196.36363636363637,141.33333333333334,2633,3736,2339,2325,1657,2744
976,83,154.5,0.541631067961165,28,126.26470588235294,196.63636363636363,141.45454545454547,2635,3743,2342,2326,1658,2746
977,82,154.66,0.5417832665201086,28,126.3529411764706,196.9090909090909,141.57575757575756,2637,3750,2345,2327,1659,2748
978,79,154.81,0.5419152509527808,28,126.41176470588235,197.1818181818182,141.6969696969697,2638,3757,2348,2328,1660,2750
979,82,154.96,0.5420482705214249,28,126.47058823529412,197.45454545454547,141.8181818181818,2639,3764,2351,2329,1661,2752
980,83,155.13,0.5421317604589698,28,126.55882352941177,197.72727272727272,141.96969696969697,2641,3771,2354,2331,1662,2754
981,93,155.3,0.5422176432710882,28,126.6470588235294,198.0,142.12121212121212,2643,3778,2357,2333,1663,2756
982,103,155.5,0.5422932475884245,28,126.76470588235294,198.33333333333334,142.27272727272728,2646,3785,2360,2335,1664,2760
983,99,155.69,0.5423643137003019,28,126.88235294117646,198.66666666666666,142.3939393939394,2649,3792,2363,2336,1665,2764
984,102,155.87,0.5424334381215116,28,126.97058823529412,199.0,142.5151515151515,2651,3799,2366,2337,1666,2768
985,91,156.07,0.5425033638751843,28,127.11764705882354,199.33333333333334,142.63636363636363,2654,3806,2369,2338,1668,2772
986,101,156.27,0.5425756703141998,28,127.26470588235294,199.66666666666666,142.75757575757575,2657,3813,2372,2339,1670,2776
987,101,156.48,0.542657208588957,28,127.41176470588235,200.0,142.9090909090909,2660,3820,2375,2341,1672,2780
988,96,156.68,0.54274061781976,28,127.52941176470588,200.33333333333334,143.06060606060606,2662,3827,2378,2343,1674,2784
989,105,156.89,0.5428268213397922,28,127.67647058823529,200.66666666666666,143.21212121212122,2665,3834,2381,2345,1676,2788
990,103,157.09,0.5429123432427271,28,127.82352941176471,200.96969696969697,143.36363636363637,2668,3840,2384,2347,1678,2792
991,90,157.28,0.5430073753814852,28,127.97058823529412,201.24242424242425,143.5151515151515,2671,3846,2387,2349,1680,2795
992,93,157.46,0.5431042804521783,28,128.08823529411765,201.5151515151515,143.66666666666666,2673,3852,2390,2351,1682,2798
993,89,157.65,0.5432064700285442,28,128.23529411764707,201.78787878787878,143.8181818181818,2676,3858,2393,2353,1684,2801
994,81,157.85,0.5433101045296167,28,128.38235294117646,202.0909090909091,143.96969696969697,2679,3865,2396,2355,1686,2804
995,87,158.06,0.5433240541566494,28,128.52941176470588,202.3939393939394,144.15151515151516,2682,3872,2399,2358,1688,2807
996,79,158.26,0.543340073297106,28,128.64705882352942,202.6969696969697,144.33333333333334,2684,3879,2402,2361,1690,2810
997,75,158.45,0.5433430104133796,28,128.7941176470588,202.93939393939394,144.5151515151515,2687,3884,2405,2364,1692,2813
998,71,158.64,0.5433421583459405,28,128.94117647058823,203.1818181818182,144.6969696969697,2690,3889,2408,2367,1694,2816
999,65,158.82,0.5433383704823069,28,129.08823529411765,203.45454545454547,144.8181818181818,2693,3895,2409,2370,1696,2819
1000,68,158.97,0.5434478203434611,28,129.2058823529412,203.6969696969697,144.9090909090909,2695,3901,2410,2372,1698,2821
