,TotalSugar,AvgSugarLevel,SugarGini,NumCooperators,RiskAverseAvgSugar,NeutralAvgSugar,RiskSeekingAvgSugar,RiskAverseCoopSugar,NeutralCoopSugar,RiskSeekingCoopSugar,RiskSeekingNonCoopSugar,RiskAverseNonCoopSugar,NeutralNonCoopSugar
0,4622,0.0,0.0,28,0.0,0.0,0.0,0,0,0,0,0,0
1,4539,0.83,0.17,28,0.9117647058823529,0.7878787878787878,0.7878787878787878,10,8,7,19,21,18
2,4455,1.67,0.16497005988023958,28,1.8235294117647058,1.606060606060606,1.5757575757575757,20,17,14,38,42,36
3,4370,2.52,0.15992063492063494,28,2.735294117647059,2.4242424242424243,2.393939393939394,30,26,21,58,63,54
4,4285,3.37,0.1574183976261128,28,3.6470588235294117,3.242424242424242,3.212121212121212,40,35,28,78,84,72
5,4201,4.21,0.1578384798099762,28,4.5588235294117645,4.03030303030303,4.03030303030303,50,44,35,98,105,89
6,4117,5.05,0.1581584158415842,28,5.470588235294118,4.818181818181818,4.848484848484849,60,53,42,118,126,106
7,4032,5.9,0.15694915254237288,28,6.411764705882353,5.606060606060606,5.666666666666667,70,62,49,138,148,123
8,3947,6.75,0.1560444444444444,28,7.352941176470588,6.393939393939394,6.484848484848484,80,71,56,158,170,140
9,3863,7.59,0.15637681159420297,28,8.294117647058824,7.181818181818182,7.2727272727272725,90,80,63,177,192,157
10,3780,8.42,0.15757719714964366,28,9.235294117647058,7.96969696969697,8.030303030303031,100,89,70,195,214,174
11,3696,9.26,0.157732181425486,28,10.176470588235293,8.757575757575758,8.818181818181818,110,98,77,214,236,191
12,3613,10.09,0.15870168483647176,28,11.117647058823529,9.545454545454545,9.575757575757576,120,107,84,232,258,208
13,3531,10.91,0.16021081576535295,28,12.029411764705882,10.333333333333334,10.333333333333334,130,116,91,250,279,225
14,3448,11.74,0.1608347529812606,28,12.941176470588236,11.121212121212121,11.121212121212121,140,125,98,269,300,242
15,3367,12.58,0.16073131955484896,28,13.852941176470589,11.909090909090908,11.93939393939394,150,134,105,289,321,259
16,3289,13.42,0.16064083457526082,28,14.764705882352942,12.696969696969697,12.757575757575758,160,143,112,309,342,276
17,3208,14.26,0.16057503506311363,28,15.676470588235293,13.484848484848484,13.575757575757576,170,152,119,329,363,293
18,3130,15.1,0.1604370860927152,28,16.558823529411764,14.303030303030303,14.393939393939394,179,161,126,349,384,311
19,3049,15.94,0.16033877038895866,28,17.441176470588236,15.121212121212121,15.212121212121213,188,170,133,369,405,329
20,2967,16.79,0.159803454437165,28,18.352941176470587,15.93939393939394,16.03030303030303,198,179,140,389,426,347
21,2882,17.64,0.15931972789115648,28,19.264705882352942,16.757575757575758,16.848484848484848,208,188,147,409,447,365
22,2798,18.48,0.15926406926406927,28,20.147058823529413,17.575757575757574,17.666666666666668,218,197,154,429,467,383
23,2714,19.32,0.15912008281573506,28,21.029411764705884,18.363636363636363,18.515151515151516,228,205,162,449,487,401
24,2632,20.17,0.15866633614278627,28,21.91176470588235,19.181818181818183,19.363636363636363,238,214,170,469,507,419
25,2553,21.02,0.15824928639391062,28,22.794117647058822,20.0,20.21212121212121,248,223,178,489,527,437
26,2470,21.88,0.1575228519195612,28,23.705882352941178,20.818181818181817,21.060606060606062,258,232,186,509,548,455
27,2390,22.74,0.15685136323658752,28,24.61764705882353,21.636363636363637,21.90909090909091,268,241,194,529,569,473
28,2311,23.59,0.15656210258584138,28,25.5,22.454545454545453,22.757575757575758,278,250,202,549,589,491
29,2238,24.44,0.15630114566284775,28,26.38235294117647,23.272727272727273,23.606060606060606,288,259,210,569,609,509
30,2168,25.26,0.15695961995249405,28,27.235294117647058,24.060606060606062,24.424242424242426,297,268,218,588,629,526
31,2088,26.09,0.1571981602146417,28,28.11764705882353,24.87878787878788,25.21212121212121,306,277,225,607,650,544
32,2018,26.91,0.15776662950575995,28,29.0,25.666666666666668,26.0,315,286,232,626,671,561
33,1942,27.73,0.15835196538045437,28,29.852941176470587,26.454545454545453,26.818181818181817,324,295,239,646,691,578
34,1869,28.55,0.15891768826619967,28,30.705882352941178,27.242424242424242,27.636363636363637,333,304,246,666,711,595
35,1798,29.38,0.1591899251191286,28,31.58823529411765,28.03030303030303,28.454545454545453,343,313,253,686,731,612
36,1722,30.2,0.15966225165562917,28,32.44117647058823,28.818181818181817,29.272727272727273,353,322,260,706,750,629
37,1651,31.0,0.16060000000000002,28,33.26470588235294,29.575757575757574,30.09090909090909,362,330,267,726,769,646
38,1587,31.82,0.1609616593337523,28,34.14705882352941,30.333333333333332,30.90909090909091,372,338,274,746,789,663
39,1513,32.65,0.16105053598774888,28,35.05882352941177,31.09090909090909,31.727272727272727,382,346,281,766,810,680
40,1444,33.49,0.1609465512093162,28,35.94117647058823,31.90909090909091,32.54545454545455,392,355,288,786,830,698
41,1374,34.31,0.16129699795977842,28,36.8235294117647,32.666666666666664,33.36363636363637,402,363,295,806,850,715
42,1301,35.13,0.1616026188442926,28,37.73529411764706,33.39393939393939,34.18181818181818,412,371,302,826,871,731
43,1230,35.93,0.16226829947119398,28,38.61764705882353,34.121212121212125,34.96969696969697,422,378,308,846,891,748
44,1170,36.71,0.1631462816671207,28,39.470588235294116,34.84848484848485,35.72727272727273,432,387,314,865,910,763
45,1120,37.45,0.16463284379172236,28,40.26470588235294,35.57575757575758,36.42424242424242,442,395,320,882,927,779
46,1071,38.18,0.16627553693033006,28,41.029411764705884,36.303030303030305,37.121212121212125,452,403,326,899,943,795
47,1025,38.88,0.16798353909465022,28,41.794117647058826,37.0,37.75757575757576,462,412,332,914,959,809
48,976,39.58,0.1694239514906518,28,42.61764705882353,37.72727272727273,38.303030303030305,472,420,338,926,977,825
49,919,40.27,0.1710280605910107,28,43.411764705882355,38.484848484848484,38.81818181818182,482,428,344,937,994,842
50,874,40.9,0.17285574572127146,28,44.11764705882353,39.18181818181818,39.303030303030305,491,436,349,948,1009,857
51,826,41.5,0.17505542168674693,28,44.85294117647059,39.75757575757576,39.78787878787879,500,441,355,958,1025,871
52,776,42.09,0.1777738180090283,28,45.5,40.39393939393939,40.27272727272727,509,448,361,968,1038,885
53,732,42.68,0.18,28,46.1764705882353,40.96969696969697,40.78787878787879,516,453,368,978,1054,899
54,684,43.28,0.18191774491682067,28,46.8235294117647,41.63636363636363,41.27272727272727,523,461,376,986,1069,913
55,630,43.88,0.18371467639015493,28,47.470588235294116,42.303030303030305,41.75757575757576,529,469,383,995,1085,927
56,588,44.42,0.18587573165240884,28,48.088235294117645,42.878787878787875,42.18181818181818,536,476,390,1002,1099,939
57,545,44.94,0.1880462839341344,28,48.64705882352941,43.42424242424242,42.63636363636363,542,484,397,1010,1112,949
58,509,45.42,0.1905239982386614,28,49.14705882352941,43.93939393939394,43.06060606060606,547,491,404,1017,1124,959
59,477,45.89,0.19293745914142518,28,49.61764705882353,44.484848484848484,43.45454545454545,552,498,410,1024,1135,970
60,451,46.36,0.1953753235547886,28,50.14705882352941,45.0,43.81818181818182,558,505,416,1030,1147,980
61,418,46.78,0.19767849508336893,28,50.61764705882353,45.484848484848484,44.121212121212125,564,511,422,1034,1157,990
62,397,47.17,0.19993852024591902,28,51.0,45.93939393939394,44.45454545454545,569,518,429,1038,1165,998
63,373,47.56,0.20270395290159798,28,51.38235294117647,46.42424242424242,44.75757575757576,574,525,435,1042,1173,1007
64,342,47.96,0.20540033361134277,28,51.73529411764706,46.93939393939394,45.09090909090909,579,532,442,1046,1180,1017
65,319,48.34,0.2075548200248241,28,52.1764705882353,47.36363636363637,45.36363636363637,584,539,447,1050,1190,1024
66,295,48.7,0.2099096509240246,28,52.588235294117645,47.75757575757576,45.63636363636363,589,546,452,1054,1199,1030
67,264,49.04,0.21203099510603593,28,52.94117647058823,48.121212121212125,45.93939393939394,594,553,458,1058,1206,1035
68,251,49.32,0.2141240875912409,28,53.205882352941174,48.42424242424242,46.21212121212121,599,560,463,1062,1210,1038
69,244,49.6,0.21616129032258058,28,53.411764705882355,48.75757575757576,46.515151515151516,604,567,468,1067,1212,1042
70,232,49.9,0.2184208416833667,28,53.6764705882353,49.121212121212125,46.78787878787879,609,574,472,1072,1216,1047
71,231,50.21,0.22036048595897229,28,54.0,49.42424242424242,47.09090909090909,614,580,476,1078,1222,1051
72,229,50.47,0.22221715870814351,28,54.26470588235294,49.72727272727273,47.303030303030305,619,586,479,1082,1226,1055
73,218,50.76,0.22430654058313634,28,54.529411764705884,50.06060606060606,47.57575757575758,623,592,483,1087,1231,1060
74,203,51.06,0.22631805718762238,28,54.794117647058826,50.39393939393939,47.878787878787875,627,598,487,1093,1236,1065
75,193,51.34,0.22800934943513823,28,55.029411764705884,50.72727272727273,48.15151515151515,632,605,490,1099,1239,1069
76,180,51.62,0.22984889577683063,28,55.23529411764706,51.06060606060606,48.45454545454545,636,611,493,1106,1242,1074
77,178,51.85,0.23170106075216979,28,55.411764705882355,51.303030303030305,48.72727272727273,640,617,497,1111,1244,1076
78,170,52.08,0.23329877112135178,28,55.588235294117645,51.54545454545455,49.0,644,623,500,1117,1246,1078
79,171,52.28,0.234575363427697,28,55.76470588235294,51.78787878787879,49.18181818181818,648,629,502,1121,1248,1080
80,166,52.48,0.23616234756097554,28,55.970588235294116,52.03030303030303,49.333333333333336,652,635,504,1124,1251,1082
81,162,52.7,0.2374990512333966,28,56.14705882352941,52.27272727272727,49.57575757575758,656,641,506,1130,1253,1084
82,158,52.89,0.23870107770845153,28,56.3235294117647,52.45454545454545,49.78787878787879,660,646,508,1135,1255,1085
83,160,53.08,0.2399736247174077,28,56.5,52.63636363636363,50.0,664,651,510,1140,1257,1086
84,152,53.31,0.24147251922716195,28,56.6764705882353,52.90909090909091,50.24242424242424,668,657,512,1146,1259,1089
85,149,53.52,0.2427428998505232,28,56.85294117647059,53.15151515151515,50.45454545454545,672,664,514,1151,1261,1090
86,140,53.73,0.24415596501023643,28,57.029411764705884,53.39393939393939,50.666666666666664,676,670,516,1156,1263,1092
87,150,53.93,0.24558687187094377,28,57.205882352941174,53.63636363636363,50.84848484848485,680,676,518,1160,1265,1094
88,149,54.15,0.24714866112650044,28,57.38235294117647,53.878787878787875,51.09090909090909,684,682,520,1166,1267,1096
89,146,54.36,0.2485724797645328,28,57.588235294117645,54.09090909090909,51.303030303030305,688,687,522,1171,1270,1098
90,146,54.57,0.2500073300348177,28,57.76470588235294,54.27272727272727,51.57575757575758,692,692,525,1177,1272,1099
91,137,54.78,0.251416575392479,28,57.970588235294116,54.45454545454545,51.81818181818182,696,697,527,1183,1275,1100
92,134,54.99,0.25281505728314246,28,58.205882352941174,54.63636363636363,52.03030303030303,701,702,529,1188,1278,1101
93,135,55.22,0.2542339731981166,28,58.411764705882355,54.84848484848485,52.303030303030305,705,707,532,1194,1281,1103
94,124,55.45,0.2557348963029756,28,58.61764705882353,55.09090909090909,52.54545454545455,709,713,534,1200,1284,1105
95,110,55.68,0.2571875,28,58.8235294117647,55.333333333333336,52.78787878787879,713,719,535,1207,1287,1107
96,109,55.9,0.258772808586762,28,59.029411764705884,55.54545454545455,53.03030303030303,717,725,537,1213,1290,1108
97,111,56.09,0.26018719914423244,28,59.23529411764706,55.72727272727273,53.21212121212121,721,730,538,1218,1293,1109
98,108,56.27,0.2615763284165629,28,59.44117647058823,55.878787878787875,53.39393939393939,725,734,540,1222,1296,1110
99,103,56.47,0.2631255533911812,28,59.64705882352941,56.03030303030303,53.63636363636363,729,738,542,1228,1299,1111
100,88,56.68,0.26450952717007764,28,59.85294117647059,56.21212121212121,53.878787878787875,733,742,543,1235,1302,1113
101,76,56.89,0.2659571102126911,28,60.05882352941177,56.39393939393939,54.121212121212125,737,745,545,1241,1305,1116
102,71,57.03,0.266973522707347,28,60.205882352941174,56.57575757575758,54.21212121212121,740,748,545,1244,1307,1119
103,66,57.17,0.26799545216022397,28,60.35294117647059,56.75757575757576,54.303030303030305,743,751,545,1247,1309,1122
104,65,57.3,0.26894589877835956,28,60.470588235294116,56.90909090909091,54.42424242424242,746,754,545,1251,1310,1124
105,59,57.42,0.2698258446534308,28,60.588235294117645,57.03030303030303,54.54545454545455,749,756,545,1255,1311,1126
106,57,57.53,0.2707474361202851,28,60.73529411764706,57.121212121212125,54.63636363636363,752,758,545,1258,1313,1127
107,56,57.63,0.2716762103071316,28,60.88235294117647,57.21212121212121,54.696969696969695,755,760,545,1260,1315,1128
108,53,57.75,0.27281212121212123,28,61.029411764705884,57.333333333333336,54.78787878787879,758,763,546,1262,1317,1129
109,56,57.87,0.2739398652151374,28,61.1764705882353,57.42424242424242,54.90909090909091,761,765,547,1265,1319,1130
110,52,58.0,0.2751655172413793,28,61.3235294117647,57.54545454545455,55.03030303030303,764,768,548,1268,1321,1131
111,52,58.12,0.27626634549208534,28,61.44117647058823,57.696969696969695,55.121212121212125,767,772,548,1271,1322,1132
112,52,58.24,0.2773282967032966,28,61.55882352941177,57.878787878787875,55.18181818181818,770,777,548,1273,1323,1133
113,52,58.36,0.2783755997258396,28,61.6764705882353,58.06060606060606,55.24242424242424,773,782,548,1275,1324,1134
114,50,58.47,0.27925602873268346,28,61.794117647058826,58.21212121212121,55.303030303030305,776,786,548,1277,1325,1135
115,53,58.59,0.2800358422939068,28,61.911764705882355,58.39393939393939,55.36363636363637,779,790,548,1279,1326,1137
116,56,58.74,0.28089887640449435,28,62.029411764705884,58.60606060606061,55.484848484848484,782,795,548,1283,1327,1139
117,50,58.89,0.2819205298013244,28,62.14705882352941,58.81818181818182,55.60606060606061,785,800,549,1286,1328,1141
118,59,59.01,0.2829537366548043,28,62.26470588235294,58.96969696969697,55.696969696969695,788,804,550,1288,1329,1142
119,61,59.14,0.2838282042610754,28,62.38235294117647,59.15151515151515,55.78787878787879,791,808,551,1290,1330,1144
120,73,59.26,0.2848295646304422,28,62.5,59.303030303030305,55.878787878787875,794,812,552,1292,1331,1145
121,81,59.39,0.2859151372284896,28,62.61764705882353,59.484848484848484,55.96969696969697,797,817,553,1294,1332,1146
122,93,59.54,0.2871380584481021,28,62.73529411764706,59.666666666666664,56.121212121212125,800,822,555,1297,1333,1147
123,98,59.7,0.2884723618090452,28,62.85294117647059,59.878787878787875,56.27272727272727,803,828,557,1300,1334,1148
124,94,59.86,0.2898162378884062,28,62.970588235294116,60.09090909090909,56.42424242424242,806,834,559,1303,1335,1149
125,87,60.02,0.2911596134621793,28,63.088235294117645,60.303030303030305,56.57575757575758,809,840,561,1306,1336,1150
126,98,60.18,0.29250581588567626,28,63.205882352941174,60.515151515151516,56.72727272727273,812,846,563,1309,1337,1151
127,97,60.34,0.29385482267152796,28,63.3235294117647,60.72727272727273,56.878787878787875,815,852,565,1312,1338,1152
128,100,60.52,0.29518836748182425,28,63.470588235294116,60.93939393939394,57.06060606060606,818,858,567,1316,1340,1153
129,100,60.7,0.2965238879736408,28,63.61764705882353,61.15151515151515,57.24242424242424,821,864,569,1320,1342,1154
130,88,60.88,0.2978646517739816,28,63.76470588235294,61.36363636363637,57.42424242424242,824,870,571,1324,1344,1155
131,95,61.05,0.2991531531531531,28,63.911764705882355,61.57575757575758,57.57575757575758,827,876,573,1327,1346,1156
132,92,61.23,0.30050138820839467,28,64.05882352941177,61.78787878787879,57.75757575757576,830,882,575,1331,1348,1157
133,96,61.4,0.3017882736156352,28,64.20588235294117,62.0,57.90909090909091,833,888,577,1334,1350,1158
134,100,61.57,0.3030810459639434,28,64.3529411764706,62.21212121212121,58.06060606060606,836,894,579,1337,1352,1159
135,94,61.72,0.30419961114711597,28,64.5,62.39393939393939,58.18181818181818,839,899,581,1339,1354,1160
136,100,61.87,0.3053256828834654,28,64.6470588235294,62.57575757575758,58.303030303030305,842,904,583,1341,1356,1161
137,98,62.04,0.30656673114119926,28,64.79411764705883,62.75757575757576,58.484848484848484,845,909,585,1345,1358,1162
138,87,62.21,0.30781064137598463,28,64.94117647058823,62.93939393939394,58.666666666666664,848,914,587,1349,1360,1163
139,84,62.39,0.3089902227921141,28,65.08823529411765,63.15151515151515,58.84848484848485,851,919,589,1353,1362,1165
140,84,62.57,0.31017260668051777,28,65.23529411764706,63.36363636363637,59.03030303030303,854,924,591,1357,1364,1167
141,76,62.74,0.31131016895122726,28,65.38235294117646,63.57575757575758,59.18181818181818,857,929,593,1360,1366,1169
142,68,62.91,0.31246383722778576,28,65.52941176470588,63.78787878787879,59.333333333333336,860,934,595,1363,1368,1171
143,69,63.08,0.3136271401395054,28,65.67647058823529,64.0,59.484848484848484,863,939,597,1366,1370,1173
144,52,63.25,0.3148,28,65.82352941176471,64.21212121212122,59.63636363636363,866,944,599,1369,1372,1175
145,59,63.42,0.31576474298328605,28,65.97058823529412,64.42424242424242,59.78787878787879,869,949,601,1372,1374,1177
146,64,63.55,0.31664988198269084,28,66.0,64.66666666666667,59.90909090909091,869,955,603,1374,1375,1179
147,65,63.69,0.3176464123096247,28,66.05882352941177,64.9090909090909,60.03030303030303,870,961,605,1376,1376,1181
148,67,63.85,0.31867971808927165,28,66.1470588235294,65.15151515151516,60.18181818181818,872,967,607,1379,1377,1183
149,74,64.02,0.3198188066229304,28,66.26470588235294,65.39393939393939,60.333333333333336,875,973,609,1382,1378,1185
150,85,64.18,0.32087566220006236,28,66.3529411764706,65.63636363636364,60.484848484848484,877,979,611,1385,1379,1187
151,74,64.35,0.322027972027972,28,66.47058823529412,65.87878787878788,60.63636363636363,880,985,613,1388,1380,1189
152,75,64.52,0.3229727216367019,28,66.58823529411765,66.12121212121212,60.78787878787879,882,991,615,1391,1382,1191
153,84,64.67,0.3239446420287614,28,66.67647058823529,66.36363636363636,60.90909090909091,884,997,616,1394,1383,1193
154,86,64.83,0.3249591238624093,28,66.76470588235294,66.60606060606061,61.06060606060606,886,1003,618,1397,1384,1195
155,91,65.02,0.3259274069517072,28,66.88235294117646,66.87878787878788,61.24242424242424,889,1009,621,1400,1385,1198
156,98,65.22,0.3268567923949709,28,67.02941176470588,67.15151515151516,61.42424242424242,893,1015,624,1403,1386,1201
157,91,65.41,0.3277801559394588,28,67.17647058823529,67.39393939393939,61.60606060606061,897,1021,627,1406,1387,1203
158,98,65.61,0.3286404511507392,28,67.3529411764706,67.63636363636364,61.78787878787879,901,1027,630,1409,1389,1205
159,92,65.82,0.3295776359769067,28,67.52941176470588,67.87878787878788,62.0,905,1033,633,1413,1391,1207
160,80,66.03,0.3305270331667424,28,67.73529411764706,68.12121212121212,62.18181818181818,909,1039,636,1416,1394,1209
161,73,66.25,0.3314369811320755,28,67.94117647058823,68.39393939393939,62.36363636363637,913,1045,639,1419,1397,1212
162,69,66.47,0.33235895892884004,28,68.1470588235294,68.66666666666667,62.54545454545455,917,1051,642,1422,1400,1215
163,64,66.7,0.333343328335832,28,68.3529411764706,68.93939393939394,62.75757575757576,921,1057,645,1426,1403,1218
164,64,66.91,0.33435510387087136,28,68.52941176470588,69.21212121212122,62.93939393939394,925,1063,647,1430,1405,1221
165,67,67.12,0.33506555423122764,28,68.67647058823529,69.45454545454545,63.18181818181818,928,1069,651,1434,1407,1223
166,70,67.33,0.3357299866330017,28,68.88235294117646,69.66666666666667,63.39393939393939,932,1074,655,1437,1410,1225
167,71,67.53,0.33635865541240934,28,69.08823529411765,69.84848484848484,63.60606060606061,936,1077,659,1440,1413,1228
168,69,67.73,0.33702495201535515,28,69.29411764705883,70.03030303030303,63.81818181818182,940,1080,663,1443,1416,1231
169,74,67.92,0.3376060070671377,28,69.5,70.21212121212122,64.0,944,1083,667,1445,1419,1234
170,73,68.11,0.3382777859345177,28,69.73529411764706,70.36363636363636,64.18181818181819,949,1086,671,1447,1422,1236
171,78,68.3,0.33894582723279654,28,69.97058823529412,70.51515151515152,64.36363636363636,954,1089,674,1450,1425,1238
172,83,68.49,0.33949919696306025,28,70.20588235294117,70.6969696969697,64.51515151515152,959,1092,676,1453,1428,1241
173,75,68.69,0.340030572135682,28,70.44117647058823,70.87878787878788,64.6969696969697,964,1095,678,1457,1431,1244
174,76,68.89,0.3405849905646683,28,70.67647058823529,71.06060606060606,64.87878787878788,969,1098,680,1461,1434,1247
175,73,69.07,0.3412494570725352,28,70.88235294117646,71.27272727272727,65.0,974,1101,682,1463,1436,1251
176,72,69.23,0.34178968655207287,28,71.08823529411765,71.45454545454545,65.0909090909091,979,1104,683,1465,1438,1254
177,71,69.39,0.3422870730652832,28,71.26470588235294,71.63636363636364,65.21212121212122,983,1107,685,1467,1440,1257
178,74,69.57,0.3429567342245221,28,71.44117647058823,71.81818181818181,65.39393939393939,988,1110,688,1470,1441,1260
179,71,69.75,0.34361433691756277,28,71.6470588235294,71.96969696969697,65.57575757575758,993,1112,691,1473,1443,1263
180,77,69.93,0.3442885742885743,28,71.8529411764706,72.12121212121212,65.75757575757575,998,1114,694,1476,1445,1266
181,73,70.09,0.3448694535597089,28,72.05882352941177,72.27272727272727,65.87878787878788,1003,1116,696,1478,1447,1269
182,65,70.26,0.3455308852832337,28,72.26470588235294,72.45454545454545,66.0,1008,1119,698,1480,1449,1272
183,64,70.42,0.3461431411530815,28,72.47058823529412,72.60606060606061,66.12121212121212,1013,1121,700,1482,1451,1275
184,55,70.57,0.34669831373104715,28,72.6470588235294,72.75757575757575,66.24242424242425,1018,1123,702,1484,1452,1278
185,59,70.71,0.34722528638099276,28,72.82352941176471,72.87878787878788,66.36363636363636,1023,1125,704,1486,1453,1280
186,58,70.84,0.34767080745341616,28,72.94117647058823,73.0,66.51515151515152,1027,1127,707,1488,1453,1282
187,71,70.98,0.3481713158636235,28,73.08823529411765,73.12121212121212,66.66666666666667,1031,1129,710,1490,1454,1284
188,81,71.15,0.34888404778636684,28,73.26470588235294,73.3030303030303,66.81818181818181,1036,1133,713,1492,1455,1286
189,80,71.34,0.34971965236893754,28,73.47058823529412,73.51515151515152,66.96969696969697,1041,1138,716,1494,1457,1288
190,77,71.52,0.3506431767337807,28,73.6470588235294,73.72727272727273,67.12121212121212,1046,1143,718,1497,1458,1290
191,75,71.69,0.35136699679174227,28,73.79411764705883,73.93939393939394,67.27272727272727,1050,1147,720,1500,1459,1293
192,86,71.85,0.35208211551844115,28,73.94117647058823,74.15151515151516,67.39393939393939,1055,1151,721,1503,1459,1296
193,88,72.04,0.35277068295391445,28,74.11764705882354,74.36363636363636,67.57575757575758,1060,1155,724,1506,1460,1299
194,87,72.23,0.35343624532742624,28,74.32352941176471,74.54545454545455,67.75757575757575,1065,1159,727,1509,1462,1301
195,81,72.41,0.3540712608755696,28,74.5,74.6969696969697,67.96969696969697,1070,1163,730,1513,1463,1302
196,74,72.57,0.3547374948325755,28,74.67647058823529,74.84848484848484,68.12121212121212,1075,1167,732,1516,1464,1303
197,80,72.72,0.35532728272827285,28,74.8529411764706,74.96969696969697,68.27272727272727,1080,1170,734,1519,1465,1304
198,82,72.88,0.3558616904500549,28,75.05882352941177,75.0909090909091,68.42424242424242,1085,1173,736,1522,1467,1305
199,78,73.04,0.35627053669222347,28,75.26470588235294,75.21212121212122,68.57575757575758,1090,1176,738,1525,1469,1306
200,77,73.2,0.3566885245901639,28,75.47058823529412,75.33333333333333,68.72727272727273,1095,1179,740,1528,1471,1307
201,71,73.35,0.35719563735514653,28,75.67647058823529,75.45454545454545,68.84848484848484,1100,1182,742,1530,1473,1308
202,67,73.51,0.35772956060399946,28,75.88235294117646,75.57575757575758,69.0,1105,1185,744,1533,1475,1309
203,62,73.68,0.3581921824104235,28,76.08823529411765,75.6969696969697,69.18181818181819,1110,1188,746,1537,1477,1310
204,46,73.84,0.3586321776814735,28,76.26470588235294,75.81818181818181,69.36363636363636,1114,1191,748,1541,1479,1311
205,45,73.97,0.3588657563877247,28,76.41176470588235,75.9090909090909,69.51515151515152,1117,1193,750,1544,1481,1312
206,37,74.11,0.3591377681824315,28,76.55882352941177,76.03030303030303,69.66666666666667,1120,1196,752,1547,1483,1313
207,24,74.24,0.3593965517241379,28,76.70588235294117,76.12121212121212,69.81818181818181,1123,1199,754,1550,1485,1313
208,21,74.33,0.35964348177048294,28,76.79411764705883,76.21212121212122,69.9090909090909,1124,1202,756,1551,1487,1313
209,21,74.39,0.3596410807904289,28,76.88235294117646,76.21212121212122,70.0,1125,1202,758,1552,1489,1313
210,24,74.45,0.35963868368032237,28,76.94117647058823,76.24242424242425,70.0909090909091,1125,1203,760,1553,1491,1313
211,26,74.52,0.3597262479871175,28,77.0,76.3030303030303,70.18181818181819,1125,1205,762,1554,1493,1313
212,24,74.6,0.35998659517426274,28,77.05882352941177,76.39393939393939,70.27272727272727,1125,1208,764,1555,1495,1313
213,19,74.68,0.3603213711837172,28,77.08823529411765,76.51515151515152,70.36363636363636,1125,1212,766,1556,1496,1313
214,23,74.76,0.36083467094703053,28,77.11764705882354,76.63636363636364,70.45454545454545,1125,1216,767,1558,1497,1313
215,22,74.83,0.36127889883736475,28,77.1470588235294,76.72727272727273,70.54545454545455,1125,1219,768,1560,1498,1313
216,22,74.92,0.3616631073144687,28,77.17647058823529,76.81818181818181,70.6969696969697,1125,1222,771,1562,1499,1313
217,22,75.01,0.36205172643647515,28,77.20588235294117,76.9090909090909,70.84848484848484,1125,1225,774,1564,1500,1313
218,21,75.08,0.36230420884389986,28,77.20588235294117,76.96969696969697,71.0,1125,1227,777,1566,1500,1313
219,23,75.15,0.362566866267465,28,77.20588235294117,77.03030303030303,71.15151515151516,1125,1229,780,1568,1500,1313
220,26,75.21,0.3627616008509507,28,77.20588235294117,77.06060606060606,71.3030303030303,1125,1230,783,1570,1500,1313
221,32,75.27,0.36310216553739866,28,77.20588235294117,77.12121212121212,71.42424242424242,1125,1232,785,1572,1500,1313
222,36,75.32,0.3633855549654807,28,77.20588235294117,77.18181818181819,71.51515151515152,1125,1234,787,1573,1500,1313
223,31,75.37,0.3636712219716067,28,77.20588235294117,77.24242424242425,71.60606060606061,1125,1236,789,1574,1500,1313
224,29,75.42,0.3639591620259878,28,77.20588235294117,77.3030303030303,71.6969696969697,1125,1238,791,1575,1500,1313
225,27,75.47,0.3642493706108388,28,77.20588235294117,77.36363636363636,71.78787878787878,1125,1240,793,1576,1500,1313
226,25,75.52,0.36453919491525427,28,77.20588235294117,77.42424242424242,71.87878787878788,1125,1242,795,1577,1500,1313
227,29,75.57,0.3648312822548631,28,77.20588235294117,77.48484848484848,71.96969696969697,1125,1244,797,1578,1500,1313
228,24,75.62,0.3651256281407035,28,77.20588235294117,77.54545454545455,72.06060606060606,1125,1246,799,1579,1500,1313
229,25,75.67,0.3654195850403066,28,77.20588235294117,77.60606060606061,72.15151515151516,1125,1248,801,1580,1500,1313
230,23,75.72,0.365715795034337,28,77.20588235294117,77.66666666666667,72.24242424242425,1125,1250,803,1581,1500,1313
231,24,75.77,0.3660168932295103,28,77.20588235294117,77.72727272727273,72.33333333333333,1125,1252,805,1582,1500,1313
232,25,75.82,0.36633605908731215,28,77.23529411764706,77.75757575757575,72.42424242424242,1126,1253,807,1583,1500,1313
233,31,75.88,0.366681602530311,28,77.29411764705883,77.78787878787878,72.51515151515152,1128,1254,809,1584,1500,1313
234,35,75.96,0.3671274354923644,28,77.3529411764706,77.87878787878788,72.60606060606061,1130,1257,811,1585,1500,1313
235,35,76.05,0.3675358316896778,28,77.41176470588235,77.96969696969697,72.72727272727273,1132,1260,813,1587,1500,1313
236,37,76.15,0.367935653315824,28,77.47058823529412,78.0909090909091,72.84848484848484,1134,1263,815,1589,1500,1314
237,36,76.25,0.3683396721311476,28,77.52941176470588,78.21212121212122,72.96969696969697,1136,1266,817,1591,1500,1315
238,35,76.35,0.36874787164374595,28,77.58823529411765,78.33333333333333,73.0909090909091,1138,1269,819,1593,1500,1316
239,31,76.45,0.36916808371484633,28,77.6470588235294,78.45454545454545,73.21212121212122,1140,1272,821,1595,1500,1317
240,31,76.54,0.36953227070812644,28,77.67647058823529,78.57575757575758,73.33333333333333,1141,1275,823,1597,1500,1318
241,34,76.63,0.3699008221323241,28,77.70588235294117,78.6969696969697,73.45454545454545,1142,1278,825,1599,1500,1319
242,34,76.72,0.37026850886339935,28,77.73529411764706,78.81818181818181,73.57575757575758,1143,1281,827,1601,1500,1320
243,36,76.82,0.37072116636292635,28,77.79411764705883,78.93939393939394,73.6969696969697,1145,1284,829,1603,1500,1321
244,39,76.91,0.37118840202834485,28,77.8529411764706,79.06060606060606,73.78787878787878,1147,1287,831,1604,1500,1322
245,38,77.01,0.37172704843526816,28,77.91176470588235,79.21212121212122,73.87878787878788,1149,1291,833,1605,1500,1323
246,49,77.11,0.3722720788483984,28,77.97058823529412,79.36363636363636,73.96969696969697,1151,1295,835,1606,1500,1324
247,51,77.21,0.372815697448517,28,78.02941176470588,79.51515151515152,74.06060606060606,1153,1299,837,1607,1500,1325
248,56,77.31,0.373360496701591,28,78.08823529411765,79.66666666666667,74.15151515151516,1155,1303,839,1608,1500,1326
249,63,77.42,0.3737768018599845,28,78.17647058823529,79.81818181818181,74.24242424242425,1158,1307,841,1609,1500,1327
250,61,77.53,0.3741970849993551,28,78.26470588235294,79.96969696969697,74.33333333333333,1161,1311,843,1610,1500,1328
251,56,77.64,0.3746239052035033,28,78.3529411764706,80.12121212121212,74.42424242424242,1164,1315,845,1611,1500,1329
252,70,77.74,0.37500643169539494,28,78.44117647058823,80.27272727272727,74.48484848484848,1167,1319,846,1612,1500,1330
253,73,77.86,0.3753711790393013,28,78.55882352941177,80.42424242424242,74.57575757575758,1170,1323,848,1613,1501,1331
254,70,77.98,0.3757501923570146,28,78.67647058823529,80.57575757575758,74.66666666666667,1173,1327,850,1614,1502,1332
255,73,78.1,0.3761408450704225,28,78.79411764705883,80.72727272727273,74.75757575757575,1176,1331,852,1615,1503,1333
256,70,78.22,0.37654308361032984,28,78.91176470588235,80.87878787878788,74.84848484848484,1179,1335,854,1616,1504,1334
257,64,78.34,0.3769543017615522,28,79.02941176470588,81.03030303030303,74.93939393939394,1182,1339,856,1617,1505,1335
258,55,78.46,0.37737190925312264,28,79.1470588235294,81.18181818181819,75.03030303030303,1185,1343,858,1618,1506,1336
259,61,78.58,0.37781114787477726,28,79.26470588235294,81.33333333333333,75.12121212121212,1188,1347,860,1619,1507,1337
260,56,78.69,0.378242470453679,28,79.38235294117646,81.45454545454545,75.21212121212122,1191,1351,862,1620,1508,1337
261,58,78.79,0.3785975377585988,28,79.5,81.54545454545455,75.3030303030303,1194,1354,864,1621,1509,1337
262,67,78.88,0.37891987829614604,28,79.61764705882354,81.63636363636364,75.36363636363636,1197,1357,865,1622,1510,1337
263,74,78.99,0.3793530826686922,28,79.73529411764706,81.75757575757575,75.45454545454545,1200,1361,867,1623,1511,1337
264,75,79.1,0.3797926675094817,28,79.8529411764706,81.87878787878788,75.54545454545455,1203,1365,869,1624,1512,1337
265,76,79.21,0.38024365610402727,28,79.97058823529412,82.0,75.63636363636364,1206,1369,871,1625,1513,1337
266,80,79.32,0.3807060010085728,28,80.08823529411765,82.12121212121212,75.72727272727273,1209,1373,873,1626,1514,1337
267,96,79.43,0.38117461916152584,28,80.20588235294117,82.24242424242425,75.81818181818181,1212,1377,875,1627,1515,1337
268,92,79.56,0.3814705882352941,28,80.38235294117646,82.36363636363636,75.9090909090909,1216,1381,877,1628,1517,1337
269,81,79.7,0.3817490589711418,28,80.55882352941177,82.48484848484848,76.03030303030303,1220,1385,879,1630,1519,1337
270,97,79.84,0.38204659318637274,28,80.73529411764706,82.60606060606061,76.15151515151516,1224,1389,881,1632,1521,1337
271,95,79.98,0.38235058764691177,28,80.91176470588235,82.72727272727273,76.27272727272727,1228,1393,883,1634,1523,1337
272,93,80.12,0.3826709935097354,28,81.08823529411765,82.84848484848484,76.39393939393939,1232,1397,885,1636,1525,1337
273,100,80.26,0.3830077248940942,28,81.26470588235294,82.96969696969697,76.51515151515152,1236,1401,887,1638,1527,1337
274,100,80.41,0.3831998507648302,28,81.44117647058823,83.0909090909091,76.66666666666667,1240,1405,889,1641,1529,1337
275,93,80.57,0.3834516569442721,28,81.6470588235294,83.21212121212122,76.81818181818181,1244,1409,891,1644,1532,1337
276,82,80.74,0.3836016844191231,28,81.8529411764706,83.33333333333333,77.0,1248,1413,893,1648,1535,1337
277,82,80.92,0.3836455758774098,28,82.08823529411765,83.45454545454545,77.18181818181819,1252,1417,895,1652,1539,1337
278,79,81.1,0.3837040690505549,28,82.32352941176471,83.57575757575758,77.36363636363636,1256,1421,897,1656,1543,1337
279,66,81.29,0.38380981670562186,28,82.55882352941177,83.72727272727273,77.54545454545455,1260,1425,899,1660,1547,1338
280,60,81.47,0.383995335706395,28,82.76470588235294,83.87878787878788,77.72727272727273,1263,1429,901,1664,1551,1339
281,57,81.65,0.38429271279853033,28,83.0,84.03030303030303,77.87878787878788,1267,1433,903,1667,1555,1340
282,53,81.81,0.3844627796112945,28,83.20588235294117,84.15151515151516,78.03030303030303,1270,1436,905,1670,1559,1341
283,47,81.96,0.38474133723767695,28,83.41176470588235,84.27272727272727,78.15151515151516,1273,1439,907,1672,1563,1342
284,48,82.1,0.38495736906211936,28,83.61764705882354,84.36363636363636,78.27272727272727,1276,1441,909,1674,1567,1343
285,52,82.24,0.38529912451361864,28,83.82352941176471,84.45454545454545,78.39393939393939,1280,1443,911,1676,1570,1344
286,49,82.39,0.3855528583565967,28,84.02941176470588,84.57575757575758,78.51515151515152,1284,1446,912,1679,1573,1345
287,53,82.53,0.3860547679631649,28,84.20588235294117,84.6969696969697,78.63636363636364,1288,1449,914,1681,1575,1346
288,64,82.66,0.3865545608516816,28,84.3529411764706,84.81818181818181,78.75757575757575,1292,1452,916,1683,1576,1347
289,61,82.78,0.38707658854795846,28,84.52941176470588,84.9090909090909,78.84848484848484,1297,1455,918,1684,1577,1347
290,65,82.92,0.38760974433188616,28,84.73529411764706,85.0,78.96969696969697,1302,1458,920,1686,1579,1347
291,71,83.07,0.3881654026724449,28,84.94117647058823,85.12121212121212,79.0909090909091,1307,1461,922,1688,1581,1348
292,64,83.2,0.38863701923076927,28,85.11764705882354,85.21212121212122,79.21212121212122,1311,1464,924,1690,1583,1348
293,65,83.34,0.38918646508279336,28,85.32352941176471,85.3030303030303,79.33333333333333,1316,1467,926,1692,1585,1348
294,65,83.49,0.38975805485686904,28,85.52941176470588,85.42424242424242,79.45454545454545,1321,1470,928,1694,1587,1349
295,71,83.64,0.3903347680535629,28,85.73529411764706,85.54545454545455,79.57575757575758,1326,1473,930,1696,1589,1350
296,73,83.77,0.390823683896383,28,85.91176470588235,85.63636363636364,79.6969696969697,1330,1476,932,1698,1591,1350
297,73,83.92,0.3914108674928503,28,86.11764705882354,85.75757575757575,79.81818181818181,1335,1479,934,1700,1593,1351
298,75,84.08,0.3919029495718363,28,86.32352941176471,85.9090909090909,79.93939393939394,1340,1482,936,1702,1595,1353
299,69,84.23,0.3924884245518224,28,86.52941176470588,86.03030303030303,80.06060606060606,1345,1485,938,1704,1597,1354
300,67,84.37,0.3930081782624156,28,86.70588235294117,86.15151515151516,80.18181818181819,1349,1488,940,1706,1599,1355
301,72,84.53,0.39349934934342834,28,86.91176470588235,86.3030303030303,80.3030303030303,1354,1491,942,1708,1601,1357
302,66,84.68,0.3940930562116202,28,87.11764705882354,86.42424242424242,80.42424242424242,1359,1494,944,1710,1603,1358
303,66,84.83,0.39468702110102555,28,87.32352941176471,86.54545454545455,80.54545454545455,1364,1497,946,1712,1605,1359
304,72,84.98,0.3952812426453283,28,87.52941176470588,86.66666666666667,80.66666666666667,1369,1500,948,1714,1607,1360
305,70,85.12,0.395859962406015,28,87.70588235294117,86.78787878787878,80.78787878787878,1374,1503,950,1716,1608,1361
306,76,85.27,0.39645479066494665,28,87.91176470588235,86.9090909090909,80.9090909090909,1379,1506,952,1718,1610,1362
307,76,85.42,0.3970545539686256,28,88.11764705882354,87.03030303030303,81.03030303030303,1384,1509,954,1720,1612,1363
308,72,85.58,0.397574199579341,28,88.32352941176471,87.18181818181819,81.15151515151516,1389,1512,956,1722,1614,1365
309,75,85.73,0.39809984836113377,28,88.5,87.33333333333333,81.27272727272727,1393,1515,958,1724,1616,1367
310,74,85.89,0.3986249854465014,28,88.70588235294117,87.48484848484848,81.39393939393939,1398,1518,960,1726,1618,1369
311,70,86.05,0.3991574665891923,28,88.91176470588235,87.63636363636364,81.51515151515152,1403,1521,962,1728,1620,1371
312,78,86.21,0.3996926110660016,28,89.11764705882354,87.78787878787878,81.63636363636364,1408,1524,964,1730,1622,1373
313,86,86.37,0.40023271969433827,28,89.32352941176471,87.93939393939394,81.75757575757575,1413,1527,966,1732,1624,1375
314,83,86.52,0.4007142857142857,28,89.52941176470588,88.0909090909091,81.84848484848484,1418,1530,968,1733,1626,1377
315,82,86.68,0.4012621135209967,28,89.73529411764706,88.24242424242425,81.96969696969697,1423,1533,970,1735,1628,1379
316,85,86.83,0.4017632154785213,28,89.91176470588235,88.39393939393939,82.0909090909091,1428,1536,972,1737,1629,1381
317,97,86.98,0.4022602897217751,28,90.08823529411765,88.57575757575758,82.18181818181819,1433,1540,974,1738,1630,1383
318,94,87.13,0.4027625387352232,28,90.26470588235294,88.75757575757575,82.27272727272727,1438,1544,976,1739,1631,1385
319,90,87.29,0.4031355252606255,28,90.44117647058823,88.93939393939394,82.39393939393939,1443,1548,978,1741,1632,1387
320,85,87.46,0.40357191859135605,28,90.61764705882354,89.12121212121212,82.54545454545455,1448,1552,980,1744,1633,1389
321,89,87.63,0.40400661873787513,28,90.79411764705883,89.3030303030303,82.6969696969697,1453,1556,982,1747,1634,1391
322,84,87.8,0.40444419134396353,28,90.97058823529412,89.48484848484848,82.84848484848484,1458,1560,984,1750,1635,1393
323,88,87.97,0.4048073206775037,28,91.1470588235294,89.66666666666667,83.0,1463,1564,986,1753,1636,1395
324,87,88.13,0.4051344604561444,28,91.29411764705883,89.84848484848484,83.15151515151516,1467,1568,988,1756,1637,1397
325,85,88.3,0.40550849377123444,28,91.47058823529412,90.03030303030303,83.3030303030303,1472,1572,990,1759,1638,1399
326,83,88.47,0.405899174861535,28,91.6470588235294,90.21212121212122,83.45454545454545,1477,1576,992,1762,1639,1401
327,93,88.64,0.4062928700361011,28,91.82352941176471,90.39393939393939,83.60606060606061,1482,1580,994,1765,1640,1403
328,94,88.81,0.4066918139849116,28,92.0,90.57575757575758,83.75757575757575,1487,1584,996,1768,1641,1405
329,95,88.98,0.4070959766239604,28,92.17647058823529,90.75757575757575,83.9090909090909,1492,1588,998,1771,1642,1407
330,101,89.16,0.40753252579632127,28,92.3529411764706,90.93939393939394,84.0909090909091,1497,1592,1001,1774,1643,1409
331,101,89.34,0.40796955451085737,28,92.52941176470588,91.12121212121212,84.27272727272727,1502,1596,1004,1777,1644,1411
332,104,89.52,0.4084092940125112,28,92.70588235294117,91.3030303030303,84.45454545454545,1507,1600,1007,1780,1645,1413
333,107,89.7,0.40884726867335563,28,92.88235294117646,91.48484848484848,84.63636363636364,1512,1604,1010,1783,1646,1415
334,101,89.88,0.40928793947485537,28,93.05882352941177,91.66666666666667,84.81818181818181,1517,1608,1013,1786,1647,1417
335,104,90.06,0.4097312902509438,28,93.23529411764706,91.84848484848484,85.0,1522,1612,1016,1789,1648,1419
336,106,90.25,0.4102304709141274,28,93.41176470588235,92.03030303030303,85.21212121212122,1527,1616,1019,1793,1649,1421
337,111,90.44,0.4107275541795666,28,93.58823529411765,92.21212121212122,85.42424242424242,1532,1620,1022,1797,1650,1423
338,110,90.63,0.41122476001324065,28,93.76470588235294,92.39393939393939,85.63636363636364,1537,1624,1025,1801,1651,1425
339,109,90.82,0.41171988548777805,28,93.94117647058823,92.57575757575758,85.84848484848484,1542,1628,1028,1805,1652,1427
340,108,91.01,0.41221514119327546,28,94.11764705882354,92.75757575757575,86.06060606060606,1547,1632,1031,1809,1653,1429
341,110,91.2,0.41271491228070173,28,94.29411764705883,92.93939393939394,86.27272727272727,1552,1636,1034,1813,1654,1431
342,109,91.39,0.4132147937411095,28,94.47058823529412,93.12121212121212,86.48484848484848,1557,1640,1037,1817,1655,1433
343,111,91.58,0.41371478488753005,28,94.6470588235294,93.3030303030303,86.6969696969697,1562,1644,1040,1821,1656,1435
344,113,91.77,0.4142127056772366,28,94.82352941176471,93.48484848484848,86.9090909090909,1567,1648,1043,1825,1657,1437
345,115,91.96,0.4147129186602871,28,95.0,93.66666666666667,87.12121212121212,1572,1652,1046,1829,1658,1439
346,111,92.15,0.41521323928377646,28,95.17647058823529,93.84848484848484,87.33333333333333,1577,1656,1049,1833,1659,1441
347,113,92.34,0.4157158327918562,28,95.3529411764706,94.03030303030303,87.54545454545455,1582,1660,1052,1837,1660,1443
348,109,92.53,0.4162185237220361,28,95.52941176470588,94.21212121212122,87.75757575757575,1587,1664,1055,1841,1661,1445
349,111,92.72,0.4167234685073339,28,95.70588235294117,94.39393939393939,87.96969696969697,1592,1668,1058,1845,1662,1447
350,103,92.92,0.4171416272061989,28,95.88235294117646,94.57575757575758,88.21212121212122,1597,1672,1061,1850,1663,1449
351,102,93.11,0.4175673934056492,28,96.05882352941177,94.75757575757575,88.42424242424242,1602,1676,1064,1854,1664,1451
352,104,93.3,0.4179957127545552,28,96.23529411764706,94.93939393939394,88.63636363636364,1607,1680,1067,1858,1665,1453
353,103,93.49,0.4184222911541341,28,96.41176470588235,95.12121212121212,88.84848484848484,1612,1684,1070,1862,1666,1455
354,99,93.68,0.41884927412467976,28,96.58823529411765,95.3030303030303,89.06060606060606,1617,1688,1073,1866,1667,1457
355,101,93.87,0.41928092042186,28,96.76470588235294,95.48484848484848,89.27272727272727,1622,1692,1076,1870,1668,1459
356,103,94.06,0.4197129491813736,28,96.94117647058823,95.66666666666667,89.48484848484848,1627,1696,1079,1874,1669,1461
357,102,94.25,0.420151724137931,28,97.11764705882354,95.84848484848484,89.6969696969697,1632,1700,1082,1878,1670,1463
358,100,94.45,0.4205918475383801,28,97.29411764705883,96.06060606060606,89.9090909090909,1637,1704,1085,1882,1671,1466
359,98,94.65,0.42103222398309564,28,97.47058823529412,96.27272727272727,90.12121212121212,1642,1708,1088,1886,1672,1469
360,93,94.85,0.42148128624143383,28,97.6470588235294,96.48484848484848,90.33333333333333,1647,1712,1091,1890,1673,1472
361,92,95.04,0.421891835016835,28,97.82352941176471,96.6969696969697,90.51515151515152,1652,1716,1094,1893,1674,1475
362,91,95.23,0.4223154468129791,28,98.0,96.9090909090909,90.6969696969697,1657,1720,1097,1896,1675,1478
363,87,95.42,0.42274575560679106,28,98.17647058823529,97.12121212121212,90.87878787878788,1662,1724,1100,1899,1676,1481
364,86,95.61,0.4231827214726493,28,98.3529411764706,97.33333333333333,91.06060606060606,1667,1728,1103,1902,1677,1484
365,86,95.79,0.4236235515189477,28,98.52941176470588,97.51515151515152,91.24242424242425,1672,1732,1106,1905,1678,1486
366,84,95.96,0.42411421425594,28,98.70588235294117,97.6969696969697,91.39393939393939,1677,1736,1109,1907,1679,1488
367,85,96.13,0.4246093831270155,28,98.88235294117646,97.87878787878788,91.54545454545455,1682,1740,1112,1909,1680,1490
368,86,96.3,0.4251069574247144,28,99.05882352941177,98.06060606060606,91.6969696969697,1687,1744,1115,1911,1681,1492
369,84,96.47,0.425604851249093,28,99.23529411764706,98.24242424242425,91.84848484848484,1692,1748,1118,1913,1682,1494
370,85,96.64,0.4261051324503311,28,99.41176470588235,98.42424242424242,92.0,1697,1752,1121,1915,1683,1496
371,86,96.81,0.4266057225493234,28,99.58823529411765,98.60606060606061,92.15151515151516,1702,1756,1124,1917,1684,1498
372,87,96.98,0.42710868220251597,28,99.76470588235294,98.78787878787878,92.3030303030303,1707,1760,1127,1919,1685,1500
373,87,97.16,0.4276080691642651,28,99.94117647058823,98.96969696969697,92.48484848484848,1712,1764,1130,1922,1686,1502
374,87,97.34,0.42811382782001234,28,100.11764705882354,99.15151515151516,92.66666666666667,1717,1768,1133,1925,1687,1504
375,84,97.52,0.4286218211648892,28,100.29411764705883,99.33333333333333,92.84848484848484,1722,1772,1136,1928,1688,1506
376,85,97.69,0.4291360425836831,28,100.47058823529412,99.51515151515152,93.0,1727,1776,1139,1930,1689,1508
377,86,97.86,0.429656652360515,28,100.6470588235294,99.6969696969697,93.15151515151516,1732,1780,1142,1932,1690,1510
378,84,98.03,0.4301795368764664,28,100.82352941176471,99.87878787878788,93.3030303030303,1737,1784,1145,1934,1691,1512
379,85,98.2,0.43070264765784116,28,101.0,100.06060606060606,93.45454545454545,1742,1788,1148,1936,1692,1514
380,86,98.37,0.43122801667174954,28,101.17647058823529,100.24242424242425,93.60606060606061,1747,1792,1151,1938,1693,1516
381,84,98.54,0.4317556322305663,28,101.3529411764706,100.42424242424242,93.75757575757575,1752,1796,1154,1940,1694,1518
382,85,98.71,0.4322915611386891,28,101.52941176470588,100.60606060606061,93.9090909090909,1757,1800,1157,1942,1695,1520
383,86,98.88,0.43283171521035596,28,101.70588235294117,100.78787878787878,94.06060606060606,1762,1804,1160,1944,1696,1522
384,84,99.05,0.4333760726905603,28,101.88235294117646,100.96969696969697,94.21212121212122,1767,1808,1163,1946,1697,1524
385,85,99.22,0.4339185648054828,28,102.05882352941177,101.15151515151516,94.36363636363636,1772,1812,1166,1948,1698,1526
386,86,99.39,0.4344712747761344,28,102.23529411764706,101.33333333333333,94.51515151515152,1777,1816,1169,1950,1699,1528
387,87,99.56,0.43502410606669345,28,102.41176470588235,101.51515151515152,94.66666666666667,1782,1820,1172,1952,1700,1530
388,93,99.74,0.435498295568478,28,102.61764705882354,101.6969696969697,94.81818181818181,1788,1824,1175,1954,1701,1532
389,98,99.93,0.43593015110577404,28,102.82352941176471,101.87878787878788,95.0,1794,1828,1178,1957,1702,1534
390,93,100.13,0.4363637271546989,28,103.02941176470588,102.06060606060606,95.21212121212122,1800,1832,1181,1961,1703,1536
391,97,100.33,0.4368035482906409,28,103.23529411764706,102.24242424242425,95.42424242424242,1806,1836,1184,1965,1704,1538
392,99,100.52,0.4372184639872662,28,103.44117647058823,102.42424242424242,95.60606060606061,1812,1840,1186,1969,1705,1540
393,94,100.72,0.43766679904686256,28,103.6470588235294,102.60606060606061,95.81818181818181,1818,1844,1189,1973,1706,1542
394,98,100.92,0.43811930241775665,28,103.8529411764706,102.78787878787878,96.03030303030303,1824,1848,1192,1977,1707,1544
395,102,101.12,0.4385779272151899,28,104.05882352941177,102.96969696969697,96.24242424242425,1830,1852,1195,1981,1708,1546
396,103,101.32,0.43904263718910386,28,104.29411764705883,103.15151515151516,96.42424242424242,1837,1856,1197,1985,1709,1548
397,108,101.54,0.43955288556233996,28,104.52941176470588,103.36363636363636,96.63636363636364,1844,1861,1200,1989,1710,1550
398,109,101.77,0.4399911565294291,28,104.76470588235294,103.60606060606061,96.84848484848484,1851,1867,1203,1993,1711,1552
399,101,102.0,0.44043921568627453,28,105.0,103.84848484848484,97.06060606060606,1858,1873,1206,1997,1712,1554
400,109,102.22,0.4408080610448053,28,105.23529411764706,104.06060606060606,97.27272727272727,1865,1878,1208,2002,1713,1556
401,110,102.45,0.44111566617862374,28,105.47058823529412,104.3030303030303,97.48484848484848,1872,1884,1210,2007,1714,1558
402,102,102.68,0.4414316322555512,28,105.70588235294117,104.54545454545455,97.6969696969697,1879,1890,1212,2012,1715,1560
403,102,102.92,0.44171395258453167,28,105.94117647058823,104.81818181818181,97.9090909090909,1886,1896,1214,2017,1716,1563
404,100,103.15,0.44205428986912265,28,106.17647058823529,105.06060606060606,98.12121212121212,1893,1902,1216,2022,1717,1565
405,92,103.38,0.44240085122847744,28,106.41176470588235,105.3030303030303,98.33333333333333,1900,1908,1218,2027,1718,1567
406,96,103.58,0.4428152152925275,28,106.6470588235294,105.51515151515152,98.48484848484848,1907,1913,1220,2030,1719,1569
407,97,103.78,0.44323761803815764,28,106.88235294117646,105.72727272727273,98.63636363636364,1914,1918,1222,2033,1720,1571
408,91,103.99,0.44360707760361573,28,107.11764705882354,105.96969696969697,98.78787878787878,1921,1924,1224,2036,1721,1573
409,95,104.19,0.44409924176984356,28,107.3529411764706,106.21212121212122,98.9090909090909,1928,1930,1226,2038,1722,1575
410,96,104.39,0.44459143596129896,28,107.58823529411765,106.45454545454545,99.03030303030303,1935,1936,1228,2040,1723,1577
411,90,104.6,0.4450267686424474,28,107.8529411764706,106.6969696969697,99.15151515151516,1942,1942,1230,2042,1725,1579
412,94,104.8,0.4454408396946565,28,108.08823529411765,106.93939393939394,99.27272727272727,1948,1948,1232,2044,1727,1581
413,92,105.0,0.44586285714285717,28,108.32352941176471,107.18181818181819,99.39393939393939,1954,1954,1234,2046,1729,1583
414,88,105.19,0.4463228443768419,28,108.55882352941177,107.39393939393939,99.51515151515152,1960,1959,1236,2048,1731,1585
415,93,105.38,0.44673941924463845,28,108.79411764705883,107.60606060606061,99.63636363636364,1966,1964,1238,2050,1733,1587
416,98,105.57,0.447162072558492,28,109.02941176470588,107.81818181818181,99.75757575757575,1972,1969,1240,2052,1735,1589
417,98,105.78,0.4476025713745509,28,109.32352941176471,108.03030303030303,99.87878787878788,1980,1974,1242,2054,1737,1591
418,106,106.0,0.44806792452830185,28,109.61764705882354,108.24242424242425,100.03030303030303,1988,1979,1245,2056,1739,1593
419,111,106.22,0.4485407644511391,28,109.91176470588235,108.45454545454545,100.18181818181819,1996,1984,1248,2058,1741,1595
420,108,106.43,0.4490566569576247,28,110.17647058823529,108.66666666666667,100.33333333333333,2004,1989,1251,2060,1742,1597
421,102,106.64,0.44957239309827457,28,110.44117647058823,108.87878787878788,100.48484848484848,2012,1994,1254,2062,1743,1599
422,117,106.85,0.4500935891436593,28,110.70588235294117,109.0909090909091,100.63636363636364,2020,1999,1257,2064,1744,1601
423,126,107.06,0.4506164767420138,28,110.97058823529412,109.3030303030303,100.78787878787878,2028,2004,1260,2066,1745,1603
424,129,107.27,0.4511373170504335,28,111.23529411764706,109.51515151515152,100.93939393939394,2036,2009,1263,2068,1746,1605
425,123,107.48,0.45165984369184964,28,111.5,109.72727272727273,101.0909090909091,2044,2014,1266,2070,1747,1607
426,128,107.7,0.45216713091922,28,111.76470588235294,109.93939393939394,101.27272727272727,2052,2019,1269,2073,1748,1609
427,143,107.94,0.45256438762275336,28,112.02941176470588,110.21212121212122,101.45454545454545,2060,2025,1272,2076,1749,1612
428,136,108.19,0.45296515389592384,28,112.29411764705883,110.48484848484848,101.66666666666667,2068,2031,1275,2080,1750,1615
429,135,108.44,0.453364072298045,28,112.55882352941177,110.75757575757575,101.87878787878788,2076,2037,1278,2084,1751,1618
430,134,108.69,0.4537666758671451,28,112.82352941176471,111.03030303030303,102.0909090909091,2084,2043,1281,2088,1752,1621
431,129,108.95,0.4540642496558054,28,113.11764705882354,111.3030303030303,102.3030303030303,2092,2049,1284,2092,1754,1624
432,137,109.2,0.45434432234432237,28,113.41176470588235,111.57575757575758,102.48484848484848,2100,2055,1286,2096,1756,1627
433,133,109.45,0.4546249428962997,28,113.70588235294117,111.84848484848484,102.66666666666667,2108,2061,1288,2100,1758,1630
434,132,109.7,0.45490793072014585,28,114.0,112.12121212121212,102.84848484848484,2116,2067,1290,2104,1760,1633
435,130,109.96,0.45517460894870865,28,114.29411764705883,112.39393939393939,103.06060606060606,2124,2073,1292,2109,1762,1636
436,116,110.22,0.45544184358555617,28,114.58823529411765,112.66666666666667,103.27272727272727,2132,2079,1294,2114,1764,1639
437,115,110.47,0.4557282520141215,28,114.88235294117646,112.93939393939394,103.45454545454545,2140,2085,1296,2118,1766,1642
438,112,110.71,0.4560157167374221,28,115.17647058823529,113.21212121212122,103.60606060606061,2148,2091,1298,2121,1768,1645
439,107,110.94,0.45625743645213634,28,115.44117647058823,113.48484848484848,103.75757575757575,2155,2097,1300,2124,1770,1648
440,97,111.16,0.45632601655271676,28,115.70588235294117,113.72727272727273,103.9090909090909,2161,2102,1302,2127,1773,1651
441,95,111.36,0.4563523706896552,28,115.97058823529412,113.96969696969697,104.0,2167,2107,1303,2129,1776,1654
442,99,111.59,0.45641096872479614,28,116.23529411764706,114.21212121212122,104.18181818181819,2173,2112,1305,2133,1779,1657
443,101,111.81,0.4565825954744656,28,116.47058823529412,114.45454545454545,104.36363636363636,2179,2117,1307,2137,1781,1660
444,99,112.01,0.45675475403981786,28,116.67647058823529,114.6969696969697,104.51515151515152,2185,2122,1309,2140,1782,1663
445,87,112.22,0.45680270896453395,28,116.94117647058823,114.9090909090909,104.66666666666667,2191,2127,1311,2143,1785,1665
446,100,112.42,0.4569026863547411,28,117.1470588235294,115.12121212121212,104.84848484848484,2196,2132,1313,2147,1787,1667
447,92,112.62,0.4571958799502752,28,117.3529411764706,115.36363636363636,105.0,2202,2137,1315,2150,1788,1670
448,87,112.82,0.457489806771849,28,117.55882352941177,115.60606060606061,105.15151515151516,2208,2142,1317,2153,1789,1673
449,97,113.02,0.4577844629269156,28,117.76470588235294,115.84848484848484,105.3030303030303,2214,2147,1319,2156,1790,1676
450,96,113.21,0.4580469923151665,28,117.94117647058823,116.0909090909091,105.45454545454545,2219,2152,1321,2159,1791,1679
451,89,113.4,0.45831393298059964,28,118.11764705882354,116.33333333333333,105.60606060606061,2224,2157,1323,2162,1792,1682
452,84,113.6,0.4586179577464789,28,118.29411764705883,116.60606060606061,105.75757575757575,2229,2163,1325,2165,1793,1685
453,94,113.8,0.458920913884007,28,118.47058823529412,116.87878787878788,105.9090909090909,2234,2169,1327,2168,1794,1688
454,87,113.99,0.45919378892885343,28,118.6470588235294,117.12121212121212,106.06060606060606,2239,2175,1329,2171,1795,1690
455,80,114.18,0.45945699772289367,28,118.82352941176471,117.39393939393939,106.18181818181819,2244,2181,1330,2174,1796,1693
456,86,114.36,0.4597271773347324,28,119.0,117.63636363636364,106.3030303030303,2249,2187,1332,2176,1797,1695
457,79,114.55,0.4599799214316892,28,119.17647058823529,117.87878787878788,106.45454545454545,2254,2193,1334,2179,1798,1697
458,67,114.73,0.4601995990586595,28,119.3529411764706,118.0909090909091,106.60606060606061,2259,2198,1336,2182,1799,1699
459,78,114.89,0.4603681782574637,28,119.5,118.3030303030303,106.72727272727273,2263,2203,1337,2185,1800,1701
460,83,115.05,0.46057974793568013,28,119.61764705882354,118.54545454545455,106.84848484848484,2266,2208,1339,2187,1801,1704
461,72,115.22,0.4608279812532547,28,119.73529411764706,118.81818181818181,106.96969696969697,2269,2214,1341,2189,1802,1707
462,81,115.4,0.46109878682842287,28,119.88235294117646,119.0909090909091,107.0909090909091,2273,2220,1343,2191,1803,1710
463,84,115.58,0.461368748918498,28,120.02941176470588,119.36363636363636,107.21212121212122,2277,2226,1345,2193,1804,1713
464,79,115.75,0.46161123110151187,28,120.17647058823529,119.60606060606061,107.33333333333333,2281,2232,1347,2195,1805,1715
465,84,115.91,0.46196100422741787,28,120.32352941176471,119.81818181818181,107.45454545454545,2285,2238,1349,2197,1806,1716
466,85,116.08,0.4622984148862853,28,120.47058823529412,120.06060606060606,107.57575757575758,2289,2244,1351,2199,1807,1718
467,74,116.25,0.46264172043010754,28,120.61764705882354,120.3030303030303,107.6969696969697,2293,2250,1353,2201,1808,1720
468,78,116.42,0.4629874591994503,28,120.76470588235294,120.54545454545455,107.81818181818181,2297,2256,1355,2203,1809,1722
469,73,116.59,0.46333562055064753,28,120.91176470588235,120.78787878787878,107.93939393939394,2301,2262,1357,2205,1810,1724
470,62,116.76,0.46364679684823573,28,121.05882352941177,121.03030303030303,108.06060606060606,2305,2268,1358,2208,1811,1726
471,68,116.91,0.46397314173295695,28,121.20588235294117,121.24242424242425,108.15151515151516,2309,2274,1359,2210,1812,1727
472,70,117.04,0.4642754613807245,28,121.32352941176471,121.45454545454545,108.21212121212122,2312,2280,1360,2211,1813,1728
473,64,117.19,0.46457803566857236,28,121.47058823529412,121.66666666666667,108.3030303030303,2316,2286,1361,2213,1814,1729
474,76,117.34,0.46486108743821375,28,121.61764705882354,121.87878787878788,108.39393939393939,2320,2292,1361,2216,1815,1730
475,75,117.5,0.4651778723404255,28,121.76470588235294,122.0909090909091,108.51515151515152,2324,2298,1361,2220,1816,1731
476,69,117.65,0.46547131321716956,28,121.91176470588235,122.3030303030303,108.60606060606061,2328,2304,1361,2223,1817,1732
477,76,117.82,0.46577321337633676,28,122.05882352941177,122.54545454545455,108.72727272727273,2332,2310,1361,2227,1818,1734
478,70,118.0,0.4661,28,122.23529411764706,122.78787878787878,108.84848484848484,2337,2316,1361,2231,1819,1736
479,65,118.17,0.4663899466869764,28,122.41176470588235,123.0,108.96969696969697,2342,2321,1361,2235,1820,1738
480,70,118.36,0.46675059141601893,28,122.61764705882354,123.24242424242425,109.0909090909091,2348,2327,1361,2239,1821,1740
481,68,118.53,0.46699147895047666,28,122.79411764705883,123.42424242424242,109.24242424242425,2353,2332,1361,2244,1822,1741
482,65,118.71,0.46727065959059894,28,123.0,123.60606060606061,109.39393939393939,2359,2337,1361,2249,1823,1742
483,62,118.89,0.4675355370510556,28,123.23529411764706,123.75757575757575,109.54545454545455,2366,2341,1361,2254,1824,1743
484,59,119.07,0.46778785588309396,28,123.44117647058823,123.93939393939394,109.6969696969697,2372,2345,1361,2259,1825,1745
485,61,119.23,0.4680206323911767,28,123.6470588235294,124.0909090909091,109.81818181818181,2378,2349,1361,2263,1826,1746
486,60,119.39,0.4682310076220789,28,123.88235294117646,124.21212121212122,109.93939393939394,2385,2352,1361,2267,1827,1747
487,58,119.56,0.4683422549347608,28,124.1470588235294,124.33333333333333,110.06060606060606,2393,2354,1361,2271,1828,1749
488,70,119.71,0.46841283100826997,28,124.38235294117646,124.42424242424242,110.18181818181819,2401,2356,1361,2275,1828,1750
489,70,119.89,0.46857536074735173,28,124.61764705882354,124.57575757575758,110.33333333333333,2409,2359,1362,2279,1828,1752
490,74,120.09,0.46877092180864355,28,124.8529411764706,124.75757575757575,110.51515151515152,2417,2363,1364,2283,1828,1754
491,71,120.27,0.46890080651866634,28,125.02941176470588,124.93939393939394,110.6969696969697,2423,2367,1366,2287,1828,1756
492,72,120.47,0.46911513239810737,28,125.23529411764706,125.15151515151516,110.87878787878788,2430,2372,1368,2291,1828,1758
493,64,120.64,0.46923740053050395,28,125.41176470588235,125.3030303030303,111.06060606060606,2436,2375,1370,2295,1828,1760
494,65,120.78,0.4692962410995198,28,125.55882352941177,125.45454545454545,111.18181818181819,2441,2378,1371,2298,1828,1762
495,68,120.93,0.46948896055569334,28,125.73529411764706,125.63636363636364,111.27272727272727,2446,2382,1372,2300,1829,1764
496,69,121.1,0.46975722543352605,28,125.91176470588235,125.84848484848484,111.39393939393939,2451,2387,1374,2302,1830,1766
497,67,121.27,0.4700313350375196,28,126.05882352941177,126.06060606060606,111.54545454545455,2456,2392,1376,2305,1830,1768
498,69,121.43,0.47026682039034834,28,126.20588235294117,126.24242424242425,111.6969696969697,2461,2396,1378,2308,1830,1770
499,68,121.59,0.4706184719138087,28,126.3529411764706,126.42424242424242,111.84848484848484,2466,2401,1380,2311,1830,1771
500,75,121.76,0.4710134691195795,28,126.5,126.63636363636364,112.0,2471,2407,1382,2314,1830,1772
501,86,121.92,0.47137467191601046,28,126.6470588235294,126.81818181818181,112.15151515151516,2476,2412,1384,2317,1830,1773
502,96,122.12,0.47171470684572553,28,126.82352941176471,127.06060606060606,112.33333333333333,2482,2418,1386,2321,1830,1775
503,100,122.32,0.4720585349901896,28,127.0,127.3030303030303,112.51515151515152,2488,2424,1388,2325,1830,1777
504,98,122.52,0.47240287300032646,28,127.17647058823529,127.54545454545455,112.6969696969697,2494,2430,1390,2329,1830,1779
505,97,122.71,0.47273164371281884,28,127.3529411764706,127.75757575757575,112.87878787878788,2500,2436,1392,2333,1830,1780
506,105,122.9,0.47306427990235966,28,127.52941176470588,127.96969696969697,113.06060606060606,2506,2442,1394,2337,1830,1781
507,113,123.09,0.473397514014136,28,127.70588235294117,128.1818181818182,113.24242424242425,2512,2448,1396,2341,1830,1782
508,106,123.28,0.4737329656067489,28,127.88235294117646,128.3939393939394,113.42424242424242,2518,2454,1398,2345,1830,1783
509,104,123.48,0.47408487204405575,28,128.05882352941177,128.63636363636363,113.60606060606061,2524,2460,1400,2349,1830,1785
510,111,123.68,0.47443725743855114,28,128.23529411764707,128.87878787878788,113.78787878787878,2530,2466,1402,2353,1830,1787
511,103,123.88,0.4747901194704553,28,128.41176470588235,129.12121212121212,113.96969696969697,2536,2472,1404,2357,1830,1789
512,113,124.08,0.47514184397163123,28,128.58823529411765,129.36363636363637,114.15151515151516,2542,2478,1406,2361,1830,1791
513,114,124.28,0.47549726424203415,28,128.76470588235293,129.6060606060606,114.33333333333333,2548,2484,1408,2365,1830,1793
514,115,124.48,0.47585636246786633,28,128.94117647058823,129.84848484848484,114.51515151515152,2554,2490,1410,2369,1830,1795
515,106,124.69,0.4762009784264977,28,129.11764705882354,130.0909090909091,114.72727272727273,2560,2496,1412,2374,1830,1797
516,111,124.88,0.4765022421524664,28,129.2941176470588,130.27272727272728,114.93939393939394,2566,2501,1414,2379,1830,1798
517,110,125.07,0.47680898696729834,28,129.47058823529412,130.45454545454547,115.15151515151516,2572,2506,1416,2384,1830,1799
518,111,125.27,0.4771525504909395,28,129.64705882352942,130.66666666666666,115.36363636363636,2578,2512,1418,2389,1830,1800
519,124,125.47,0.4774966127361122,28,129.8235294117647,130.87878787878788,115.57575757575758,2584,2518,1420,2394,1830,1801
520,119,125.67,0.4778411713217156,28,130.0,131.0909090909091,115.78787878787878,2590,2524,1422,2399,1830,1802
521,114,125.87,0.4781862238817828,28,130.1764705882353,131.3030303030303,116.0,2596,2530,1424,2404,1830,1803
522,118,126.07,0.47853335448560325,28,130.35294117647058,131.5151515151515,116.21212121212122,2602,2536,1426,2409,1830,1804
523,119,126.27,0.4788857210738893,28,130.52941176470588,131.72727272727272,116.42424242424242,2608,2542,1428,2414,1830,1805
524,119,126.48,0.4792599620493359,28,130.73529411764707,131.93939393939394,116.63636363636364,2614,2548,1430,2419,1831,1806
525,118,126.7,0.47955169692186267,28,130.94117647058823,132.15151515151516,116.87878787878788,2620,2554,1432,2425,1832,1807
526,111,126.92,0.4798518751969745,28,131.14705882352942,132.36363636363637,117.12121212121212,2626,2560,1434,2431,1833,1808
527,121,127.15,0.48016122689736535,28,131.38235294117646,132.57575757575756,117.36363636363636,2633,2566,1436,2437,1834,1809
528,127,127.39,0.4805016092314938,28,131.64705882352942,132.78787878787878,117.60606060606061,2641,2572,1438,2443,1835,1810
529,124,127.63,0.48084071143148166,28,131.91176470588235,133.0,117.84848484848484,2649,2578,1440,2449,1836,1811
530,126,127.88,0.48120269002189553,28,132.2058823529412,133.21212121212122,118.0909090909091,2658,2584,1442,2455,1837,1812
531,125,128.13,0.48156637789744794,28,132.5,133.42424242424244,118.33333333333333,2667,2590,1444,2461,1838,1813
532,126,128.39,0.4818825453695771,28,132.8235294117647,133.63636363636363,118.57575757575758,2676,2596,1446,2467,1840,1814
533,118,128.65,0.48220209871745046,28,133.14705882352942,133.84848484848484,118.81818181818181,2685,2602,1448,2473,1842,1815
534,112,128.89,0.48253316781751887,28,133.44117647058823,134.06060606060606,119.03030303030303,2694,2608,1449,2479,1843,1816
535,108,129.14,0.48282329255072015,28,133.76470588235293,134.27272727272728,119.24242424242425,2703,2614,1450,2485,1845,1817
536,107,129.39,0.48313702759100396,28,134.05882352941177,134.4848484848485,119.48484848484848,2711,2620,1452,2491,1847,1818
537,115,129.64,0.48345572354211663,28,134.35294117647058,134.6969696969697,119.72727272727273,2719,2626,1454,2497,1849,1819
538,114,129.89,0.48378243128801296,28,134.64705882352942,134.9090909090909,119.96969696969697,2727,2632,1456,2503,1851,1820
539,118,130.15,0.484128313484441,28,134.97058823529412,135.12121212121212,120.21212121212122,2736,2638,1458,2509,1853,1821
540,117,130.4,0.4844539877300613,28,135.2941176470588,135.33333333333334,120.42424242424242,2745,2644,1460,2514,1855,1822
541,113,130.65,0.4847860696517413,28,135.61764705882354,135.54545454545453,120.63636363636364,2754,2650,1462,2519,1857,1823
542,109,130.9,0.48506493506493503,28,135.94117647058823,135.75757575757575,120.84848484848484,2763,2656,1464,2524,1859,1824
543,113,131.16,0.48524550167734065,28,136.2941176470588,136.0,121.03030303030303,2773,2663,1465,2529,1861,1825
544,108,131.42,0.4854679653020849,28,136.64705882352942,136.24242424242425,121.21212121212122,2783,2670,1466,2534,1863,1826
545,103,131.68,0.4856044957472661,28,137.0,136.45454545454547,121.42424242424242,2793,2676,1468,2539,1865,1827
546,99,131.93,0.4857143939968165,28,137.3235294117647,136.6969696969697,121.60606060606061,2802,2683,1469,2544,1867,1828
547,103,132.16,0.48582324455205816,28,137.58823529411765,136.93939393939394,121.78787878787878,2809,2690,1471,2548,1869,1829
548,97,132.4,0.4859138972809668,28,137.88235294117646,137.1818181818182,121.96969696969697,2816,2697,1473,2552,1872,1830
549,107,132.63,0.4859360627309055,28,138.2058823529412,137.36363636363637,122.15151515151516,2824,2703,1475,2556,1875,1830
550,107,132.87,0.4859870550161812,28,138.52941176470588,137.54545454545453,122.36363636363636,2832,2709,1477,2561,1878,1830
551,105,133.1,0.4860616078136739,28,138.8235294117647,137.72727272727272,122.57575757575758,2840,2715,1479,2566,1880,1830
552,114,133.34,0.4861226938653067,28,139.11764705882354,137.93939393939394,122.78787878787878,2848,2721,1481,2571,1882,1831
553,105,133.58,0.4861880521036083,28,139.41176470588235,138.15151515151516,123.0,2856,2727,1483,2576,1884,1832
554,96,133.79,0.4862762538306301,28,139.6764705882353,138.36363636363637,123.15151515151516,2864,2733,1484,2580,1885,1833
555,93,134.0,0.4863716417910448,28,139.94117647058823,138.57575757575756,123.3030303030303,2872,2739,1485,2584,1886,1834
556,94,134.2,0.48643368107302537,28,140.2058823529412,138.75757575757575,123.45454545454545,2880,2744,1486,2588,1887,1835
557,88,134.38,0.4864831076052984,28,140.47058823529412,138.87878787878788,123.60606060606061,2888,2748,1487,2592,1888,1835
558,85,134.56,0.4864729488703924,28,140.76470588235293,139.0,123.72727272727273,2896,2752,1488,2595,1890,1835
559,89,134.73,0.48649669709789944,28,141.02941176470588,139.12121212121212,123.84848484848484,2903,2756,1489,2598,1892,1835
560,87,134.9,0.4865263157894737,28,141.2941176470588,139.24242424242425,123.96969696969697,2910,2760,1490,2601,1894,1835
561,83,135.06,0.48667110913668,28,141.58823529411765,139.33333333333334,124.06060606060606,2918,2763,1490,2604,1896,1835
562,90,135.23,0.48677142645862603,28,141.88235294117646,139.45454545454547,124.15151515151516,2926,2767,1490,2607,1898,1835
563,90,135.41,0.4869056938187726,28,142.1764705882353,139.57575757575756,124.27272727272727,2934,2771,1491,2610,1900,1835
564,85,135.61,0.4870400412948898,28,142.47058823529412,139.72727272727272,124.42424242424242,2942,2776,1493,2613,1902,1835
565,95,135.81,0.48724909800456523,28,142.76470588235293,139.9090909090909,124.54545454545455,2951,2782,1495,2615,1903,1835
566,96,136.01,0.4874340122049849,28,143.05882352941177,140.0909090909091,124.66666666666667,2959,2788,1497,2617,1905,1835
567,97,136.21,0.48762278834153144,28,143.35294117647058,140.27272727272728,124.78787878787878,2967,2794,1499,2619,1907,1835
568,104,136.44,0.4878290823805336,28,143.64705882352942,140.4848484848485,124.96969696969697,2975,2801,1501,2623,1909,1835
569,98,136.65,0.48811196487376507,28,143.91176470588235,140.6969696969697,125.12121212121212,2983,2808,1502,2627,1910,1835
570,96,136.85,0.4884333211545488,28,144.1764705882353,140.87878787878788,125.27272727272727,2991,2814,1503,2631,1911,1835
571,93,137.06,0.48877425944841674,28,144.44117647058823,141.06060606060606,125.45454545454545,2999,2820,1504,2636,1912,1835
572,91,137.26,0.4891388605566079,28,144.7058823529412,141.24242424242425,125.60606060606061,3007,2826,1505,2640,1913,1835
573,90,137.45,0.4894252455438341,28,144.94117647058823,141.42424242424244,125.75757575757575,3014,2832,1505,2645,1914,1835
574,91,137.65,0.4897341082455503,28,145.2058823529412,141.6060606060606,125.9090909090909,3022,2838,1505,2650,1915,1835
575,89,137.85,0.4900420747188974,28,145.47058823529412,141.78787878787878,126.06060606060606,3030,2844,1505,2655,1916,1835
576,93,138.05,0.49035204636001445,28,145.73529411764707,141.96969696969697,126.21212121212122,3038,2850,1505,2660,1917,1835
577,101,138.24,0.490625,28,146.0,142.12121212121212,126.36363636363636,3046,2855,1505,2665,1918,1835
578,105,138.44,0.49092892227679863,28,146.26470588235293,142.27272727272728,126.54545454545455,3054,2860,1506,2670,1919,1835
579,97,138.64,0.4911771494518177,28,146.55882352941177,142.42424242424244,126.6969696969697,3062,2865,1506,2675,1921,1835
580,106,138.85,0.4914620093626215,28,146.85294117647058,142.6060606060606,126.84848484848484,3070,2871,1506,2680,1923,1835
581,104,139.05,0.491747572815534,28,147.14705882352942,142.78787878787878,126.96969696969697,3078,2877,1506,2684,1925,1835
582,96,139.25,0.4920351885098744,28,147.44117647058823,142.96969696969697,127.0909090909091,3086,2883,1506,2688,1927,1835
583,97,139.45,0.49232197920401577,28,147.73529411764707,143.15151515151516,127.21212121212122,3094,2889,1506,2692,1929,1835
584,101,139.65,0.4926108127461511,28,148.02941176470588,143.33333333333334,127.33333333333333,3102,2895,1506,2696,1931,1835
585,102,139.85,0.49293028244547726,28,148.3235294117647,143.4848484848485,127.48484848484848,3110,2900,1508,2699,1933,1835
586,112,140.05,0.49327311674401997,28,148.61764705882354,143.66666666666666,127.60606060606061,3118,2906,1510,2701,1935,1835
587,106,140.26,0.4936161414515899,28,148.91176470588235,143.84848484848484,127.75757575757575,3126,2912,1512,2704,1937,1835
588,117,140.48,0.4938852505694761,28,149.23529411764707,144.03030303030303,127.9090909090909,3134,2918,1514,2707,1940,1835
589,115,140.71,0.494180228839457,28,149.58823529411765,144.21212121212122,128.06060606060606,3143,2924,1516,2710,1943,1835
590,105,140.93,0.4944447598098347,28,149.94117647058823,144.3939393939394,128.1818181818182,3152,2930,1517,2713,1946,1835
591,110,141.15,0.4947113000354233,28,150.2941176470588,144.57575757575756,128.3030303030303,3161,2936,1518,2716,1949,1835
592,112,141.37,0.4949784254085025,28,150.64705882352942,144.75757575757575,128.42424242424244,3170,2942,1519,2719,1952,1835
593,105,141.59,0.4952475457306307,28,151.0,144.93939393939394,128.54545454545453,3179,2948,1520,2722,1955,1835
594,110,141.81,0.4955172413793103,28,151.35294117647058,145.12121212121212,128.66666666666666,3188,2954,1521,2725,1958,1835
595,104,142.02,0.49575834389522605,28,151.7058823529412,145.27272727272728,128.78787878787878,3197,2959,1522,2728,1961,1835
596,105,142.22,0.4959639994374912,28,152.05882352941177,145.42424242424244,128.87878787878788,3206,2964,1522,2731,1964,1835
597,111,142.43,0.4962037492101383,28,152.41176470588235,145.6060606060606,128.96969696969697,3215,2970,1522,2734,1967,1835
598,108,142.64,0.49644419517666855,28,152.76470588235293,145.78787878787878,129.06060606060606,3224,2976,1522,2737,1970,1835
599,108,142.85,0.4966881344067203,28,153.11764705882354,145.96969696969697,129.15151515151516,3233,2982,1522,2740,1973,1835
600,107,143.04,0.49686381431767335,28,153.47058823529412,146.0909090909091,129.24242424242425,3242,2986,1522,2743,1976,1835
601,112,143.23,0.4970432172030999,28,153.8235294117647,146.21212121212122,129.33333333333334,3251,2990,1522,2746,1979,1835
602,102,143.42,0.49723051178357275,28,154.1764705882353,146.33333333333334,129.42424242424244,3260,2994,1522,2749,1982,1835
603,113,143.61,0.497421488754265,28,154.52941176470588,146.45454545454547,129.5151515151515,3269,2998,1522,2752,1985,1835
604,124,143.83,0.4977035389000904,28,154.88235294117646,146.6060606060606,129.66666666666666,3278,3003,1524,2755,1988,1835
605,131,144.06,0.49802026933222265,28,155.23529411764707,146.78787878787878,129.8181818181818,3287,3009,1526,2758,1991,1835
606,132,144.29,0.4983373761175411,28,155.58823529411765,146.96969696969697,129.96969696969697,3296,3015,1528,2761,1994,1835
607,123,144.5,0.4986782006920415,28,155.91176470588235,147.15151515151516,130.0909090909091,3305,3021,1529,2764,1996,1835
608,137,144.72,0.4989704256495301,28,156.26470588235293,147.33333333333334,130.21212121212122,3314,3027,1530,2767,1999,1835
609,136,144.94,0.499268662894991,28,156.61764705882354,147.5151515151515,130.33333333333334,3323,3033,1531,2770,2002,1835
610,135,145.16,0.4995742628823367,28,156.97058823529412,147.6969696969697,130.45454545454547,3332,3039,1532,2773,2005,1835
611,140,145.38,0.49988031366075114,28,157.3235294117647,147.87878787878788,130.57575757575756,3341,3045,1533,2776,2008,1835
612,127,145.6,0.5001909340659341,28,157.6764705882353,148.06060606060606,130.6969696969697,3350,3051,1534,2779,2011,1835
613,123,145.82,0.5005019887532574,28,158.02941176470588,148.24242424242425,130.8181818181818,3359,3057,1535,2782,2014,1835
614,129,146.03,0.5007868246250771,28,158.38235294117646,148.3939393939394,130.93939393939394,3368,3062,1536,2785,2017,1835
615,119,146.25,0.5010345299145299,28,158.73529411764707,148.57575757575756,131.06060606060606,3377,3067,1537,2788,2020,1836
616,109,146.47,0.5012855874923193,28,159.08823529411765,148.75757575757575,131.1818181818182,3386,3072,1538,2791,2023,1837
617,115,146.68,0.5015734933187892,28,159.44117647058823,148.9090909090909,131.3030303030303,3395,3077,1539,2794,2026,1837
618,119,146.88,0.501832788671024,28,159.7941176470588,149.03030303030303,131.42424242424244,3404,3081,1540,2797,2029,1837
619,112,147.07,0.5020636431631196,28,160.14705882352942,149.15151515151516,131.5151515151515,3413,3085,1540,2800,2032,1837
620,108,147.26,0.5022952600842048,28,160.5,149.27272727272728,131.6060606060606,3422,3089,1540,2803,2035,1837
621,108,147.44,0.502555615843733,28,160.8235294117647,149.3939393939394,131.6969696969697,3431,3093,1540,2806,2037,1837
622,106,147.61,0.5028229794729354,28,161.14705882352942,149.5151515151515,131.75757575757575,3440,3097,1540,2808,2039,1837
623,115,147.76,0.5030563075257174,28,161.47058823529412,149.6060606060606,131.78787878787878,3449,3100,1540,2809,2041,1837
624,121,147.91,0.503289162328443,28,161.7941176470588,149.6969696969697,131.8181818181818,3458,3103,1540,2810,2043,1837
625,121,148.06,0.5035215453194651,28,162.11764705882354,149.78787878787878,131.84848484848484,3467,3106,1540,2811,2045,1837
626,112,148.21,0.5037534579313137,28,162.44117647058823,149.87878787878788,131.87878787878788,3476,3109,1540,2812,2047,1837
627,112,148.36,0.5039849015907252,28,162.76470588235293,149.96969696969697,131.9090909090909,3485,3112,1540,2813,2049,1837
628,121,148.51,0.5042158777186722,28,163.08823529411765,150.06060606060606,131.93939393939394,3494,3115,1540,2814,2051,1837
629,112,148.66,0.5044463877303915,28,163.41176470588235,150.15151515151516,131.96969696969697,3503,3118,1540,2815,2053,1837
630,117,148.82,0.5046821663754871,28,163.73529411764707,150.24242424242425,132.03030303030303,3512,3121,1540,2817,2055,1837
631,113,148.98,0.50491743858236,28,164.05882352941177,150.33333333333334,132.0909090909091,3521,3124,1540,2819,2057,1837
632,106,149.14,0.5051535470028161,28,164.38235294117646,150.42424242424244,132.15151515151516,3530,3127,1540,2821,2059,1837
633,108,149.3,0.5053891493636973,28,164.7058823529412,150.5151515151515,132.21212121212122,3539,3130,1540,2823,2061,1837
634,107,149.46,0.5056255854409206,28,165.02941176470588,150.6060606060606,132.27272727272728,3548,3133,1540,2825,2063,1837
635,100,149.62,0.5058615158401283,28,165.35294117647058,150.6969696969697,132.33333333333334,3557,3136,1540,2827,2065,1837
636,99,149.78,0.5060969421818667,28,165.6764705882353,150.78787878787878,132.3939393939394,3566,3139,1540,2829,2067,1837
637,95,149.94,0.5063318660797652,28,166.0,150.87878787878788,132.45454545454547,3575,3142,1540,2831,2069,1837
638,94,150.1,0.5065676215856096,28,166.3235294117647,150.96969696969697,132.5151515151515,3584,3145,1540,2833,2071,1837
639,93,150.26,0.506804206042859,28,166.64705882352942,151.06060606060606,132.57575757575756,3593,3148,1540,2835,2073,1837
640,86,150.42,0.5070402871958516,28,166.97058823529412,151.15151515151516,132.63636363636363,3602,3151,1540,2837,2075,1837
641,86,150.57,0.5072517765823205,28,167.26470588235293,151.24242424242425,132.6969696969697,3610,3154,1540,2839,2077,1837
642,85,150.73,0.5074868971007762,28,167.58823529411765,151.33333333333334,132.75757575757575,3619,3157,1540,2841,2079,1837
643,84,150.89,0.5077215189873417,28,167.91176470588235,151.42424242424244,132.8181818181818,3628,3160,1540,2843,2081,1837
644,74,151.05,0.5079569678914266,28,168.23529411764707,151.5151515151515,132.87878787878788,3637,3163,1540,2845,2083,1837
645,76,151.21,0.5081919185239072,28,168.55882352941177,151.6060606060606,132.93939393939394,3646,3166,1540,2847,2085,1837
646,78,151.37,0.5084276937305939,28,168.88235294117646,151.6969696969697,133.0,3655,3169,1540,2849,2087,1837
647,74,151.53,0.5086629710288392,28,169.2058823529412,151.78787878787878,133.06060606060606,3664,3172,1540,2851,2089,1837
648,70,151.69,0.5088977519941987,28,169.52941176470588,151.87878787878788,133.12121212121212,3673,3175,1540,2853,2091,1837
649,69,151.82,0.5090844421024898,28,169.7941176470588,151.96969696969697,133.15151515151516,3680,3178,1540,2854,2093,1837
650,70,151.96,0.5092892866543827,28,170.08823529411765,152.06060606060606,133.1818181818182,3688,3181,1540,2855,2095,1837
651,67,152.11,0.5095003615804352,28,170.38235294117646,152.15151515151516,133.24242424242425,3696,3184,1540,2857,2097,1837
652,68,152.25,0.5097057471264368,28,170.6764705882353,152.24242424242425,133.27272727272728,3704,3187,1540,2858,2099,1837
653,63,152.39,0.5099107552989041,28,170.97058823529412,152.33333333333334,133.3030303030303,3712,3190,1540,2859,2101,1837
654,67,152.53,0.5101153871369566,28,171.26470588235293,152.42424242424244,133.33333333333334,3720,3193,1540,2860,2103,1837
655,69,152.66,0.5103262151185641,28,171.52941176470588,152.5151515151515,133.36363636363637,3728,3196,1540,2861,2104,1837
656,67,152.8,0.5105301047120419,28,171.8235294117647,152.6060606060606,133.3939393939394,3736,3199,1540,2862,2106,1837
657,62,152.94,0.510733621027854,28,172.11764705882354,152.6969696969697,133.42424242424244,3744,3202,1540,2863,2108,1837
658,66,153.08,0.510936765090149,28,172.41176470588235,152.78787878787878,133.45454545454547,3752,3205,1540,2864,2110,1837
659,61,153.22,0.5111395379193318,28,172.7058823529412,152.87878787878788,133.4848484848485,3760,3208,1540,2865,2112,1837
660,60,153.35,0.5113237691555266,28,172.97058823529412,152.96969696969697,133.5151515151515,3767,3211,1540,2866,2114,1837
661,65,153.48,0.5115063851967683,28,173.23529411764707,153.06060606060606,133.54545454545453,3774,3214,1540,2867,2116,1837
662,63,153.62,0.5117094128368702,28,173.52941176470588,153.15151515151516,133.57575757575756,3782,3217,1540,2868,2118,1837
663,58,153.76,0.5119133714880333,28,173.8235294117647,153.24242424242425,133.6060606060606,3790,3220,1540,2869,2120,1837
664,66,153.89,0.5120989018129832,28,174.08823529411765,153.33333333333334,133.63636363636363,3797,3223,1540,2870,2122,1837
665,62,154.02,0.5122841189455916,28,174.35294117647058,153.42424242424244,133.66666666666666,3804,3226,1540,2871,2124,1837
666,58,154.15,0.5124690236782355,28,174.61764705882354,153.5151515151515,133.6969696969697,3811,3229,1540,2872,2126,1837
667,65,154.29,0.5126728887160542,28,174.91176470588235,153.6060606060606,133.72727272727272,3819,3232,1540,2873,2128,1837
668,64,154.42,0.512859733195182,28,175.1764705882353,153.6969696969697,133.75757575757575,3826,3235,1540,2874,2130,1837
669,57,154.55,0.5130475574247817,28,175.44117647058823,153.78787878787878,133.78787878787878,3833,3238,1540,2875,2132,1837
670,58,154.69,0.5132413213523822,28,175.7058823529412,153.87878787878788,133.84848484848484,3840,3241,1540,2877,2134,1837
671,57,154.82,0.5134310812556517,28,175.97058823529412,153.96969696969697,133.87878787878788,3847,3244,1540,2878,2136,1837
672,50,154.95,0.5136076153597935,28,176.2058823529412,154.06060606060606,133.93939393939394,3853,3247,1540,2880,2138,1837
673,56,155.07,0.5137673308828271,28,176.44117647058823,154.15151515151516,133.96969696969697,3859,3250,1540,2881,2140,1837
674,50,155.19,0.5139152007216959,28,176.7058823529412,154.21212121212122,134.0,3866,3252,1540,2882,2142,1837
675,48,155.3,0.5140592401802963,28,176.97058823529412,154.27272727272728,134.0,3873,3254,1540,2882,2144,1837
676,49,155.41,0.5142043626536259,28,177.23529411764707,154.33333333333334,134.0,3880,3256,1540,2882,2146,1837
677,45,155.51,0.5143315542408848,28,177.47058823529412,154.3939393939394,134.0,3886,3258,1540,2882,2148,1837
678,44,155.61,0.5144585823533192,28,177.7058823529412,154.45454545454547,134.0,3892,3260,1540,2882,2150,1837
679,55,155.71,0.5145867317449104,28,177.94117647058823,154.5151515151515,134.0,3898,3262,1540,2882,2152,1837
680,58,155.83,0.514694859783097,28,178.2058823529412,154.57575757575756,134.03030303030303,3905,3264,1541,2882,2154,1837
681,63,155.96,0.5148332905873301,28,178.47058823529412,154.66666666666666,134.06060606060606,3912,3267,1542,2882,2156,1837
682,71,156.09,0.5149740534307131,28,178.73529411764707,154.75757575757575,134.0909090909091,3919,3270,1543,2882,2158,1837
683,72,156.23,0.5151436983933944,28,179.0,154.87878787878788,134.12121212121212,3926,3274,1544,2882,2160,1837
684,76,156.37,0.5153168766387415,28,179.26470588235293,155.0,134.15151515151516,3933,3278,1545,2882,2162,1837
685,71,156.51,0.5154910229378314,28,179.52941176470588,155.12121212121212,134.1818181818182,3940,3282,1546,2882,2164,1837
686,84,156.65,0.5156699648898819,28,179.7941176470588,155.24242424242425,134.21212121212122,3947,3286,1547,2882,2166,1837
687,79,156.79,0.5158485872823522,28,180.05882352941177,155.36363636363637,134.24242424242425,3954,3290,1548,2882,2168,1837
688,70,156.94,0.5159487702306614,28,180.3235294117647,155.4848484848485,134.3030303030303,3961,3294,1549,2883,2170,1837
689,76,157.09,0.5160500350117767,28,180.58823529411765,155.6060606060606,134.36363636363637,3968,3298,1550,2884,2172,1837
690,73,157.24,0.5160900534215213,28,180.85294117647058,155.6969696969697,134.45454545454547,3975,3301,1551,2886,2174,1837
691,63,157.4,0.5161613722998729,28,181.11764705882354,155.8181818181818,134.54545454545453,3982,3305,1552,2888,2176,1837
692,72,157.55,0.5162596001269438,28,181.38235294117646,155.93939393939394,134.6060606060606,3989,3309,1552,2890,2178,1837
693,70,157.69,0.516335214661678,28,181.64705882352942,156.03030303030303,134.66666666666666,3996,3312,1552,2892,2180,1837
694,62,157.83,0.5164144966102768,28,181.91176470588235,156.12121212121212,134.72727272727272,4003,3315,1552,2894,2182,1837
695,66,157.97,0.5164961701588909,28,182.1764705882353,156.21212121212122,134.78787878787878,4010,3318,1552,2896,2184,1837
696,68,158.1,0.5166198608475648,28,182.44117647058823,156.27272727272728,134.84848484848484,4017,3320,1552,2898,2186,1837
697,62,158.25,0.5167905213270142,28,182.73529411764707,156.36363636363637,134.9090909090909,4025,3323,1552,2900,2188,1837
698,64,158.41,0.5168935041979673,28,183.02941176470588,156.45454545454547,135.0,4033,3326,1553,2902,2190,1837
699,60,158.57,0.5169975405183831,28,183.3235294117647,156.54545454545453,135.0909090909091,4041,3329,1554,2904,2192,1837
700,56,158.7,0.5170611216131065,28,183.58823529411765,156.6060606060606,135.15151515151516,4048,3331,1555,2905,2194,1837
701,61,158.83,0.5172240760561607,28,183.85294117647058,156.6969696969697,135.1818181818182,4055,3334,1555,2906,2196,1837
702,60,158.96,0.5173867639657775,28,184.11764705882354,156.78787878787878,135.21212121212122,4062,3337,1555,2907,2198,1837
703,50,159.09,0.5175491859953485,28,184.38235294117646,156.87878787878788,135.24242424242425,4069,3340,1555,2908,2200,1837
704,60,159.2,0.5176771356783919,28,184.61764705882354,156.93939393939394,135.27272727272728,4075,3342,1555,2909,2202,1837
705,60,159.32,0.5178119507908612,28,184.88235294117646,157.0,135.3030303030303,4082,3344,1555,2910,2204,1837
706,56,159.45,0.5179774223894638,28,185.14705882352942,157.0909090909091,135.33333333333334,4089,3347,1555,2911,2206,1837
707,58,159.58,0.5181438776789071,28,185.41176470588235,157.1818181818182,135.36363636363637,4096,3350,1555,2912,2208,1837
708,63,159.71,0.5182950347504852,28,185.7058823529412,157.24242424242425,135.3939393939394,4104,3352,1555,2913,2210,1837
709,65,159.84,0.5184684684684684,28,185.97058823529412,157.33333333333334,135.42424242424244,4111,3355,1555,2914,2212,1837
710,70,159.97,0.518641620303807,28,186.23529411764707,157.42424242424244,135.45454545454547,4118,3358,1555,2915,2214,1837
711,77,160.11,0.5187502342139779,28,186.5,157.5151515151515,135.5151515151515,4125,3361,1556,2916,2216,1837
712,79,160.27,0.5188276034192301,28,186.76470588235293,157.6060606060606,135.63636363636363,4132,3364,1558,2918,2218,1837
713,75,160.43,0.5189085582497039,28,187.02941176470588,157.6969696969697,135.75757575757575,4139,3367,1560,2920,2220,1837
714,80,160.59,0.5189905971729248,28,187.2941176470588,157.78787878787878,135.87878787878788,4146,3370,1562,2922,2222,1837
715,80,160.74,0.5190991663556054,28,187.55882352941177,157.87878787878788,135.96969696969697,4153,3373,1563,2924,2224,1837
716,77,160.89,0.5192087761824848,28,187.8235294117647,157.96969696969697,136.06060606060606,4160,3376,1564,2926,2226,1837
717,82,161.05,0.5193262961813102,28,188.11764705882354,158.06060606060606,136.15151515151516,4168,3379,1565,2928,2228,1837
718,87,161.21,0.5194435829042863,28,188.41176470588235,158.15151515151516,136.24242424242425,4176,3382,1566,2930,2230,1837
719,83,161.37,0.519564355208527,28,188.7058823529412,158.24242424242425,136.33333333333334,4184,3385,1567,2932,2232,1837
720,97,161.53,0.5196861264161456,28,189.0,158.33333333333334,136.42424242424244,4192,3388,1568,2934,2234,1837
721,87,161.69,0.5198138413012555,28,189.2941176470588,158.42424242424244,136.5151515151515,4200,3391,1569,2936,2236,1837
722,86,161.85,0.5199462465245598,28,189.58823529411765,158.5151515151515,136.6060606060606,4208,3394,1570,2938,2238,1837
723,99,162.02,0.5200938155783237,28,189.91176470588235,158.6060606060606,136.6969696969697,4217,3397,1571,2940,2240,1837
724,100,162.19,0.520242308403724,28,190.23529411764707,158.6969696969697,136.78787878787878,4226,3400,1572,2942,2242,1837
725,95,162.36,0.5203917220990392,28,190.55882352941177,158.78787878787878,136.87878787878788,4235,3403,1573,2944,2244,1837
726,99,162.53,0.5205445148587953,28,190.88235294117646,158.87878787878788,136.96969696969697,4244,3406,1574,2946,2246,1837
727,105,162.71,0.5207123102452216,28,191.2058823529412,158.96969696969697,137.0909090909091,4253,3409,1576,2948,2248,1837
728,99,162.89,0.5208846460801768,28,191.52941176470588,159.06060606060606,137.21212121212122,4262,3412,1578,2950,2250,1837
729,105,163.07,0.5210578279266573,28,191.85294117647058,159.15151515151516,137.33333333333334,4271,3415,1580,2952,2252,1837
730,105,163.25,0.521233078101072,28,192.1764705882353,159.24242424242425,137.45454545454547,4280,3418,1582,2954,2254,1837
731,96,163.43,0.5214116135348467,28,192.5,159.33333333333334,137.57575757575756,4289,3421,1584,2956,2256,1837
732,96,163.61,0.5215909785465436,28,192.8235294117647,159.42424242424244,137.6969696969697,4298,3424,1586,2958,2258,1837
733,108,163.79,0.5217736125526589,28,193.14705882352942,159.5151515151515,137.8181818181818,4307,3427,1588,2960,2260,1837
734,105,163.97,0.5219558455815089,28,193.47058823529412,159.6060606060606,137.93939393939394,4316,3430,1590,2962,2262,1837
735,107,164.16,0.5221174463937622,28,193.7941176470588,159.72727272727272,138.06060606060606,4325,3433,1592,2964,2264,1838
736,104,164.34,0.5222575149081173,28,194.08823529411765,159.84848484848484,138.1818181818182,4333,3436,1594,2966,2266,1839
737,110,164.52,0.5223972769268174,28,194.38235294117646,159.96969696969697,138.3030303030303,4341,3439,1596,2968,2268,1840
738,104,164.7,0.5225403764420158,28,194.6764705882353,160.0909090909091,138.42424242424244,4349,3442,1598,2970,2270,1841
739,101,164.88,0.5226843765162542,28,194.97058823529412,160.21212121212122,138.54545454545453,4357,3445,1600,2972,2272,1842
740,103,165.07,0.5227739746774096,28,195.26470588235293,160.36363636363637,138.66666666666666,4365,3448,1602,2974,2274,1844
741,102,165.26,0.5228669974585501,28,195.55882352941177,160.5151515151515,138.78787878787878,4373,3451,1604,2976,2276,1846
742,96,165.44,0.522948500967118,28,195.85294117647058,160.66666666666666,138.87878787878788,4381,3454,1605,2978,2278,1848
743,107,165.63,0.5229722876290527,28,196.14705882352942,160.8181818181818,139.0,4389,3457,1607,2980,2280,1850
744,106,165.82,0.5230635628995296,28,196.44117647058823,160.93939393939394,139.15151515151516,4397,3460,1610,2982,2282,1851
745,93,166.01,0.5231570387326064,28,196.73529411764707,161.06060606060606,139.3030303030303,4405,3463,1613,2984,2284,1852
746,95,166.2,0.5232503008423586,28,197.02941176470588,161.1818181818182,139.45454545454547,4413,3466,1616,2986,2286,1853
747,103,166.39,0.5233445519562473,28,197.3235294117647,161.3030303030303,139.6060606060606,4421,3469,1619,2988,2288,1854
748,105,166.58,0.5234878136631048,28,197.64705882352942,161.42424242424244,139.72727272727272,4430,3472,1621,2990,2290,1855
749,112,166.78,0.5235819642643003,28,197.97058823529412,161.57575757575756,139.84848484848484,4439,3475,1623,2992,2292,1857
750,112,166.99,0.5236271633031918,28,198.2941176470588,161.72727272727272,140.0,4448,3478,1625,2995,2294,1859
751,110,167.19,0.5236611041330224,28,198.58823529411765,161.87878787878788,140.15151515151516,4456,3481,1627,2998,2296,1861
752,114,167.39,0.5236985483003764,28,198.88235294117646,162.03030303030303,140.3030303030303,4464,3484,1629,3001,2298,1863
753,121,167.59,0.5237275493764545,28,199.2058823529412,162.15151515151516,140.45454545454547,4473,3486,1631,3004,2300,1865
754,125,167.79,0.5237648250789677,28,199.52941176470588,162.27272727272728,140.6060606060606,4482,3488,1633,3007,2302,1867
755,117,167.99,0.5238091553068636,28,199.85294117647058,162.3939393939394,140.75757575757575,4491,3490,1635,3010,2304,1869
756,115,168.19,0.523858136631191,28,200.1764705882353,162.5151515151515,140.9090909090909,4500,3492,1637,3013,2306,1871
757,116,168.39,0.5239117524793634,28,200.5,162.63636363636363,141.06060606060606,4509,3494,1639,3016,2308,1873
758,105,168.59,0.5239699863574352,28,200.8235294117647,162.75757575757575,141.21212121212122,4518,3496,1641,3019,2310,1875
759,101,168.78,0.524068017537623,28,201.14705882352942,162.84848484848484,141.36363636363637,4527,3498,1643,3022,2312,1876
760,107,168.96,0.5241536458333333,28,201.44117647058823,162.93939393939394,141.5151515151515,4536,3500,1645,3025,2313,1877
761,98,169.14,0.5242627409246778,28,201.76470588235293,163.03030303030303,141.63636363636363,4545,3502,1647,3027,2315,1878
762,94,169.33,0.5243861099627946,28,202.08823529411765,163.15151515151516,141.75757575757575,4554,3505,1649,3029,2317,1879
763,100,169.51,0.5244923603327237,28,202.38235294117646,163.27272727272728,141.87878787878788,4563,3508,1651,3031,2318,1880
764,107,169.68,0.524586280056577,28,202.64705882352942,163.3939393939394,142.0,4571,3511,1653,3033,2319,1881
765,112,169.87,0.5247242008594808,28,202.97058823529412,163.5151515151515,142.12121212121212,4580,3514,1655,3035,2321,1882
766,116,170.07,0.5248585876403834,28,203.2941176470588,163.63636363636363,142.27272727272728,4589,3517,1658,3037,2323,1883
767,125,170.28,0.5249718111346019,28,203.61764705882354,163.75757575757575,142.45454545454547,4598,3520,1662,3039,2325,1884
768,137,170.49,0.5250871018828084,28,203.91176470588235,163.9090909090909,142.63636363636363,4607,3524,1666,3041,2326,1885
769,144,170.72,0.5250960637300843,28,204.2058823529412,164.0909090909091,142.84848484848484,4616,3528,1671,3043,2327,1887
770,139,170.95,0.5251061713951448,28,204.5,164.27272727272728,143.06060606060606,4625,3532,1676,3045,2328,1889
771,149,171.18,0.5251209253417456,28,204.7941176470588,164.45454545454547,143.27272727272728,4634,3536,1681,3047,2329,1891
772,156,171.41,0.5251379732804388,28,205.08823529411765,164.63636363636363,143.4848484848485,4643,3540,1686,3049,2330,1893
773,150,171.65,0.5251214681036994,28,205.38235294117646,164.84848484848484,143.6969696969697,4652,3544,1691,3051,2331,1896
774,144,171.89,0.5251073360870324,28,205.6764705882353,165.06060606060606,143.9090909090909,4661,3548,1696,3053,2332,1899
775,162,172.13,0.525094405391274,28,205.97058823529412,165.27272727272728,144.12121212121212,4670,3552,1701,3055,2333,1902
776,155,172.38,0.5251061608075183,28,206.2941176470588,165.4848484848485,144.33333333333334,4679,3556,1706,3057,2335,1905
777,142,172.63,0.5251178821757516,28,206.61764705882354,165.6969696969697,144.54545454545453,4688,3560,1711,3059,2337,1908
778,155,172.89,0.525088206373995,28,206.94117647058823,165.93939393939394,144.75757575757575,4697,3564,1716,3061,2339,1912
779,146,173.13,0.5251273609426442,28,207.26470588235293,166.15151515151516,144.93939393939394,4706,3568,1720,3063,2341,1915
780,140,173.37,0.5251687143104343,28,207.58823529411765,166.36363636363637,145.12121212121212,4715,3572,1724,3065,2343,1918
781,153,173.6,0.5252361751152074,28,207.91176470588235,166.57575757575756,145.27272727272728,4724,3576,1727,3067,2345,1921
782,162,173.84,0.5252646111366774,28,208.26470588235293,166.78787878787878,145.42424242424244,4733,3580,1730,3069,2348,1924
783,157,174.1,0.5252992533026997,28,208.61764705882354,167.03030303030303,145.6060606060606,4742,3585,1734,3071,2351,1927
784,155,174.36,0.5253395274145446,28,208.97058823529412,167.27272727272728,145.78787878787878,4751,3590,1738,3073,2354,1930
785,167,174.63,0.5252986313920861,28,209.35294117647058,167.5151515151515,145.96969696969697,4760,3595,1742,3075,2358,1933
786,159,174.89,0.5252884670364228,28,209.73529411764707,167.72727272727272,146.15151515151516,4769,3600,1746,3077,2362,1935
787,158,175.17,0.5252115088200034,28,210.11764705882354,168.0,146.33333333333334,4778,3605,1750,3079,2366,1939
788,154,175.45,0.5251382160159589,28,210.5,168.27272727272728,146.5151515151515,4787,3610,1754,3081,2370,1943
789,156,175.73,0.5250674329937973,28,210.88235294117646,168.54545454545453,146.6969696969697,4796,3615,1758,3083,2374,1947
790,148,176.02,0.5249767071923646,28,211.26470588235293,168.8181818181818,146.9090909090909,4805,3620,1763,3085,2378,1951
791,152,176.31,0.5248908173104191,28,211.64705882352942,169.0909090909091,147.12121212121212,4814,3625,1768,3087,2382,1955
792,142,176.59,0.5247867942692112,28,212.02941176470588,169.33333333333334,147.33333333333334,4823,3629,1773,3089,2386,1959
793,139,176.86,0.524704285875834,28,212.41176470588235,169.57575757575756,147.5151515151515,4832,3633,1777,3091,2390,1963
794,140,177.12,0.5246488256549232,28,212.7941176470588,169.8181818181818,147.66666666666666,4841,3637,1780,3093,2394,1967
795,115,177.37,0.5245684163048994,28,213.1764705882353,170.03030303030303,147.8181818181818,4850,3640,1783,3095,2398,1971
796,113,177.6,0.5244921171171171,28,213.52941176470588,170.24242424242425,147.93939393939394,4859,3643,1786,3096,2401,1975
797,121,177.82,0.5244055786750647,28,213.85294117647058,170.45454545454547,148.06060606060606,4867,3646,1789,3097,2404,1979
798,117,178.04,0.5243922713996855,28,214.23529411764707,170.63636363636363,148.15151515151516,4876,3649,1791,3098,2408,1982
799,113,178.26,0.5243453382699428,28,214.58823529411765,170.8181818181818,148.27272727272728,4884,3652,1794,3099,2412,1985
800,115,178.48,0.5243018825638727,28,214.94117647058823,171.0,148.3939393939394,4892,3655,1797,3100,2416,1988
801,117,178.7,0.5242585338556239,28,215.2941176470588,171.1818181818182,148.5151515151515,4900,3658,1800,3101,2420,1991
802,122,178.92,0.5242186452045607,28,215.64705882352942,171.36363636363637,148.63636363636363,4908,3661,1803,3102,2424,1994
803,122,179.13,0.5242019762183889,28,216.0,171.54545454545453,148.72727272727272,4916,3664,1805,3103,2428,1997
804,112,179.35,0.5241644828547533,28,216.35294117647058,171.72727272727272,148.84848484848484,4924,3667,1808,3104,2432,2000
805,107,179.58,0.5240795188773806,28,216.73529411764707,171.9090909090909,148.96969696969697,4932,3670,1811,3105,2437,2003
806,109,179.8,0.5239755283648498,28,217.08823529411765,172.0909090909091,149.0909090909091,4939,3673,1814,3106,2442,2006
807,112,180.01,0.5238925615243598,28,217.44117647058823,172.27272727272728,149.1818181818182,4946,3676,1816,3107,2447,2009
808,107,180.24,0.5238171327119396,28,217.8235294117647,172.45454545454547,149.3030303030303,4954,3679,1819,3108,2452,2012
809,111,180.47,0.5237441125948912,28,218.2058823529412,172.63636363636363,149.42424242424244,4962,3682,1822,3109,2457,2015
810,106,180.7,0.5236768123962369,28,218.58823529411765,172.8181818181818,149.54545454545453,4970,3685,1825,3110,2462,2018
811,110,180.93,0.5235499917095009,28,218.97058823529412,173.03030303030303,149.63636363636363,4978,3688,1827,3111,2467,2022
812,107,181.17,0.5234084009493846,28,219.35294117647058,173.24242424242425,149.75757575757575,4986,3691,1830,3112,2472,2026
813,106,181.39,0.5233899332929048,28,219.7058823529412,173.42424242424244,149.87878787878788,4994,3694,1833,3113,2476,2029
814,110,181.59,0.523364172035905,28,220.0,173.6060606060606,150.0,5001,3697,1836,3114,2479,2032
815,117,181.79,0.523334066780351,28,220.2941176470588,173.78787878787878,150.12121212121212,5008,3700,1839,3115,2482,2035
816,120,182.0,0.5232868131868131,28,220.58823529411765,173.96969696969697,150.27272727272728,5015,3703,1843,3116,2485,2038
817,111,182.21,0.5232440590527413,28,220.88235294117646,174.15151515151516,150.42424242424244,5022,3706,1847,3117,2488,2041
818,119,182.43,0.5231798498054048,28,221.1764705882353,174.36363636363637,150.57575757575756,5029,3709,1851,3118,2491,2045
819,116,182.64,0.5231340341655717,28,221.47058823529412,174.57575757575756,150.6969696969697,5036,3712,1854,3119,2494,2049
820,120,182.87,0.5230989227319953,28,221.8235294117647,174.78787878787878,150.8181818181818,5044,3715,1857,3120,2498,2053
821,115,183.1,0.5230660841070454,28,222.1764705882353,175.0,150.93939393939394,5052,3718,1860,3121,2502,2057
822,113,183.33,0.5230366006654666,28,222.52941176470588,175.21212121212122,151.06060606060606,5060,3721,1863,3122,2506,2061
823,111,183.56,0.5230115493571584,28,222.88235294117646,175.42424242424244,151.1818181818182,5068,3724,1866,3123,2510,2065
824,106,183.79,0.5229898253441427,28,223.23529411764707,175.63636363636363,151.3030303030303,5076,3727,1869,3124,2514,2069
825,107,184.02,0.5229703293120312,28,223.58823529411765,175.84848484848484,151.42424242424244,5084,3730,1872,3125,2518,2073
826,88,184.24,0.5229635258358662,28,223.94117647058823,176.06060606060606,151.5151515151515,5092,3733,1875,3125,2522,2077
827,82,184.45,0.5229487666034156,28,224.2941176470588,176.24242424242425,151.6060606060606,5100,3735,1878,3125,2526,2081
828,81,184.67,0.5229485027346077,28,224.64705882352942,176.45454545454547,151.6969696969697,5108,3738,1881,3125,2530,2085
829,74,184.89,0.5228984801774028,28,225.02941176470588,176.63636363636363,151.78787878787878,5116,3740,1884,3125,2535,2089
830,84,185.12,0.5227409248055316,28,225.44117647058823,176.84848484848484,151.84848484848484,5124,3742,1886,3125,2541,2094
831,90,185.33,0.5226714509253764,28,225.76470588235293,177.0909090909091,151.9090909090909,5130,3746,1888,3125,2546,2098
832,89,185.55,0.5226014551333872,28,226.14705882352942,177.3030303030303,151.96969696969697,5138,3750,1889,3126,2551,2101
833,101,185.76,0.5224816968130921,28,226.52941176470588,177.4848484848485,152.03030303030303,5146,3752,1890,3127,2556,2105
834,98,185.97,0.5223740388234661,28,226.88235294117646,177.66666666666666,152.12121212121212,5154,3754,1892,3128,2560,2109
835,110,186.21,0.5222463884861178,28,227.26470588235293,177.93939393939394,152.1818181818182,5162,3758,1893,3129,2565,2114
836,102,186.47,0.5221295650774923,28,227.64705882352942,178.21212121212122,152.3030303030303,5170,3762,1896,3130,2570,2119
837,96,186.74,0.5220263467923316,28,228.05882352941177,178.4848484848485,152.42424242424244,5179,3766,1899,3131,2575,2124
838,94,187.0,0.5219080213903743,28,228.47058823529412,178.72727272727272,152.54545454545453,5188,3769,1902,3132,2580,2129
839,89,187.23,0.5218058003525077,28,228.8235294117647,178.93939393939394,152.66666666666666,5195,3772,1905,3133,2585,2133
840,92,187.47,0.5217042726836294,28,229.2058823529412,179.15151515151516,152.78787878787878,5203,3775,1908,3134,2590,2137
841,106,187.69,0.5216500612712451,28,229.55882352941177,179.36363636363637,152.87878787878788,5211,3778,1910,3135,2594,2141
842,104,187.92,0.5216187739463601,28,229.94117647058823,179.57575757575756,152.96969696969697,5220,3781,1912,3136,2598,2145
843,102,188.15,0.5215822482062185,28,230.2941176470588,179.8181818181818,153.06060606060606,5229,3785,1914,3137,2601,2149
844,96,188.39,0.5214517755719519,28,230.64705882352942,180.06060606060606,153.1818181818182,5238,3788,1916,3139,2604,2154
845,85,188.62,0.5213254161806807,28,231.0,180.27272727272728,153.3030303030303,5247,3790,1918,3141,2607,2159
846,83,188.85,0.5212099549907334,28,231.35294117647058,180.4848484848485,153.42424242424244,5256,3792,1920,3143,2610,2164
847,93,189.08,0.5211434313518087,28,231.6764705882353,180.72727272727272,153.54545454545453,5265,3795,1922,3145,2612,2169
848,79,189.31,0.5210865775711795,28,231.97058823529412,180.96969696969697,153.6969696969697,5273,3798,1925,3147,2614,2174
849,81,189.53,0.5210547142932517,28,232.2941176470588,181.1818181818182,153.8181818181818,5281,3800,1928,3148,2617,2179
850,80,189.75,0.5210292490118578,28,232.61764705882354,181.3939393939394,153.93939393939394,5289,3802,1931,3149,2620,2184
851,76,189.94,0.5210540170580183,28,232.91176470588235,181.57575757575756,154.03030303030303,5297,3804,1933,3150,2622,2188
852,79,190.12,0.5211739953713443,28,233.1764705882353,181.78787878787878,154.0909090909091,5304,3807,1935,3150,2624,2192
853,78,190.31,0.5212563711838579,28,233.47058823529412,182.0,154.15151515151516,5312,3809,1937,3150,2626,2197
854,64,190.51,0.5213568841530628,28,233.76470588235293,182.24242424242425,154.21212121212122,5320,3812,1939,3150,2628,2202
855,68,190.68,0.5214086427522551,28,234.0,182.4848484848485,154.24242424242425,5326,3815,1940,3150,2630,2207
856,76,190.84,0.5215195975686439,28,234.23529411764707,182.66666666666666,154.3030303030303,5332,3818,1942,3150,2632,2210
857,68,191.01,0.5215543688812104,28,234.47058823529412,182.87878787878788,154.36363636363637,5338,3821,1944,3150,2634,2214
858,71,191.19,0.5215654584444793,28,234.73529411764707,183.0909090909091,154.42424242424244,5344,3824,1946,3150,2637,2218
859,78,191.36,0.5215625,28,235.0,183.3030303030303,154.45454545454547,5350,3827,1947,3150,2640,2222
860,66,191.54,0.5215756499947791,28,235.26470588235293,183.5151515151515,154.5151515151515,5356,3830,1949,3150,2643,2226
861,67,191.71,0.5216185905795211,28,235.5,183.72727272727272,154.57575757575756,5362,3833,1951,3150,2645,2230
862,68,191.88,0.521680216802168,28,235.76470588235293,183.9090909090909,154.63636363636363,5368,3836,1953,3150,2648,2233
863,61,192.04,0.5217256821495522,28,236.02941176470588,184.0909090909091,154.66666666666666,5374,3839,1954,3150,2651,2236
864,62,192.18,0.5217858257883234,28,236.2941176470588,184.1818181818182,154.72727272727272,5380,3840,1956,3150,2654,2238
865,63,192.32,0.5218479617304492,28,236.55882352941177,184.27272727272728,154.78787878787878,5386,3841,1958,3150,2657,2240
866,59,192.45,0.521899194595999,28,236.7941176470588,184.36363636363637,154.84848484848484,5391,3842,1960,3150,2660,2242
867,63,192.59,0.521911314190768,28,237.02941176470588,184.5151515151515,154.87878787878788,5396,3845,1961,3150,2663,2244
868,66,192.74,0.5219414755629345,28,237.26470588235293,184.66666666666666,154.93939393939394,5401,3848,1963,3150,2666,2246
869,61,192.88,0.5220261302364164,28,237.47058823529412,184.8181818181818,155.0,5406,3851,1965,3150,2668,2248
870,63,193.04,0.5220990468296727,28,237.6764705882353,185.0,155.0909090909091,5411,3855,1968,3150,2670,2250
871,72,193.19,0.522155908690926,28,237.88235294117646,185.1818181818182,155.15151515151516,5416,3859,1970,3150,2672,2252
872,58,193.36,0.5221307405875052,28,238.11764705882354,185.3939393939394,155.21212121212122,5421,3863,1972,3150,2675,2255
873,58,193.51,0.5221420081649527,28,238.3235294117647,185.57575757575756,155.27272727272728,5426,3866,1974,3150,2677,2258
874,59,193.65,0.5221869351923574,28,238.52941176470588,185.72727272727272,155.33333333333334,5431,3868,1976,3150,2679,2261
875,54,193.76,0.5222801403798514,28,238.73529411764707,185.8181818181818,155.36363636363637,5436,3869,1977,3150,2681,2263
876,58,193.87,0.5223732397998659,28,238.94117647058823,185.9090909090909,155.3939393939394,5441,3870,1978,3150,2683,2265
877,66,194.0,0.5224,28,239.1764705882353,186.0,155.45454545454547,5446,3871,1980,3150,2686,2267
878,58,194.14,0.5224425672195323,28,239.41176470588235,186.12121212121212,155.5151515151515,5451,3873,1982,3150,2689,2269
879,53,194.28,0.5224871319744698,28,239.64705882352942,186.24242424242425,155.57575757575756,5456,3875,1984,3150,2692,2271
880,59,194.4,0.5225421810699589,28,239.88235294117646,186.33333333333334,155.6060606060606,5461,3876,1985,3150,2695,2273
881,50,194.52,0.5225971622455274,28,240.11764705882354,186.42424242424244,155.63636363636363,5466,3877,1986,3150,2698,2275
882,48,194.63,0.5226660843652058,28,240.35294117647058,186.4848484848485,155.66666666666666,5471,3878,1987,3150,2701,2276
883,55,194.74,0.5227349286227791,28,240.58823529411765,186.54545454545453,155.6969696969697,5476,3879,1988,3150,2704,2277
884,48,194.84,0.5228423321699857,28,240.7941176470588,186.6060606060606,155.72727272727272,5481,3880,1989,3150,2706,2278
885,47,194.94,0.5229496255258028,28,241.0,186.66666666666666,155.75757575757575,5486,3881,1990,3150,2708,2279
886,55,195.04,0.5230568088597211,28,241.2058823529412,186.72727272727272,155.78787878787878,5491,3882,1991,3150,2710,2280
887,54,195.14,0.5231638823408835,28,241.41176470588235,186.78787878787878,155.8181818181818,5496,3883,1992,3150,2712,2281
888,54,195.26,0.5232766567653385,28,241.61764705882354,186.87878787878788,155.87878787878788,5501,3884,1994,3150,2714,2283
889,60,195.38,0.5233892926604565,28,241.8235294117647,186.96969696969697,155.93939393939394,5506,3885,1996,3150,2716,2285
890,54,195.5,0.5235017902813299,28,242.02941176470588,187.06060606060606,156.0,5511,3886,1998,3150,2718,2287
891,58,195.61,0.5235984867849292,28,242.23529411764707,187.15151515151516,156.03030303030303,5516,3887,1999,3150,2720,2289
892,69,195.74,0.5236926535199755,28,242.44117647058823,187.24242424242425,156.12121212121212,5521,3888,2002,3150,2722,2291
893,65,195.87,0.5237887374278859,28,242.64705882352942,187.33333333333334,156.21212121212122,5526,3889,2005,3150,2724,2293
894,66,196.01,0.5238615376766491,28,242.88235294117646,187.42424242424244,156.3030303030303,5531,3890,2008,3150,2727,2295
895,71,196.14,0.5239206689099623,28,243.11764705882354,187.5151515151515,156.36363636363637,5536,3891,2010,3150,2730,2297
896,69,196.28,0.5239973507234563,28,243.35294117647058,187.6060606060606,156.45454545454547,5541,3892,2013,3150,2733,2299
897,64,196.42,0.5240749414519906,28,243.58823529411765,187.6969696969697,156.54545454545453,5546,3893,2016,3150,2736,2301
898,65,196.56,0.5241534391534391,28,243.8235294117647,187.78787878787878,156.63636363636363,5551,3894,2019,3150,2739,2303
899,64,196.69,0.524217296252987,28,244.05882352941177,187.87878787878788,156.6969696969697,5556,3895,2021,3150,2742,2305
900,67,196.81,0.5242960215436208,28,244.2941176470588,187.96969696969697,156.72727272727272,5561,3896,2022,3150,2745,2307
901,68,196.95,0.5243752221375984,28,244.52941176470588,188.06060606060606,156.8181818181818,5566,3897,2025,3150,2748,2309
902,66,197.09,0.5244553249784363,28,244.76470588235293,188.15151515151516,156.9090909090909,5571,3898,2028,3150,2751,2311
903,61,197.23,0.5245363281448056,28,245.0,188.24242424242425,157.0,5576,3899,2031,3150,2754,2313
904,70,197.35,0.524616670889283,28,245.23529411764707,188.33333333333334,157.03030303030303,5581,3900,2032,3150,2757,2315
905,68,197.49,0.5246974530355968,28,245.47058823529412,188.42424242424244,157.12121212121212,5586,3901,2035,3150,2760,2317
906,63,197.63,0.5247791327227648,28,245.7058823529412,188.5151515151515,157.21212121212122,5591,3902,2038,3150,2763,2319
907,64,197.77,0.5248637305961471,28,245.94117647058823,188.6060606060606,157.3030303030303,5596,3903,2041,3150,2766,2321
908,67,197.89,0.5249497195411592,28,246.1764705882353,188.6969696969697,157.33333333333334,5601,3904,2042,3150,2769,2323
909,63,198.02,0.525052014947985,28,246.41176470588235,188.78787878787878,157.3939393939394,5606,3905,2044,3150,2772,2325
910,65,198.15,0.525154176129195,28,246.64705882352942,188.87878787878788,157.45454545454547,5611,3906,2046,3150,2775,2327
911,64,198.28,0.5252562033487996,28,246.88235294117646,188.96969696969697,157.5151515151515,5616,3907,2048,3150,2778,2329
912,67,198.4,0.52534375,28,247.11764705882354,189.06060606060606,157.54545454545453,5621,3908,2049,3150,2781,2331
913,68,198.54,0.5254336657600484,28,247.35294117647058,189.15151515151516,157.63636363636363,5626,3909,2052,3150,2784,2333
914,66,198.68,0.5255234548016912,28,247.58823529411765,189.24242424242425,157.72727272727272,5631,3910,2055,3150,2787,2335
915,61,198.82,0.525614123327633,28,247.8235294117647,189.33333333333334,157.8181818181818,5636,3911,2058,3150,2790,2337
916,70,198.94,0.525704232431889,28,248.05882352941177,189.42424242424244,157.84848484848484,5641,3912,2059,3150,2793,2339
917,65,199.08,0.5257866184448463,28,248.2941176470588,189.5151515151515,157.93939393939394,5646,3913,2061,3151,2796,2341
918,60,199.22,0.5258719004116053,28,248.52941176470588,189.6060606060606,158.03030303030303,5651,3914,2063,3152,2799,2343
919,61,199.36,0.525957062600321,28,248.76470588235293,189.6969696969697,158.12121212121212,5656,3915,2065,3153,2802,2345
920,61,199.48,0.5260497292961701,28,249.0,189.78787878787878,158.15151515151516,5661,3916,2066,3153,2805,2347
921,60,199.61,0.526141475877962,28,249.23529411764707,189.84848484848484,158.24242424242425,5666,3917,2068,3154,2808,2348
922,65,199.74,0.5262361069390207,28,249.47058823529412,189.9090909090909,158.33333333333334,5671,3918,2070,3155,2811,2349
923,64,199.87,0.5263306148996848,28,249.7058823529412,189.96969696969697,158.42424242424244,5676,3919,2072,3156,2814,2350
924,66,200.0,0.526432,28,249.94117647058823,190.06060606060606,158.4848484848485,5681,3920,2073,3157,2817,2352
925,71,200.13,0.5265332533852995,28,250.1764705882353,190.15151515151516,158.54545454545453,5686,3921,2074,3158,2820,2354
926,63,200.27,0.5266225595446148,28,250.41176470588235,190.24242424242425,158.63636363636363,5691,3922,2076,3159,2823,2356
927,61,200.41,0.5267127388852851,28,250.64705882352942,190.33333333333334,158.72727272727272,5696,3923,2078,3160,2826,2358
928,62,200.55,0.5268027923211169,28,250.88235294117646,190.42424242424244,158.8181818181818,5701,3924,2080,3161,2829,2360
929,58,200.68,0.526907514450867,28,251.11764705882354,190.5151515151515,158.87878787878788,5706,3925,2081,3162,2832,2362
930,58,200.8,0.5270029880478088,28,251.35294117647058,190.57575757575756,158.93939393939394,5711,3926,2083,3162,2835,2363
931,61,200.92,0.5270983476010352,28,251.58823529411765,190.63636363636363,159.0,5716,3927,2085,3162,2838,2364
932,55,201.04,0.5271955829685635,28,251.8235294117647,190.6969696969697,159.06060606060606,5721,3928,2087,3162,2841,2365
933,59,201.15,0.527305493412876,28,252.05882352941177,190.75757575757575,159.0909090909091,5726,3929,2088,3162,2844,2366
934,62,201.27,0.5274024941620709,28,252.2941176470588,190.8181818181818,159.15151515151516,5731,3930,2090,3162,2847,2367
935,56,201.39,0.5274993793137693,28,252.52941176470588,190.87878787878788,159.21212121212122,5736,3931,2092,3162,2850,2368
936,56,201.51,0.527597141581063,28,252.76470588235293,190.93939393939394,159.27272727272728,5741,3932,2094,3162,2853,2369
937,63,201.62,0.527707568693582,28,253.0,191.0,159.3030303030303,5746,3933,2095,3162,2856,2370
938,57,201.74,0.5278060870427282,28,253.23529411764707,191.06060606060606,159.36363636363637,5751,3934,2097,3162,2859,2371
939,63,201.86,0.5279044882591895,28,253.47058823529412,191.12121212121212,159.42424242424244,5756,3935,2099,3162,2862,2372
940,71,201.99,0.5280197039457399,28,253.7058823529412,191.1818181818182,159.5151515151515,5761,3936,2102,3162,2865,2373
941,68,202.11,0.5281475434169511,28,253.94117647058823,191.24242424242425,159.57575757575756,5766,3937,2104,3162,2868,2374
942,68,202.23,0.5282752311724274,28,254.1764705882353,191.3030303030303,159.63636363636363,5771,3938,2106,3162,2871,2375
943,79,202.36,0.528391974698557,28,254.41176470588235,191.36363636363637,159.72727272727272,5776,3939,2109,3162,2874,2376
944,76,202.51,0.5285195792800356,28,254.6764705882353,191.45454545454547,159.8181818181818,5782,3940,2112,3162,2877,2378
945,81,202.67,0.5286302856860907,28,254.94117647058823,191.54545454545453,159.93939393939394,5788,3941,2116,3162,2880,2380
946,84,202.85,0.5286916440719743,28,255.26470588235293,191.63636363636363,160.06060606060606,5795,3942,2120,3162,2884,2382
947,73,203.02,0.528765638853315,28,255.58823529411765,191.72727272727272,160.15151515151516,5802,3943,2123,3162,2888,2384
948,70,203.17,0.528807894866368,28,255.85294117647058,191.8181818181818,160.24242424242425,5807,3944,2126,3162,2892,2386
949,82,203.32,0.5288559905567578,28,256.11764705882354,191.9090909090909,160.33333333333334,5812,3945,2129,3162,2896,2388
950,73,203.47,0.5289040153339559,28,256.38235294117646,192.0,160.42424242424244,5817,3946,2132,3162,2900,2390
951,60,203.63,0.5289421990865786,28,256.6470588235294,192.0909090909091,160.54545454545453,5822,3947,2136,3162,2904,2392
952,78,203.78,0.5289959760526057,28,256.9117647058824,192.1818181818182,160.63636363636363,5827,3948,2139,3162,2908,2394
953,76,203.92,0.5291065123577874,28,257.1470588235294,192.27272727272728,160.72727272727272,5832,3949,2142,3162,2911,2396
954,65,204.06,0.5292168969910811,28,257.38235294117646,192.36363636363637,160.8181818181818,5837,3950,2145,3162,2914,2398
955,75,204.2,0.5293271302644466,28,257.61764705882354,192.45454545454547,160.9090909090909,5842,3951,2148,3162,2917,2400
956,73,204.34,0.529437212488989,28,257.8529411764706,192.54545454545453,161.0,5847,3952,2151,3162,2920,2402
957,65,204.48,0.5295491001564945,28,258.0882352941176,192.63636363636363,161.0909090909091,5852,3953,2154,3162,2923,2404
958,67,204.61,0.529668637896486,28,258.3235294117647,192.6969696969697,161.1818181818182,5857,3954,2157,3162,2926,2405
959,63,204.74,0.5297890006837941,28,258.55882352941177,192.75757575757575,161.27272727272728,5862,3955,2160,3162,2929,2406
960,65,204.87,0.5298818763118075,28,258.7647058823529,192.84848484848484,161.36363636363637,5867,3956,2163,3162,2931,2408
961,68,204.99,0.5299814625103664,28,258.97058823529414,192.9090909090909,161.45454545454547,5872,3957,2166,3162,2933,2409
962,71,205.11,0.5300809321827312,28,259.1764705882353,192.96969696969697,161.54545454545453,5877,3958,2169,3162,2935,2410
963,71,205.23,0.5301802855333041,28,259.38235294117646,193.03030303030303,161.63636363636363,5882,3959,2172,3162,2937,2411
964,71,205.35,0.5302804967129291,28,259.5882352941176,193.0909090909091,161.72727272727272,5887,3960,2175,3162,2939,2412
965,76,205.48,0.5303747323340471,28,259.79411764705884,193.1818181818182,161.8181818181818,5892,3961,2178,3162,2941,2414
966,69,205.61,0.530469821506736,28,260.0,193.27272727272728,161.9090909090909,5897,3962,2181,3162,2943,2416
967,70,205.75,0.5305851761846901,28,260.2352941176471,193.36363636363637,162.0,5902,3963,2184,3162,2946,2418
968,65,205.89,0.530700373986109,28,260.47058823529414,193.45454545454547,162.0909090909091,5907,3964,2187,3162,2949,2420
969,64,206.02,0.5308115716920687,28,260.70588235294116,193.54545454545453,162.15151515151516,5912,3965,2189,3162,2952,2422
970,62,206.16,0.530883779588669,28,260.97058823529414,193.63636363636363,162.21212121212122,5917,3966,2191,3162,2956,2424
971,60,206.3,0.5309578284052351,28,261.2352941176471,193.72727272727272,162.27272727272728,5922,3967,2193,3162,2960,2426
972,63,206.45,0.5310356018406394,28,261.5,193.8181818181818,162.36363636363637,5927,3968,2196,3162,2964,2428
973,69,206.6,0.5311161665053243,28,261.7647058823529,193.9090909090909,162.45454545454547,5932,3969,2199,3162,2968,2430
974,66,206.75,0.5312120918984281,28,262.02941176470586,194.03030303030303,162.5151515151515,5937,3971,2201,3162,2972,2432
975,69,206.9,0.5312837119381344,28,262.2647058823529,194.15151515151516,162.6060606060606,5941,3973,2204,3162,2976,2434
976,65,207.06,0.5314102192601178,28,262.5,194.3030303030303,162.6969696969697,5946,3975,2207,3162,2979,2437
977,62,207.21,0.5315298489455142,28,262.7352941176471,194.42424242424244,162.78787878787878,5951,3976,2210,3162,2982,2440
978,71,207.36,0.5316493055555556,28,262.97058823529414,194.54545454545453,162.87878787878788,5956,3977,2213,3162,2985,2443
979,59,207.51,0.5317685894655679,28,263.20588235294116,194.66666666666666,162.96969696969697,5961,3978,2216,3162,2988,2446
980,57,207.65,0.5318858656392969,28,263.44117647058823,194.78787878787878,163.03030303030303,5966,3979,2218,3162,2991,2449
981,61,207.79,0.5320154964146494,28,263.6764705882353,194.9090909090909,163.0909090909091,5971,3980,2220,3162,2994,2452
982,60,207.92,0.532085417468257,28,263.94117647058823,195.0,163.12121212121212,5976,3980,2221,3162,2998,2455
983,61,208.06,0.5321599538594637,28,264.1764705882353,195.12121212121212,163.1818181818182,5981,3981,2223,3162,3001,2458
984,70,208.21,0.5322285192834157,28,264.4117647058824,195.24242424242425,163.27272727272728,5986,3982,2226,3162,3004,2461
985,60,208.37,0.5323199116955416,28,264.6764705882353,195.36363636363637,163.36363636363637,5991,3983,2229,3162,3008,2464
986,57,208.52,0.5324084020717437,28,264.94117647058823,195.4848484848485,163.42424242424244,5996,3984,2231,3162,3012,2467
987,57,208.67,0.5324986821296784,28,265.20588235294116,195.6060606060606,163.4848484848485,6001,3985,2233,3162,3016,2470
988,50,208.8,0.5325977011494253,28,265.44117647058823,195.6969696969697,163.54545454545453,6006,3985,2235,3162,3019,2473
989,51,208.91,0.5326585611028672,28,265.61764705882354,195.8181818181818,163.57575757575756,6010,3986,2236,3162,3021,2476
990,54,209.03,0.5327412333157919,28,265.8235294117647,195.93939393939394,163.6060606060606,6015,3987,2237,3162,3023,2479
991,45,209.15,0.5328238106622042,28,266.02941176470586,196.06060606060606,163.63636363636363,6020,3988,2238,3162,3025,2482
992,46,209.26,0.5328863614642072,28,266.2352941176471,196.15151515151516,163.66666666666666,6025,3988,2239,3162,3027,2485
993,53,209.37,0.5329459807995415,28,266.38235294117646,196.3030303030303,163.6969696969697,6029,3989,2240,3162,3028,2489
994,56,209.49,0.5330273521409137,28,266.55882352941177,196.45454545454547,163.72727272727272,6034,3990,2241,3162,3029,2493
995,63,209.63,0.5331302771549873,28,266.7352941176471,196.6060606060606,163.8181818181818,6039,3991,2244,3162,3030,2497
996,73,209.77,0.5332111360061019,28,266.94117647058823,196.72727272727272,163.9090909090909,6044,3991,2247,3162,3032,2501
997,70,209.92,0.5333003048780488,28,267.1470588235294,196.87878787878788,164.0,6048,3992,2250,3162,3035,2505
998,67,210.07,0.533390298471938,28,267.3529411764706,197.03030303030303,164.0909090909091,6052,3993,2253,3162,3038,2509
999,66,210.23,0.5334952195214765,28,267.5882352941176,197.1818181818182,164.1818181818182,6057,3994,2256,3162,3041,2513
1000,60,210.38,0.5335801882308204,28,267.8235294117647,197.3030303030303,164.27272727272728,6062,3994,2259,3162,3044,2517
