,TotalSugar,AvgSugarLevel,SugarGini,NumCooperators,RiskAverseAvgSugar,NeutralAvgSugar,RiskSeekingAvgSugar,RiskAverseCoopSugar,NeutralCoopSugar,RiskSeekingCoopSugar,RiskSeekingNonCoopSugar,RiskAverseNonCoopSugar,NeutralNonCoopSugar
0,4622,0.0,0.0,28,0.0,0.0,0.0,0,0,0,0,0,0
1,4539,0.86,0.14,28,0.7647058823529411,0.8181818181818182,1.0,9,8,9,24,17,19
2,4456,1.72,0.14,28,1.5294117647058822,1.6363636363636365,2.0,18,16,18,48,34,38
3,4373,2.58,0.14,28,2.2941176470588234,2.4545454545454546,3.0,27,24,27,72,51,57
4,4290,3.44,0.14,28,3.0588235294117645,3.272727272727273,4.0,36,32,36,96,68,76
5,4205,4.32,0.13592592592592595,28,3.8823529411764706,4.090909090909091,5.0,46,40,45,120,86,95
6,4116,5.21,0.13149712092130514,28,4.735294117647059,4.909090909090909,6.0,56,48,54,144,105,114
7,4033,6.1,0.1282295081967213,28,5.588235294117647,5.7272727272727275,7.0,66,55,63,168,124,134
8,3950,6.99,0.12576537911301855,28,6.4411764705882355,6.575757575757576,7.96969696969697,76,63,71,192,143,154
9,3862,7.9,0.12164556962025315,28,7.323529411764706,7.424242424242424,8.969696969696969,86,71,80,216,163,174
10,3777,8.81,0.11837684449489216,28,8.205882352941176,8.272727272727273,9.969696969696969,96,79,89,240,183,194
11,3693,9.71,0.11652935118434599,28,9.088235294117647,9.121212121212121,10.93939393939394,106,87,97,264,203,214
12,3606,10.61,0.11503298774740812,28,9.970588235294118,9.969696969696969,11.909090909090908,116,95,105,288,223,234
13,3522,11.51,0.11377063423110342,28,10.852941176470589,10.818181818181818,12.878787878787879,126,103,113,312,243,254
14,3438,12.41,0.11269137792103137,28,11.735294117647058,11.666666666666666,13.848484848484848,136,111,121,336,263,274
15,3351,13.31,0.11178812922614569,28,12.617647058823529,12.515151515151516,14.818181818181818,146,119,129,360,283,294
16,3262,14.2,0.11157746478873236,28,13.5,13.363636363636363,15.757575757575758,156,127,136,384,303,314
17,3172,15.1,0.11087417218543053,28,14.382352941176471,14.212121212121213,16.727272727272727,166,135,144,408,323,334
18,3087,15.98,0.11118898623279094,28,15.264705882352942,15.030303030303031,17.666666666666668,176,143,152,431,343,353
19,3001,16.87,0.111055127445169,28,16.147058823529413,15.878787878787879,18.606060606060606,186,151,160,454,363,373
20,2918,17.76,0.11090090090090086,28,17.029411764705884,16.727272727272727,19.545454545454547,196,159,167,478,383,393
21,2834,18.66,0.11037513397642015,28,17.91176470588235,17.575757575757574,20.515151515151516,206,167,175,502,403,413
22,2744,19.56,0.10989775051124738,28,18.794117647058822,18.424242424242426,21.484848484848484,216,175,183,526,423,433
23,2660,20.46,0.10946236559139791,28,19.676470588235293,19.272727272727273,22.454545454545453,226,183,191,550,443,453
24,2576,21.36,0.10906367041198507,28,20.558823529411764,20.12121212121212,23.424242424242426,236,191,199,574,463,473
25,2490,22.25,0.10901123595505624,28,21.41176470588235,20.96969696969697,24.393939393939394,246,199,207,598,482,493
26,2402,23.16,0.10826424870466327,28,22.294117647058822,21.818181818181817,25.393939393939394,256,207,216,622,502,513
27,2314,24.07,0.10757374324885745,28,23.176470588235293,22.666666666666668,26.393939393939394,266,215,225,646,522,533
28,2226,24.98,0.10693354683747003,28,24.058823529411764,23.515151515151516,27.393939393939394,276,223,234,670,542,553
29,2142,25.88,0.10666151468315306,28,24.91176470588235,24.363636363636363,28.393939393939394,286,231,243,694,561,573
30,2055,26.78,0.1064376400298731,28,25.794117647058822,25.21212121212121,29.363636363636363,296,239,251,718,581,593
31,1967,27.66,0.1067823571945047,28,26.647058823529413,26.03030303030303,30.333333333333332,306,247,259,742,600,612
32,1883,28.56,0.10655462184873954,28,27.5,26.87878787878788,31.333333333333332,316,255,268,766,619,632
33,1797,29.45,0.10664516129032264,28,28.323529411764707,27.727272727272727,32.333333333333336,326,263,277,790,637,652
34,1710,30.35,0.10637561779242176,28,29.176470588235293,28.575757575757574,33.333333333333336,336,271,286,814,656,672
35,1629,31.25,0.10618560000000002,28,30.029411764705884,29.424242424242426,34.333333333333336,346,279,295,838,675,692
36,1545,32.15,0.10600622083981336,28,30.88235294117647,30.272727272727273,35.333333333333336,356,287,304,862,694,712
37,1460,33.03,0.10625794732061764,28,31.735294117647058,31.12121212121212,36.27272727272727,366,295,312,885,713,732
38,1378,33.91,0.1065673842524329,28,32.588235294117645,31.96969696969697,37.21212121212121,376,303,320,908,732,752
39,1296,34.79,0.10680367921816611,28,33.44117647058823,32.78787878787879,38.18181818181818,386,311,329,931,751,771
40,1226,35.67,0.10699467339500984,28,34.294117647058826,33.57575757575758,39.18181818181818,396,318,338,955,770,790
41,1148,36.51,0.10796220213640098,28,35.14705882352941,34.303030303030305,40.121212121212125,406,324,347,977,789,808
42,1076,37.32,0.10939978563772769,28,36.0,35.0,41.0,416,330,356,997,808,825
43,1005,38.12,0.11086044071353626,28,36.8235294117647,35.666666666666664,41.90909090909091,426,336,365,1018,826,841
44,931,38.92,0.11230215827338128,28,37.6764705882353,36.39393939393939,42.72727272727273,436,343,373,1037,845,858
45,866,39.66,0.11422087745839633,28,38.44117647058823,37.121212121212125,43.45454545454545,446,350,379,1055,861,875
46,806,40.35,0.11670631970260217,28,39.205882352941174,37.81818181818182,44.06060606060606,456,357,384,1070,877,891
47,741,41.06,0.11848514369215778,28,39.911764705882355,38.515151515151516,44.78787878787879,464,364,390,1088,893,907
48,682,41.71,0.12067369935267322,28,40.5,39.21212121212121,45.45454545454545,471,371,396,1104,906,923
49,635,42.27,0.12302105512183586,28,41.05882352941177,39.78787878787879,46.0,477,378,401,1117,919,935
50,583,42.85,0.125024504084014,28,41.61764705882353,40.36363636363637,46.60606060606061,483,383,406,1132,932,949
51,532,43.39,0.1277782899285549,28,42.1764705882353,40.878787878787875,47.15151515151515,489,388,411,1145,945,961
52,488,43.92,0.13068306010928965,28,42.73529411764706,41.39393939393939,47.666666666666664,495,393,415,1158,958,973
53,442,44.47,0.13308522599505282,28,43.38235294117647,41.90909090909091,48.15151515151515,502,397,419,1170,973,986
54,397,44.95,0.13631813125695216,28,43.94117647058823,42.333333333333336,48.60606060606061,508,401,423,1181,986,996
55,359,45.42,0.1393923381770145,28,44.529411764705884,42.72727272727273,49.03030303030303,516,405,427,1191,998,1005
56,320,45.87,0.1421648136036626,28,45.088235294117645,43.18181818181818,49.36363636363637,524,410,429,1200,1009,1015
57,285,46.28,0.1451469317199654,28,45.588235294117645,43.57575757575758,49.696969696969695,530,414,431,1209,1020,1024
58,257,46.65,0.14775348338692396,28,46.088235294117645,43.96969696969697,49.90909090909091,537,419,433,1214,1030,1032
59,228,47.0,0.15011063829787233,28,46.5,44.36363636363637,50.15151515151515,542,422,436,1219,1039,1042
60,196,47.35,0.15230200633579727,28,46.88235294117647,44.78787878787879,50.39393939393939,547,425,438,1225,1047,1053
61,175,47.65,0.15391605456453306,28,47.205882352941174,45.15151515151515,50.60606060606061,551,427,440,1230,1054,1063
62,156,47.93,0.1550073023158774,28,47.55882352941177,45.42424242424242,50.81818181818182,555,429,443,1234,1062,1070
63,135,48.17,0.1557753788665144,28,47.794117647058826,45.696969696969695,51.03030303030303,558,431,445,1239,1067,1077
64,124,48.37,0.15688856729377718,28,48.088235294117645,45.878787878787875,51.15151515151515,563,433,446,1242,1072,1081
65,116,48.54,0.15706633704161518,28,48.3235294117647,46.03030303030303,51.27272727272727,566,435,447,1245,1077,1084
66,101,48.69,0.15711439720681866,28,48.55882352941177,46.15151515151515,51.36363636363637,570,436,448,1247,1081,1087
67,95,48.84,0.15722768222768224,28,48.73529411764706,46.303030303030305,51.484848484848484,573,437,449,1250,1084,1091
68,87,48.98,0.15706002449979578,28,48.94117647058823,46.42424242424242,51.57575757575758,576,438,450,1252,1088,1094
69,75,49.1,0.1567209775967413,28,49.05882352941177,46.57575757575758,51.666666666666664,578,439,451,1254,1090,1098
70,63,49.22,0.1567086550182853,28,49.1764705882353,46.696969696969695,51.78787878787879,580,440,452,1257,1092,1101
71,60,49.31,0.15675725005069963,28,49.26470588235294,46.78787878787879,51.878787878787875,582,441,453,1259,1093,1103
72,54,49.4,0.1573238866396761,28,49.35294117647059,46.878787878787875,51.96969696969697,584,442,454,1261,1094,1105
73,50,49.5,0.1573373737373737,28,49.44117647058823,46.96969696969697,52.09090909090909,585,443,455,1264,1096,1107
74,45,49.58,0.1574949576442114,28,49.55882352941177,47.03030303030303,52.15151515151515,587,443,456,1265,1098,1109
75,40,49.63,0.15793471690509775,28,49.61764705882353,47.06060606060606,52.21212121212121,589,443,457,1266,1098,1110
76,40,49.69,0.1583920305896558,28,49.705882352941174,47.121212121212125,52.24242424242424,591,443,458,1266,1099,1112
77,37,49.75,0.1588603015075377,28,49.76470588235294,47.21212121212121,52.27272727272727,592,444,459,1266,1100,1114
78,38,49.8,0.15911244979919673,28,49.794117647058826,47.303030303030305,52.303030303030305,593,445,460,1266,1100,1116
79,38,49.86,0.15928600080224625,28,49.85294117647059,47.39393939393939,52.333333333333336,594,446,461,1266,1101,1118
80,41,49.92,0.15930288461538467,28,49.88235294117647,47.515151515151516,52.36363636363637,595,448,462,1266,1101,1120
81,41,50.01,0.15925014997000603,28,49.911764705882355,47.63636363636363,52.484848484848484,596,450,465,1267,1101,1122
82,39,50.09,0.15900379317228983,28,49.94117647058823,47.75757575757576,52.57575757575758,597,451,468,1267,1101,1125
83,37,50.17,0.15854694040263112,28,50.0,47.84848484848485,52.666666666666664,599,452,471,1267,1101,1127
84,40,50.23,0.1583018116663348,28,50.029411764705884,47.90909090909091,52.75757575757576,600,453,474,1267,1101,1128
85,38,50.31,0.15825680779169146,28,50.088235294117645,48.0,52.84848484848485,602,455,477,1267,1101,1129
86,32,50.4,0.158452380952381,28,50.14705882352941,48.09090909090909,52.96969696969697,604,457,481,1267,1101,1130
87,34,50.47,0.15875767782841294,28,50.1764705882353,48.18181818181818,53.06060606060606,605,459,484,1267,1101,1131
88,33,50.54,0.1587415908191531,28,50.205882352941174,48.27272727272727,53.15151515151515,606,460,487,1267,1101,1133
89,39,50.6,0.15870355731225302,28,50.205882352941174,48.36363636363637,53.24242424242424,606,461,490,1267,1101,1135
90,44,50.67,0.15886125912768903,28,50.23529411764706,48.45454545454545,53.333333333333336,607,462,493,1267,1101,1137
91,47,50.76,0.15895587076438147,28,50.294117647058826,48.54545454545455,53.45454545454545,609,463,497,1267,1101,1139
92,48,50.84,0.15931156569630217,28,50.38235294117647,48.63636363636363,53.515151515151516,612,464,499,1267,1101,1141
93,46,50.92,0.15972898664571872,28,50.44117647058823,48.72727272727273,53.60606060606061,614,465,502,1267,1101,1143
94,50,51.0,0.16047843137254902,28,50.529411764705884,48.78787878787879,53.696969696969695,617,466,505,1267,1101,1144
95,42,51.08,0.1610454189506656,28,50.588235294117645,48.878787878787875,53.78787878787879,619,467,508,1267,1101,1146
96,47,51.15,0.1613939393939394,28,50.64705882352941,48.96969696969697,53.84848484848485,621,468,510,1267,1101,1148
97,45,51.23,0.1621608432559047,28,50.76470588235294,49.03030303030303,53.90909090909091,625,469,512,1267,1101,1149
98,42,51.32,0.16313717848791895,28,50.88235294117647,49.09090909090909,54.0,629,470,515,1267,1101,1150
99,42,51.41,0.1638727873954484,28,50.970588235294116,49.18181818181818,54.09090909090909,632,471,518,1267,1101,1152
100,38,51.48,0.16459984459984456,28,51.029411764705884,49.27272727272727,54.15151515151515,634,472,520,1267,1101,1154
101,32,51.54,0.1651843228560341,28,51.05882352941177,49.36363636363637,54.21212121212121,635,473,522,1267,1101,1156
102,29,51.6,0.16579069767441865,28,51.088235294117645,49.45454545454545,54.27272727272727,636,474,524,1267,1101,1158
103,23,51.66,0.166411149825784,28,51.11764705882353,49.54545454545455,54.333333333333336,637,475,526,1267,1101,1160
104,19,51.73,0.16701140537405762,28,51.14705882352941,49.666666666666664,54.39393939393939,638,476,528,1267,1101,1163
105,21,51.8,0.1676293436293436,28,51.1764705882353,49.78787878787879,54.45454545454545,639,477,530,1267,1101,1166
106,28,51.85,0.16830279652844737,28,51.205882352941174,49.84848484848485,54.515151515151516,640,478,532,1267,1101,1167
107,32,51.9,0.16897495183044314,28,51.23529411764706,49.90909090909091,54.57575757575758,641,479,534,1267,1101,1168
108,39,51.95,0.16964966313763227,28,51.26470588235294,49.96969696969697,54.63636363636363,642,480,536,1267,1101,1169
109,34,52.0,0.17032692307692301,28,51.294117647058826,50.03030303030303,54.696969696969695,643,481,538,1267,1101,1170
110,38,52.05,0.17100288184438042,28,51.3235294117647,50.09090909090909,54.75757575757576,644,482,540,1267,1101,1171
111,42,52.1,0.17168138195777347,28,51.35294117647059,50.15151515151515,54.81818181818182,645,483,542,1267,1101,1172
112,37,52.15,0.17236241610738262,28,51.38235294117647,50.21212121212121,54.878787878787875,646,484,544,1267,1101,1173
113,35,52.2,0.17304597701149418,28,51.411764705882355,50.27272727272727,54.93939393939394,647,485,546,1267,1101,1174
114,36,52.25,0.1737320574162679,28,51.44117647058823,50.333333333333336,55.0,648,486,548,1267,1101,1175
115,43,52.3,0.17442065009560223,28,51.470588235294116,50.39393939393939,55.06060606060606,649,487,550,1267,1101,1176
116,44,52.35,0.17511556829035343,28,51.5,50.45454545454545,55.121212121212125,650,488,552,1267,1101,1177
117,39,52.4,0.17580916030534355,28,51.529411764705884,50.515151515151516,55.18181818181818,651,489,554,1267,1101,1178
118,40,52.45,0.1765090562440419,28,51.55882352941177,50.57575757575758,55.24242424242424,652,490,556,1267,1101,1179
119,38,52.5,0.17721142857142852,28,51.588235294117645,50.63636363636363,55.303030303030305,653,491,558,1267,1101,1180
120,36,52.55,0.17791246431969554,28,51.61764705882353,50.696969696969695,55.36363636363637,654,492,560,1267,1101,1181
121,33,52.61,0.1785497053792055,28,51.64705882352941,50.78787878787879,55.42424242424242,655,493,562,1267,1101,1183
122,36,52.67,0.1792006835010443,28,51.6764705882353,50.878787878787875,55.484848484848484,656,494,564,1267,1101,1185
123,37,52.72,0.17991274658573603,28,51.705882352941174,50.93939393939394,55.54545454545455,657,495,566,1267,1101,1186
124,34,52.78,0.18057976506252374,28,51.73529411764706,51.03030303030303,55.60606060606061,658,496,568,1267,1101,1188
125,38,52.83,0.18129661177361342,28,51.76470588235294,51.09090909090909,55.666666666666664,659,497,570,1267,1101,1189
126,39,52.88,0.18201210287443273,28,51.794117647058826,51.15151515151515,55.72727272727273,660,498,572,1267,1101,1190
127,46,52.93,0.18273002078216508,28,51.8235294117647,51.21212121212121,55.78787878787879,661,499,574,1267,1101,1191
128,47,52.98,0.183446583616459,28,51.85294117647059,51.27272727272727,55.84848484848485,662,500,576,1267,1101,1192
129,51,53.03,0.1841655666603809,28,51.88235294117647,51.333333333333336,55.90909090909091,663,501,578,1267,1101,1193
130,46,53.08,0.18488319517709115,28,51.911764705882355,51.39393939393939,55.96969696969697,664,502,580,1267,1101,1194
131,47,53.13,0.18560323734236775,28,51.94117647058823,51.45454545454545,56.03030303030303,665,503,582,1267,1101,1195
132,48,53.18,0.18632192553591578,28,51.970588235294116,51.515151515151516,56.09090909090909,666,504,584,1267,1101,1196
133,43,53.23,0.187039263573173,28,52.0,51.57575757575758,56.15151515151515,667,505,586,1267,1101,1197
134,41,53.28,0.18775525525525524,28,52.029411764705884,51.63636363636363,56.21212121212121,668,506,588,1267,1101,1198
135,42,53.33,0.18846990436902303,28,52.05882352941177,51.696969696969695,56.27272727272727,669,507,590,1267,1101,1199
136,43,53.38,0.1891832146871488,28,52.088235294117645,51.75757575757576,56.333333333333336,670,508,592,1267,1101,1200
137,43,53.44,0.18970059880239518,28,52.11764705882353,51.81818181818182,56.42424242424242,671,509,595,1267,1101,1201
138,41,53.49,0.19041129183024863,28,52.14705882352941,51.878787878787875,56.484848484848484,672,510,597,1267,1101,1202
139,35,53.55,0.19100093370681606,28,52.1764705882353,51.93939393939394,56.57575757575758,673,511,599,1268,1101,1203
140,35,53.61,0.19159671703040473,28,52.205882352941174,52.0,56.666666666666664,674,512,601,1269,1101,1204
141,44,53.67,0.192209800633501,28,52.23529411764706,52.06060606060606,56.75757575757576,675,513,603,1270,1101,1205
142,38,53.73,0.1928401265587195,28,52.26470588235294,52.121212121212125,56.84848484848485,676,514,605,1271,1101,1206
143,32,53.79,0.1934727644543595,28,52.294117647058826,52.18181818181818,56.93939393939394,677,515,607,1272,1101,1207
144,32,53.85,0.19411513463324043,28,52.3235294117647,52.24242424242424,57.03030303030303,678,516,609,1273,1101,1208
145,26,53.91,0.19476720460025973,28,52.35294117647059,52.303030303030305,57.121212121212125,679,517,611,1274,1101,1209
146,26,53.97,0.19542894200481753,28,52.38235294117647,52.36363636363637,57.21212121212121,680,518,613,1275,1101,1210
147,26,54.03,0.19610401628724788,28,52.411764705882355,52.42424242424242,57.303030303030305,681,519,615,1276,1101,1211
148,20,54.09,0.1967923830652616,28,52.44117647058823,52.484848484848484,57.39393939393939,682,520,617,1277,1101,1212
149,19,54.16,0.19749630723781395,28,52.5,52.54545454545455,57.484848484848484,683,521,619,1278,1102,1213
150,20,54.24,0.19832227138643063,28,52.588235294117645,52.60606060606061,57.57575757575758,685,522,621,1279,1103,1214
151,25,54.31,0.19913643896151725,28,52.64705882352941,52.666666666666664,57.666666666666664,687,523,623,1280,1103,1215
152,24,54.38,0.19996689959543942,28,52.705882352941174,52.72727272727273,57.75757575757576,689,524,625,1281,1103,1216
153,26,54.45,0.2006960514233242,28,52.76470588235294,52.78787878787879,57.84848484848485,690,525,627,1282,1104,1217
154,25,54.52,0.20155539251650764,28,52.8235294117647,52.84848484848485,57.93939393939394,692,526,629,1283,1104,1218
155,33,54.59,0.2024271844660194,28,52.88235294117647,52.90909090909091,58.03030303030303,694,527,631,1284,1104,1219
156,35,54.66,0.2033040614709111,28,52.94117647058823,52.96969696969697,58.121212121212125,696,528,633,1285,1104,1220
157,39,54.74,0.20419071976616734,28,53.0,53.03030303030303,58.24242424242424,698,529,635,1287,1104,1221
158,44,54.81,0.20496807151979568,28,53.05882352941177,53.06060606060606,58.36363636363637,700,530,637,1289,1104,1221
159,40,54.88,0.20575801749271136,28,53.11764705882353,53.09090909090909,58.484848484848484,702,531,639,1291,1104,1221
160,42,54.95,0.20655323020928124,28,53.1764705882353,53.121212121212125,58.60606060606061,704,532,641,1293,1104,1221
161,43,55.03,0.20749954570234422,28,53.23529411764706,53.18181818181818,58.72727272727273,706,533,643,1295,1104,1222
162,35,55.11,0.2084975503538378,28,53.294117647058826,53.27272727272727,58.81818181818182,708,535,645,1296,1104,1223
163,34,55.18,0.20938021022109454,28,53.35294117647059,53.333333333333336,58.90909090909091,710,536,647,1297,1104,1224
164,40,55.24,0.2101520637219406,28,53.38235294117647,53.39393939393939,59.0,711,537,649,1298,1104,1225
165,42,55.31,0.2110305550533357,28,53.44117647058823,53.45454545454545,59.09090909090909,713,538,651,1299,1104,1226
166,41,55.38,0.21190682556879736,28,53.5,53.515151515151516,59.18181818181818,715,539,653,1300,1104,1227
167,40,55.45,0.21278449053201087,28,53.55882352941177,53.57575757575758,59.27272727272727,717,540,655,1301,1104,1228
168,39,55.52,0.21365994236311237,28,53.61764705882353,53.63636363636363,59.36363636363637,719,541,657,1302,1104,1229
169,41,55.59,0.21453318942255806,28,53.6764705882353,53.696969696969695,59.45454545454545,721,542,659,1303,1104,1230
170,43,55.66,0.21540424002874603,28,53.73529411764706,53.75757575757576,59.54545454545455,723,543,661,1304,1104,1231
171,42,55.73,0.21627669118966453,28,53.794117647058826,53.81818181818182,59.63636363636363,725,544,663,1305,1104,1232
172,47,55.8,0.2171469534050179,28,53.85294117647059,53.878787878787875,59.72727272727273,727,545,665,1306,1104,1233
173,48,55.88,0.21787759484609878,28,53.94117647058823,53.93939393939394,59.81818181818182,729,546,667,1307,1105,1234
174,46,55.96,0.21862401715511084,28,54.029411764705884,54.0,59.90909090909091,731,547,669,1308,1106,1235
175,44,56.04,0.21937901498929335,28,54.11764705882353,54.06060606060606,60.0,733,548,671,1309,1107,1236
176,36,56.12,0.22014967925873122,28,54.205882352941174,54.121212121212125,60.09090909090909,735,549,673,1310,1108,1237
177,37,56.2,0.22093950177935937,28,54.294117647058826,54.18181818181818,60.18181818181818,737,550,675,1311,1109,1238
178,41,56.28,0.2217306325515281,28,54.38235294117647,54.24242424242424,60.27272727272727,739,551,677,1312,1110,1239
179,45,56.36,0.22253016323633787,28,54.470588235294116,54.303030303030305,60.36363636363637,741,552,679,1313,1111,1240
180,43,56.44,0.22334160170092132,28,54.55882352941177,54.36363636363637,60.45454545454545,743,553,681,1314,1112,1241
181,44,56.52,0.2241613588110404,28,54.64705882352941,54.42424242424242,60.54545454545455,745,554,683,1315,1113,1242
182,41,56.61,0.22485249955838185,28,54.73529411764706,54.515151515151516,60.63636363636363,747,555,685,1316,1114,1244
183,32,56.7,0.22557319223985886,28,54.8235294117647,54.60606060606061,60.72727272727273,749,556,687,1317,1115,1246
184,23,56.79,0.2263056876210601,28,54.911764705882355,54.696969696969695,60.81818181818182,751,557,689,1318,1116,1248
185,21,56.87,0.2269544575347284,28,55.0,54.78787878787879,60.878787878787875,753,558,691,1318,1117,1250
186,17,56.94,0.22752370916754472,28,55.05882352941177,54.878787878787875,60.93939393939394,754,559,693,1318,1118,1252
187,20,57.0,0.22796842105263151,28,55.11764705882353,54.96969696969697,60.96969696969697,755,560,694,1318,1119,1254
188,25,57.07,0.22864727527597695,28,55.1764705882353,55.06060606060606,61.03030303030303,757,561,696,1318,1119,1256
189,27,57.14,0.22933496674833748,28,55.23529411764706,55.15151515151515,61.09090909090909,759,562,698,1318,1119,1258
190,29,57.21,0.2297168327215522,28,55.294117647058826,55.27272727272727,61.121212121212125,761,563,699,1318,1119,1261
191,33,57.29,0.23023389771338798,28,55.35294117647059,55.39393939393939,61.18181818181818,763,564,701,1318,1119,1264
192,30,57.35,0.23051264167393198,28,55.411764705882355,55.484848484848484,61.21212121212121,765,565,702,1318,1119,1266
193,36,57.41,0.23079428670963253,28,55.470588235294116,55.57575757575758,61.24242424242424,767,566,703,1318,1119,1268
194,33,57.47,0.23109622411693054,28,55.529411764705884,55.666666666666664,61.27272727272727,769,567,704,1318,1119,1270
195,30,57.53,0.23141839040500614,28,55.588235294117645,55.75757575757576,61.303030303030305,771,568,705,1318,1119,1272
196,32,57.6,0.23186458333333335,28,55.64705882352941,55.878787878787875,61.333333333333336,773,569,706,1318,1119,1275
197,31,57.67,0.23232009710421367,28,55.705882352941174,56.0,61.36363636363637,775,570,707,1318,1119,1278
198,36,57.74,0.23279528922757195,28,55.76470588235294,56.121212121212125,61.39393939393939,777,571,708,1318,1119,1281
199,36,57.8,0.23316955017301041,28,55.8235294117647,56.21212121212121,61.42424242424242,779,572,709,1318,1119,1283
200,29,57.87,0.23366338344565407,28,55.88235294117647,56.333333333333336,61.45454545454545,781,573,710,1318,1119,1286
201,28,57.94,0.2341629271660338,28,55.94117647058823,56.45454545454545,61.484848484848484,783,574,711,1318,1119,1289
202,24,58.01,0.23466126529908635,28,56.0,56.57575757575758,61.515151515151516,785,575,712,1318,1119,1292
203,17,58.08,0.23516528925619837,28,56.05882352941177,56.696969696969695,61.54545454545455,787,576,713,1318,1119,1295
204,18,58.13,0.23543953208326174,28,56.088235294117645,56.78787878787879,61.57575757575758,788,577,714,1318,1119,1297
205,19,58.18,0.2357167411481609,28,56.11764705882353,56.878787878787875,61.60606060606061,789,578,715,1318,1119,1299
206,16,58.24,0.2361057692307692,28,56.1764705882353,56.96969696969697,61.63636363636363,791,579,716,1318,1119,1301
207,17,58.29,0.23636472808371933,28,56.23529411764706,57.06060606060606,61.63636363636363,793,580,716,1318,1119,1303
208,19,58.33,0.23649751414366535,28,56.26470588235294,57.15151515151515,61.63636363636363,794,581,716,1318,1119,1305
209,15,58.37,0.23663354462909025,28,56.294117647058826,57.24242424242424,61.63636363636363,795,582,716,1318,1119,1307
210,11,58.41,0.23676938880328705,28,56.3235294117647,57.333333333333336,61.63636363636363,796,583,716,1318,1119,1309
211,7,58.45,0.23691189050470485,28,56.35294117647059,57.42424242424242,61.63636363636363,797,584,716,1318,1119,1311
212,4,58.48,0.23694254445964433,28,56.35294117647059,57.515151515151516,61.63636363636363,797,585,716,1318,1119,1313
213,1,58.51,0.23697316698000337,28,56.35294117647059,57.60606060606061,61.63636363636363,797,586,716,1318,1119,1315
214,0,58.52,0.23678400546821607,28,56.35294117647059,57.63636363636363,61.63636363636363,797,586,716,1318,1119,1316
215,0,58.52,0.23678400546821607,28,56.35294117647059,57.63636363636363,61.63636363636363,797,586,716,1318,1119,1316
216,0,58.52,0.23678400546821607,28,56.35294117647059,57.63636363636363,61.63636363636363,797,586,716,1318,1119,1316
217,0,58.52,0.23678400546821607,28,56.35294117647059,57.63636363636363,61.63636363636363,797,586,716,1318,1119,1316
218,3,58.52,0.23678400546821607,28,56.35294117647059,57.63636363636363,61.63636363636363,797,586,716,1318,1119,1316
219,2,58.53,0.23689902614044087,28,56.35294117647059,57.666666666666664,61.63636363636363,797,586,716,1318,1119,1317
220,1,58.54,0.23701742398360096,28,56.35294117647059,57.696969696969695,61.63636363636363,797,586,716,1318,1119,1318
221,0,58.55,0.23713578138343294,28,56.35294117647059,57.72727272727273,61.63636363636363,797,586,716,1318,1119,1319
222,0,58.55,0.23713578138343294,28,56.35294117647059,57.72727272727273,61.63636363636363,797,586,716,1318,1119,1319
223,0,58.55,0.23713578138343294,28,56.35294117647059,57.72727272727273,61.63636363636363,797,586,716,1318,1119,1319
224,0,58.55,0.23713578138343294,28,56.35294117647059,57.72727272727273,61.63636363636363,797,586,716,1318,1119,1319
225,0,58.55,0.23713578138343294,28,56.35294117647059,57.72727272727273,61.63636363636363,797,586,716,1318,1119,1319
226,0,58.55,0.23713578138343294,28,56.35294117647059,57.72727272727273,61.63636363636363,797,586,716,1318,1119,1319
227,0,58.55,0.23713578138343294,28,56.35294117647059,57.72727272727273,61.63636363636363,797,586,716,1318,1119,1319
228,0,58.55,0.23713578138343294,28,56.35294117647059,57.72727272727273,61.63636363636363,797,586,716,1318,1119,1319
229,0,58.55,0.23713578138343294,28,56.35294117647059,57.72727272727273,61.63636363636363,797,586,716,1318,1119,1319
230,0,58.55,0.23713578138343294,28,56.35294117647059,57.72727272727273,61.63636363636363,797,586,716,1318,1119,1319
231,0,58.55,0.23713578138343294,28,56.35294117647059,57.72727272727273,61.63636363636363,797,586,716,1318,1119,1319
232,0,58.55,0.23713578138343294,28,56.35294117647059,57.72727272727273,61.63636363636363,797,586,716,1318,1119,1319
233,0,58.55,0.23713578138343294,28,56.35294117647059,57.72727272727273,61.63636363636363,797,586,716,1318,1119,1319
234,0,58.55,0.23713578138343294,28,56.35294117647059,57.72727272727273,61.63636363636363,797,586,716,1318,1119,1319
235,0,58.55,0.23713578138343294,28,56.35294117647059,57.72727272727273,61.63636363636363,797,586,716,1318,1119,1319
236,0,58.55,0.23713578138343294,28,56.35294117647059,57.72727272727273,61.63636363636363,797,586,716,1318,1119,1319
237,0,58.55,0.23713578138343294,28,56.35294117647059,57.72727272727273,61.63636363636363,797,586,716,1318,1119,1319
238,0,58.55,0.23713578138343294,28,56.35294117647059,57.72727272727273,61.63636363636363,797,586,716,1318,1119,1319
239,0,58.55,0.23713578138343294,28,56.35294117647059,57.72727272727273,61.63636363636363,797,586,716,1318,1119,1319
240,0,58.55,0.23713578138343294,28,56.35294117647059,57.72727272727273,61.63636363636363,797,586,716,1318,1119,1319
241,0,58.55,0.23713578138343294,28,56.35294117647059,57.72727272727273,61.63636363636363,797,586,716,1318,1119,1319
242,0,58.55,0.23713578138343294,28,56.35294117647059,57.72727272727273,61.63636363636363,797,586,716,1318,1119,1319
243,0,58.55,0.23713578138343294,28,56.35294117647059,57.72727272727273,61.63636363636363,797,586,716,1318,1119,1319
244,0,58.55,0.23713578138343294,28,56.35294117647059,57.72727272727273,61.63636363636363,797,586,716,1318,1119,1319
245,0,58.55,0.23713578138343294,28,56.35294117647059,57.72727272727273,61.63636363636363,797,586,716,1318,1119,1319
246,0,58.55,0.23713578138343294,28,56.35294117647059,57.72727272727273,61.63636363636363,797,586,716,1318,1119,1319
247,0,58.55,0.23713578138343294,28,56.35294117647059,57.72727272727273,61.63636363636363,797,586,716,1318,1119,1319
248,0,58.55,0.23713578138343294,28,56.35294117647059,57.72727272727273,61.63636363636363,797,586,716,1318,1119,1319
249,0,58.55,0.23713578138343294,28,56.35294117647059,57.72727272727273,61.63636363636363,797,586,716,1318,1119,1319
250,0,58.55,0.23713578138343294,28,56.35294117647059,57.72727272727273,61.63636363636363,797,586,716,1318,1119,1319
251,0,58.55,0.23713578138343294,28,56.35294117647059,57.72727272727273,61.63636363636363,797,586,716,1318,1119,1319
252,0,58.55,0.23713578138343294,28,56.35294117647059,57.72727272727273,61.63636363636363,797,586,716,1318,1119,1319
253,0,58.55,0.23713578138343294,28,56.35294117647059,57.72727272727273,61.63636363636363,797,586,716,1318,1119,1319
254,0,58.55,0.23713578138343294,28,56.35294117647059,57.72727272727273,61.63636363636363,797,586,716,1318,1119,1319
255,0,58.55,0.23713578138343294,28,56.35294117647059,57.72727272727273,61.63636363636363,797,586,716,1318,1119,1319
256,0,58.55,0.23713578138343294,28,56.35294117647059,57.72727272727273,61.63636363636363,797,586,716,1318,1119,1319
257,0,58.55,0.23713578138343294,28,56.35294117647059,57.72727272727273,61.63636363636363,797,586,716,1318,1119,1319
258,0,58.55,0.23713578138343294,28,56.35294117647059,57.72727272727273,61.63636363636363,797,586,716,1318,1119,1319
259,3,58.55,0.23713578138343294,28,56.35294117647059,57.72727272727273,61.63636363636363,797,586,716,1318,1119,1319
260,5,58.56,0.23724726775956284,28,56.38235294117647,57.72727272727273,61.63636363636363,798,586,716,1318,1119,1319
261,6,58.58,0.23748036872652775,28,56.44117647058823,57.72727272727273,61.63636363636363,800,586,716,1318,1119,1319
262,6,58.61,0.23783825285787416,28,56.5,57.72727272727273,61.666666666666664,802,586,717,1318,1119,1319
263,6,58.64,0.23819577080491128,28,56.55882352941177,57.72727272727273,61.696969696969695,804,586,718,1318,1119,1319
264,9,58.67,0.2384983807738196,28,56.588235294117645,57.72727272727273,61.75757575757576,805,586,719,1319,1119,1319
265,9,58.7,0.2388109028960818,28,56.61764705882353,57.72727272727273,61.81818181818182,806,586,720,1320,1119,1319
266,10,58.72,0.2390122615803814,28,56.61764705882353,57.72727272727273,61.878787878787875,806,586,721,1321,1119,1319
267,7,58.75,0.23924595744680857,28,56.64705882352941,57.72727272727273,61.93939393939394,806,586,722,1322,1120,1319
268,4,58.78,0.23949982987410678,28,56.6764705882353,57.72727272727273,62.0,806,586,723,1323,1121,1319
269,1,58.81,0.2397738479850365,28,56.705882352941174,57.72727272727273,62.06060606060606,806,586,724,1324,1122,1319
270,0,58.82,0.2398367902074125,28,56.73529411764706,57.72727272727273,62.06060606060606,806,586,724,1324,1123,1319
271,0,58.82,0.2398367902074125,28,56.73529411764706,57.72727272727273,62.06060606060606,806,586,724,1324,1123,1319
272,3,58.82,0.2398367902074125,28,56.73529411764706,57.72727272727273,62.06060606060606,806,586,724,1324,1123,1319
273,2,58.83,0.2399473057963624,28,56.76470588235294,57.72727272727273,62.06060606060606,807,586,724,1324,1123,1319
274,1,58.84,0.24005778382053022,28,56.794117647058826,57.72727272727273,62.06060606060606,808,586,724,1324,1123,1319
275,0,58.85,0.2401682242990654,28,56.8235294117647,57.72727272727273,62.06060606060606,809,586,724,1324,1123,1319
276,0,58.85,0.2401682242990654,28,56.8235294117647,57.72727272727273,62.06060606060606,809,586,724,1324,1123,1319
277,0,58.85,0.2401682242990654,28,56.8235294117647,57.72727272727273,62.06060606060606,809,586,724,1324,1123,1319
278,0,58.85,0.2401682242990654,28,56.8235294117647,57.72727272727273,62.06060606060606,809,586,724,1324,1123,1319
279,0,58.85,0.2401682242990654,28,56.8235294117647,57.72727272727273,62.06060606060606,809,586,724,1324,1123,1319
280,0,58.85,0.2401682242990654,28,56.8235294117647,57.72727272727273,62.06060606060606,809,586,724,1324,1123,1319
281,0,58.85,0.2401682242990654,28,56.8235294117647,57.72727272727273,62.06060606060606,809,586,724,1324,1123,1319
282,0,58.85,0.2401682242990654,28,56.8235294117647,57.72727272727273,62.06060606060606,809,586,724,1324,1123,1319
283,0,58.85,0.2401682242990654,28,56.8235294117647,57.72727272727273,62.06060606060606,809,586,724,1324,1123,1319
284,0,58.85,0.2401682242990654,28,56.8235294117647,57.72727272727273,62.06060606060606,809,586,724,1324,1123,1319
285,0,58.85,0.2401682242990654,28,56.8235294117647,57.72727272727273,62.06060606060606,809,586,724,1324,1123,1319
286,0,58.85,0.2401682242990654,28,56.8235294117647,57.72727272727273,62.06060606060606,809,586,724,1324,1123,1319
287,0,58.85,0.2401682242990654,28,56.8235294117647,57.72727272727273,62.06060606060606,809,586,724,1324,1123,1319
288,0,58.85,0.2401682242990654,28,56.8235294117647,57.72727272727273,62.06060606060606,809,586,724,1324,1123,1319
289,0,58.85,0.2401682242990654,28,56.8235294117647,57.72727272727273,62.06060606060606,809,586,724,1324,1123,1319
290,3,58.85,0.2401682242990654,28,56.8235294117647,57.72727272727273,62.06060606060606,809,586,724,1324,1123,1319
291,5,58.86,0.2401766904519198,28,56.85294117647059,57.72727272727273,62.06060606060606,810,586,724,1324,1123,1319
292,6,58.88,0.24018002717391299,28,56.88235294117647,57.75757575757576,62.06060606060606,811,587,724,1324,1123,1319
293,6,58.91,0.24014428789679174,28,56.911764705882355,57.81818181818182,62.06060606060606,812,589,724,1324,1123,1319
294,6,58.94,0.2401459110960299,28,56.94117647058823,57.878787878787875,62.06060606060606,813,591,724,1324,1123,1319
295,6,58.97,0.24018483974902494,28,56.970588235294116,57.93939393939394,62.06060606060606,814,593,724,1324,1123,1319
296,6,59.0,0.240257627118644,28,57.0,58.0,62.06060606060606,815,595,724,1324,1123,1319
297,6,59.03,0.24036083347450443,28,57.029411764705884,58.06060606060606,62.06060606060606,816,597,724,1324,1123,1319
298,6,59.06,0.24047070775482568,28,57.05882352941177,58.121212121212125,62.06060606060606,817,599,724,1324,1123,1319
299,6,59.09,0.24061431714334064,28,57.088235294117645,58.18181818181818,62.06060606060606,818,601,724,1324,1123,1319
300,6,59.12,0.240764546684709,28,57.11764705882353,58.24242424242424,62.06060606060606,819,603,724,1324,1123,1319
301,6,59.15,0.24093153000845305,28,57.14705882352941,58.303030303030305,62.06060606060606,820,605,724,1324,1123,1319
302,6,59.18,0.24112200067590409,28,57.1764705882353,58.36363636363637,62.06060606060606,821,607,724,1324,1123,1319
303,6,59.21,0.24127850025333558,28,57.23529411764706,58.39393939393939,62.06060606060606,822,608,724,1324,1124,1319
304,3,59.24,0.24144496961512488,28,57.294117647058826,58.42424242424242,62.06060606060606,823,609,724,1324,1125,1319
305,4,59.26,0.24160647991900105,28,57.3235294117647,58.45454545454545,62.06060606060606,824,610,724,1324,1125,1319
306,2,59.28,0.2416329284750337,28,57.38235294117647,58.45454545454545,62.06060606060606,825,610,724,1324,1126,1319
307,1,59.29,0.24159048743464326,28,57.411764705882355,58.45454545454545,62.06060606060606,825,610,724,1324,1127,1319
308,0,59.3,0.2415615514333895,28,57.44117647058823,58.45454545454545,62.06060606060606,825,610,724,1324,1128,1319
309,0,59.3,0.2415615514333895,28,57.44117647058823,58.45454545454545,62.06060606060606,825,610,724,1324,1128,1319
310,0,59.3,0.2415615514333895,28,57.44117647058823,58.45454545454545,62.06060606060606,825,610,724,1324,1128,1319
311,0,59.3,0.2415615514333895,28,57.44117647058823,58.45454545454545,62.06060606060606,825,610,724,1324,1128,1319
312,0,59.3,0.2415615514333895,28,57.44117647058823,58.45454545454545,62.06060606060606,825,610,724,1324,1128,1319
313,0,59.3,0.2415615514333895,28,57.44117647058823,58.45454545454545,62.06060606060606,825,610,724,1324,1128,1319
314,0,59.3,0.2415615514333895,28,57.44117647058823,58.45454545454545,62.06060606060606,825,610,724,1324,1128,1319
315,0,59.3,0.2415615514333895,28,57.44117647058823,58.45454545454545,62.06060606060606,825,610,724,1324,1128,1319
316,0,59.3,0.2415615514333895,28,57.44117647058823,58.45454545454545,62.06060606060606,825,610,724,1324,1128,1319
317,0,59.3,0.2415615514333895,28,57.44117647058823,58.45454545454545,62.06060606060606,825,610,724,1324,1128,1319
318,0,59.3,0.2415615514333895,28,57.44117647058823,58.45454545454545,62.06060606060606,825,610,724,1324,1128,1319
319,0,59.3,0.2415615514333895,28,57.44117647058823,58.45454545454545,62.06060606060606,825,610,724,1324,1128,1319
320,0,59.3,0.2415615514333895,28,57.44117647058823,58.45454545454545,62.06060606060606,825,610,724,1324,1128,1319
321,0,59.3,0.2415615514333895,28,57.44117647058823,58.45454545454545,62.06060606060606,825,610,724,1324,1128,1319
322,0,59.3,0.2415615514333895,28,57.44117647058823,58.45454545454545,62.06060606060606,825,610,724,1324,1128,1319
323,0,59.3,0.2415615514333895,28,57.44117647058823,58.45454545454545,62.06060606060606,825,610,724,1324,1128,1319
324,6,59.3,0.2415615514333895,28,57.44117647058823,58.45454545454545,62.06060606060606,825,610,724,1324,1128,1319
325,7,59.32,0.241372218476062,28,57.44117647058823,58.484848484848484,62.09090909090909,825,610,725,1324,1128,1320
326,5,59.34,0.24121334681496465,28,57.44117647058823,58.515151515151516,62.121212121212125,825,610,726,1324,1128,1321
327,3,59.36,0.24106805929919134,28,57.44117647058823,58.54545454545455,62.15151515151515,825,610,727,1324,1128,1322
328,2,59.37,0.24104935152433896,28,57.44117647058823,58.57575757575758,62.15151515151515,825,610,727,1324,1128,1323
329,1,59.38,0.2410441226002021,28,57.44117647058823,58.60606060606061,62.15151515151515,825,610,727,1324,1128,1324
330,0,59.39,0.24104563057753836,28,57.44117647058823,58.63636363636363,62.15151515151515,825,610,727,1324,1128,1325
331,0,59.39,0.24104563057753836,28,57.44117647058823,58.63636363636363,62.15151515151515,825,610,727,1324,1128,1325
332,0,59.39,0.24104563057753836,28,57.44117647058823,58.63636363636363,62.15151515151515,825,610,727,1324,1128,1325
333,0,59.39,0.24104563057753836,28,57.44117647058823,58.63636363636363,62.15151515151515,825,610,727,1324,1128,1325
334,0,59.39,0.24104563057753836,28,57.44117647058823,58.63636363636363,62.15151515151515,825,610,727,1324,1128,1325
335,0,59.39,0.24104563057753836,28,57.44117647058823,58.63636363636363,62.15151515151515,825,610,727,1324,1128,1325
336,0,59.39,0.24104563057753836,28,57.44117647058823,58.63636363636363,62.15151515151515,825,610,727,1324,1128,1325
337,3,59.39,0.24104563057753836,28,57.44117647058823,58.63636363636363,62.15151515151515,825,610,727,1324,1128,1325
338,5,59.4,0.24089898989898983,28,57.44117647058823,58.63636363636363,62.18181818181818,825,610,728,1324,1128,1325
339,6,59.42,0.24069673510602485,28,57.44117647058823,58.666666666666664,62.21212121212121,825,611,729,1324,1128,1325
340,6,59.45,0.24042220353238009,28,57.44117647058823,58.696969696969695,62.27272727272727,825,612,731,1324,1128,1325
341,6,59.48,0.24017821116341623,28,57.44117647058823,58.72727272727273,62.333333333333336,825,613,733,1324,1128,1325
342,6,59.51,0.23996471181314064,28,57.44117647058823,58.75757575757576,62.39393939393939,825,614,735,1324,1128,1325
343,6,59.54,0.23977494121598922,28,57.44117647058823,58.78787878787879,62.45454545454545,825,615,737,1324,1128,1325
344,6,59.57,0.23960550612724532,28,57.44117647058823,58.81818181818182,62.515151515151516,825,616,739,1324,1128,1325
345,6,59.6,0.2394597315436242,28,57.44117647058823,58.84848484848485,62.57575757575758,825,617,741,1324,1128,1325
346,6,59.63,0.2393476438034547,28,57.44117647058823,58.878787878787875,62.63636363636363,825,618,743,1324,1128,1325
347,6,59.66,0.23925913509889368,28,57.44117647058823,58.90909090909091,62.696969696969695,825,619,745,1324,1128,1325
348,6,59.69,0.23920422181269899,28,57.44117647058823,58.93939393939394,62.75757575757576,825,620,747,1324,1128,1325
349,6,59.72,0.23918955123911587,28,57.44117647058823,58.96969696969697,62.81818181818182,825,621,749,1324,1128,1325
350,6,59.75,0.2392083682008368,28,57.44117647058823,59.0,62.878787878787875,825,622,751,1324,1128,1325
351,9,59.78,0.23925393108062892,28,57.44117647058823,59.03030303030303,62.93939393939394,825,623,753,1324,1128,1325
352,9,59.81,0.2393362313994315,28,57.44117647058823,59.06060606060606,63.0,825,624,755,1324,1128,1325
353,9,59.84,0.23945187165775395,28,57.44117647058823,59.09090909090909,63.06060606060606,825,625,757,1324,1128,1325
354,9,59.87,0.23959412059462168,28,57.44117647058823,59.121212121212125,63.121212121212125,825,626,759,1324,1128,1325
355,9,59.9,0.23976627712854764,28,57.44117647058823,59.15151515151515,63.18181818181818,825,627,761,1324,1128,1325
356,12,59.93,0.23994159853162017,28,57.44117647058823,59.18181818181818,63.24242424242424,825,628,763,1324,1128,1325
357,13,59.95,0.24007172643869892,28,57.44117647058823,59.21212121212121,63.27272727272727,825,629,764,1324,1128,1325
358,13,59.98,0.240266755585195,28,57.44117647058823,59.24242424242424,63.333333333333336,825,630,766,1324,1128,1325
359,13,60.01,0.24047158806865526,28,57.44117647058823,59.27272727272727,63.39393939393939,825,631,768,1324,1128,1325
360,13,60.04,0.24067954696868754,28,57.44117647058823,59.303030303030305,63.45454545454545,825,632,770,1324,1128,1325
361,16,60.07,0.24089395705010816,28,57.44117647058823,59.333333333333336,63.515151515151516,825,633,772,1324,1128,1325
362,16,60.1,0.24111813643926794,28,57.44117647058823,59.36363636363637,63.57575757575758,825,634,774,1324,1128,1325
363,13,60.13,0.24134541826043573,28,57.44117647058823,59.39393939393939,63.63636363636363,825,635,776,1324,1128,1325
364,13,60.16,0.2415757978723404,28,57.44117647058823,59.42424242424242,63.696969696969695,825,636,778,1324,1128,1325
365,13,60.19,0.24180927064296398,28,57.44117647058823,59.45454545454545,63.75757575757576,825,637,780,1324,1128,1325
366,16,60.22,0.24204915310528066,28,57.44117647058823,59.484848484848484,63.81818181818182,825,638,782,1324,1128,1325
367,12,60.26,0.24210421506803853,28,57.470588235294116,59.515151515151516,63.878787878787875,825,639,784,1324,1129,1325
368,9,60.29,0.24207828827334552,28,57.5,59.54545454545455,63.90909090909091,825,640,785,1324,1130,1325
369,6,60.32,0.24205570291777193,28,57.529411764705884,59.57575757575758,63.93939393939394,825,641,786,1324,1131,1325
370,6,60.35,0.24203976801988403,28,57.55882352941177,59.60606060606061,63.96969696969697,825,642,787,1324,1132,1325
371,11,60.39,0.24206491140917363,28,57.588235294117645,59.666666666666664,64.0,825,644,788,1324,1133,1325
372,16,60.43,0.24209333112692377,28,57.61764705882353,59.72727272727273,64.03030303030303,825,646,789,1324,1134,1325
373,23,60.48,0.24204034391534393,28,57.6764705882353,59.78787878787879,64.06060606060606,825,648,790,1324,1136,1325
374,23,60.54,0.24207135777998018,28,57.73529411764706,59.84848484848485,64.12121212121212,825,650,792,1324,1138,1325
375,23,60.6,0.24212211221122118,28,57.794117647058826,59.90909090909091,64.18181818181819,825,652,794,1324,1140,1325
376,20,60.66,0.2421793603692713,28,57.85294117647059,59.96969696969697,64.24242424242425,825,654,796,1324,1142,1325
377,20,60.72,0.24224967061923577,28,57.911764705882355,60.03030303030303,64.3030303030303,825,656,798,1324,1144,1325
378,20,60.78,0.24233300427772292,28,57.970588235294116,60.09090909090909,64.36363636363636,825,658,800,1324,1146,1325
379,23,60.84,0.24258053911900063,28,58.029411764705884,60.15151515151515,64.42424242424242,826,660,802,1324,1147,1325
380,30,60.92,0.24297767564018385,28,58.088235294117645,60.21212121212121,64.54545454545455,827,662,805,1325,1148,1325
381,37,61.03,0.24369490414550227,28,58.14705882352941,60.333333333333336,64.6969696969697,828,666,809,1326,1149,1325
382,34,61.12,0.24433246073298434,28,58.1764705882353,60.45454545454545,64.81818181818181,828,670,812,1327,1150,1325
383,58,61.21,0.24504982845940204,28,58.205882352941174,60.60606060606061,64.9090909090909,828,675,815,1327,1151,1325
384,53,61.29,0.24568608255832927,28,58.23529411764706,60.72727272727273,65.0,828,679,818,1327,1152,1325
385,45,61.37,0.24635000814730318,28,58.26470588235294,60.84848484848485,65.0909090909091,828,683,821,1327,1153,1325
386,44,61.44,0.246962890625,28,58.294117647058826,60.93939393939394,65.18181818181819,828,686,824,1327,1154,1325
387,50,61.5,0.2474829268292683,28,58.3235294117647,61.03030303030303,65.24242424242425,828,689,826,1327,1155,1325
388,53,61.56,0.24801169590643268,28,58.35294117647059,61.121212121212125,65.3030303030303,828,692,828,1327,1156,1325
389,49,61.63,0.24863053707609936,28,58.38235294117647,61.21212121212121,65.39393939393939,828,695,831,1327,1157,1325
390,58,61.69,0.24921218998216887,28,58.38235294117647,61.303030303030305,65.48484848484848,828,698,834,1327,1157,1325
391,52,61.75,0.24979919028340078,28,58.38235294117647,61.39393939393939,65.57575757575758,828,701,837,1327,1157,1325
392,49,61.81,0.2503947581297524,28,58.38235294117647,61.484848484848484,65.66666666666667,828,704,840,1327,1157,1325
393,52,61.87,0.2509956360109908,28,58.38235294117647,61.57575757575758,65.75757575757575,828,707,843,1327,1157,1325
394,61,61.93,0.2515985790408526,28,58.38235294117647,61.666666666666664,65.84848484848484,828,710,846,1327,1157,1325
395,74,62.01,0.2523673601032091,28,58.38235294117647,61.78787878787879,65.96969696969697,828,714,850,1327,1157,1325
396,82,62.11,0.2533166961841893,28,58.411764705882355,61.93939393939394,66.0909090909091,829,719,854,1327,1157,1325
397,90,62.21,0.25426298022825916,28,58.44117647058823,62.09090909090909,66.21212121212122,830,724,858,1327,1157,1325
398,89,62.31,0.25520943668753004,28,58.470588235294116,62.24242424242424,66.33333333333333,831,729,862,1327,1157,1325
399,94,62.41,0.2561528601185708,28,58.5,62.39393939393939,66.45454545454545,832,734,866,1327,1157,1325
400,100,62.53,0.2570334239565008,28,58.55882352941177,62.57575757575758,66.57575757575758,834,739,870,1327,1157,1326
401,97,62.65,0.25791380686352755,28,58.61764705882353,62.75757575757576,66.6969696969697,836,744,874,1327,1157,1327
402,94,62.77,0.2587940098773299,28,58.6764705882353,62.93939393939394,66.81818181818181,838,749,878,1327,1157,1328
403,97,62.89,0.2596835744951502,28,58.73529411764706,63.121212121212125,66.93939393939394,840,754,882,1327,1157,1329
404,97,63.01,0.2605760990318997,28,58.794117647058826,63.303030303030305,67.06060606060606,842,759,886,1327,1157,1330
405,85,63.13,0.2614874069380643,28,58.85294117647059,63.484848484848484,67.18181818181819,844,764,890,1327,1157,1331
406,97,63.25,0.262401581027668,28,58.911764705882355,63.666666666666664,67.3030303030303,846,769,894,1327,1157,1332
407,97,63.37,0.26333122928830677,28,58.970588235294116,63.84848484848485,67.42424242424242,848,774,898,1327,1157,1333
408,97,63.49,0.2642668136714443,28,59.029411764705884,64.03030303030303,67.54545454545455,850,779,902,1327,1157,1334
409,100,63.61,0.26520201226222295,28,59.088235294117645,64.21212121212122,67.66666666666667,852,784,906,1327,1157,1335
410,106,63.73,0.2661399654793661,28,59.14705882352941,64.39393939393939,67.78787878787878,854,789,910,1327,1157,1336
411,105,63.86,0.2670623238333856,28,59.205882352941174,64.57575757575758,67.93939393939394,856,794,914,1328,1157,1337
412,121,64.0,0.2681,28,59.26470588235294,64.78787878787878,68.0909090909091,858,799,918,1329,1157,1339
413,122,64.14,0.2691612098534456,28,59.3235294117647,65.0,68.24242424242425,860,804,922,1330,1157,1341
414,117,64.28,0.27024891101431237,28,59.38235294117647,65.21212121212122,68.39393939393939,862,809,926,1331,1157,1343
415,113,64.44,0.27103041589075105,28,59.5,65.42424242424242,68.54545454545455,864,814,930,1332,1159,1345
416,124,64.6,0.27184210526315794,28,59.61764705882353,65.63636363636364,68.6969696969697,866,819,934,1333,1161,1347
417,111,64.76,0.27267140210006174,28,59.73529411764706,65.84848484848484,68.84848484848484,868,824,938,1334,1163,1349
418,101,64.92,0.27351201478743065,28,59.85294117647059,66.06060606060606,69.0,870,829,942,1335,1165,1351
419,104,65.07,0.2742876901798064,28,59.94117647058823,66.27272727272727,69.15151515151516,871,834,946,1336,1167,1353
420,103,65.23,0.27516326843476935,28,60.05882352941177,66.48484848484848,69.3030303030303,873,839,950,1337,1169,1355
421,93,65.39,0.2760620890044349,28,60.1764705882353,66.6969696969697,69.45454545454545,875,844,954,1338,1171,1357
422,90,65.54,0.27688739700945986,28,60.26470588235294,66.9090909090909,69.60606060606061,876,849,958,1339,1173,1359
423,85,65.68,0.27765529841656517,28,60.38235294117647,67.06060606060606,69.75757575757575,878,852,962,1340,1175,1361
424,88,65.8,0.27864741641337387,28,60.44117647058823,67.24242424242425,69.87878787878788,880,856,965,1341,1175,1363
425,90,65.93,0.27963446079174886,28,60.529411764705884,67.42424242424242,70.0,882,860,968,1342,1176,1365
426,83,66.06,0.28063881320012113,28,60.61764705882353,67.60606060606061,70.12121212121212,884,864,971,1343,1177,1367
427,80,66.18,0.2815835599879118,28,60.6764705882353,67.78787878787878,70.24242424242425,885,868,974,1344,1178,1369
428,87,66.29,0.2824453160356012,28,60.73529411764706,67.93939393939394,70.36363636363636,886,871,977,1345,1179,1371
429,78,66.41,0.2833293178738141,28,60.794117647058826,68.12121212121212,70.48484848484848,887,874,980,1346,1180,1374
430,67,66.52,0.28416716776909196,28,60.85294117647059,68.27272727272727,70.60606060606061,888,877,983,1347,1181,1376
431,68,66.63,0.285023262794537,28,60.911764705882355,68.42424242424242,70.72727272727273,889,880,986,1348,1182,1378
432,81,66.74,0.28587653581060835,28,60.970588235294116,68.57575757575758,70.84848484848484,890,883,989,1349,1183,1380
433,82,66.85,0.28673896783844427,28,61.029411764705884,68.72727272727273,70.96969696969697,891,886,992,1350,1184,1382
434,71,66.96,0.2876015531660693,28,61.088235294117645,68.87878787878788,71.0909090909091,892,889,995,1351,1185,1384
435,75,67.07,0.2884642910392128,28,61.14705882352941,69.03030303030303,71.21212121212122,893,892,998,1352,1186,1386
436,79,67.18,0.28933908901458766,28,61.205882352941174,69.18181818181819,71.33333333333333,894,895,1001,1353,1187,1388
437,77,67.29,0.290211026898499,28,61.26470588235294,69.33333333333333,71.45454545454545,895,898,1004,1354,1188,1390
438,69,67.4,0.2910860534124629,28,61.3235294117647,69.48484848484848,71.57575757575758,896,901,1007,1355,1189,1392
439,76,67.51,0.2919641534587468,28,61.38235294117647,69.63636363636364,71.6969696969697,897,904,1010,1356,1190,1394
440,81,67.64,0.2929834417504435,28,61.44117647058823,69.81818181818181,71.84848484848484,898,908,1014,1357,1191,1396
441,91,67.78,0.2940838005311301,28,61.5,70.03030303030303,72.0,899,913,1018,1358,1192,1398
442,96,67.94,0.29515749190462176,28,61.588235294117645,70.27272727272727,72.15151515151516,901,918,1022,1359,1193,1401
443,96,68.09,0.2961624320751946,28,61.6764705882353,70.48484848484848,72.3030303030303,903,922,1026,1360,1194,1404
444,104,68.25,0.29724102564102567,28,61.76470588235294,70.72727272727273,72.45454545454545,905,927,1030,1361,1195,1407
445,108,68.42,0.2983367436422098,28,61.85294117647059,71.0,72.60606060606061,907,932,1034,1362,1196,1411
446,100,68.59,0.2994328619332263,28,61.94117647058823,71.27272727272727,72.75757575757575,909,937,1038,1363,1197,1415
447,107,68.76,0.30054101221640495,28,62.029411764705884,71.54545454545455,72.9090909090909,911,942,1042,1364,1198,1419
448,107,68.94,0.30148244850594724,28,62.14705882352941,71.81818181818181,73.06060606060606,913,947,1046,1365,1200,1423
449,92,69.12,0.30243344907407405,28,62.26470588235294,72.0909090909091,73.21212121212122,915,952,1050,1366,1202,1427
450,86,69.3,0.3033881673881673,28,62.38235294117647,72.36363636363636,73.36363636363636,917,957,1054,1367,1204,1431
451,78,69.47,0.3042766661868433,28,62.5,72.60606060606061,73.51515151515152,919,961,1058,1368,1206,1435
452,74,69.63,0.3051055579491599,28,62.61764705882353,72.81818181818181,73.66666666666667,921,964,1062,1369,1208,1439
453,72,69.8,0.3058882521489971,28,62.73529411764706,73.0909090909091,73.78787878787878,923,968,1065,1370,1210,1444
454,74,69.96,0.30676100628930814,28,62.85294117647059,73.33333333333333,73.9090909090909,925,973,1068,1371,1212,1447
455,77,70.14,0.3075021385799829,28,63.0,73.60606060606061,74.03030303030303,927,978,1071,1372,1215,1451
456,73,70.33,0.3083278828380492,28,63.14705882352941,73.87878787878788,74.18181818181819,929,983,1075,1373,1218,1455
457,72,70.52,0.30916903006239366,28,63.294117647058826,74.15151515151516,74.33333333333333,931,988,1079,1374,1221,1459
458,78,70.67,0.3099830196688835,28,63.38235294117647,74.36363636363636,74.48484848484848,933,993,1083,1375,1222,1461
459,75,70.82,0.3108048573849194,28,63.470588235294116,74.57575757575758,74.63636363636364,935,998,1087,1376,1223,1463
460,74,70.98,0.3117159763313609,28,63.55882352941177,74.81818181818181,74.78787878787878,937,1003,1091,1377,1224,1466
461,73,71.14,0.31244869271858305,28,63.6764705882353,75.03030303030303,74.93939393939394,939,1008,1095,1378,1226,1468
462,74,71.28,0.3130667789001123,28,63.794117647058826,75.21212121212122,75.06060606060606,941,1012,1099,1378,1228,1470
463,79,71.41,0.3136325444615601,28,63.911764705882355,75.36363636363636,75.18181818181819,943,1016,1103,1378,1230,1471
464,69,71.57,0.31441805225653213,28,64.02941176470588,75.57575757575758,75.33333333333333,945,1021,1107,1379,1232,1473
465,68,71.73,0.3151916910637111,28,64.11764705882354,75.81818181818181,75.48484848484848,947,1026,1111,1380,1233,1476
466,67,71.89,0.31597857838364163,28,64.20588235294117,76.06060606060606,75.63636363636364,949,1031,1115,1381,1234,1479
467,59,72.03,0.3166416770789948,28,64.29411764705883,76.27272727272727,75.75757575757575,951,1036,1119,1381,1235,1481
468,54,72.17,0.31730774560066505,28,64.38235294117646,76.48484848484848,75.87878787878788,953,1041,1123,1381,1236,1483
469,51,72.32,0.3178705752212389,28,64.47058823529412,76.6969696969697,76.03030303030303,955,1046,1127,1382,1237,1485
470,44,72.45,0.31849137336093863,28,64.55882352941177,76.87878787878788,76.15151515151516,957,1050,1131,1382,1238,1487
471,43,72.58,0.31895287958115176,28,64.61764705882354,77.06060606060606,76.3030303030303,958,1054,1135,1383,1239,1489
472,41,72.69,0.31966295226303487,28,64.6470588235294,77.24242424242425,76.42424242424242,959,1058,1139,1383,1239,1491
473,40,72.82,0.3203597912661357,28,64.67647058823529,77.45454545454545,76.57575757575758,960,1063,1143,1384,1239,1493
474,39,72.95,0.3210705962988348,28,64.70588235294117,77.66666666666667,76.72727272727273,961,1068,1147,1385,1239,1495
475,47,73.05,0.32162765229295004,28,64.73529411764706,77.84848484848484,76.81818181818181,962,1073,1149,1386,1239,1496
476,46,73.18,0.3221617928395736,28,64.79411764705883,78.03030303030303,76.96969696969697,963,1078,1152,1388,1240,1497
477,52,73.3,0.3226466575716235,28,64.8529411764706,78.18181818181819,77.12121212121212,964,1082,1155,1390,1241,1498
478,50,73.44,0.32324346405228754,28,64.91176470588235,78.39393939393939,77.27272727272727,965,1087,1158,1392,1242,1500
479,54,73.58,0.32388148953519974,28,64.97058823529412,78.57575757575758,77.45454545454545,966,1091,1162,1394,1243,1502
480,60,73.7,0.324629579375848,28,65.0,78.75757575757575,77.60606060606061,967,1096,1166,1395,1243,1503
481,67,73.81,0.32545590028451427,28,65.02941176470588,78.93939393939394,77.72727272727273,968,1101,1170,1395,1243,1504
482,59,73.92,0.3262824675324676,28,65.05882352941177,79.12121212121212,77.84848484848484,969,1106,1174,1395,1243,1505
483,60,74.03,0.3271065784141564,28,65.08823529411765,79.3030303030303,77.96969696969697,970,1111,1178,1395,1243,1506
484,67,74.14,0.32792824386296204,28,65.11764705882354,79.48484848484848,78.0909090909091,971,1116,1182,1395,1243,1507
485,74,74.25,0.3287474747474748,28,65.1470588235294,79.66666666666667,78.21212121212122,972,1121,1186,1395,1243,1508
486,74,74.37,0.32942180986957115,28,65.17647058823529,79.84848484848484,78.36363636363636,973,1126,1190,1396,1243,1509
487,68,74.49,0.3301020271177339,28,65.20588235294117,80.03030303030303,78.51515151515152,974,1131,1194,1397,1243,1510
488,71,74.61,0.3307934593218067,28,65.23529411764706,80.21212121212122,78.66666666666667,975,1136,1198,1398,1243,1511
489,70,74.74,0.33151190794755153,28,65.26470588235294,80.42424242424242,78.81818181818181,976,1141,1202,1399,1243,1513
490,66,74.87,0.3322438894083078,28,65.29411764705883,80.63636363636364,78.96969696969697,977,1146,1206,1400,1243,1515
491,74,75.0,0.33297866666666665,28,65.32352941176471,80.84848484848484,79.12121212121212,978,1151,1210,1401,1243,1517
492,80,75.15,0.33357950765136396,28,65.3529411764706,81.0909090909091,79.3030303030303,979,1156,1215,1402,1243,1520
493,85,75.31,0.3342278581861639,28,65.38235294117646,81.36363636363636,79.48484848484848,980,1161,1220,1403,1243,1524
494,92,75.48,0.33476682564917865,28,65.41176470588235,81.66666666666667,79.66666666666667,981,1166,1225,1404,1243,1529
495,81,75.65,0.3351791143423661,28,65.44117647058823,81.96969696969697,79.84848484848484,982,1171,1230,1405,1243,1534
496,78,75.8,0.33567546174142476,28,65.47058823529412,82.21212121212122,80.03030303030303,983,1176,1235,1406,1243,1537
497,84,75.95,0.3361988150098749,28,65.5,82.45454545454545,80.21212121212122,984,1181,1240,1407,1243,1540
498,82,76.12,0.3365265370467682,28,65.52941176470588,82.72727272727273,80.42424242424242,985,1186,1245,1409,1243,1544
499,72,76.28,0.3369638175144206,28,65.55882352941177,83.0,80.60606060606061,986,1191,1250,1410,1243,1548
500,78,76.43,0.337507523223865,28,65.58823529411765,83.24242424242425,80.78787878787878,987,1196,1255,1411,1243,1551
501,78,76.58,0.3380673805171062,28,65.61764705882354,83.48484848484848,80.96969696969697,988,1201,1260,1412,1243,1554
502,79,76.72,0.338589676746611,28,65.6470588235294,83.72727272727273,81.12121212121212,989,1206,1264,1413,1243,1557
503,76,76.87,0.33921295694028886,28,65.67647058823529,83.96969696969697,81.3030303030303,990,1211,1269,1414,1243,1560
504,78,77.03,0.339754641048942,28,65.70588235294117,84.21212121212122,81.51515151515152,991,1216,1274,1416,1243,1563
505,71,77.19,0.3403173986267652,28,65.73529411764706,84.45454545454545,81.72727272727273,992,1221,1279,1418,1243,1566
506,67,77.35,0.34090627020038783,28,65.76470588235294,84.6969696969697,81.93939393939394,993,1226,1284,1420,1243,1569
507,60,77.51,0.3415185137401626,28,65.79411764705883,84.93939393939394,82.15151515151516,994,1231,1289,1422,1243,1572
508,66,77.66,0.3420885912953902,28,65.82352941176471,85.15151515151516,82.36363636363636,995,1235,1294,1424,1243,1575
509,67,77.8,0.3425964010282776,28,65.8529411764706,85.33333333333333,82.57575757575758,996,1238,1299,1426,1243,1578
510,67,77.95,0.3432033354714561,28,65.88235294117646,85.54545454545455,82.78787878787878,997,1242,1304,1428,1243,1581
511,70,78.1,0.343830985915493,28,65.91176470588235,85.75757575757575,83.0,998,1246,1309,1430,1243,1584
512,70,78.25,0.3444843450479233,28,65.94117647058823,85.96969696969697,83.21212121212122,999,1250,1314,1432,1243,1587
513,65,78.39,0.3451447888761322,28,65.97058823529412,86.18181818181819,83.39393939393939,1000,1254,1319,1433,1243,1590
514,66,78.53,0.34581815866547816,28,66.0,86.39393939393939,83.57575757575758,1001,1258,1324,1434,1243,1593
515,61,78.67,0.346504385407398,28,66.02941176470588,86.60606060606061,83.75757575757575,1002,1262,1329,1435,1243,1596
516,56,78.81,0.3472008628346657,28,66.05882352941177,86.81818181818181,83.93939393939394,1003,1266,1334,1436,1243,1599
517,65,78.93,0.3477499049790954,28,66.08823529411765,87.0,84.0909090909091,1004,1269,1338,1437,1243,1602
518,61,79.06,0.34840374399190494,28,66.11764705882354,87.21212121212122,84.24242424242425,1005,1273,1342,1438,1243,1605
519,59,79.2,0.34914393939393945,28,66.1470588235294,87.42424242424242,84.42424242424242,1006,1277,1347,1439,1243,1608
520,57,79.34,0.3498865641542727,28,66.17647058823529,87.63636363636364,84.60606060606061,1007,1281,1352,1440,1243,1611
521,66,79.46,0.35033224263780527,28,66.20588235294117,87.78787878787878,84.78787878787878,1008,1284,1356,1442,1243,1613
522,63,79.61,0.3509672151739731,28,66.23529411764706,88.0,85.0,1009,1288,1361,1444,1243,1616
523,57,79.76,0.3516173520561685,28,66.26470588235294,88.21212121212122,85.21212121212122,1010,1292,1366,1446,1243,1619
524,55,79.9,0.3523854818523154,28,66.29411764705883,88.42424242424242,85.39393939393939,1011,1296,1371,1447,1243,1622
525,55,80.02,0.35299925018745315,28,66.32352941176471,88.60606060606061,85.54545454545455,1012,1299,1375,1448,1243,1625
526,52,80.14,0.3536785625155977,28,66.3529411764706,88.78787878787878,85.6969696969697,1013,1302,1380,1448,1243,1628
527,58,80.26,0.354355843508597,28,66.38235294117646,88.96969696969697,85.84848484848484,1014,1305,1385,1448,1243,1631
528,57,80.39,0.3548065679810922,28,66.41176470588235,89.18181818181819,86.0,1015,1309,1390,1448,1243,1634
529,64,80.53,0.35514094126412515,28,66.47058823529412,89.39393939393939,86.15151515151516,1017,1313,1394,1449,1243,1637
530,70,80.68,0.3555651958353991,28,66.52941176470588,89.60606060606061,86.33333333333333,1019,1317,1399,1450,1243,1640
531,72,80.84,0.35622464126669967,28,66.61764705882354,89.84848484848484,86.48484848484848,1022,1322,1404,1450,1243,1643
532,70,81.01,0.35679422293544005,28,66.70588235294117,90.0909090909091,86.66666666666667,1025,1327,1409,1451,1243,1646
533,72,81.17,0.3573229025502033,28,66.76470588235294,90.33333333333333,86.84848484848484,1027,1332,1414,1452,1243,1649
534,74,81.33,0.3577339235214558,28,66.82352941176471,90.57575757575758,87.03030303030303,1029,1337,1419,1453,1243,1652
535,78,81.5,0.3583828220858895,28,66.91176470588235,90.78787878787878,87.24242424242425,1032,1341,1425,1454,1243,1655
536,84,81.68,0.35892997061704207,28,67.0,91.03030303030303,87.45454545454545,1035,1346,1431,1455,1243,1658
537,75,81.86,0.3595162472514049,28,67.08823529411765,91.27272727272727,87.66666666666667,1038,1351,1437,1456,1243,1661
538,86,82.05,0.3601109079829372,28,67.23529411764706,91.51515151515152,87.84848484848484,1042,1356,1442,1457,1244,1664
539,88,82.27,0.360625987601799,28,67.38235294117646,91.78787878787878,88.0909090909091,1046,1361,1449,1458,1245,1668
540,81,82.49,0.36117468784095036,28,67.52941176470588,92.06060606060606,88.33333333333333,1050,1366,1456,1459,1246,1672
541,79,82.69,0.36180312008707216,28,67.6470588235294,92.3030303030303,88.57575757575758,1053,1371,1463,1460,1247,1675
542,77,82.89,0.36241886837978043,28,67.76470588235294,92.54545454545455,88.81818181818181,1056,1376,1470,1461,1248,1678
543,73,83.08,0.3630548868560423,28,67.8529411764706,92.78787878787878,89.06060606060606,1058,1381,1477,1462,1249,1681
544,77,83.28,0.36377761767531225,28,67.97058823529412,93.03030303030303,89.3030303030303,1061,1386,1484,1463,1250,1684
545,86,83.46,0.3644644140905824,28,68.08823529411765,93.27272727272727,89.48484848484848,1064,1391,1490,1463,1251,1687
546,89,83.64,0.36509564801530375,28,68.20588235294117,93.51515151515152,89.66666666666667,1067,1395,1496,1463,1252,1691
547,86,83.82,0.3657456454306848,28,68.32352941176471,93.75757575757575,89.84848484848484,1070,1399,1502,1463,1253,1695
548,100,84.01,0.3664218545411261,28,68.47058823529412,94.0,90.03030303030303,1074,1403,1508,1463,1254,1699
549,92,84.21,0.36712623203895023,28,68.61764705882354,94.24242424242425,90.24242424242425,1078,1407,1514,1464,1255,1703
550,83,84.42,0.3676853826107558,28,68.79411764705883,94.48484848484848,90.45454545454545,1082,1411,1520,1465,1257,1707
551,79,84.64,0.36817580340264655,28,68.97058823529412,94.75757575757575,90.66666666666667,1086,1415,1526,1466,1259,1712
552,76,84.85,0.36853152622274604,28,69.1470588235294,95.0,90.87878787878788,1090,1419,1531,1468,1261,1716
553,71,85.05,0.3688736037624926,28,69.29411764705883,95.21212121212122,91.12121212121212,1093,1423,1537,1470,1263,1719
554,62,85.23,0.369145840666432,28,69.44117647058823,95.42424242424242,91.3030303030303,1096,1427,1541,1472,1265,1722
555,60,85.4,0.36936065573770493,28,69.58823529411765,95.57575757575758,91.51515151515152,1099,1430,1546,1474,1267,1724
556,74,85.59,0.3697406239046617,28,69.76470588235294,95.78787878787878,91.6969696969697,1103,1434,1550,1476,1269,1727
557,71,85.77,0.3700839454354669,28,69.94117647058823,95.96969696969697,91.87878787878788,1107,1437,1554,1478,1271,1730
558,74,85.95,0.3702769051774288,28,70.08823529411765,96.18181818181819,92.06060606060606,1111,1440,1558,1480,1272,1734
559,73,86.14,0.3703784536800557,28,70.23529411764706,96.42424242424242,92.24242424242425,1115,1443,1562,1482,1273,1739
560,80,86.34,0.3705258281213806,28,70.38235294117646,96.66666666666667,92.45454545454545,1119,1446,1567,1484,1274,1744
561,83,86.55,0.3705707683419988,28,70.52941176470588,96.9090909090909,92.6969696969697,1123,1449,1572,1487,1275,1749
562,83,86.73,0.3706087858872362,28,70.6470588235294,97.12121212121212,92.9090909090909,1126,1452,1576,1490,1276,1753
563,86,86.91,0.3708675641468186,28,70.76470588235294,97.33333333333333,93.12121212121212,1130,1455,1580,1493,1276,1757
564,81,87.11,0.3712122603604638,28,70.91176470588235,97.54545454545455,93.36363636363636,1135,1458,1585,1496,1276,1761
565,86,87.3,0.3715784650630012,28,71.05882352941177,97.72727272727273,93.60606060606061,1140,1461,1590,1499,1276,1764
566,79,87.49,0.3719705109155332,28,71.20588235294117,97.9090909090909,93.84848484848484,1145,1464,1595,1502,1276,1767
567,79,87.67,0.3723223451579788,28,71.32352941176471,98.0909090909091,94.0909090909091,1149,1467,1600,1505,1276,1770
568,79,87.85,0.3726909504837792,28,71.44117647058823,98.27272727272727,94.33333333333333,1153,1470,1605,1508,1276,1773
569,76,88.03,0.3730784959672839,28,71.55882352941177,98.45454545454545,94.57575757575758,1157,1473,1610,1511,1276,1776
570,71,88.2,0.3735600907029478,28,71.67647058823529,98.60606060606061,94.81818181818181,1161,1476,1615,1514,1276,1778
571,75,88.37,0.3740534117913319,28,71.79411764705883,98.75757575757575,95.06060606060606,1165,1479,1620,1517,1276,1780
572,86,88.53,0.3745408336157235,28,71.91176470588235,98.9090909090909,95.27272727272727,1169,1482,1624,1520,1276,1782
573,77,88.71,0.37505918160297597,28,72.02941176470588,99.12121212121212,95.48484848484848,1173,1486,1628,1523,1276,1785
574,83,88.89,0.3755754303071212,28,72.11764705882354,99.33333333333333,95.72727272727273,1176,1490,1633,1526,1276,1788
575,78,89.06,0.37604985403099034,28,72.20588235294117,99.51515151515152,95.96969696969697,1179,1494,1638,1529,1276,1790
576,82,89.23,0.3765202286226605,28,72.32352941176471,99.66666666666667,96.21212121212122,1183,1497,1643,1532,1276,1792
577,85,89.41,0.377059613018678,28,72.44117647058823,99.84848484848484,96.45454545454545,1187,1501,1648,1535,1276,1794
578,93,89.6,0.37753125,28,72.55882352941177,100.06060606060606,96.6969696969697,1191,1506,1653,1538,1276,1796
579,92,89.79,0.3780187103240895,28,72.67647058823529,100.27272727272727,96.93939393939394,1195,1511,1658,1541,1276,1798
580,98,89.97,0.37845837501389357,28,72.79411764705883,100.45454545454545,97.18181818181819,1199,1515,1663,1544,1276,1800
581,87,90.17,0.37896750582233557,28,72.91176470588235,100.6969696969697,97.42424242424242,1203,1519,1668,1547,1276,1804
582,88,90.37,0.37956069492088085,28,73.02941176470588,100.96969696969697,97.63636363636364,1207,1524,1673,1549,1276,1808
583,92,90.57,0.3801667218725847,28,73.1470588235294,101.24242424242425,97.84848484848484,1211,1529,1678,1551,1276,1812
584,86,90.75,0.38068650137741045,28,73.26470588235294,101.51515151515152,98.0,1215,1534,1682,1552,1276,1816
585,84,90.92,0.3812208534975803,28,73.3529411764706,101.78787878787878,98.15151515151516,1218,1539,1686,1553,1276,1820
586,93,91.1,0.3817541163556531,28,73.44117647058823,102.0909090909091,98.3030303030303,1221,1544,1690,1554,1276,1825
587,106,91.3,0.3823570646221248,28,73.55882352941177,102.42424242424242,98.45454545454545,1225,1550,1694,1555,1276,1830
588,113,91.5,0.3829683060109289,28,73.67647058823529,102.75757575757575,98.60606060606061,1229,1556,1698,1556,1276,1835
589,113,91.71,0.38344019190927925,28,73.82352941176471,103.0909090909091,98.75757575757575,1233,1562,1702,1557,1277,1840
590,116,91.92,0.38391644908616185,28,73.97058823529412,103.42424242424242,98.9090909090909,1237,1568,1706,1558,1278,1845
591,116,92.13,0.384392705958971,28,74.11764705882354,103.75757575757575,99.06060606060606,1241,1574,1710,1559,1279,1850
592,110,92.34,0.3848754602555772,28,74.26470588235294,104.0909090909091,99.21212121212122,1245,1580,1714,1560,1280,1855
593,112,92.56,0.3854213483146067,28,74.41176470588235,104.42424242424242,99.39393939393939,1249,1586,1719,1561,1281,1860
594,111,92.78,0.38596680319034277,28,74.55882352941177,104.75757575757575,99.57575757575758,1253,1592,1724,1562,1282,1865
595,114,92.99,0.386509302075492,28,74.70588235294117,105.06060606060606,99.75757575757575,1257,1598,1729,1563,1283,1869
596,114,93.2,0.387049356223176,28,74.88235294117646,105.36363636363636,99.9090909090909,1261,1604,1734,1563,1285,1873
597,117,93.41,0.38758912322021194,28,75.05882352941177,105.66666666666667,100.06060606060606,1265,1610,1739,1563,1287,1877
598,111,93.62,0.3881307412945951,28,75.23529411764706,105.96969696969697,100.21212121212122,1269,1616,1744,1563,1289,1881
599,114,93.83,0.3886741980176916,28,75.41176470588235,106.27272727272727,100.36363636363636,1273,1622,1749,1563,1291,1885
600,120,94.04,0.38921948107188425,28,75.58823529411765,106.57575757575758,100.51515151515152,1277,1628,1754,1563,1293,1889
601,111,94.25,0.3897623342175066,28,75.76470588235294,106.87878787878788,100.66666666666667,1281,1634,1759,1563,1295,1893
602,111,94.46,0.3903027736608088,28,75.94117647058823,107.18181818181819,100.81818181818181,1285,1640,1764,1563,1297,1897
603,118,94.69,0.3908638715809484,28,76.11764705882354,107.51515151515152,101.0,1289,1646,1769,1564,1299,1902
604,108,94.91,0.39142450742808976,28,76.29411764705883,107.81818181818181,101.18181818181819,1293,1652,1774,1565,1301,1906
605,110,95.13,0.39198465258067905,28,76.47058823529412,108.12121212121212,101.36363636363636,1297,1658,1779,1566,1303,1910
606,118,95.35,0.3925443104352386,28,76.6470588235294,108.42424242424242,101.54545454545455,1301,1664,1784,1567,1305,1914
607,111,95.57,0.39310348435701575,28,76.82352941176471,108.72727272727273,101.72727272727273,1305,1670,1789,1568,1307,1918
608,110,95.79,0.3936663534815743,28,77.0,109.03030303030303,101.9090909090909,1309,1676,1794,1569,1309,1922
609,112,96.01,0.39423289240704096,28,77.17647058823529,109.33333333333333,102.0909090909091,1313,1682,1799,1570,1311,1926
610,102,96.23,0.3947968409020056,28,77.3529411764706,109.63636363636364,102.27272727272727,1317,1688,1804,1571,1313,1930
611,101,96.45,0.3953582166925868,28,77.52941176470588,109.93939393939394,102.45454545454545,1321,1694,1809,1572,1315,1934
612,112,96.67,0.395919106237716,28,77.70588235294117,110.24242424242425,102.63636363636364,1325,1700,1814,1573,1317,1938
613,103,96.91,0.3963316479207512,28,77.88235294117646,110.57575757575758,102.84848484848484,1329,1706,1820,1574,1319,1943
614,105,97.13,0.3966549984556779,28,78.05882352941177,110.84848484848484,103.06060606060606,1333,1711,1826,1575,1321,1947
615,109,97.33,0.3970276379328059,28,78.20588235294117,111.0909090909091,103.27272727272727,1337,1716,1832,1576,1322,1950
616,109,97.54,0.3974410498257125,28,78.3529411764706,111.36363636363636,103.48484848484848,1341,1721,1838,1577,1323,1954
617,108,97.76,0.39792144026186577,28,78.5,111.66666666666667,103.6969696969697,1345,1727,1844,1578,1324,1958
618,113,97.98,0.3984119208001633,28,78.6470588235294,111.96969696969697,103.9090909090909,1349,1733,1850,1579,1325,1962
619,109,98.17,0.3988071712335744,28,78.79411764705883,112.24242424242425,104.06060606060606,1353,1739,1855,1579,1326,1965
620,115,98.38,0.3992864403334011,28,78.94117647058823,112.51515151515152,104.27272727272727,1357,1745,1861,1580,1327,1968
621,114,98.6,0.39981744421906695,28,79.11764705882354,112.78787878787878,104.48484848484848,1362,1751,1867,1581,1328,1971
622,119,98.82,0.4003440599069015,28,79.29411764705883,113.06060606060606,104.6969696969697,1367,1757,1873,1582,1329,1974
623,127,99.04,0.40084410339256865,28,79.47058823529412,113.3030303030303,104.93939393939394,1372,1762,1879,1584,1330,1977
624,122,99.27,0.4013951848494006,28,79.6470588235294,113.57575757575758,105.18181818181819,1377,1768,1885,1586,1331,1980
625,114,99.5,0.4019517587939698,28,79.82352941176471,113.84848484848484,105.42424242424242,1382,1774,1891,1588,1332,1983
626,118,99.73,0.40251178181088937,28,80.0,114.12121212121212,105.66666666666667,1387,1780,1897,1590,1333,1986
627,121,99.94,0.40299779867920754,28,80.17647058823529,114.36363636363636,105.87878787878788,1392,1785,1902,1592,1334,1989
628,129,100.16,0.40354832268370605,28,80.32352941176471,114.63636363636364,106.12121212121212,1396,1791,1908,1594,1335,1992
629,127,100.39,0.4040452236278514,28,80.5,114.9090909090909,106.36363636363636,1400,1797,1914,1596,1337,1995
630,133,100.63,0.40456027029712804,28,80.70588235294117,115.18181818181819,106.60606060606061,1405,1803,1920,1598,1339,1998
631,142,100.87,0.40508277981560425,28,80.91176470588235,115.45454545454545,106.84848484848484,1410,1809,1926,1600,1341,2001
632,135,101.12,0.40561906645569623,28,81.1470588235294,115.72727272727273,107.0909090909091,1415,1815,1932,1602,1344,2004
633,134,101.37,0.4061605997829733,28,81.38235294117646,116.0,107.33333333333333,1420,1821,1938,1604,1347,2007
634,144,101.6,0.4065885826771653,28,81.61764705882354,116.24242424242425,107.54545454545455,1425,1826,1943,1606,1350,2010
635,147,101.84,0.40705420267085624,28,81.8529411764706,116.48484848484848,107.78787878787878,1430,1831,1949,1608,1353,2013
636,158,102.09,0.4075727299441669,28,82.08823529411765,116.72727272727273,108.06060606060606,1435,1836,1956,1610,1356,2016
637,166,102.34,0.40809458667187803,28,82.32352941176471,116.96969696969697,108.33333333333333,1440,1841,1963,1612,1359,2019
638,156,102.59,0.40862559703674817,28,82.55882352941177,117.21212121212122,108.60606060606061,1445,1846,1970,1614,1362,2022
639,152,102.84,0.4091559704395177,28,82.79411764705883,117.45454545454545,108.87878787878788,1450,1851,1977,1616,1365,2025
640,151,103.09,0.4096876515665923,28,83.02941176470588,117.6969696969697,109.15151515151516,1455,1856,1984,1618,1368,2028
641,157,103.33,0.41022839446433756,28,83.26470588235294,117.93939393939394,109.39393939393939,1460,1861,1991,1619,1371,2031
642,147,103.55,0.41071656204732016,28,83.5,118.15151515151516,109.60606060606061,1465,1865,1998,1619,1374,2034
643,146,103.77,0.4112161511034017,28,83.73529411764706,118.36363636363636,109.81818181818181,1470,1869,2005,1619,1377,2037
644,151,103.99,0.4117251658813348,28,83.97058823529412,118.57575757575758,110.03030303030303,1475,1873,2012,1619,1380,2040
645,146,104.22,0.41227787372865093,28,84.20588235294117,118.81818181818181,110.24242424242425,1480,1878,2019,1619,1383,2043
646,147,104.45,0.4128338918142652,28,84.44117647058823,119.06060606060606,110.45454545454545,1485,1883,2026,1619,1386,2046
647,151,104.68,0.4133931983186855,28,84.67647058823529,119.3030303030303,110.66666666666667,1490,1888,2033,1619,1389,2049
648,148,104.92,0.4139649256576439,28,84.91176470588235,119.54545454545455,110.9090909090909,1495,1893,2040,1620,1392,2052
649,133,105.16,0.414543552681628,28,85.1470588235294,119.78787878787878,111.15151515151516,1500,1898,2047,1621,1395,2055
650,145,105.4,0.41513092979127136,28,85.38235294117646,120.03030303030303,111.39393939393939,1505,1903,2054,1622,1398,2058
651,144,105.62,0.4156712743798523,28,85.58823529411765,120.27272727272727,111.60606060606061,1509,1908,2061,1622,1401,2061
652,134,105.84,0.416218820861678,28,85.79411764705883,120.51515151515152,111.81818181818181,1513,1913,2068,1622,1404,2064
653,139,106.06,0.41676975297001695,28,86.0,120.75757575757575,112.03030303030303,1517,1918,2075,1622,1407,2067
654,132,106.28,0.41732404968009035,28,86.20588235294117,121.0,112.24242424242425,1521,1923,2082,1622,1410,2070
655,127,106.51,0.4177682846681063,28,86.41176470588235,121.24242424242425,112.48484848484848,1525,1928,2089,1623,1413,2073
656,140,106.74,0.4182181000562114,28,86.61764705882354,121.48484848484848,112.72727272727273,1529,1933,2096,1624,1416,2076
657,136,106.96,0.4186256544502618,28,86.82352941176471,121.6969696969697,112.96969696969697,1533,1938,2103,1625,1419,2078
658,123,107.18,0.41904086583317784,28,87.02941176470588,121.9090909090909,113.21212121212122,1537,1943,2110,1626,1422,2080
659,131,107.4,0.41945996275605213,28,87.23529411764706,122.12121212121212,113.45454545454545,1541,1948,2117,1627,1425,2082
660,115,107.62,0.4198829213900762,28,87.44117647058823,122.33333333333333,113.6969696969697,1545,1953,2124,1628,1428,2084
661,101,107.85,0.420227167362077,28,87.67647058823529,122.54545454545455,113.93939393939394,1549,1958,2131,1629,1432,2086
662,109,108.07,0.42054316646617934,28,87.88235294117646,122.75757575757575,114.18181818181819,1552,1963,2138,1630,1436,2088
663,123,108.29,0.4209816234185982,28,88.08823529411765,122.96969696969697,114.42424242424242,1556,1968,2145,1631,1439,2090
664,125,108.54,0.4213340703887967,28,88.32352941176471,123.18181818181819,114.72727272727273,1561,1973,2152,1634,1442,2092
665,132,108.8,0.42170404411764706,28,88.55882352941177,123.39393939393939,115.06060606060606,1566,1978,2159,1638,1445,2094
666,134,109.05,0.42217056396148556,28,88.79411764705883,123.60606060606061,115.36363636363636,1571,1983,2166,1641,1448,2096
667,140,109.29,0.4226269558056547,28,89.02941176470588,123.78787878787878,115.66666666666667,1576,1987,2173,1644,1451,2098
668,145,109.54,0.4230965857221106,28,89.26470588235294,124.0,115.96969696969697,1581,1992,2180,1647,1454,2100
669,135,109.79,0.42356954185262774,28,89.5,124.21212121212122,116.27272727272727,1586,1997,2187,1650,1457,2102
670,141,110.03,0.4240179950922476,28,89.73529411764706,124.42424242424242,116.54545454545455,1591,2002,2193,1653,1460,2104
671,143,110.28,0.42450308306129847,28,89.97058823529412,124.63636363636364,116.84848484848484,1596,2007,2200,1656,1463,2106
672,150,110.54,0.42491586755925453,28,90.20588235294117,124.84848484848484,117.18181818181819,1601,2012,2207,1660,1466,2108
673,142,110.8,0.42533574007220215,28,90.44117647058823,125.06060606060606,117.51515151515152,1606,2017,2214,1664,1469,2110
674,146,111.06,0.4257698541329011,28,90.67647058823529,125.27272727272727,117.84848484848484,1611,2022,2221,1668,1472,2112
675,141,111.32,0.42625943226733737,28,90.88235294117646,125.51515151515152,118.18181818181819,1616,2027,2228,1672,1474,2115
676,142,111.58,0.42675389854812695,28,91.08823529411765,125.75757575757575,118.51515151515152,1621,2032,2235,1676,1476,2118
677,129,111.83,0.4272118393990879,28,91.29411764705883,125.96969696969697,118.84848484848484,1626,2037,2242,1680,1478,2120
678,134,112.08,0.42771056388294076,28,91.47058823529412,126.21212121212122,119.18181818181819,1630,2042,2249,1684,1480,2123
679,139,112.33,0.42805038725184724,28,91.67647058823529,126.45454545454545,119.48484848484848,1634,2047,2255,1688,1483,2126
680,123,112.58,0.428394030911352,28,91.88235294117646,126.6969696969697,119.78787878787878,1638,2052,2261,1692,1486,2129
681,127,112.84,0.42874158099964554,28,92.11764705882354,126.93939393939394,120.0909090909091,1642,2057,2267,1696,1490,2132
682,148,113.08,0.42905199858507254,28,92.32352941176471,127.15151515151516,120.39393939393939,1646,2061,2273,1700,1493,2135
683,135,113.33,0.42937527574340423,28,92.52941176470588,127.36363636363636,120.72727272727273,1650,2065,2279,1705,1496,2138
684,122,113.58,0.4296513470681458,28,92.76470588235294,127.57575757575758,121.03030303030303,1654,2069,2284,1710,1500,2141
685,127,113.83,0.4298260563998946,28,93.0,127.78787878787878,121.33333333333333,1657,2073,2289,1715,1505,2144
686,112,114.07,0.43004909266240027,28,93.23529411764706,128.03030303030303,121.57575757575758,1660,2078,2294,1718,1510,2147
687,108,114.32,0.43027991602519244,28,93.47058823529412,128.27272727272728,121.84848484848484,1663,2083,2299,1722,1515,2150
688,116,114.54,0.4304906582853152,28,93.70588235294117,128.4848484848485,122.06060606060606,1667,2088,2304,1724,1519,2152
689,115,114.76,0.43067096549320316,28,93.97058823529412,128.66666666666666,122.27272727272727,1671,2091,2308,1727,1524,2155
690,99,114.98,0.43088015307009914,28,94.20588235294117,128.84848484848484,122.51515151515152,1674,2094,2313,1730,1529,2158
691,95,115.2,0.43109375,28,94.44117647058823,129.03030303030303,122.75757575757575,1677,2097,2318,1733,1534,2161
692,87,115.43,0.4312596378757689,28,94.67647058823529,129.21212121212122,123.03030303030303,1680,2100,2323,1737,1539,2164
693,76,115.63,0.43139583153160943,28,94.91176470588235,129.3939393939394,123.21212121212122,1683,2103,2326,1740,1544,2167
694,70,115.81,0.43165443398670233,28,95.11764705882354,129.54545454545453,123.39393939393939,1686,2106,2330,1742,1548,2169
695,81,115.97,0.4318453048202121,28,95.29411764705883,129.66666666666666,123.57575757575758,1688,2109,2334,1744,1552,2170
696,73,116.14,0.4320699156190804,28,95.5,129.78787878787878,123.75757575757575,1691,2112,2338,1746,1556,2171
697,69,116.3,0.43228030954428204,28,95.70588235294117,129.9090909090909,123.9090909090909,1694,2115,2341,1748,1560,2172
698,81,116.45,0.4324989265779305,28,95.91176470588235,130.03030303030303,124.03030303030303,1697,2118,2344,1749,1564,2173
699,92,116.61,0.43275448074779177,28,96.11764705882354,130.1818181818182,124.15151515151516,1700,2122,2347,1750,1568,2174
700,88,116.8,0.4329708904109589,28,96.3529411764706,130.33333333333334,124.33333333333333,1703,2126,2351,1752,1573,2175
701,87,116.99,0.43319172578852894,28,96.58823529411765,130.4848484848485,124.51515151515152,1706,2130,2355,1754,1578,2176
702,84,117.17,0.43338141162413585,28,96.82352941176471,130.6060606060606,124.6969696969697,1709,2133,2359,1756,1583,2177
703,78,117.35,0.43357903706859824,28,97.05882352941177,130.72727272727272,124.87878787878788,1712,2136,2363,1758,1588,2178
704,87,117.53,0.4337607419382285,28,97.26470588235294,130.87878787878788,125.06060606060606,1714,2140,2367,1760,1593,2179
705,90,117.71,0.43392490017840457,28,97.44117647058823,131.03030303030303,125.27272727272727,1716,2144,2371,1763,1597,2180
706,75,117.89,0.43411570107727543,28,97.61764705882354,131.1818181818182,125.48484848484848,1719,2148,2375,1766,1600,2181
707,84,118.07,0.43431777758956547,28,97.79411764705883,131.33333333333334,125.6969696969697,1722,2152,2379,1769,1603,2182
708,75,118.25,0.4345276955602537,28,97.97058823529412,131.4848484848485,125.9090909090909,1725,2156,2383,1772,1606,2183
709,71,118.41,0.4347276412465163,28,98.1470588235294,131.6060606060606,126.0909090909091,1728,2159,2386,1775,1609,2184
710,72,118.58,0.4349047056839265,28,98.3529411764706,131.72727272727272,126.27272727272727,1731,2162,2389,1778,1613,2185
711,72,118.76,0.43511283260357025,28,98.55882352941177,131.84848484848484,126.48484848484848,1734,2165,2393,1781,1617,2186
712,60,118.94,0.43532369261812676,28,98.76470588235294,131.96969696969697,126.6969696969697,1737,2168,2397,1784,1621,2187
713,55,119.11,0.4354991184619259,28,98.97058823529412,132.0909090909091,126.87878787878788,1740,2171,2400,1787,1625,2188
714,53,119.25,0.43559496855345914,28,99.17647058823529,132.1818181818182,127.0,1743,2173,2401,1790,1629,2189
715,63,119.39,0.4356905938520814,28,99.3529411764706,132.27272727272728,127.15151515151516,1745,2175,2403,1793,1633,2190
716,61,119.56,0.43586149213783876,28,99.52941176470588,132.42424242424244,127.33333333333333,1747,2179,2406,1796,1637,2191
717,68,119.73,0.43608535872379517,28,99.67647058823529,132.57575757575756,127.54545454545455,1749,2183,2410,1799,1640,2192
718,59,119.91,0.4363397548161121,28,99.8529411764706,132.72727272727272,127.75757575757575,1752,2187,2414,1802,1643,2193
719,56,120.06,0.43651507579543564,28,100.0,132.84848484848484,127.93939393939394,1754,2190,2417,1805,1646,2194
720,61,120.22,0.43671768424554985,28,100.17647058823529,132.96969696969697,128.12121212121212,1757,2193,2420,1808,1649,2195
721,65,120.36,0.43693087404453307,28,100.3529411764706,133.0909090909091,128.24242424242425,1760,2196,2422,1810,1652,2196
722,64,120.52,0.43717225356787254,28,100.52941176470588,133.21212121212122,128.42424242424244,1763,2199,2426,1812,1655,2197
723,66,120.68,0.437374875704342,28,100.67647058823529,133.33333333333334,128.63636363636363,1765,2202,2430,1815,1658,2198
724,66,120.83,0.4375974509641645,28,100.82352941176471,133.45454545454547,128.8181818181818,1767,2205,2434,1817,1661,2199
725,57,120.98,0.43783931228302203,28,101.0,133.57575757575756,128.96969696969697,1770,2208,2437,1819,1664,2200
726,56,121.14,0.438119531121017,28,101.17647058823529,133.72727272727272,129.12121212121212,1773,2212,2440,1821,1667,2201
727,44,121.32,0.4383976261127597,28,101.41176470588235,133.87878787878788,129.27272727272728,1777,2216,2443,1823,1671,2202
728,38,121.47,0.4386375236683955,28,101.55882352941177,134.03030303030303,129.42424242424244,1779,2220,2446,1825,1674,2203
729,41,121.59,0.43877210296899416,28,101.73529411764706,134.0909090909091,129.54545454545453,1782,2221,2448,1827,1677,2204
730,35,121.71,0.43898036315832717,28,101.88235294117646,134.1818181818182,129.66666666666666,1784,2223,2451,1828,1680,2205
731,30,121.82,0.4391183713675915,28,102.05882352941177,134.24242424242425,129.75757575757575,1786,2225,2453,1829,1684,2205
732,32,121.92,0.43923228346456694,28,102.23529411764706,134.3030303030303,129.8181818181818,1788,2227,2454,1830,1688,2205
733,25,122.02,0.4394033764956564,28,102.38235294117646,134.36363636363637,129.9090909090909,1790,2229,2456,1831,1691,2205
734,22,122.11,0.4395012693473098,28,102.47058823529412,134.45454545454547,130.0,1791,2231,2458,1832,1693,2206
735,21,122.18,0.43957767228678996,28,102.55882352941177,134.5151515151515,130.06060606060606,1792,2232,2460,1832,1695,2207
736,22,122.23,0.43960484332815186,28,102.6470588235294,134.54545454545453,130.0909090909091,1793,2233,2460,1833,1697,2207
737,21,122.3,0.43969910057236306,28,102.73529411764706,134.57575757575756,130.1818181818182,1794,2234,2462,1834,1699,2207
738,25,122.38,0.43981532930217354,28,102.82352941176471,134.6060606060606,130.3030303030303,1795,2235,2465,1835,1701,2207
739,19,122.47,0.43991099861190497,28,102.91176470588235,134.63636363636363,130.45454545454547,1795,2236,2469,1836,1704,2207
740,14,122.55,0.4399942880456956,28,103.0,134.63636363636363,130.6060606060606,1795,2236,2473,1837,1707,2207
741,13,122.62,0.44007339748817487,28,103.05882352941177,134.63636363636363,130.75757575757575,1795,2236,2477,1838,1709,2207
742,13,122.68,0.44018421910661887,28,103.08823529411765,134.66666666666666,130.87878787878788,1795,2237,2480,1839,1710,2207
743,13,122.74,0.44026560208570964,28,103.1470588235294,134.6969696969697,130.96969696969697,1795,2238,2482,1840,1712,2207
744,18,122.81,0.44037700512987543,28,103.23529411764706,134.72727272727272,131.06060606060606,1796,2239,2484,1841,1714,2207
745,23,122.88,0.4404850260416666,28,103.29411764705883,134.75757575757575,131.1818181818182,1797,2240,2487,1842,1715,2207
746,27,122.96,0.4406376057254392,28,103.38235294117646,134.8181818181818,131.27272727272728,1798,2242,2490,1842,1717,2207
747,37,123.04,0.44083875162548763,28,103.44117647058823,134.87878787878788,131.3939393939394,1799,2244,2494,1842,1718,2207
748,46,123.13,0.440998132055551,28,103.55882352941177,134.93939393939394,131.4848484848485,1800,2246,2497,1842,1721,2207
749,40,123.22,0.4411572796623925,28,103.67647058823529,135.0,131.57575757575756,1801,2248,2500,1842,1724,2207
750,36,123.32,0.4412990593577684,28,103.79411764705883,135.0909090909091,131.66666666666666,1802,2250,2503,1842,1727,2208
751,35,123.42,0.4414227839896289,28,103.91176470588235,135.1818181818182,131.75757575757575,1803,2252,2506,1842,1730,2209
752,27,123.5,0.441531983805668,28,104.0,135.27272727272728,131.8181818181818,1804,2254,2508,1842,1732,2210
753,31,123.58,0.4416912121702541,28,104.05882352941177,135.3939393939394,131.87878787878788,1805,2257,2510,1842,1733,2211
754,35,123.66,0.44185185185185183,28,104.11764705882354,135.5151515151515,131.93939393939394,1806,2260,2512,1842,1734,2212
755,31,123.73,0.4419873919017215,28,104.17647058823529,135.63636363636363,131.96969696969697,1807,2263,2513,1842,1735,2213
756,30,123.8,0.4421227786752827,28,104.23529411764706,135.75757575757575,132.0,1808,2266,2514,1842,1736,2214
757,38,123.87,0.44226124162428354,28,104.29411764705883,135.87878787878788,132.03030303030303,1809,2269,2515,1842,1737,2215
758,33,123.95,0.4423001210165389,28,104.3529411764706,136.0,132.0909090909091,1810,2271,2517,1842,1738,2217
759,36,124.04,0.44237020316027087,28,104.41176470588235,136.15151515151516,132.15151515151516,1811,2274,2519,1842,1739,2219
760,38,124.14,0.44248268084420816,28,104.47058823529412,136.33333333333334,132.21212121212122,1812,2278,2521,1842,1740,2221
761,38,124.23,0.4427006359172503,28,104.52941176470588,136.4848484848485,132.27272727272728,1813,2282,2523,1842,1741,2222
762,40,124.33,0.4429590605646264,28,104.58823529411765,136.66666666666666,132.33333333333334,1814,2287,2525,1842,1742,2223
763,44,124.44,0.44313564770170366,28,104.6470588235294,136.84848484848484,132.42424242424244,1815,2292,2527,1843,1743,2224
764,46,124.54,0.4433997109362454,28,104.70588235294117,137.03030303030303,132.4848484848485,1816,2297,2529,1843,1744,2225
765,56,124.65,0.44368953068592054,28,104.79411764705883,137.21212121212122,132.54545454545453,1818,2302,2531,1843,1745,2226
766,51,124.76,0.4439804424495031,28,104.88235294117646,137.3939393939394,132.6060606060606,1820,2307,2533,1843,1746,2227
767,58,124.87,0.4442708416753423,28,104.97058823529412,137.57575757575756,132.66666666666666,1822,2312,2535,1843,1747,2228
768,63,125.0,0.44459519999999997,28,105.08823529411765,137.75757575757575,132.75757575757575,1825,2317,2538,1843,1748,2229
769,67,125.14,0.4449592456448777,28,105.20588235294117,137.93939393939394,132.87878787878788,1828,2322,2542,1843,1749,2230
770,64,125.29,0.4453212546891212,28,105.32352941176471,138.15151515151516,133.0,1831,2327,2546,1843,1750,2232
771,70,125.44,0.4456823979591837,28,105.44117647058823,138.36363636363637,133.12121212121212,1834,2332,2550,1843,1751,2234
772,65,125.58,0.44604554865424434,28,105.55882352941177,138.54545454545453,133.24242424242425,1837,2337,2554,1843,1752,2235
773,60,125.72,0.44640948138720965,28,105.67647058823529,138.72727272727272,133.36363636363637,1840,2342,2558,1843,1753,2236
774,70,125.86,0.4467726044811695,28,105.79411764705883,138.9090909090909,133.4848484848485,1843,2347,2562,1843,1754,2237
775,65,126.0,0.4471349206349206,28,105.91176470588235,139.0909090909091,133.6060606060606,1846,2352,2566,1843,1755,2238
776,66,126.14,0.44749643253527827,28,106.02941176470588,139.27272727272728,133.72727272727272,1849,2357,2570,1843,1756,2239
777,64,126.28,0.4478618942033576,28,106.1470588235294,139.45454545454547,133.84848484848484,1852,2362,2574,1843,1757,2240
778,60,126.41,0.44818843445929907,28,106.26470588235294,139.6060606060606,133.96969696969697,1855,2366,2578,1843,1758,2241
779,55,126.55,0.44855235084946665,28,106.38235294117646,139.78787878787878,134.0909090909091,1858,2371,2582,1843,1759,2242
780,56,126.69,0.44891862025416374,28,106.5,139.96969696969697,134.21212121212122,1861,2376,2586,1843,1760,2243
781,58,126.82,0.44924617568206904,28,106.61764705882354,140.12121212121212,134.33333333333334,1864,2380,2590,1843,1761,2244
782,56,126.96,0.44961090107120355,28,106.73529411764706,140.3030303030303,134.45454545454547,1867,2385,2594,1843,1762,2245
783,57,127.1,0.4499779701022817,28,106.8529411764706,140.4848484848485,134.57575757575756,1870,2390,2598,1843,1763,2246
784,64,127.24,0.4503442313737818,28,106.97058823529412,140.66666666666666,134.6969696969697,1873,2395,2602,1843,1764,2247
785,65,127.38,0.4507096875490658,28,107.08823529411765,140.84848484848484,134.8181818181818,1876,2400,2606,1843,1765,2248
786,66,127.52,0.45107434127979923,28,107.20588235294117,141.03030303030303,134.93939393939394,1879,2405,2610,1843,1766,2249
787,67,127.66,0.45143976186746043,28,107.32352941176471,141.21212121212122,135.06060606060606,1882,2410,2614,1843,1767,2250
788,66,127.82,0.45169300578939137,28,107.44117647058823,141.3939393939394,135.24242424242425,1885,2415,2618,1845,1768,2251
789,58,127.96,0.4520584557674273,28,107.55882352941177,141.57575757575756,135.36363636363637,1888,2420,2622,1845,1769,2252
790,56,128.1,0.45242310694769716,28,107.67647058823529,141.75757575757575,135.4848484848485,1891,2425,2626,1845,1770,2253
791,57,128.24,0.4527869619463506,28,107.79411764705883,141.93939393939394,135.6060606060606,1894,2430,2630,1845,1771,2254
792,49,128.38,0.4531500233681259,28,107.91176470588235,142.12121212121212,135.72727272727272,1897,2435,2634,1845,1772,2255
793,50,128.52,0.45351229380641145,28,108.02941176470588,142.3030303030303,135.84848484848484,1900,2440,2638,1845,1773,2256
794,56,128.64,0.45384483830845773,28,108.1470588235294,142.42424242424244,135.96969696969697,1903,2444,2642,1845,1774,2256
795,57,128.78,0.4542071750271781,28,108.26470588235294,142.6060606060606,136.0909090909091,1906,2449,2646,1845,1775,2257
796,61,128.92,0.4545733788395904,28,108.38235294117646,142.78787878787878,136.21212121212122,1909,2454,2650,1845,1776,2258
797,65,129.06,0.45493878816054545,28,108.5,142.96969696969697,136.33333333333334,1912,2459,2654,1845,1777,2259
798,63,129.2,0.45530340557275545,28,108.61764705882354,143.15151515151516,136.45454545454547,1915,2464,2658,1845,1778,2260
799,60,129.35,0.455655972168535,28,108.73529411764706,143.33333333333334,136.6060606060606,1918,2469,2662,1846,1779,2261
800,65,129.48,0.4559885696632685,28,108.82352941176471,143.5151515151515,136.72727272727272,1920,2474,2666,1846,1780,2262
801,58,129.61,0.4563204999614227,28,108.91176470588235,143.6969696969697,136.84848484848484,1922,2479,2670,1846,1781,2263
802,57,129.74,0.4566517650685987,28,109.0,143.87878787878788,136.96969696969697,1924,2484,2674,1846,1782,2264
803,59,129.87,0.456982366982367,28,109.08823529411765,144.06060606060606,137.0909090909091,1926,2489,2678,1846,1783,2265
804,57,130.01,0.45734251211445276,28,109.20588235294117,144.24242424242425,137.21212121212122,1929,2494,2682,1846,1784,2266
805,61,130.15,0.4577049558202074,28,109.32352941176471,144.42424242424244,137.33333333333334,1932,2499,2686,1846,1785,2267
806,71,130.29,0.4580681556527746,28,109.44117647058823,144.6060606060606,137.45454545454547,1935,2504,2690,1846,1786,2268
807,69,130.43,0.45845971018937365,28,109.58823529411765,144.75757575757575,137.57575757575756,1939,2509,2694,1846,1787,2268
808,69,130.58,0.458825241231429,28,109.76470588235294,144.9090909090909,137.6969696969697,1943,2514,2698,1846,1789,2268
809,83,130.74,0.45910815358727247,28,109.94117647058823,145.06060606060606,137.84848484848484,1947,2519,2702,1847,1791,2268
810,85,130.9,0.45939648586707416,28,110.11764705882354,145.21212121212122,138.0,1951,2524,2706,1848,1793,2268
811,83,131.07,0.4596147096971084,28,110.32352941176471,145.36363636363637,138.15151515151516,1955,2529,2710,1849,1796,2268
812,98,131.25,0.459816380952381,28,110.52941176470588,145.54545454545453,138.3030303030303,1959,2534,2714,1850,1799,2269
813,95,131.43,0.46002510842273453,28,110.73529411764706,145.72727272727272,138.45454545454547,1963,2539,2718,1851,1802,2270
814,92,131.61,0.4602408631562951,28,110.94117647058823,145.9090909090909,138.6060606060606,1967,2544,2722,1852,1805,2271
815,80,131.79,0.4604666514910084,28,111.1470588235294,146.0909090909091,138.75757575757575,1971,2549,2726,1853,1808,2272
816,76,131.98,0.4606076678284589,28,111.3529411764706,146.27272727272728,138.93939393939394,1975,2554,2730,1855,1811,2273
817,73,132.16,0.4607036924939467,28,111.52941176470588,146.45454545454547,139.12121212121212,1978,2559,2734,1857,1814,2274
818,75,132.35,0.4607880619569324,28,111.73529411764706,146.63636363636363,139.3030303030303,1982,2564,2737,1860,1817,2275
819,75,132.53,0.46085490077718255,28,111.94117647058823,146.8181818181818,139.45454545454547,1986,2569,2739,1863,1820,2276
820,72,132.71,0.4609290935121694,28,112.1470588235294,147.0,139.6060606060606,1990,2574,2741,1866,1823,2277
821,88,132.91,0.4610119629824693,28,112.38235294117646,147.1818181818182,139.78787878787878,1994,2579,2744,1869,1827,2278
822,95,133.14,0.46110259876821386,28,112.6470588235294,147.36363636363637,140.03030303030303,1999,2584,2749,1872,1831,2279
823,95,133.35,0.4612110986126734,28,112.88235294117646,147.54545454545453,140.24242424242425,2004,2589,2753,1875,1834,2280
824,100,133.57,0.46120760649846526,28,113.1470588235294,147.75757575757575,140.42424242424244,2009,2594,2756,1878,1838,2282
825,113,133.8,0.4612242152466368,28,113.41176470588235,148.0,140.6060606060606,2014,2600,2759,1881,1842,2284
826,129,134.06,0.46120095479635986,28,113.67647058823529,148.27272727272728,140.84848484848484,2019,2606,2764,1884,1846,2287
827,126,134.3,0.46114072970960535,28,113.91176470588235,148.5151515151515,141.0909090909091,2023,2611,2769,1887,1850,2290
828,114,134.54,0.4610911253158912,28,114.1470588235294,148.75757575757575,141.33333333333334,2027,2616,2774,1890,1854,2293
829,110,134.79,0.46107797314340826,28,114.41176470588235,149.0,141.57575757575756,2032,2621,2779,1893,1858,2296
830,104,135.03,0.4610671702584611,28,114.67647058823529,149.24242424242425,141.78787878787878,2037,2626,2783,1896,1862,2299
831,98,135.27,0.46105049160937384,28,114.94117647058823,149.45454545454547,142.03030303030303,2042,2630,2788,1899,1866,2302
832,96,135.5,0.46107749077490773,28,115.17647058823529,149.6969696969697,142.24242424242425,2046,2635,2793,1901,1870,2305
833,97,135.73,0.4611102924924482,28,115.44117647058823,149.93939393939394,142.42424242424244,2051,2640,2797,1903,1874,2308
834,102,135.95,0.46106730415593966,28,115.70588235294117,150.0909090909091,142.66666666666666,2056,2642,2802,1906,1878,2311
835,101,136.17,0.46103473599177497,28,115.97058823529412,150.24242424242425,142.9090909090909,2061,2644,2807,1909,1882,2314
836,96,136.4,0.46094134897360706,28,116.20588235294117,150.45454545454547,143.15151515151516,2065,2647,2812,1912,1886,2318
837,78,136.61,0.4607869116462923,28,116.44117647058823,150.66666666666666,143.33333333333334,2069,2650,2815,1915,1890,2322
838,64,136.81,0.46060302609458376,28,116.67647058823529,150.8181818181818,143.54545454545453,2073,2652,2818,1919,1894,2325
839,57,137.0,0.46043941605839417,28,116.91176470588235,150.96969696969697,143.72727272727272,2077,2654,2821,1922,1898,2328
840,45,137.18,0.4603557369878991,28,117.1470588235294,151.0909090909091,143.9090909090909,2081,2656,2824,1925,1902,2330
841,34,137.32,0.46024905330614624,28,117.29411764705883,151.21212121212122,144.06060606060606,2083,2658,2827,1927,1905,2332
842,30,137.42,0.460212487265318,28,117.44117647058823,151.27272727272728,144.15151515151516,2085,2659,2829,1928,1908,2333
843,23,137.52,0.46009744037230943,28,117.55882352941177,151.33333333333334,144.27272727272728,2086,2660,2831,1930,1911,2334
844,14,137.61,0.46006903568054647,28,117.6470588235294,151.42424242424244,144.36363636363637,2087,2662,2833,1931,1913,2335
845,13,137.68,0.4599840209180709,28,117.73529411764706,151.4848484848485,144.42424242424244,2088,2663,2834,1932,1915,2336
846,19,137.74,0.459912879337883,28,117.79411764705883,151.54545454545453,144.4848484848485,2088,2664,2835,1933,1917,2337
847,21,137.81,0.45998766417531384,28,117.8529411764706,151.6060606060606,144.57575757575756,2089,2665,2838,1933,1918,2338
848,18,137.9,0.45994053662073964,28,117.91176470588235,151.6969696969697,144.6969696969697,2090,2666,2841,1934,1919,2340
849,14,137.97,0.459854316155686,28,117.97058823529412,151.75757575757575,144.78787878787878,2091,2666,2843,1935,1920,2342
850,12,138.02,0.4597768439356615,28,118.02941176470588,151.78787878787878,144.84848484848484,2092,2666,2844,1936,1921,2343
851,10,138.07,0.4597211559353951,28,118.08823529411765,151.8181818181818,144.9090909090909,2094,2666,2845,1937,1921,2344
852,11,138.12,0.4596669562699103,28,118.1470588235294,151.84848484848484,144.96969696969697,2096,2666,2846,1938,1921,2345
853,10,138.16,0.4596525767226404,28,118.20588235294117,151.87878787878788,145.0,2098,2666,2847,1938,1921,2346
854,10,138.19,0.45970837253057384,28,118.26470588235294,151.87878787878788,145.03030303030303,2100,2666,2848,1938,1921,2346
855,13,138.22,0.45976414411807265,28,118.32352941176471,151.87878787878788,145.06060606060606,2102,2666,2849,1938,1921,2346
856,12,138.26,0.45977867785331983,28,118.38235294117646,151.87878787878788,145.12121212121212,2104,2666,2850,1939,1921,2346
857,11,138.3,0.4597946493130875,28,118.44117647058823,151.87878787878788,145.1818181818182,2106,2666,2851,1940,1921,2346
858,10,138.34,0.45981494867717215,28,118.5,151.87878787878788,145.24242424242425,2108,2666,2852,1941,1921,2346
859,10,138.37,0.45987208209872077,28,118.55882352941177,151.87878787878788,145.27272727272728,2110,2666,2853,1941,1921,2346
860,13,138.4,0.45992919075144506,28,118.61764705882354,151.87878787878788,145.3030303030303,2112,2666,2854,1941,1921,2346
861,15,138.44,0.4599494365790234,28,118.67647058823529,151.87878787878788,145.36363636363637,2114,2666,2855,1942,1921,2346
862,13,138.49,0.45999927792620404,28,118.73529411764706,151.9090909090909,145.42424242424244,2116,2667,2856,1943,1921,2346
863,11,138.54,0.4600519705500216,28,118.79411764705883,151.93939393939394,145.4848484848485,2118,2668,2857,1944,1921,2346
864,10,138.58,0.4601371049213451,28,118.8529411764706,151.96969696969697,145.5151515151515,2120,2669,2858,1944,1921,2346
865,10,138.61,0.46019406969194143,28,118.91176470588235,151.96969696969697,145.54545454545453,2122,2669,2859,1944,1921,2346
866,10,138.64,0.4602510098095787,28,118.97058823529412,151.96969696969697,145.57575757575756,2124,2669,2860,1944,1921,2346
867,13,138.67,0.46030792529025744,28,119.02941176470588,151.96969696969697,145.6060606060606,2126,2669,2861,1944,1921,2346
868,12,138.71,0.46034099920697863,28,119.08823529411765,152.0,145.63636363636363,2128,2669,2862,1944,1921,2347
869,11,138.75,0.4603754954954955,28,119.1470588235294,152.03030303030303,145.66666666666666,2130,2669,2863,1944,1921,2348
870,13,138.79,0.46040997189999283,28,119.20588235294117,152.06060606060606,145.6969696969697,2132,2669,2864,1944,1921,2349
871,12,138.83,0.4604631563783044,28,119.26470588235294,152.0909090909091,145.72727272727272,2134,2669,2865,1944,1921,2350
872,11,138.87,0.46051631021818973,28,119.32352941176471,152.12121212121212,145.75757575757575,2136,2669,2866,1944,1921,2351
873,10,138.91,0.46056943344611617,28,119.38235294117646,152.15151515151516,145.78787878787878,2138,2669,2867,1944,1921,2352
874,10,138.94,0.46062616956959834,28,119.44117647058823,152.15151515151516,145.8181818181818,2140,2669,2868,1944,1921,2352
875,10,138.97,0.4606828811973807,28,119.5,152.15151515151516,145.84848484848484,2142,2669,2869,1944,1921,2352
876,10,139.0,0.46073956834532376,28,119.55882352941177,152.15151515151516,145.87878787878788,2144,2669,2870,1944,1921,2352
877,10,139.03,0.4607962310292743,28,119.61764705882354,152.15151515151516,145.9090909090909,2146,2669,2871,1944,1921,2352
878,13,139.06,0.4608528692650654,28,119.67647058823529,152.15151515151516,145.93939393939394,2148,2669,2872,1944,1921,2352
879,11,139.11,0.4609337934009058,28,119.73529411764706,152.1818181818182,146.0,2150,2669,2874,1944,1921,2353
880,10,139.15,0.4610097017606899,28,119.76470588235294,152.21212121212122,146.06060606060606,2151,2669,2876,1944,1921,2354
881,12,139.19,0.4610726345283425,28,119.82352941176471,152.24242424242425,146.0909090909091,2153,2669,2877,1944,1921,2355
882,12,139.22,0.4611133457836518,28,119.88235294117646,152.27272727272728,146.0909090909091,2155,2669,2877,1944,1921,2356
883,12,139.25,0.461154039497307,28,119.94117647058823,152.3030303030303,146.0909090909091,2157,2669,2877,1944,1921,2357
884,11,139.29,0.46121401392777656,28,120.0,152.33333333333334,146.12121212121212,2159,2669,2878,1944,1921,2358
885,13,139.33,0.4612739539223426,28,120.05882352941177,152.36363636363637,146.15151515151516,2161,2669,2879,1944,1921,2359
886,9,139.37,0.4613338595106551,28,120.11764705882354,152.3939393939394,146.1818181818182,2163,2669,2880,1944,1921,2360
887,6,139.4,0.4613615494978479,28,120.1470588235294,152.42424242424244,146.21212121212122,2164,2669,2881,1944,1921,2361
888,3,139.43,0.46138922756938966,28,120.17647058823529,152.45454545454547,146.24242424242425,2165,2669,2882,1944,1921,2362
889,5,139.44,0.46139127940332764,28,120.17647058823529,152.4848484848485,146.24242424242425,2165,2669,2882,1944,1921,2363
890,4,139.45,0.46139333094299034,28,120.17647058823529,152.5151515151515,146.24242424242425,2165,2669,2882,1944,1921,2364
891,3,139.46,0.46139538218844117,28,120.17647058823529,152.54545454545453,146.24242424242425,2165,2669,2882,1944,1921,2365
892,2,139.47,0.4613974331397433,28,120.17647058823529,152.57575757575756,146.24242424242425,2165,2669,2882,1944,1921,2366
893,1,139.48,0.4614009176942931,28,120.17647058823529,152.6060606060606,146.24242424242425,2165,2669,2882,1944,1921,2367
894,0,139.49,0.46140440174922936,28,120.17647058823529,152.63636363636363,146.24242424242425,2165,2669,2882,1944,1921,2368
895,0,139.49,0.46140440174922936,28,120.17647058823529,152.63636363636363,146.24242424242425,2165,2669,2882,1944,1921,2368
896,0,139.49,0.46140440174922936,28,120.17647058823529,152.63636363636363,146.24242424242425,2165,2669,2882,1944,1921,2368
897,0,139.49,0.46140440174922936,28,120.17647058823529,152.63636363636363,146.24242424242425,2165,2669,2882,1944,1921,2368
898,0,139.49,0.46140440174922936,28,120.17647058823529,152.63636363636363,146.24242424242425,2165,2669,2882,1944,1921,2368
899,0,139.49,0.46140440174922936,28,120.17647058823529,152.63636363636363,146.24242424242425,2165,2669,2882,1944,1921,2368
900,0,139.49,0.46140440174922936,28,120.17647058823529,152.63636363636363,146.24242424242425,2165,2669,2882,1944,1921,2368
901,0,139.49,0.46140440174922936,28,120.17647058823529,152.63636363636363,146.24242424242425,2165,2669,2882,1944,1921,2368
902,0,139.49,0.46140440174922936,28,120.17647058823529,152.63636363636363,146.24242424242425,2165,2669,2882,1944,1921,2368
903,0,139.49,0.46140440174922936,28,120.17647058823529,152.63636363636363,146.24242424242425,2165,2669,2882,1944,1921,2368
904,0,139.49,0.46140440174922936,28,120.17647058823529,152.63636363636363,146.24242424242425,2165,2669,2882,1944,1921,2368
905,0,139.49,0.46140440174922936,28,120.17647058823529,152.63636363636363,146.24242424242425,2165,2669,2882,1944,1921,2368
906,0,139.49,0.46140440174922936,28,120.17647058823529,152.63636363636363,146.24242424242425,2165,2669,2882,1944,1921,2368
907,0,139.49,0.46140440174922936,28,120.17647058823529,152.63636363636363,146.24242424242425,2165,2669,2882,1944,1921,2368
908,0,139.49,0.46140440174922936,28,120.17647058823529,152.63636363636363,146.24242424242425,2165,2669,2882,1944,1921,2368
909,0,139.49,0.46140440174922936,28,120.17647058823529,152.63636363636363,146.24242424242425,2165,2669,2882,1944,1921,2368
910,0,139.49,0.46140440174922936,28,120.17647058823529,152.63636363636363,146.24242424242425,2165,2669,2882,1944,1921,2368
911,0,139.49,0.46140440174922936,28,120.17647058823529,152.63636363636363,146.24242424242425,2165,2669,2882,1944,1921,2368
912,0,139.49,0.46140440174922936,28,120.17647058823529,152.63636363636363,146.24242424242425,2165,2669,2882,1944,1921,2368
913,0,139.49,0.46140440174922936,28,120.17647058823529,152.63636363636363,146.24242424242425,2165,2669,2882,1944,1921,2368
914,0,139.49,0.46140440174922936,28,120.17647058823529,152.63636363636363,146.24242424242425,2165,2669,2882,1944,1921,2368
915,0,139.49,0.46140440174922936,28,120.17647058823529,152.63636363636363,146.24242424242425,2165,2669,2882,1944,1921,2368
916,0,139.49,0.46140440174922936,28,120.17647058823529,152.63636363636363,146.24242424242425,2165,2669,2882,1944,1921,2368
917,0,139.49,0.46140440174922936,28,120.17647058823529,152.63636363636363,146.24242424242425,2165,2669,2882,1944,1921,2368
918,0,139.49,0.46140440174922936,28,120.17647058823529,152.63636363636363,146.24242424242425,2165,2669,2882,1944,1921,2368
919,0,139.49,0.46140440174922936,28,120.17647058823529,152.63636363636363,146.24242424242425,2165,2669,2882,1944,1921,2368
920,0,139.49,0.46140440174922936,28,120.17647058823529,152.63636363636363,146.24242424242425,2165,2669,2882,1944,1921,2368
921,0,139.49,0.46140440174922936,28,120.17647058823529,152.63636363636363,146.24242424242425,2165,2669,2882,1944,1921,2368
922,0,139.49,0.46140440174922936,28,120.17647058823529,152.63636363636363,146.24242424242425,2165,2669,2882,1944,1921,2368
923,0,139.49,0.46140440174922936,28,120.17647058823529,152.63636363636363,146.24242424242425,2165,2669,2882,1944,1921,2368
924,0,139.49,0.46140440174922936,28,120.17647058823529,152.63636363636363,146.24242424242425,2165,2669,2882,1944,1921,2368
925,0,139.49,0.46140440174922936,28,120.17647058823529,152.63636363636363,146.24242424242425,2165,2669,2882,1944,1921,2368
926,0,139.49,0.46140440174922936,28,120.17647058823529,152.63636363636363,146.24242424242425,2165,2669,2882,1944,1921,2368
927,0,139.49,0.46140440174922936,28,120.17647058823529,152.63636363636363,146.24242424242425,2165,2669,2882,1944,1921,2368
928,0,139.49,0.46140440174922936,28,120.17647058823529,152.63636363636363,146.24242424242425,2165,2669,2882,1944,1921,2368
929,0,139.49,0.46140440174922936,28,120.17647058823529,152.63636363636363,146.24242424242425,2165,2669,2882,1944,1921,2368
930,0,139.49,0.46140440174922936,28,120.17647058823529,152.63636363636363,146.24242424242425,2165,2669,2882,1944,1921,2368
931,0,139.49,0.46140440174922936,28,120.17647058823529,152.63636363636363,146.24242424242425,2165,2669,2882,1944,1921,2368
932,0,139.49,0.46140440174922936,28,120.17647058823529,152.63636363636363,146.24242424242425,2165,2669,2882,1944,1921,2368
933,0,139.49,0.46140440174922936,28,120.17647058823529,152.63636363636363,146.24242424242425,2165,2669,2882,1944,1921,2368
934,0,139.49,0.46140440174922936,28,120.17647058823529,152.63636363636363,146.24242424242425,2165,2669,2882,1944,1921,2368
935,0,139.49,0.46140440174922936,28,120.17647058823529,152.63636363636363,146.24242424242425,2165,2669,2882,1944,1921,2368
936,0,139.49,0.46140440174922936,28,120.17647058823529,152.63636363636363,146.24242424242425,2165,2669,2882,1944,1921,2368
937,0,139.49,0.46140440174922936,28,120.17647058823529,152.63636363636363,146.24242424242425,2165,2669,2882,1944,1921,2368
938,0,139.49,0.46140440174922936,28,120.17647058823529,152.63636363636363,146.24242424242425,2165,2669,2882,1944,1921,2368
939,0,139.49,0.46140440174922936,28,120.17647058823529,152.63636363636363,146.24242424242425,2165,2669,2882,1944,1921,2368
940,0,139.49,0.46140440174922936,28,120.17647058823529,152.63636363636363,146.24242424242425,2165,2669,2882,1944,1921,2368
941,0,139.49,0.46140440174922936,28,120.17647058823529,152.63636363636363,146.24242424242425,2165,2669,2882,1944,1921,2368
942,0,139.49,0.46140440174922936,28,120.17647058823529,152.63636363636363,146.24242424242425,2165,2669,2882,1944,1921,2368
943,0,139.49,0.46140440174922936,28,120.17647058823529,152.63636363636363,146.24242424242425,2165,2669,2882,1944,1921,2368
944,0,139.49,0.46140440174922936,28,120.17647058823529,152.63636363636363,146.24242424242425,2165,2669,2882,1944,1921,2368
945,0,139.49,0.46140440174922936,28,120.17647058823529,152.63636363636363,146.24242424242425,2165,2669,2882,1944,1921,2368
946,0,139.49,0.46140440174922936,28,120.17647058823529,152.63636363636363,146.24242424242425,2165,2669,2882,1944,1921,2368
947,0,139.49,0.46140440174922936,28,120.17647058823529,152.63636363636363,146.24242424242425,2165,2669,2882,1944,1921,2368
948,0,139.49,0.46140440174922936,28,120.17647058823529,152.63636363636363,146.24242424242425,2165,2669,2882,1944,1921,2368
949,0,139.49,0.46140440174922936,28,120.17647058823529,152.63636363636363,146.24242424242425,2165,2669,2882,1944,1921,2368
950,0,139.49,0.46140440174922936,28,120.17647058823529,152.63636363636363,146.24242424242425,2165,2669,2882,1944,1921,2368
951,0,139.49,0.46140440174922936,28,120.17647058823529,152.63636363636363,146.24242424242425,2165,2669,2882,1944,1921,2368
952,0,139.49,0.46140440174922936,28,120.17647058823529,152.63636363636363,146.24242424242425,2165,2669,2882,1944,1921,2368
953,0,139.49,0.46140440174922936,28,120.17647058823529,152.63636363636363,146.24242424242425,2165,2669,2882,1944,1921,2368
954,3,139.49,0.46140440174922936,28,120.17647058823529,152.63636363636363,146.24242424242425,2165,2669,2882,1944,1921,2368
955,5,139.5,0.4613749103942652,28,120.20588235294117,152.63636363636363,146.24242424242425,2166,2669,2882,1944,1921,2368
956,6,139.52,0.4613747133027523,28,120.23529411764706,152.66666666666666,146.24242424242425,2167,2670,2882,1944,1921,2368
957,6,139.55,0.4614037979218918,28,120.26470588235294,152.72727272727272,146.24242424242425,2168,2672,2882,1944,1921,2368
958,12,139.58,0.4614328700386875,28,120.29411764705883,152.78787878787878,146.24242424242425,2169,2674,2882,1944,1921,2368
959,18,139.61,0.46146192966119903,28,120.32352941176471,152.84848484848484,146.24242424242425,2170,2676,2882,1944,1921,2368
960,29,139.65,0.4615030433225922,28,120.38235294117646,152.9090909090909,146.24242424242425,2172,2678,2882,1944,1921,2368
961,31,139.69,0.46154413343832773,28,120.44117647058823,152.96969696969697,146.24242424242425,2174,2680,2882,1944,1921,2368
962,36,139.73,0.4615866313604809,28,120.5,153.03030303030303,146.24242424242425,2176,2682,2882,1944,1921,2368
963,35,139.77,0.46163196680260427,28,120.55882352941177,153.0909090909091,146.24242424242425,2178,2684,2882,1944,1921,2368
964,40,139.81,0.46167870681639367,28,120.61764705882354,153.15151515151516,146.24242424242425,2180,2686,2882,1944,1921,2368
965,36,139.85,0.46172542009295675,28,120.67647058823529,153.21212121212122,146.24242424242425,2182,2688,2882,1944,1921,2368
966,32,139.89,0.46177496604474944,28,120.73529411764706,153.27272727272728,146.24242424242425,2184,2690,2882,1944,1921,2368
967,39,139.94,0.461823638702301,28,120.79411764705883,153.33333333333334,146.27272727272728,2186,2692,2882,1945,1921,2368
968,42,140.0,0.46190714285714285,28,120.8529411764706,153.42424242424244,146.3030303030303,2188,2695,2882,1946,1921,2368
969,40,140.08,0.4619660194174757,28,120.91176470588235,153.57575757575756,146.33333333333334,2190,2699,2882,1947,1921,2369
970,43,140.17,0.4620539345080973,28,120.97058823529412,153.72727272727272,146.3939393939394,2192,2703,2883,1948,1921,2370
971,40,140.26,0.46214458862113217,28,121.02941176470588,153.87878787878788,146.45454545454547,2194,2707,2884,1949,1921,2371
972,33,140.36,0.46217583357081793,28,121.08823529411765,154.06060606060606,146.5151515151515,2196,2711,2885,1950,1921,2373
973,35,140.46,0.4622127296027339,28,121.1470588235294,154.24242424242425,146.57575757575756,2198,2715,2886,1951,1921,2375
974,31,140.56,0.4622595332953899,28,121.20588235294117,154.42424242424244,146.63636363636363,2200,2719,2887,1952,1921,2377
975,25,140.65,0.46230998933522927,28,121.26470588235294,154.6060606060606,146.66666666666666,2202,2723,2888,1952,1921,2379
976,28,140.74,0.4623646440244422,28,121.32352941176471,154.78787878787878,146.6969696969697,2204,2727,2889,1952,1921,2381
977,27,140.81,0.46251047510830195,28,121.38235294117646,154.9090909090909,146.72727272727272,2206,2731,2890,1952,1921,2381
978,23,140.88,0.46265758091993187,28,121.44117647058823,155.03030303030303,146.75757575757575,2208,2735,2891,1952,1921,2381
979,28,140.95,0.46280454061724013,28,121.5,155.15151515151516,146.78787878787878,2210,2739,2892,1952,1921,2381
980,27,141.02,0.46295135441781304,28,121.55882352941177,155.27272727272728,146.8181818181818,2212,2743,2893,1952,1921,2381
981,23,141.09,0.463098022538805,28,121.61764705882354,155.3939393939394,146.84848484848484,2214,2747,2894,1952,1921,2381
982,28,141.16,0.4632459620289034,28,121.67647058823529,155.5151515151515,146.87878787878788,2216,2751,2895,1952,1921,2381
983,27,141.23,0.4633937548679459,28,121.73529411764706,155.63636363636363,146.9090909090909,2218,2755,2896,1952,1921,2381
984,23,141.3,0.4635414012738853,28,121.79411764705883,155.75757575757575,146.93939393939394,2220,2759,2897,1952,1921,2381
985,28,141.37,0.4636889014642428,28,121.8529411764706,155.87878787878788,146.96969696969697,2222,2763,2898,1952,1921,2381
986,30,141.44,0.4638362556561086,28,121.91176470588235,156.0,147.0,2224,2767,2899,1952,1921,2381
987,28,141.52,0.4639739966082532,28,121.97058823529412,156.12121212121212,147.06060606060606,2226,2771,2900,1953,1921,2381
988,37,141.61,0.46414165666266505,28,122.05882352941177,156.24242424242425,147.12121212121212,2229,2775,2901,1954,1921,2381
989,34,141.7,0.46430910374029644,28,122.1470588235294,156.36363636363637,147.1818181818182,2232,2779,2902,1955,1921,2381
990,27,141.8,0.46448942172073343,28,122.23529411764706,156.4848484848485,147.27272727272728,2235,2783,2904,1956,1921,2381
991,31,141.91,0.4646529490522162,28,122.32352941176471,156.63636363636363,147.36363636363637,2238,2787,2906,1957,1921,2382
992,29,141.99,0.4647855482780478,28,122.38235294117646,156.78787878787878,147.3939393939394,2240,2791,2907,1957,1921,2383
993,24,142.07,0.46491940592665587,28,122.44117647058823,156.93939393939394,147.42424242424244,2242,2795,2908,1957,1921,2384
994,28,142.15,0.46505451987337315,28,122.5,157.0909090909091,147.45454545454547,2244,2799,2909,1957,1921,2385
995,27,142.22,0.46520601884404444,28,122.55882352941177,157.21212121212122,147.4848484848485,2246,2803,2910,1957,1921,2385
996,26,142.29,0.4653601799142596,28,122.61764705882354,157.33333333333334,147.5151515151515,2248,2807,2911,1957,1921,2385
997,36,142.37,0.4655510290089204,28,122.67647058823529,157.45454545454547,147.57575757575756,2250,2811,2913,1957,1921,2385
998,39,142.46,0.4657405587533343,28,122.73529411764706,157.57575757575756,147.66666666666666,2252,2815,2915,1958,1921,2385
999,36,142.55,0.4659326552086987,28,122.79411764705883,157.6969696969697,147.75757575757575,2254,2819,2917,1959,1921,2385
1000,45,142.64,0.4661259113853057,28,122.8529411764706,157.8181818181818,147.84848484848484,2256,2823,2919,1960,1921,2385
