,TotalSugar,AvgSugarLevel,SugarGini,NumCooperators,RiskAverseAvgSugar,NeutralAvgSugar,RiskSeekingAvgSugar,RiskAverseCoopSugar,NeutralCoopSugar,RiskSeekingCoopSugar,RiskSeekingNonCoopSugar,RiskAverseNonCoopSugar,NeutralNonCoopSugar
0,4622,0.0,0.0,28,0.0,0.0,0.0,0,0,0,0,0,0
1,4533,0.89,0.11,28,0.8235294117647058,0.9090909090909091,0.9393939393939394,6,8,7,24,22,22
2,4443,1.79,0.1049720670391062,28,1.6470588235294117,1.8484848484848484,1.878787878787879,12,16,14,48,44,45
3,4354,2.68,0.10656716417910445,28,2.4705882352941178,2.787878787878788,2.787878787878788,18,24,21,71,66,68
4,4263,3.59,0.10236768802228412,28,3.323529411764706,3.727272727272727,3.727272727272727,25,32,28,95,88,91
5,4172,4.5,0.09986666666666665,28,4.176470588235294,4.666666666666667,4.666666666666667,32,40,35,119,110,114
6,4082,5.4,0.09977777777777774,28,5.029411764705882,5.575757575757576,5.606060606060606,39,48,42,143,132,136
7,3994,6.28,0.10238853503184714,28,5.882352941176471,6.454545454545454,6.515151515151516,46,56,49,166,154,157
8,3906,7.16,0.10432960893854755,28,6.735294117647059,7.363636363636363,7.393939393939394,53,64,55,189,176,179
9,3820,8.02,0.10798004987531172,28,7.5588235294117645,8.242424242424242,8.272727272727273,59,72,61,212,198,200
10,3733,8.89,0.11011248593925757,28,8.411764705882353,9.121212121212121,9.151515151515152,66,80,67,235,220,221
11,3648,9.74,0.11342915811088289,28,9.205882352941176,10.0,10.030303030303031,73,88,73,258,240,242
12,3561,10.61,0.11473138548539112,28,10.029411764705882,10.909090909090908,10.909090909090908,80,96,79,281,261,264
13,3474,11.48,0.1157142857142857,28,10.852941176470589,11.787878787878787,11.818181818181818,87,104,86,304,282,285
14,3389,12.33,0.1179967558799676,28,11.647058823529411,12.666666666666666,12.696969696969697,93,112,92,327,303,306
15,3302,13.2,0.11877272727272725,28,12.470588235294118,13.575757575757576,13.575757575757576,100,120,98,350,324,328
16,3216,14.06,0.12004267425320052,28,13.294117647058824,14.454545454545455,14.454545454545455,107,128,104,373,345,349
17,3130,14.92,0.12117962466487939,28,14.117647058823529,15.333333333333334,15.333333333333334,114,136,110,396,366,370
18,3044,15.78,0.12219264892268697,28,14.941176470588236,16.21212121212121,16.21212121212121,121,144,116,419,387,391
19,2958,16.64,0.12308894230769227,28,15.735294117647058,17.12121212121212,17.09090909090909,127,152,122,442,408,413
20,2872,17.5,0.12389714285714291,28,16.529411764705884,18.03030303030303,17.96969696969697,133,160,128,465,429,435
21,2784,18.38,0.12366702937976058,28,17.352941176470587,18.939393939393938,18.87878787878788,140,168,135,488,450,457
22,2697,19.25,0.12395324675324673,28,18.176470588235293,19.848484848484848,19.757575757575758,147,176,141,511,471,479
23,2610,20.12,0.12421471172962228,28,19.0,20.757575757575758,20.636363636363637,154,184,147,534,492,501
24,2523,20.99,0.12445450214387804,28,19.823529411764707,21.666666666666668,21.515151515151516,161,192,153,557,513,523
25,2437,21.85,0.12500228832951948,28,20.647058823529413,22.575757575757574,22.363636363636363,168,200,158,580,534,545
26,2350,22.72,0.12519366197183104,28,21.470588235294116,23.484848484848484,23.242424242424242,175,208,164,603,555,567
27,2263,23.59,0.1253709198813057,28,22.294117647058822,24.393939393939394,24.12121212121212,182,216,170,626,576,589
28,2177,24.45,0.12569734151329243,28,23.147058823529413,25.242424242424242,25.0,189,224,176,649,598,609
29,2091,25.31,0.1261517186882655,28,23.970588235294116,26.12121212121212,25.87878787878788,196,232,182,672,619,630
30,2006,26.16,0.12674311926605497,28,24.794117647058822,26.96969696969697,26.757575757575758,204,240,188,695,639,650
31,1920,27.02,0.1269948186528498,28,25.61764705882353,27.818181818181817,27.666666666666668,211,248,195,718,660,670
32,1833,27.89,0.1269594836859089,28,26.470588235294116,28.666666666666668,28.575757575757574,219,256,202,741,681,690
33,1747,28.75,0.1272869565217391,28,27.323529411764707,29.515151515151516,29.454545454545453,227,264,208,764,702,710
34,1662,29.6,0.1278310810810811,28,28.176470588235293,30.333333333333332,30.333333333333332,235,271,214,787,723,730
35,1581,30.47,0.12780767968493606,28,29.058823529411764,31.181818181818183,31.21212121212121,243,279,220,810,745,750
36,1500,31.34,0.1277983407785578,28,29.941176470588236,32.03030303030303,32.09090909090909,251,287,226,833,767,770
37,1416,32.21,0.12779571561626824,28,30.823529411764707,32.878787878787875,32.96969696969697,259,295,232,856,789,790
38,1333,33.07,0.1279860901118839,28,31.705882352941178,33.696969696969695,33.84848484848485,267,303,238,879,811,809
39,1251,33.92,0.12844339622641512,28,32.588235294117645,34.484848484848484,34.72727272727273,275,311,244,902,833,827
40,1166,34.77,0.12870578084555645,28,33.470588235294116,35.303030303030305,35.57575757575758,283,320,250,924,855,845
41,1080,35.63,0.1288436710637103,28,34.294117647058826,36.18181818181818,36.45454545454545,290,329,256,947,876,865
42,995,36.48,0.12889802631578945,28,35.14705882352941,37.03030303030303,37.303030303030305,299,338,262,969,896,884
43,914,37.29,0.1296245642263341,28,36.0,37.84848484848485,38.06060606060606,307,345,268,988,917,904
44,834,38.09,0.13037280126017323,28,36.85294117647059,38.696969696969695,38.75757575757576,314,353,273,1006,939,924
45,755,38.88,0.13126028806584358,28,37.705882352941174,39.484848484848484,39.484848484848484,322,361,276,1027,960,942
46,679,39.64,0.1324873864783048,28,38.5,40.27272727272727,40.18181818181818,329,370,279,1047,980,959
47,614,40.29,0.13462149416728722,28,39.205882352941174,40.90909090909091,40.78787878787879,335,377,282,1064,998,973
48,555,40.88,0.13695205479452055,28,39.85294117647059,41.45454545454545,41.36363636363637,341,382,285,1080,1014,986
49,501,41.42,0.13954128440366972,28,40.5,41.90909090909091,41.878787878787875,347,387,288,1094,1030,996
50,447,41.96,0.14228789323164917,28,41.14705882352941,42.27272727272727,42.484848484848484,353,391,292,1110,1046,1004
51,393,42.5,0.14522352941176464,28,41.76470588235294,42.666666666666664,43.09090909090909,359,396,296,1126,1061,1012
52,340,43.03,0.1482059028584709,28,42.35294117647059,43.09090909090909,43.666666666666664,365,401,300,1141,1075,1021
53,297,43.46,0.15072250345144966,28,42.794117647058826,43.484848484848484,44.121212121212125,371,405,303,1153,1084,1030
54,253,43.9,0.15371753986332579,28,43.205882352941174,43.878787878787875,44.63636363636363,375,409,306,1167,1094,1039
55,215,44.28,0.15656729900632343,28,43.5,44.27272727272727,45.09090909090909,378,413,309,1179,1101,1048
56,188,44.55,0.15904601571268245,28,43.76470588235294,44.57575757575758,45.333333333333336,381,416,311,1185,1107,1055
57,164,44.79,0.1612212547443626,28,44.029411764705884,44.84848484848485,45.515151515151516,383,421,311,1191,1114,1059
58,144,44.99,0.16342965103356305,28,44.23529411764706,45.06060606060606,45.696969696969695,385,424,311,1197,1119,1063
59,125,45.18,0.16536077910579905,28,44.411764705882355,45.303030303030305,45.84848484848485,387,428,311,1202,1123,1067
60,108,45.35,0.16704079382579934,28,44.61764705882353,45.484848484848484,45.96969696969697,389,430,311,1206,1128,1071
61,93,45.5,0.1685318681318681,28,44.73529411764706,45.63636363636363,46.15151515151515,389,432,311,1212,1132,1074
62,82,45.61,0.16981144485858365,28,44.85294117647059,45.75757575757576,46.24242424242424,390,434,311,1215,1135,1076
63,71,45.72,0.1710104986876641,28,45.0,45.878787878787875,46.303030303030305,391,435,312,1216,1139,1079
64,64,45.79,0.17180388731164015,28,45.05882352941177,45.96969696969697,46.36363636363637,393,436,313,1217,1139,1081
65,53,45.9,0.17309368191721133,28,45.205882352941174,46.06060606060606,46.45454545454545,396,437,314,1219,1141,1083
66,45,45.98,0.1739408438451501,28,45.38235294117647,46.09090909090909,46.484848484848484,399,437,315,1219,1144,1084
67,41,46.02,0.17423728813559322,28,45.5,46.09090909090909,46.484848484848484,401,437,315,1219,1146,1084
68,35,46.08,0.17430555555555557,28,45.588235294117645,46.121212121212125,46.54545454545455,402,437,315,1221,1148,1085
69,29,46.14,0.17440398786302552,28,45.6764705882353,46.15151515151515,46.60606060606061,404,437,316,1222,1149,1086
70,21,46.22,0.17402855906533973,28,45.794117647058826,46.21212121212121,46.666666666666664,405,437,318,1222,1152,1088
71,16,46.27,0.17435271234060948,28,45.88235294117647,46.27272727272727,46.666666666666664,407,438,318,1222,1153,1089
72,19,46.3,0.17455291576673873,28,45.970588235294116,46.27272727272727,46.666666666666664,408,438,318,1222,1155,1089
73,19,46.33,0.17449384847830784,28,46.0,46.303030303030305,46.696969696969695,408,439,319,1222,1156,1089
74,17,46.35,0.17450485436893204,28,46.0,46.333333333333336,46.72727272727273,408,440,320,1222,1156,1089
75,15,46.37,0.1745417295665301,28,46.0,46.36363636363637,46.75757575757576,408,441,321,1222,1156,1089
76,13,46.39,0.17463461953007112,28,46.0,46.39393939393939,46.78787878787879,408,442,322,1222,1156,1089
77,12,46.4,0.17459913793103454,28,46.0,46.42424242424242,46.78787878787879,408,443,322,1222,1156,1089
78,11,46.41,0.1745809092867917,28,46.0,46.42424242424242,46.81818181818182,408,443,322,1223,1156,1089
79,11,46.41,0.1745809092867917,28,46.0,46.42424242424242,46.81818181818182,408,443,322,1223,1156,1089
80,10,46.42,0.174648858250754,28,46.0,46.42424242424242,46.84848484848485,408,443,323,1223,1156,1089
81,8,46.44,0.17479758828596034,28,46.0,46.42424242424242,46.90909090909091,408,443,325,1223,1156,1089
82,7,46.45,0.1748783638320775,28,46.0,46.42424242424242,46.93939393939394,408,443,326,1223,1156,1089
83,6,46.46,0.17469651312957382,28,46.0,46.45454545454545,46.93939393939394,408,443,326,1223,1156,1090
84,6,46.46,0.17469651312957382,28,46.0,46.45454545454545,46.93939393939394,408,443,326,1223,1156,1090
85,6,46.46,0.17469651312957382,28,46.0,46.45454545454545,46.93939393939394,408,443,326,1223,1156,1090
86,4,46.48,0.174539586919105,28,46.0,46.484848484848484,46.96969696969697,408,443,326,1224,1156,1091
87,3,46.49,0.1743966444396645,28,46.0,46.515151515151516,46.96969696969697,408,443,326,1224,1156,1092
88,3,46.49,0.1743966444396645,28,46.0,46.515151515151516,46.96969696969697,408,443,326,1224,1156,1092
89,2,46.5,0.174258064516129,28,46.0,46.54545454545455,46.96969696969697,408,443,326,1224,1156,1093
90,1,46.51,0.17414964523758328,28,46.0,46.57575757575758,46.96969696969697,408,443,326,1224,1156,1094
91,1,46.51,0.17414964523758328,28,46.0,46.57575757575758,46.96969696969697,408,443,326,1224,1156,1094
92,1,46.51,0.17414964523758328,28,46.0,46.57575757575758,46.96969696969697,408,443,326,1224,1156,1094
93,1,46.51,0.17414964523758328,28,46.0,46.57575757575758,46.96969696969697,408,443,326,1224,1156,1094
94,1,46.51,0.17414964523758328,28,46.0,46.57575757575758,46.96969696969697,408,443,326,1224,1156,1094
95,1,46.51,0.17414964523758328,28,46.0,46.57575757575758,46.96969696969697,408,443,326,1224,1156,1094
96,1,46.51,0.17414964523758328,28,46.0,46.57575757575758,46.96969696969697,408,443,326,1224,1156,1094
97,4,46.51,0.17414964523758328,28,46.0,46.57575757575758,46.96969696969697,408,443,326,1224,1156,1094
98,3,46.52,0.1741272570937231,28,46.0,46.60606060606061,46.96969696969697,408,444,326,1224,1156,1094
99,2,46.53,0.17412637008381693,28,46.0,46.63636363636363,46.96969696969697,408,445,326,1224,1156,1094
100,4,46.54,0.1741383755908896,28,46.0,46.666666666666664,46.96969696969697,408,446,326,1224,1156,1094
101,6,46.55,0.17430504833512359,28,46.0,46.696969696969695,46.96969696969697,408,447,326,1224,1156,1094
102,7,46.57,0.17451792999785268,28,46.0,46.75757575757576,46.96969696969697,408,449,326,1224,1156,1094
103,7,46.6,0.17491416309012878,28,46.029411764705884,46.81818181818182,46.96969696969697,409,451,326,1224,1156,1094
104,7,46.63,0.17533133176066912,28,46.05882352941177,46.878787878787875,46.96969696969697,410,453,326,1224,1156,1094
105,7,46.66,0.1757693956279469,28,46.088235294117645,46.93939393939394,46.96969696969697,411,455,326,1224,1156,1094
106,7,46.69,0.17621546369672303,28,46.11764705882353,47.0,46.96969696969697,412,457,326,1224,1156,1094
107,7,46.72,0.1766695205479452,28,46.14705882352941,47.06060606060606,46.96969696969697,413,459,326,1224,1156,1094
108,7,46.75,0.17713155080213908,28,46.1764705882353,47.121212121212125,46.96969696969697,414,461,326,1224,1156,1094
109,7,46.78,0.17761008978195802,28,46.205882352941174,47.18181818181818,46.96969696969697,415,463,326,1224,1156,1094
110,7,46.81,0.1780965605639821,28,46.23529411764706,47.24242424242424,46.96969696969697,416,465,326,1224,1156,1094
111,7,46.84,0.17858240819812124,28,46.26470588235294,47.303030303030305,46.96969696969697,417,467,326,1224,1156,1094
112,7,46.87,0.17908043524642622,28,46.294117647058826,47.36363636363637,46.96969696969697,418,469,326,1224,1156,1094
113,7,46.9,0.1795820895522388,28,46.3235294117647,47.42424242424242,46.96969696969697,419,471,326,1224,1156,1094
114,7,46.93,0.18008310249307485,28,46.35294117647059,47.484848484848484,46.96969696969697,420,473,326,1224,1156,1094
115,7,46.96,0.18058347529812607,28,46.38235294117647,47.54545454545455,46.96969696969697,421,475,326,1224,1156,1094
116,7,46.99,0.1810874654181741,28,46.411764705882355,47.60606060606061,46.96969696969697,422,477,326,1224,1156,1094
117,7,47.02,0.1815908124202467,28,46.44117647058823,47.666666666666664,46.96969696969697,423,479,326,1224,1156,1094
118,7,47.05,0.18209351753453773,28,46.470588235294116,47.72727272727273,46.96969696969697,424,481,326,1224,1156,1094
119,7,47.08,0.18259558198810538,28,46.5,47.78787878787879,46.96969696969697,425,483,326,1224,1156,1094
120,7,47.11,0.1830970070048822,28,46.529411764705884,47.84848484848485,46.96969696969697,426,485,326,1224,1156,1094
121,7,47.14,0.18359779380568525,28,46.55882352941177,47.90909090909091,46.96969696969697,427,487,326,1224,1156,1094
122,7,47.17,0.1840979436082256,28,46.588235294117645,47.96969696969697,46.96969696969697,428,489,326,1224,1156,1094
123,7,47.2,0.18459745762711863,28,46.61764705882353,48.03030303030303,46.96969696969697,429,491,326,1224,1156,1094
124,7,47.23,0.1850963370738937,28,46.64705882352941,48.09090909090909,46.96969696969697,430,493,326,1224,1156,1094
125,7,47.26,0.18559458315700383,28,46.6764705882353,48.15151515151515,46.96969696969697,431,495,326,1224,1156,1094
126,7,47.29,0.18609219708183544,28,46.705882352941174,48.21212121212121,46.96969696969697,432,497,326,1224,1156,1094
127,7,47.32,0.18658918005071853,28,46.73529411764706,48.27272727272727,46.96969696969697,433,499,326,1224,1156,1094
128,16,47.35,0.18708553326293553,28,46.76470588235294,48.333333333333336,46.96969696969697,434,501,326,1224,1156,1094
129,24,47.39,0.18771681789407055,28,46.794117647058826,48.39393939393939,47.0,435,503,327,1224,1156,1094
130,31,47.44,0.18843170320404723,28,46.8235294117647,48.45454545454545,47.06060606060606,436,505,329,1224,1156,1094
131,38,47.49,0.18916614024005057,28,46.85294117647059,48.515151515151516,47.121212121212125,437,507,331,1224,1156,1094
132,33,47.54,0.1899116533445519,28,46.88235294117647,48.57575757575758,47.18181818181818,438,509,333,1224,1156,1094
133,37,47.59,0.19066400504307623,28,46.911764705882355,48.63636363636363,47.24242424242424,439,511,335,1224,1156,1094
134,47,47.64,0.19143157010915204,28,46.94117647058823,48.696969696969695,47.303030303030305,440,513,337,1224,1156,1094
135,47,47.7,0.1921970649895178,28,47.0,48.75757575757576,47.36363636363637,442,515,339,1224,1156,1094
136,53,47.76,0.1929731993299832,28,47.05882352941177,48.81818181818182,47.42424242424242,444,517,341,1224,1156,1094
137,55,47.83,0.1936253397449299,28,47.11764705882353,48.878787878787875,47.515151515151516,446,519,343,1225,1156,1094
138,54,47.9,0.19431315240083508,28,47.1764705882353,48.93939393939394,47.60606060606061,448,521,345,1226,1156,1094
139,53,47.97,0.19501980404419428,28,47.23529411764706,49.0,47.696969696969695,450,523,347,1227,1156,1094
140,49,48.04,0.19576602830974182,28,47.294117647058826,49.06060606060606,47.78787878787879,452,525,349,1228,1156,1094
141,51,48.11,0.19654333818332986,28,47.35294117647059,49.121212121212125,47.878787878787875,454,527,351,1229,1156,1094
142,50,48.18,0.19736405147364053,28,47.411764705882355,49.18181818181818,47.96969696969697,456,529,353,1230,1156,1094
143,60,48.26,0.19834645669291334,28,47.470588235294116,49.27272727272727,48.06060606060606,458,531,355,1231,1156,1095
144,59,48.36,0.1994086021505376,28,47.55882352941177,49.39393939393939,48.15151515151515,461,533,357,1232,1156,1097
145,57,48.47,0.20057561378172067,28,47.64705882352941,49.54545454545455,48.24242424242424,464,536,359,1233,1156,1099
146,63,48.59,0.2018789874459766,28,47.73529411764706,49.696969696969695,48.36363636363637,467,539,361,1235,1156,1101
147,63,48.71,0.20304865530691857,28,47.8235294117647,49.84848484848485,48.484848484848484,470,542,364,1236,1156,1103
148,52,48.82,0.20415813191315038,28,47.911764705882355,49.96969696969697,48.60606060606061,473,545,367,1237,1156,1104
149,54,48.92,0.20530662305805392,28,47.970588235294116,50.09090909090909,48.72727272727273,475,548,370,1238,1156,1105
150,54,49.01,0.20651907773923683,28,48.029411764705884,50.21212121212121,48.81818181818182,477,551,372,1239,1156,1106
151,55,49.09,0.20762477082908945,28,48.088235294117645,50.303030303030305,48.90909090909091,479,553,374,1240,1156,1107
152,67,49.18,0.20863359089060596,28,48.14705882352941,50.42424242424242,49.0,481,556,376,1241,1156,1108
153,63,49.28,0.20947240259740255,28,48.205882352941174,50.57575757575758,49.09090909090909,483,560,378,1242,1156,1109
154,58,49.39,0.21009718566511437,28,48.26470588235294,50.72727272727273,49.21212121212121,485,564,381,1243,1156,1110
155,65,49.5,0.2107515151515152,28,48.3235294117647,50.878787878787875,49.333333333333336,487,568,384,1244,1156,1111
156,77,49.62,0.21152760983474408,28,48.38235294117647,51.06060606060606,49.45454545454545,489,573,387,1245,1156,1112
157,78,49.76,0.21194131832797425,28,48.470588235294116,51.24242424242424,49.60606060606061,492,578,391,1246,1156,1113
158,89,49.92,0.21249198717948714,28,48.55882352941177,51.45454545454545,49.78787878787879,495,583,396,1247,1156,1115
159,81,50.09,0.21292673188261133,28,48.64705882352941,51.666666666666664,50.0,498,588,402,1248,1156,1117
160,73,50.26,0.2134261838440112,28,48.73529411764706,51.878787878787875,50.21212121212121,501,593,408,1249,1156,1119
161,77,50.43,0.21400555225064452,28,48.8235294117647,52.09090909090909,50.42424242424242,504,598,414,1250,1156,1121
162,78,50.57,0.2146351591852877,28,48.88235294117647,52.24242424242424,50.63636363636363,506,602,420,1251,1156,1122
163,81,50.72,0.2154495268138801,28,48.94117647058823,52.42424242424242,50.84848484848485,508,607,426,1252,1156,1123
164,86,50.88,0.2163089622641509,28,49.029411764705884,52.60606060606061,51.06060606060606,511,612,432,1253,1156,1124
165,84,51.05,0.2171459353574926,28,49.11764705882353,52.78787878787879,51.303030303030305,514,617,438,1255,1156,1125
166,86,51.21,0.21792813903534466,28,49.205882352941174,52.93939393939394,51.54545454545455,517,621,444,1257,1156,1126
167,83,51.36,0.21872663551401872,28,49.26470588235294,53.09090909090909,51.78787878787879,519,625,450,1259,1156,1127
168,83,51.51,0.2196020190254319,28,49.3235294117647,53.24242424242424,52.03030303030303,521,629,456,1261,1156,1128
169,83,51.66,0.2205265195509098,28,49.38235294117647,53.39393939393939,52.27272727272727,523,633,462,1263,1156,1129
170,89,51.81,0.22149971048060224,28,49.44117647058823,53.54545454545455,52.515151515151516,525,637,468,1265,1156,1130
171,80,51.96,0.22251732101616625,28,49.5,53.696969696969695,52.75757575757576,527,641,474,1267,1156,1131
172,77,52.11,0.2235636154289004,28,49.55882352941177,53.84848484848485,53.0,529,645,480,1269,1156,1132
173,77,52.26,0.2246345197091466,28,49.61764705882353,54.0,53.24242424242424,531,649,486,1271,1156,1133
174,74,52.41,0.22572219042167532,28,49.6764705882353,54.15151515151515,53.484848484848484,533,653,492,1273,1156,1134
175,80,52.56,0.22682648401826483,28,49.73529411764706,54.303030303030305,53.72727272727273,535,657,498,1275,1156,1135
176,86,52.71,0.22794725858470882,28,49.794117647058826,54.45454545454545,53.96969696969697,537,661,504,1277,1156,1136
177,77,52.86,0.2290843738176315,28,49.85294117647059,54.60606060606061,54.21212121212121,539,665,510,1279,1156,1137
178,72,53.0,0.2304301886792453,28,49.911764705882355,54.75757575757576,54.42424242424242,541,669,515,1281,1156,1138
179,78,53.15,0.23158795860771406,28,49.970588235294116,54.90909090909091,54.666666666666664,543,673,521,1283,1156,1139
180,69,53.3,0.23275422138836774,28,50.029411764705884,55.06060606060606,54.90909090909091,545,677,527,1285,1156,1140
181,67,53.44,0.23380613772455092,28,50.088235294117645,55.18181818181818,55.15151515151515,547,680,533,1287,1156,1141
182,63,53.57,0.23504760126936716,28,50.14705882352941,55.303030303030305,55.36363636363637,549,683,538,1289,1156,1142
183,69,53.69,0.23645930340845595,28,50.205882352941174,55.39393939393939,55.57575757575758,551,685,543,1291,1156,1143
184,76,53.8,0.23778066914498142,28,50.26470588235294,55.484848484848484,55.75757575757576,553,687,548,1292,1156,1144
185,68,53.91,0.23910035243925065,28,50.3235294117647,55.57575757575758,55.93939393939394,555,689,553,1293,1156,1145
186,66,54.02,0.24041836356904853,28,50.38235294117647,55.666666666666664,56.121212121212125,557,691,558,1294,1156,1146
187,67,54.13,0.24173101791982263,28,50.44117647058823,55.75757575757576,56.303030303030305,559,693,563,1295,1156,1147
188,71,54.24,0.2430383480825958,28,50.5,55.84848484848485,56.484848484848484,561,695,568,1296,1156,1148
189,65,54.36,0.24434510669610007,28,50.55882352941177,55.96969696969697,56.666666666666664,563,697,573,1297,1156,1150
190,65,54.48,0.24566446402349484,28,50.61764705882353,56.09090909090909,56.84848484848485,565,699,578,1298,1156,1152
191,62,54.6,0.246992673992674,28,50.6764705882353,56.21212121212121,57.03030303030303,567,701,583,1299,1156,1154
192,71,54.72,0.2483223684210526,28,50.73529411764706,56.333333333333336,57.21212121212121,569,703,588,1300,1156,1156
193,68,54.84,0.249653537563822,28,50.794117647058826,56.45454545454545,57.39393939393939,571,705,593,1301,1156,1158
194,68,54.96,0.25098617176128085,28,50.85294117647059,56.57575757575758,57.57575757575758,573,707,598,1302,1156,1160
195,62,55.08,0.2523202614379085,28,50.911764705882355,56.696969696969695,57.75757575757576,575,709,603,1303,1156,1162
196,68,55.2,0.25365579710144925,28,50.970588235294116,56.81818181818182,57.93939393939394,577,711,608,1304,1156,1164
197,65,55.32,0.2549855386840203,28,51.029411764705884,56.93939393939394,58.121212121212125,579,713,613,1305,1156,1166
198,59,55.44,0.25632034632034634,28,51.088235294117645,57.06060606060606,58.303030303030305,581,715,618,1306,1156,1168
199,62,55.56,0.25765298776097906,28,51.14705882352941,57.18181818181818,58.484848484848484,583,717,623,1307,1156,1170
200,62,55.68,0.2589798850574712,28,51.205882352941174,57.303030303030305,58.666666666666664,585,719,628,1308,1156,1172
201,56,55.8,0.2602580645161291,28,51.26470588235294,57.42424242424242,58.84848484848485,587,721,632,1310,1156,1174
202,59,55.92,0.26154148783977105,28,51.3235294117647,57.54545454545455,59.03030303030303,589,723,636,1312,1156,1176
203,57,56.03,0.2627253257183652,28,51.38235294117647,57.666666666666664,59.18181818181818,591,725,639,1314,1156,1178
204,52,56.14,0.2639152119700748,28,51.44117647058823,57.78787878787879,59.333333333333336,593,727,642,1316,1156,1180
205,58,56.23,0.2648852925484617,28,51.5,57.90909090909091,59.42424242424242,595,729,643,1318,1156,1182
206,54,56.33,0.26597372625599147,28,51.55882352941177,58.03030303030303,59.54545454545455,597,731,645,1320,1156,1184
207,51,56.42,0.2669868840836582,28,51.61764705882353,58.15151515151515,59.63636363636363,599,733,647,1321,1156,1186
208,57,56.51,0.2679968147230579,28,51.6764705882353,58.27272727272727,59.72727272727273,601,735,649,1322,1156,1188
209,54,56.6,0.2690035335689046,28,51.73529411764706,58.39393939393939,59.81818181818182,603,737,651,1323,1156,1190
210,48,56.69,0.27000705591815133,28,51.794117647058826,58.515151515151516,59.90909090909091,605,739,653,1324,1156,1192
211,48,56.78,0.271010919337795,28,51.85294117647059,58.63636363636363,60.0,607,741,655,1325,1156,1194
212,54,56.87,0.2720116054158608,28,51.911764705882355,58.75757575757576,60.09090909090909,609,743,657,1326,1156,1196
213,52,56.95,0.272900790166813,28,51.970588235294116,58.84848484848485,60.18181818181818,611,745,659,1327,1156,1197
214,49,57.04,0.2738955119214586,28,52.029411764705884,58.96969696969697,60.27272727272727,613,747,661,1328,1156,1199
215,55,57.13,0.2748870995974094,28,52.088235294117645,59.09090909090909,60.36363636363637,615,749,663,1329,1156,1201
216,49,57.22,0.27587556798322266,28,52.14705882352941,59.21212121212121,60.45454545454545,617,751,665,1330,1156,1203
217,52,57.31,0.27686093177455945,28,52.205882352941174,59.333333333333336,60.54545454545455,619,753,667,1331,1156,1205
218,63,57.41,0.27790454624629857,28,52.294117647058826,59.45454545454545,60.63636363636363,621,755,669,1332,1157,1207
219,59,57.51,0.27894800904190575,28,52.38235294117647,59.57575757575758,60.72727272727273,623,757,671,1333,1158,1209
220,52,57.61,0.2799878493317132,28,52.470588235294116,59.696969696969695,60.81818181818182,625,759,673,1334,1159,1211
221,54,57.71,0.28103101715473927,28,52.55882352941177,59.81818181818182,60.90909090909091,627,761,675,1335,1160,1213
222,53,57.81,0.2820740356339734,28,52.64705882352941,59.93939393939394,61.0,629,763,677,1336,1161,1215
223,52,57.91,0.2831169055430841,28,52.73529411764706,60.06060606060606,61.09090909090909,631,765,679,1337,1162,1217
224,54,58.01,0.28415962765040503,28,52.8235294117647,60.18181818181818,61.18181818181818,633,767,681,1338,1163,1219
225,50,58.11,0.28519876097057306,28,52.911764705882355,60.303030303030305,61.27272727272727,635,769,683,1339,1164,1221
226,55,58.21,0.2862377598350798,28,53.0,60.42424242424242,61.36363636363637,637,771,685,1340,1165,1223
227,56,58.32,0.28707818930041157,28,53.088235294117645,60.54545454545455,61.484848484848484,639,773,688,1341,1166,1225
228,53,58.44,0.2877275838466804,28,53.205882352941174,60.666666666666664,61.60606060606061,642,775,691,1342,1167,1227
229,49,58.57,0.28837117978487287,28,53.35294117647059,60.78787878787879,61.72727272727273,646,777,694,1343,1168,1229
230,42,58.7,0.2890289608177172,28,53.5,60.90909090909091,61.84848484848485,650,779,697,1344,1169,1231
231,35,58.83,0.2896974332823389,28,53.64705882352941,61.03030303030303,61.96969696969697,654,781,700,1345,1170,1233
232,30,58.94,0.290166270783848,28,53.794117647058826,61.15151515151515,62.03030303030303,658,783,701,1346,1171,1235
233,29,59.04,0.29052506775067755,28,53.911764705882355,61.27272727272727,62.09090909090909,661,785,702,1347,1172,1237
234,36,59.12,0.29072395128552103,28,54.029411764705884,61.333333333333336,62.15151515151515,665,786,703,1348,1172,1238
235,42,59.21,0.2910403648032427,28,54.14705882352941,61.42424242424242,62.21212121212121,669,788,704,1349,1172,1239
236,41,59.31,0.2914634968807958,28,54.26470588235294,61.515151515151516,62.303030303030305,673,790,706,1350,1172,1240
237,49,59.41,0.29188520451102506,28,54.38235294117647,61.60606060606061,62.39393939393939,677,792,708,1351,1172,1241
238,51,59.54,0.29259657373194486,28,54.5,61.72727272727273,62.54545454545455,681,794,712,1352,1172,1243
239,54,59.66,0.29320147502514243,28,54.61764705882353,61.84848484848485,62.666666666666664,685,796,715,1353,1172,1245
240,60,59.78,0.2938039478086317,28,54.73529411764706,61.96969696969697,62.78787878787879,689,798,718,1354,1172,1247
241,63,59.9,0.29442737896494153,28,54.85294117647059,62.06060606060606,62.93939393939394,693,800,722,1355,1172,1248
242,64,60.01,0.29495250791534744,28,54.970588235294116,62.15151515151515,63.06060606060606,697,802,725,1356,1172,1249
243,76,60.13,0.29556461001164136,28,55.11764705882353,62.24242424242424,63.18181818181818,701,804,728,1357,1173,1250
244,76,60.25,0.2961775933609958,28,55.26470588235294,62.333333333333336,63.303030303030305,705,806,731,1358,1174,1251
245,75,60.38,0.29664789665452135,28,55.411764705882355,62.45454545454545,63.42424242424242,709,808,734,1359,1175,1253
246,68,60.51,0.29714923153197814,28,55.55882352941177,62.57575757575758,63.54545454545455,713,810,737,1360,1176,1255
247,67,60.64,0.2976583113456465,28,55.705882352941174,62.696969696969695,63.666666666666664,717,812,740,1361,1177,1257
248,72,60.77,0.2981915418792167,28,55.85294117647059,62.81818181818182,63.78787878787879,721,814,743,1362,1178,1259
249,73,60.91,0.2987834509932688,28,56.0,62.93939393939394,63.93939393939394,725,816,746,1364,1179,1261
250,65,61.05,0.29939557739557743,28,56.14705882352941,63.06060606060606,64.0909090909091,729,818,749,1366,1180,1263
251,57,61.19,0.3000277823173721,28,56.294117647058826,63.18181818181818,64.24242424242425,733,820,752,1368,1181,1265
252,60,61.34,0.30054776654711446,28,56.44117647058823,63.333333333333336,64.39393939393939,737,822,755,1370,1182,1268
253,53,61.47,0.3009516837481698,28,56.588235294117645,63.45454545454545,64.51515151515152,741,824,758,1371,1183,1270
254,49,61.6,0.30140584415584415,28,56.73529411764706,63.57575757575758,64.63636363636364,745,826,761,1372,1184,1272
255,53,61.71,0.30189758548047324,28,56.85294117647059,63.666666666666664,64.75757575757575,748,828,764,1373,1185,1273
256,49,61.81,0.3023960524187025,28,56.970588235294116,63.72727272727273,64.87878787878788,751,830,767,1374,1186,1273
257,48,61.91,0.30290906154094654,28,57.088235294117645,63.78787878787879,65.0,754,832,770,1375,1187,1273
258,53,62.01,0.3034365424931462,28,57.205882352941174,63.84848484848485,65.12121212121212,757,834,773,1376,1188,1273
259,46,62.11,0.30398486556110127,28,57.3235294117647,63.90909090909091,65.24242424242425,760,836,776,1377,1189,1273
260,44,62.22,0.3046351655416265,28,57.44117647058823,64.0,65.36363636363636,763,838,779,1378,1190,1274
261,45,62.33,0.3052992138617039,28,57.55882352941177,64.0909090909091,65.48484848484848,766,840,782,1379,1191,1275
262,38,62.43,0.3058833893961237,28,57.6764705882353,64.18181818181819,65.57575757575758,769,842,785,1379,1192,1276
263,39,62.51,0.3063109902415613,28,57.76470588235294,64.24242424242425,65.66666666666667,772,844,788,1379,1192,1276
264,43,62.59,0.30675347499600575,28,57.85294117647059,64.3030303030303,65.75757575757575,775,846,791,1379,1192,1276
265,38,62.67,0.307201212701452,28,57.94117647058823,64.36363636363636,65.84848484848484,778,848,794,1379,1192,1276
266,45,62.75,0.30767649402390435,28,58.029411764705884,64.42424242424242,65.93939393939394,781,850,797,1379,1192,1276
267,53,62.85,0.3083611774065234,28,58.14705882352941,64.51515151515152,66.03030303030303,785,852,800,1379,1192,1277
268,52,62.95,0.3090659253375695,28,58.26470588235294,64.60606060606061,66.12121212121212,789,854,803,1379,1192,1278
269,56,63.06,0.3098731366952109,28,58.38235294117647,64.6969696969697,66.24242424242425,793,856,806,1380,1192,1279
270,57,63.17,0.3106902010447998,28,58.5,64.78787878787878,66.36363636363636,797,858,809,1381,1192,1280
271,64,63.28,0.31152022756005054,28,58.61764705882353,64.87878787878788,66.48484848484848,801,860,812,1382,1192,1281
272,64,63.4,0.31243848580441635,28,58.73529411764706,65.0,66.60606060606061,805,862,815,1383,1192,1283
273,64,63.52,0.31337846347607057,28,58.85294117647059,65.12121212121212,66.72727272727273,809,864,818,1384,1192,1285
274,55,63.64,0.3143274670018856,28,58.970588235294116,65.24242424242425,66.84848484848484,813,866,821,1385,1192,1287
275,55,63.76,0.3152854454203262,28,59.088235294117645,65.36363636363636,66.96969696969697,817,868,824,1386,1192,1289
276,52,63.88,0.31625234815278647,28,59.205882352941174,65.48484848484848,67.0909090909091,821,870,827,1387,1192,1291
277,48,63.98,0.31705220381369176,28,59.3235294117647,65.57575757575758,67.18181818181819,825,872,829,1388,1192,1292
278,52,64.09,0.3179513184584178,28,59.44117647058823,65.66666666666667,67.3030303030303,829,874,832,1389,1192,1293
279,47,64.2,0.3188535825545172,28,59.55882352941177,65.75757575757575,67.42424242424242,833,876,835,1390,1192,1294
280,45,64.31,0.3197403203234333,28,59.64705882352941,65.84848484848484,67.57575757575758,836,878,839,1391,1192,1295
281,52,64.42,0.3206271344303012,28,59.73529411764706,65.93939393939394,67.72727272727273,839,880,843,1392,1192,1296
282,53,64.53,0.3215171238183791,28,59.8235294117647,66.03030303030303,67.87878787878788,842,882,847,1393,1192,1297
283,47,64.65,0.3224516627996907,28,59.911764705882355,66.12121212121212,68.06060606060606,845,884,851,1395,1192,1298
284,55,64.78,0.3234856437171966,28,60.029411764705884,66.21212121212122,68.24242424242425,849,886,855,1397,1192,1299
285,56,64.89,0.3243165356757589,28,60.14705882352941,66.24242424242425,68.42424242424242,853,886,859,1399,1192,1300
286,50,65.01,0.32525303799415467,28,60.26470588235294,66.3030303030303,68.60606060606061,857,887,863,1401,1192,1301
287,58,65.14,0.3262879950875039,28,60.38235294117647,66.39393939393939,68.78787878787878,861,889,867,1403,1192,1302
288,55,65.26,0.32722954336500154,28,60.5,66.48484848484848,68.93939393939394,865,891,870,1405,1192,1303
289,50,65.37,0.3280755698332568,28,60.588235294117645,66.57575757575758,69.0909090909091,868,893,873,1407,1192,1304
290,51,65.48,0.3289187538179597,28,60.6764705882353,66.66666666666667,69.24242424242425,871,895,876,1409,1192,1305
291,49,65.59,0.3297621588656807,28,60.76470588235294,66.75757575757575,69.39393939393939,874,897,879,1411,1192,1306
292,41,65.7,0.3306057838660578,28,60.85294117647059,66.84848484848484,69.54545454545455,877,899,882,1413,1192,1307
293,46,65.8,0.33136474164133745,28,60.94117647058823,66.93939393939394,69.66666666666667,880,901,885,1414,1192,1308
294,46,65.89,0.3320731522234027,28,61.029411764705884,67.03030303030303,69.75757575757575,883,903,888,1414,1192,1309
295,49,65.98,0.3327826614125493,28,61.11764705882353,67.12121212121212,69.84848484848484,886,905,891,1414,1192,1310
296,54,66.08,0.3335895883777239,28,61.23529411764706,67.21212121212122,69.93939393939394,890,907,894,1414,1192,1311
297,58,66.19,0.3344749962229945,28,61.35294117647059,67.3030303030303,70.06060606060606,894,909,897,1415,1192,1312
298,59,66.3,0.3353604826546002,28,61.470588235294116,67.39393939393939,70.18181818181819,898,911,900,1416,1192,1313
299,63,66.41,0.3362430356873965,28,61.588235294117645,67.48484848484848,70.3030303030303,902,913,903,1417,1192,1314
300,58,66.52,0.3371226698737222,28,61.705882352941174,67.57575757575758,70.42424242424242,906,915,906,1418,1192,1315
301,57,66.65,0.33813203300825206,28,61.8235294117647,67.66666666666667,70.60606060606061,910,917,910,1420,1192,1316
302,67,66.76,0.3390053924505692,28,61.94117647058823,67.75757575757575,70.72727272727273,914,919,913,1421,1192,1317
303,67,66.88,0.3399581339712918,28,62.05882352941177,67.84848484848484,70.87878787878788,918,921,917,1422,1192,1318
304,66,67.01,0.34095657364572446,28,62.1764705882353,67.93939393939394,71.06060606060606,922,923,921,1424,1192,1319
305,68,67.14,0.3419541257074769,28,62.294117647058826,68.03030303030303,71.24242424242425,926,925,925,1426,1192,1320
306,66,67.28,0.34301724137931033,28,62.411764705882355,68.15151515151516,71.42424242424242,930,927,929,1428,1192,1322
307,61,67.42,0.3440759418570157,28,62.529411764705884,68.27272727272727,71.60606060606061,934,929,933,1430,1192,1324
308,62,67.56,0.3451302545885139,28,62.64705882352941,68.39393939393939,71.78787878787878,938,931,937,1432,1192,1326
309,63,67.7,0.34618316100443136,28,62.76470588235294,68.51515151515152,71.96969696969697,942,933,941,1434,1192,1328
310,56,67.83,0.3471841368126198,28,62.88235294117647,68.63636363636364,72.12121212121212,946,935,945,1435,1192,1330
311,64,67.96,0.34818128310771046,28,63.0,68.75757575757575,72.27272727272727,950,937,949,1436,1192,1332
312,64,68.08,0.3491010575793185,28,63.11764705882353,68.87878787878788,72.39393939393939,954,939,952,1437,1192,1334
313,58,68.2,0.3500175953079179,28,63.23529411764706,69.0,72.51515151515152,958,941,955,1438,1192,1336
314,60,68.33,0.351003951412264,28,63.35294117647059,69.12121212121212,72.66666666666667,962,943,959,1439,1192,1338
315,56,68.46,0.35198656149576396,28,63.470588235294116,69.24242424242425,72.81818181818181,966,945,963,1440,1192,1340
316,50,68.58,0.35288130650335375,28,63.55882352941177,69.36363636363636,72.96969696969697,969,947,967,1441,1192,1342
317,53,68.7,0.35377292576419206,28,63.64705882352941,69.48484848484848,73.12121212121212,972,949,971,1442,1192,1344
318,54,68.81,0.3545720098822845,28,63.73529411764706,69.57575757575758,73.27272727272727,975,950,975,1443,1192,1346
319,52,68.92,0.3553743470690655,28,63.794117647058826,69.6969696969697,73.42424242424242,977,952,979,1444,1192,1348
320,50,69.03,0.3561770244821092,28,63.85294117647059,69.81818181818181,73.57575757575758,979,954,983,1445,1192,1350
321,57,69.14,0.3569771478160254,28,63.911764705882355,69.93939393939394,73.72727272727273,981,956,987,1446,1192,1352
322,58,69.25,0.3577747292418772,28,63.970588235294116,70.06060606060606,73.87878787878788,983,958,991,1447,1192,1354
323,59,69.36,0.3585697808535178,28,64.02941176470588,70.18181818181819,74.03030303030303,985,960,995,1448,1192,1356
324,57,69.47,0.35936519360875196,28,64.08823529411765,70.3030303030303,74.18181818181819,987,962,999,1449,1192,1358
325,49,69.58,0.36015809140557636,28,64.1470588235294,70.42424242424242,74.33333333333333,989,964,1003,1450,1192,1360
326,47,69.69,0.36094848615296315,28,64.20588235294117,70.54545454545455,74.48484848484848,991,966,1007,1451,1192,1362
327,45,69.8,0.3617363896848137,28,64.26470588235294,70.66666666666667,74.63636363636364,993,968,1011,1452,1192,1364
328,34,69.91,0.3625218137605492,28,64.32352941176471,70.78787878787878,74.78787878787878,995,970,1015,1453,1192,1366
329,30,70.01,0.3632323953720898,28,64.38235294117646,70.9090909090909,74.9090909090909,997,972,1019,1453,1192,1368
330,37,70.09,0.36376515908118134,28,64.44117647058823,70.96969696969697,75.03030303030303,999,972,1023,1453,1192,1370
331,37,70.18,0.36438301510401827,28,64.5,71.06060606060606,75.15151515151516,1001,973,1027,1453,1192,1372
332,37,70.27,0.36499928845880175,28,64.55882352941177,71.15151515151516,75.27272727272727,1003,974,1031,1453,1192,1374
333,42,70.37,0.3657027142248117,28,64.61764705882354,71.27272727272727,75.39393939393939,1005,976,1035,1453,1192,1376
334,44,70.47,0.3664041436072087,28,64.67647058823529,71.39393939393939,75.51515151515152,1007,978,1039,1453,1192,1378
335,51,70.58,0.36712666477755734,28,64.73529411764706,71.51515151515152,75.66666666666667,1009,980,1043,1454,1192,1380
336,52,70.69,0.3678497665865045,28,64.79411764705883,71.63636363636364,75.81818181818181,1011,982,1047,1455,1192,1382
337,47,70.8,0.3685706214689266,28,64.8529411764706,71.75757575757575,75.96969696969697,1013,984,1051,1456,1192,1384
338,46,70.9,0.3692327221438646,28,64.91176470588235,71.84848484848484,76.12121212121212,1015,986,1055,1457,1192,1385
339,53,71.01,0.36994366990564714,28,64.97058823529412,71.93939393939394,76.3030303030303,1017,988,1060,1458,1192,1386
340,52,71.11,0.37057657150892986,28,65.02941176470588,72.0,76.48484848484848,1019,990,1065,1459,1192,1386
341,49,71.23,0.3713561701530254,28,65.08823529411765,72.0909090909091,76.6969696969697,1021,992,1070,1461,1192,1387
342,47,71.34,0.3720549481356883,28,65.1470588235294,72.15151515151516,76.9090909090909,1023,994,1075,1463,1192,1387
343,54,71.45,0.3727543736878936,28,65.20588235294117,72.21212121212122,77.12121212121212,1025,996,1080,1465,1192,1387
344,66,71.57,0.3735294117647059,28,65.26470588235294,72.3030303030303,77.33333333333333,1027,998,1085,1467,1192,1388
345,66,71.69,0.37430464499930255,28,65.32352941176471,72.39393939393939,77.54545454545455,1029,1000,1090,1469,1192,1389
346,63,71.81,0.37507728728589335,28,65.38235294117646,72.48484848484848,77.75757575757575,1031,1002,1095,1471,1192,1390
347,60,71.93,0.37584735159182536,28,65.44117647058823,72.57575757575758,77.96969696969697,1033,1004,1100,1473,1192,1391
348,63,72.05,0.3766204024982651,28,65.5,72.66666666666667,78.18181818181819,1035,1006,1105,1475,1192,1392
349,57,72.17,0.3773991963419704,28,65.55882352941177,72.75757575757575,78.39393939393939,1037,1008,1110,1477,1192,1393
350,57,72.29,0.3781781712546687,28,65.61764705882354,72.84848484848484,78.60606060606061,1039,1010,1115,1479,1192,1394
351,57,72.41,0.3789545642867007,28,65.67647058823529,72.93939393939394,78.81818181818181,1041,1012,1120,1481,1192,1395
352,51,72.53,0.37972838825313665,28,65.73529411764706,73.03030303030303,79.03030303030303,1043,1014,1125,1483,1192,1396
353,52,72.64,0.38042125550660794,28,65.79411764705883,73.0909090909091,79.24242424242425,1045,1016,1130,1485,1192,1396
354,52,72.76,0.3811902144035184,28,65.8529411764706,73.18181818181819,79.45454545454545,1047,1018,1135,1487,1192,1397
355,48,72.86,0.3818034586878946,28,65.91176470588235,73.21212121212122,79.66666666666667,1049,1019,1140,1489,1192,1397
356,53,72.96,0.3824150219298246,28,65.97058823529412,73.24242424242425,79.87878787878788,1051,1020,1145,1491,1192,1397
357,57,73.07,0.3830997673463802,28,66.02941176470588,73.3030303030303,80.0909090909091,1053,1021,1150,1493,1192,1398
358,51,73.19,0.3838652821423692,28,66.08823529411765,73.39393939393939,80.3030303030303,1055,1023,1155,1495,1192,1399
359,54,73.31,0.3846310189605784,28,66.1470588235294,73.48484848484848,80.51515151515152,1057,1025,1160,1497,1192,1400
360,48,73.43,0.3853942530300967,28,66.20588235294117,73.57575757575758,80.72727272727273,1059,1027,1165,1499,1192,1401
361,45,73.55,0.38615499660095176,28,66.26470588235294,73.66666666666667,80.93939393939394,1061,1029,1170,1501,1192,1402
362,55,73.66,0.3868721151235406,28,66.32352941176471,73.75757575757575,81.12121212121212,1063,1031,1175,1502,1192,1403
363,54,73.79,0.38751998915842256,28,66.38235294117646,73.87878787878788,81.33333333333333,1065,1033,1180,1504,1192,1405
364,52,73.9,0.3880405953991881,28,66.44117647058823,74.0,81.48484848484848,1067,1035,1184,1505,1192,1407
365,54,74.03,0.3887113332432798,28,66.5,74.12121212121212,81.6969696969697,1069,1037,1189,1507,1192,1409
366,63,74.15,0.38946055293324344,28,66.55882352941177,74.21212121212122,81.9090909090909,1071,1039,1194,1509,1192,1410
367,54,74.27,0.3902073515551367,28,66.61764705882354,74.3030303030303,82.12121212121212,1073,1041,1199,1511,1192,1411
368,60,74.39,0.39095174082537976,28,66.67647058823529,74.39393939393939,82.33333333333333,1075,1043,1204,1513,1192,1412
369,63,74.51,0.3916937323849148,28,66.73529411764706,74.48484848484848,82.54545454545455,1077,1045,1209,1515,1192,1413
370,57,74.63,0.39243333779981243,28,66.79411764705883,74.57575757575758,82.75757575757575,1079,1047,1214,1517,1192,1414
371,60,74.75,0.39317056856187294,28,66.8529411764706,74.66666666666667,82.96969696969697,1081,1049,1219,1519,1192,1415
372,63,74.87,0.39390810738613596,28,66.91176470588235,74.75757575757575,83.18181818181819,1083,1051,1224,1521,1192,1416
373,63,74.99,0.39464595279370585,28,66.97058823529412,74.84848484848484,83.39393939393939,1085,1053,1229,1523,1192,1417
374,65,75.12,0.39543929712460063,28,67.05882352941177,74.93939393939394,83.60606060606061,1088,1055,1234,1525,1192,1418
375,73,75.25,0.39623521594684386,28,67.1470588235294,75.03030303030303,83.81818181818181,1091,1057,1239,1527,1192,1419
376,72,75.38,0.39702838949323427,28,67.23529411764706,75.12121212121212,84.03030303030303,1094,1059,1244,1529,1192,1420
377,79,75.52,0.39784692796610166,28,67.32352941176471,75.24242424242425,84.24242424242425,1097,1062,1249,1531,1192,1421
378,73,75.67,0.3986005021805207,28,67.44117647058823,75.36363636363636,84.45454545454545,1101,1065,1254,1533,1192,1422
379,84,75.83,0.39926809969668997,28,67.55882352941177,75.48484848484848,84.6969696969697,1105,1068,1259,1536,1192,1423
380,79,76.0,0.39981052631578945,28,67.67647058823529,75.63636363636364,84.93939393939394,1109,1072,1264,1539,1192,1424
381,73,76.18,0.400367550538199,28,67.79411764705883,75.81818181818181,85.18181818181819,1113,1077,1269,1542,1192,1425
382,72,76.37,0.40079219588843784,28,67.91176470588235,76.0,85.45454545454545,1117,1082,1275,1545,1192,1426
383,71,76.56,0.40123563218390806,28,68.02941176470588,76.18181818181819,85.72727272727273,1121,1087,1281,1548,1192,1427
384,69,76.73,0.4015991137755767,28,68.1470588235294,76.3030303030303,86.0,1125,1090,1287,1551,1192,1428
385,71,76.92,0.4019240769630785,28,68.29411764705883,76.45454545454545,86.27272727272727,1129,1094,1293,1554,1193,1429
386,71,77.1,0.4023865110246433,28,68.41176470588235,76.60606060606061,86.54545454545455,1133,1098,1299,1557,1193,1430
387,73,77.26,0.40280610924152216,28,68.52941176470588,76.75757575757575,86.75757575757575,1137,1102,1304,1559,1193,1431
388,71,77.43,0.4033152524861165,28,68.6470588235294,76.9090909090909,87.0,1141,1106,1310,1561,1193,1432
389,69,77.57,0.4037140647157406,28,68.76470588235294,77.03030303030303,87.18181818181819,1145,1109,1315,1562,1193,1433
390,67,77.71,0.40412945566851116,28,68.88235294117646,77.15151515151516,87.36363636363636,1149,1112,1320,1563,1193,1434
391,71,77.85,0.4045279383429673,28,69.02941176470588,77.24242424242425,87.54545454545455,1153,1114,1325,1564,1194,1435
392,72,77.99,0.4049429414027439,28,69.17647058823529,77.33333333333333,87.72727272727273,1157,1116,1330,1565,1195,1436
393,76,78.13,0.40534365800588756,28,69.29411764705883,77.42424242424242,87.93939393939394,1160,1118,1336,1566,1196,1437
394,81,78.29,0.4057721292629966,28,69.44117647058823,77.51515151515152,88.18181818181819,1163,1120,1342,1568,1198,1438
395,85,78.46,0.4063216925822075,28,69.58823529411765,77.66666666666667,88.39393939393939,1166,1123,1347,1570,1200,1440
396,79,78.64,0.4069099694811801,28,69.76470588235294,77.81818181818181,88.60606060606061,1170,1126,1352,1572,1202,1442
397,79,78.82,0.40752854605430094,28,69.94117647058823,77.96969696969697,88.81818181818181,1174,1129,1357,1574,1204,1444
398,74,78.99,0.408232687681985,28,70.11764705882354,78.0909090909091,89.03030303030303,1178,1131,1362,1576,1206,1446
399,75,79.16,0.4087822132390096,28,70.26470588235294,78.21212121212122,89.27272727272727,1181,1133,1368,1578,1208,1448
400,73,79.33,0.40923862347157447,28,70.41176470588235,78.3030303030303,89.54545454545455,1184,1134,1374,1581,1210,1450
401,80,79.5,0.40970817610062893,28,70.55882352941177,78.39393939393939,89.81818181818181,1187,1135,1380,1584,1212,1452
402,71,79.65,0.4102962962962963,28,70.70588235294117,78.48484848484848,90.03030303030303,1190,1136,1385,1586,1214,1454
403,66,79.79,0.4109048752976563,28,70.82352941176471,78.57575757575758,90.24242424242425,1193,1137,1390,1588,1215,1456
404,73,79.93,0.4115238333541849,28,70.94117647058823,78.66666666666667,90.45454545454545,1196,1138,1395,1590,1216,1458
405,62,80.07,0.41215061820906707,28,71.05882352941177,78.75757575757575,90.66666666666667,1199,1139,1400,1592,1217,1460
406,57,80.21,0.4127826954245106,28,71.17647058823529,78.84848484848484,90.87878787878788,1202,1140,1405,1594,1218,1462
407,68,80.34,0.4133557381130197,28,71.29411764705883,78.93939393939394,91.06060606060606,1205,1141,1410,1595,1219,1464
408,64,80.47,0.4139294146887038,28,71.41176470588235,79.03030303030303,91.24242424242425,1208,1142,1415,1596,1220,1466
409,66,80.6,0.4143598014888337,28,71.52941176470588,79.12121212121212,91.42424242424242,1211,1143,1420,1597,1221,1468
410,71,80.73,0.41479623436145174,28,71.6470588235294,79.21212121212122,91.60606060606061,1214,1144,1425,1598,1222,1470
411,61,80.86,0.4152461043779372,28,71.76470588235294,79.3030303030303,91.78787878787878,1217,1145,1430,1599,1223,1472
412,61,80.98,0.4156952333909607,28,71.88235294117646,79.39393939393939,91.93939393939394,1220,1146,1434,1600,1224,1474
413,60,81.11,0.4162236468992726,28,72.0,79.51515151515152,92.0909090909091,1223,1147,1439,1600,1225,1477
414,70,81.25,0.41680861538461533,28,72.1470588235294,79.63636363636364,92.24242424242425,1227,1148,1444,1600,1226,1480
415,65,81.39,0.41740140066347214,28,72.29411764705883,79.75757575757575,92.39393939393939,1231,1149,1449,1600,1227,1483
416,69,81.53,0.4179995093830492,28,72.44117647058823,79.87878787878788,92.54545454545455,1235,1150,1454,1600,1228,1486
417,73,81.67,0.4186053630464063,28,72.58823529411765,80.0,92.6969696969697,1239,1151,1459,1600,1229,1489
418,71,81.81,0.41921647720327593,28,72.73529411764706,80.12121212121212,92.84848484848484,1243,1152,1464,1600,1230,1492
419,72,81.95,0.41982306284319704,28,72.88235294117646,80.24242424242425,93.0,1247,1153,1468,1601,1231,1495
420,68,82.08,0.42039473684210527,28,73.02941176470588,80.36363636363636,93.12121212121212,1251,1154,1472,1601,1232,1498
421,72,82.22,0.4209827292629531,28,73.17647058823529,80.48484848484848,93.27272727272727,1255,1155,1476,1602,1233,1501
422,70,82.36,0.42157357940747936,28,73.32352941176471,80.60606060606061,93.42424242424242,1259,1156,1480,1603,1234,1504
423,71,82.5,0.4221648484848485,28,73.47058823529412,80.72727272727273,93.57575757575758,1263,1157,1484,1604,1235,1507
424,75,82.64,0.42275411423039694,28,73.58823529411765,80.84848484848484,93.75757575757575,1267,1158,1488,1606,1235,1510
425,70,82.78,0.4233486349359749,28,73.70588235294117,80.96969696969697,93.93939393939394,1271,1159,1492,1608,1235,1513
426,69,82.94,0.42400048227634435,28,73.82352941176471,81.12121212121212,94.15151515151516,1275,1160,1497,1610,1235,1517
427,77,83.1,0.4246546329723225,28,73.94117647058823,81.27272727272727,94.36363636363636,1279,1161,1502,1612,1235,1521
428,71,83.25,0.42525045045045046,28,74.05882352941177,81.42424242424242,94.54545454545455,1283,1162,1506,1614,1235,1525
429,62,83.4,0.4258513189448441,28,74.17647058823529,81.57575757575758,94.72727272727273,1287,1163,1510,1616,1235,1529
430,68,83.55,0.42645481747456615,28,74.29411764705883,81.72727272727273,94.9090909090909,1291,1164,1514,1618,1235,1533
431,66,83.69,0.42703190345322023,28,74.41176470588235,81.87878787878788,95.06060606060606,1295,1165,1517,1620,1235,1537
432,63,83.84,0.42762881679389314,28,74.55882352941177,82.03030303030303,95.21212121212122,1299,1166,1520,1622,1236,1541
433,71,84.0,0.4282666666666667,28,74.70588235294117,82.18181818181819,95.39393939393939,1303,1167,1524,1624,1237,1545
434,70,84.16,0.42890446768060836,28,74.8529411764706,82.33333333333333,95.57575757575758,1307,1168,1528,1626,1238,1549
435,69,84.32,0.42954222011385196,28,75.0,82.48484848484848,95.75757575757575,1311,1169,1532,1628,1239,1553
436,65,84.48,0.4301775568181818,28,75.1470588235294,82.63636363636364,95.93939393939394,1315,1170,1536,1630,1240,1557
437,71,84.63,0.43079404466501237,28,75.29411764705883,82.78787878787878,96.0909090909091,1319,1171,1540,1631,1241,1561
438,64,84.79,0.431441207689586,28,75.47058823529412,82.93939393939394,96.24242424242425,1323,1172,1544,1632,1243,1565
439,57,84.95,0.4320859329017069,28,75.6470588235294,83.0909090909091,96.39393939393939,1327,1173,1548,1633,1245,1569
440,59,85.11,0.43273293385031136,28,75.82352941176471,83.24242424242425,96.54545454545455,1331,1174,1552,1634,1247,1573
441,62,85.23,0.4332946145723337,28,75.94117647058823,83.33333333333333,96.6969696969697,1335,1175,1556,1635,1247,1575
442,57,85.34,0.43379657839231306,28,76.05882352941177,83.42424242424242,96.81818181818181,1339,1176,1559,1636,1247,1577
443,67,85.45,0.43429959040374494,28,76.17647058823529,83.51515151515152,96.93939393939394,1343,1177,1562,1637,1247,1579
444,63,85.58,0.4348399158681935,28,76.29411764705883,83.63636363636364,97.0909090909091,1347,1178,1566,1638,1247,1582
445,52,85.72,0.4353989734017732,28,76.41176470588235,83.75757575757575,97.27272727272727,1351,1179,1570,1640,1247,1585
446,57,85.85,0.43592428654630166,28,76.52941176470588,83.87878787878788,97.42424242424242,1355,1180,1573,1642,1247,1588
447,50,85.98,0.43645964177715746,28,76.6470588235294,84.0,97.57575757575758,1359,1181,1576,1644,1247,1591
448,40,86.11,0.43699570317036346,28,76.76470588235294,84.12121212121212,97.72727272727273,1363,1182,1579,1646,1247,1594
449,35,86.22,0.4374669450243563,28,76.88235294117646,84.24242424242425,97.81818181818181,1367,1183,1581,1647,1247,1597
450,42,86.33,0.4378790686899108,28,77.0,84.33333333333333,97.93939393939394,1370,1183,1584,1648,1248,1600
451,36,86.45,0.43834239444765766,28,77.1470588235294,84.42424242424242,98.06060606060606,1374,1183,1587,1649,1249,1603
452,40,86.56,0.4387915896487985,28,77.29411764705883,84.51515151515152,98.15151515151516,1378,1183,1590,1649,1250,1606
453,41,86.67,0.4392881043036806,28,77.44117647058823,84.60606060606061,98.24242424242425,1382,1184,1593,1649,1251,1608
454,37,86.77,0.43975913334101646,28,77.55882352941177,84.6969696969697,98.33333333333333,1386,1185,1596,1649,1251,1610
455,43,86.86,0.4401934146903062,28,77.67647058823529,84.75757575757575,98.42424242424242,1390,1186,1599,1649,1251,1611
456,41,86.94,0.44056820795951235,28,77.79411764705883,84.78787878787878,98.51515151515152,1394,1187,1602,1649,1251,1611
457,36,87.02,0.4409423121121581,28,77.91176470588235,84.81818181818181,98.60606060606061,1398,1188,1605,1649,1251,1611
458,49,87.1,0.44131802525832375,28,78.02941176470588,84.84848484848484,98.6969696969697,1402,1189,1608,1649,1251,1611
459,51,87.2,0.44164678899082566,28,78.17647058823529,84.87878787878788,98.81818181818181,1406,1190,1612,1649,1252,1611
460,46,87.31,0.4420032069636926,28,78.32352941176471,84.9090909090909,98.96969696969697,1410,1191,1616,1650,1253,1611
461,53,87.42,0.44237474262182563,28,78.47058823529412,84.93939393939394,99.12121212121212,1414,1192,1620,1651,1254,1611
462,52,87.52,0.4427262340036563,28,78.61764705882354,84.96969696969697,99.24242424242425,1418,1193,1623,1652,1255,1611
463,51,87.62,0.443081488244693,28,78.76470588235294,85.0,99.36363636363636,1422,1194,1626,1653,1256,1611
464,53,87.72,0.4434450524395805,28,78.91176470588235,85.03030303030303,99.48484848484848,1426,1195,1629,1654,1257,1611
465,46,87.82,0.443814620815304,28,79.05882352941177,85.06060606060606,99.60606060606061,1430,1196,1632,1655,1258,1611
466,44,87.93,0.44420675537359267,28,79.23529411764706,85.0909090909091,99.72727272727273,1434,1197,1635,1656,1260,1611
467,49,88.03,0.44457003294331476,28,79.41176470588235,85.12121212121212,99.81818181818181,1438,1198,1637,1657,1262,1611
468,48,88.13,0.4449052536026325,28,79.58823529411765,85.15151515151516,99.9090909090909,1442,1199,1639,1658,1264,1611
469,47,88.23,0.44524198118553776,28,79.76470588235294,85.18181818181819,100.0,1446,1200,1641,1659,1266,1611
470,56,88.35,0.44566949632144875,28,79.94117647058823,85.21212121212122,100.15151515151516,1450,1201,1645,1660,1268,1611
471,53,88.47,0.4460981123544705,28,80.11764705882354,85.24242424242425,100.3030303030303,1454,1202,1649,1661,1270,1611
472,50,88.59,0.44652556721977654,28,80.29411764705883,85.27272727272727,100.45454545454545,1458,1203,1653,1662,1272,1611
473,57,88.7,0.4469041713641488,28,80.47058823529412,85.3030303030303,100.57575757575758,1462,1204,1656,1663,1274,1611
474,51,88.82,0.44734068903400137,28,80.6470588235294,85.33333333333333,100.72727272727273,1466,1205,1660,1664,1276,1611
475,52,88.93,0.44774429326436527,28,80.82352941176471,85.36363636363636,100.84848484848484,1470,1206,1663,1665,1278,1611
476,55,89.05,0.44818528916339134,28,81.0,85.39393939393939,101.0,1474,1207,1667,1666,1280,1611
477,53,89.16,0.44857783759533426,28,81.17647058823529,85.42424242424242,101.12121212121212,1478,1208,1670,1667,1282,1611
478,50,89.28,0.4490232974910394,28,81.3529411764706,85.45454545454545,101.27272727272727,1482,1209,1674,1668,1284,1611
479,54,89.39,0.4494317037699967,28,81.52941176470588,85.48484848484848,101.39393939393939,1486,1210,1677,1669,1286,1611
480,52,89.5,0.44982346368715087,28,81.70588235294117,85.51515151515152,101.51515151515152,1490,1211,1680,1670,1288,1611
481,50,89.61,0.45021426180113827,28,81.88235294117646,85.54545454545455,101.63636363636364,1494,1212,1683,1671,1290,1611
482,54,89.72,0.4506041016495764,28,82.05882352941177,85.57575757575758,101.75757575757575,1498,1213,1686,1672,1292,1611
483,52,89.83,0.4509929867527552,28,82.23529411764706,85.60606060606061,101.87878787878788,1502,1214,1689,1673,1294,1611
484,52,89.95,0.45143413007226235,28,82.41176470588235,85.63636363636364,102.03030303030303,1506,1215,1693,1674,1296,1611
485,59,90.06,0.4518254497001999,28,82.58823529411765,85.66666666666667,102.15151515151516,1510,1216,1696,1675,1298,1611
486,60,90.17,0.45222025063768434,28,82.76470588235294,85.6969696969697,102.27272727272727,1514,1217,1699,1676,1300,1611
487,55,90.28,0.4526163048294196,28,82.94117647058823,85.72727272727273,102.39393939393939,1518,1218,1702,1677,1302,1611
488,56,90.39,0.4530113950658259,28,83.11764705882354,85.75757575757575,102.51515151515152,1522,1219,1705,1678,1304,1611
489,57,90.5,0.45340552486187846,28,83.29411764705883,85.78787878787878,102.63636363636364,1526,1220,1708,1679,1306,1611
490,52,90.61,0.4537986977154839,28,83.47058823529412,85.81818181818181,102.75757575757575,1530,1221,1711,1680,1308,1611
491,47,90.72,0.4541909171075838,28,83.6470588235294,85.84848484848484,102.87878787878788,1534,1222,1714,1681,1310,1611
492,46,90.82,0.45455846729795196,28,83.82352941176471,85.87878787878788,102.96969696969697,1538,1223,1717,1681,1312,1611
493,47,90.93,0.4549510612559111,28,84.0,85.9090909090909,103.0909090909091,1542,1224,1720,1682,1314,1611
494,44,91.05,0.45539483800109826,28,84.17647058823529,85.93939393939394,103.24242424242425,1546,1225,1724,1683,1316,1611
495,44,91.17,0.4558440276406713,28,84.3529411764706,85.96969696969697,103.39393939393939,1550,1226,1728,1684,1318,1611
496,35,91.29,0.45629203636761967,28,84.52941176470588,86.0,103.54545454545455,1554,1227,1732,1685,1320,1611
497,38,91.38,0.4566185160866711,28,84.67647058823529,86.03030303030303,103.63636363636364,1557,1228,1734,1686,1322,1611
498,34,91.48,0.45699606471359855,28,84.82352941176471,86.06060606060606,103.75757575757575,1560,1229,1737,1687,1324,1611
499,31,91.57,0.45733646390739324,28,84.94117647058823,86.0909090909091,103.87878787878788,1562,1230,1740,1688,1326,1611
500,29,91.65,0.45764211674849975,28,85.05882352941177,86.12121212121212,103.96969696969697,1564,1231,1742,1689,1328,1611
501,25,91.72,0.4579023113824684,28,85.17647058823529,86.15151515151516,104.03030303030303,1566,1232,1743,1690,1330,1611
502,25,91.78,0.45814992373066027,28,85.26470588235294,86.18181818181819,104.0909090909091,1568,1233,1744,1691,1331,1611
503,24,91.85,0.4584311377245509,28,85.3529411764706,86.21212121212122,104.18181818181819,1570,1234,1746,1692,1332,1611
504,21,91.91,0.45868675878576864,28,85.44117647058823,86.24242424242425,104.24242424242425,1572,1235,1748,1692,1333,1611
505,19,91.96,0.4589147455415398,28,85.5,86.27272727272727,104.3030303030303,1574,1236,1750,1692,1333,1611
506,21,92.0,0.4591086956521739,28,85.55882352941177,86.3030303030303,104.33333333333333,1576,1237,1751,1692,1333,1611
507,20,92.04,0.45930247718383316,28,85.61764705882354,86.33333333333333,104.36363636363636,1578,1238,1752,1692,1333,1611
508,19,92.08,0.45949609035621203,28,85.67647058823529,86.36363636363636,104.39393939393939,1580,1239,1753,1692,1333,1611
509,21,92.12,0.4596895353886235,28,85.73529411764706,86.39393939393939,104.42424242424242,1582,1240,1754,1692,1333,1611
510,20,92.16,0.4598828125,28,85.79411764705883,86.42424242424242,104.45454545454545,1584,1241,1755,1692,1333,1611
511,19,92.2,0.4600759219088937,28,85.8529411764706,86.45454545454545,104.48484848484848,1586,1242,1756,1692,1333,1611
512,21,92.24,0.46026886383347787,28,85.91176470588235,86.48484848484848,104.51515151515152,1588,1243,1757,1692,1333,1611
513,20,92.28,0.4604616384915474,28,85.97058823529412,86.51515151515152,104.54545454545455,1590,1244,1758,1692,1333,1611
514,19,92.32,0.4606542461005199,28,86.02941176470588,86.54545454545455,104.57575757575758,1592,1245,1759,1692,1333,1611
515,21,92.36,0.4608488523170204,28,86.08823529411765,86.57575757575758,104.60606060606061,1594,1246,1760,1692,1333,1611
516,20,92.4,0.46104545454545454,28,86.1470588235294,86.60606060606061,104.63636363636364,1596,1247,1761,1692,1333,1611
517,19,92.44,0.4612418866291649,28,86.20588235294117,86.63636363636364,104.66666666666667,1598,1248,1762,1692,1333,1611
518,21,92.48,0.46143814878892736,28,86.26470588235294,86.66666666666667,104.6969696969697,1600,1249,1763,1692,1333,1611
519,20,92.52,0.4616342412451362,28,86.32352941176471,86.6969696969697,104.72727272727273,1602,1250,1764,1692,1333,1611
520,19,92.56,0.46183016421780465,28,86.38235294117646,86.72727272727273,104.75757575757575,1604,1251,1765,1692,1333,1611
521,21,92.6,0.4620259179265659,28,86.44117647058823,86.75757575757575,104.78787878787878,1606,1252,1766,1692,1333,1611
522,20,92.64,0.46222150259067357,28,86.5,86.78787878787878,104.81818181818181,1608,1253,1767,1692,1333,1611
523,19,92.68,0.462416918429003,28,86.55882352941177,86.81818181818181,104.84848484848484,1610,1254,1768,1692,1333,1611
524,21,92.72,0.46261216566005176,28,86.61764705882354,86.84848484848484,104.87878787878788,1612,1255,1769,1692,1333,1611
525,20,92.76,0.4628072445019405,28,86.67647058823529,86.87878787878788,104.9090909090909,1614,1256,1770,1692,1333,1611
526,19,92.8,0.4630021551724138,28,86.73529411764706,86.9090909090909,104.93939393939394,1616,1257,1771,1692,1333,1611
527,21,92.84,0.46319689788884105,28,86.79411764705883,86.93939393939394,104.96969696969697,1618,1258,1772,1692,1333,1611
528,20,92.88,0.4633914728682171,28,86.8529411764706,86.96969696969697,105.0,1620,1259,1773,1692,1333,1611
529,19,92.92,0.46358588032716314,28,86.91176470588235,87.0,105.03030303030303,1622,1260,1774,1692,1333,1611
530,21,92.96,0.46378227194492255,28,86.97058823529412,87.03030303030303,105.06060606060606,1624,1261,1775,1692,1333,1611
531,20,93.0,0.4639784946236559,28,87.02941176470588,87.06060606060606,105.0909090909091,1626,1262,1776,1692,1333,1611
532,19,93.04,0.4641745485812554,28,87.08823529411765,87.0909090909091,105.12121212121212,1628,1263,1777,1692,1333,1611
533,21,93.08,0.46437043403523853,28,87.1470588235294,87.12121212121212,105.15151515151516,1630,1264,1778,1692,1333,1611
534,20,93.12,0.46456615120274913,28,87.20588235294117,87.15151515151516,105.18181818181819,1632,1265,1779,1692,1333,1611
535,19,93.16,0.4647617003005582,28,87.26470588235294,87.18181818181819,105.21212121212122,1634,1266,1780,1692,1333,1611
536,21,93.2,0.4649570815450644,28,87.32352941176471,87.21212121212122,105.24242424242425,1636,1267,1781,1692,1333,1611
537,20,93.24,0.4651522951522951,28,87.38235294117646,87.24242424242425,105.27272727272727,1638,1268,1782,1692,1333,1611
538,19,93.28,0.46534734133790734,28,87.44117647058823,87.27272727272727,105.3030303030303,1640,1269,1783,1692,1333,1611
539,21,93.32,0.46554222031718817,28,87.5,87.3030303030303,105.33333333333333,1642,1270,1784,1692,1333,1611
540,20,93.36,0.4657369323050557,28,87.55882352941177,87.33333333333333,105.36363636363636,1644,1271,1785,1692,1333,1611
541,19,93.4,0.46593147751605996,28,87.61764705882354,87.36363636363636,105.39393939393939,1646,1272,1786,1692,1333,1611
542,21,93.44,0.46612585616438357,28,87.67647058823529,87.39393939393939,105.42424242424242,1648,1273,1787,1692,1333,1611
543,20,93.48,0.4663200684638425,28,87.73529411764706,87.42424242424242,105.45454545454545,1650,1274,1788,1692,1333,1611
544,19,93.52,0.46651411462788706,28,87.79411764705883,87.45454545454545,105.48484848484848,1652,1275,1789,1692,1333,1611
545,21,93.56,0.4667079948696024,28,87.8529411764706,87.48484848484848,105.51515151515152,1654,1276,1790,1692,1333,1611
546,20,93.6,0.4669017094017094,28,87.91176470588235,87.51515151515152,105.54545454545455,1656,1277,1791,1692,1333,1611
547,19,93.64,0.4670952584365656,28,87.97058823529412,87.54545454545455,105.57575757575758,1658,1278,1792,1692,1333,1611
548,21,93.68,0.4672907771135782,28,88.02941176470588,87.57575757575758,105.60606060606061,1660,1279,1793,1692,1333,1611
549,20,93.72,0.4674861288945796,28,88.08823529411765,87.60606060606061,105.63636363636364,1662,1280,1794,1692,1333,1611
550,19,93.76,0.46768131399317403,28,88.1470588235294,87.63636363636364,105.66666666666667,1664,1281,1795,1692,1333,1611
551,21,93.8,0.4678763326226013,28,88.20588235294117,87.66666666666667,105.6969696969697,1666,1282,1796,1692,1333,1611
552,20,93.84,0.46807331628303495,28,88.26470588235294,87.6969696969697,105.72727272727273,1668,1283,1797,1692,1333,1611
553,19,93.88,0.4682701320835108,28,88.32352941176471,87.72727272727273,105.75757575757575,1670,1284,1798,1692,1333,1611
554,21,93.92,0.4684667802385008,28,88.38235294117646,87.75757575757575,105.78787878787878,1672,1285,1799,1692,1333,1611
555,20,93.96,0.4686632609621115,28,88.44117647058823,87.78787878787878,105.81818181818181,1674,1286,1800,1692,1333,1611
556,19,94.0,0.4688595744680851,28,88.5,87.81818181818181,105.84848484848484,1676,1287,1801,1692,1333,1611
557,21,94.04,0.4690557209698001,28,88.55882352941177,87.84848484848484,105.87878787878788,1678,1288,1802,1692,1333,1611
558,20,94.08,0.4692517006802721,28,88.61764705882354,87.87878787878788,105.9090909090909,1680,1289,1803,1692,1333,1611
559,19,94.12,0.46944751381215466,28,88.67647058823529,87.9090909090909,105.93939393939394,1682,1290,1804,1692,1333,1611
560,21,94.16,0.46964316057773997,28,88.73529411764706,87.93939393939394,105.96969696969697,1684,1291,1805,1692,1333,1611
561,20,94.2,0.4698386411889597,28,88.79411764705883,87.96969696969697,106.0,1686,1292,1806,1692,1333,1611
562,19,94.24,0.4700339558573854,28,88.8529411764706,88.0,106.03030303030303,1688,1293,1807,1692,1333,1611
563,21,94.28,0.47022910479422997,28,88.91176470588235,88.03030303030303,106.06060606060606,1690,1294,1808,1692,1333,1611
564,20,94.32,0.47042408821034776,28,88.97058823529412,88.06060606060606,106.0909090909091,1692,1295,1809,1692,1333,1611
565,19,94.36,0.4706189063162357,28,89.02941176470588,88.0909090909091,106.12121212121212,1694,1296,1810,1692,1333,1611
566,21,94.4,0.4708135593220339,28,89.08823529411765,88.12121212121212,106.15151515151516,1696,1297,1811,1692,1333,1611
567,20,94.44,0.47100804743752644,28,89.1470588235294,88.15151515151516,106.18181818181819,1698,1298,1812,1692,1333,1611
568,19,94.48,0.4712023708721423,28,89.20588235294117,88.18181818181819,106.21212121212122,1700,1299,1813,1692,1333,1611
569,21,94.52,0.47139864578925095,28,89.26470588235294,88.21212121212122,106.24242424242425,1702,1300,1814,1692,1333,1611
570,20,94.56,0.471596869712352,28,89.32352941176471,88.24242424242425,106.27272727272727,1704,1301,1815,1692,1333,1611
571,19,94.6,0.47179492600422834,28,89.38235294117646,88.27272727272727,106.3030303030303,1706,1302,1816,1692,1333,1611
572,21,94.64,0.4719928148774303,28,89.44117647058823,88.3030303030303,106.33333333333333,1708,1303,1817,1692,1333,1611
573,20,94.68,0.4721905365441487,28,89.5,88.33333333333333,106.36363636363636,1710,1304,1818,1692,1333,1611
574,19,94.72,0.4723880912162162,28,89.55882352941177,88.36363636363636,106.39393939393939,1712,1305,1819,1692,1333,1611
575,21,94.76,0.4725854791051076,28,89.61764705882354,88.39393939393939,106.42424242424242,1714,1306,1820,1692,1333,1611
576,20,94.8,0.4727827004219409,28,89.67647058823529,88.42424242424242,106.45454545454545,1716,1307,1821,1692,1333,1611
577,19,94.84,0.4729797553774779,28,89.73529411764706,88.45454545454545,106.48484848484848,1718,1308,1822,1692,1333,1611
578,21,94.88,0.4731766441821248,28,89.79411764705883,88.48484848484848,106.51515151515152,1720,1309,1823,1692,1333,1611
579,20,94.92,0.4733733670459334,28,89.8529411764706,88.51515151515152,106.54545454545455,1722,1310,1824,1692,1333,1611
580,19,94.96,0.4735699241786015,28,89.91176470588235,88.54545454545455,106.57575757575758,1724,1311,1825,1692,1333,1611
581,21,95.0,0.47376842105263156,28,89.97058823529412,88.57575757575758,106.60606060606061,1726,1312,1826,1692,1333,1611
582,20,95.04,0.4739667508417509,28,90.02941176470588,88.60606060606061,106.63636363636364,1728,1313,1827,1692,1333,1611
583,19,95.08,0.47416491375683634,28,90.08823529411765,88.63636363636364,106.66666666666667,1730,1314,1828,1692,1333,1611
584,21,95.12,0.47436291000841047,28,90.1470588235294,88.66666666666667,106.6969696969697,1732,1315,1829,1692,1333,1611
585,20,95.16,0.47456073980664143,28,90.20588235294117,88.6969696969697,106.72727272727273,1734,1316,1830,1692,1333,1611
586,19,95.2,0.47475840336134456,28,90.26470588235294,88.72727272727273,106.75757575757575,1736,1317,1831,1692,1333,1611
587,21,95.24,0.47495590088198236,28,90.32352941176471,88.75757575757575,106.78787878787878,1738,1318,1832,1692,1333,1611
588,20,95.28,0.47515323257766584,28,90.38235294117646,88.78787878787878,106.81818181818181,1740,1319,1833,1692,1333,1611
589,19,95.32,0.47535039865715484,28,90.44117647058823,88.81818181818181,106.84848484848484,1742,1320,1834,1692,1333,1611
590,21,95.36,0.4755473993288591,28,90.5,88.84848484848484,106.87878787878788,1744,1321,1835,1692,1333,1611
591,20,95.4,0.4757442348008386,28,90.55882352941177,88.87878787878788,106.9090909090909,1746,1322,1836,1692,1333,1611
592,19,95.44,0.47594090528080474,28,90.61764705882354,88.9090909090909,106.93939393939394,1748,1323,1837,1692,1333,1611
593,21,95.48,0.4761374109761206,28,90.67647058823529,88.93939393939394,106.96969696969697,1750,1324,1838,1692,1333,1611
594,20,95.52,0.47633375209380235,28,90.73529411764706,88.96969696969697,107.0,1752,1325,1839,1692,1333,1611
595,19,95.56,0.47652992884051903,28,90.79411764705883,89.0,107.03030303030303,1754,1326,1840,1692,1333,1611
596,21,95.6,0.4767259414225941,28,90.8529411764706,89.03030303030303,107.06060606060606,1756,1327,1841,1692,1333,1611
597,20,95.64,0.4769217900460058,28,90.91176470588235,89.06060606060606,107.0909090909091,1758,1328,1842,1692,1333,1611
598,19,95.68,0.47711747491638795,28,90.97058823529412,89.0909090909091,107.12121212121212,1760,1329,1843,1692,1333,1611
599,21,95.72,0.4773129962390305,28,91.02941176470588,89.12121212121212,107.15151515151516,1762,1330,1844,1692,1333,1611
600,20,95.76,0.47750835421888055,28,91.08823529411765,89.15151515151516,107.18181818181819,1764,1331,1845,1692,1333,1611
601,19,95.8,0.47770563674321503,28,91.1470588235294,89.18181818181819,107.21212121212122,1766,1332,1846,1692,1333,1611
602,21,95.84,0.47790275459098497,28,91.20588235294117,89.21212121212122,107.24242424242425,1768,1333,1847,1692,1333,1611
603,20,95.88,0.4780997079682937,28,91.26470588235294,89.24242424242425,107.27272727272727,1770,1334,1848,1692,1333,1611
604,19,95.92,0.4782964970809007,28,91.32352941176471,89.27272727272727,107.3030303030303,1772,1335,1849,1692,1333,1611
605,21,95.96,0.47849312213422257,28,91.38235294117646,89.3030303030303,107.33333333333333,1774,1336,1850,1692,1333,1611
606,20,96.0,0.47868958333333333,28,91.44117647058823,89.33333333333333,107.36363636363636,1776,1337,1851,1692,1333,1611
607,19,96.04,0.47888588088296546,28,91.5,89.36363636363636,107.39393939393939,1778,1338,1852,1692,1333,1611
608,21,96.08,0.4790820149875104,28,91.55882352941177,89.39393939393939,107.42424242424242,1780,1339,1853,1692,1333,1611
609,20,96.12,0.47927798585101955,28,91.61764705882354,89.42424242424242,107.45454545454545,1782,1340,1854,1692,1333,1611
610,19,96.16,0.47947379367720466,28,91.67647058823529,89.45454545454545,107.48484848484848,1784,1341,1855,1692,1333,1611
611,21,96.2,0.4796694386694387,28,91.73529411764706,89.48484848484848,107.51515151515152,1786,1342,1856,1692,1333,1611
612,20,96.24,0.47986492103075645,28,91.79411764705883,89.51515151515152,107.54545454545455,1788,1343,1857,1692,1333,1611
613,19,96.28,0.48006024096385547,28,91.8529411764706,89.54545454545455,107.57575757575758,1790,1344,1858,1692,1333,1611
614,21,96.32,0.48025539867109635,28,91.91176470588235,89.57575757575758,107.60606060606061,1792,1345,1859,1692,1333,1611
615,20,96.36,0.48045039435450393,28,91.97058823529412,89.60606060606061,107.63636363636364,1794,1346,1860,1692,1333,1611
616,19,96.4,0.48064522821576766,28,92.02941176470588,89.63636363636364,107.66666666666667,1796,1347,1861,1692,1333,1611
617,21,96.44,0.48084197428452924,28,92.08823529411765,89.66666666666667,107.6969696969697,1798,1348,1862,1692,1333,1611
618,20,96.48,0.4810406301824212,28,92.1470588235294,89.6969696969697,107.72727272727273,1800,1349,1863,1692,1333,1611
619,19,96.52,0.48123912142561126,28,92.20588235294117,89.72727272727273,107.75757575757575,1802,1350,1864,1692,1333,1611
620,21,96.56,0.4814374482187241,28,92.26470588235294,89.75757575757575,107.78787878787878,1804,1351,1865,1692,1333,1611
621,20,96.6,0.4816356107660455,28,92.32352941176471,89.78787878787878,107.81818181818181,1806,1352,1866,1692,1333,1611
622,19,96.64,0.48183360927152313,28,92.38235294117646,89.81818181818181,107.84848484848484,1808,1353,1867,1692,1333,1611
623,21,96.68,0.48203144393876707,28,92.44117647058823,89.84848484848484,107.87878787878788,1810,1354,1868,1692,1333,1611
624,20,96.72,0.4822291149710505,28,92.5,89.87878787878788,107.9090909090909,1812,1355,1869,1692,1333,1611
625,19,96.76,0.48242662257131047,28,92.55882352941177,89.9090909090909,107.93939393939394,1814,1356,1870,1692,1333,1611
626,21,96.8,0.48262396694214876,28,92.61764705882354,89.93939393939394,107.96969696969697,1816,1357,1871,1692,1333,1611
627,20,96.84,0.48282114828583234,28,92.67647058823529,89.96969696969697,108.0,1818,1358,1872,1692,1333,1611
628,19,96.88,0.483018166804294,28,92.73529411764706,90.0,108.03030303030303,1820,1359,1873,1692,1333,1611
629,21,96.92,0.4832150226991333,28,92.79411764705883,90.03030303030303,108.06060606060606,1822,1360,1874,1692,1333,1611
630,20,96.96,0.48341171617161716,28,92.8529411764706,90.06060606060606,108.0909090909091,1824,1361,1875,1692,1333,1611
631,19,97.0,0.48360824742268044,28,92.91176470588235,90.0909090909091,108.12121212121212,1826,1362,1876,1692,1333,1611
632,21,97.04,0.4838046166529266,28,92.97058823529412,90.12121212121212,108.15151515151516,1828,1363,1877,1692,1333,1611
633,20,97.08,0.48400082406262873,28,93.02941176470588,90.15151515151516,108.18181818181819,1830,1364,1878,1692,1333,1611
634,19,97.12,0.4841968698517298,28,93.08823529411765,90.18181818181819,108.21212121212122,1832,1365,1879,1692,1333,1611
635,21,97.16,0.48439275421984357,28,93.1470588235294,90.21212121212122,108.24242424242425,1834,1366,1880,1692,1333,1611
636,20,97.2,0.48458847736625515,28,93.20588235294117,90.24242424242425,108.27272727272727,1836,1367,1881,1692,1333,1611
637,19,97.24,0.4847840394899218,28,93.26470588235294,90.27272727272727,108.3030303030303,1838,1368,1882,1692,1333,1611
638,24,97.28,0.4849794407894737,28,93.32352941176471,90.3030303030303,108.33333333333333,1840,1369,1883,1692,1333,1611
639,25,97.33,0.4852080550703791,28,93.38235294117646,90.33333333333333,108.39393939393939,1842,1370,1885,1692,1333,1611
640,23,97.38,0.48543848839597453,28,93.44117647058823,90.36363636363636,108.45454545454545,1844,1371,1887,1692,1333,1611
641,26,97.44,0.4856999178981938,28,93.52941176470588,90.39393939393939,108.51515151515152,1847,1372,1889,1692,1333,1611
642,25,97.51,0.4858342734078556,28,93.61764705882354,90.42424242424242,108.60606060606061,1850,1373,1892,1692,1333,1611
643,25,97.57,0.48609511120221377,28,93.70588235294117,90.45454545454545,108.66666666666667,1853,1374,1894,1692,1333,1611
644,25,97.63,0.486355628392912,28,93.79411764705883,90.48484848484848,108.72727272727273,1856,1375,1896,1692,1333,1611
645,25,97.69,0.4866158255706828,28,93.88235294117646,90.51515151515152,108.78787878787878,1859,1376,1898,1692,1333,1611
646,25,97.75,0.4868757033248082,28,93.97058823529412,90.54545454545455,108.84848484848484,1862,1377,1900,1692,1333,1611
647,30,97.82,0.48701492537313434,28,94.05882352941177,90.57575757575758,108.93939393939394,1865,1378,1903,1692,1333,1611
648,33,97.88,0.4871230077646097,28,94.1470588235294,90.60606060606061,109.0,1868,1379,1905,1692,1333,1611
649,33,97.94,0.487230957729222,28,94.23529411764706,90.63636363636364,109.06060606060606,1871,1380,1907,1692,1333,1611
650,35,98.01,0.4873859810223447,28,94.32352941176471,90.66666666666667,109.15151515151516,1874,1381,1910,1692,1333,1611
651,31,98.08,0.4875469004893964,28,94.41176470588235,90.6969696969697,109.24242424242425,1877,1382,1913,1692,1333,1611
652,33,98.15,0.48771981660723385,28,94.5,90.72727272727273,109.33333333333333,1880,1383,1916,1692,1333,1611
653,38,98.22,0.48790063123600086,28,94.58823529411765,90.75757575757575,109.42424242424242,1883,1384,1919,1692,1333,1611
654,40,98.29,0.48808729270525997,28,94.67647058823529,90.78787878787878,109.51515151515152,1886,1385,1922,1692,1333,1611
655,39,98.36,0.4882777551850346,28,94.76470588235294,90.81818181818181,109.60606060606061,1889,1386,1925,1692,1333,1611
656,38,98.43,0.4884760743675709,28,94.8529411764706,90.84848484848484,109.6969696969697,1892,1387,1928,1692,1333,1611
657,40,98.5,0.48868832487309644,28,94.94117647058823,90.87878787878788,109.78787878787878,1895,1388,1931,1692,1333,1611
658,39,98.57,0.4889043319468398,28,95.02941176470588,90.9090909090909,109.87878787878788,1898,1389,1934,1692,1333,1611
659,44,98.64,0.48912611516626114,28,95.11764705882354,90.93939393939394,109.96969696969697,1901,1390,1937,1692,1333,1611
660,46,98.71,0.4893536622429338,28,95.20588235294117,90.96969696969697,110.06060606060606,1904,1391,1940,1692,1333,1611
661,42,98.78,0.4895849362219073,28,95.29411764705883,91.0,110.15151515151516,1907,1392,1943,1692,1333,1611
662,41,98.85,0.4898199291856348,28,95.38235294117646,91.03030303030303,110.24242424242425,1910,1393,1946,1692,1333,1611
663,40,98.92,0.4900606550748079,28,95.47058823529412,91.06060606060606,110.33333333333333,1913,1394,1949,1692,1333,1611
664,39,98.99,0.49030306091524395,28,95.55882352941177,91.0909090909091,110.42424242424242,1916,1395,1952,1692,1333,1611
665,44,99.06,0.49054714314556835,28,95.6470588235294,91.12121212121212,110.51515151515152,1919,1396,1955,1692,1333,1611
666,46,99.13,0.4907908806617573,28,95.73529411764706,91.15151515151516,110.60606060606061,1922,1397,1958,1692,1333,1611
667,45,99.2,0.4910362903225806,28,95.82352941176471,91.18181818181819,110.6969696969697,1925,1398,1961,1692,1333,1611
668,49,99.28,0.49127719580983076,28,95.94117647058823,91.21212121212122,110.78787878787878,1929,1399,1964,1692,1333,1611
669,47,99.36,0.4915197262479871,28,96.05882352941177,91.24242424242425,110.87878787878788,1933,1400,1967,1692,1333,1611
670,45,99.44,0.4917679002413516,28,96.17647058823529,91.27272727272727,110.96969696969697,1937,1401,1970,1692,1333,1611
671,47,99.51,0.49201989749773895,28,96.26470588235294,91.3030303030303,111.06060606060606,1940,1402,1973,1692,1333,1611
672,43,99.58,0.4922735489054027,28,96.3529411764706,91.33333333333333,111.15151515151516,1943,1403,1976,1692,1333,1611
673,42,99.65,0.4925288509784245,28,96.44117647058823,91.36363636363636,111.24242424242425,1946,1404,1979,1692,1333,1611
674,44,99.72,0.49278580024067387,28,96.52941176470588,91.39393939393939,111.33333333333333,1949,1405,1982,1692,1333,1611
675,43,99.79,0.4930423890169356,28,96.61764705882354,91.42424242424242,111.42424242424242,1952,1406,1985,1692,1333,1611
676,42,99.86,0.4932986180652914,28,96.70588235294117,91.45454545454545,111.51515151515152,1955,1407,1988,1692,1333,1611
677,44,99.93,0.49355448814169917,28,96.79411764705883,91.48484848484848,111.60606060606061,1958,1408,1991,1692,1333,1611
678,46,100.0,0.49381,28,96.88235294117646,91.51515151515152,111.6969696969697,1961,1409,1994,1692,1333,1611
679,45,100.07,0.49406515439192566,28,96.97058823529412,91.54545454545455,111.78787878787878,1964,1410,1997,1692,1333,1611
680,44,100.14,0.4943219492710206,28,97.05882352941177,91.57575757575758,111.87878787878788,1967,1411,2000,1692,1333,1611
681,40,100.21,0.49457838539067955,28,97.1470588235294,91.60606060606061,111.96969696969697,1970,1412,2003,1692,1333,1611
682,36,100.28,0.49483645791783004,28,97.23529411764706,91.63636363636364,112.06060606060606,1973,1413,2006,1692,1333,1611
683,38,100.35,0.495096163428002,28,97.32352941176471,91.66666666666667,112.15151515151516,1976,1414,2009,1692,1333,1611
684,40,100.42,0.49535550687114116,28,97.41176470588235,91.6969696969697,112.24242424242425,1979,1415,2012,1692,1333,1611
685,39,100.49,0.495614489003881,28,97.5,91.72727272727273,112.33333333333333,1982,1416,2015,1692,1333,1611
686,41,100.56,0.49587311058074784,28,97.58823529411765,91.75757575757575,112.42424242424242,1985,1417,2018,1692,1333,1611
687,40,100.63,0.4961313723541687,28,97.67647058823529,91.78787878787878,112.51515151515152,1988,1418,2021,1692,1333,1611
688,39,100.7,0.49638927507447866,28,97.76470588235294,91.81818181818181,112.60606060606061,1991,1419,2024,1692,1333,1611
689,41,100.77,0.4966488042076015,28,97.8529411764706,91.84848484848484,112.6969696969697,1994,1420,2027,1692,1333,1611
690,40,100.84,0.49691392304641013,28,97.94117647058823,91.87878787878788,112.78787878787878,1997,1421,2030,1692,1333,1611
691,35,100.92,0.4971165279429251,28,98.02941176470588,91.9090909090909,112.9090909090909,2000,1422,2033,1693,1333,1611
692,36,101.0,0.4973326732673267,28,98.11764705882354,91.93939393939394,113.03030303030303,2003,1423,2036,1694,1333,1611
693,34,101.08,0.49755243371586866,28,98.20588235294117,91.96969696969697,113.15151515151516,2006,1424,2039,1695,1333,1611
694,33,101.15,0.49773504695996046,28,98.29411764705883,92.0,113.24242424242425,2009,1425,2041,1696,1333,1611
695,40,101.23,0.49796601797886003,28,98.38235294117646,92.03030303030303,113.36363636363636,2012,1426,2044,1697,1333,1611
696,43,101.32,0.49821752862218716,28,98.47058823529412,92.06060606060606,113.51515151515152,2015,1427,2048,1698,1333,1611
697,44,101.4,0.4984556213017751,28,98.55882352941177,92.0909090909091,113.63636363636364,2018,1428,2051,1699,1333,1611
698,45,101.48,0.49870122191564836,28,98.6470588235294,92.12121212121212,113.75757575757575,2021,1429,2054,1700,1333,1611
699,49,101.56,0.49894840488381254,28,98.73529411764706,92.15151515151516,113.87878787878788,2024,1430,2057,1701,1333,1611
700,49,101.65,0.49921396950319724,28,98.82352941176471,92.18181818181819,114.03030303030303,2027,1431,2061,1702,1333,1611
701,48,101.75,0.4994152334152334,28,98.91176470588235,92.21212121212122,114.21212121212122,2030,1432,2065,1704,1333,1611
702,47,101.85,0.49963181148748154,28,99.0,92.24242424242425,114.39393939393939,2033,1433,2069,1706,1333,1611
703,54,101.96,0.49987249901922326,28,99.11764705882354,92.27272727272727,114.57575757575758,2036,1434,2073,1708,1334,1611
704,52,102.07,0.5001165866562163,28,99.23529411764706,92.3030303030303,114.75757575757575,2039,1435,2077,1710,1335,1611
705,45,102.17,0.5003826955074875,28,99.3529411764706,92.33333333333333,114.9090909090909,2042,1436,2081,1711,1336,1611
706,50,102.27,0.5006541507773541,28,99.47058823529412,92.36363636363636,115.06060606060606,2045,1437,2085,1712,1337,1611
707,52,102.37,0.50093093679789,28,99.58823529411765,92.39393939393939,115.21212121212122,2048,1438,2089,1713,1338,1611
708,48,102.47,0.5012149897530985,28,99.70588235294117,92.42424242424242,115.36363636363636,2051,1439,2093,1714,1339,1611
709,46,102.58,0.501415480600507,28,99.82352941176471,92.45454545454545,115.54545454545455,2054,1440,2097,1716,1340,1611
710,40,102.7,0.5015365141187926,28,99.97058823529412,92.48484848484848,115.72727272727273,2057,1441,2101,1718,1342,1611
711,38,102.81,0.5016292189475732,28,100.11764705882354,92.51515151515152,115.87878787878788,2060,1442,2104,1720,1344,1611
712,37,102.91,0.5018316975998445,28,100.23529411764706,92.54545454545455,116.03030303030303,2063,1443,2107,1722,1345,1611
713,34,103.0,0.5020543689320388,28,100.3529411764706,92.57575757575758,116.15151515151516,2066,1444,2110,1723,1346,1611
714,35,103.08,0.5022778424524641,28,100.47058823529412,92.60606060606061,116.24242424242425,2069,1445,2112,1724,1347,1611
715,32,103.17,0.5024609867209461,28,100.58823529411765,92.63636363636364,116.36363636363636,2072,1446,2114,1726,1348,1611
716,33,103.25,0.5026915254237287,28,100.70588235294117,92.66666666666667,116.45454545454545,2075,1447,2116,1727,1349,1611
717,27,103.34,0.5029669053609445,28,100.82352941176471,92.6969696969697,116.57575757575758,2078,1448,2119,1728,1350,1611
718,29,103.41,0.5032134222995842,28,100.94117647058823,92.72727272727273,116.63636363636364,2081,1449,2121,1728,1351,1611
719,37,103.48,0.5034615384615385,28,101.02941176470588,92.75757575757575,116.72727272727273,2083,1450,2124,1728,1352,1611
720,40,103.57,0.5037375687940524,28,101.1470588235294,92.78787878787878,116.84848484848484,2086,1451,2127,1729,1353,1611
721,36,103.67,0.5039403877688821,28,101.29411764705883,92.81818181818181,116.96969696969697,2089,1452,2130,1730,1355,1611
722,40,103.78,0.5041645789169397,28,101.44117647058823,92.84848484848484,117.12121212121212,2092,1453,2134,1731,1357,1611
723,40,103.87,0.5043621834986041,28,101.55882352941177,92.87878787878788,117.24242424242425,2094,1454,2138,1731,1359,1611
724,36,103.97,0.5046099836491296,28,101.70588235294117,92.9090909090909,117.36363636363636,2097,1455,2142,1731,1361,1611
725,42,104.06,0.5049106284835672,28,101.82352941176471,92.93939393939394,117.48484848484848,2100,1456,2146,1731,1362,1611
726,39,104.15,0.5051204992798848,28,101.97058823529412,92.96969696969697,117.57575757575758,2103,1457,2149,1731,1364,1611
727,36,104.24,0.5053645433614735,28,102.11764705882354,93.0,117.66666666666667,2106,1458,2152,1731,1366,1611
728,45,104.33,0.5055736605003355,28,102.29411764705883,93.03030303030303,117.72727272727273,2109,1459,2154,1731,1369,1611
729,37,104.44,0.5058138644197626,28,102.5,93.06060606060606,117.81818181818181,2112,1460,2157,1731,1373,1611
730,29,104.55,0.5060573888091823,28,102.70588235294117,93.0909090909091,117.9090909090909,2115,1461,2160,1731,1377,1611
731,30,104.66,0.5063080450984139,28,102.91176470588235,93.12121212121212,118.0,2118,1462,2163,1731,1381,1611
732,35,104.73,0.5064270027690251,28,103.05882352941177,93.12121212121212,118.06060606060606,2120,1462,2165,1731,1384,1611
733,28,104.83,0.5066459982829342,28,103.20588235294117,93.15151515151516,118.18181818181819,2122,1463,2169,1731,1387,1611
734,27,104.93,0.5068702944820357,28,103.3529411764706,93.18181818181819,118.3030303030303,2124,1464,2173,1731,1390,1611
735,24,105.02,0.5070557988954485,28,103.47058823529412,93.21212121212122,118.42424242424242,2125,1465,2177,1731,1393,1611
736,20,105.09,0.5071909791607194,28,103.58823529411765,93.24242424242425,118.48484848484848,2126,1466,2179,1731,1396,1611
737,15,105.17,0.5073680707426071,28,103.73529411764706,93.27272727272727,118.54545454545455,2128,1467,2181,1731,1399,1611
738,11,105.24,0.5075693652603573,28,103.8529411764706,93.3030303030303,118.60606060606061,2130,1468,2183,1731,1401,1611
739,16,105.28,0.5076671732522796,28,103.94117647058823,93.3030303030303,118.63636363636364,2132,1468,2184,1731,1402,1611
740,19,105.34,0.507848870324663,28,104.02941176470588,93.33333333333333,118.6969696969697,2134,1469,2186,1731,1403,1611
741,18,105.41,0.5080476235651266,28,104.11764705882354,93.36363636363636,118.78787878787878,2135,1470,2189,1731,1405,1611
742,18,105.47,0.5082288802503081,28,104.20588235294117,93.39393939393939,118.84848484848484,2136,1471,2191,1731,1407,1611
743,22,105.52,0.5083396512509477,28,104.29411764705883,93.39393939393939,118.9090909090909,2137,1471,2193,1731,1409,1611
744,19,105.58,0.5084694070846751,28,104.38235294117646,93.39393939393939,119.0,2138,1471,2196,1731,1411,1611
745,15,105.65,0.5086370089919545,28,104.47058823529412,93.39393939393939,119.12121212121212,2139,1471,2200,1731,1413,1611
746,10,105.73,0.5088272013619597,28,104.55882352941177,93.42424242424242,119.24242424242425,2140,1471,2204,1731,1415,1612
747,11,105.78,0.5089393079977311,28,104.61764705882354,93.42424242424242,119.33333333333333,2141,1471,2207,1731,1416,1612
748,13,105.82,0.509011529011529,28,104.67647058823529,93.42424242424242,119.39393939393939,2142,1471,2209,1731,1417,1612
749,11,105.87,0.509121564182488,28,104.73529411764706,93.42424242424242,119.48484848484848,2143,1471,2212,1731,1418,1612
750,13,105.91,0.5092314229062411,28,104.76470588235294,93.42424242424242,119.57575757575758,2144,1471,2215,1731,1418,1612
751,12,105.95,0.5093393109957527,28,104.76470588235294,93.42424242424242,119.6969696969697,2144,1471,2219,1731,1418,1612
752,14,105.99,0.5094490046230776,28,104.76470588235294,93.42424242424242,119.81818181818181,2144,1471,2223,1731,1418,1612
753,15,106.04,0.5096020369671822,28,104.79411764705883,93.42424242424242,119.93939393939394,2145,1471,2227,1731,1418,1612
754,19,106.09,0.5097549250636252,28,104.82352941176471,93.42424242424242,120.06060606060606,2146,1471,2231,1731,1418,1612
755,21,106.16,0.509949133383572,28,104.91176470588235,93.42424242424242,120.18181818181819,2148,1471,2235,1731,1419,1612
756,22,106.24,0.5101694277108434,28,105.0,93.42424242424242,120.33333333333333,2150,1471,2240,1731,1420,1612
757,25,106.33,0.5103649017210571,28,105.08823529411765,93.45454545454545,120.48484848484848,2152,1472,2245,1731,1421,1612
758,25,106.42,0.5105638037962789,28,105.1470588235294,93.51515151515152,120.63636363636364,2153,1474,2250,1731,1422,1612
759,27,106.52,0.5106515208411566,28,105.20588235294117,93.60606060606061,120.78787878787878,2154,1477,2255,1731,1423,1612
760,29,106.62,0.5107428249859314,28,105.26470588235294,93.6969696969697,120.93939393939394,2155,1480,2260,1731,1424,1612
761,32,106.71,0.5107928029238122,28,105.3529411764706,93.75757575757575,121.06060606060606,2157,1482,2264,1731,1425,1612
762,37,106.81,0.5109006647317667,28,105.44117647058823,93.81818181818181,121.21212121212122,2159,1484,2269,1731,1426,1612
763,38,106.92,0.5110606060606061,28,105.52941176470588,93.9090909090909,121.36363636363636,2161,1487,2274,1731,1427,1612
764,41,107.04,0.511136023916293,28,105.61764705882354,94.03030303030303,121.51515151515152,2163,1491,2279,1731,1428,1612
765,37,107.17,0.5112540822991509,28,105.70588235294117,94.15151515151516,121.6969696969697,2165,1495,2285,1731,1429,1612
766,37,107.29,0.5113253798117252,28,105.79411764705883,94.24242424242425,121.87878787878788,2167,1498,2291,1731,1430,1612
767,37,107.41,0.5114095521832231,28,105.88235294117646,94.33333333333333,122.06060606060606,2169,1501,2297,1731,1431,1612
768,40,107.53,0.5115009764716824,28,105.97058823529412,94.42424242424242,122.24242424242425,2171,1504,2303,1731,1432,1612
769,41,107.67,0.5116141915110988,28,106.05882352941177,94.54545454545455,122.45454545454545,2173,1508,2309,1732,1433,1612
770,40,107.8,0.5117198515769945,28,106.1470588235294,94.66666666666667,122.63636363636364,2175,1512,2314,1733,1434,1612
771,37,107.92,0.5118458117123795,28,106.23529411764706,94.75757575757575,122.81818181818181,2177,1515,2319,1734,1435,1612
772,38,108.03,0.5120272146625937,28,106.32352941176471,94.81818181818181,123.0,2179,1517,2324,1735,1436,1612
773,38,108.15,0.512206195099399,28,106.41176470588235,94.9090909090909,123.18181818181819,2181,1520,2329,1736,1437,1612
774,34,108.28,0.5123088289619505,28,106.52941176470588,95.03030303030303,123.33333333333333,2183,1524,2333,1737,1439,1612
775,29,108.39,0.5124116615923978,28,106.61764705882354,95.12121212121212,123.48484848484848,2184,1527,2337,1738,1441,1612
776,36,108.5,0.5124608294930876,28,106.70588235294117,95.24242424242425,123.60606060606061,2185,1531,2340,1739,1443,1612
777,31,108.64,0.5125736377025037,28,106.82352941176471,95.39393939393939,123.75757575757575,2187,1534,2344,1740,1445,1614
778,27,108.77,0.5126790475314885,28,106.94117647058823,95.54545454545455,123.87878787878788,2189,1537,2347,1741,1447,1616
779,21,108.89,0.5127440536321057,28,107.02941176470588,95.6969696969697,124.0,2190,1540,2350,1742,1449,1618
780,25,108.97,0.5129457648894191,28,107.08823529411765,95.75757575757575,124.12121212121212,2191,1541,2353,1743,1450,1619
781,20,109.05,0.5131710224667584,28,107.17647058823529,95.81818181818181,124.21212121212122,2192,1542,2356,1743,1452,1620
782,16,109.12,0.5133541055718475,28,107.26470588235294,95.84848484848484,124.3030303030303,2193,1542,2359,1743,1454,1621
783,14,109.2,0.5135805860805861,28,107.3529411764706,95.9090909090909,124.39393939393939,2194,1543,2362,1743,1456,1622
784,15,109.25,0.5137089244851258,28,107.44117647058823,95.93939393939394,124.42424242424242,2195,1543,2363,1743,1458,1623
785,14,109.29,0.5138338365815719,28,107.5,96.0,124.42424242424242,2196,1544,2363,1743,1459,1624
786,13,109.33,0.5139568279520718,28,107.52941176470588,96.06060606060606,124.45454545454545,2196,1545,2364,1743,1460,1625
787,11,109.38,0.5140866703236423,28,107.58823529411765,96.12121212121212,124.48484848484848,2196,1546,2365,1743,1462,1626
788,10,109.42,0.5141729117163224,28,107.6470588235294,96.15151515151516,124.51515151515152,2196,1546,2366,1743,1464,1627
789,6,109.46,0.5142590900785675,28,107.70588235294117,96.18181818181819,124.54545454545455,2196,1546,2367,1743,1466,1628
790,3,109.49,0.5143127226230706,28,107.76470588235294,96.18181818181819,124.57575757575758,2196,1546,2368,1743,1468,1628
791,1,109.51,0.5143283718381882,28,107.82352941176471,96.18181818181819,124.57575757575758,2196,1546,2368,1743,1470,1628
792,3,109.52,0.5143352812271731,28,107.8529411764706,96.18181818181819,124.57575757575758,2196,1546,2368,1743,1471,1628
793,2,109.53,0.5143038436957911,28,107.8529411764706,96.18181818181819,124.60606060606061,2196,1546,2368,1744,1471,1628
794,4,109.54,0.5142724119043272,28,107.8529411764706,96.18181818181819,124.63636363636364,2196,1546,2368,1745,1471,1628
795,3,109.55,0.5142409858512095,28,107.8529411764706,96.18181818181819,124.66666666666667,2196,1546,2368,1746,1471,1628
796,2,109.56,0.5142132165023731,28,107.8529411764706,96.18181818181819,124.6969696969697,2196,1546,2368,1747,1471,1628
797,1,109.57,0.5141872775394725,28,107.8529411764706,96.18181818181819,124.72727272727273,2196,1546,2368,1748,1471,1628
798,0,109.58,0.5141613433108231,28,107.8529411764706,96.18181818181819,124.75757575757575,2196,1546,2368,1749,1471,1628
799,6,109.58,0.5141613433108231,28,107.8529411764706,96.18181818181819,124.75757575757575,2196,1546,2368,1749,1471,1628
800,7,109.6,0.5140346715328468,28,107.88235294117646,96.18181818181819,124.78787878787878,2197,1546,2369,1749,1471,1628
801,5,109.62,0.5139080459770115,28,107.91176470588235,96.18181818181819,124.81818181818181,2198,1546,2370,1749,1471,1628
802,6,109.64,0.5137814666180226,28,107.94117647058823,96.18181818181819,124.84848484848484,2199,1546,2371,1749,1471,1628
803,7,109.66,0.5136549334306038,28,107.97058823529412,96.18181818181819,124.87878787878788,2200,1546,2372,1749,1471,1628
804,7,109.69,0.513491658309782,28,108.02941176470588,96.18181818181819,124.9090909090909,2202,1546,2373,1749,1471,1628
805,7,109.72,0.513335763762304,28,108.08823529411765,96.18181818181819,124.93939393939394,2204,1546,2374,1749,1471,1628
806,7,109.75,0.5131179954441913,28,108.11764705882354,96.21212121212122,124.96969696969697,2205,1546,2375,1749,1471,1629
807,4,109.78,0.5129076334487156,28,108.1470588235294,96.24242424242425,125.0,2206,1546,2376,1749,1471,1630
808,1,109.81,0.5127046717056735,28,108.17647058823529,96.27272727272727,125.03030303030303,2207,1546,2377,1749,1471,1631
809,0,109.82,0.5125805864141322,28,108.20588235294117,96.27272727272727,125.03030303030303,2208,1546,2377,1749,1471,1631
810,0,109.82,0.5125805864141322,28,108.20588235294117,96.27272727272727,125.03030303030303,2208,1546,2377,1749,1471,1631
811,0,109.82,0.5125805864141322,28,108.20588235294117,96.27272727272727,125.03030303030303,2208,1546,2377,1749,1471,1631
812,0,109.82,0.5125805864141322,28,108.20588235294117,96.27272727272727,125.03030303030303,2208,1546,2377,1749,1471,1631
813,0,109.82,0.5125805864141322,28,108.20588235294117,96.27272727272727,125.03030303030303,2208,1546,2377,1749,1471,1631
814,0,109.82,0.5125805864141322,28,108.20588235294117,96.27272727272727,125.03030303030303,2208,1546,2377,1749,1471,1631
815,0,109.82,0.5125805864141322,28,108.20588235294117,96.27272727272727,125.03030303030303,2208,1546,2377,1749,1471,1631
816,0,109.82,0.5125805864141322,28,108.20588235294117,96.27272727272727,125.03030303030303,2208,1546,2377,1749,1471,1631
817,0,109.82,0.5125805864141322,28,108.20588235294117,96.27272727272727,125.03030303030303,2208,1546,2377,1749,1471,1631
818,0,109.82,0.5125805864141322,28,108.20588235294117,96.27272727272727,125.03030303030303,2208,1546,2377,1749,1471,1631
819,0,109.82,0.5125805864141322,28,108.20588235294117,96.27272727272727,125.03030303030303,2208,1546,2377,1749,1471,1631
820,0,109.82,0.5125805864141322,28,108.20588235294117,96.27272727272727,125.03030303030303,2208,1546,2377,1749,1471,1631
821,0,109.82,0.5125805864141322,28,108.20588235294117,96.27272727272727,125.03030303030303,2208,1546,2377,1749,1471,1631
822,3,109.82,0.5125805864141322,28,108.20588235294117,96.27272727272727,125.03030303030303,2208,1546,2377,1749,1471,1631
823,5,109.83,0.5126222343621961,28,108.23529411764706,96.27272727272727,125.03030303030303,2209,1546,2377,1749,1471,1631
824,6,109.85,0.5127073281747838,28,108.26470588235294,96.3030303030303,125.03030303030303,2210,1547,2377,1749,1471,1631
825,6,109.88,0.5128176192209684,28,108.32352941176471,96.33333333333333,125.03030303030303,2212,1548,2377,1749,1471,1631
826,6,109.91,0.5129278500591393,28,108.38235294117646,96.36363636363636,125.03030303030303,2214,1549,2377,1749,1471,1631
827,6,109.94,0.5130380207385847,28,108.44117647058823,96.39393939393939,125.03030303030303,2216,1550,2377,1749,1471,1631
828,6,109.97,0.5131499499863599,28,108.5,96.42424242424242,125.03030303030303,2218,1551,2377,1749,1471,1631
829,9,110.0,0.5132436363636363,28,108.55882352941177,96.45454545454545,125.03030303030303,2219,1552,2377,1749,1472,1631
830,8,110.04,0.5133642311886587,28,108.6470588235294,96.48484848484848,125.03030303030303,2221,1553,2377,1749,1473,1631
831,8,110.07,0.5134432633778505,28,108.70588235294117,96.51515151515152,125.03030303030303,2222,1554,2377,1749,1474,1631
832,8,110.1,0.5135222524977293,28,108.76470588235294,96.54545454545455,125.03030303030303,2223,1555,2377,1749,1475,1631
833,8,110.13,0.5135993825478979,28,108.8529411764706,96.54545454545455,125.03030303030303,2225,1555,2377,1749,1476,1631
834,7,110.17,0.5137197059090497,28,108.94117647058823,96.57575757575758,125.03030303030303,2227,1556,2377,1749,1477,1631
835,7,110.2,0.5137985480943739,28,109.0,96.60606060606061,125.03030303030303,2228,1557,2377,1749,1478,1631
836,11,110.22,0.5138522954091816,28,109.02941176470588,96.63636363636364,125.03030303030303,2228,1558,2377,1749,1479,1631
837,13,110.26,0.5139742426990749,28,109.11764705882354,96.66666666666667,125.03030303030303,2230,1559,2377,1749,1480,1631
838,17,110.31,0.514124739370864,28,109.20588235294117,96.6969696969697,125.06060606060606,2232,1560,2378,1749,1481,1631
839,16,110.38,0.5142290269976445,28,109.32352941176471,96.72727272727273,125.12121212121212,2235,1561,2380,1749,1482,1631
840,18,110.45,0.5142698053417836,28,109.41176470588235,96.78787878787878,125.18181818181819,2237,1563,2382,1749,1483,1631
841,23,110.52,0.5143159609120521,28,109.5,96.84848484848484,125.24242424242425,2239,1565,2384,1749,1484,1631
842,28,110.59,0.5143674834976038,28,109.58823529411765,96.9090909090909,125.3030303030303,2241,1567,2386,1749,1485,1631
843,30,110.66,0.5144333996023857,28,109.67647058823529,96.96969696969697,125.36363636363636,2243,1569,2388,1749,1486,1631
844,33,110.72,0.5144960260115606,28,109.73529411764706,97.03030303030303,125.42424242424242,2245,1571,2390,1749,1486,1631
845,34,110.8,0.5145974729241878,28,109.82352941176471,97.0909090909091,125.51515151515152,2247,1573,2393,1749,1487,1631
846,35,110.88,0.5146248196248195,28,109.91176470588235,97.15151515151516,125.60606060606061,2249,1574,2396,1749,1488,1632
847,31,110.95,0.5146309148264985,28,109.97058823529412,97.21212121212122,125.6969696969697,2250,1575,2399,1749,1489,1633
848,28,111.01,0.5146085938203765,28,110.02941176470588,97.27272727272727,125.75757575757575,2251,1576,2401,1749,1490,1634
849,28,111.07,0.5145916989286036,28,110.08823529411765,97.33333333333333,125.81818181818181,2252,1577,2403,1749,1491,1635
850,28,111.13,0.5145784216683164,28,110.1470588235294,97.39393939393939,125.87878787878788,2253,1578,2405,1749,1492,1636
851,25,111.19,0.5145813472434572,28,110.20588235294117,97.45454545454545,125.93939393939394,2255,1579,2407,1749,1492,1637
852,22,111.25,0.5145878651685394,28,110.26470588235294,97.51515151515152,126.0,2257,1580,2409,1749,1492,1638
853,25,111.31,0.5145961728505974,28,110.32352941176471,97.57575757575758,126.06060606060606,2259,1581,2411,1749,1492,1639
854,26,111.36,0.5145833333333334,28,110.3529411764706,97.63636363636364,126.12121212121212,2260,1582,2413,1749,1492,1640
855,30,111.41,0.5145794811955838,28,110.38235294117646,97.6969696969697,126.18181818181819,2261,1583,2415,1749,1492,1641
856,25,111.46,0.514584604342365,28,110.41176470588235,97.75757575757575,126.24242424242425,2262,1584,2417,1749,1492,1642
857,32,111.51,0.5145986907003857,28,110.44117647058823,97.81818181818181,126.3030303030303,2263,1585,2419,1749,1492,1643
858,27,111.56,0.5146163499462173,28,110.47058823529412,97.87878787878788,126.36363636363636,2264,1586,2421,1749,1492,1644
859,27,111.62,0.5145905751657409,28,110.5,97.93939393939394,126.45454545454545,2265,1587,2423,1750,1492,1645
860,28,111.67,0.5146153846153846,28,110.52941176470588,98.0,126.51515151515152,2266,1588,2425,1750,1492,1646
861,25,111.73,0.514598585876667,28,110.55882352941177,98.06060606060606,126.60606060606061,2267,1589,2427,1751,1492,1647
862,22,111.79,0.5145853833079882,28,110.58823529411765,98.12121212121212,126.6969696969697,2268,1590,2429,1752,1492,1648
863,19,111.85,0.5145757711220385,28,110.61764705882354,98.18181818181819,126.78787878787878,2269,1591,2431,1753,1492,1649
864,25,111.91,0.5145679563935306,28,110.6470588235294,98.24242424242425,126.87878787878788,2270,1592,2433,1754,1492,1650
865,23,111.96,0.5145409074669525,28,110.67647058823529,98.3030303030303,126.93939393939394,2271,1593,2434,1755,1492,1651
866,18,112.01,0.514517453798768,28,110.70588235294117,98.36363636363636,127.0,2272,1594,2435,1756,1492,1652
867,19,112.06,0.5144975905764769,28,110.73529411764706,98.42424242424242,127.06060606060606,2273,1595,2436,1757,1492,1653
868,19,112.12,0.5145058865501249,28,110.76470588235294,98.48484848484848,127.15151515151516,2274,1596,2438,1758,1492,1654
869,17,112.17,0.5145217081216011,28,110.79411764705883,98.51515151515152,127.24242424242425,2275,1596,2440,1759,1492,1655
870,16,112.21,0.5145094020140807,28,110.82352941176471,98.54545454545455,127.3030303030303,2276,1596,2441,1760,1492,1656
871,14,112.26,0.5144984856582933,28,110.8529411764706,98.60606060606061,127.36363636363636,2277,1597,2442,1761,1492,1657
872,12,112.31,0.5144911405930015,28,110.88235294117646,98.66666666666667,127.42424242424242,2278,1598,2443,1762,1492,1658
873,10,112.36,0.5144838020647917,28,110.91176470588235,98.72727272727273,127.48484848484848,2279,1599,2444,1763,1492,1659
874,9,112.4,0.5144875444839857,28,110.91176470588235,98.78787878787878,127.54545454545455,2279,1600,2445,1764,1492,1660
875,9,112.43,0.5144810104064752,28,110.94117647058823,98.84848484848484,127.54545454545455,2280,1601,2445,1764,1492,1661
876,8,112.47,0.5144971992531342,28,110.97058823529412,98.9090909090909,127.57575757575758,2281,1602,2446,1764,1492,1662
877,7,112.51,0.5145133765887476,28,111.0,98.96969696969697,127.60606060606061,2282,1603,2447,1764,1492,1663
878,13,112.54,0.5145334992002843,28,111.02941176470588,99.0,127.63636363636364,2283,1604,2448,1764,1492,1663
879,17,112.59,0.5144586552979838,28,111.11764705882354,99.03030303030303,127.66666666666667,2286,1605,2448,1765,1492,1663
880,26,112.65,0.5143870395028851,28,111.17647058823529,99.0909090909091,127.72727272727273,2288,1607,2449,1766,1492,1663
881,21,112.73,0.5141958662290428,28,111.26470588235294,99.18181818181819,127.78787878787878,2291,1609,2450,1767,1492,1664
882,27,112.79,0.5140109938824363,28,111.3529411764706,99.21212121212122,127.84848484848484,2294,1610,2451,1768,1492,1664
883,22,112.84,0.5138036157390996,28,111.44117647058823,99.24242424242425,127.87878787878788,2297,1611,2451,1769,1492,1664
884,21,112.88,0.5136144578313253,28,111.52941176470588,99.27272727272727,127.87878787878788,2300,1612,2451,1769,1492,1664
885,25,112.93,0.5133596032940759,28,111.6470588235294,99.3030303030303,127.87878787878788,2303,1613,2451,1769,1493,1664
886,20,112.98,0.5131120552310143,28,111.76470588235294,99.33333333333333,127.87878787878788,2306,1614,2451,1769,1494,1664
887,18,113.03,0.5128824205963018,28,111.88235294117646,99.36363636363636,127.87878787878788,2309,1615,2451,1769,1495,1664
888,23,113.07,0.5127133634032015,28,111.97058823529412,99.39393939393939,127.87878787878788,2312,1616,2451,1769,1495,1664
889,19,113.11,0.5125479621607285,28,112.05882352941177,99.42424242424242,127.87878787878788,2315,1617,2451,1769,1495,1664
890,18,113.15,0.512386212991604,28,112.1470588235294,99.45454545454545,127.87878787878788,2318,1618,2451,1769,1495,1664
891,23,113.19,0.512226345083488,28,112.23529411764706,99.48484848484848,127.87878787878788,2321,1619,2451,1769,1495,1664
892,19,113.23,0.5120701227589861,28,112.32352941176471,99.51515151515152,127.87878787878788,2324,1620,2451,1769,1495,1664
893,18,113.27,0.5119175421559107,28,112.41176470588235,99.54545454545455,127.87878787878788,2327,1621,2451,1769,1495,1664
894,23,113.31,0.5117650692789691,28,112.5,99.57575757575758,127.87878787878788,2330,1622,2451,1769,1495,1664
895,19,113.35,0.5116162329069255,28,112.58823529411765,99.60606060606061,127.87878787878788,2333,1623,2451,1769,1495,1664
896,18,113.39,0.511467501543346,28,112.67647058823529,99.63636363636364,127.87878787878788,2336,1624,2451,1769,1495,1664
897,23,113.43,0.5113206382791149,28,112.76470588235294,99.66666666666667,127.87878787878788,2339,1625,2451,1769,1495,1664
898,19,113.47,0.5111791662994625,28,112.8529411764706,99.6969696969697,127.87878787878788,2342,1626,2451,1769,1495,1664
899,18,113.51,0.5110395559862567,28,112.94117647058823,99.72727272727273,127.87878787878788,2345,1627,2451,1769,1495,1664
900,23,113.55,0.5109018053720827,28,113.02941176470588,99.75757575757575,127.87878787878788,2348,1628,2451,1769,1495,1664
901,19,113.59,0.5107659124922969,28,113.11764705882354,99.78787878787878,127.87878787878788,2351,1629,2451,1769,1495,1664
902,18,113.63,0.5106301152864561,28,113.20588235294117,99.81818181818181,127.87878787878788,2354,1630,2451,1769,1495,1664
903,23,113.67,0.510499692091141,28,113.29411764705883,99.84848484848484,127.87878787878788,2357,1631,2451,1769,1495,1664
904,19,113.71,0.5103728783748132,28,113.38235294117646,99.87878787878788,127.87878787878788,2360,1632,2451,1769,1495,1664
905,18,113.75,0.5102479120879121,28,113.47058823529412,99.9090909090909,127.87878787878788,2363,1633,2451,1769,1495,1664
906,23,113.79,0.5101230336584937,28,113.55882352941177,99.93939393939394,127.87878787878788,2366,1634,2451,1769,1495,1664
907,19,113.83,0.5099982429939384,28,113.6470588235294,99.96969696969697,127.87878787878788,2369,1635,2451,1769,1495,1664
908,18,113.87,0.5098770527794854,28,113.73529411764706,100.0,127.87878787878788,2372,1636,2451,1769,1495,1664
909,23,113.91,0.5097629707663945,28,113.82352941176471,100.03030303030303,127.87878787878788,2375,1637,2451,1769,1495,1664
910,19,113.95,0.5096542343132954,28,113.91176470588235,100.06060606060606,127.87878787878788,2378,1638,2451,1769,1495,1664
911,21,113.99,0.509547328713045,28,114.0,100.0909090909091,127.87878787878788,2381,1639,2451,1769,1495,1664
912,31,114.04,0.5094738688179586,28,114.08823529411765,100.12121212121212,127.9090909090909,2384,1640,2452,1769,1495,1664
913,31,114.1,0.5093496932515338,28,114.20588235294117,100.15151515151516,127.93939393939394,2387,1641,2453,1769,1496,1664
914,34,114.16,0.5092396636299931,28,114.32352941176471,100.18181818181819,127.96969696969697,2390,1642,2454,1769,1497,1664
915,40,114.22,0.5091350026265102,28,114.44117647058823,100.21212121212122,128.0,2393,1643,2455,1769,1498,1664
916,37,114.28,0.5090427021351068,28,114.55882352941177,100.24242424242425,128.03030303030303,2396,1644,2456,1769,1499,1664
917,34,114.34,0.5089557460206402,28,114.67647058823529,100.27272727272727,128.06060606060606,2399,1645,2457,1769,1500,1664
918,43,114.4,0.5088758741258741,28,114.79411764705883,100.3030303030303,128.0909090909091,2402,1646,2458,1769,1501,1664
919,39,114.47,0.5087315453830697,28,114.91176470588235,100.36363636363636,128.12121212121212,2405,1647,2459,1769,1502,1665
920,38,114.54,0.5085908852802514,28,115.02941176470588,100.42424242424242,128.15151515151516,2408,1648,2460,1769,1503,1666
921,44,114.6,0.5085340314136125,28,115.1470588235294,100.45454545454545,128.1818181818182,2411,1649,2461,1769,1504,1666
922,44,114.66,0.5084824699110413,28,115.26470588235294,100.48484848484848,128.21212121212122,2414,1650,2462,1769,1505,1666
923,38,114.72,0.5084344490934449,28,115.38235294117646,100.51515151515152,128.24242424242425,2417,1651,2463,1769,1506,1666
924,41,114.78,0.5083899634082593,28,115.5,100.54545454545455,128.27272727272728,2420,1652,2464,1769,1507,1666
925,44,114.84,0.5083542319749216,28,115.61764705882354,100.57575757575758,128.3030303030303,2423,1653,2465,1769,1508,1666
926,41,114.9,0.5083202785030462,28,115.73529411764706,100.60606060606061,128.33333333333334,2426,1654,2466,1769,1509,1666
927,44,114.96,0.5082933194154489,28,115.8529411764706,100.63636363636364,128.36363636363637,2429,1655,2467,1769,1510,1666
928,44,115.02,0.5082681272822118,28,115.97058823529412,100.66666666666667,128.3939393939394,2432,1656,2468,1769,1511,1666
929,41,115.08,0.5082464372610358,28,116.08823529411765,100.6969696969697,128.42424242424244,2435,1657,2469,1769,1512,1666
930,46,115.15,0.5081537125488493,28,116.20588235294117,100.75757575757575,128.45454545454547,2438,1658,2470,1769,1513,1667
931,43,115.21,0.50813557850881,28,116.32352941176471,100.78787878787878,128.4848484848485,2441,1659,2471,1769,1514,1667
932,45,115.28,0.5080638445523942,28,116.44117647058823,100.84848484848484,128.5151515151515,2444,1660,2472,1769,1515,1668
933,44,115.35,0.5079956653662766,28,116.55882352941177,100.9090909090909,128.54545454545453,2447,1661,2473,1769,1516,1669
934,46,115.42,0.5079379656905215,28,116.67647058823529,100.96969696969697,128.57575757575756,2450,1662,2474,1769,1517,1670
935,42,115.49,0.5078855312148238,28,116.79411764705883,101.03030303030303,128.6060606060606,2453,1663,2475,1769,1518,1671
936,47,115.56,0.5078383523710627,28,116.91176470588235,101.0909090909091,128.63636363636363,2456,1664,2476,1769,1519,1672
937,49,115.63,0.5077964196142869,28,117.02941176470588,101.15151515151516,128.66666666666666,2459,1665,2477,1769,1520,1673
938,48,115.7,0.5077631806395851,28,117.1470588235294,101.21212121212122,128.6969696969697,2462,1666,2478,1769,1521,1674
939,53,115.77,0.5077317094238577,28,117.26470588235294,101.27272727272727,128.72727272727272,2465,1667,2479,1769,1522,1675
940,55,115.84,0.5077002762430939,28,117.38235294117646,101.33333333333333,128.75757575757575,2468,1668,2480,1769,1523,1676
941,48,115.91,0.507670606505047,28,117.5,101.39393939393939,128.78787878787878,2471,1669,2481,1769,1524,1677
942,50,115.98,0.507646145887222,28,117.61764705882354,101.45454545454545,128.8181818181818,2474,1670,2482,1769,1525,1678
943,57,116.06,0.5075512665862485,28,117.73529411764706,101.54545454545455,128.84848484848484,2477,1672,2483,1769,1526,1679
944,55,116.14,0.5074737385913553,28,117.8529411764706,101.63636363636364,128.87878787878788,2480,1674,2484,1769,1527,1680
945,59,116.22,0.5074066425744278,28,117.97058823529412,101.72727272727273,128.9090909090909,2483,1676,2485,1769,1528,1681
946,63,116.3,0.5073465176268271,28,118.08823529411765,101.81818181818181,128.93939393939394,2486,1678,2486,1769,1529,1682
947,57,116.39,0.5072145373313859,28,118.20588235294117,101.9090909090909,129.0,2489,1680,2487,1770,1530,1683
948,63,116.48,0.5070930631868132,28,118.32352941176471,102.0,129.06060606060606,2492,1682,2488,1771,1531,1684
949,69,116.57,0.5069786394441108,28,118.44117647058823,102.0909090909091,129.12121212121212,2495,1684,2489,1772,1532,1685
950,63,116.66,0.5068815360877764,28,118.55882352941177,102.18181818181819,129.1818181818182,2498,1686,2490,1773,1533,1686
951,60,116.75,0.5067880085653105,28,118.67647058823529,102.27272727272727,129.24242424242425,2501,1688,2491,1774,1534,1687
952,66,116.84,0.5066997603560425,28,118.79411764705883,102.36363636363636,129.3030303030303,2504,1690,2492,1775,1535,1688
953,60,116.93,0.5066202001197297,28,118.91176470588235,102.45454545454545,129.36363636363637,2507,1692,2493,1776,1536,1689
954,54,117.02,0.5065475987010768,28,119.02941176470588,102.54545454545455,129.42424242424244,2510,1694,2494,1777,1537,1690
955,57,117.11,0.5064819400563573,28,119.1470588235294,102.63636363636364,129.4848484848485,2513,1696,2495,1778,1538,1691
956,61,117.19,0.5063973035241915,28,119.26470588235294,102.72727272727273,129.5151515151515,2516,1698,2495,1779,1539,1692
957,55,117.28,0.5063454979536153,28,119.38235294117646,102.81818181818181,129.57575757575756,2519,1700,2496,1780,1540,1693
958,69,117.38,0.5062838643721247,28,119.5,102.93939393939394,129.63636363636363,2522,1703,2497,1781,1541,1694
959,66,117.5,0.5062212765957447,28,119.61764705882354,103.0909090909091,129.72727272727272,2525,1707,2499,1782,1542,1695
960,63,117.62,0.5061639177010712,28,119.73529411764706,103.24242424242425,129.8181818181818,2528,1711,2501,1783,1543,1696
961,66,117.74,0.5061083743842364,28,119.8529411764706,103.39393939393939,129.9090909090909,2531,1715,2503,1784,1544,1697
962,63,117.86,0.5060546410996097,28,119.97058823529412,103.54545454545455,130.0,2534,1719,2505,1785,1545,1698
963,54,117.98,0.5060061027292762,28,120.08823529411765,103.6969696969697,130.0909090909091,2537,1723,2507,1786,1546,1699
964,63,118.1,0.5059593564775614,28,120.20588235294117,103.84848484848484,130.1818181818182,2540,1727,2509,1787,1547,1700
965,60,118.22,0.5059177804094062,28,120.32352941176471,104.0,130.27272727272728,2543,1731,2511,1788,1548,1701
966,60,118.34,0.5058762886597938,28,120.44117647058823,104.15151515151516,130.36363636363637,2546,1735,2513,1789,1549,1702
967,66,118.46,0.5058416343069391,28,120.55882352941177,104.3030303030303,130.45454545454547,2549,1739,2515,1790,1550,1703
968,63,118.58,0.5058104233428908,28,120.67647058823529,104.45454545454545,130.54545454545453,2552,1743,2517,1791,1551,1704
969,57,118.7,0.5057860151642797,28,120.79411764705883,104.60606060606061,130.63636363636363,2555,1747,2519,1792,1552,1705
970,54,118.82,0.5057667059417607,28,120.91176470588235,104.75757575757575,130.72727272727272,2558,1751,2521,1793,1553,1706
971,51,118.94,0.5057491172019506,28,121.02941176470588,104.9090909090909,130.8181818181818,2561,1755,2523,1794,1554,1707
972,52,119.05,0.5057614447711046,28,121.1470588235294,105.06060606060606,130.87878787878788,2564,1759,2525,1794,1555,1708
973,50,119.16,0.5057771064115475,28,121.26470588235294,105.21212121212122,130.93939393939394,2567,1763,2527,1794,1556,1709
974,51,119.27,0.5057944160308544,28,121.38235294117646,105.36363636363636,131.0,2570,1767,2529,1794,1557,1710
975,51,119.39,0.505786916827205,28,121.5,105.51515151515152,131.0909090909091,2573,1771,2531,1795,1558,1711
976,54,119.51,0.505784453183834,28,121.61764705882354,105.66666666666667,131.1818181818182,2576,1775,2533,1796,1559,1712
977,53,119.64,0.5057589434971582,28,121.73529411764706,105.81818181818181,131.3030303030303,2579,1779,2535,1798,1560,1713
978,54,119.75,0.5057377870563674,28,121.82352941176471,105.93939393939394,131.42424242424244,2581,1782,2537,1800,1561,1714
979,52,119.86,0.5057200066744535,28,121.91176470588235,106.06060606060606,131.54545454545453,2583,1785,2539,1802,1562,1715
980,46,119.98,0.5057026171028505,28,122.02941176470588,106.18181818181819,131.66666666666666,2586,1788,2541,1804,1563,1716
981,37,120.1,0.5056652789342215,28,122.1470588235294,106.33333333333333,131.75757575757575,2589,1792,2542,1806,1564,1717
982,36,120.2,0.5056655574043262,28,122.26470588235294,106.42424242424242,131.84848484848484,2592,1794,2543,1808,1565,1718
983,35,120.3,0.5056109725685786,28,122.38235294117646,106.54545454545455,131.9090909090909,2595,1797,2543,1810,1566,1719
984,39,120.38,0.5055873068616049,28,122.44117647058823,106.66666666666667,131.96969696969697,2596,1800,2544,1811,1567,1720
985,51,120.47,0.5055789823192496,28,122.52941176470588,106.78787878787878,132.03030303030303,2598,1803,2545,1812,1568,1721
986,58,120.58,0.5056211643722011,28,122.6470588235294,106.93939393939394,132.0909090909091,2601,1807,2546,1813,1569,1722
987,62,120.69,0.5056649266716381,28,122.76470588235294,107.0909090909091,132.15151515151516,2604,1811,2547,1814,1570,1723
988,62,120.81,0.5057222084264548,28,122.91176470588235,107.24242424242425,132.21212121212122,2608,1815,2548,1815,1571,1724
989,79,120.94,0.5057433438068464,28,123.05882352941177,107.42424242424242,132.27272727272728,2612,1820,2549,1816,1572,1725
990,87,121.07,0.505779301230693,28,123.20588235294117,107.57575757575758,132.36363636363637,2616,1824,2551,1817,1573,1726
991,85,121.21,0.5058435772626021,28,123.3529411764706,107.75757575757575,132.45454545454547,2620,1829,2553,1818,1574,1727
992,73,121.36,0.5059063941990771,28,123.52941176470588,107.93939393939394,132.54545454545453,2624,1834,2555,1819,1576,1728
993,91,121.51,0.5059756398650317,28,123.70588235294117,108.12121212121212,132.63636363636363,2628,1839,2557,1820,1578,1729
994,91,121.66,0.5060496465559757,28,123.88235294117646,108.3030303030303,132.72727272727272,2632,1844,2559,1821,1580,1730
995,88,121.81,0.5061300385846811,28,124.05882352941177,108.48484848484848,132.8181818181818,2636,1849,2561,1822,1582,1731
996,91,121.96,0.5062135126270908,28,124.23529411764706,108.66666666666667,132.9090909090909,2640,1854,2563,1823,1584,1732
997,94,122.11,0.506301695192859,28,124.41176470588235,108.84848484848484,133.0,2644,1859,2565,1824,1586,1733
998,88,122.26,0.5063912972354,28,124.58823529411765,109.03030303030303,133.0909090909091,2648,1864,2567,1825,1588,1734
999,88,122.41,0.5064872150968058,28,124.76470588235294,109.21212121212122,133.1818181818182,2652,1869,2569,1826,1590,1735
1000,82,122.56,0.5065861618798956,28,124.94117647058823,109.39393939393939,133.27272727272728,2656,1874,2571,1827,1592,1736
