,TotalSugar,AvgSugarLevel,SugarGini,NumCooperators,RiskAverseAvgSugar,NeutralAvgSugar,RiskSeekingAvgSugar,RiskAverseCoopSugar,NeutralCoopSugar,RiskSeekingCoopSugar,RiskSeekingNonCoopSugar,RiskAverseNonCoopSugar,NeutralNonCoopSugar
0,4622,0.0,0.0,28,0.0,0.0,0.0,0,0,0,0,0,0
1,4539,0.83,0.17,28,0.7647058823529411,0.9090909090909091,0.8181818181818182,7,9,8,19,19,21
2,4456,1.66,0.17,28,1.5294117647058822,1.8181818181818181,1.6363636363636365,14,18,16,38,38,42
3,4372,2.5,0.16664,28,2.2941176470588234,2.727272727272727,2.484848484848485,21,27,24,58,57,63
4,4288,3.34,0.16497005988023958,28,3.0588235294117645,3.6363636363636362,3.3333333333333335,28,36,32,78,76,84
5,4204,4.18,0.16397129186602868,28,3.823529411764706,4.545454545454546,4.181818181818182,35,45,40,98,95,105
6,4120,5.02,0.16330677290836648,28,4.588235294117647,5.454545454545454,5.03030303030303,42,54,48,118,114,126
7,4036,5.86,0.1628327645051195,28,5.352941176470588,6.363636363636363,5.878787878787879,49,63,56,138,133,147
8,3952,6.7,0.1624776119402985,28,6.117647058823529,7.2727272727272725,6.7272727272727275,56,72,64,158,152,168
9,3867,7.55,0.16107284768211927,28,6.882352941176471,8.181818181818182,7.606060606060606,63,81,72,179,171,189
10,3782,8.4,0.15995238095238093,28,7.647058823529412,9.090909090909092,8.484848484848484,70,90,80,200,190,210
11,3698,9.24,0.15991341991341998,28,8.411764705882353,10.0,9.333333333333334,77,99,87,221,209,231
12,3617,10.08,0.1598809523809524,28,9.176470588235293,10.909090909090908,10.181818181818182,84,108,94,242,228,252
13,3536,10.92,0.1598717948717949,28,9.941176470588236,11.818181818181818,11.030303030303031,91,117,101,263,247,273
14,3454,11.77,0.15915887850467286,28,10.705882352941176,12.727272727272727,11.909090909090908,98,126,109,284,266,294
15,3373,12.61,0.15916732751784296,28,11.470588235294118,13.636363636363637,12.757575757575758,105,135,117,304,285,315
16,3293,13.47,0.15794357832219746,28,12.264705882352942,14.545454545454545,13.636363636363637,113,144,125,325,304,336
17,3211,14.32,0.15741620111731847,28,13.058823529411764,15.454545454545455,14.484848484848484,121,153,133,345,323,357
18,3126,15.17,0.15696110744891228,28,13.852941176470589,16.363636363636363,15.333333333333334,129,162,141,365,342,378
19,3041,16.02,0.1565667915106117,28,14.647058823529411,17.272727272727273,16.181818181818183,137,171,149,385,361,399
20,2957,16.86,0.1567259786476869,28,15.411764705882353,18.181818181818183,17.03030303030303,144,180,157,405,380,420
21,2873,17.7,0.1568700564971752,28,16.176470588235293,19.09090909090909,17.87878787878788,151,189,165,425,399,441
22,2792,18.54,0.1569471413160734,28,16.970588235294116,19.96969696969697,18.727272727272727,159,198,173,445,418,461
23,2711,19.38,0.15701754385964917,28,17.764705882352942,20.848484848484848,19.575757575757574,167,207,181,465,437,481
24,2631,20.24,0.15629446640316202,28,18.558823529411764,21.757575757575758,20.454545454545453,175,216,189,486,456,502
25,2557,21.1,0.15556398104265398,28,19.352941176470587,22.666666666666668,21.333333333333332,182,225,197,507,476,523
26,2477,21.96,0.15489071038251367,28,20.147058823529413,23.575757575757574,22.21212121212121,189,234,205,528,496,544
27,2403,22.82,0.1542857142857143,28,20.941176470588236,24.484848484848484,23.09090909090909,196,243,213,549,516,565
28,2323,23.68,0.15373310810810806,28,21.735294117647058,25.393939393939394,23.96969696969697,203,252,221,570,536,586
29,2237,24.54,0.1532192339038305,28,22.529411764705884,26.303030303030305,24.848484848484848,210,261,229,591,556,607
30,2154,25.4,0.15274015748031503,28,23.323529411764707,27.21212121212121,25.727272727272727,217,270,237,612,576,628
31,2067,26.27,0.1519870574800153,28,24.147058823529413,28.12121212121212,26.606060606060606,225,279,245,633,596,649
32,1984,27.13,0.15159233321046814,28,24.970588235294116,29.03030303030303,27.454545454545453,233,288,253,653,616,670
33,1899,27.98,0.1515368120085776,28,25.764705882352942,29.939393939393938,28.303030303030305,241,297,261,673,635,691
34,1816,28.81,0.15195071155848666,28,26.529411764705884,30.848484848484848,29.12121212121212,248,306,269,692,654,712
35,1734,29.63,0.15257171785352683,28,27.264705882352942,31.757575757575758,29.939393939393938,255,315,277,711,672,733
36,1652,30.45,0.15322495894909693,28,27.970588235294116,32.666666666666664,30.78787878787879,261,324,285,731,690,754
37,1569,31.28,0.15343989769820965,28,28.764705882352942,33.54545454545455,31.606060606060606,268,333,293,750,710,774
38,1488,32.09,0.15408226861950766,28,29.5,34.45454545454545,32.39393939393939,275,342,300,769,728,795
39,1410,32.87,0.15531791907514447,28,30.205882352941178,35.303030303030305,33.18181818181818,281,351,307,788,746,814
40,1331,33.66,0.1563636363636364,28,30.941176470588236,36.15151515151515,33.96969696969697,287,360,315,806,765,833
41,1252,34.45,0.15728011611030482,28,31.676470588235293,37.03030303030303,34.72727272727273,293,369,323,823,784,853
42,1173,35.24,0.1580987514188422,28,32.44117647058823,37.878787878787875,35.484848484848484,300,377,330,841,803,873
43,1100,35.97,0.15970252988601616,28,33.14705882352941,38.72727272727273,36.121212121212125,307,385,334,858,820,893
44,1028,36.69,0.16126192423003544,28,33.85294117647059,39.54545454545455,36.75757575757576,314,392,339,874,837,913
45,957,37.4,0.16284491978609622,28,34.470588235294116,40.39393939393939,37.42424242424242,321,399,345,890,851,934
46,892,38.05,0.16515900131406042,28,35.088235294117645,41.15151515151515,38.0,328,405,350,904,865,953
47,833,38.64,0.16802795031055895,28,35.61764705882353,41.878787878787875,38.515151515151516,333,410,355,916,878,972
48,773,39.24,0.1703160040774719,28,36.088235294117645,42.666666666666664,39.06060606060606,340,416,360,929,887,992
49,720,39.77,0.1732637666582852,28,36.55882352941177,43.36363636363637,39.484848484848484,346,422,364,939,897,1009
50,674,40.23,0.175682326621924,28,36.94117647058823,43.93939393939394,39.90909090909091,353,428,369,948,903,1022
51,629,40.68,0.17812684365781706,28,37.3235294117647,44.484848484848484,40.333333333333336,360,434,374,957,909,1034
52,592,41.05,0.18057247259439704,28,37.6764705882353,44.878787878787875,40.696969696969695,367,437,379,964,914,1044
53,555,41.42,0.18252052148720424,28,37.970588235294116,45.36363636363637,41.03030303030303,372,442,383,971,919,1055
54,517,41.8,0.18463157894736837,28,38.294117647058826,45.81818181818182,41.39393939393939,376,447,387,979,926,1065
55,482,42.15,0.18650771055753268,28,38.55882352941177,46.27272727272727,41.72727272727273,380,453,390,987,931,1074
56,450,42.47,0.18869554979985878,28,38.76470588235294,46.72727272727273,42.03030303030303,383,459,393,994,935,1083
57,419,42.78,0.19080878915381022,28,39.0,47.121212121212125,42.333333333333336,386,465,397,1000,940,1090
58,386,43.11,0.1928717234980283,28,39.23529411764706,47.484848484848484,42.72727272727273,389,470,401,1009,945,1097
59,356,43.41,0.19497120479152272,28,39.411764705882355,47.878787878787875,43.06060606060606,391,475,404,1017,949,1105
60,332,43.65,0.19668499427262318,28,39.529411764705884,48.15151515151515,43.39393939393939,393,479,408,1024,951,1110
61,309,43.88,0.19836371923427534,28,39.6764705882353,48.39393939393939,43.696969696969695,395,483,411,1031,954,1114
62,288,44.09,0.1997210251757768,28,39.794117647058826,48.60606060606061,44.0,397,485,414,1038,956,1119
63,268,44.29,0.20107247685707832,28,39.88235294117647,48.81818181818182,44.303030303030305,399,487,417,1045,957,1124
64,247,44.5,0.20274606741573037,28,39.94117647058823,49.09090909090909,44.60606060606061,400,490,421,1051,958,1130
65,231,44.66,0.2039140170174653,28,40.029411764705884,49.24242424242424,44.84848484848485,401,492,424,1056,960,1133
66,217,44.8,0.20493750000000005,28,40.11764705882353,49.333333333333336,45.09090909090909,402,492,427,1061,962,1136
67,204,44.93,0.20548631204095258,28,40.23529411764706,49.39393939393939,45.303030303030305,403,493,429,1066,965,1137
68,195,45.02,0.20593069746779208,28,40.3235294117647,49.42424242424242,45.45454545454545,404,494,431,1069,967,1137
69,180,45.17,0.2067899048040735,28,40.44117647058823,49.57575757575758,45.63636363636363,405,496,433,1073,970,1140
70,165,45.32,0.20782877316857906,28,40.55882352941177,49.696969696969695,45.84848484848485,406,498,435,1078,973,1142
71,149,45.48,0.20886983289357958,28,40.705882352941174,49.84848484848485,46.03030303030303,407,500,437,1082,977,1145
72,132,45.65,0.21015772179627604,28,40.85294117647059,50.03030303030303,46.21212121212121,408,502,439,1086,981,1149
73,118,45.79,0.2111880323214676,28,40.970588235294116,50.18181818181818,46.36363636363637,409,504,441,1089,984,1152
74,106,45.91,0.2119690699194075,28,41.05882352941177,50.36363636363637,46.45454545454545,410,506,443,1090,986,1156
75,92,46.05,0.2131226927252986,28,41.1764705882353,50.515151515151516,46.60606060606061,411,508,445,1093,989,1159
76,81,46.16,0.21421577123050256,28,41.23529411764706,50.63636363636363,46.75757575757576,411,510,447,1096,991,1161
77,72,46.25,0.21514162162162165,28,41.294117647058826,50.78787878787879,46.81818181818182,411,512,449,1096,993,1164
78,63,46.34,0.21614587829089346,28,41.35294117647059,50.93939393939394,46.878787878787875,411,514,451,1096,995,1167
79,55,46.42,0.21701852649719952,28,41.411764705882355,51.03030303030303,46.96969696969697,411,515,453,1097,997,1169
80,49,46.48,0.21780550774526675,28,41.411764705882355,51.15151515151515,47.03030303030303,411,516,454,1098,997,1172
81,44,46.53,0.21849774339136047,28,41.411764705882355,51.24242424242424,47.09090909090909,411,517,455,1099,997,1174
82,39,46.58,0.2192443108630313,28,41.411764705882355,51.36363636363637,47.121212121212125,411,519,455,1100,997,1176
83,33,46.64,0.21995283018867923,28,41.411764705882355,51.484848484848484,47.18181818181818,411,520,456,1101,997,1179
84,28,46.69,0.22067894624116519,28,41.411764705882355,51.57575757575758,47.24242424242424,411,521,457,1102,997,1181
85,25,46.72,0.2211301369863014,28,41.411764705882355,51.63636363636363,47.27272727272727,411,522,457,1103,997,1182
86,22,46.75,0.2214823529411764,28,41.411764705882355,51.72727272727273,47.27272727272727,411,524,457,1103,997,1183
87,20,46.77,0.2216998075689544,28,41.411764705882355,51.78787878787879,47.27272727272727,411,526,457,1103,997,1183
88,16,46.81,0.2222067934202093,28,41.411764705882355,51.878787878787875,47.303030303030305,411,528,458,1103,997,1184
89,12,46.85,0.22281963713980787,28,41.411764705882355,51.96969696969697,47.333333333333336,411,529,459,1103,997,1186
90,9,46.88,0.22319112627986343,28,41.411764705882355,52.03030303030303,47.36363636363637,411,529,459,1104,997,1188
91,6,46.91,0.2235791942016627,28,41.411764705882355,52.09090909090909,47.39393939393939,411,530,459,1105,997,1189
92,4,46.93,0.22389729384189225,28,41.411764705882355,52.15151515151515,47.39393939393939,411,531,459,1105,997,1190
93,2,46.95,0.22421512247071348,28,41.411764705882355,52.21212121212121,47.39393939393939,411,532,459,1105,997,1191
94,1,46.96,0.2243696763202726,28,41.411764705882355,52.24242424242424,47.39393939393939,411,532,459,1105,997,1192
95,1,46.96,0.2243696763202726,28,41.411764705882355,52.24242424242424,47.39393939393939,411,532,459,1105,997,1192
96,1,46.96,0.2243696763202726,28,41.411764705882355,52.24242424242424,47.39393939393939,411,532,459,1105,997,1192
97,1,46.96,0.2243696763202726,28,41.411764705882355,52.24242424242424,47.39393939393939,411,532,459,1105,997,1192
98,1,46.96,0.2243696763202726,28,41.411764705882355,52.24242424242424,47.39393939393939,411,532,459,1105,997,1192
99,1,46.96,0.2243696763202726,28,41.411764705882355,52.24242424242424,47.39393939393939,411,532,459,1105,997,1192
100,1,46.96,0.2243696763202726,28,41.411764705882355,52.24242424242424,47.39393939393939,411,532,459,1105,997,1192
101,0,46.97,0.22447732595273578,28,41.411764705882355,52.27272727272727,47.39393939393939,411,532,459,1105,997,1193
102,0,46.97,0.22447732595273578,28,41.411764705882355,52.27272727272727,47.39393939393939,411,532,459,1105,997,1193
103,0,46.97,0.22447732595273578,28,41.411764705882355,52.27272727272727,47.39393939393939,411,532,459,1105,997,1193
104,0,46.97,0.22447732595273578,28,41.411764705882355,52.27272727272727,47.39393939393939,411,532,459,1105,997,1193
105,0,46.97,0.22447732595273578,28,41.411764705882355,52.27272727272727,47.39393939393939,411,532,459,1105,997,1193
106,0,46.97,0.22447732595273578,28,41.411764705882355,52.27272727272727,47.39393939393939,411,532,459,1105,997,1193
107,0,46.97,0.22447732595273578,28,41.411764705882355,52.27272727272727,47.39393939393939,411,532,459,1105,997,1193
108,0,46.97,0.22447732595273578,28,41.411764705882355,52.27272727272727,47.39393939393939,411,532,459,1105,997,1193
109,0,46.97,0.22447732595273578,28,41.411764705882355,52.27272727272727,47.39393939393939,411,532,459,1105,997,1193
110,0,46.97,0.22447732595273578,28,41.411764705882355,52.27272727272727,47.39393939393939,411,532,459,1105,997,1193
111,0,46.97,0.22447732595273578,28,41.411764705882355,52.27272727272727,47.39393939393939,411,532,459,1105,997,1193
112,3,46.97,0.22447732595273578,28,41.411764705882355,52.27272727272727,47.39393939393939,411,532,459,1105,997,1193
113,2,46.98,0.22455512984248613,28,41.411764705882355,52.27272727272727,47.42424242424242,411,532,460,1105,997,1193
114,4,46.99,0.22463290061715255,28,41.411764705882355,52.27272727272727,47.45454545454545,411,532,461,1105,997,1193
115,2,47.01,0.2247415443522655,28,41.411764705882355,52.303030303030305,47.484848484848484,411,533,462,1105,997,1193
116,4,47.02,0.22478945129732025,28,41.411764705882355,52.333333333333336,47.484848484848484,411,534,462,1105,997,1193
117,8,47.04,0.22467261904761898,28,41.411764705882355,52.36363636363637,47.515151515151516,411,535,463,1105,997,1193
118,18,47.06,0.22461538461538466,28,41.411764705882355,52.36363636363637,47.57575757575758,411,535,465,1105,997,1193
119,23,47.1,0.2246496815286625,28,41.44117647058823,52.39393939393939,47.63636363636363,412,536,467,1105,997,1193
120,31,47.14,0.22471786168858712,28,41.470588235294116,52.42424242424242,47.696969696969695,413,537,469,1105,997,1193
121,30,47.18,0.22481983891479446,28,41.5,52.45454545454545,47.75757575757576,414,538,471,1105,997,1193
122,31,47.23,0.22496929917425362,28,41.529411764705884,52.515151515151516,47.81818181818182,415,539,473,1105,997,1194
123,32,47.28,0.2251565143824027,28,41.55882352941177,52.57575757575758,47.878787878787875,416,540,475,1105,997,1195
124,29,47.34,0.22531896915927332,28,41.61764705882353,52.63636363636363,47.93939393939394,417,541,477,1105,998,1196
125,32,47.4,0.2255316455696203,28,41.6764705882353,52.696969696969695,48.0,418,542,479,1105,999,1197
126,29,47.46,0.22581963758954912,28,41.73529411764706,52.75757575757576,48.06060606060606,419,543,481,1105,1000,1198
127,23,47.52,0.22614478114478118,28,41.794117647058826,52.81818181818182,48.121212121212125,420,544,483,1105,1001,1199
128,23,47.58,0.2265153425809163,28,41.85294117647059,52.878787878787875,48.18181818181818,421,545,485,1105,1002,1200
129,17,47.64,0.22691015952980692,28,41.911764705882355,52.93939393939394,48.24242424242424,422,546,487,1105,1003,1201
130,14,47.7,0.22734171907756817,28,41.970588235294116,53.0,48.303030303030305,423,547,489,1105,1004,1202
131,18,47.75,0.22765863874345554,28,42.029411764705884,53.06060606060606,48.333333333333336,424,548,490,1105,1005,1203
132,20,47.79,0.22792006695961503,28,42.05882352941177,53.121212121212125,48.36363636363637,424,549,491,1105,1006,1204
133,18,47.84,0.22831103678929765,28,42.11764705882353,53.18181818181818,48.39393939393939,425,550,492,1105,1007,1205
134,22,47.89,0.22872624765086655,28,42.1764705882353,53.24242424242424,48.42424242424242,426,551,493,1105,1008,1206
135,17,47.94,0.22916979557780565,28,42.23529411764706,53.303030303030305,48.45454545454545,427,552,494,1105,1009,1207
136,19,47.98,0.22952063359733216,28,42.26470588235294,53.36363636363637,48.484848484848484,427,553,495,1105,1010,1208
137,23,48.03,0.23,28,42.3235294117647,53.42424242424242,48.515151515151516,428,554,496,1105,1011,1209
138,21,48.08,0.23056988352745422,28,42.38235294117647,53.484848484848484,48.54545454545455,429,555,497,1105,1012,1210
139,19,48.13,0.23115520465406192,28,42.44117647058823,53.54545454545455,48.57575757575758,430,556,498,1105,1013,1211
140,17,48.18,0.2317600664176007,28,42.5,53.60606060606061,48.60606060606061,431,557,499,1105,1014,1212
141,15,48.23,0.23238026124818575,28,42.55882352941177,53.666666666666664,48.63636363636363,432,558,500,1105,1015,1213
142,12,48.29,0.2329281424725616,28,42.61764705882353,53.75757575757576,48.666666666666664,433,559,501,1105,1016,1215
143,7,48.34,0.23357054199420774,28,42.6764705882353,53.81818181818182,48.696969696969695,434,560,502,1105,1017,1216
144,7,48.37,0.23395699813934256,28,42.705882352941174,53.84848484848485,48.72727272727273,434,561,503,1105,1018,1216
145,8,48.39,0.23419921471378388,28,42.73529411764706,53.84848484848485,48.75757575757576,434,561,504,1105,1019,1216
146,6,48.41,0.23443709977277422,28,42.794117647058826,53.84848484848485,48.75757575757576,435,561,504,1105,1020,1216
147,7,48.43,0.23467891802601698,28,42.85294117647059,53.84848484848485,48.75757575757576,436,561,504,1105,1021,1216
148,4,48.46,0.23496904663640109,28,42.911764705882355,53.878787878787875,48.75757575757576,437,562,504,1105,1022,1216
149,2,48.48,0.23513201320132013,28,42.94117647058823,53.90909090909091,48.75757575757576,437,563,504,1105,1023,1216
150,0,48.5,0.23530309278350514,28,42.970588235294116,53.93939393939394,48.75757575757576,437,564,504,1105,1024,1216
151,3,48.5,0.23530309278350514,28,42.970588235294116,53.93939393939394,48.75757575757576,437,564,504,1105,1024,1216
152,8,48.51,0.23545454545454547,28,42.970588235294116,53.93939393939394,48.78787878787879,437,564,505,1105,1024,1216
153,14,48.54,0.23588792748248863,28,43.0,53.96969696969697,48.81818181818182,438,565,506,1105,1024,1216
154,18,48.59,0.23611648487343076,28,43.088235294117645,54.0,48.84848484848485,439,566,507,1105,1026,1216
155,24,48.65,0.23641726618705036,28,43.14705882352941,54.09090909090909,48.878787878787875,440,568,508,1105,1027,1217
156,25,48.7,0.23662422997946606,28,43.1764705882353,54.18181818181818,48.90909090909091,440,570,509,1105,1028,1218
157,34,48.76,0.237005742411813,28,43.23529411764706,54.27272727272727,48.93939393939394,441,572,510,1105,1029,1219
158,27,48.83,0.237454433749744,28,43.294117647058826,54.36363636363637,49.0,442,574,512,1105,1030,1220
159,29,48.9,0.23792229038854798,28,43.35294117647059,54.45454545454545,49.06060606060606,443,576,514,1105,1031,1221
160,32,48.96,0.2382883986928104,28,43.38235294117647,54.54545454545455,49.121212121212125,443,578,516,1105,1032,1222
161,29,49.02,0.23878824969400242,28,43.44117647058823,54.63636363636363,49.15151515151515,444,580,517,1105,1033,1223
162,32,49.08,0.23931947840260803,28,43.5,54.72727272727273,49.18181818181818,445,582,518,1105,1034,1224
163,29,49.14,0.23987789987789981,28,43.55882352941177,54.81818181818182,49.21212121212121,446,584,519,1105,1035,1225
164,22,49.21,0.24039219670798617,28,43.61764705882353,54.93939393939394,49.24242424242424,447,586,520,1105,1036,1227
165,21,49.28,0.2409375,28,43.6764705882353,55.06060606060606,49.27272727272727,448,588,521,1105,1037,1229
166,14,49.35,0.24150962512664634,28,43.73529411764706,55.18181818181818,49.303030303030305,449,590,522,1105,1038,1231
167,9,49.4,0.24208502024291506,28,43.794117647058826,55.24242424242424,49.333333333333336,450,592,523,1105,1039,1231
168,12,49.43,0.2423690066761077,28,43.85294117647059,55.27272727272727,49.333333333333336,451,593,523,1105,1040,1231
169,12,49.46,0.2426647796198948,28,43.911764705882355,55.303030303030305,49.333333333333336,452,594,523,1105,1041,1231
170,8,49.5,0.24300606060606056,28,43.970588235294116,55.36363636363637,49.333333333333336,453,595,523,1105,1042,1232
171,4,49.54,0.2433629390391603,28,44.029411764705884,55.42424242424242,49.333333333333336,454,596,523,1105,1043,1233
172,2,49.56,0.24345843422114613,28,44.05882352941177,55.45454545454545,49.333333333333336,454,596,523,1105,1044,1234
173,7,49.57,0.24349203147064757,28,44.088235294117645,55.45454545454545,49.333333333333336,454,596,523,1105,1045,1234
174,10,49.6,0.2438145161290322,28,44.11764705882353,55.515151515151516,49.333333333333336,454,598,523,1105,1046,1234
175,13,49.63,0.24423332661696548,28,44.14705882352941,55.57575757575758,49.333333333333336,455,600,523,1105,1046,1234
176,12,49.67,0.2447735051338836,28,44.1764705882353,55.666666666666664,49.333333333333336,456,602,523,1105,1046,1235
177,11,49.71,0.24531683765841877,28,44.205882352941174,55.75757575757576,49.333333333333336,457,604,523,1105,1046,1236
178,10,49.75,0.24585929648241206,28,44.23529411764706,55.84848484848485,49.333333333333336,458,606,523,1105,1046,1237
179,9,49.79,0.24640891745330393,28,44.26470588235294,55.93939393939394,49.333333333333336,459,608,523,1105,1046,1238
180,8,49.83,0.24695765603050376,28,44.294117647058826,56.03030303030303,49.333333333333336,460,610,523,1105,1046,1239
181,17,49.86,0.2473726434015242,28,44.294117647058826,56.09090909090909,49.36363636363637,460,611,524,1105,1046,1240
182,23,49.92,0.24812099358974365,28,44.35294117647059,56.18181818181818,49.39393939393939,461,613,525,1105,1047,1241
183,19,49.99,0.2489917983596719,28,44.44117647058823,56.27272727272727,49.42424242424242,462,615,526,1105,1049,1242
184,24,50.06,0.24986815821014788,28,44.529411764705884,56.36363636363637,49.45454545454545,463,617,527,1105,1051,1243
185,22,50.11,0.2504629814408301,28,44.61764705882353,56.42424242424242,49.45454545454545,464,618,527,1105,1053,1244
186,19,50.17,0.2511999202710783,28,44.705882352941174,56.484848484848484,49.484848484848484,465,619,528,1105,1055,1245
187,16,50.23,0.25194306191519017,28,44.794117647058826,56.54545454545455,49.515151515151516,466,620,529,1105,1057,1246
188,10,50.29,0.2526923841718036,28,44.88235294117647,56.60606060606061,49.54545454545455,467,621,530,1105,1059,1247
189,9,50.33,0.25319491357043516,28,44.94117647058823,56.666666666666664,49.54545454545455,468,622,530,1105,1060,1248
190,11,50.37,0.2537045860631328,28,45.0,56.72727272727273,49.54545454545455,469,623,530,1105,1061,1249
191,8,50.4,0.25407539682539676,28,45.029411764705884,56.78787878787879,49.54545454545455,469,624,530,1105,1062,1250
192,8,50.43,0.25444576640888356,28,45.05882352941177,56.84848484848485,49.54545454545455,469,625,530,1105,1063,1251
193,7,50.47,0.2549574004359025,28,45.088235294117645,56.90909090909091,49.57575757575758,469,626,531,1105,1064,1252
194,4,50.5,0.2552356435643564,28,45.088235294117645,56.96969696969697,49.60606060606061,469,626,532,1105,1064,1254
195,1,50.53,0.25551751434791214,28,45.088235294117645,57.03030303030303,49.63636363636363,469,626,533,1105,1064,1256
196,0,50.54,0.25554016620498615,28,45.088235294117645,57.06060606060606,49.63636363636363,469,626,533,1105,1064,1257
197,0,50.54,0.25554016620498615,28,45.088235294117645,57.06060606060606,49.63636363636363,469,626,533,1105,1064,1257
198,0,50.54,0.25554016620498615,28,45.088235294117645,57.06060606060606,49.63636363636363,469,626,533,1105,1064,1257
199,0,50.54,0.25554016620498615,28,45.088235294117645,57.06060606060606,49.63636363636363,469,626,533,1105,1064,1257
200,0,50.54,0.25554016620498615,28,45.088235294117645,57.06060606060606,49.63636363636363,469,626,533,1105,1064,1257
201,0,50.54,0.25554016620498615,28,45.088235294117645,57.06060606060606,49.63636363636363,469,626,533,1105,1064,1257
202,0,50.54,0.25554016620498615,28,45.088235294117645,57.06060606060606,49.63636363636363,469,626,533,1105,1064,1257
203,0,50.54,0.25554016620498615,28,45.088235294117645,57.06060606060606,49.63636363636363,469,626,533,1105,1064,1257
204,0,50.54,0.25554016620498615,28,45.088235294117645,57.06060606060606,49.63636363636363,469,626,533,1105,1064,1257
205,0,50.54,0.25554016620498615,28,45.088235294117645,57.06060606060606,49.63636363636363,469,626,533,1105,1064,1257
206,0,50.54,0.25554016620498615,28,45.088235294117645,57.06060606060606,49.63636363636363,469,626,533,1105,1064,1257
207,0,50.54,0.25554016620498615,28,45.088235294117645,57.06060606060606,49.63636363636363,469,626,533,1105,1064,1257
208,0,50.54,0.25554016620498615,28,45.088235294117645,57.06060606060606,49.63636363636363,469,626,533,1105,1064,1257
209,0,50.54,0.25554016620498615,28,45.088235294117645,57.06060606060606,49.63636363636363,469,626,533,1105,1064,1257
210,0,50.54,0.25554016620498615,28,45.088235294117645,57.06060606060606,49.63636363636363,469,626,533,1105,1064,1257
211,0,50.54,0.25554016620498615,28,45.088235294117645,57.06060606060606,49.63636363636363,469,626,533,1105,1064,1257
212,0,50.54,0.25554016620498615,28,45.088235294117645,57.06060606060606,49.63636363636363,469,626,533,1105,1064,1257
213,0,50.54,0.25554016620498615,28,45.088235294117645,57.06060606060606,49.63636363636363,469,626,533,1105,1064,1257
214,0,50.54,0.25554016620498615,28,45.088235294117645,57.06060606060606,49.63636363636363,469,626,533,1105,1064,1257
215,0,50.54,0.25554016620498615,28,45.088235294117645,57.06060606060606,49.63636363636363,469,626,533,1105,1064,1257
216,0,50.54,0.25554016620498615,28,45.088235294117645,57.06060606060606,49.63636363636363,469,626,533,1105,1064,1257
217,0,50.54,0.25554016620498615,28,45.088235294117645,57.06060606060606,49.63636363636363,469,626,533,1105,1064,1257
218,0,50.54,0.25554016620498615,28,45.088235294117645,57.06060606060606,49.63636363636363,469,626,533,1105,1064,1257
219,0,50.54,0.25554016620498615,28,45.088235294117645,57.06060606060606,49.63636363636363,469,626,533,1105,1064,1257
220,0,50.54,0.25554016620498615,28,45.088235294117645,57.06060606060606,49.63636363636363,469,626,533,1105,1064,1257
221,0,50.54,0.25554016620498615,28,45.088235294117645,57.06060606060606,49.63636363636363,469,626,533,1105,1064,1257
222,0,50.54,0.25554016620498615,28,45.088235294117645,57.06060606060606,49.63636363636363,469,626,533,1105,1064,1257
223,0,50.54,0.25554016620498615,28,45.088235294117645,57.06060606060606,49.63636363636363,469,626,533,1105,1064,1257
224,0,50.54,0.25554016620498615,28,45.088235294117645,57.06060606060606,49.63636363636363,469,626,533,1105,1064,1257
225,0,50.54,0.25554016620498615,28,45.088235294117645,57.06060606060606,49.63636363636363,469,626,533,1105,1064,1257
226,0,50.54,0.25554016620498615,28,45.088235294117645,57.06060606060606,49.63636363636363,469,626,533,1105,1064,1257
227,0,50.54,0.25554016620498615,28,45.088235294117645,57.06060606060606,49.63636363636363,469,626,533,1105,1064,1257
228,0,50.54,0.25554016620498615,28,45.088235294117645,57.06060606060606,49.63636363636363,469,626,533,1105,1064,1257
229,0,50.54,0.25554016620498615,28,45.088235294117645,57.06060606060606,49.63636363636363,469,626,533,1105,1064,1257
230,0,50.54,0.25554016620498615,28,45.088235294117645,57.06060606060606,49.63636363636363,469,626,533,1105,1064,1257
231,0,50.54,0.25554016620498615,28,45.088235294117645,57.06060606060606,49.63636363636363,469,626,533,1105,1064,1257
232,0,50.54,0.25554016620498615,28,45.088235294117645,57.06060606060606,49.63636363636363,469,626,533,1105,1064,1257
233,0,50.54,0.25554016620498615,28,45.088235294117645,57.06060606060606,49.63636363636363,469,626,533,1105,1064,1257
234,0,50.54,0.25554016620498615,28,45.088235294117645,57.06060606060606,49.63636363636363,469,626,533,1105,1064,1257
235,0,50.54,0.25554016620498615,28,45.088235294117645,57.06060606060606,49.63636363636363,469,626,533,1105,1064,1257
236,0,50.54,0.25554016620498615,28,45.088235294117645,57.06060606060606,49.63636363636363,469,626,533,1105,1064,1257
237,0,50.54,0.25554016620498615,28,45.088235294117645,57.06060606060606,49.63636363636363,469,626,533,1105,1064,1257
238,0,50.54,0.25554016620498615,28,45.088235294117645,57.06060606060606,49.63636363636363,469,626,533,1105,1064,1257
239,0,50.54,0.25554016620498615,28,45.088235294117645,57.06060606060606,49.63636363636363,469,626,533,1105,1064,1257
240,0,50.54,0.25554016620498615,28,45.088235294117645,57.06060606060606,49.63636363636363,469,626,533,1105,1064,1257
241,0,50.54,0.25554016620498615,28,45.088235294117645,57.06060606060606,49.63636363636363,469,626,533,1105,1064,1257
242,0,50.54,0.25554016620498615,28,45.088235294117645,57.06060606060606,49.63636363636363,469,626,533,1105,1064,1257
243,0,50.54,0.25554016620498615,28,45.088235294117645,57.06060606060606,49.63636363636363,469,626,533,1105,1064,1257
244,0,50.54,0.25554016620498615,28,45.088235294117645,57.06060606060606,49.63636363636363,469,626,533,1105,1064,1257
245,0,50.54,0.25554016620498615,28,45.088235294117645,57.06060606060606,49.63636363636363,469,626,533,1105,1064,1257
246,0,50.54,0.25554016620498615,28,45.088235294117645,57.06060606060606,49.63636363636363,469,626,533,1105,1064,1257
247,0,50.54,0.25554016620498615,28,45.088235294117645,57.06060606060606,49.63636363636363,469,626,533,1105,1064,1257
248,0,50.54,0.25554016620498615,28,45.088235294117645,57.06060606060606,49.63636363636363,469,626,533,1105,1064,1257
249,0,50.54,0.25554016620498615,28,45.088235294117645,57.06060606060606,49.63636363636363,469,626,533,1105,1064,1257
250,0,50.54,0.25554016620498615,28,45.088235294117645,57.06060606060606,49.63636363636363,469,626,533,1105,1064,1257
251,0,50.54,0.25554016620498615,28,45.088235294117645,57.06060606060606,49.63636363636363,469,626,533,1105,1064,1257
252,0,50.54,0.25554016620498615,28,45.088235294117645,57.06060606060606,49.63636363636363,469,626,533,1105,1064,1257
253,0,50.54,0.25554016620498615,28,45.088235294117645,57.06060606060606,49.63636363636363,469,626,533,1105,1064,1257
254,0,50.54,0.25554016620498615,28,45.088235294117645,57.06060606060606,49.63636363636363,469,626,533,1105,1064,1257
255,0,50.54,0.25554016620498615,28,45.088235294117645,57.06060606060606,49.63636363636363,469,626,533,1105,1064,1257
256,0,50.54,0.25554016620498615,28,45.088235294117645,57.06060606060606,49.63636363636363,469,626,533,1105,1064,1257
257,0,50.54,0.25554016620498615,28,45.088235294117645,57.06060606060606,49.63636363636363,469,626,533,1105,1064,1257
258,0,50.54,0.25554016620498615,28,45.088235294117645,57.06060606060606,49.63636363636363,469,626,533,1105,1064,1257
259,0,50.54,0.25554016620498615,28,45.088235294117645,57.06060606060606,49.63636363636363,469,626,533,1105,1064,1257
260,0,50.54,0.25554016620498615,28,45.088235294117645,57.06060606060606,49.63636363636363,469,626,533,1105,1064,1257
261,0,50.54,0.25554016620498615,28,45.088235294117645,57.06060606060606,49.63636363636363,469,626,533,1105,1064,1257
262,0,50.54,0.25554016620498615,28,45.088235294117645,57.06060606060606,49.63636363636363,469,626,533,1105,1064,1257
263,0,50.54,0.25554016620498615,28,45.088235294117645,57.06060606060606,49.63636363636363,469,626,533,1105,1064,1257
264,0,50.54,0.25554016620498615,28,45.088235294117645,57.06060606060606,49.63636363636363,469,626,533,1105,1064,1257
265,0,50.54,0.25554016620498615,28,45.088235294117645,57.06060606060606,49.63636363636363,469,626,533,1105,1064,1257
266,0,50.54,0.25554016620498615,28,45.088235294117645,57.06060606060606,49.63636363636363,469,626,533,1105,1064,1257
267,0,50.54,0.25554016620498615,28,45.088235294117645,57.06060606060606,49.63636363636363,469,626,533,1105,1064,1257
268,3,50.54,0.25554016620498615,28,45.088235294117645,57.06060606060606,49.63636363636363,469,626,533,1105,1064,1257
269,5,50.55,0.2554520276953511,28,45.088235294117645,57.06060606060606,49.666666666666664,469,626,534,1105,1064,1257
270,9,50.57,0.2553470437017995,28,45.11764705882353,57.06060606060606,49.696969696969695,470,626,535,1105,1064,1257
271,6,50.6,0.2551422924901186,28,45.14705882352941,57.09090909090909,49.72727272727273,471,627,536,1105,1064,1257
272,3,50.63,0.25497728619395615,28,45.1764705882353,57.121212121212125,49.75757575757576,472,628,537,1105,1064,1257
273,0,50.66,0.25483221476510065,28,45.205882352941174,57.15151515151515,49.78787878787879,473,629,538,1105,1064,1257
274,0,50.66,0.25483221476510065,28,45.205882352941174,57.15151515151515,49.78787878787879,473,629,538,1105,1064,1257
275,3,50.66,0.25483221476510065,28,45.205882352941174,57.15151515151515,49.78787878787879,473,629,538,1105,1064,1257
276,5,50.67,0.25462995855535825,28,45.205882352941174,57.15151515151515,49.81818181818182,473,629,539,1105,1064,1257
277,6,50.69,0.25457289406194517,28,45.23529411764706,57.15151515151515,49.84848484848485,474,629,540,1105,1064,1257
278,6,50.72,0.25451104100946365,28,45.294117647058826,57.15151515151515,49.878787878787875,476,629,541,1105,1064,1257
279,6,50.75,0.25446108374384235,28,45.35294117647059,57.15151515151515,49.90909090909091,478,629,542,1105,1064,1257
280,6,50.78,0.2544151240645924,28,45.411764705882355,57.15151515151515,49.93939393939394,480,629,543,1105,1064,1257
281,6,50.81,0.25437709112379453,28,45.470588235294116,57.15151515151515,49.96969696969697,482,629,544,1105,1064,1257
282,6,50.84,0.2543469708890638,28,45.529411764705884,57.15151515151515,50.0,484,629,545,1105,1064,1257
283,6,50.87,0.25431688618045994,28,45.588235294117645,57.15151515151515,50.03030303030303,486,629,546,1105,1064,1257
284,6,50.9,0.254286836935167,28,45.64705882352941,57.15151515151515,50.06060606060606,488,629,547,1105,1064,1257
285,6,50.93,0.2542568230905164,28,45.705882352941174,57.15151515151515,50.09090909090909,490,629,548,1105,1064,1257
286,6,50.96,0.2542425431711146,28,45.76470588235294,57.15151515151515,50.121212121212125,492,629,549,1105,1064,1257
287,6,50.99,0.2542361247303393,28,45.8235294117647,57.15151515151515,50.15151515151515,494,629,550,1105,1064,1257
288,15,51.02,0.2542375539004313,28,45.88235294117647,57.15151515151515,50.18181818181818,496,629,551,1105,1064,1257
289,23,51.06,0.2543830787309048,28,45.94117647058823,57.15151515151515,50.24242424242424,498,629,553,1105,1064,1257
290,31,51.1,0.25453620352250494,28,46.0,57.15151515151515,50.303030303030305,500,629,555,1105,1064,1257
291,32,51.15,0.25462952101661784,28,46.088235294117645,57.15151515151515,50.36363636363637,502,629,557,1105,1065,1257
292,34,51.22,0.25463490823896917,28,46.1764705882353,57.18181818181818,50.45454545454545,504,629,559,1106,1066,1258
293,30,51.29,0.25467147592123224,28,46.26470588235294,57.21212121212121,50.54545454545455,506,629,561,1107,1067,1259
294,26,51.36,0.25504672897196257,28,46.38235294117647,57.24242424242424,50.60606060606061,508,629,562,1108,1069,1260
295,22,51.43,0.2554326268714757,28,46.5,57.27272727272727,50.666666666666664,510,629,563,1109,1071,1261
296,18,51.5,0.25586019417475725,28,46.61764705882353,57.303030303030305,50.72727272727273,512,629,564,1110,1073,1262
297,15,51.56,0.25621799844840965,28,46.705882352941174,57.333333333333336,50.78787878787879,514,629,565,1111,1074,1263
298,10,51.61,0.25645223793838395,28,46.76470588235294,57.36363636363637,50.84848484848485,515,629,566,1112,1075,1264
299,11,51.66,0.256716995741386,28,46.8235294117647,57.39393939393939,50.90909090909091,516,629,567,1113,1076,1265
300,11,51.69,0.2567633971754691,28,46.85294117647059,57.42424242424242,50.93939393939394,516,629,567,1114,1077,1266
301,13,51.73,0.25696694374637546,28,46.911764705882355,57.45454545454545,50.96969696969697,517,629,567,1115,1078,1267
302,14,51.78,0.257369640787949,28,47.0,57.484848484848484,51.0,519,629,567,1116,1079,1268
303,15,51.83,0.2577908547173452,28,47.088235294117645,57.515151515151516,51.03030303030303,521,629,567,1117,1080,1269
304,13,51.88,0.25823438704703167,28,47.1764705882353,57.54545454545455,51.06060606060606,523,629,567,1118,1081,1270
305,13,51.94,0.2584905660377359,28,47.26470588235294,57.57575757575758,51.121212121212125,525,629,568,1119,1082,1271
306,14,51.99,0.25867089824966344,28,47.35294117647059,57.57575757575758,51.18181818181818,527,629,569,1120,1083,1271
307,15,52.04,0.25876249039200616,28,47.44117647058823,57.57575757575758,51.24242424242424,528,629,570,1121,1085,1271
308,16,52.09,0.2588500671913995,28,47.5,57.57575757575758,51.333333333333336,528,629,572,1122,1087,1271
309,23,52.14,0.2589106252397391,28,47.55882352941177,57.57575757575758,51.42424242424242,528,629,575,1122,1089,1271
310,26,52.2,0.25911877394636024,28,47.64705882352941,57.57575757575758,51.515151515151516,529,629,578,1122,1091,1271
311,23,52.26,0.259345579793341,28,47.73529411764706,57.57575757575758,51.60606060606061,530,629,581,1122,1093,1271
312,20,52.32,0.2595871559633028,28,47.8235294117647,57.57575757575758,51.696969696969695,531,629,584,1122,1095,1271
313,21,52.37,0.2597231239259118,28,47.88235294117647,57.57575757575758,51.78787878787879,532,629,587,1122,1096,1271
314,20,52.41,0.25981110475100166,28,47.911764705882355,57.57575757575758,51.878787878787875,533,629,590,1122,1096,1271
315,19,52.45,0.25990657769304093,28,47.94117647058823,57.57575757575758,51.96969696969697,534,629,593,1122,1096,1271
316,21,52.49,0.26000190512478566,28,47.970588235294116,57.57575757575758,52.06060606060606,535,629,596,1122,1096,1271
317,20,52.53,0.2601008947268228,28,48.0,57.57575757575758,52.15151515151515,536,629,599,1122,1096,1271
318,22,52.57,0.2601997336884155,28,48.029411764705884,57.57575757575758,52.24242424242424,537,629,602,1122,1096,1271
319,29,52.62,0.2604218928164197,28,48.088235294117645,57.57575757575758,52.333333333333336,539,629,605,1122,1096,1271
320,32,52.68,0.2607175398633258,28,48.1764705882353,57.57575757575758,52.42424242424242,541,629,608,1122,1097,1271
321,34,52.75,0.2610369668246446,28,48.26470588235294,57.57575757575758,52.54545454545455,543,629,611,1123,1098,1271
322,36,52.82,0.2613631200302916,28,48.35294117647059,57.57575757575758,52.666666666666664,545,629,614,1124,1099,1271
323,31,52.9,0.2616899810964084,28,48.44117647058823,57.60606060606061,52.78787878787879,547,629,617,1125,1100,1272
324,26,52.98,0.2620422801057002,28,48.55882352941177,57.60606060606061,52.90909090909091,549,629,620,1126,1102,1272
325,25,53.05,0.2623016022620169,28,48.6764705882353,57.60606060606061,53.0,551,629,622,1127,1104,1272
326,20,53.13,0.2627084509693205,28,48.794117647058826,57.60606060606061,53.121212121212125,553,629,625,1128,1106,1272
327,17,53.19,0.2629723632261704,28,48.88235294117647,57.60606060606061,53.21212121212121,555,629,627,1129,1107,1272
328,15,53.24,0.26311795642374153,28,48.94117647058823,57.60606060606061,53.303030303030305,556,629,629,1130,1108,1272
329,14,53.28,0.26343843843843845,28,49.029411764705884,57.60606060606061,53.333333333333336,558,629,629,1131,1109,1272
330,13,53.32,0.26376219054763694,28,49.11764705882353,57.60606060606061,53.36363636363637,560,629,629,1132,1110,1272
331,11,53.37,0.2642289675847854,28,49.205882352941174,57.60606060606061,53.42424242424242,562,629,630,1133,1111,1272
332,19,53.41,0.2646938775510205,28,49.26470588235294,57.60606060606061,53.484848484848484,564,629,631,1134,1111,1272
333,23,53.46,0.2652413019079685,28,49.3235294117647,57.60606060606061,53.57575757575758,566,629,633,1135,1111,1272
334,29,53.52,0.26563527653213753,28,49.38235294117647,57.60606060606061,53.696969696969695,568,629,636,1136,1111,1272
335,29,53.58,0.2660619634191863,28,49.44117647058823,57.60606060606061,53.81818181818182,570,629,639,1137,1111,1272
336,29,53.64,0.26649142431021633,28,49.5,57.60606060606061,53.93939393939394,572,629,642,1138,1111,1272
337,26,53.7,0.26694227188081937,28,49.55882352941177,57.60606060606061,54.06060606060606,574,629,645,1139,1111,1272
338,26,53.76,0.2674032738095238,28,49.61764705882353,57.60606060606061,54.18181818181818,576,629,648,1140,1111,1272
339,26,53.82,0.26787068004459313,28,49.6764705882353,57.60606060606061,54.303030303030305,578,629,651,1141,1111,1272
340,27,53.87,0.26822906998329316,28,49.705882352941174,57.60606060606061,54.42424242424242,579,629,654,1142,1111,1272
341,27,53.93,0.2687316892267755,28,49.76470588235294,57.60606060606061,54.54545454545455,581,629,657,1143,1111,1272
342,27,53.99,0.2692406001111317,28,49.8235294117647,57.60606060606061,54.666666666666664,583,629,660,1144,1111,1272
343,24,54.05,0.26977428307123036,28,49.88235294117647,57.60606060606061,54.78787878787879,585,629,663,1145,1111,1272
344,25,54.1,0.2701959334565619,28,49.911764705882355,57.60606060606061,54.90909090909091,586,629,666,1146,1111,1272
345,28,54.16,0.27074593796159535,28,49.970588235294116,57.60606060606061,55.03030303030303,588,629,669,1147,1111,1272
346,25,54.22,0.2712984138694209,28,50.029411764705884,57.60606060606061,55.15151515151515,590,629,672,1148,1111,1272
347,25,54.28,0.27185703758290347,28,50.088235294117645,57.60606060606061,55.27272727272727,592,629,675,1149,1111,1272
348,29,54.33,0.27230443585496045,28,50.11764705882353,57.60606060606061,55.39393939393939,593,629,678,1150,1111,1272
349,24,54.38,0.27275468922397933,28,50.14705882352941,57.60606060606061,55.515151515151516,594,629,681,1151,1111,1272
350,28,54.43,0.2732151387102701,28,50.1764705882353,57.60606060606061,55.63636363636363,595,629,684,1152,1111,1272
351,26,54.48,0.2736820851688694,28,50.205882352941174,57.60606060606061,55.75757575757576,596,629,687,1153,1111,1272
352,21,54.53,0.2741518430221896,28,50.23529411764706,57.60606060606061,55.878787878787875,597,629,690,1154,1111,1272
353,18,54.59,0.2746418758014288,28,50.294117647058826,57.60606060606061,56.0,598,629,693,1155,1112,1272
354,21,54.65,0.27513815187557183,28,50.35294117647059,57.60606060606061,56.121212121212125,599,629,696,1156,1113,1272
355,19,54.7,0.27552833638025587,28,50.411764705882355,57.60606060606061,56.21212121212121,600,629,698,1157,1114,1272
356,14,54.75,0.27599452054794527,28,50.5,57.60606060606061,56.27272727272727,601,629,699,1158,1116,1272
357,19,54.79,0.2763880270122286,28,50.55882352941177,57.60606060606061,56.333333333333336,602,629,700,1159,1117,1272
358,19,54.85,0.27693527803099355,28,50.61764705882353,57.60606060606061,56.45454545454545,603,629,703,1160,1118,1272
359,20,54.9,0.27738797814207644,28,50.6764705882353,57.60606060606061,56.54545454545455,604,629,705,1161,1119,1272
360,28,54.97,0.27777151173367287,28,50.794117647058826,57.60606060606061,56.63636363636363,606,629,707,1162,1121,1272
361,25,55.03,0.2781337452298746,28,50.911764705882355,57.60606060606061,56.696969696969695,608,629,708,1163,1123,1272
362,22,55.09,0.27849882011254307,28,51.029411764705884,57.60606060606061,56.75757575757576,610,629,709,1164,1125,1272
363,22,55.15,0.2788703535811423,28,51.14705882352941,57.60606060606061,56.81818181818182,612,629,710,1165,1127,1272
364,19,55.21,0.2792410795145807,28,51.26470588235294,57.60606060606061,56.878787878787875,614,629,711,1166,1129,1272
365,19,55.27,0.27961461914239194,28,51.38235294117647,57.60606060606061,56.93939393939394,616,629,712,1167,1131,1272
366,16,55.33,0.27999096331104284,28,51.5,57.60606060606061,57.0,618,629,713,1168,1133,1272
367,17,55.38,0.28023835319609974,28,51.588235294117645,57.60606060606061,57.06060606060606,619,629,714,1169,1135,1272
368,24,55.43,0.28048168861627276,28,51.6764705882353,57.60606060606061,57.121212121212125,620,629,716,1169,1137,1272
369,28,55.51,0.28100702576112413,28,51.794117647058826,57.63636363636363,57.21212121212121,622,630,719,1169,1139,1272
370,30,55.58,0.2814969413458078,28,51.911764705882355,57.666666666666664,57.27272727272727,624,631,721,1169,1141,1272
371,40,55.66,0.28203018325547974,28,52.029411764705884,57.696969696969695,57.36363636363637,626,632,724,1169,1143,1272
372,35,55.74,0.2825690706853247,28,52.14705882352941,57.72727272727273,57.45454545454545,628,633,727,1169,1145,1272
373,33,55.82,0.28311357936223575,28,52.26470588235294,57.75757575757576,57.54545454545455,630,634,730,1169,1147,1272
374,39,55.88,0.28351467430207594,28,52.35294117647059,57.78787878787879,57.60606060606061,632,635,732,1169,1148,1272
375,44,55.95,0.28402680965147453,28,52.44117647058823,57.81818181818182,57.696969696969695,634,636,734,1170,1149,1272
376,48,56.03,0.2845957522755667,28,52.529411764705884,57.84848484848485,57.81818181818182,636,637,737,1171,1150,1272
377,54,56.12,0.28525659301496786,28,52.64705882352941,57.878787878787875,57.93939393939394,638,638,740,1172,1152,1272
378,48,56.21,0.28592243373065285,28,52.76470588235294,57.90909090909091,58.06060606060606,640,639,743,1173,1154,1272
379,51,56.3,0.2865861456483127,28,52.88235294117647,57.93939393939394,58.18181818181818,642,640,746,1174,1156,1272
380,45,56.39,0.28725128568895203,28,53.0,57.96969696969697,58.303030303030305,644,641,749,1175,1158,1272
381,45,56.48,0.2879178470254958,28,53.11764705882353,58.0,58.42424242424242,646,642,752,1176,1160,1272
382,44,56.58,0.2884093319194062,28,53.26470588235294,58.03030303030303,58.54545454545455,648,643,755,1177,1163,1272
383,39,56.69,0.2887122949373787,28,53.44117647058823,58.06060606060606,58.666666666666664,651,644,758,1178,1166,1272
384,40,56.8,0.288968309859155,28,53.64705882352941,58.09090909090909,58.75757575757576,654,645,760,1179,1170,1272
385,48,56.9,0.28939543057996486,28,53.8235294117647,58.121212121212125,58.84848484848485,657,646,762,1180,1173,1272
386,44,57.0,0.2901368421052632,28,53.970588235294116,58.15151515151515,58.96969696969697,659,647,765,1181,1176,1272
387,43,57.1,0.29087915936952713,28,54.11764705882353,58.18181818181818,59.09090909090909,661,648,768,1182,1179,1272
388,42,57.2,0.2916293706293706,28,54.26470588235294,58.21212121212121,59.21212121212121,663,649,771,1183,1182,1272
389,36,57.29,0.29227264793157615,28,54.411764705882355,58.21212121212121,59.333333333333336,665,649,774,1184,1185,1272
390,36,57.38,0.2929173928197979,28,54.55882352941177,58.21212121212121,59.45454545454545,667,649,777,1185,1188,1272
391,38,57.45,0.29333159268929504,28,54.6764705882353,58.21212121212121,59.54545454545455,668,649,779,1186,1191,1272
392,36,57.53,0.2938623326959846,28,54.794117647058826,58.21212121212121,59.666666666666664,669,649,782,1187,1194,1272
393,39,57.62,0.2945019090593544,28,54.911764705882355,58.24242424242424,59.78787878787879,670,650,785,1188,1197,1272
394,39,57.71,0.29513949055622946,28,55.029411764705884,58.27272727272727,59.90909090909091,671,651,788,1189,1200,1272
395,34,57.79,0.29567572244332935,28,55.14705882352941,58.303030303030305,60.0,672,652,790,1190,1203,1272
396,33,57.86,0.2961078465260975,28,55.26470588235294,58.303030303030305,60.09090909090909,673,652,792,1191,1206,1272
397,32,57.93,0.2965389262903504,28,55.38235294117647,58.303030303030305,60.18181818181818,674,652,794,1192,1209,1272
398,24,58.01,0.29708498534735384,28,55.5,58.333333333333336,60.27272727272727,675,653,796,1193,1212,1272
399,17,58.08,0.29752754820936644,28,55.61764705882353,58.333333333333336,60.36363636363637,676,653,798,1194,1215,1272
400,20,58.14,0.2978809769521844,28,55.73529411764706,58.333333333333336,60.42424242424242,677,653,799,1195,1218,1272
401,15,58.22,0.298447268979732,28,55.88235294117647,58.333333333333336,60.515151515151516,679,653,801,1196,1221,1272
402,13,58.27,0.2989685944740003,28,56.0,58.333333333333336,60.54545454545455,681,653,801,1197,1223,1272
403,15,58.31,0.29937060538501115,28,56.088235294117645,58.333333333333336,60.57575757575758,682,653,801,1198,1225,1272
404,13,58.36,0.29988348183687463,28,56.1764705882353,58.36363636363637,60.60606060606061,683,654,801,1199,1227,1272
405,14,58.41,0.3003989042972094,28,56.26470588235294,58.39393939393939,60.63636363636363,684,655,801,1200,1229,1272
406,6,58.49,0.30098991280560783,28,56.411764705882355,58.42424242424242,60.696969696969695,686,656,802,1201,1232,1272
407,8,58.53,0.3011635058944131,28,56.470588235294116,58.45454545454545,60.72727272727273,686,657,803,1201,1234,1272
408,8,58.56,0.30103825136612017,28,56.529411764705884,58.45454545454545,60.75757575757576,686,657,804,1201,1236,1272
409,8,58.59,0.30092336576207546,28,56.588235294117645,58.45454545454545,60.78787878787879,686,657,805,1201,1238,1272
410,13,58.63,0.3009397919154017,28,56.64705882352941,58.484848484848484,60.81818181818182,686,658,806,1201,1240,1272
411,13,58.69,0.3006423581530073,28,56.73529411764706,58.54545454545455,60.84848484848485,686,660,807,1201,1243,1272
412,13,58.75,0.30030808510638296,28,56.8235294117647,58.60606060606061,60.878787878787875,687,662,808,1201,1245,1272
413,10,58.81,0.30000510117326984,28,56.911764705882355,58.666666666666664,60.90909090909091,688,664,809,1201,1247,1272
414,8,58.86,0.29965341488277275,28,56.970588235294116,58.75757575757576,60.90909090909091,689,667,809,1201,1248,1272
415,7,58.9,0.29945670628183363,28,57.0,58.84848484848485,60.90909090909091,690,670,809,1201,1248,1272
416,7,58.93,0.29915662650602415,28,57.029411764705884,58.90909090909091,60.90909090909091,691,672,809,1201,1248,1272
417,7,58.96,0.2988704206241519,28,57.05882352941177,58.96969696969697,60.90909090909091,692,674,809,1201,1248,1272
418,7,58.99,0.298601457874216,28,57.088235294117645,59.03030303030303,60.90909090909091,693,676,809,1201,1248,1272
419,7,59.02,0.2983497119620468,28,57.11764705882353,59.09090909090909,60.90909090909091,694,678,809,1201,1248,1272
420,7,59.05,0.2981253175275191,28,57.14705882352941,59.15151515151515,60.90909090909091,695,680,809,1201,1248,1272
421,7,59.08,0.29791807718347996,28,57.1764705882353,59.21212121212121,60.90909090909091,696,682,809,1201,1248,1272
422,7,59.11,0.29772458128912194,28,57.205882352941174,59.27272727272727,60.90909090909091,697,684,809,1201,1248,1272
423,7,59.14,0.2975448089279675,28,57.23529411764706,59.333333333333336,60.90909090909091,698,686,809,1201,1248,1272
424,7,59.17,0.2973753591346966,28,57.26470588235294,59.39393939393939,60.90909090909091,699,688,809,1201,1248,1272
425,7,59.2,0.29722972972972966,28,57.294117647058826,59.45454545454545,60.90909090909091,700,690,809,1201,1248,1272
426,7,59.23,0.29709100118183357,28,57.3235294117647,59.515151515151516,60.90909090909091,701,692,809,1201,1248,1272
427,13,59.26,0.2969794127573405,28,57.35294117647059,59.57575757575758,60.90909090909091,702,694,809,1201,1248,1272
428,17,59.31,0.2970982970831226,28,57.38235294117647,59.666666666666664,60.93939393939394,703,697,810,1201,1248,1272
429,16,59.38,0.2972414954530144,28,57.44117647058823,59.75757575757576,61.0,704,700,812,1201,1249,1272
430,15,59.45,0.2974146341463414,28,57.5,59.84848484848485,61.06060606060606,705,703,814,1201,1250,1272
431,17,59.52,0.2975974462365592,28,57.55882352941177,59.93939393939394,61.121212121212125,706,706,816,1201,1251,1272
432,17,59.58,0.29766364551863034,28,57.61764705882353,60.06060606060606,61.121212121212125,707,709,816,1201,1252,1273
433,15,59.63,0.29765386550394096,28,57.6764705882353,60.15151515151515,61.121212121212125,708,711,816,1201,1253,1274
434,13,59.68,0.29766420911528146,28,57.73529411764706,60.24242424242424,61.121212121212125,709,713,816,1201,1254,1275
435,11,59.73,0.29769797421731126,28,57.794117647058826,60.333333333333336,61.121212121212125,710,715,816,1201,1255,1276
436,9,59.78,0.29775844764135156,28,57.85294117647059,60.42424242424242,61.121212121212125,711,717,816,1201,1256,1277
437,7,59.83,0.2978422196222631,28,57.911764705882355,60.515151515151516,61.121212121212125,712,719,816,1201,1257,1278
438,7,59.86,0.29790177079853,28,57.94117647058823,60.57575757575758,61.121212121212125,713,721,816,1201,1257,1278
439,7,59.89,0.2979746201369177,28,57.970588235294116,60.63636363636363,61.121212121212125,714,723,816,1201,1257,1278
440,7,59.92,0.2980640854472629,28,58.0,60.696969696969695,61.121212121212125,715,725,816,1201,1257,1278
441,7,59.95,0.2981634695579649,28,58.029411764705884,60.75757575757576,61.121212121212125,716,727,816,1201,1257,1278
442,7,59.98,0.298269423141047,28,58.05882352941177,60.81818181818182,61.121212121212125,717,729,816,1201,1257,1278
443,7,60.01,0.2983786035660724,28,58.088235294117645,60.878787878787875,61.121212121212125,718,731,816,1201,1257,1278
444,7,60.04,0.29849100599600265,28,58.11764705882353,60.93939393939394,61.121212121212125,719,733,816,1201,1257,1278
445,7,60.07,0.2986032961544865,28,58.14705882352941,61.0,61.121212121212125,720,735,816,1201,1257,1278
446,7,60.1,0.29871880199667217,28,58.1764705882353,61.06060606060606,61.121212121212125,721,737,816,1201,1257,1278
447,7,60.13,0.29878430068185596,28,58.1764705882353,61.15151515151515,61.121212121212125,721,739,816,1201,1257,1279
448,4,60.16,0.2988630319148936,28,58.1764705882353,61.24242424242424,61.121212121212125,721,741,816,1201,1257,1280
449,1,60.19,0.29895165309852134,28,58.1764705882353,61.333333333333336,61.121212121212125,721,743,816,1201,1257,1281
450,0,60.2,0.2989036544850498,28,58.1764705882353,61.36363636363637,61.121212121212125,721,743,816,1201,1257,1282
451,0,60.2,0.2989036544850498,28,58.1764705882353,61.36363636363637,61.121212121212125,721,743,816,1201,1257,1282
452,0,60.2,0.2989036544850498,28,58.1764705882353,61.36363636363637,61.121212121212125,721,743,816,1201,1257,1282
453,0,60.2,0.2989036544850498,28,58.1764705882353,61.36363636363637,61.121212121212125,721,743,816,1201,1257,1282
454,0,60.2,0.2989036544850498,28,58.1764705882353,61.36363636363637,61.121212121212125,721,743,816,1201,1257,1282
455,0,60.2,0.2989036544850498,28,58.1764705882353,61.36363636363637,61.121212121212125,721,743,816,1201,1257,1282
456,0,60.2,0.2989036544850498,28,58.1764705882353,61.36363636363637,61.121212121212125,721,743,816,1201,1257,1282
457,0,60.2,0.2989036544850498,28,58.1764705882353,61.36363636363637,61.121212121212125,721,743,816,1201,1257,1282
458,0,60.2,0.2989036544850498,28,58.1764705882353,61.36363636363637,61.121212121212125,721,743,816,1201,1257,1282
459,0,60.2,0.2989036544850498,28,58.1764705882353,61.36363636363637,61.121212121212125,721,743,816,1201,1257,1282
460,0,60.2,0.2989036544850498,28,58.1764705882353,61.36363636363637,61.121212121212125,721,743,816,1201,1257,1282
461,0,60.2,0.2989036544850498,28,58.1764705882353,61.36363636363637,61.121212121212125,721,743,816,1201,1257,1282
462,0,60.2,0.2989036544850498,28,58.1764705882353,61.36363636363637,61.121212121212125,721,743,816,1201,1257,1282
463,0,60.2,0.2989036544850498,28,58.1764705882353,61.36363636363637,61.121212121212125,721,743,816,1201,1257,1282
464,3,60.2,0.2989036544850498,28,58.1764705882353,61.36363636363637,61.121212121212125,721,743,816,1201,1257,1282
465,11,60.21,0.29878923766816146,28,58.205882352941174,61.36363636363637,61.121212121212125,722,743,816,1201,1257,1282
466,13,60.25,0.2989991701244813,28,58.26470588235294,61.36363636363637,61.18181818181818,724,743,818,1201,1257,1282
467,21,60.29,0.29922541051584006,28,58.3235294117647,61.36363636363637,61.24242424242424,726,743,820,1201,1257,1282
468,23,60.33,0.2994546660036467,28,58.38235294117647,61.36363636363637,61.303030303030305,728,743,822,1201,1257,1282
469,22,60.37,0.29970018220970684,28,58.44117647058823,61.36363636363637,61.36363636363637,730,743,824,1201,1257,1282
470,21,60.41,0.2999553054130111,28,58.5,61.36363636363637,61.42424242424242,732,743,826,1201,1257,1282
471,26,60.45,0.3002167080231597,28,58.55882352941177,61.36363636363637,61.484848484848484,734,743,828,1201,1257,1282
472,27,60.5,0.3003735537190083,28,58.61764705882353,61.39393939393939,61.54545454545455,736,744,830,1201,1257,1282
473,27,60.56,0.3003797886393659,28,58.705882352941174,61.42424242424242,61.60606060606061,739,745,832,1201,1257,1282
474,28,60.64,0.3003693931398416,28,58.8235294117647,61.484848484848484,61.666666666666664,742,747,834,1201,1258,1282
475,26,60.72,0.3003919631093544,28,58.94117647058823,61.54545454545455,61.72727272727273,745,749,836,1201,1259,1282
476,25,60.79,0.3003372265175193,28,59.029411764705884,61.60606060606061,61.78787878787879,748,751,838,1201,1259,1282
477,27,60.86,0.30029904699309895,28,59.11764705882353,61.666666666666664,61.84848484848485,751,753,840,1201,1259,1282
478,26,60.93,0.30028721483669785,28,59.205882352941174,61.72727272727273,61.90909090909091,754,755,842,1201,1259,1282
479,25,61.0,0.3002885245901639,28,59.294117647058826,61.78787878787879,61.96969696969697,757,757,844,1201,1259,1282
480,27,61.07,0.3003291305059767,28,59.38235294117647,61.84848484848485,62.03030303030303,760,759,846,1201,1259,1282
481,26,61.14,0.3004056264311417,28,59.470588235294116,61.90909090909091,62.09090909090909,763,761,848,1201,1259,1282
482,25,61.21,0.3005113543538637,28,59.55882352941177,61.96969696969697,62.15151515151515,766,763,850,1201,1259,1282
483,27,61.28,0.3006462140992167,28,59.64705882352941,62.03030303030303,62.21212121212121,769,765,852,1201,1259,1282
484,26,61.35,0.3007938060309698,28,59.73529411764706,62.09090909090909,62.27272727272727,772,767,854,1201,1259,1282
485,28,61.42,0.30096385542168674,28,59.8235294117647,62.15151515151515,62.333333333333336,775,769,856,1201,1259,1282
486,32,61.5,0.3010959349593496,28,59.94117647058823,62.21212121212121,62.39393939393939,778,771,858,1201,1260,1282
487,30,61.58,0.30126014939915563,28,60.05882352941177,62.27272727272727,62.45454545454545,781,773,860,1201,1261,1282
488,28,61.66,0.3014596172559196,28,60.1764705882353,62.333333333333336,62.515151515151516,784,775,862,1201,1262,1282
489,29,61.74,0.3016909620991254,28,60.294117647058826,62.39393939393939,62.57575757575758,787,777,864,1201,1263,1282
490,27,61.82,0.30193788417987705,28,60.411764705882355,62.45454545454545,62.63636363636363,790,779,866,1201,1264,1282
491,25,61.9,0.302200323101777,28,60.529411764705884,62.515151515151516,62.696969696969695,793,781,868,1201,1265,1282
492,27,61.97,0.3024802323705019,28,60.588235294117645,62.57575757575758,62.78787878787879,795,783,870,1202,1265,1282
493,26,62.04,0.30278852353320446,28,60.64705882352941,62.63636363636363,62.878787878787875,797,785,872,1203,1265,1282
494,26,62.1,0.30308534621578104,28,60.705882352941174,62.666666666666664,62.96969696969697,799,786,874,1204,1265,1282
495,26,62.16,0.3034105534105534,28,60.76470588235294,62.696969696969695,63.06060606060606,801,787,876,1205,1265,1282
496,23,62.22,0.3037447765991642,28,60.8235294117647,62.72727272727273,63.15151515151515,803,788,878,1206,1265,1282
497,20,62.28,0.3040976236351959,28,60.88235294117647,62.75757575757576,63.24242424242424,805,789,880,1207,1265,1282
498,27,62.33,0.30442323118883363,28,60.94117647058823,62.75757575757576,63.333333333333336,807,789,882,1208,1265,1282
499,27,62.39,0.3047683923705722,28,61.0,62.78787878787879,63.42424242424242,809,790,884,1209,1265,1282
500,26,62.46,0.30511047070124875,28,61.088235294117645,62.81818181818182,63.515151515151516,812,791,886,1210,1265,1282
501,28,62.53,0.3054709739325123,28,61.1764705882353,62.84848484848485,63.60606060606061,815,792,888,1211,1265,1282
502,28,62.59,0.30582041859722,28,61.26470588235294,62.84848484848485,63.696969696969695,818,792,890,1212,1265,1282
503,25,62.65,0.30617238627294496,28,61.35294117647059,62.84848484848485,63.78787878787879,821,792,892,1213,1265,1282
504,25,62.71,0.3065300590017542,28,61.44117647058823,62.84848484848485,63.878787878787875,824,792,894,1214,1265,1282
505,25,62.77,0.3069029791301577,28,61.529411764705884,62.84848484848485,63.96969696969697,827,792,896,1215,1265,1282
506,22,62.83,0.30729110297628526,28,61.61764705882353,62.84848484848485,64.06060606060606,830,792,898,1216,1265,1282
507,25,62.89,0.30768802671330886,28,61.705882352941174,62.84848484848485,64.15151515151516,833,792,900,1217,1265,1282
508,25,62.95,0.30813820492454325,28,61.794117647058826,62.878787878787875,64.21212121212122,836,793,902,1217,1265,1282
509,25,63.01,0.3085716552928106,28,61.88235294117647,62.90909090909091,64.27272727272727,839,794,904,1217,1265,1282
510,27,63.08,0.3090519974635383,28,61.970588235294116,62.96969696969697,64.33333333333333,842,796,906,1217,1265,1282
511,26,63.15,0.30954077593032464,28,62.05882352941177,63.03030303030303,64.39393939393939,845,798,908,1217,1265,1282
512,25,63.22,0.3100379626700412,28,62.14705882352941,63.09090909090909,64.45454545454545,848,800,910,1217,1265,1282
513,27,63.29,0.3105372096697741,28,62.23529411764706,63.15151515151515,64.51515151515152,851,802,912,1217,1265,1282
514,26,63.36,0.3110416666666667,28,62.3235294117647,63.21212121212121,64.57575757575758,854,804,914,1217,1265,1282
515,25,63.43,0.3115544694939304,28,62.411764705882355,63.27272727272727,64.63636363636364,857,806,916,1217,1265,1282
516,30,63.5,0.3120157480314961,28,62.470588235294116,63.36363636363637,64.6969696969697,859,808,918,1217,1265,1283
517,28,63.58,0.31253224284366155,28,62.55882352941177,63.45454545454545,64.75757575757575,862,810,920,1217,1265,1284
518,26,63.66,0.3130600062833804,28,62.64705882352941,63.54545454545455,64.81818181818181,865,812,922,1217,1265,1285
519,28,63.73,0.31354621057586696,28,62.73529411764706,63.60606060606061,64.87878787878788,868,813,924,1217,1265,1286
520,25,63.79,0.3139849506192193,28,62.794117647058826,63.666666666666664,64.93939393939394,870,814,926,1217,1265,1287
521,22,63.85,0.31443539545810495,28,62.85294117647059,63.72727272727273,65.0,872,815,928,1217,1265,1288
522,22,63.91,0.3148912533249883,28,62.911764705882355,63.78787878787879,65.06060606060606,874,816,930,1217,1265,1289
523,20,63.96,0.3153001876172608,28,62.970588235294116,63.81818181818182,65.12121212121212,876,816,932,1217,1265,1290
524,19,64.0,0.315684375,28,63.029411764705884,63.81818181818182,65.18181818181819,878,816,934,1217,1265,1290
525,21,64.04,0.31606808244846973,28,63.088235294117645,63.81818181818182,65.24242424242425,880,816,936,1217,1265,1290
526,20,64.08,0.3164513108614233,28,63.14705882352941,63.81818181818182,65.3030303030303,882,816,938,1217,1265,1290
527,19,64.12,0.31683406113537116,28,63.205882352941174,63.81818181818182,65.36363636363636,884,816,940,1217,1265,1290
528,21,64.16,0.31721633416458855,28,63.26470588235294,63.81818181818182,65.42424242424242,886,816,942,1217,1265,1290
529,20,64.2,0.31759813084112154,28,63.3235294117647,63.81818181818182,65.48484848484848,888,816,944,1217,1265,1290
530,19,64.24,0.3179794520547945,28,63.38235294117647,63.81818181818182,65.54545454545455,890,816,946,1217,1265,1290
531,21,64.28,0.3183602986932172,28,63.44117647058823,63.81818181818182,65.60606060606061,892,816,948,1217,1265,1290
532,20,64.32,0.3187406716417911,28,63.5,63.81818181818182,65.66666666666667,894,816,950,1217,1265,1290
533,19,64.36,0.31912057178371656,28,63.55882352941177,63.81818181818182,65.72727272727273,896,816,952,1217,1265,1290
534,21,64.4,0.3195031055900621,28,63.61764705882353,63.81818181818182,65.78787878787878,898,816,954,1217,1265,1290
535,20,64.44,0.319885164494103,28,63.6764705882353,63.81818181818182,65.84848484848484,900,816,956,1217,1265,1290
536,19,64.48,0.32026674937965255,28,63.73529411764706,63.81818181818182,65.9090909090909,902,816,958,1217,1265,1290
537,24,64.52,0.3206478611283323,28,63.794117647058826,63.81818181818182,65.96969696969697,904,816,960,1217,1265,1290
538,22,64.57,0.3209865262505808,28,63.88235294117647,63.81818181818182,66.03030303030303,906,816,962,1217,1266,1290
539,20,64.62,0.3213277623026927,28,63.970588235294116,63.81818181818182,66.0909090909091,908,816,964,1217,1267,1290
540,21,64.67,0.3216746559455699,28,64.05882352941177,63.81818181818182,66.15151515151516,910,816,966,1217,1268,1290
541,20,64.71,0.3220537783959203,28,64.11764705882354,63.81818181818182,66.21212121212122,912,816,968,1217,1268,1290
542,19,64.75,0.3224324324324324,28,64.17647058823529,63.81818181818182,66.27272727272727,914,816,970,1217,1268,1290
543,27,64.79,0.3228106189226733,28,64.23529411764706,63.81818181818182,66.33333333333333,916,816,972,1217,1268,1290
544,27,64.85,0.32322436391673093,28,64.29411764705883,63.878787878787875,66.39393939393939,918,818,974,1217,1268,1290
545,26,64.92,0.3236167590881084,28,64.3529411764706,63.93939393939394,66.48484848484848,920,820,977,1217,1268,1290
546,28,64.99,0.32401754116017856,28,64.41176470588235,64.0,66.57575757575758,922,822,980,1217,1268,1290
547,26,65.07,0.32425234362993705,28,64.47058823529412,64.0909090909091,66.66666666666667,924,824,983,1217,1268,1291
548,25,65.14,0.3246760822843108,28,64.52941176470588,64.15151515151516,66.75757575757575,926,826,986,1217,1268,1291
549,27,65.21,0.3251081122527219,28,64.58823529411765,64.21212121212122,66.84848484848484,928,828,989,1217,1268,1291
550,29,65.28,0.32555147058823536,28,64.6470588235294,64.27272727272727,66.93939393939394,930,830,992,1217,1268,1291
551,27,65.36,0.32605875152998776,28,64.70588235294117,64.36363636363636,67.03030303030303,932,833,995,1217,1268,1291
552,31,65.44,0.32657701711491444,28,64.76470588235294,64.45454545454545,67.12121212121212,934,836,998,1217,1268,1291
553,40,65.53,0.32702121165878223,28,64.8529411764706,64.54545454545455,67.21212121212122,937,839,1001,1217,1268,1291
554,44,65.61,0.3274302697759488,28,64.94117647058823,64.60606060606061,67.3030303030303,940,841,1004,1217,1268,1291
555,54,65.69,0.3278474653676359,28,65.02941176470588,64.66666666666667,67.39393939393939,943,843,1007,1217,1268,1291
556,55,65.77,0.3282697278394404,28,65.11764705882354,64.72727272727273,67.48484848484848,946,845,1010,1217,1268,1291
557,50,65.85,0.328712224753227,28,65.20588235294117,64.78787878787878,67.57575757575758,949,847,1013,1217,1268,1291
558,51,65.93,0.3291688154102836,28,65.29411764705883,64.84848484848484,67.66666666666667,952,849,1016,1217,1268,1291
559,57,66.02,0.32950015146925166,28,65.38235294117646,64.9090909090909,67.78787878787878,955,851,1019,1218,1268,1291
560,54,66.11,0.3298457116926335,28,65.47058823529412,64.96969696969697,67.9090909090909,958,853,1022,1219,1268,1291
561,54,66.2,0.3302054380664653,28,65.55882352941177,65.03030303030303,68.03030303030303,961,855,1025,1220,1268,1291
562,54,66.29,0.3305822899381505,28,65.6470588235294,65.0909090909091,68.15151515151516,964,857,1028,1221,1268,1291
563,51,66.38,0.33098222356131357,28,65.73529411764706,65.15151515151516,68.27272727272727,967,859,1031,1222,1268,1291
564,54,66.47,0.33139010079735215,28,65.82352941176471,65.21212121212122,68.39393939393939,970,861,1034,1223,1268,1291
565,51,66.56,0.33181490384615386,28,65.91176470588235,65.27272727272727,68.51515151515152,973,863,1037,1224,1268,1291
566,53,66.66,0.332076207620762,28,66.0,65.36363636363636,68.63636363636364,976,865,1040,1225,1268,1292
567,52,66.76,0.33235170760934696,28,66.08823529411765,65.45454545454545,68.75757575757575,979,867,1043,1226,1268,1293
568,51,66.86,0.33264134011367036,28,66.17647058823529,65.54545454545455,68.87878787878788,982,869,1046,1227,1268,1294
569,56,66.96,0.3329480286738351,28,66.26470588235294,65.63636363636364,69.0,985,871,1049,1228,1268,1295
570,58,67.06,0.3332657321801372,28,66.3529411764706,65.72727272727273,69.12121212121212,988,873,1052,1229,1268,1296
571,54,67.16,0.3335944014294223,28,66.44117647058823,65.81818181818181,69.24242424242425,991,875,1055,1230,1268,1297
572,50,67.26,0.3339339875111507,28,66.52941176470588,65.9090909090909,69.36363636363636,994,877,1058,1231,1268,1298
573,52,67.36,0.3342874109263658,28,66.61764705882354,66.0,69.48484848484848,997,879,1061,1232,1268,1299
574,51,67.46,0.33464868069967396,28,66.70588235294117,66.0909090909091,69.60606060606061,1000,881,1064,1233,1268,1300
575,52,67.57,0.3350791771496226,28,66.79411764705883,66.21212121212122,69.72727272727273,1003,883,1067,1234,1268,1302
576,53,67.68,0.33551418439716313,28,66.88235294117646,66.33333333333333,69.84848484848484,1006,885,1070,1235,1268,1304
577,51,67.79,0.33596253134680637,28,66.97058823529412,66.45454545454545,69.96969696969697,1009,887,1073,1236,1268,1306
578,45,67.91,0.3363701958474452,28,67.08823529411765,66.57575757575758,70.0909090909091,1012,889,1076,1237,1269,1308
579,45,68.0,0.3367,28,67.17647058823529,66.66666666666667,70.18181818181819,1015,890,1078,1238,1269,1310
580,39,68.09,0.33703480687325593,28,67.26470588235294,66.75757575757575,70.27272727272727,1018,891,1080,1239,1269,1312
581,39,68.18,0.3373804634790261,28,67.3529411764706,66.84848484848484,70.36363636363636,1021,892,1082,1240,1269,1314
582,35,68.28,0.3378060925600468,28,67.44117647058823,66.96969696969697,70.45454545454545,1024,894,1084,1241,1269,1316
583,31,68.38,0.33824217607487567,28,67.52941176470588,67.0909090909091,70.54545454545455,1027,896,1086,1242,1269,1318
584,28,68.47,0.3386461223893676,28,67.58823529411765,67.21212121212122,70.63636363636364,1029,898,1088,1243,1269,1320
585,27,68.54,0.3389728625620076,28,67.6470588235294,67.3030303030303,70.6969696969697,1031,899,1090,1243,1269,1322
586,24,68.6,0.33923323615160356,28,67.70588235294117,67.36363636363636,70.75757575757575,1033,899,1092,1243,1269,1324
587,21,68.66,0.3394931546752112,28,67.76470588235294,67.42424242424242,70.81818181818181,1035,899,1094,1243,1269,1326
588,25,68.71,0.33991995342744874,28,67.82352941176471,67.45454545454545,70.87878787878788,1037,899,1096,1243,1269,1327
589,28,68.77,0.3404057001599534,28,67.88235294117646,67.48484848484848,70.96969696969697,1039,899,1099,1243,1269,1328
590,33,68.84,0.34089192330040674,28,67.94117647058823,67.54545454545455,71.06060606060606,1041,901,1102,1243,1269,1328
591,36,68.93,0.34149862179022195,28,68.05882352941177,67.60606060606061,71.15151515151516,1045,903,1105,1243,1269,1328
592,39,69.02,0.3421124311793683,28,68.17647058823529,67.66666666666667,71.24242424242425,1049,905,1108,1243,1269,1328
593,41,69.12,0.34277777777777774,28,68.29411764705883,67.72727272727273,71.36363636363636,1053,907,1112,1243,1269,1328
594,45,69.23,0.34352303914487936,28,68.41176470588235,67.78787878787878,71.51515151515152,1057,909,1116,1244,1269,1328
595,44,69.33,0.34419587480167324,28,68.52941176470588,67.84848484848484,71.63636363636364,1061,911,1120,1244,1269,1328
596,46,69.43,0.34487541408613,28,68.6470588235294,67.9090909090909,71.75757575757575,1065,913,1124,1244,1269,1328
597,48,69.53,0.3455616280742126,28,68.76470588235294,67.96969696969697,71.87878787878788,1069,915,1128,1244,1269,1328
598,50,69.63,0.3462487433577481,28,68.88235294117646,68.03030303030303,72.0,1073,917,1132,1244,1269,1328
599,49,69.73,0.3469367560590851,28,69.0,68.0909090909091,72.12121212121212,1077,919,1136,1244,1269,1328
600,51,69.83,0.34762566232278386,28,69.11764705882354,68.15151515151516,72.24242424242425,1081,921,1140,1244,1269,1328
601,50,69.93,0.34831831831831833,28,69.23529411764706,68.21212121212122,72.36363636363636,1085,923,1144,1244,1269,1328
602,52,70.03,0.34901185206340146,28,69.3529411764706,68.27272727272727,72.48484848484848,1089,925,1148,1244,1269,1328
603,56,70.14,0.3497177074422584,28,69.47058823529412,68.36363636363636,72.60606060606061,1093,927,1152,1244,1269,1329
604,53,70.26,0.3502875035582123,28,69.58823529411765,68.48484848484848,72.72727272727273,1097,929,1156,1244,1269,1331
605,50,70.38,0.35086104006820124,28,69.70588235294117,68.60606060606061,72.84848484848484,1101,931,1160,1244,1269,1333
606,50,70.5,0.35144680851063825,28,69.82352941176471,68.72727272727273,72.96969696969697,1105,933,1164,1244,1269,1335
607,47,70.62,0.352041914471821,28,69.94117647058823,68.84848484848484,73.0909090909091,1109,935,1168,1244,1269,1337
608,42,70.73,0.3525788208680899,28,70.05882352941177,68.93939393939394,73.21212121212122,1113,936,1172,1244,1269,1339
609,46,70.84,0.35312535290796165,28,70.17647058823529,69.03030303030303,73.33333333333333,1117,937,1176,1244,1269,1341
610,43,70.96,0.35374577226606535,28,70.29411764705883,69.15151515151516,73.45454545454545,1121,939,1180,1244,1269,1343
611,37,71.08,0.3543669105233539,28,70.41176470588235,69.27272727272727,73.57575757575758,1125,941,1184,1244,1269,1345
612,38,71.19,0.35494170529568764,28,70.52941176470588,69.39393939393939,73.66666666666667,1129,943,1187,1244,1269,1347
613,36,71.3,0.3554053295932678,28,70.6470588235294,69.45454545454545,73.81818181818181,1133,944,1191,1245,1269,1348
614,35,71.4,0.35583753501400567,28,70.73529411764706,69.51515151515152,73.96969696969697,1136,945,1195,1246,1269,1349
615,37,71.5,0.3562461538461538,28,70.79411764705883,69.60606060606061,74.12121212121212,1138,947,1199,1247,1269,1350
616,33,71.6,0.35668715083798885,28,70.88235294117646,69.6969696969697,74.24242424242425,1141,949,1202,1248,1269,1351
617,29,71.7,0.3571046025104603,28,70.97058823529412,69.78787878787878,74.36363636363636,1144,950,1205,1249,1269,1353
618,28,71.8,0.3575431754874651,28,71.05882352941177,69.87878787878788,74.48484848484848,1147,951,1208,1250,1269,1355
619,29,71.88,0.3578992765720646,28,71.1470588235294,69.93939393939394,74.57575757575758,1150,952,1210,1251,1269,1356
620,31,71.95,0.3583280055594163,28,71.23529411764706,70.0,74.63636363636364,1153,953,1212,1251,1269,1357
621,36,72.02,0.358764232157734,28,71.32352941176471,70.06060606060606,74.6969696969697,1156,954,1214,1251,1269,1358
622,33,72.11,0.35917764526417967,28,71.44117647058823,70.12121212121212,74.78787878787878,1159,955,1217,1251,1270,1359
623,30,72.2,0.3595927977839335,28,71.55882352941177,70.18181818181819,74.87878787878788,1162,956,1220,1251,1271,1360
624,31,72.28,0.3599391256225789,28,71.6470588235294,70.24242424242425,74.96969696969697,1164,957,1223,1251,1272,1361
625,26,72.36,0.3603012714206744,28,71.73529411764706,70.3030303030303,75.06060606060606,1166,958,1226,1251,1273,1362
626,22,72.43,0.360611625017258,28,71.82352941176471,70.33333333333333,75.15151515151516,1168,958,1229,1251,1274,1363
627,21,72.5,0.3609324137931034,28,71.91176470588235,70.36363636363636,75.24242424242425,1170,958,1232,1251,1275,1364
628,20,72.54,0.3612599944858009,28,71.97058823529412,70.36363636363636,75.3030303030303,1172,958,1234,1251,1275,1364
629,19,72.58,0.36158721410856987,28,72.02941176470588,70.36363636363636,75.36363636363636,1174,958,1236,1251,1275,1364
630,21,72.62,0.3619140732580556,28,72.08823529411765,70.36363636363636,75.42424242424242,1176,958,1238,1251,1275,1364
631,20,72.66,0.36224057252958985,28,72.1470588235294,70.36363636363636,75.48484848484848,1178,958,1240,1251,1275,1364
632,19,72.7,0.36256671251719397,28,72.20588235294117,70.36363636363636,75.54545454545455,1180,958,1242,1251,1275,1364
633,24,72.74,0.36289249381358263,28,72.26470588235294,70.36363636363636,75.60606060606061,1182,958,1244,1251,1275,1364
634,28,72.79,0.36325731556532487,28,72.32352941176471,70.39393939393939,75.66666666666667,1184,959,1246,1251,1275,1364
635,31,72.85,0.3634962251201098,28,72.41176470588235,70.42424242424242,75.72727272727273,1186,960,1248,1251,1276,1364
636,37,72.91,0.36374297078590045,28,72.5,70.45454545454545,75.78787878787878,1188,961,1250,1251,1277,1364
637,34,72.97,0.3639920515280252,28,72.58823529411765,70.48484848484848,75.84848484848484,1190,962,1252,1251,1278,1364
638,36,73.04,0.3642853231106243,28,72.70588235294117,70.51515151515152,75.9090909090909,1192,963,1254,1251,1280,1364
639,38,73.11,0.36459171112022987,28,72.82352941176471,70.54545454545455,75.96969696969697,1194,964,1256,1251,1282,1364
640,37,73.18,0.36490024596884396,28,72.94117647058823,70.57575757575758,76.03030303030303,1196,965,1258,1251,1284,1364
641,51,73.25,0.3652163822525597,28,73.05882352941177,70.60606060606061,76.0909090909091,1198,966,1260,1251,1286,1364
642,63,73.34,0.3655276793018817,28,73.1470588235294,70.63636363636364,76.24242424242425,1200,967,1264,1252,1287,1364
643,65,73.47,0.36591125629508636,28,73.29411764705883,70.6969696969697,76.42424242424242,1203,969,1268,1254,1289,1364
644,78,73.61,0.366361907349545,28,73.44117647058823,70.78787878787878,76.60606060606061,1206,972,1272,1256,1291,1364
645,75,73.76,0.3666648590021693,28,73.61764705882354,70.87878787878788,76.78787878787878,1210,975,1276,1258,1293,1364
646,69,73.91,0.36698011094574484,28,73.79411764705883,70.96969696969697,76.96969696969697,1214,978,1280,1260,1295,1364
647,73,74.05,0.36724240378122885,28,73.97058823529412,71.06060606060606,77.12121212121212,1218,981,1283,1262,1297,1364
648,73,74.17,0.36762437643251983,28,74.11764705882354,71.12121212121212,77.27272727272727,1221,983,1286,1264,1299,1364
649,62,74.28,0.3679671513193323,28,74.23529411764706,71.18181818181819,77.42424242424242,1223,985,1289,1266,1301,1364
650,72,74.39,0.3683196666218578,28,74.3529411764706,71.24242424242425,77.57575757575758,1225,987,1292,1268,1303,1364
651,63,74.51,0.3687196349483291,28,74.47058823529412,71.33333333333333,77.72727272727273,1227,990,1295,1270,1305,1364
652,66,74.63,0.36912367680557423,28,74.58823529411765,71.42424242424242,77.87878787878788,1229,993,1298,1272,1307,1364
653,66,74.75,0.3695719063545151,28,74.70588235294117,71.51515151515152,78.03030303030303,1231,996,1301,1274,1309,1364
654,66,74.87,0.37000801389074395,28,74.82352941176471,71.57575757575758,78.21212121212122,1233,998,1305,1276,1311,1364
655,56,75.0,0.370392,28,74.97058823529412,71.63636363636364,78.39393939393939,1235,1000,1309,1278,1314,1364
656,61,75.13,0.37079062957540265,28,75.11764705882354,71.6969696969697,78.57575757575758,1237,1002,1313,1280,1317,1364
657,55,75.25,0.37113488372093023,28,75.26470588235294,71.75757575757575,78.72727272727273,1239,1004,1316,1282,1320,1364
658,48,75.38,0.37155213584505176,28,75.41176470588235,71.81818181818181,78.9090909090909,1241,1006,1320,1284,1323,1364
659,45,75.5,0.37194437086092713,28,75.55882352941177,71.87878787878788,79.06060606060606,1243,1008,1323,1286,1326,1364
660,45,75.62,0.3722084104734197,28,75.70588235294117,71.93939393939394,79.21212121212122,1245,1009,1326,1288,1329,1365
661,43,75.73,0.37264888419384656,28,75.8529411764706,72.0,79.33333333333333,1247,1010,1329,1289,1332,1366
662,50,75.84,0.3731091772151899,28,76.0,72.06060606060606,79.45454545454545,1249,1011,1332,1290,1335,1367
663,44,75.96,0.37342022116903634,28,76.1470588235294,72.12121212121212,79.60606060606061,1251,1012,1335,1292,1338,1368
664,40,76.06,0.37389429397843804,28,76.26470588235294,72.18181818181819,79.72727272727273,1253,1013,1338,1293,1340,1369
665,41,76.14,0.3743708957184135,28,76.38235294117646,72.21212121212122,79.81818181818181,1255,1014,1340,1294,1342,1369
666,42,76.22,0.37485174494883233,28,76.5,72.24242424242425,79.9090909090909,1257,1015,1342,1295,1344,1369
667,44,76.32,0.3753459119496856,28,76.61764705882354,72.3030303030303,80.03030303030303,1259,1016,1345,1296,1346,1370
668,42,76.46,0.3757598744441538,28,76.76470588235294,72.42424242424242,80.18181818181819,1261,1018,1349,1297,1349,1372
669,43,76.57,0.37625832571503204,28,76.88235294117646,72.51515151515152,80.3030303030303,1263,1020,1352,1298,1351,1373
670,40,76.69,0.3767257791107054,28,77.0,72.57575757575758,80.48484848484848,1265,1022,1356,1300,1353,1373
671,33,76.79,0.37712071884359943,28,77.11764705882354,72.60606060606061,80.63636363636364,1267,1023,1359,1302,1355,1373
672,29,76.89,0.37748601898816486,28,77.23529411764706,72.63636363636364,80.78787878787878,1269,1024,1362,1304,1357,1373
673,23,76.98,0.3777864380358535,28,77.32352941176471,72.66666666666667,80.93939393939394,1270,1025,1365,1306,1359,1373
674,15,77.06,0.3780119387490267,28,77.41176470588235,72.6969696969697,81.06060606060606,1271,1026,1367,1308,1361,1373
675,12,77.12,0.37814834024896266,28,77.47058823529412,72.72727272727273,81.15151515151516,1272,1027,1368,1310,1362,1373
676,7,77.17,0.3782104444732409,28,77.5,72.75757575757575,81.24242424242425,1272,1028,1369,1312,1363,1373
677,11,77.19,0.37828604741546834,28,77.52941176470588,72.75757575757575,81.27272727272727,1272,1028,1369,1313,1364,1373
678,10,77.23,0.3784034701540852,28,77.58823529411765,72.78787878787878,81.3030303030303,1272,1028,1369,1314,1366,1374
679,7,77.26,0.37846233497281906,28,77.6470588235294,72.81818181818181,81.3030303030303,1272,1028,1369,1314,1368,1375
680,4,77.29,0.37852632940872044,28,77.70588235294117,72.84848484848484,81.3030303030303,1272,1028,1369,1314,1370,1376
681,2,77.31,0.37854223257017205,28,77.73529411764706,72.87878787878788,81.3030303030303,1272,1028,1369,1314,1371,1377
682,1,77.32,0.3785385411277807,28,77.73529411764706,72.9090909090909,81.3030303030303,1272,1028,1369,1314,1371,1378
683,0,77.33,0.37854002327686537,28,77.73529411764706,72.93939393939394,81.3030303030303,1272,1028,1369,1314,1371,1379
684,6,77.33,0.37854002327686537,28,77.73529411764706,72.93939393939394,81.3030303030303,1272,1028,1369,1314,1371,1379
685,7,77.35,0.37849127343244987,28,77.76470588235294,72.96969696969697,81.3030303030303,1273,1029,1369,1314,1371,1379
686,7,77.38,0.3784931506849315,28,77.82352941176471,73.0,81.3030303030303,1275,1030,1369,1314,1371,1379
687,7,77.41,0.37849761012789046,28,77.88235294117646,73.03030303030303,81.3030303030303,1277,1031,1369,1314,1371,1379
688,7,77.44,0.3784555785123967,28,77.91176470588235,73.0909090909091,81.3030303030303,1278,1032,1369,1314,1371,1380
689,7,77.47,0.37842648767264747,28,77.94117647058823,73.15151515151516,81.3030303030303,1279,1033,1369,1314,1371,1381
690,5,77.49,0.37837011227255135,28,77.97058823529412,73.18181818181819,81.3030303030303,1280,1033,1369,1314,1371,1382
691,6,77.51,0.37832408721455296,28,78.0,73.21212121212122,81.3030303030303,1281,1033,1369,1314,1371,1383
692,7,77.53,0.3782677673158777,28,78.0,73.27272727272727,81.3030303030303,1281,1034,1369,1314,1371,1384
693,7,77.56,0.37825941206807634,28,78.02941176470588,73.33333333333333,81.3030303030303,1282,1035,1369,1314,1371,1385
694,6,77.6,0.3781932989690721,28,78.08823529411765,73.39393939393939,81.3030303030303,1284,1036,1369,1314,1371,1386
695,6,77.63,0.37821847224011335,28,78.1470588235294,73.42424242424242,81.3030303030303,1286,1037,1369,1314,1371,1386
696,6,77.66,0.37824620139067733,28,78.20588235294117,73.45454545454545,81.3030303030303,1288,1038,1369,1314,1371,1386
697,6,77.69,0.3782764834599048,28,78.26470588235294,73.48484848484848,81.3030303030303,1290,1039,1369,1314,1371,1386
698,6,77.72,0.378309315491508,28,78.32352941176471,73.51515151515152,81.3030303030303,1292,1040,1369,1314,1371,1386
699,6,77.75,0.3783498392282958,28,78.38235294117646,73.54545454545455,81.3030303030303,1294,1041,1369,1314,1371,1386
700,6,77.78,0.3783929030599126,28,78.44117647058823,73.57575757575758,81.3030303030303,1296,1042,1369,1314,1371,1386
701,6,77.81,0.3784410744120293,28,78.5,73.60606060606061,81.3030303030303,1298,1043,1369,1314,1371,1386
702,12,77.84,0.378450668036999,28,78.55882352941177,73.63636363636364,81.3030303030303,1299,1044,1369,1314,1372,1386
703,13,77.89,0.3785993067145975,28,78.6470588235294,73.66666666666667,81.33333333333333,1300,1045,1370,1314,1374,1386
704,7,77.95,0.3787107119948685,28,78.73529411764706,73.72727272727273,81.36363636363636,1301,1046,1371,1314,1376,1387
705,2,78.0,0.3788,28,78.82352941176471,73.75757575757575,81.39393939393939,1302,1046,1372,1314,1378,1388
706,0,78.02,0.37877980005126893,28,78.8529411764706,73.78787878787878,81.39393939393939,1302,1046,1372,1314,1379,1389
707,0,78.02,0.37877980005126893,28,78.8529411764706,73.78787878787878,81.39393939393939,1302,1046,1372,1314,1379,1389
708,0,78.02,0.37877980005126893,28,78.8529411764706,73.78787878787878,81.39393939393939,1302,1046,1372,1314,1379,1389
709,0,78.02,0.37877980005126893,28,78.8529411764706,73.78787878787878,81.39393939393939,1302,1046,1372,1314,1379,1389
710,6,78.02,0.37877980005126893,28,78.8529411764706,73.78787878787878,81.39393939393939,1302,1046,1372,1314,1379,1389
711,7,78.04,0.3788800615069195,28,78.88235294117646,73.78787878787878,81.42424242424242,1302,1046,1373,1314,1380,1389
712,5,78.06,0.37898027158595954,28,78.91176470588235,73.78787878787878,81.45454545454545,1302,1046,1374,1314,1381,1389
713,12,78.08,0.37908299180327865,28,78.94117647058823,73.78787878787878,81.48484848484848,1302,1046,1375,1314,1382,1389
714,15,78.11,0.379146076046601,28,79.02941176470588,73.78787878787878,81.48484848484848,1304,1046,1375,1314,1383,1389
715,14,78.15,0.3792514395393474,28,79.11764705882354,73.81818181818181,81.48484848484848,1306,1047,1375,1314,1384,1389
716,16,78.19,0.3793618109732702,28,79.20588235294117,73.84848484848484,81.48484848484848,1308,1048,1375,1314,1385,1389
717,17,78.24,0.37955010224948876,28,79.29411764705883,73.87878787878788,81.51515151515152,1310,1049,1376,1314,1386,1389
718,17,78.3,0.37978799489144316,28,79.38235294117646,73.93939393939394,81.54545454545455,1312,1051,1377,1314,1387,1389
719,22,78.37,0.380044659946408,28,79.47058823529412,74.03030303030303,81.57575757575758,1314,1053,1378,1314,1388,1390
720,21,78.44,0.38034931157572666,28,79.52941176470588,74.12121212121212,81.63636363636364,1316,1055,1380,1314,1388,1391
721,20,78.51,0.3806559673926888,28,79.58823529411765,74.21212121212122,81.6969696969697,1318,1057,1382,1314,1388,1392
722,19,78.58,0.3809646220412318,28,79.6470588235294,74.3030303030303,81.75757575757575,1320,1059,1384,1314,1388,1393
723,18,78.65,0.3812778130959949,28,79.70588235294117,74.39393939393939,81.81818181818181,1322,1061,1386,1314,1388,1394
724,17,78.72,0.38159044715447155,28,79.76470588235294,74.48484848484848,81.87878787878788,1324,1063,1388,1314,1388,1395
725,16,78.79,0.3819101408808224,28,79.82352941176471,74.57575757575758,81.93939393939394,1326,1065,1390,1314,1388,1396
726,14,78.84,0.3821131405377981,28,79.88235294117646,74.63636363636364,81.96969696969697,1328,1066,1391,1314,1388,1397
727,13,78.88,0.38224645030425963,28,79.94117647058823,74.6969696969697,81.96969696969697,1330,1067,1391,1314,1388,1398
728,15,78.92,0.38238215914850476,28,80.0,74.75757575757575,81.96969696969697,1332,1068,1391,1314,1388,1399
729,19,78.97,0.38256679751804484,28,80.05882352941177,74.84848484848484,81.96969696969697,1334,1070,1391,1314,1388,1400
730,21,79.04,0.3828997975708502,28,80.11764705882354,74.93939393939394,82.03030303030303,1336,1072,1393,1314,1388,1401
731,17,79.11,0.38323726456832263,28,80.17647058823529,75.03030303030303,82.0909090909091,1338,1074,1395,1314,1388,1402
732,17,79.17,0.38352785145888596,28,80.23529411764706,75.0909090909091,82.15151515151516,1340,1075,1397,1314,1388,1403
733,20,79.23,0.38379275526946866,28,80.29411764705883,75.18181818181819,82.18181818181819,1342,1077,1398,1314,1388,1404
734,28,79.3,0.38413871374527114,28,80.3529411764706,75.27272727272727,82.24242424242425,1344,1079,1400,1314,1388,1405
735,32,79.38,0.38454774502393546,28,80.41176470588235,75.39393939393939,82.3030303030303,1346,1082,1402,1314,1388,1406
736,36,79.46,0.3848074502894538,28,80.47058823529412,75.54545454545455,82.33333333333333,1348,1085,1403,1314,1388,1408
737,45,79.55,0.38501697045883093,28,80.52941176470588,75.72727272727273,82.36363636363636,1350,1088,1404,1314,1388,1411
738,42,79.64,0.3852561526870919,28,80.58823529411765,75.87878787878788,82.42424242424242,1352,1090,1406,1314,1388,1414
739,45,79.73,0.38549730339897154,28,80.6470588235294,76.03030303030303,82.48484848484848,1354,1092,1408,1314,1388,1417
740,49,79.81,0.3858100488660569,28,80.70588235294117,76.15151515151516,82.54545454545455,1356,1094,1410,1314,1388,1419
741,48,79.91,0.3861181328995119,28,80.76470588235294,76.33333333333333,82.60606060606061,1358,1097,1412,1314,1388,1422
742,45,80.0,0.38648249999999995,28,80.82352941176471,76.48484848484848,82.66666666666667,1360,1100,1414,1314,1388,1424
743,42,80.09,0.3868460481957798,28,80.88235294117646,76.63636363636364,82.72727272727273,1362,1103,1416,1314,1388,1426
744,40,80.2,0.3871995012468828,28,80.94117647058823,76.84848484848484,82.78787878787878,1364,1107,1418,1314,1388,1429
745,43,80.29,0.38745173745173744,28,81.0,77.03030303030303,82.81818181818181,1366,1111,1419,1314,1388,1431
746,46,80.38,0.38771087335158,28,81.05882352941177,77.21212121212122,82.84848484848484,1368,1115,1420,1314,1388,1433
747,52,80.47,0.38801665216851,28,81.11764705882354,77.36363636363636,82.9090909090909,1370,1118,1422,1314,1388,1435
748,60,80.57,0.3883740846468909,28,81.17647058823529,77.51515151515152,83.0,1372,1121,1425,1314,1388,1437
749,59,80.67,0.38874054791124335,28,81.23529411764706,77.66666666666667,83.0909090909091,1374,1124,1428,1314,1388,1439
750,61,80.77,0.38911600841896743,28,81.29411764705883,77.81818181818181,83.18181818181819,1376,1127,1431,1314,1388,1441
751,72,80.87,0.3895004327933721,28,81.3529411764706,77.96969696969697,83.27272727272727,1378,1130,1434,1314,1388,1443
752,62,80.97,0.38989131777201436,28,81.41176470588235,78.12121212121212,83.36363636363636,1380,1133,1437,1314,1388,1445
753,57,81.08,0.3903231376418352,28,81.47058823529412,78.3030303030303,83.45454545454545,1382,1136,1440,1314,1388,1448
754,61,81.19,0.3907636408424683,28,81.52941176470588,78.48484848484848,83.54545454545455,1384,1139,1443,1314,1388,1451
755,56,81.3,0.39121525215252156,28,81.58823529411765,78.66666666666667,83.63636363636364,1386,1142,1446,1314,1388,1454
756,48,81.41,0.39167055644269744,28,81.6470588235294,78.84848484848484,83.72727272727273,1388,1145,1449,1314,1388,1457
757,52,81.52,0.39213199214916583,28,81.70588235294117,79.03030303030303,83.81818181818181,1390,1148,1452,1314,1388,1460
758,48,81.62,0.39259985297721145,28,81.76470588235294,79.18181818181819,83.9090909090909,1392,1151,1455,1314,1388,1462
759,43,81.7,0.3930379436964504,28,81.82352941176471,79.27272727272727,84.0,1394,1154,1458,1314,1388,1462
760,49,81.79,0.3934771977014305,28,81.88235294117646,79.39393939393939,84.0909090909091,1396,1157,1461,1314,1388,1463
761,46,81.88,0.39391792867611136,28,81.94117647058823,79.51515151515152,84.18181818181819,1398,1160,1464,1314,1388,1464
762,40,81.97,0.39435769183847746,28,82.0,79.63636363636364,84.27272727272727,1400,1163,1467,1314,1388,1465
763,46,82.06,0.3948013648549841,28,82.05882352941177,79.75757575757575,84.36363636363636,1402,1166,1470,1314,1388,1466
764,43,82.15,0.39525136944613515,28,82.11764705882354,79.87878787878788,84.45454545454545,1404,1169,1473,1314,1388,1467
765,37,82.24,0.39570525291828795,28,82.17647058823529,80.0,84.54545454545455,1406,1172,1476,1314,1388,1468
766,43,82.33,0.3961605733025628,28,82.23529411764706,80.12121212121212,84.63636363636364,1408,1175,1479,1314,1388,1469
767,41,82.41,0.3966035675282126,28,82.29411764705883,80.21212121212122,84.72727272727273,1410,1178,1482,1314,1388,1469
768,36,82.49,0.3970481270457025,28,82.3529411764706,80.3030303030303,84.81818181818181,1412,1181,1485,1314,1388,1469
769,43,82.57,0.3974918251180817,28,82.41176470588235,80.39393939393939,84.9090909090909,1414,1184,1488,1314,1388,1469
770,41,82.65,0.3979370840895342,28,82.47058823529412,80.48484848484848,85.0,1416,1187,1491,1314,1388,1469
771,36,82.73,0.39838148192916717,28,82.52941176470588,80.57575757575758,85.0909090909091,1418,1190,1494,1314,1388,1469
772,43,82.81,0.39882502113271345,28,82.58823529411765,80.66666666666667,85.18181818181819,1420,1193,1497,1314,1388,1469
773,41,82.89,0.39926770418627094,28,82.6470588235294,80.75757575757575,85.27272727272727,1422,1196,1500,1314,1388,1469
774,36,82.97,0.3997095335663493,28,82.70588235294117,80.84848484848484,85.36363636363636,1424,1199,1503,1314,1388,1469
775,43,83.05,0.4001505117399157,28,82.76470588235294,80.93939393939394,85.45454545454545,1426,1202,1506,1314,1388,1469
776,41,83.13,0.40059064116444126,28,82.82352941176471,81.03030303030303,85.54545454545455,1428,1205,1509,1314,1388,1469
777,36,83.21,0.40102992428794615,28,82.88235294117646,81.12121212121212,85.63636363636364,1430,1208,1512,1314,1388,1469
778,43,83.29,0.4014683635490455,28,82.94117647058823,81.21212121212122,85.72727272727273,1432,1211,1515,1314,1388,1469
779,41,83.37,0.40190836032145855,28,83.0,81.3030303030303,85.81818181818181,1434,1214,1518,1314,1388,1469
780,36,83.45,0.40234751348112646,28,83.05882352941177,81.39393939393939,85.9090909090909,1436,1217,1521,1314,1388,1469
781,43,83.53,0.4027858254519334,28,83.11764705882354,81.48484848484848,86.0,1438,1220,1524,1314,1388,1469
782,41,83.61,0.40322329864848705,28,83.17647058823529,81.57575757575758,86.0909090909091,1440,1223,1527,1314,1388,1469
783,36,83.69,0.4036599354761621,28,83.23529411764706,81.66666666666667,86.18181818181819,1442,1226,1530,1314,1388,1469
784,43,83.77,0.40409573833114476,28,83.29411764705883,81.75757575757575,86.27272727272727,1444,1229,1533,1314,1388,1469
785,41,83.85,0.40453070960047705,28,83.3529411764706,81.84848484848484,86.36363636363636,1446,1232,1536,1314,1388,1469
786,36,83.93,0.4049648516620994,28,83.41176470588235,81.93939393939394,86.45454545454545,1448,1235,1539,1314,1388,1469
787,43,84.01,0.40540292822283064,28,83.47058823529412,82.03030303030303,86.54545454545455,1450,1238,1542,1314,1388,1469
788,41,84.09,0.4058401712450945,28,83.52941176470588,82.12121212121212,86.63636363636364,1452,1241,1545,1314,1388,1469
789,36,84.17,0.40627895924913865,28,83.58823529411765,82.21212121212122,86.72727272727273,1454,1244,1548,1314,1388,1469
790,43,84.25,0.4067169139465875,28,83.6470588235294,82.3030303030303,86.81818181818181,1456,1247,1551,1314,1388,1469
791,41,84.33,0.4071540377090003,28,83.70588235294117,82.39393939393939,86.9090909090909,1458,1250,1554,1314,1388,1469
792,36,84.41,0.4075903328989456,28,83.76470588235294,82.48484848484848,87.0,1460,1253,1557,1314,1388,1469
793,43,84.49,0.4080281690140845,28,83.82352941176471,82.57575757575758,87.0909090909091,1462,1256,1560,1314,1388,1469
794,41,84.57,0.4084651767766347,28,83.88235294117646,82.66666666666667,87.18181818181819,1464,1259,1563,1314,1388,1469
795,36,84.65,0.4089013585351447,28,83.94117647058823,82.75757575757575,87.27272727272727,1466,1262,1566,1314,1388,1469
796,43,84.73,0.40933671662929305,28,84.0,82.84848484848484,87.36363636363636,1468,1265,1569,1314,1388,1469
797,41,84.81,0.4097712533899304,28,84.05882352941177,82.93939393939394,87.45454545454545,1470,1268,1572,1314,1388,1469
798,36,84.89,0.4102073271292261,28,84.11764705882354,83.03030303030303,87.54545454545455,1472,1271,1575,1314,1388,1469
799,43,84.97,0.4106425797340238,28,84.17647058823529,83.12121212121212,87.63636363636364,1474,1274,1578,1314,1388,1469
800,41,85.05,0.411077013521458,28,84.23529411764706,83.21212121212122,87.72727272727273,1476,1277,1581,1314,1388,1469
801,36,85.13,0.41151063079995304,28,84.29411764705883,83.3030303030303,87.81818181818181,1478,1280,1584,1314,1388,1469
802,43,85.21,0.4119434338692642,28,84.3529411764706,83.39393939393939,87.9090909090909,1480,1283,1587,1314,1388,1469
803,41,85.29,0.4123754250205182,28,84.41176470588235,83.48484848484848,88.0,1482,1286,1590,1314,1388,1469
804,36,85.37,0.41280660653625395,28,84.47058823529412,83.57575757575758,88.0909090909091,1484,1289,1593,1314,1388,1469
805,43,85.45,0.4132369806904622,28,84.52941176470588,83.66666666666667,88.18181818181819,1486,1292,1596,1314,1388,1469
806,41,85.53,0.4136665497486262,28,84.58823529411765,83.75757575757575,88.27272727272727,1488,1295,1599,1314,1388,1469
807,36,85.61,0.4140953159677608,28,84.6470588235294,83.84848484848484,88.36363636363636,1490,1298,1602,1314,1388,1469
808,46,85.69,0.41452328159645235,28,84.70588235294117,83.93939393939394,88.45454545454545,1492,1301,1605,1314,1388,1469
809,49,85.78,0.414970855677314,28,84.76470588235294,84.06060606060606,88.54545454545455,1494,1305,1608,1314,1388,1469
810,48,85.88,0.4154611085235212,28,84.82352941176471,84.18181818181819,88.66666666666667,1496,1309,1611,1315,1388,1469
811,59,85.98,0.4159502209816236,28,84.88235294117646,84.3030303030303,88.78787878787878,1498,1313,1614,1316,1388,1469
812,61,86.08,0.4164381970260223,28,84.94117647058823,84.42424242424242,88.9090909090909,1500,1317,1617,1317,1388,1469
813,57,86.18,0.41692504061267116,28,85.0,84.54545454545455,89.03030303030303,1502,1321,1620,1318,1388,1469
814,53,86.28,0.41741075567918406,28,85.05882352941177,84.66666666666667,89.15151515151516,1504,1325,1623,1319,1388,1469
815,70,86.38,0.41789534614494095,28,85.11764705882354,84.78787878787878,89.27272727272727,1506,1329,1626,1320,1388,1469
816,69,86.48,0.4183811285846438,28,85.17647058823529,84.9090909090909,89.39393939393939,1508,1333,1629,1321,1388,1469
817,61,86.59,0.4187608268853216,28,85.23529411764706,85.06060606060606,89.51515151515152,1510,1337,1632,1322,1388,1470
818,65,86.7,0.4191510957324106,28,85.29411764705883,85.21212121212122,89.63636363636364,1512,1341,1635,1323,1388,1471
819,63,86.81,0.41954037553277274,28,85.3529411764706,85.36363636363636,89.75757575757575,1514,1345,1638,1324,1388,1472
820,55,86.92,0.41993557294063505,28,85.41176470588235,85.51515151515152,89.87878787878788,1516,1349,1641,1325,1388,1473
821,50,87.03,0.42033896357577843,28,85.47058823529412,85.66666666666667,90.0,1518,1353,1644,1326,1388,1474
822,60,87.14,0.4207436309387193,28,85.52941176470588,85.81818181818181,90.12121212121212,1520,1357,1647,1327,1388,1475
823,55,87.25,0.42114727793696277,28,85.58823529411765,85.96969696969697,90.24242424242425,1522,1361,1650,1328,1388,1476
824,56,87.36,0.4215567765567766,28,85.6470588235294,86.12121212121212,90.36363636363636,1524,1365,1653,1329,1388,1477
825,51,87.47,0.42197210472161883,28,85.70588235294117,86.27272727272727,90.48484848484848,1526,1369,1656,1330,1388,1478
826,49,87.58,0.4223886732130624,28,85.76470588235294,86.42424242424242,90.60606060606061,1528,1373,1659,1331,1388,1479
827,53,87.69,0.42280419660166496,28,85.82352941176471,86.57575757575758,90.72727272727273,1530,1377,1662,1332,1388,1480
828,53,87.81,0.4232285616672361,28,85.91176470588235,86.72727272727273,90.84848484848484,1532,1381,1665,1333,1389,1481
829,59,87.93,0.4236585920618674,28,86.0,86.87878787878788,90.96969696969697,1534,1385,1668,1334,1390,1482
830,59,88.05,0.4240874503123226,28,86.08823529411765,87.03030303030303,91.0909090909091,1536,1389,1671,1335,1391,1483
831,59,88.17,0.4243745037994783,28,86.17647058823529,87.18181818181819,91.21212121212122,1537,1393,1674,1336,1393,1484
832,56,88.29,0.42466530750934417,28,86.26470588235294,87.33333333333333,91.33333333333333,1538,1397,1677,1337,1395,1485
833,56,88.41,0.4248738830449044,28,86.3529411764706,87.51515151515152,91.42424242424242,1539,1401,1680,1337,1397,1487
834,50,88.53,0.425099966113182,28,86.44117647058823,87.6969696969697,91.51515151515152,1540,1405,1683,1337,1399,1489
835,44,88.65,0.4253344613649182,28,86.52941176470588,87.87878787878788,91.60606060606061,1541,1409,1686,1337,1401,1491
836,45,88.76,0.425615141955836,28,86.61764705882354,88.03030303030303,91.6969696969697,1542,1413,1689,1337,1403,1492
837,41,88.86,0.4258946657663741,28,86.67647058823529,88.18181818181819,91.78787878787878,1543,1417,1692,1337,1404,1493
838,38,88.95,0.4262091062394604,28,86.73529411764706,88.3030303030303,91.87878787878788,1544,1421,1695,1337,1405,1493
839,42,89.03,0.4266056385488038,28,86.76470588235294,88.42424242424242,91.96969696969697,1545,1425,1698,1337,1405,1493
840,40,89.11,0.4270014588710583,28,86.79411764705883,88.54545454545455,92.06060606060606,1546,1429,1701,1337,1405,1493
841,38,89.19,0.4273965691220989,28,86.82352941176471,88.66666666666667,92.15151515151516,1547,1433,1704,1337,1405,1493
842,42,89.27,0.4277909712109331,28,86.8529411764706,88.78787878787878,92.24242424242425,1548,1437,1707,1337,1405,1493
843,40,89.35,0.4281869054280918,28,86.88235294117646,88.9090909090909,92.33333333333333,1549,1441,1710,1337,1405,1493
844,38,89.43,0.4285821312758582,28,86.91176470588235,89.03030303030303,92.42424242424242,1550,1445,1713,1337,1405,1493
845,42,89.51,0.4289766506535582,28,86.94117647058823,89.15151515151516,92.51515151515152,1551,1449,1716,1337,1405,1493
846,40,89.59,0.4293704654537337,28,86.97058823529412,89.27272727272727,92.60606060606061,1552,1453,1719,1337,1405,1493
847,38,89.67,0.4297635775621724,28,87.0,89.39393939393939,92.6969696969697,1553,1457,1722,1337,1405,1493
848,42,89.75,0.430158217270195,28,87.02941176470588,89.51515151515152,92.78787878787878,1554,1461,1725,1337,1405,1493
849,40,89.83,0.4305521540687966,28,87.05882352941177,89.63636363636364,92.87878787878788,1555,1465,1728,1337,1405,1493
850,38,89.91,0.4309498387276165,28,87.08823529411765,89.75757575757575,92.96969696969697,1556,1469,1731,1337,1405,1493
851,42,89.99,0.43134681631292365,28,87.11764705882354,89.87878787878788,93.06060606060606,1557,1473,1734,1337,1405,1493
852,40,90.07,0.4317430887087821,28,87.1470588235294,90.0,93.15151515151516,1558,1477,1737,1337,1405,1493
853,38,90.15,0.43213865779256794,28,87.17647058823529,90.12121212121212,93.24242424242425,1559,1481,1740,1337,1405,1493
854,42,90.23,0.43253574199268535,28,87.20588235294117,90.24242424242425,93.33333333333333,1560,1485,1743,1337,1405,1493
855,40,90.31,0.43293212268851733,28,87.23529411764706,90.36363636363636,93.42424242424242,1561,1489,1746,1337,1405,1493
856,38,90.39,0.43332780174798097,28,87.26470588235294,90.48484848484848,93.51515151515152,1562,1493,1749,1337,1405,1493
857,42,90.47,0.4337249917099591,28,87.29411764705883,90.60606060606061,93.60606060606061,1563,1497,1752,1337,1405,1493
858,40,90.55,0.43412147984538924,28,87.32352941176471,90.72727272727273,93.6969696969697,1564,1501,1755,1337,1405,1493
859,38,90.63,0.43451726801279933,28,87.3529411764706,90.84848484848484,93.78787878787878,1565,1505,1758,1337,1405,1493
860,42,90.71,0.4349123580641605,28,87.38235294117646,90.96969696969697,93.87878787878788,1566,1509,1761,1337,1405,1493
861,40,90.79,0.43530675184491685,28,87.41176470588235,91.0909090909091,93.96969696969697,1567,1513,1764,1337,1405,1493
862,38,90.87,0.4357004511940134,28,87.44117647058823,91.21212121212122,94.06060606060606,1568,1517,1767,1337,1405,1493
863,42,90.95,0.43609345794392523,28,87.47058823529412,91.33333333333333,94.15151515151516,1569,1521,1770,1337,1405,1493
864,40,91.03,0.4364879709985719,28,87.5,91.45454545454545,94.24242424242425,1570,1525,1773,1337,1405,1493
865,38,91.11,0.4368839863900779,28,87.52941176470588,91.57575757575758,94.33333333333333,1571,1529,1776,1337,1405,1493
866,42,91.19,0.43727930694155065,28,87.55882352941177,91.6969696969697,94.42424242424242,1572,1533,1779,1337,1405,1493
867,40,91.27,0.437673934480114,28,87.58823529411765,91.81818181818181,94.51515151515152,1573,1537,1782,1337,1405,1493
868,38,91.35,0.4380678708264915,28,87.61764705882354,91.93939393939394,94.60606060606061,1574,1541,1785,1337,1405,1493
869,42,91.43,0.43846111779503444,28,87.6470588235294,92.06060606060606,94.6969696969697,1575,1545,1788,1337,1405,1493
870,40,91.51,0.43885367719374935,28,87.67647058823529,92.18181818181819,94.78787878787878,1576,1549,1791,1337,1405,1493
871,38,91.59,0.4392455508243258,28,87.70588235294117,92.3030303030303,94.87878787878788,1577,1553,1794,1337,1405,1493
872,42,91.67,0.43963892222101014,28,87.73529411764706,92.42424242424242,94.96969696969697,1578,1557,1797,1337,1405,1493
873,40,91.75,0.4400316076294278,28,87.76470588235294,92.54545454545455,95.06060606060606,1579,1561,1800,1337,1405,1493
874,38,91.83,0.4404236088424262,28,87.79411764705883,92.66666666666667,95.15151515151516,1580,1565,1803,1337,1405,1493
875,42,91.91,0.4408149276466108,28,87.82352941176471,92.78787878787878,95.24242424242425,1581,1569,1806,1337,1405,1493
876,40,91.99,0.44120773997173607,28,87.8529411764706,92.9090909090909,95.33333333333333,1582,1573,1809,1337,1405,1493
877,38,92.07,0.4415998696643858,28,87.88235294117646,93.03030303030303,95.42424242424242,1583,1577,1812,1337,1405,1493
878,42,92.15,0.44199131850244167,28,87.91176470588235,93.15151515151516,95.51515151515152,1584,1581,1815,1337,1405,1493
879,40,92.23,0.4423820882576168,28,87.94117647058823,93.27272727272727,95.60606060606061,1585,1585,1818,1337,1405,1493
880,38,92.31,0.44277218069548263,28,87.97058823529412,93.39393939393939,95.6969696969697,1586,1589,1821,1337,1405,1493
881,42,92.39,0.4431615975754952,28,88.0,93.51515151515152,95.78787878787878,1587,1593,1824,1337,1405,1493
882,40,92.47,0.44355034065102195,28,88.02941176470588,93.63636363636364,95.87878787878788,1588,1597,1827,1337,1405,1493
883,38,92.55,0.4439405726634251,28,88.05882352941177,93.75757575757575,95.96969696969697,1589,1601,1830,1337,1405,1493
884,42,92.63,0.4443301306272266,28,88.08823529411765,93.87878787878788,96.06060606060606,1590,1605,1833,1337,1405,1493
885,40,92.71,0.4447190162873476,28,88.11764705882354,94.0,96.15151515151516,1591,1609,1836,1337,1405,1493
886,38,92.79,0.44510723138269215,28,88.1470588235294,94.12121212121212,96.24242424242425,1592,1613,1839,1337,1405,1493
887,42,92.87,0.44549477764617207,28,88.17647058823529,94.24242424242425,96.33333333333333,1593,1617,1842,1337,1405,1493
888,40,92.95,0.44588165680473374,28,88.20588235294117,94.36363636363636,96.42424242424242,1594,1621,1845,1337,1405,1493
889,38,93.03,0.446267870579383,28,88.23529411764706,94.48484848484848,96.51515151515152,1595,1625,1848,1337,1405,1493
890,42,93.11,0.4466534206852111,28,88.26470588235294,94.60606060606061,96.60606060606061,1596,1629,1851,1337,1405,1493
891,40,93.19,0.4470383088314197,28,88.29411764705883,94.72727272727273,96.6969696969697,1597,1633,1854,1337,1405,1493
892,38,93.27,0.4474246810335585,28,88.32352941176471,94.84848484848484,96.78787878787878,1598,1637,1857,1337,1405,1493
893,42,93.35,0.44781039100160686,28,88.3529411764706,94.96969696969697,96.87878787878788,1599,1641,1860,1337,1405,1493
894,40,93.43,0.4481954404366906,28,88.38235294117646,95.0909090909091,96.96969696969697,1600,1645,1863,1337,1405,1493
895,38,93.51,0.448579831034114,28,88.41176470588235,95.21212121212122,97.06060606060606,1601,1649,1866,1337,1405,1493
896,42,93.59,0.4489635644833849,28,88.44117647058823,95.33333333333333,97.15151515151516,1602,1653,1869,1337,1405,1493
897,40,93.67,0.4493466424682396,28,88.47058823529412,95.45454545454545,97.24242424242425,1603,1657,1872,1337,1405,1493
898,38,93.75,0.4497290666666667,28,88.5,95.57575757575758,97.33333333333333,1604,1661,1875,1337,1405,1493
899,42,93.83,0.45011083875093255,28,88.52941176470588,95.6969696969697,97.42424242424242,1605,1665,1878,1337,1405,1493
900,40,93.91,0.45049196038760514,28,88.55882352941177,95.81818181818181,97.51515151515152,1606,1669,1881,1337,1405,1493
901,38,93.99,0.4508724332375785,28,88.58823529411765,95.93939393939394,97.60606060606061,1607,1673,1884,1337,1405,1493
902,42,94.07,0.45125225895609655,28,88.61764705882354,96.06060606060606,97.6969696969697,1608,1677,1887,1337,1405,1493
903,40,94.15,0.4516314391927775,28,88.6470588235294,96.18181818181819,97.78787878787878,1609,1681,1890,1337,1405,1493
904,38,94.23,0.45200997559163747,28,88.67647058823529,96.3030303030303,97.87878787878788,1610,1685,1893,1337,1405,1493
905,42,94.31,0.45238999045700345,28,88.70588235294117,96.42424242424242,97.96969696969697,1611,1689,1896,1337,1405,1493
906,46,94.39,0.4527693611611399,28,88.73529411764706,96.54545454545455,98.06060606060606,1612,1693,1899,1337,1405,1493
907,49,94.48,0.4531710414902625,28,88.76470588235294,96.6969696969697,98.15151515151516,1613,1698,1902,1337,1405,1493
908,58,94.57,0.45357195728032146,28,88.79411764705883,96.84848484848484,98.24242424242425,1614,1703,1905,1337,1405,1493
909,57,94.67,0.4538914122742157,28,88.8529411764706,97.0,98.33333333333333,1615,1708,1908,1337,1406,1493
910,56,94.77,0.45421652421652425,28,88.91176470588235,97.15151515151516,98.42424242424242,1616,1713,1911,1337,1407,1493
911,60,94.88,0.4544519392917369,28,88.97058823529412,97.33333333333333,98.51515151515152,1617,1718,1914,1337,1408,1494
912,58,94.99,0.45468891462259187,28,89.02941176470588,97.51515151515152,98.60606060606061,1618,1723,1917,1337,1409,1495
913,56,95.1,0.454931650893796,28,89.08823529411765,97.6969696969697,98.6969696969697,1619,1728,1920,1337,1410,1496
914,57,95.21,0.45518432937716624,28,89.1470588235294,97.87878787878788,98.78787878787878,1620,1733,1923,1337,1411,1497
915,55,95.32,0.45544062106588334,28,89.20588235294117,98.06060606060606,98.87878787878788,1621,1738,1926,1337,1412,1498
916,51,95.42,0.45564871096206244,28,89.23529411764706,98.24242424242425,98.96969696969697,1621,1743,1929,1337,1413,1499
917,58,95.53,0.4559101852821103,28,89.29411764705883,98.42424242424242,99.06060606060606,1622,1748,1932,1337,1414,1500
918,56,95.64,0.4561815140108741,28,89.3529411764706,98.60606060606061,99.15151515151516,1623,1753,1935,1337,1415,1501
919,54,95.75,0.4564563968668407,28,89.41176470588235,98.78787878787878,99.24242424242425,1624,1758,1938,1337,1416,1502
920,59,95.85,0.4566875326030256,28,89.44117647058823,98.96969696969697,99.33333333333333,1624,1763,1941,1337,1417,1503
921,57,95.96,0.4569758232596915,28,89.5,99.15151515151516,99.42424242424242,1625,1768,1944,1337,1418,1504
922,55,96.07,0.45726969917768295,28,89.55882352941177,99.33333333333333,99.51515151515152,1626,1773,1947,1337,1419,1505
923,59,96.18,0.45756706175920153,28,89.61764705882354,99.51515151515152,99.60606060606061,1627,1778,1950,1337,1420,1506
924,60,96.29,0.45786166787828436,28,89.67647058823529,99.6969696969697,99.6969696969697,1628,1783,1953,1337,1421,1507
925,59,96.42,0.458070939639079,28,89.76470588235294,99.9090909090909,99.78787878787878,1630,1788,1956,1337,1422,1509
926,61,96.55,0.45828793371310206,28,89.8529411764706,100.12121212121212,99.87878787878788,1632,1793,1959,1337,1423,1511
927,54,96.68,0.45851055026892845,28,89.94117647058823,100.33333333333333,99.96969696969697,1634,1798,1962,1337,1424,1513
928,57,96.8,0.458698347107438,28,90.0,100.54545454545455,100.06060606060606,1635,1803,1965,1337,1425,1515
929,60,96.92,0.4589806025588114,28,90.08823529411765,100.72727272727273,100.15151515151516,1637,1808,1968,1337,1426,1516
930,54,97.04,0.45926215993404784,28,90.17647058823529,100.9090909090909,100.24242424242425,1639,1813,1971,1337,1427,1517
931,54,97.16,0.4595430218196789,28,90.26470588235294,101.0909090909091,100.33333333333333,1641,1818,1974,1337,1428,1518
932,61,97.27,0.45978102189781017,28,90.32352941176471,101.27272727272727,100.42424242424242,1642,1823,1977,1337,1429,1519
933,55,97.39,0.460064688366362,28,90.41176470588235,101.45454545454545,100.51515151515152,1644,1828,1980,1337,1430,1520
934,55,97.51,0.4603497077222849,28,90.5,101.63636363636364,100.60606060606061,1646,1833,1983,1337,1431,1521
935,58,97.63,0.46063402642630336,28,90.58823529411765,101.81818181818181,100.6969696969697,1648,1838,1986,1337,1432,1522
936,56,97.74,0.4608757929199918,28,90.6470588235294,102.0,100.78787878787878,1649,1843,1989,1337,1433,1523
937,56,97.86,0.46116492949110977,28,90.73529411764706,102.18181818181819,100.87878787878788,1651,1848,1992,1337,1434,1524
938,59,97.98,0.4614553990610329,28,90.82352941176471,102.36363636363636,100.96969696969697,1653,1853,1995,1337,1435,1525
939,53,98.1,0.4617451580020387,28,90.91176470588235,102.54545454545455,101.06060606060606,1655,1858,1998,1337,1436,1526
940,60,98.21,0.4619906323185012,28,90.97058823529412,102.72727272727273,101.15151515151516,1656,1863,2001,1337,1437,1527
941,63,98.33,0.4622810942743822,28,91.05882352941177,102.9090909090909,101.24242424242425,1658,1868,2004,1337,1438,1528
942,57,98.45,0.46257084814626714,28,91.1470588235294,103.0909090909091,101.33333333333333,1660,1873,2007,1337,1439,1529
943,57,98.57,0.46285989652023946,28,91.23529411764706,103.27272727272727,101.42424242424242,1662,1878,2010,1337,1440,1530
944,64,98.68,0.46310295905958654,28,91.29411764705883,103.45454545454545,101.51515151515152,1663,1883,2013,1337,1441,1531
945,58,98.8,0.4633927125506073,28,91.38235294117646,103.63636363636364,101.60606060606061,1665,1888,2016,1337,1442,1532
946,58,98.92,0.463685806712495,28,91.47058823529412,103.81818181818181,101.6969696969697,1667,1893,2019,1337,1443,1533
947,61,99.04,0.46397819063004847,28,91.55882352941177,104.0,101.78787878787878,1669,1898,2022,1337,1444,1534
948,59,99.15,0.4642289460413515,28,91.61764705882354,104.18181818181819,101.87878787878788,1670,1903,2025,1337,1445,1535
949,59,99.27,0.4645240253853128,28,91.70588235294117,104.36363636363636,101.96969696969697,1672,1908,2028,1337,1446,1536
950,62,99.39,0.46481839219237353,28,91.79411764705883,104.54545454545455,102.06060606060606,1674,1913,2031,1337,1447,1537
951,56,99.51,0.46511204904029746,28,91.88235294117646,104.72727272727273,102.15151515151516,1676,1918,2034,1337,1448,1538
952,60,99.62,0.46536438466171454,28,91.94117647058823,104.9090909090909,102.24242424242425,1677,1923,2037,1337,1449,1539
953,63,99.74,0.46566071786645274,28,92.02941176470588,105.0909090909091,102.33333333333333,1679,1928,2040,1337,1450,1540
954,57,99.86,0.46595834167834965,28,92.11764705882354,105.27272727272727,102.42424242424242,1681,1933,2043,1337,1451,1541
955,57,99.98,0.46625725145029007,28,92.20588235294117,105.45454545454545,102.51515151515152,1683,1938,2046,1337,1452,1542
956,70,100.09,0.4665091417724048,28,92.26470588235294,105.63636363636364,102.60606060606061,1684,1943,2049,1337,1453,1543
957,71,100.23,0.46670358176194754,28,92.38235294117646,105.84848484848484,102.6969696969697,1687,1949,2052,1337,1454,1544
958,72,100.37,0.466899471953771,28,92.5,106.06060606060606,102.78787878787878,1690,1955,2055,1337,1455,1545
959,72,100.52,0.46705929168324706,28,92.61764705882354,106.3030303030303,102.87878787878788,1693,1961,2058,1337,1456,1547
960,63,100.67,0.46722658190126154,28,92.73529411764706,106.54545454545455,102.96969696969697,1696,1967,2061,1337,1457,1549
961,70,100.81,0.4675220712230929,28,92.82352941176471,106.78787878787878,103.06060606060606,1698,1973,2064,1337,1458,1551
962,69,100.97,0.4677003070218877,28,92.94117647058823,107.03030303030303,103.18181818181819,1701,1979,2068,1337,1459,1553
963,66,101.12,0.4678362341772152,28,93.02941176470588,107.27272727272727,103.3030303030303,1703,1985,2072,1337,1460,1555
964,72,101.27,0.4679776834205589,28,93.11764705882354,107.51515151515152,103.42424242424242,1705,1991,2076,1337,1461,1557
965,72,101.42,0.46812068625517644,28,93.23529411764706,107.72727272727273,103.54545454545455,1708,1996,2080,1337,1462,1559
966,69,101.57,0.46827508122477113,28,93.3529411764706,107.93939393939394,103.66666666666667,1711,2001,2084,1337,1463,1561
967,69,101.72,0.4684309870232009,28,93.47058823529412,108.15151515151516,103.78787878787878,1714,2006,2088,1337,1464,1563
968,75,101.87,0.4685942868361637,28,93.58823529411765,108.36363636363636,103.9090909090909,1717,2011,2092,1337,1465,1565
969,69,102.02,0.46876494804940205,28,93.70588235294117,108.57575757575758,104.03030303030303,1720,2016,2096,1337,1466,1567
970,72,102.17,0.46894293824018796,28,93.82352941176471,108.78787878787878,104.15151515151516,1723,2021,2100,1337,1467,1569
971,72,102.32,0.46913408913213445,28,93.94117647058823,109.0,104.27272727272727,1726,2026,2104,1337,1468,1571
972,66,102.47,0.46933248755733387,28,94.05882352941177,109.21212121212122,104.39393939393939,1729,2031,2108,1337,1469,1573
973,69,102.62,0.4695361527967258,28,94.17647058823529,109.42424242424242,104.51515151515152,1732,2036,2112,1337,1470,1575
974,69,102.77,0.46975090006811326,28,94.29411764705883,109.63636363636364,104.63636363636364,1735,2041,2116,1337,1471,1577
975,63,102.92,0.4699650213758259,28,94.41176470588235,109.84848484848484,104.75757575757575,1738,2046,2120,1337,1472,1579
976,66,103.07,0.47018628116813815,28,94.52941176470588,110.06060606060606,104.87878787878788,1741,2051,2124,1337,1473,1581
977,63,103.22,0.47041852354194924,28,94.6470588235294,110.27272727272727,105.0,1744,2056,2128,1337,1474,1583
978,60,103.37,0.4706520267002031,28,94.76470588235294,110.48484848484848,105.12121212121212,1747,2061,2132,1337,1475,1585
979,64,103.51,0.47096995459375907,28,94.88235294117646,110.66666666666667,105.24242424242425,1750,2066,2136,1337,1476,1586
980,62,103.65,0.4712928123492523,28,95.0,110.84848484848484,105.36363636363636,1753,2071,2140,1337,1477,1587
981,57,103.79,0.47161865304942674,28,95.11764705882354,111.03030303030303,105.48484848484848,1756,2076,2144,1337,1478,1588
982,61,103.93,0.4719513133840085,28,95.23529411764706,111.21212121212122,105.60606060606061,1759,2081,2148,1337,1479,1589
983,63,104.06,0.47225062463963097,28,95.3529411764706,111.36363636363636,105.72727272727273,1762,2085,2152,1337,1480,1590
984,58,104.2,0.472595009596929,28,95.47058823529412,111.54545454545455,105.84848484848484,1765,2090,2156,1337,1481,1591
985,62,104.34,0.47294422081656123,28,95.58823529411765,111.72727272727273,105.96969696969697,1768,2095,2160,1337,1482,1592
986,60,104.48,0.4732924961715161,28,95.70588235294117,111.9090909090909,106.0909090909091,1771,2100,2164,1337,1483,1593
987,59,104.61,0.473605773826594,28,95.82352941176471,112.06060606060606,106.21212121212122,1774,2104,2168,1337,1484,1594
988,63,104.75,0.4739618138424821,28,95.94117647058823,112.24242424242425,106.33333333333333,1777,2109,2172,1337,1485,1595
989,61,104.89,0.4743169034226332,28,96.05882352941177,112.42424242424242,106.45454545454545,1780,2114,2176,1337,1486,1596
990,56,105.03,0.474672950585547,28,96.17647058823529,112.60606060606061,106.57575757575758,1783,2119,2180,1337,1487,1597
991,61,105.16,0.4749942944085203,28,96.29411764705883,112.75757575757575,106.6969696969697,1786,2123,2184,1337,1488,1598
992,62,105.3,0.47535612535612537,28,96.41176470588235,112.93939393939394,106.81818181818181,1789,2128,2188,1337,1489,1599
993,57,105.44,0.4757207890743551,28,96.52941176470588,113.12121212121212,106.93939393939394,1792,2133,2192,1337,1490,1600
994,61,105.58,0.4760882742943739,28,96.6470588235294,113.3030303030303,107.06060606060606,1795,2138,2196,1337,1491,1601
995,63,105.71,0.476423233374326,28,96.76470588235294,113.45454545454545,107.18181818181819,1798,2142,2200,1337,1492,1602
996,58,105.85,0.4767982994803968,28,96.88235294117646,113.63636363636364,107.3030303030303,1801,2147,2204,1337,1493,1603
997,62,105.99,0.47717803566374184,28,97.0,113.81818181818181,107.42424242424242,1804,2152,2208,1337,1494,1604
998,60,106.13,0.4775605389616508,28,97.11764705882354,114.0,107.54545454545455,1807,2157,2212,1337,1495,1605
999,59,106.26,0.47790702051571615,28,97.23529411764706,114.15151515151516,107.66666666666667,1810,2161,2216,1337,1496,1606
1000,63,106.4,0.4782951127819549,28,97.3529411764706,114.33333333333333,107.78787878787878,1813,2166,2220,1337,1497,1607
