,TotalSugar,AvgSugarLevel,SugarGini,NumCooperators,RiskAverseAvgSugar,NeutralAvgSugar,RiskSeekingAvgSugar,RiskAverseCoopSugar,NeutralCoopSugar,RiskSeekingCoopSugar,RiskSeekingNonCoopSugar,RiskAverseNonCoopSugar,NeutralNonCoopSugar
0,4622,0.0,0.0,28,0.0,0.0,0.0,0,0,0,0,0,0
1,4535,0.87,0.13,28,0.8529411764705882,0.8181818181818182,0.9393939393939394,7,6,8,23,22,21
2,4447,1.75,0.12497142857142862,28,1.7058823529411764,1.6666666666666667,1.878787878787879,14,13,16,46,44,42
3,4359,2.63,0.12330798479087449,28,2.5588235294117645,2.515151515151515,2.8181818181818183,21,20,24,69,66,63
4,4271,3.51,0.1224786324786325,28,3.411764705882353,3.3636363636363638,3.757575757575758,28,27,32,92,88,84
5,4183,4.39,0.12198177676537583,28,4.264705882352941,4.212121212121212,4.696969696969697,35,34,40,115,110,105
6,4095,5.27,0.12165085388994314,28,5.117647058823529,5.0606060606060606,5.636363636363637,42,41,48,138,132,126
7,4008,6.14,0.12280130293159615,28,5.970588235294118,5.878787878787879,6.575757575757576,49,48,56,161,154,146
8,3921,7.01,0.12369472182596297,28,6.823529411764706,6.696969696969697,7.515151515151516,56,55,64,184,176,166
9,3835,7.87,0.12545108005082597,28,7.676470588235294,7.515151515151516,8.424242424242424,63,62,72,206,198,186
10,3752,8.73,0.1268384879725086,28,8.5,8.333333333333334,9.363636363636363,70,69,80,229,219,206
11,3670,9.58,0.1288517745302714,28,9.323529411764707,9.121212121212121,10.303030303030303,77,76,88,252,240,225
12,3590,10.41,0.13213256484149852,28,10.147058823529411,9.878787878787879,11.212121212121213,84,82,96,274,261,244
13,3512,11.25,0.13414222222222222,28,10.970588235294118,10.666666666666666,12.121212121212121,91,88,104,296,282,264
14,3429,12.08,0.13652317880794698,28,11.764705882352942,11.454545454545455,13.030303030303031,98,94,112,318,302,284
15,3343,12.94,0.1367233384853168,28,12.588235294117647,12.272727272727273,13.969696969696969,105,100,120,341,323,305
16,3260,13.8,0.13691304347826092,28,13.411764705882353,13.090909090909092,14.909090909090908,112,106,128,364,344,326
17,3181,14.65,0.13761774744027305,28,14.205882352941176,13.909090909090908,15.848484848484848,118,112,136,387,365,347
18,3098,15.51,0.13774983881366865,28,15.029411764705882,14.727272727272727,16.78787878787879,125,118,144,410,386,368
19,3015,16.37,0.13786805131337815,28,15.852941176470589,15.545454545454545,17.727272727272727,132,124,152,433,407,389
20,2932,17.23,0.13797446314567607,28,16.676470588235293,16.363636363636363,18.666666666666668,139,130,160,456,428,410
21,2853,18.08,0.13848451327433622,28,17.5,17.181818181818183,19.575757575757574,146,136,167,479,449,431
22,2774,18.93,0.1389910195456946,28,18.323529411764707,18.0,20.484848484848484,153,142,175,501,470,452
23,2689,19.78,0.13945399393326596,28,19.147058823529413,18.818181818181817,21.393939393939394,160,148,183,523,491,473
24,2607,20.63,0.1398885118759088,28,19.970588235294116,19.636363636363637,22.303030303030305,167,154,191,545,512,494
25,2528,21.48,0.14028864059590318,28,20.794117647058822,20.454545454545453,23.21212121212121,174,160,199,567,533,515
26,2446,22.33,0.1406583072100314,28,21.61764705882353,21.272727272727273,24.12121212121212,181,166,207,589,554,536
27,2361,23.18,0.14100086281276958,28,22.441176470588236,22.09090909090909,25.03030303030303,188,172,215,611,575,557
28,2275,24.04,0.1409400998336106,28,23.294117647058822,22.90909090909091,25.939393939393938,196,178,223,633,596,578
29,2195,24.9,0.14088353413654617,28,24.147058823529413,23.727272727272727,26.848484848484848,204,184,231,655,617,599
30,2112,25.76,0.14083074534161497,28,25.0,24.545454545454547,27.757575757575758,212,190,239,677,638,620
31,2030,26.61,0.1410559939872229,28,25.852941176470587,25.333333333333332,28.666666666666668,220,196,247,699,659,640
32,1946,27.45,0.14154826958105646,28,26.676470588235293,26.12121212121212,29.575757575757574,228,202,255,721,679,660
33,1867,28.3,0.1417597173144877,28,27.529411764705884,26.90909090909091,30.484848484848484,236,208,263,743,700,680
34,1784,29.16,0.1416529492455419,28,28.41176470588235,27.696969696969695,31.393939393939394,244,214,271,765,722,700
35,1701,30.02,0.1415722851432379,28,29.264705882352942,28.484848484848484,32.333333333333336,252,220,279,788,743,720
36,1618,30.88,0.14145077720207255,28,30.11764705882353,29.303030303030305,33.24242424242424,260,226,287,810,764,741
37,1535,31.74,0.14136105860113418,28,30.970588235294116,30.12121212121212,34.15151515151515,268,232,295,832,785,762
38,1450,32.59,0.14145136544952436,28,31.852941176470587,30.939393939393938,35.0,276,238,303,852,807,783
39,1368,33.44,0.14155502392344502,28,32.705882352941174,31.757575757575758,35.878787878787875,284,244,311,873,828,804
40,1292,34.26,0.14220665499124338,28,33.55882352941177,32.515151515151516,36.72727272727273,292,249,319,893,849,824
41,1210,35.08,0.14288483466362606,28,34.38235294117647,33.303030303030305,37.57575757575758,300,254,327,913,869,845
42,1133,35.88,0.14387402452619838,28,35.205882352941174,34.09090909090909,38.36363636363637,308,259,335,931,889,866
43,1054,36.67,0.14479683665121357,28,36.029411764705884,34.878787878787875,39.121212121212125,316,265,343,948,909,886
44,979,37.42,0.14623730625334047,28,36.8235294117647,35.666666666666664,39.78787878787879,324,271,349,964,928,906
45,904,38.17,0.14771548336389842,28,37.588235294117645,36.45454545454545,40.484848484848484,332,276,355,981,946,927
46,832,38.89,0.14916688094625868,28,38.294117647058826,37.24242424242424,41.15151515151515,340,281,360,998,962,948
47,771,39.5,0.15170126582278484,28,38.88235294117647,37.878787878787875,41.75757575757576,348,284,364,1014,974,966
48,707,40.14,0.15397110114598903,28,39.529411764705884,38.515151515151516,42.39393939393939,356,287,368,1031,988,984
49,652,40.69,0.15638486114524455,28,40.0,39.06060606060606,43.03030303030303,361,289,372,1048,999,1000
50,604,41.17,0.15895797911100318,28,40.5,39.484848484848484,43.54545454545455,366,291,376,1061,1011,1012
51,556,41.65,0.16152460984393754,28,40.911764705882355,39.96969696969697,44.09090909090909,371,293,379,1076,1020,1026
52,512,42.09,0.1638845331432644,28,41.294117647058826,40.42424242424242,44.57575757575758,374,295,381,1090,1030,1039
53,473,42.48,0.16648305084745757,28,41.61764705882353,40.81818181818182,45.03030303030303,377,297,383,1103,1038,1050
54,433,42.88,0.16930037313432833,28,41.970588235294116,41.21212121212121,45.484848484848484,381,299,386,1115,1046,1061
55,399,43.22,0.17198981952799627,28,42.3235294117647,41.515151515151516,45.84848484848485,384,300,389,1124,1055,1070
56,365,43.56,0.17439853076216708,28,42.64705882352941,41.78787878787879,46.27272727272727,387,301,392,1135,1063,1078
57,334,43.87,0.17650102575792118,28,42.970588235294116,42.0,46.666666666666664,390,302,395,1145,1071,1084
58,305,44.16,0.17831974637681156,28,43.26470588235294,42.18181818181818,47.06060606060606,392,303,397,1156,1079,1089
59,274,44.47,0.18074432201484142,28,43.55882352941177,42.39393939393939,47.484848484848484,396,304,400,1167,1085,1095
60,246,44.75,0.1831843575418995,28,43.794117647058826,42.57575757575758,47.90909090909091,399,305,403,1178,1090,1100
61,216,45.05,0.18516093229744726,28,44.1764705882353,42.78787878787879,48.21212121212121,405,306,406,1185,1097,1106
62,193,45.28,0.18693904593639574,28,44.44117647058823,43.0,48.42424242424242,410,307,409,1189,1101,1112
63,167,45.54,0.1886473429951691,28,44.6764705882353,43.27272727272727,48.696969696969695,414,308,413,1194,1105,1120
64,147,45.74,0.19010056843025794,28,44.8235294117647,43.515151515151516,48.90909090909091,416,309,415,1199,1108,1127
65,130,45.91,0.19128947941624916,28,45.0,43.63636363636363,49.121212121212125,419,310,416,1205,1111,1130
66,118,46.03,0.1917901368672605,28,45.14705882352941,43.696969696969695,49.27272727272727,422,311,416,1210,1113,1131
67,109,46.12,0.19263660017346054,28,45.23529411764706,43.72727272727273,49.42424242424242,423,311,416,1215,1115,1132
68,101,46.2,0.19336363636363643,28,45.294117647058826,43.75757575757576,49.57575757575758,424,311,416,1220,1116,1133
69,93,46.28,0.19412273120138296,28,45.35294117647059,43.78787878787879,49.72727272727273,425,311,416,1225,1117,1134
70,85,46.36,0.19489214840379632,28,45.411764705882355,43.81818181818182,49.878787878787875,425,311,416,1230,1119,1135
71,79,46.42,0.19504523912106847,28,45.44117647058823,43.878787878787875,49.96969696969697,426,312,416,1233,1119,1136
72,72,46.49,0.1953516885351688,28,45.529411764705884,43.93939393939394,50.03030303030303,427,313,416,1235,1121,1137
73,65,46.56,0.19588058419243992,28,45.61764705882353,44.0,50.09090909090909,427,314,416,1237,1124,1138
74,60,46.61,0.19636773224629905,28,45.64705882352941,44.06060606060606,50.15151515151515,427,315,416,1239,1125,1139
75,53,46.68,0.1964652956298201,28,45.705882352941174,44.15151515151515,50.21212121212121,428,316,416,1241,1126,1141
76,47,46.74,0.19628583654257598,28,45.76470588235294,44.18181818181818,50.303030303030305,428,316,416,1244,1128,1142
77,46,46.75,0.196455614973262,28,45.76470588235294,44.21212121212121,50.303030303030305,428,316,416,1244,1128,1143
78,45,46.76,0.19639435414884518,28,45.76470588235294,44.21212121212121,50.333333333333336,428,316,416,1245,1128,1143
79,44,46.77,0.1965597605302544,28,45.76470588235294,44.21212121212121,50.36363636363637,428,316,416,1246,1128,1143
80,44,46.77,0.1965597605302544,28,45.76470588235294,44.21212121212121,50.36363636363637,428,316,416,1246,1128,1143
81,44,46.77,0.1965597605302544,28,45.76470588235294,44.21212121212121,50.36363636363637,428,316,416,1246,1128,1143
82,43,46.78,0.1963360410431808,28,45.76470588235294,44.24242424242424,50.36363636363637,428,317,416,1246,1128,1143
83,40,46.81,0.19606280709250157,28,45.794117647058826,44.27272727272727,50.39393939393939,429,318,416,1247,1128,1143
84,37,46.84,0.19578992314261312,28,45.8235294117647,44.303030303030305,50.42424242424242,430,319,416,1248,1128,1143
85,35,46.86,0.19572769953051647,28,45.8235294117647,44.333333333333336,50.45454545454545,430,320,416,1249,1128,1143
86,34,46.87,0.19551312139961596,28,45.8235294117647,44.36363636363637,50.45454545454545,430,321,416,1249,1128,1143
87,33,46.88,0.19530290102389075,28,45.8235294117647,44.39393939393939,50.45454545454545,430,322,416,1249,1128,1143
88,33,46.88,0.19530290102389075,28,45.8235294117647,44.39393939393939,50.45454545454545,430,322,416,1249,1128,1143
89,30,46.91,0.19505222767000646,28,45.85294117647059,44.45454545454545,50.45454545454545,431,323,416,1249,1128,1144
90,35,46.92,0.1952216538789429,28,45.85294117647059,44.484848484848484,50.45454545454545,431,323,416,1249,1128,1145
91,36,46.94,0.1952535151256923,28,45.88235294117647,44.484848484848484,50.484848484848484,432,323,417,1249,1128,1145
92,35,46.98,0.19548744146445302,28,45.911764705882355,44.54545454545455,50.515151515151516,433,324,418,1249,1128,1146
93,35,47.01,0.19557753669432032,28,45.94117647058823,44.57575757575758,50.54545454545455,434,325,419,1249,1128,1146
94,35,47.04,0.19570153061224488,28,45.970588235294116,44.60606060606061,50.57575757575758,435,326,420,1249,1128,1146
95,35,47.07,0.19585935840237936,28,46.0,44.63636363636363,50.60606060606061,436,327,421,1249,1128,1146
96,34,47.11,0.1958756102738272,28,46.029411764705884,44.696969696969695,50.63636363636363,437,329,422,1249,1128,1146
97,34,47.14,0.1960967331353416,28,46.05882352941177,44.72727272727273,50.666666666666664,438,330,423,1249,1128,1146
98,34,47.17,0.19635149459402157,28,46.088235294117645,44.75757575757576,50.696969696969695,439,331,424,1249,1128,1146
99,32,47.22,0.1963998305802626,28,46.11764705882353,44.81818181818182,50.75757575757576,440,333,426,1249,1128,1146
100,30,47.27,0.19653691559128406,28,46.14705882352941,44.878787878787875,50.81818181818182,441,335,428,1249,1128,1146
101,27,47.33,0.19650327487851257,28,46.1764705882353,44.96969696969697,50.878787878787875,442,338,430,1249,1128,1146
102,24,47.39,0.19652458324541044,28,46.205882352941174,45.06060606060606,50.93939393939394,443,341,432,1249,1128,1146
103,20,47.46,0.19653181626632957,28,46.23529411764706,45.18181818181818,51.0,444,344,434,1249,1128,1147
104,19,47.5,0.19684210526315796,28,46.26470588235294,45.24242424242424,51.03030303030303,445,346,435,1249,1128,1147
105,17,47.55,0.19720084121976866,28,46.294117647058826,45.303030303030305,51.09090909090909,446,348,437,1249,1128,1147
106,16,47.59,0.19764026055894093,28,46.3235294117647,45.333333333333336,51.15151515151515,447,349,439,1249,1128,1147
107,16,47.62,0.19793364132717342,28,46.38235294117647,45.333333333333336,51.18181818181818,448,349,440,1249,1129,1147
108,12,47.66,0.19821233738984476,28,46.44117647058823,45.36363636363637,51.21212121212121,449,350,441,1249,1130,1147
109,9,47.69,0.19854267141958487,28,46.5,45.36363636363637,51.24242424242424,450,350,442,1249,1131,1147
110,7,47.71,0.19867742611611816,28,46.529411764705884,45.39393939393939,51.24242424242424,451,351,442,1249,1131,1147
111,6,47.72,0.1986630343671416,28,46.529411764705884,45.42424242424242,51.24242424242424,451,352,442,1249,1131,1147
112,5,47.73,0.19865702912214545,28,46.529411764705884,45.45454545454545,51.24242424242424,451,353,442,1249,1131,1147
113,4,47.74,0.19865521575198997,28,46.529411764705884,45.484848484848484,51.24242424242424,451,354,442,1249,1131,1147
114,3,47.75,0.19866178010471203,28,46.529411764705884,45.515151515151516,51.24242424242424,451,355,442,1249,1131,1147
115,3,47.75,0.19866178010471203,28,46.529411764705884,45.515151515151516,51.24242424242424,451,355,442,1249,1131,1147
116,3,47.75,0.19866178010471203,28,46.529411764705884,45.515151515151516,51.24242424242424,451,355,442,1249,1131,1147
117,3,47.75,0.19866178010471203,28,46.529411764705884,45.515151515151516,51.24242424242424,451,355,442,1249,1131,1147
118,2,47.76,0.19848408710217755,28,46.55882352941177,45.515151515151516,51.24242424242424,451,355,442,1249,1132,1147
119,1,47.77,0.19831902867908724,28,46.588235294117645,45.515151515151516,51.24242424242424,451,355,442,1249,1133,1147
120,1,47.77,0.19831902867908724,28,46.588235294117645,45.515151515151516,51.24242424242424,451,355,442,1249,1133,1147
121,1,47.77,0.19831902867908724,28,46.588235294117645,45.515151515151516,51.24242424242424,451,355,442,1249,1133,1147
122,1,47.77,0.19831902867908724,28,46.588235294117645,45.515151515151516,51.24242424242424,451,355,442,1249,1133,1147
123,1,47.77,0.19831902867908724,28,46.588235294117645,45.515151515151516,51.24242424242424,451,355,442,1249,1133,1147
124,1,47.77,0.19831902867908724,28,46.588235294117645,45.515151515151516,51.24242424242424,451,355,442,1249,1133,1147
125,1,47.77,0.19831902867908724,28,46.588235294117645,45.515151515151516,51.24242424242424,451,355,442,1249,1133,1147
126,1,47.77,0.19831902867908724,28,46.588235294117645,45.515151515151516,51.24242424242424,451,355,442,1249,1133,1147
127,1,47.77,0.19831902867908724,28,46.588235294117645,45.515151515151516,51.24242424242424,451,355,442,1249,1133,1147
128,1,47.77,0.19831902867908724,28,46.588235294117645,45.515151515151516,51.24242424242424,451,355,442,1249,1133,1147
129,1,47.77,0.19831902867908724,28,46.588235294117645,45.515151515151516,51.24242424242424,451,355,442,1249,1133,1147
130,1,47.77,0.19831902867908724,28,46.588235294117645,45.515151515151516,51.24242424242424,451,355,442,1249,1133,1147
131,1,47.77,0.19831902867908724,28,46.588235294117645,45.515151515151516,51.24242424242424,451,355,442,1249,1133,1147
132,1,47.77,0.19831902867908724,28,46.588235294117645,45.515151515151516,51.24242424242424,451,355,442,1249,1133,1147
133,1,47.77,0.19831902867908724,28,46.588235294117645,45.515151515151516,51.24242424242424,451,355,442,1249,1133,1147
134,1,47.77,0.19831902867908724,28,46.588235294117645,45.515151515151516,51.24242424242424,451,355,442,1249,1133,1147
135,1,47.77,0.19831902867908724,28,46.588235294117645,45.515151515151516,51.24242424242424,451,355,442,1249,1133,1147
136,1,47.77,0.19831902867908724,28,46.588235294117645,45.515151515151516,51.24242424242424,451,355,442,1249,1133,1147
137,1,47.77,0.19831902867908724,28,46.588235294117645,45.515151515151516,51.24242424242424,451,355,442,1249,1133,1147
138,1,47.77,0.19831902867908724,28,46.588235294117645,45.515151515151516,51.24242424242424,451,355,442,1249,1133,1147
139,1,47.77,0.19831902867908724,28,46.588235294117645,45.515151515151516,51.24242424242424,451,355,442,1249,1133,1147
140,4,47.77,0.19831902867908724,28,46.588235294117645,45.515151515151516,51.24242424242424,451,355,442,1249,1133,1147
141,3,47.78,0.1984721640853914,28,46.588235294117645,45.515151515151516,51.27272727272727,451,355,443,1249,1133,1147
142,8,47.79,0.19862523540489646,28,46.588235294117645,45.515151515151516,51.303030303030305,451,355,444,1249,1133,1147
143,9,47.81,0.1986383601756954,28,46.588235294117645,45.515151515151516,51.36363636363637,451,355,446,1249,1133,1147
144,9,47.84,0.1985075250836121,28,46.588235294117645,45.515151515151516,51.45454545454545,451,355,449,1249,1133,1147
145,9,47.87,0.19840609985377056,28,46.588235294117645,45.515151515151516,51.54545454545455,451,355,452,1249,1133,1147
146,9,47.9,0.19835073068893522,28,46.588235294117645,45.515151515151516,51.63636363636363,451,355,455,1249,1133,1147
147,9,47.93,0.19834550385979555,28,46.588235294117645,45.515151515151516,51.72727272727273,451,355,458,1249,1133,1147
148,9,47.96,0.19836947456213508,28,46.588235294117645,45.515151515151516,51.81818181818182,451,355,461,1249,1133,1147
149,12,47.99,0.19843509064388415,28,46.588235294117645,45.515151515151516,51.90909090909091,451,355,464,1249,1133,1147
150,12,48.02,0.19854227405247812,28,46.588235294117645,45.515151515151516,52.0,451,355,467,1249,1133,1147
151,12,48.05,0.1986701352757544,28,46.588235294117645,45.515151515151516,52.09090909090909,451,355,470,1249,1133,1147
152,12,48.08,0.19881447587354414,28,46.588235294117645,45.515151515151516,52.18181818181818,451,355,473,1249,1133,1147
153,12,48.11,0.1989752650176679,28,46.588235294117645,45.515151515151516,52.27272727272727,451,355,476,1249,1133,1147
154,12,48.14,0.1991524719567927,28,46.588235294117645,45.515151515151516,52.36363636363637,451,355,479,1249,1133,1147
155,12,48.17,0.19936267386340048,28,46.588235294117645,45.515151515151516,52.45454545454545,451,355,482,1249,1133,1147
156,12,48.2,0.19958506224066383,28,46.588235294117645,45.515151515151516,52.54545454545455,451,355,485,1249,1133,1147
157,12,48.23,0.19982790794111552,28,46.588235294117645,45.515151515151516,52.63636363636363,451,355,488,1249,1133,1147
158,12,48.26,0.20011189390799827,28,46.588235294117645,45.515151515151516,52.72727272727273,451,355,491,1249,1133,1147
159,12,48.29,0.20040795195692696,28,46.588235294117645,45.515151515151516,52.81818181818182,451,355,494,1249,1133,1147
160,12,48.32,0.20072433774834436,28,46.588235294117645,45.515151515151516,52.90909090909091,451,355,497,1249,1133,1147
161,12,48.35,0.20106101344364005,28,46.588235294117645,45.515151515151516,53.0,451,355,500,1249,1133,1147
162,12,48.38,0.20140967341876803,28,46.588235294117645,45.515151515151516,53.09090909090909,451,355,503,1249,1133,1147
163,12,48.41,0.20179095228258617,28,46.588235294117645,45.515151515151516,53.18181818181818,451,355,506,1249,1133,1147
164,12,48.44,0.20217588769611894,28,46.588235294117645,45.515151515151516,53.27272727272727,451,355,509,1249,1133,1147
165,12,48.47,0.2025644728698164,28,46.588235294117645,45.515151515151516,53.36363636363637,451,355,512,1249,1133,1147
166,12,48.5,0.20297319587628862,28,46.588235294117645,45.515151515151516,53.45454545454545,451,355,515,1249,1133,1147
167,12,48.53,0.2033937770451267,28,46.588235294117645,45.515151515151516,53.54545454545455,451,355,518,1249,1133,1147
168,12,48.56,0.2038138385502471,28,46.588235294117645,45.515151515151516,53.63636363636363,451,355,521,1249,1133,1147
169,12,48.59,0.20424161350072026,28,46.588235294117645,45.515151515151516,53.72727272727273,451,355,524,1249,1133,1147
170,12,48.62,0.20468120115178934,28,46.588235294117645,45.515151515151516,53.81818181818182,451,355,527,1249,1133,1147
171,12,48.65,0.205120246659815,28,46.588235294117645,45.515151515151516,53.90909090909091,451,355,530,1249,1133,1147
172,15,48.68,0.20557107641741992,28,46.588235294117645,45.515151515151516,54.0,451,355,533,1249,1133,1147
173,17,48.72,0.20614121510673228,28,46.588235294117645,45.515151515151516,54.121212121212125,451,355,537,1249,1133,1147
174,21,48.77,0.20652245232725036,28,46.61764705882353,45.515151515151516,54.24242424242424,452,355,541,1249,1133,1147
175,21,48.83,0.20705508908457915,28,46.64705882352941,45.515151515151516,54.39393939393939,453,355,545,1250,1133,1147
176,20,48.9,0.20767689161554187,28,46.6764705882353,45.515151515151516,54.57575757575758,454,355,550,1251,1133,1147
177,19,48.97,0.20831733714519088,28,46.705882352941174,45.515151515151516,54.75757575757576,455,355,555,1252,1133,1147
178,17,49.02,0.20875152998776017,28,46.73529411764706,45.515151515151516,54.878787878787875,456,355,558,1253,1133,1147
179,16,49.06,0.2093558907460253,28,46.73529411764706,45.515151515151516,55.0,456,355,561,1254,1133,1147
180,15,49.1,0.2099633401221996,28,46.73529411764706,45.515151515151516,55.121212121212125,456,355,564,1255,1133,1147
181,14,49.14,0.21057387057387061,28,46.73529411764706,45.515151515151516,55.24242424242424,456,355,567,1256,1133,1147
182,13,49.18,0.21118340788938597,28,46.73529411764706,45.515151515151516,55.36363636363637,456,355,570,1257,1133,1147
183,12,49.22,0.21179195449004468,28,46.73529411764706,45.515151515151516,55.484848484848484,456,355,573,1258,1133,1147
184,12,49.25,0.2122497461928934,28,46.73529411764706,45.515151515151516,55.57575757575758,456,355,576,1258,1133,1147
185,12,49.28,0.21271103896103896,28,46.73529411764706,45.515151515151516,55.666666666666664,456,355,579,1258,1133,1147
186,12,49.31,0.21317177043196112,28,46.73529411764706,45.515151515151516,55.75757575757576,456,355,582,1258,1133,1147
187,12,49.34,0.21363194162950946,28,46.73529411764706,45.515151515151516,55.84848484848485,456,355,585,1258,1133,1147
188,12,49.37,0.21409155357504558,28,46.73529411764706,45.515151515151516,55.93939393939394,456,355,588,1258,1133,1147
189,12,49.4,0.2145506072874494,28,46.73529411764706,45.515151515151516,56.03030303030303,456,355,591,1258,1133,1147
190,12,49.43,0.21500910378312768,28,46.73529411764706,45.515151515151516,56.121212121212125,456,355,594,1258,1133,1147
191,12,49.46,0.21546704407602107,28,46.73529411764706,45.515151515151516,56.21212121212121,456,355,597,1258,1133,1147
192,12,49.49,0.21592442917761162,28,46.73529411764706,45.515151515151516,56.303030303030305,456,355,600,1258,1133,1147
193,12,49.52,0.21638126009693054,28,46.73529411764706,45.515151515151516,56.39393939393939,456,355,603,1258,1133,1147
194,11,49.56,0.21661824051654563,28,46.73529411764706,45.515151515151516,56.515151515151516,456,355,607,1258,1133,1147
195,11,49.59,0.21707400685622105,28,46.73529411764706,45.515151515151516,56.60606060606061,456,355,610,1258,1133,1147
196,11,49.62,0.21752922208786785,28,46.73529411764706,45.515151515151516,56.696969696969695,456,355,613,1258,1133,1147
197,8,49.65,0.21798388721047332,28,46.73529411764706,45.515151515151516,56.78787878787879,456,355,616,1258,1133,1147
198,8,49.68,0.21843800322061185,28,46.73529411764706,45.515151515151516,56.878787878787875,456,355,619,1258,1133,1147
199,8,49.71,0.21889157111245225,28,46.73529411764706,45.515151515151516,56.96969696969697,456,355,622,1258,1133,1147
200,8,49.74,0.2193445918777644,28,46.73529411764706,45.515151515151516,57.06060606060606,456,355,625,1258,1133,1147
201,8,49.77,0.2197970665059273,28,46.73529411764706,45.515151515151516,57.15151515151515,456,355,628,1258,1133,1147
202,8,49.8,0.22024899598393574,28,46.73529411764706,45.515151515151516,57.24242424242424,456,355,631,1258,1133,1147
203,8,49.83,0.2207003812964078,28,46.73529411764706,45.515151515151516,57.333333333333336,456,355,634,1258,1133,1147
204,8,49.86,0.2211512234255916,28,46.73529411764706,45.515151515151516,57.42424242424242,456,355,637,1258,1133,1147
205,8,49.89,0.22160152335137298,28,46.73529411764706,45.515151515151516,57.515151515151516,456,355,640,1258,1133,1147
206,8,49.92,0.22205128205128205,28,46.73529411764706,45.515151515151516,57.60606060606061,456,355,643,1258,1133,1147
207,8,49.95,0.2225005005005005,28,46.73529411764706,45.515151515151516,57.696969696969695,456,355,646,1258,1133,1147
208,8,49.98,0.22294917967186875,28,46.73529411764706,45.515151515151516,57.78787878787879,456,355,649,1258,1133,1147
209,8,50.01,0.22339732053589287,28,46.73529411764706,45.515151515151516,57.878787878787875,456,355,652,1258,1133,1147
210,8,50.04,0.2238449240607514,28,46.73529411764706,45.515151515151516,57.96969696969697,456,355,655,1258,1133,1147
211,8,50.07,0.22429199121230284,28,46.73529411764706,45.515151515151516,58.06060606060606,456,355,658,1258,1133,1147
212,8,50.1,0.22473852295409188,28,46.73529411764706,45.515151515151516,58.15151515151515,456,355,661,1258,1133,1147
213,8,50.13,0.22518452024735694,28,46.73529411764706,45.515151515151516,58.24242424242424,456,355,664,1258,1133,1147
214,8,50.16,0.2256299840510367,28,46.73529411764706,45.515151515151516,58.333333333333336,456,355,667,1258,1133,1147
215,8,50.19,0.22607491532177718,28,46.73529411764706,45.515151515151516,58.42424242424242,456,355,670,1258,1133,1147
216,8,50.22,0.2265193150139386,28,46.73529411764706,45.515151515151516,58.515151515151516,456,355,673,1258,1133,1147
217,8,50.25,0.22696318407960206,28,46.73529411764706,45.515151515151516,58.60606060606061,456,355,676,1258,1133,1147
218,8,50.28,0.227406523468576,28,46.73529411764706,45.515151515151516,58.696969696969695,456,355,679,1258,1133,1147
219,8,50.31,0.22784933412840389,28,46.73529411764706,45.515151515151516,58.78787878787879,456,355,682,1258,1133,1147
220,8,50.34,0.22829161700437026,28,46.73529411764706,45.515151515151516,58.878787878787875,456,355,685,1258,1133,1147
221,8,50.37,0.22873337303950764,28,46.73529411764706,45.515151515151516,58.96969696969697,456,355,688,1258,1133,1147
222,8,50.4,0.22917460317460311,28,46.73529411764706,45.515151515151516,59.06060606060606,456,355,691,1258,1133,1147
223,8,50.43,0.2296153083482055,28,46.73529411764706,45.515151515151516,59.15151515151515,456,355,694,1258,1133,1147
224,8,50.46,0.23005548949663093,28,46.73529411764706,45.515151515151516,59.24242424242424,456,355,697,1258,1133,1147
225,8,50.49,0.23049514755397113,28,46.73529411764706,45.515151515151516,59.333333333333336,456,355,700,1258,1133,1147
226,8,50.52,0.23093428345209815,28,46.73529411764706,45.515151515151516,59.42424242424242,456,355,703,1258,1133,1147
227,8,50.55,0.23137289812067266,28,46.73529411764706,45.515151515151516,59.515151515151516,456,355,706,1258,1133,1147
228,8,50.58,0.231810992487149,28,46.73529411764706,45.515151515151516,59.60606060606061,456,355,709,1258,1133,1147
229,8,50.61,0.2322485674767833,28,46.73529411764706,45.515151515151516,59.696969696969695,456,355,712,1258,1133,1147
230,8,50.64,0.2326856240126382,28,46.73529411764706,45.515151515151516,59.78787878787879,456,355,715,1258,1133,1147
231,8,50.67,0.23312216301559105,28,46.73529411764706,45.515151515151516,59.878787878787875,456,355,718,1258,1133,1147
232,11,50.7,0.23355818540433929,28,46.73529411764706,45.515151515151516,59.96969696969697,456,355,721,1258,1133,1147
233,17,50.73,0.23399369209540707,28,46.73529411764706,45.515151515151516,60.06060606060606,456,355,724,1258,1133,1147
234,22,50.77,0.23455780973015564,28,46.76470588235294,45.515151515151516,60.15151515151515,457,355,727,1258,1133,1147
235,33,50.81,0.23512103916551866,28,46.794117647058826,45.515151515151516,60.24242424242424,458,355,730,1258,1133,1147
236,32,50.85,0.23568338249754178,28,46.8235294117647,45.515151515151516,60.333333333333336,459,355,733,1258,1133,1147
237,34,50.89,0.23624484181568092,28,46.85294117647059,45.515151515151516,60.42424242424242,460,355,736,1258,1133,1147
238,41,50.94,0.23691794267766,28,46.88235294117647,45.54545454545455,60.515151515151516,461,356,739,1258,1133,1147
239,39,50.99,0.23759364581290454,28,46.911764705882355,45.57575757575758,60.60606060606061,462,357,742,1258,1133,1147
240,34,51.04,0.23827978056426333,28,46.94117647058823,45.60606060606061,60.696969696969695,463,358,745,1258,1133,1147
241,41,51.09,0.23896457232335094,28,46.970588235294116,45.63636363636363,60.78787878787879,464,359,748,1258,1133,1147
242,39,51.14,0.23964802502933125,28,47.0,45.666666666666664,60.878787878787875,465,360,751,1258,1133,1147
243,43,51.19,0.24033014260597768,28,47.029411764705884,45.696969696969695,60.96969696969697,466,361,754,1258,1133,1147
244,47,51.24,0.24101483216237313,28,47.05882352941177,45.72727272727273,61.06060606060606,467,362,757,1258,1133,1147
245,48,51.29,0.2416981867810489,28,47.088235294117645,45.75757575757576,61.15151515151515,468,363,760,1258,1133,1147
246,46,51.34,0.24238021036229057,28,47.11764705882353,45.78787878787879,61.24242424242424,469,364,763,1258,1133,1147
247,44,51.39,0.24306090679120446,28,47.14705882352941,45.81818181818182,61.333333333333336,470,365,766,1258,1133,1147
248,48,51.44,0.24374027993779165,28,47.1764705882353,45.84848484848485,61.42424242424242,471,366,769,1258,1133,1147
249,43,51.49,0.24442221790638954,28,47.205882352941174,45.878787878787875,61.515151515151516,472,367,772,1258,1133,1147
250,41,51.54,0.24510283275126113,28,47.23529411764706,45.90909090909091,61.60606060606061,473,368,775,1258,1133,1147
251,42,51.59,0.2457821283194417,28,47.26470588235294,45.93939393939394,61.696969696969695,474,369,778,1258,1133,1147
252,40,51.64,0.24646010844306743,28,47.294117647058826,45.96969696969697,61.78787878787879,475,370,781,1258,1133,1147
253,40,51.7,0.24701353965183756,28,47.3235294117647,46.03030303030303,61.878787878787875,476,371,784,1258,1133,1148
254,40,51.76,0.24757727975270483,28,47.35294117647059,46.09090909090909,61.96969696969697,477,372,787,1258,1133,1149
255,43,51.82,0.24817059050559634,28,47.38235294117647,46.15151515151515,62.06060606060606,478,373,790,1258,1133,1150
256,46,51.88,0.24878951426368545,28,47.411764705882355,46.21212121212121,62.15151515151515,479,374,793,1258,1133,1151
257,43,51.94,0.24942241047362346,28,47.44117647058823,46.27272727272727,62.24242424242424,480,375,796,1258,1133,1152
258,46,52.0,0.2500615384615385,28,47.470588235294116,46.333333333333336,62.333333333333336,481,376,799,1258,1133,1153
259,42,52.07,0.2506452851930094,28,47.5,46.39393939393939,62.45454545454545,482,377,802,1259,1133,1154
260,47,52.14,0.2512466436517069,28,47.529411764705884,46.45454545454545,62.57575757575758,483,378,805,1260,1133,1155
261,43,52.21,0.2518617123156483,28,47.55882352941177,46.515151515151516,62.696969696969695,484,379,808,1261,1133,1156
262,48,52.28,0.2524904361132364,28,47.588235294117645,46.57575757575758,62.81818181818182,485,380,811,1262,1133,1157
263,50,52.35,0.2531327602674308,28,47.61764705882353,46.63636363636363,62.93939393939394,486,381,814,1263,1133,1158
264,46,52.42,0.25380389164441053,28,47.64705882352941,46.696969696969695,63.06060606060606,487,382,817,1264,1133,1159
265,42,52.49,0.25448466374547535,28,47.6764705882353,46.75757575757576,63.18181818181818,488,383,820,1265,1133,1160
266,41,52.56,0.25518264840182653,28,47.705882352941174,46.81818181818182,63.303030303030305,489,384,823,1266,1133,1161
267,49,52.63,0.2559167775033251,28,47.73529411764706,46.878787878787875,63.42424242424242,490,385,826,1267,1133,1162
268,54,52.7,0.2566603415559773,28,47.76470588235294,46.93939393939394,63.54545454545455,491,386,829,1268,1133,1163
269,50,52.77,0.257417093045291,28,47.794117647058826,47.0,63.666666666666664,492,387,832,1269,1133,1164
270,43,52.84,0.25819076457229373,28,47.8235294117647,47.06060606060606,63.78787878787879,493,388,835,1270,1133,1165
271,42,52.91,0.258977508977509,28,47.85294117647059,47.121212121212125,63.90909090909091,494,389,838,1271,1133,1166
272,35,52.98,0.25978482446206114,28,47.88235294117647,47.18181818181818,64.03030303030303,495,390,841,1272,1133,1167
273,34,53.05,0.2605937794533459,28,47.911764705882355,47.24242424242424,64.15151515151516,496,391,844,1273,1133,1168
274,36,53.12,0.2614081325301204,28,47.94117647058823,47.303030303030305,64.27272727272727,497,392,847,1274,1133,1169
275,31,53.2,0.2622518796992482,28,48.0,47.36363636363637,64.39393939393939,498,393,850,1275,1134,1170
276,27,53.27,0.263084287591515,28,48.029411764705884,47.42424242424242,64.51515151515152,499,394,853,1276,1134,1171
277,22,53.35,0.2639381443298969,28,48.088235294117645,47.484848484848484,64.63636363636364,500,395,856,1277,1135,1172
278,24,53.42,0.2646686634219394,28,48.14705882352941,47.54545454545455,64.72727272727273,501,396,858,1278,1136,1173
279,31,53.5,0.26555514018691584,28,48.205882352941174,47.60606060606061,64.84848484848484,502,397,861,1279,1137,1174
280,29,53.58,0.2664501679731244,28,48.26470588235294,47.666666666666664,64.96969696969697,503,398,864,1280,1138,1175
281,34,53.65,0.26723019571295437,28,48.3235294117647,47.72727272727273,65.06060606060606,504,399,866,1281,1139,1176
282,33,53.72,0.2680789277736412,28,48.35294117647059,47.78787878787879,65.18181818181819,505,400,869,1282,1139,1177
283,35,53.79,0.2689254508272913,28,48.38235294117647,47.84848484848485,65.3030303030303,506,401,872,1283,1139,1178
284,40,53.86,0.2697697734868177,28,48.411764705882355,47.90909090909091,65.42424242424242,507,402,875,1284,1139,1179
285,42,53.93,0.27061190432041543,28,48.44117647058823,47.96969696969697,65.54545454545455,508,403,878,1285,1139,1180
286,35,54.0,0.27145185185185183,28,48.470588235294116,48.03030303030303,65.66666666666667,509,404,881,1286,1139,1181
287,43,54.07,0.27229332346957646,28,48.5,48.09090909090909,65.78787878787878,510,405,884,1287,1139,1182
288,42,54.14,0.2731326191355744,28,48.529411764705884,48.15151515151515,65.9090909090909,511,406,887,1288,1139,1183
289,38,54.21,0.2739697472790998,28,48.55882352941177,48.21212121212121,66.03030303030303,512,407,890,1289,1139,1184
290,40,54.28,0.2748084008843035,28,48.588235294117645,48.27272727272727,66.15151515151516,513,408,893,1290,1139,1185
291,48,54.35,0.27564857405703774,28,48.61764705882353,48.333333333333336,66.27272727272727,514,409,896,1291,1139,1186
292,44,54.42,0.27648658581403895,28,48.64705882352941,48.39393939393939,66.39393939393939,515,410,899,1292,1139,1187
293,47,54.48,0.2771953010279002,28,48.6764705882353,48.45454545454545,66.48484848484848,516,411,901,1293,1139,1188
294,46,54.55,0.2780329972502291,28,48.705882352941174,48.515151515151516,66.60606060606061,517,412,904,1294,1139,1189
295,51,54.62,0.2788685463200292,28,48.73529411764706,48.57575757575758,66.72727272727273,518,413,907,1295,1139,1190
296,52,54.7,0.27968190127970743,28,48.76470588235294,48.666666666666664,66.84848484848484,519,415,910,1296,1139,1191
297,48,54.8,0.28050729927007295,28,48.8235294117647,48.75757575757576,67.0,520,417,913,1298,1140,1192
298,50,54.9,0.2813624772313297,28,48.88235294117647,48.84848484848485,67.15151515151516,521,419,916,1300,1141,1193
299,49,55.0,0.28224000000000005,28,48.94117647058823,48.93939393939394,67.3030303030303,522,421,919,1302,1142,1194
300,51,55.1,0.28312522686025404,28,49.0,49.03030303030303,67.45454545454545,523,423,922,1304,1143,1195
301,45,55.19,0.283922812103642,28,49.05882352941177,49.121212121212125,67.57575757575758,524,425,925,1305,1144,1196
302,49,55.27,0.28465170978831195,28,49.088235294117645,49.21212121212121,67.6969696969697,525,427,928,1306,1144,1197
303,45,55.34,0.2852692446693169,28,49.11764705882353,49.303030303030305,67.78787878787878,526,429,930,1307,1144,1198
304,43,55.42,0.2860339227715626,28,49.14705882352941,49.39393939393939,67.9090909090909,527,431,933,1308,1144,1199
305,44,55.5,0.28680720720720715,28,49.1764705882353,49.484848484848484,68.03030303030303,528,433,936,1309,1144,1200
306,42,55.58,0.28759985606333216,28,49.205882352941174,49.57575757575758,68.15151515151516,529,435,939,1310,1144,1201
307,46,55.66,0.2884045993532159,28,49.23529411764706,49.666666666666664,68.27272727272727,530,437,942,1311,1144,1202
308,43,55.75,0.2892825112107623,28,49.294117647058826,49.75757575757576,68.39393939393939,531,439,945,1312,1145,1203
309,40,55.84,0.2901683381088826,28,49.35294117647059,49.84848484848485,68.51515151515152,532,441,948,1313,1146,1204
310,43,55.93,0.2910620418380118,28,49.411764705882355,49.93939393939394,68.63636363636364,533,443,951,1314,1147,1205
311,51,56.03,0.29203462430840615,28,49.5,50.03030303030303,68.75757575757575,534,445,954,1315,1149,1206
312,45,56.12,0.292911617961511,28,49.588235294117645,50.121212121212125,68.84848484848484,535,447,956,1316,1151,1207
313,39,56.21,0.2937929194093577,28,49.6764705882353,50.21212121212121,68.93939393939394,536,449,958,1317,1153,1208
314,39,56.3,0.29468561278863237,28,49.76470588235294,50.303030303030305,69.03030303030303,537,451,960,1318,1155,1209
315,39,56.39,0.29557545664124846,28,49.85294117647059,50.39393939393939,69.12121212121212,538,453,962,1319,1157,1210
316,36,56.48,0.29646954674220966,28,49.94117647058823,50.484848484848484,69.21212121212122,539,455,964,1320,1159,1211
317,30,56.57,0.29736432738200463,28,50.029411764705884,50.57575757575758,69.3030303030303,540,457,966,1321,1161,1212
318,33,56.66,0.2982633250970703,28,50.11764705882353,50.666666666666664,69.39393939393939,541,459,968,1322,1163,1213
319,31,56.74,0.29907648924920693,28,50.1764705882353,50.75757575757576,69.48484848484848,542,461,970,1323,1164,1214
320,32,56.82,0.29988736360436463,28,50.23529411764706,50.84848484848485,69.57575757575758,543,463,972,1324,1165,1215
321,33,56.9,0.3006994727592267,28,50.294117647058826,50.93939393939394,69.66666666666667,544,465,974,1325,1166,1216
322,35,56.97,0.3014060031595577,28,50.35294117647059,51.0,69.75757575757575,545,467,976,1326,1167,1216
323,40,57.04,0.3021178120617111,28,50.411764705882355,51.06060606060606,69.84848484848484,546,469,978,1327,1168,1216
324,38,57.12,0.3029306722689076,28,50.470588235294116,51.15151515151515,69.93939393939394,547,471,980,1328,1169,1217
325,37,57.19,0.3036422451477532,28,50.529411764705884,51.21212121212121,70.03030303030303,548,473,982,1329,1170,1217
326,39,57.26,0.3043520782396088,28,50.588235294117645,51.27272727272727,70.12121212121212,549,475,984,1330,1171,1217
327,43,57.34,0.3051447506103942,28,50.6764705882353,51.333333333333336,70.21212121212122,550,477,986,1331,1173,1217
328,45,57.44,0.30599233983286905,28,50.76470588235294,51.42424242424242,70.33333333333333,551,479,989,1332,1175,1218
329,51,57.56,0.30663655316191796,28,50.911764705882355,51.515151515151516,70.45454545454545,554,481,992,1333,1177,1219
330,50,57.69,0.3073860287744843,28,51.05882352941177,51.60606060606061,70.60606060606061,557,483,995,1335,1179,1220
331,52,57.82,0.30815634728467656,28,51.205882352941174,51.696969696969695,70.75757575757575,560,485,998,1337,1181,1221
332,49,57.94,0.30899206075250263,28,51.3235294117647,51.78787878787879,70.9090909090909,562,487,1001,1339,1183,1222
333,40,58.06,0.3098691009300724,28,51.44117647058823,51.878787878787875,71.06060606060606,564,489,1004,1341,1185,1223
334,37,58.18,0.31077002406325194,28,51.55882352941177,51.96969696969697,71.21212121212122,566,491,1007,1343,1187,1224
335,28,58.3,0.31168439108061746,28,51.6764705882353,52.06060606060606,71.36363636363636,568,493,1010,1345,1189,1225
336,24,58.37,0.3123608017817372,28,51.76470588235294,52.09090909090909,71.45454545454545,569,494,1012,1346,1191,1225
337,27,58.43,0.3129300017114495,28,51.85294117647059,52.121212121212125,71.51515151515152,570,495,1013,1347,1193,1225
338,30,58.49,0.3134980338519405,28,51.94117647058823,52.15151515151515,71.57575757575758,571,496,1014,1348,1195,1225
339,29,58.56,0.3141666666666667,28,52.029411764705884,52.21212121212121,71.63636363636364,572,498,1015,1349,1197,1225
340,34,58.63,0.31483370288248336,28,52.11764705882353,52.27272727272727,71.6969696969697,573,500,1016,1350,1199,1225
341,33,58.7,0.3155025553662692,28,52.205882352941174,52.333333333333336,71.75757575757575,574,502,1017,1351,1201,1225
342,29,58.77,0.3161766207248596,28,52.294117647058826,52.39393939393939,71.81818181818181,575,504,1018,1352,1203,1225
343,28,58.84,0.31685248130523447,28,52.38235294117647,52.45454545454545,71.87878787878788,576,506,1019,1353,1205,1225
344,27,58.91,0.3175267356985232,28,52.470588235294116,52.515151515151516,71.93939393939394,577,508,1020,1354,1207,1225
345,20,58.98,0.3181146151237708,28,52.529411764705884,52.57575757575758,72.03030303030303,577,510,1022,1355,1209,1225
346,14,59.04,0.31862127371273713,28,52.588235294117645,52.63636363636363,72.0909090909091,577,512,1024,1355,1211,1225
347,11,59.1,0.31913367174280877,28,52.64705882352941,52.696969696969695,72.15151515151516,577,514,1026,1355,1213,1225
348,10,59.14,0.3194994927291174,28,52.705882352941174,52.75757575757576,72.15151515151516,577,516,1026,1355,1215,1225
349,6,59.18,0.31987495775599867,28,52.794117647058826,52.78787878787879,72.15151515151516,578,517,1026,1355,1217,1225
350,4,59.2,0.32005067567567563,28,52.85294117647059,52.78787878787879,72.15151515151516,578,517,1026,1355,1219,1225
351,8,59.22,0.32022965214454574,28,52.911764705882355,52.78787878787879,72.15151515151516,578,517,1026,1355,1221,1225
352,14,59.25,0.32046751054852324,28,52.94117647058823,52.78787878787879,72.21212121212122,578,517,1028,1355,1222,1225
353,14,59.31,0.3208582026639689,28,53.029411764705884,52.81818181818182,72.27272727272727,580,518,1030,1355,1223,1225
354,12,59.36,0.32116913746630726,28,53.088235294117645,52.84848484848485,72.33333333333333,582,519,1032,1355,1223,1225
355,9,59.42,0.3214978121844497,28,53.14705882352941,52.878787878787875,72.42424242424242,584,520,1034,1356,1223,1225
356,8,59.46,0.3216582576522032,28,53.1764705882353,52.93939393939394,72.45454545454545,585,521,1035,1356,1223,1226
357,9,59.48,0.3217518493611298,28,53.1764705882353,53.0,72.45454545454545,585,522,1035,1356,1223,1227
358,12,59.51,0.3219643757351706,28,53.1764705882353,53.06060606060606,72.48484848484848,585,523,1036,1356,1223,1228
359,11,59.55,0.32228883291351806,28,53.205882352941174,53.121212121212125,72.51515151515152,586,524,1037,1356,1223,1229
360,10,59.59,0.32262292330928005,28,53.23529411764706,53.18181818181818,72.54545454545455,587,525,1038,1356,1223,1230
361,8,59.64,0.3230482897384306,28,53.294117647058826,53.24242424242424,72.57575757575758,588,526,1039,1356,1224,1231
362,10,59.68,0.3233646112600536,28,53.35294117647059,53.303030303030305,72.57575757575758,589,527,1039,1356,1225,1232
363,10,59.71,0.3236593535421203,28,53.38235294117647,53.333333333333336,72.60606060606061,589,528,1040,1356,1226,1232
364,9,59.75,0.32405523012552306,28,53.44117647058823,53.36363636363637,72.63636363636364,590,529,1041,1356,1227,1232
365,9,59.78,0.32435262629642025,28,53.5,53.36363636363637,72.66666666666667,591,529,1042,1356,1228,1232
366,9,59.81,0.32464972412640025,28,53.55882352941177,53.36363636363637,72.6969696969697,592,529,1043,1356,1229,1232
367,6,59.84,0.3248830213903743,28,53.588235294117645,53.39393939393939,72.72727272727273,592,529,1044,1356,1230,1233
368,6,59.87,0.3251294471354602,28,53.61764705882353,53.42424242424242,72.75757575757575,592,529,1045,1356,1231,1234
369,4,59.89,0.32526465186174647,28,53.64705882352941,53.45454545454545,72.75757575757575,592,529,1045,1356,1232,1235
370,2,59.91,0.3254031046569855,28,53.6764705882353,53.484848484848484,72.75757575757575,592,529,1045,1356,1233,1236
371,1,59.92,0.32545393858477967,28,53.6764705882353,53.515151515151516,72.75757575757575,592,529,1045,1356,1233,1237
372,0,59.93,0.3255114300016686,28,53.6764705882353,53.54545454545455,72.75757575757575,592,529,1045,1356,1233,1238
373,0,59.93,0.3255114300016686,28,53.6764705882353,53.54545454545455,72.75757575757575,592,529,1045,1356,1233,1238
374,0,59.93,0.3255114300016686,28,53.6764705882353,53.54545454545455,72.75757575757575,592,529,1045,1356,1233,1238
375,0,59.93,0.3255114300016686,28,53.6764705882353,53.54545454545455,72.75757575757575,592,529,1045,1356,1233,1238
376,3,59.93,0.3255114300016686,28,53.6764705882353,53.54545454545455,72.75757575757575,592,529,1045,1356,1233,1238
377,5,59.94,0.3256222889556223,28,53.6764705882353,53.54545454545455,72.78787878787878,592,529,1046,1356,1233,1238
378,6,59.96,0.3258338892595063,28,53.705882352941174,53.54545454545455,72.81818181818181,593,529,1047,1356,1233,1238
379,6,59.99,0.3261426904484081,28,53.73529411764706,53.57575757575758,72.84848484848484,594,530,1048,1356,1233,1238
380,6,60.02,0.3264511829390203,28,53.76470588235294,53.60606060606061,72.87878787878788,595,531,1049,1356,1233,1238
381,6,60.05,0.32675936719400495,28,53.794117647058826,53.63636363636363,72.9090909090909,596,532,1050,1356,1233,1238
382,6,60.08,0.32706724367509993,28,53.8235294117647,53.666666666666664,72.93939393939394,597,533,1051,1356,1233,1238
383,6,60.11,0.327374812843121,28,53.85294117647059,53.696969696969695,72.96969696969697,598,534,1052,1356,1233,1238
384,6,60.14,0.32768207515796477,28,53.88235294117647,53.72727272727273,73.0,599,535,1053,1356,1233,1238
385,6,60.17,0.3277497091573873,28,53.94117647058823,53.75757575757576,73.0,600,536,1053,1356,1234,1238
386,4,60.19,0.3277271972088387,28,53.970588235294116,53.78787878787879,73.0,600,537,1053,1356,1235,1238
387,3,60.2,0.3276345514950167,28,54.0,53.78787878787879,73.0,600,537,1053,1356,1236,1238
388,2,60.21,0.32756186679953503,28,54.029411764705884,53.78787878787879,73.0,600,537,1053,1356,1237,1238
389,1,60.22,0.32749916971105947,28,54.05882352941177,53.78787878787879,73.0,600,537,1053,1356,1238,1238
390,0,60.23,0.3274398140461564,28,54.088235294117645,53.78787878787879,73.0,600,537,1053,1356,1239,1238
391,0,60.23,0.3274398140461564,28,54.088235294117645,53.78787878787879,73.0,600,537,1053,1356,1239,1238
392,0,60.23,0.3274398140461564,28,54.088235294117645,53.78787878787879,73.0,600,537,1053,1356,1239,1238
393,0,60.23,0.3274398140461564,28,54.088235294117645,53.78787878787879,73.0,600,537,1053,1356,1239,1238
394,0,60.23,0.3274398140461564,28,54.088235294117645,53.78787878787879,73.0,600,537,1053,1356,1239,1238
395,0,60.23,0.3274398140461564,28,54.088235294117645,53.78787878787879,73.0,600,537,1053,1356,1239,1238
396,0,60.23,0.3274398140461564,28,54.088235294117645,53.78787878787879,73.0,600,537,1053,1356,1239,1238
397,0,60.23,0.3274398140461564,28,54.088235294117645,53.78787878787879,73.0,600,537,1053,1356,1239,1238
398,0,60.23,0.3274398140461564,28,54.088235294117645,53.78787878787879,73.0,600,537,1053,1356,1239,1238
399,0,60.23,0.3274398140461564,28,54.088235294117645,53.78787878787879,73.0,600,537,1053,1356,1239,1238
400,0,60.23,0.3274398140461564,28,54.088235294117645,53.78787878787879,73.0,600,537,1053,1356,1239,1238
401,0,60.23,0.3274398140461564,28,54.088235294117645,53.78787878787879,73.0,600,537,1053,1356,1239,1238
402,0,60.23,0.3274398140461564,28,54.088235294117645,53.78787878787879,73.0,600,537,1053,1356,1239,1238
403,6,60.23,0.3274398140461564,28,54.088235294117645,53.78787878787879,73.0,600,537,1053,1356,1239,1238
404,4,60.25,0.3273045643153527,28,54.088235294117645,53.84848484848485,73.0,600,537,1053,1356,1239,1240
405,5,60.27,0.32719926995188314,28,54.088235294117645,53.90909090909091,73.0,600,537,1053,1356,1239,1242
406,2,60.3,0.3271674958540631,28,54.088235294117645,53.96969696969697,73.03030303030303,600,537,1054,1356,1239,1244
407,1,60.31,0.3272143923064168,28,54.088235294117645,53.96969696969697,73.06060606060606,600,537,1055,1356,1239,1244
408,0,60.32,0.3272679045092838,28,54.088235294117645,53.96969696969697,73.0909090909091,600,537,1056,1356,1239,1244
409,0,60.32,0.3272679045092838,28,54.088235294117645,53.96969696969697,73.0909090909091,600,537,1056,1356,1239,1244
410,3,60.32,0.3272679045092838,28,54.088235294117645,53.96969696969697,73.0909090909091,600,537,1056,1356,1239,1244
411,5,60.33,0.3272617271672468,28,54.11764705882353,53.96969696969697,73.0909090909091,601,537,1056,1356,1239,1244
412,6,60.35,0.3271367025683513,28,54.14705882352941,54.0,73.0909090909091,602,538,1056,1356,1239,1244
413,6,60.38,0.3270321298443193,28,54.1764705882353,54.06060606060606,73.0909090909091,603,539,1056,1356,1239,1245
414,6,60.41,0.3269707002151962,28,54.205882352941174,54.121212121212125,73.0909090909091,604,540,1056,1356,1239,1246
415,6,60.44,0.326939113170086,28,54.23529411764706,54.18181818181818,73.0909090909091,605,541,1056,1356,1239,1247
416,6,60.47,0.3268050272862577,28,54.294117647058826,54.21212121212121,73.0909090909091,607,542,1056,1356,1239,1247
417,6,60.5,0.326704132231405,28,54.35294117647059,54.24242424242424,73.0909090909091,609,543,1056,1356,1239,1247
418,6,60.53,0.32662316206839576,28,54.411764705882355,54.27272727272727,73.0909090909091,611,544,1056,1356,1239,1247
419,6,60.56,0.32654887714663144,28,54.470588235294116,54.303030303030305,73.0909090909091,613,545,1056,1356,1239,1247
420,6,60.59,0.32649117016009244,28,54.529411764705884,54.333333333333336,73.0909090909091,615,546,1056,1356,1239,1247
421,6,60.62,0.3264236225668097,28,54.55882352941177,54.39393939393939,73.0909090909091,616,547,1056,1356,1239,1248
422,12,60.65,0.32638252267106355,28,54.588235294117645,54.45454545454545,73.0909090909091,617,548,1056,1356,1239,1249
423,13,60.7,0.3262767710049424,28,54.64705882352941,54.515151515151516,73.12121212121212,618,549,1057,1356,1240,1250
424,11,60.75,0.3262008230452675,28,54.705882352941174,54.57575757575758,73.15151515151516,619,550,1058,1356,1241,1251
425,8,60.81,0.32619470481828644,28,54.794117647058826,54.63636363636363,73.18181818181819,621,551,1059,1356,1242,1252
426,9,60.86,0.3261485376273414,28,54.88235294117647,54.696969696969695,73.18181818181819,623,552,1059,1356,1243,1253
427,17,60.9,0.3261970443349753,28,54.970588235294116,54.696969696969695,73.21212121212122,625,552,1060,1356,1244,1253
428,21,60.95,0.32608203445447087,28,55.029411764705884,54.696969696969695,73.3030303030303,626,552,1063,1356,1245,1253
429,30,61.01,0.32600065563022457,28,55.11764705882353,54.696969696969695,73.39393939393939,628,552,1066,1356,1246,1253
430,29,61.08,0.32593975114603796,28,55.23529411764706,54.696969696969695,73.48484848484848,631,552,1069,1356,1247,1253
431,34,61.15,0.3259051512673753,28,55.35294117647059,54.696969696969695,73.57575757575758,634,552,1072,1356,1248,1253
432,41,61.23,0.32581251020741464,28,55.5,54.696969696969695,73.66666666666667,637,552,1075,1356,1250,1253
433,39,61.31,0.32574620779644436,28,55.64705882352941,54.696969696969695,73.75757575757575,640,552,1078,1356,1252,1253
434,36,61.4,0.32571335504885995,28,55.794117647058826,54.72727272727273,73.84848484848484,643,553,1081,1356,1254,1253
435,42,61.49,0.3257131240852171,28,55.94117647058823,54.75757575757576,73.93939393939394,646,554,1084,1356,1256,1253
436,43,61.57,0.3257674191976612,28,56.05882352941177,54.78787878787879,74.03030303030303,649,555,1087,1356,1257,1253
437,38,61.65,0.32584752635847525,28,56.1764705882353,54.81818181818182,74.12121212121212,652,556,1090,1356,1258,1253
438,36,61.73,0.325963064960311,28,56.294117647058826,54.84848484848485,74.21212121212122,655,557,1093,1356,1259,1253
439,34,61.81,0.32610419026047566,28,56.411764705882355,54.878787878787875,74.3030303030303,658,558,1096,1356,1260,1253
440,41,61.89,0.32626433995799003,28,56.529411764705884,54.90909090909091,74.39393939393939,661,559,1099,1356,1261,1253
441,42,61.97,0.3263401645957721,28,56.64705882352941,54.93939393939394,74.48484848484848,663,560,1102,1356,1263,1253
442,40,62.05,0.32643835616438355,28,56.76470588235294,54.96969696969697,74.57575757575758,665,561,1105,1356,1265,1253
443,41,62.13,0.32655560920650245,28,56.88235294117647,55.0,74.66666666666667,667,562,1108,1356,1267,1253
444,37,62.2,0.3266495176848875,28,57.0,55.0,74.75757575757575,669,562,1111,1356,1269,1253
445,34,62.26,0.32676839061998064,28,57.088235294117645,55.0,74.84848484848484,671,562,1114,1356,1270,1253
446,38,62.31,0.3268415984593163,28,57.14705882352941,55.0,74.93939393939394,672,562,1117,1356,1271,1253
447,42,62.36,0.3269275176395125,28,57.205882352941174,55.0,75.03030303030303,673,562,1120,1356,1272,1253
448,40,62.41,0.3270132991507771,28,57.26470588235294,55.0,75.12121212121212,674,562,1123,1356,1273,1253
449,44,62.46,0.32709894332372713,28,57.3235294117647,55.0,75.21212121212122,675,562,1126,1356,1274,1253
450,48,62.51,0.3271844504879219,28,57.38235294117647,55.0,75.3030303030303,676,562,1129,1356,1275,1253
451,43,62.56,0.3272826086956522,28,57.44117647058823,55.0,75.39393939393939,677,562,1132,1356,1276,1253
452,38,62.61,0.32738699888196776,28,57.5,55.0,75.48484848484848,678,562,1135,1356,1277,1253
453,36,62.66,0.32750079795722953,28,57.55882352941177,55.0,75.57575757575758,679,562,1138,1356,1278,1253
454,34,62.71,0.32762079413171746,28,57.61764705882353,55.0,75.66666666666667,680,562,1141,1356,1279,1253
455,35,62.76,0.3277437858508604,28,57.6764705882353,55.0,75.75757575757575,681,562,1144,1356,1280,1253
456,39,62.81,0.32786658175449773,28,57.73529411764706,55.0,75.84848484848484,682,562,1147,1356,1281,1253
457,37,62.86,0.327989182309895,28,57.794117647058826,55.0,75.93939393939394,683,562,1150,1356,1282,1253
458,38,62.91,0.3281115879828326,28,57.85294117647059,55.0,76.03030303030303,684,562,1153,1356,1283,1253
459,39,62.96,0.32823379923761126,28,57.911764705882355,55.0,76.12121212121212,685,562,1156,1356,1284,1253
460,43,63.01,0.3283558165370576,28,57.970588235294116,55.0,76.21212121212122,686,562,1159,1356,1285,1253
461,47,63.06,0.32848081192515066,28,58.029411764705884,55.0,76.3030303030303,687,562,1162,1356,1286,1253
462,45,63.11,0.3286087783235621,28,58.088235294117645,55.0,76.39393939393939,688,562,1165,1356,1287,1253
463,45,63.17,0.328825391799905,28,58.1764705882353,55.0,76.48484848484848,689,562,1168,1356,1289,1253
464,45,63.23,0.32904792029100105,28,58.26470588235294,55.0,76.57575757575758,690,562,1171,1356,1291,1253
465,42,63.29,0.32927318691736446,28,58.35294117647059,55.0,76.66666666666667,691,562,1174,1356,1293,1253
466,42,63.35,0.3295043409629045,28,58.44117647058823,55.0,76.75757575757575,692,562,1177,1356,1295,1253
467,45,63.41,0.3297350575618988,28,58.529411764705884,55.0,76.84848484848484,693,562,1180,1356,1297,1253
468,45,63.47,0.3299684890499448,28,58.61764705882353,55.0,76.93939393939394,694,562,1183,1356,1299,1253
469,38,63.54,0.3300346238589864,28,58.705882352941174,55.0,77.06060606060606,695,562,1186,1357,1301,1253
470,34,63.61,0.3301069014305926,28,58.794117647058826,55.0,77.18181818181819,696,562,1189,1358,1303,1253
471,39,63.68,0.33018844221105526,28,58.88235294117647,55.0,77.3030303030303,697,562,1192,1359,1305,1253
472,35,63.75,0.33028235294117647,28,58.970588235294116,55.0,77.42424242424242,698,562,1195,1360,1307,1253
473,37,63.82,0.3303885929175807,28,59.05882352941177,55.0,77.54545454545455,699,562,1198,1361,1309,1253
474,36,63.89,0.3305071216152763,28,59.14705882352941,55.0,77.66666666666667,700,562,1201,1362,1311,1253
475,32,63.96,0.3306535334584115,28,59.23529411764706,55.0,77.78787878787878,701,562,1204,1363,1313,1253
476,28,64.03,0.3308277369982821,28,59.3235294117647,55.0,77.9090909090909,702,562,1207,1364,1315,1253
477,24,64.1,0.3310202808112325,28,59.411764705882355,55.0,78.03030303030303,703,562,1210,1365,1317,1253
478,20,64.17,0.33122175471404075,28,59.5,55.0,78.15151515151516,704,562,1213,1366,1319,1253
479,17,64.23,0.3313358243811304,28,59.588235294117645,55.0,78.24242424242425,705,562,1215,1367,1321,1253
480,12,64.28,0.33158058494088366,28,59.6764705882353,55.0,78.3030303030303,706,562,1217,1367,1323,1253
481,7,64.33,0.33164464480024874,28,59.76470588235294,55.0,78.36363636363636,707,562,1218,1368,1325,1253
482,2,64.38,0.3317334575955266,28,59.85294117647059,55.0,78.42424242424242,708,562,1219,1369,1327,1253
483,0,64.4,0.33176086956521744,28,59.88235294117647,55.0,78.45454545454545,708,562,1220,1369,1328,1253
484,0,64.4,0.33176086956521744,28,59.88235294117647,55.0,78.45454545454545,708,562,1220,1369,1328,1253
485,0,64.4,0.33176086956521744,28,59.88235294117647,55.0,78.45454545454545,708,562,1220,1369,1328,1253
486,0,64.4,0.33176086956521744,28,59.88235294117647,55.0,78.45454545454545,708,562,1220,1369,1328,1253
487,0,64.4,0.33176086956521744,28,59.88235294117647,55.0,78.45454545454545,708,562,1220,1369,1328,1253
488,0,64.4,0.33176086956521744,28,59.88235294117647,55.0,78.45454545454545,708,562,1220,1369,1328,1253
489,0,64.4,0.33176086956521744,28,59.88235294117647,55.0,78.45454545454545,708,562,1220,1369,1328,1253
490,0,64.4,0.33176086956521744,28,59.88235294117647,55.0,78.45454545454545,708,562,1220,1369,1328,1253
491,0,64.4,0.33176086956521744,28,59.88235294117647,55.0,78.45454545454545,708,562,1220,1369,1328,1253
492,0,64.4,0.33176086956521744,28,59.88235294117647,55.0,78.45454545454545,708,562,1220,1369,1328,1253
493,9,64.4,0.33176086956521744,28,59.88235294117647,55.0,78.45454545454545,708,562,1220,1369,1328,1253
494,15,64.43,0.33152103057581866,28,59.911764705882355,55.06060606060606,78.45454545454545,709,564,1220,1369,1328,1253
495,16,64.48,0.3312468982630273,28,60.0,55.121212121212125,78.45454545454545,712,566,1220,1369,1328,1253
496,19,64.54,0.33109699411217847,28,60.088235294117645,55.18181818181818,78.48484848484848,715,568,1221,1369,1328,1253
497,22,64.6,0.3309721362229102,28,60.1764705882353,55.24242424242424,78.51515151515152,718,570,1222,1369,1328,1253
498,22,64.66,0.33087225487163624,28,60.26470588235294,55.303030303030305,78.54545454545455,721,572,1223,1369,1328,1253
499,25,64.72,0.33078800988875157,28,60.35294117647059,55.36363636363637,78.57575757575758,724,574,1224,1369,1328,1253
500,28,64.78,0.3307162704538438,28,60.44117647058823,55.42424242424242,78.60606060606061,727,576,1225,1369,1328,1253
501,28,64.84,0.3306570018507094,28,60.529411764705884,55.484848484848484,78.63636363636364,730,578,1226,1369,1328,1253
502,24,64.91,0.33052688337698355,28,60.61764705882353,55.57575757575758,78.66666666666667,733,580,1227,1369,1328,1254
503,23,64.98,0.3304216682056017,28,60.705882352941174,55.666666666666664,78.6969696969697,736,582,1228,1369,1328,1255
504,22,65.05,0.33033512682551885,28,60.794117647058826,55.75757575757576,78.72727272727273,739,584,1229,1369,1328,1256
505,21,65.12,0.33026719901719903,28,60.88235294117647,55.84848484848485,78.75757575757575,742,586,1230,1369,1328,1257
506,20,65.19,0.3302270286853812,28,60.970588235294116,55.93939393939394,78.78787878787878,745,588,1231,1369,1328,1258
507,19,65.26,0.3302083971805088,28,61.05882352941177,56.03030303030303,78.81818181818181,748,590,1232,1369,1328,1259
508,18,65.33,0.3302081738864227,28,61.14705882352941,56.121212121212125,78.84848484848484,751,592,1233,1369,1328,1260
509,17,65.4,0.3302324159021407,28,61.23529411764706,56.21212121212121,78.87878787878788,754,594,1234,1369,1328,1261
510,15,65.48,0.3301832620647527,28,61.3235294117647,56.303030303030305,78.93939393939394,757,596,1235,1370,1328,1262
511,15,65.54,0.33007018614586514,28,61.38235294117647,56.36363636363637,79.0,759,597,1236,1371,1328,1263
512,11,65.61,0.3300640146319158,28,61.470588235294116,56.42424242424242,79.06060606060606,762,598,1237,1372,1328,1264
513,7,65.68,0.33007917174177837,28,61.55882352941177,56.484848484848484,79.12121212121212,765,599,1238,1373,1328,1265
514,6,65.72,0.32995739500912963,28,61.588235294117645,56.515151515151516,79.18181818181819,766,600,1239,1374,1328,1265
515,15,65.75,0.3299178707224334,28,61.61764705882353,56.54545454545455,79.21212121212122,767,601,1240,1374,1328,1265
516,20,65.79,0.3298449612403101,28,61.64705882352941,56.57575757575758,79.27272727272727,768,602,1242,1374,1328,1265
517,28,65.83,0.3297842928755887,28,61.6764705882353,56.60606060606061,79.33333333333333,769,603,1244,1374,1328,1265
518,30,65.87,0.3297267344770002,28,61.705882352941174,56.63636363636363,79.39393939393939,770,604,1246,1374,1328,1265
519,29,65.91,0.3296783492641481,28,61.73529411764706,56.666666666666664,79.45454545454545,771,605,1248,1374,1328,1265
520,31,65.95,0.329642153146323,28,61.76470588235294,56.696969696969695,79.51515151515152,772,606,1250,1374,1328,1265
521,30,65.99,0.32961812395817547,28,61.794117647058826,56.72727272727273,79.57575757575758,773,607,1252,1374,1328,1265
522,28,66.04,0.32954572986069053,28,61.8235294117647,56.78787878787879,79.63636363636364,774,608,1254,1374,1328,1266
523,26,66.09,0.3294885761839916,28,61.85294117647059,56.84848484848485,79.6969696969697,775,609,1256,1374,1328,1267
524,30,66.14,0.3294436044753553,28,61.88235294117647,56.90909090909091,79.75757575757575,776,610,1258,1374,1328,1268
525,25,66.19,0.3294017223145491,28,61.911764705882355,56.96969696969697,79.81818181818181,777,611,1260,1374,1328,1269
526,20,66.24,0.3293719806763285,28,61.94117647058823,57.03030303030303,79.87878787878788,778,612,1262,1374,1328,1270
527,19,66.28,0.3295232347616174,28,61.970588235294116,57.06060606060606,79.93939393939394,779,612,1264,1374,1328,1271
528,22,66.34,0.3294392523364486,28,62.0,57.121212121212125,80.03030303030303,780,613,1266,1375,1328,1272
529,20,66.39,0.329337249585781,28,62.029411764705884,57.18181818181818,80.0909090909091,781,614,1267,1376,1328,1273
530,24,66.44,0.32924744130042144,28,62.05882352941177,57.24242424242424,80.15151515151516,782,615,1268,1377,1328,1274
531,24,66.5,0.32920300751879694,28,62.088235294117645,57.303030303030305,80.24242424242425,783,616,1270,1378,1328,1275
532,18,66.56,0.3291766826923077,28,62.11764705882353,57.36363636363637,80.33333333333333,784,617,1272,1379,1328,1276
533,13,66.61,0.3291082420057049,28,62.11764705882353,57.42424242424242,80.42424242424242,784,618,1274,1380,1328,1277
534,11,66.66,0.32904590459045907,28,62.11764705882353,57.484848484848484,80.51515151515152,784,619,1276,1381,1328,1278
535,10,66.7,0.32895952023988,28,62.11764705882353,57.54545454545455,80.57575757575758,784,620,1277,1382,1328,1279
536,7,66.73,0.3289899595384385,28,62.11764705882353,57.57575757575758,80.63636363636364,784,620,1278,1383,1328,1280
537,10,66.76,0.3290323547034153,28,62.11764705882353,57.60606060606061,80.6969696969697,784,620,1279,1384,1328,1281
538,10,66.79,0.3289519389130109,28,62.11764705882353,57.666666666666664,80.72727272727273,784,621,1280,1384,1328,1282
539,7,66.82,0.3288745884465729,28,62.11764705882353,57.72727272727273,80.75757575757575,784,622,1281,1384,1328,1283
540,7,66.85,0.3288032909498878,28,62.11764705882353,57.78787878787879,80.78787878787878,784,623,1282,1384,1328,1284
541,18,66.89,0.32855583794289134,28,62.14705882352941,57.84848484848485,80.81818181818181,785,624,1283,1384,1328,1285
542,23,66.93,0.32821007022262066,28,62.205882352941174,57.90909090909091,80.81818181818181,787,625,1283,1384,1328,1286
543,29,66.99,0.3278952082400359,28,62.26470588235294,57.96969696969697,80.87878787878788,789,626,1284,1385,1328,1287
544,31,67.06,0.32770653146436035,28,62.3235294117647,58.03030303030303,80.96969696969697,791,627,1286,1386,1328,1288
545,30,67.13,0.3275569789959779,28,62.38235294117647,58.09090909090909,81.06060606060606,793,628,1288,1387,1328,1289
546,47,67.2,0.32746726190476194,28,62.44117647058823,58.121212121212125,81.18181818181819,795,629,1291,1388,1328,1289
547,45,67.28,0.3274405469678953,28,62.5,58.18181818181818,81.3030303030303,797,630,1294,1389,1328,1290
548,46,67.36,0.32743764845605694,28,62.55882352941177,58.24242424242424,81.42424242424242,799,631,1297,1390,1328,1291
549,53,67.44,0.32745551601423484,28,62.61764705882353,58.303030303030305,81.54545454545455,801,632,1300,1391,1328,1292
550,51,67.52,0.3274851895734596,28,62.6764705882353,58.36363636363637,81.66666666666667,803,633,1303,1392,1328,1293
551,54,67.61,0.327349504511167,28,62.73529411764706,58.45454545454545,81.78787878787878,805,634,1306,1393,1328,1295
552,51,67.7,0.32723781388478584,28,62.794117647058826,58.54545454545455,81.9090909090909,807,635,1309,1394,1328,1297
553,42,67.79,0.3271411712641982,28,62.85294117647059,58.63636363636363,82.03030303030303,809,636,1312,1395,1328,1299
554,48,67.88,0.3270713022981732,28,62.911764705882355,58.72727272727273,82.15151515151516,811,637,1315,1396,1328,1301
555,47,67.98,0.3270638423065607,28,63.0,58.81818181818182,82.27272727272727,814,638,1318,1397,1328,1303
556,46,68.08,0.32707109283196245,28,63.088235294117645,58.90909090909091,82.39393939393939,817,639,1321,1398,1328,1305
557,45,68.18,0.3270988559694925,28,63.1764705882353,59.0,82.51515151515152,820,640,1324,1399,1328,1307
558,48,68.27,0.32709389189980953,28,63.23529411764706,59.09090909090909,82.63636363636364,822,641,1327,1400,1328,1309
559,48,68.36,0.327100643651258,28,63.294117647058826,59.18181818181818,82.75757575757575,824,642,1330,1401,1328,1311
560,47,68.46,0.32697633654688874,28,63.35294117647059,59.27272727272727,82.9090909090909,826,643,1333,1403,1328,1313
561,55,68.56,0.326869894982497,28,63.411764705882355,59.36363636363637,83.06060606060606,828,644,1336,1405,1328,1315
562,49,68.65,0.32690604515659144,28,63.470588235294116,59.45454545454545,83.18181818181819,830,645,1339,1406,1328,1317
563,46,68.74,0.32694501018329947,28,63.529411764705884,59.54545454545455,83.3030303030303,832,646,1342,1407,1328,1319
564,46,68.83,0.3269838733110562,28,63.588235294117645,59.63636363636363,83.42424242424242,834,647,1345,1408,1328,1321
565,55,68.92,0.3270255368543239,28,63.64705882352941,59.72727272727273,83.54545454545455,836,648,1348,1409,1328,1323
566,55,69.01,0.32707868424865966,28,63.705882352941174,59.81818181818182,83.66666666666667,838,649,1351,1410,1328,1325
567,54,69.11,0.3270337143683982,28,63.76470588235294,59.90909090909091,83.81818181818181,840,650,1354,1412,1328,1327
568,58,69.22,0.3270817682750651,28,63.85294117647059,60.0,83.96969696969697,843,651,1358,1413,1328,1329
569,64,69.34,0.32719930775886935,28,63.970588235294116,60.09090909090909,84.12121212121212,847,652,1362,1414,1328,1331
570,60,69.47,0.32717575932057,28,64.11764705882354,60.18181818181818,84.27272727272727,851,653,1366,1415,1329,1333
571,59,69.6,0.32716666666666666,28,64.26470588235294,60.27272727272727,84.42424242424242,855,654,1370,1416,1330,1335
572,67,69.73,0.32698838376595435,28,64.38235294117646,60.36363636363637,84.60606060606061,858,655,1374,1418,1331,1337
573,63,69.86,0.3268279415974807,28,64.5,60.45454545454545,84.78787878787878,861,656,1378,1420,1332,1339
574,56,69.99,0.3266966709529933,28,64.61764705882354,60.54545454545455,84.96969696969697,864,657,1382,1422,1333,1341
575,59,70.11,0.3266623876765084,28,64.73529411764706,60.63636363636363,85.12121212121212,867,658,1385,1424,1334,1343
576,54,70.22,0.326590714896041,28,64.82352941176471,60.72727272727273,85.27272727272727,869,659,1388,1426,1335,1345
577,46,70.33,0.3265391724726291,28,64.91176470588235,60.81818181818182,85.42424242424242,871,660,1391,1428,1336,1347
578,50,70.44,0.3265019875070982,28,65.0,60.90909090909091,85.57575757575758,873,661,1394,1430,1337,1349
579,49,70.54,0.3265608165579813,28,65.05882352941177,61.0,85.72727272727273,875,662,1397,1432,1337,1351
580,48,70.64,0.3266308040770102,28,65.11764705882354,61.09090909090909,85.87878787878788,877,663,1400,1434,1337,1353
581,44,70.74,0.3267062482329658,28,65.17647058823529,61.18181818181818,86.03030303030303,879,664,1403,1436,1337,1355
582,52,70.84,0.32678994918125354,28,65.23529411764706,61.27272727272727,86.18181818181819,881,665,1406,1438,1337,1357
583,54,70.94,0.3268875105723146,28,65.29411764705883,61.36363636363637,86.33333333333333,883,666,1409,1440,1337,1359
584,50,71.04,0.3270073198198199,28,65.3529411764706,61.45454545454545,86.48484848484848,885,667,1412,1442,1337,1361
585,55,71.14,0.3271464717458532,28,65.41176470588235,61.54545454545455,86.63636363636364,887,668,1415,1444,1337,1363
586,54,71.24,0.32729927007299264,28,65.47058823529412,61.63636363636363,86.78787878787878,889,669,1418,1446,1337,1365
587,55,71.35,0.327395935529082,28,65.55882352941177,61.72727272727273,86.93939393939394,891,670,1421,1448,1338,1367
588,52,71.47,0.3276045893381838,28,65.67647058823529,61.81818181818182,87.0909090909091,894,671,1424,1450,1339,1369
589,46,71.59,0.3278293057689622,28,65.79411764705883,61.90909090909091,87.24242424242425,897,672,1427,1452,1340,1371
590,51,71.69,0.32812526154275345,28,65.88235294117646,62.0,87.36363636363636,900,673,1430,1453,1340,1373
591,48,71.81,0.328370700459546,28,66.0,62.09090909090909,87.51515151515152,903,674,1433,1455,1341,1375
592,48,71.93,0.3286264423745308,28,66.11764705882354,62.18181818181818,87.66666666666667,906,675,1436,1457,1342,1377
593,41,72.06,0.32879544823757983,28,66.23529411764706,62.303030303030305,87.81818181818181,909,677,1439,1459,1343,1379
594,39,72.17,0.3290356103644173,28,66.3529411764706,62.39393939393939,87.93939393939394,912,678,1442,1460,1344,1381
595,34,72.28,0.3293027116768124,28,66.47058823529412,62.484848484848484,88.06060606060606,915,679,1445,1461,1345,1383
596,28,72.37,0.3295661185574133,28,66.52941176470588,62.57575757575758,88.18181818181819,916,680,1448,1462,1346,1385
597,31,72.43,0.32980118735330666,28,66.55882352941177,62.63636363636363,88.27272727272727,917,680,1451,1462,1346,1387
598,30,72.5,0.3300744827586207,28,66.58823529411765,62.696969696969695,88.39393939393939,918,680,1454,1463,1346,1389
599,31,72.58,0.33044364838798573,28,66.6470588235294,62.75757575757576,88.51515151515152,920,680,1457,1464,1346,1391
600,29,72.66,0.33082576383154416,28,66.70588235294117,62.81818181818182,88.63636363636364,922,680,1460,1465,1346,1393
601,31,72.73,0.3313089509143407,28,66.76470588235294,62.84848484848485,88.75757575757575,924,680,1463,1466,1346,1394
602,30,72.8,0.33175274725274717,28,66.79411764705883,62.90909090909091,88.87878787878788,925,681,1466,1467,1346,1395
603,35,72.87,0.33219843557019346,28,66.82352941176471,62.96969696969697,89.0,926,682,1469,1468,1346,1396
604,34,72.94,0.3326460104195229,28,66.8529411764706,63.03030303030303,89.12121212121212,927,683,1472,1469,1346,1397
605,33,73.01,0.3330954663744693,28,66.88235294117646,63.09090909090909,89.24242424242425,928,684,1475,1470,1346,1398
606,44,73.08,0.33354406130268205,28,66.91176470588235,63.15151515151515,89.36363636363636,929,685,1478,1471,1346,1399
607,45,73.16,0.3338955713504647,28,66.94117647058823,63.24242424242424,89.48484848484848,930,686,1481,1472,1346,1401
608,37,73.24,0.33424904423812124,28,66.97058823529412,63.333333333333336,89.60606060606061,931,687,1484,1473,1346,1403
609,47,73.32,0.33460720130932897,28,67.0,63.42424242424242,89.72727272727273,932,688,1487,1474,1346,1405
610,45,73.4,0.33497275204359667,28,67.02941176470588,63.515151515151516,89.84848484848484,933,689,1490,1475,1346,1407
611,40,73.48,0.3353483941208492,28,67.05882352941177,63.60606060606061,89.96969696969697,934,690,1493,1476,1346,1409
612,32,73.56,0.3357313757476889,28,67.08823529411765,63.696969696969695,90.0909090909091,935,691,1496,1477,1346,1411
613,39,73.64,0.33612438891906576,28,67.11764705882354,63.78787878787879,90.21212121212122,936,692,1499,1478,1346,1413
614,34,73.72,0.3365301139446555,28,67.1470588235294,63.878787878787875,90.33333333333333,937,693,1502,1479,1346,1415
615,35,73.8,0.336940379403794,28,67.17647058823529,63.96969696969697,90.45454545454545,938,694,1505,1480,1346,1417
616,39,73.88,0.3373551705468327,28,67.20588235294117,64.06060606060606,90.57575757575758,939,695,1508,1481,1346,1419
617,37,73.96,0.3377771768523526,28,67.23529411764706,64.15151515151516,90.6969696969697,940,696,1511,1482,1346,1421
618,37,74.05,0.33807292370020264,28,67.29411764705883,64.24242424242425,90.81818181818181,941,697,1514,1483,1347,1423
619,34,74.11,0.3384199163405748,28,67.29411764705883,64.33333333333333,90.9090909090909,941,698,1517,1483,1347,1425
620,28,74.17,0.3387690440879062,28,67.29411764705883,64.42424242424242,91.0,941,699,1520,1483,1347,1427
621,31,74.23,0.33912299609322377,28,67.29411764705883,64.51515151515152,91.0909090909091,941,700,1523,1483,1347,1429
622,34,74.29,0.33948445282002965,28,67.29411764705883,64.60606060606061,91.18181818181819,941,701,1526,1483,1347,1431
623,34,74.35,0.3398453261600538,28,67.29411764705883,64.6969696969697,91.27272727272727,941,702,1529,1483,1347,1433
624,31,74.41,0.3402056175245262,28,67.29411764705883,64.78787878787878,91.36363636363636,941,703,1532,1483,1347,1435
625,34,74.47,0.3405653283201289,28,67.29411764705883,64.87878787878788,91.45454545454545,941,704,1535,1483,1347,1437
626,28,74.53,0.34093519388165844,28,67.29411764705883,64.96969696969697,91.54545454545455,941,705,1538,1483,1347,1439
627,28,74.59,0.3413098270545649,28,67.29411764705883,65.06060606060606,91.63636363636364,941,706,1541,1483,1347,1441
628,27,74.66,0.34164746852397543,28,67.29411764705883,65.18181818181819,91.72727272727273,941,707,1544,1483,1347,1444
629,31,74.74,0.3420631522611721,28,67.32352941176471,65.3030303030303,91.81818181818181,942,708,1547,1483,1347,1447
630,28,74.83,0.3424923159160764,28,67.38235294117646,65.42424242424242,91.9090909090909,944,709,1550,1483,1347,1450
631,33,74.9,0.34284379172229634,28,67.41176470588235,65.51515151515152,92.0,945,710,1553,1483,1347,1452
632,41,74.97,0.34320794984660535,28,67.44117647058823,65.60606060606061,92.0909090909091,946,711,1556,1483,1347,1454
633,42,75.05,0.343601598934044,28,67.47058823529412,65.72727272727273,92.18181818181819,947,712,1559,1483,1347,1457
634,52,75.13,0.34399440968987094,28,67.5,65.84848484848484,92.27272727272727,948,713,1562,1483,1347,1460
635,52,75.22,0.3442701409199681,28,67.55882352941177,65.96969696969697,92.36363636363636,949,714,1565,1483,1348,1463
636,45,75.32,0.34458842272968665,28,67.6470588235294,66.0909090909091,92.45454545454545,951,715,1568,1483,1349,1466
637,51,75.41,0.3450165760509216,28,67.70588235294117,66.21212121212122,92.54545454545455,953,716,1571,1483,1349,1469
638,47,75.51,0.34535425771421,28,67.79411764705883,66.33333333333333,92.63636363636364,955,717,1574,1483,1350,1472
639,47,75.6,0.3456719576719577,28,67.8529411764706,66.45454545454545,92.72727272727273,956,718,1577,1483,1351,1475
640,44,75.69,0.3459941868146386,28,67.91176470588235,66.57575757575758,92.81818181818181,957,719,1580,1483,1352,1478
641,50,75.78,0.3463209290050145,28,67.97058823529412,66.6969696969697,92.9090909090909,958,720,1583,1483,1353,1481
642,50,75.87,0.34665480427046264,28,68.02941176470588,66.81818181818181,93.0,959,721,1586,1483,1354,1484
643,44,75.96,0.34699315429173255,28,68.08823529411765,66.93939393939394,93.0909090909091,960,722,1589,1483,1355,1487
644,41,76.05,0.3473359631821171,28,68.1470588235294,67.06060606060606,93.18181818181819,961,723,1592,1483,1356,1490
645,40,76.15,0.347736047275115,28,68.23529411764706,67.18181818181819,93.27272727272727,963,724,1595,1483,1357,1493
646,36,76.25,0.3481403278688525,28,68.32352941176471,67.3030303030303,93.36363636363636,965,725,1598,1483,1358,1496
647,38,76.35,0.3485461689587426,28,68.41176470588235,67.42424242424242,93.45454545454545,967,726,1601,1483,1359,1499
648,41,76.44,0.3489141810570382,28,68.47058823529412,67.54545454545455,93.54545454545455,968,727,1604,1483,1360,1502
649,35,76.53,0.34920554031098916,28,68.52941176470588,67.63636363636364,93.66666666666667,969,728,1608,1483,1361,1504
650,35,76.62,0.34951448707909166,28,68.58823529411765,67.72727272727273,93.78787878787878,970,729,1612,1483,1362,1506
651,35,76.71,0.34984095945769783,28,68.6470588235294,67.81818181818181,93.9090909090909,971,730,1616,1483,1363,1508
652,30,76.79,0.35026045057950256,28,68.70588235294117,67.9090909090909,94.0,972,731,1619,1483,1364,1510
653,32,76.86,0.35061670569867287,28,68.76470588235294,68.0,94.06060606060606,973,732,1621,1483,1365,1512
654,36,76.94,0.35104497010657654,28,68.82352941176471,68.0909090909091,94.15151515151516,974,733,1624,1483,1366,1514
655,42,77.03,0.3513734908477217,28,68.88235294117646,68.18181818181819,94.27272727272727,975,734,1628,1483,1367,1516
656,40,77.14,0.35168524760176295,28,69.0,68.27272727272727,94.39393939393939,978,735,1632,1483,1368,1518
657,39,77.24,0.3520119109269808,28,69.08823529411765,68.36363636363636,94.51515151515152,981,736,1636,1483,1368,1520
658,46,77.32,0.35223486808070364,28,69.1470588235294,68.45454545454545,94.60606060606061,983,737,1639,1483,1368,1522
659,45,77.42,0.35257297855851205,28,69.20588235294117,68.57575757575758,94.72727272727273,985,738,1643,1483,1368,1525
660,46,77.53,0.3529614342835032,28,69.29411764705883,68.6969696969697,94.84848484848484,988,739,1647,1483,1368,1528
661,44,77.64,0.353366821226172,28,69.38235294117646,68.81818181818181,94.96969696969697,991,740,1651,1483,1368,1531
662,45,77.75,0.35377877813504827,28,69.47058823529412,68.93939393939394,95.0909090909091,994,741,1655,1483,1368,1534
663,47,77.85,0.3541772639691715,28,69.52941176470588,69.06060606060606,95.21212121212122,996,742,1659,1483,1368,1537
664,50,77.94,0.3545188606620478,28,69.58823529411765,69.18181818181819,95.3030303030303,998,743,1662,1483,1368,1540
665,54,78.05,0.3549378603459321,28,69.67647058823529,69.3030303030303,95.42424242424242,1000,744,1666,1483,1369,1543
666,52,78.16,0.3553684749232345,28,69.76470588235294,69.42424242424242,95.54545454545455,1002,745,1670,1483,1370,1546
667,51,78.26,0.3558088423204703,28,69.82352941176471,69.54545454545455,95.66666666666667,1004,746,1674,1483,1370,1549
668,51,78.35,0.3562361199744736,28,69.88235294117646,69.63636363636364,95.78787878787878,1006,747,1678,1483,1370,1551
669,45,78.44,0.3566675165731769,28,69.94117647058823,69.72727272727273,95.9090909090909,1008,748,1682,1483,1370,1553
670,45,78.53,0.35711320514453077,28,70.0,69.81818181818181,96.03030303030303,1010,749,1686,1483,1370,1555
671,49,78.61,0.3574952296145528,28,70.05882352941177,69.9090909090909,96.12121212121212,1012,750,1689,1483,1370,1557
672,54,78.71,0.35787193495108627,28,70.11764705882354,70.03030303030303,96.24242424242425,1014,751,1693,1483,1370,1560
673,53,78.81,0.3582705240451719,28,70.17647058823529,70.15151515151516,96.36363636363636,1016,752,1697,1483,1370,1563
674,57,78.92,0.3586771414090218,28,70.26470588235294,70.27272727272727,96.48484848484848,1018,753,1701,1483,1371,1566
675,55,79.03,0.3590851575351132,28,70.3529411764706,70.39393939393939,96.60606060606061,1020,754,1705,1483,1372,1569
676,57,79.13,0.35949576646025533,28,70.41176470588235,70.51515151515152,96.72727272727273,1022,755,1709,1483,1372,1572
677,46,79.24,0.35992175668854115,28,70.5,70.63636363636364,96.84848484848484,1024,756,1713,1483,1373,1575
678,38,79.35,0.36035664776307497,28,70.58823529411765,70.75757575757575,96.96969696969697,1026,757,1717,1483,1374,1578
679,39,79.46,0.36079536873898815,28,70.67647058823529,70.87878787878788,97.0909090909091,1028,758,1721,1483,1375,1581
680,31,79.57,0.36123790373256254,28,70.76470588235294,71.0,97.21212121212122,1030,759,1725,1483,1376,1584
681,25,79.66,0.36167712779312083,28,70.79411764705883,71.12121212121212,97.33333333333333,1031,760,1729,1483,1376,1587
682,25,79.75,0.3621153605015674,28,70.82352941176471,71.24242424242425,97.45454545454545,1032,761,1733,1483,1376,1590
683,21,79.82,0.3624229516411927,28,70.8529411764706,71.33333333333333,97.54545454545455,1033,761,1736,1483,1376,1593
684,19,79.87,0.362663077500939,28,70.8529411764706,71.42424242424242,97.60606060606061,1033,761,1738,1483,1376,1596
685,16,79.93,0.3629813586888527,28,70.8529411764706,71.51515151515152,97.6969696969697,1033,761,1741,1483,1376,1599
686,10,79.99,0.3633041630203776,28,70.8529411764706,71.60606060606061,97.78787878787878,1033,761,1744,1483,1376,1602
687,8,80.04,0.3635582208895552,28,70.8529411764706,71.6969696969697,97.84848484848484,1033,761,1746,1483,1376,1605
688,11,80.07,0.3636980142375421,28,70.8529411764706,71.75757575757575,97.87878787878788,1033,761,1747,1483,1376,1607
689,10,80.11,0.3639807764324054,28,70.8529411764706,71.78787878787878,97.96969696969697,1033,761,1750,1483,1376,1608
690,12,80.15,0.3642632563942608,28,70.8529411764706,71.81818181818181,98.06060606060606,1033,761,1753,1483,1376,1609
691,14,80.19,0.3645454545454545,28,70.8529411764706,71.84848484848484,98.15151515151516,1033,761,1756,1483,1376,1610
692,21,80.24,0.3648604187437687,28,70.88235294117646,71.87878787878788,98.24242424242425,1034,761,1759,1483,1376,1611
693,29,80.31,0.3651039721080812,28,70.94117647058823,71.93939393939394,98.33333333333333,1036,762,1762,1483,1376,1612
694,31,80.38,0.36535207763125155,28,71.0,72.0,98.42424242424242,1038,763,1765,1483,1376,1613
695,35,80.46,0.36566492667163814,28,71.05882352941177,72.0909090909091,98.51515151515152,1040,765,1768,1483,1376,1614
696,41,80.55,0.3658361266294227,28,71.11764705882354,72.18181818181819,98.63636363636364,1042,767,1771,1484,1376,1615
697,44,80.64,0.3660119047619048,28,71.17647058823529,72.27272727272727,98.75757575757575,1044,769,1774,1485,1376,1616
698,38,80.73,0.36619720054502664,28,71.23529411764706,72.36363636363636,98.87878787878788,1046,771,1777,1486,1376,1617
699,38,80.82,0.3663895075476367,28,71.29411764705883,72.45454545454545,99.0,1048,773,1780,1487,1376,1618
700,35,80.91,0.36658880237300706,28,71.3529411764706,72.54545454545455,99.12121212121212,1050,775,1783,1488,1376,1619
701,32,81.0,0.36680000000000007,28,71.41176470588235,72.63636363636364,99.24242424242425,1052,777,1786,1489,1376,1620
702,29,81.09,0.3670255271920088,28,71.47058823529412,72.72727272727273,99.36363636363636,1054,779,1789,1490,1376,1621
703,29,81.18,0.36726533628972646,28,71.52941176470588,72.81818181818181,99.48484848484848,1056,781,1792,1491,1376,1622
704,30,81.26,0.36744769874476985,28,71.58823529411765,72.9090909090909,99.57575757575758,1058,783,1794,1492,1376,1623
705,35,81.33,0.36770810279109795,28,71.6470588235294,72.93939393939394,99.6969696969697,1060,783,1797,1493,1376,1624
706,35,81.39,0.3679284924437891,28,71.67647058823529,72.96969696969697,99.81818181818181,1061,783,1800,1494,1376,1625
707,38,81.45,0.368158379373849,28,71.70588235294117,73.0,99.93939393939394,1062,783,1803,1495,1376,1626
708,35,81.51,0.36839038154827636,28,71.73529411764706,73.03030303030303,100.06060606060606,1063,783,1806,1496,1376,1627
709,38,81.57,0.36862694618119407,28,71.76470588235294,73.06060606060606,100.18181818181819,1064,783,1809,1497,1376,1628
710,32,81.63,0.3688680632120544,28,71.79411764705883,73.0909090909091,100.3030303030303,1065,783,1812,1498,1376,1629
711,36,81.68,0.3691919686581782,28,71.82352941176471,73.12121212121212,100.39393939393939,1066,783,1815,1498,1376,1630
712,30,81.74,0.36943724002936135,28,71.8529411764706,73.15151515151516,100.51515151515152,1067,783,1818,1499,1376,1631
713,24,81.8,0.3696919315403423,28,71.88235294117646,73.18181818181819,100.63636363636364,1068,783,1821,1500,1376,1632
714,33,81.86,0.3699511360860005,28,71.91176470588235,73.21212121212122,100.75757575757575,1069,783,1824,1501,1376,1633
715,40,81.94,0.37035147669026114,28,71.97058823529412,73.3030303030303,100.84848484848484,1071,785,1827,1501,1376,1634
716,47,82.05,0.37090188909201705,28,72.05882352941177,73.42424242424242,100.96969696969697,1074,788,1831,1501,1376,1635
717,48,82.16,0.3714532619279455,28,72.1470588235294,73.54545454545455,101.0909090909091,1077,791,1835,1501,1376,1636
718,52,82.27,0.37200802236538233,28,72.23529411764706,73.66666666666667,101.21212121212122,1080,794,1839,1501,1376,1637
719,53,82.38,0.3725734401553775,28,72.32352941176471,73.78787878787878,101.33333333333333,1083,797,1843,1501,1376,1638
720,53,82.5,0.37307636363636365,28,72.41176470588235,73.9090909090909,101.48484848484848,1086,800,1847,1502,1376,1639
721,50,82.62,0.37358266763495523,28,72.5,74.03030303030303,101.63636363636364,1089,803,1851,1503,1376,1640
722,47,82.74,0.3741020062847474,28,72.58823529411765,74.15151515151516,101.78787878787878,1092,806,1855,1504,1376,1641
723,49,82.87,0.37447689151683355,28,72.67647058823529,74.3030303030303,101.93939393939394,1095,809,1859,1505,1376,1643
724,52,82.99,0.37481985781419447,28,72.73529411764706,74.45454545454545,102.0909090909091,1097,812,1863,1506,1376,1645
725,54,83.12,0.3752261790182868,28,72.82352941176471,74.60606060606061,102.24242424242425,1100,815,1867,1507,1376,1647
726,63,83.24,0.37566074002883226,28,72.91176470588235,74.75757575757575,102.36363636363636,1103,818,1871,1507,1376,1649
727,70,83.35,0.37610197960407915,28,73.0,74.87878787878788,102.48484848484848,1106,820,1875,1507,1376,1651
728,66,83.48,0.3765572592237662,28,73.11764705882354,75.03030303030303,102.60606060606061,1110,822,1879,1507,1376,1654
729,62,83.64,0.37691056910569104,28,73.23529411764706,75.21212121212122,102.78787878787878,1114,825,1884,1508,1376,1657
730,61,83.8,0.377272076372315,28,73.3529411764706,75.39393939393939,102.96969696969697,1118,828,1889,1509,1376,1660
731,57,83.96,0.3776655550262029,28,73.5,75.57575757575758,103.12121212121212,1122,831,1894,1509,1377,1663
732,65,84.12,0.37790061816452686,28,73.6470588235294,75.75757575757575,103.27272727272727,1126,834,1898,1510,1378,1666
733,70,84.28,0.3781514000949217,28,73.79411764705883,75.93939393939394,103.42424242424242,1130,837,1902,1511,1379,1669
734,65,84.45,0.37849733570159855,28,73.94117647058823,76.12121212121212,103.60606060606061,1134,840,1907,1512,1380,1672
735,69,84.62,0.37886078941148665,28,74.08823529411765,76.3030303030303,103.78787878787878,1138,843,1912,1513,1381,1675
736,71,84.81,0.3792324018394057,28,74.26470588235294,76.51515151515152,103.96969696969697,1142,847,1917,1514,1383,1678
737,70,84.97,0.379457455572555,28,74.38235294117646,76.72727272727273,104.12121212121212,1145,851,1921,1515,1384,1681
738,79,85.12,0.37965695488721807,28,74.5,76.9090909090909,104.27272727272727,1148,854,1925,1516,1385,1684
739,73,85.27,0.3798768617333177,28,74.61764705882354,77.0909090909091,104.42424242424242,1151,857,1929,1517,1386,1687
740,73,85.42,0.37992039335050337,28,74.73529411764706,77.3030303030303,104.54545454545455,1154,860,1932,1518,1387,1691
741,73,85.57,0.3800712866658876,28,74.82352941176471,77.51515151515152,104.6969696969697,1157,863,1936,1519,1387,1695
742,84,85.73,0.3800851510556398,28,74.91176470588235,77.75757575757575,104.84848484848484,1160,867,1940,1520,1387,1699
743,80,85.89,0.3801269065083246,28,75.0,78.0,105.0,1163,871,1944,1521,1387,1703
744,72,86.06,0.3801208459214502,28,75.11764705882354,78.24242424242425,105.15151515151516,1166,875,1948,1522,1388,1707
745,81,86.21,0.38021923210764413,28,75.26470588235294,78.45454545454545,105.24242424242425,1169,879,1951,1522,1390,1710
746,84,86.36,0.38032654006484484,28,75.41176470588235,78.66666666666667,105.33333333333333,1172,883,1954,1522,1392,1713
747,77,86.52,0.3803559870550162,28,75.55882352941177,78.9090909090909,105.42424242424242,1175,887,1957,1522,1394,1717
748,78,86.69,0.3804118122044065,28,75.70588235294117,79.18181818181819,105.51515151515152,1178,891,1960,1522,1396,1722
749,78,86.84,0.380601105481345,28,75.8529411764706,79.42424242424242,105.57575757575758,1181,895,1962,1522,1398,1726
750,66,86.99,0.3807989424071732,28,76.0,79.66666666666667,105.63636363636364,1184,899,1964,1522,1400,1730
751,67,87.13,0.380939974750373,28,76.1470588235294,79.9090909090909,105.66666666666667,1187,903,1965,1522,1402,1734
752,60,87.26,0.38106807242722895,28,76.26470588235294,80.15151515151516,105.6969696969697,1190,907,1966,1522,1403,1738
753,54,87.38,0.3812016479743649,28,76.38235294117646,80.36363636363636,105.72727272727273,1193,911,1967,1522,1404,1741
754,54,87.5,0.3813485714285714,28,76.5,80.57575757575758,105.75757575757575,1196,915,1968,1522,1405,1744
755,47,87.6,0.3814429223744293,28,76.58823529411765,80.75757575757575,105.78787878787878,1198,919,1969,1522,1406,1746
756,45,87.68,0.38154425182481755,28,76.6470588235294,80.9090909090909,105.81818181818181,1199,923,1970,1522,1407,1747
757,43,87.76,0.38164539653600726,28,76.70588235294117,81.06060606060606,105.84848484848484,1200,927,1971,1522,1408,1748
758,48,87.83,0.3816816577479221,28,76.76470588235294,81.21212121212122,105.84848484848484,1201,931,1971,1522,1409,1749
759,52,87.91,0.38178250483448983,28,76.82352941176471,81.36363636363636,105.87878787878788,1202,935,1972,1522,1410,1750
760,58,88.0,0.3819318181818182,28,76.91176470588235,81.51515151515152,105.9090909090909,1204,939,1973,1522,1411,1751
761,63,88.1,0.38204767309875143,28,77.0,81.66666666666667,105.96969696969697,1206,943,1975,1522,1412,1752
762,65,88.2,0.382172335600907,28,77.08823529411765,81.81818181818181,106.03030303030303,1208,947,1977,1522,1413,1753
763,56,88.29,0.3822346811643447,28,77.17647058823529,81.96969696969697,106.06060606060606,1210,951,1978,1522,1414,1754
764,61,88.39,0.38236791492250255,28,77.26470588235294,82.12121212121212,106.12121212121212,1212,955,1980,1522,1415,1755
765,66,88.49,0.3825031076957848,28,77.3529411764706,82.27272727272727,106.18181818181819,1214,959,1982,1522,1416,1756
766,65,88.59,0.38265154080596003,28,77.44117647058823,82.42424242424242,106.24242424242425,1216,963,1984,1522,1417,1757
767,65,88.68,0.38274921064501577,28,77.52941176470588,82.57575757575758,106.27272727272727,1218,967,1985,1522,1418,1758
768,65,88.77,0.38285569449138224,28,77.61764705882354,82.72727272727273,106.3030303030303,1220,971,1986,1522,1419,1759
769,70,88.87,0.3830235174974682,28,77.70588235294117,82.87878787878788,106.36363636363636,1222,975,1988,1522,1420,1760
770,78,88.97,0.3831977070922783,28,77.79411764705883,83.03030303030303,106.42424242424242,1224,979,1990,1522,1421,1761
771,85,89.08,0.38341715312079033,28,77.91176470588235,83.18181818181819,106.48484848484848,1227,983,1992,1522,1422,1762
772,88,89.2,0.38348878923766816,28,78.02941176470588,83.36363636363636,106.54545454545455,1230,987,1994,1522,1423,1764
773,94,89.32,0.3835691894312584,28,78.1470588235294,83.54545454545455,106.60606060606061,1233,991,1996,1522,1424,1766
774,93,89.45,0.38365902738960317,28,78.26470588235294,83.75757575757575,106.66666666666667,1236,995,1998,1522,1425,1769
775,92,89.58,0.3837553025228846,28,78.38235294117646,83.96969696969697,106.72727272727273,1239,999,2000,1522,1426,1772
776,86,89.7,0.38385061315496094,28,78.5,84.15151515151516,106.78787878787878,1242,1003,2002,1522,1427,1774
777,99,89.81,0.38396058345395834,28,78.61764705882354,84.33333333333333,106.81818181818181,1245,1007,2003,1522,1428,1776
778,93,89.93,0.3841421105304126,28,78.73529411764706,84.51515151515152,106.87878787878788,1248,1011,2005,1522,1429,1778
779,87,90.05,0.38432981676846195,28,78.8529411764706,84.6969696969697,106.93939393939394,1251,1015,2007,1522,1430,1780
780,83,90.18,0.3845220669771568,28,78.97058823529412,84.87878787878788,107.03030303030303,1254,1019,2010,1522,1431,1782
781,83,90.3,0.3846622369878184,28,79.08823529411765,85.06060606060606,107.0909090909091,1257,1023,2012,1522,1432,1784
782,95,90.42,0.38481088254810886,28,79.20588235294117,85.24242424242425,107.15151515151516,1260,1027,2014,1522,1433,1786
783,97,90.55,0.38502153506350084,28,79.32352941176471,85.42424242424242,107.24242424242425,1263,1031,2017,1522,1434,1788
784,99,90.68,0.38523820026466693,28,79.44117647058823,85.60606060606061,107.33333333333333,1266,1035,2020,1522,1435,1790
785,101,90.81,0.38546305472965536,28,79.55882352941177,85.78787878787878,107.42424242424242,1269,1039,2023,1522,1436,1792
786,100,90.94,0.38569606333846496,28,79.67647058823529,85.96969696969697,107.51515151515152,1272,1043,2026,1522,1437,1794
787,97,91.09,0.38591173564606435,28,79.79411764705883,86.18181818181819,107.63636363636364,1275,1047,2029,1523,1438,1797
788,106,91.24,0.3861310828583954,28,79.91176470588235,86.39393939393939,107.75757575757575,1278,1051,2032,1524,1439,1800
789,100,91.39,0.3863606521501259,28,80.02941176470588,86.60606060606061,107.87878787878788,1281,1055,2035,1525,1440,1803
790,88,91.54,0.3865982084334717,28,80.1470588235294,86.81818181818181,108.0,1284,1059,2038,1526,1441,1806
791,92,91.68,0.38684336823734733,28,80.26470588235294,87.03030303030303,108.0909090909091,1287,1063,2040,1527,1442,1809
792,99,91.82,0.38709867131343934,28,80.38235294117646,87.24242424242425,108.18181818181819,1290,1067,2042,1528,1443,1812
793,99,91.97,0.3873252147439383,28,80.5,87.45454545454545,108.3030303030303,1293,1071,2044,1530,1444,1815
794,96,92.12,0.3875705601389492,28,80.61764705882354,87.66666666666667,108.42424242424242,1296,1075,2046,1532,1445,1818
795,102,92.27,0.38782377804270074,28,80.73529411764706,87.87878787878788,108.54545454545455,1299,1079,2048,1534,1446,1821
796,102,92.42,0.388082666089591,28,80.8529411764706,88.0909090909091,108.66666666666667,1302,1083,2050,1536,1447,1824
797,99,92.57,0.38834503618883004,28,80.97058823529412,88.3030303030303,108.78787878787878,1305,1087,2052,1538,1448,1827
798,112,92.74,0.38857019624757383,28,81.11764705882354,88.51515151515152,108.93939393939394,1308,1091,2055,1540,1450,1830
799,111,92.9,0.3887900968783638,28,81.26470588235294,88.6969696969697,109.0909090909091,1311,1095,2058,1542,1452,1832
800,118,93.07,0.38907596432792524,28,81.41176470588235,88.87878787878788,109.27272727272727,1314,1099,2062,1544,1454,1834
801,119,93.24,0.38942728442728447,28,81.52941176470588,89.0909090909091,109.45454545454545,1317,1103,2066,1546,1455,1837
802,117,93.41,0.3897923134568033,28,81.6470588235294,89.3030303030303,109.63636363636364,1320,1107,2070,1548,1456,1840
803,115,93.58,0.3901645650780081,28,81.76470588235294,89.51515151515152,109.81818181818181,1323,1111,2074,1550,1457,1843
804,110,93.75,0.3905418666666667,28,81.88235294117646,89.72727272727273,110.0,1326,1115,2078,1552,1458,1846
805,113,93.93,0.3909283508996061,28,82.0,89.96969696969697,110.18181818181819,1329,1119,2082,1554,1459,1850
806,117,94.1,0.3914473963868225,28,82.11764705882354,90.18181818181819,110.36363636363636,1332,1123,2086,1556,1460,1853
807,112,94.27,0.39178211520101835,28,82.23529411764706,90.42424242424242,110.51515151515152,1335,1127,2089,1558,1461,1857
808,113,94.44,0.39212198221092753,28,82.3529411764706,90.66666666666667,110.66666666666667,1338,1131,2092,1560,1462,1861
809,117,94.61,0.3924648557234965,28,82.47058823529412,90.9090909090909,110.81818181818181,1341,1135,2095,1562,1463,1865
810,113,94.77,0.39293974886567473,28,82.58823529411765,91.12121212121212,110.96969696969697,1344,1139,2098,1564,1464,1868
811,109,94.93,0.39341725481934053,28,82.70588235294117,91.33333333333333,111.12121212121212,1347,1143,2101,1566,1465,1871
812,111,95.09,0.3939015669365864,28,82.82352941176471,91.54545454545455,111.27272727272727,1350,1147,2104,1568,1466,1874
813,113,95.25,0.3943905511811024,28,82.94117647058823,91.75757575757575,111.42424242424242,1353,1151,2107,1570,1467,1877
814,109,95.41,0.39488208783146417,28,83.05882352941177,91.96969696969697,111.57575757575758,1356,1155,2110,1572,1468,1880
815,111,95.57,0.3953719786543895,28,83.17647058823529,92.18181818181819,111.72727272727273,1359,1159,2113,1574,1469,1883
816,113,95.73,0.3958644103206936,28,83.29411764705883,92.39393939393939,111.87878787878788,1362,1163,2116,1576,1470,1886
817,112,95.89,0.39635728438836165,28,83.41176470588235,92.60606060606061,112.03030303030303,1365,1167,2119,1578,1471,1889
818,105,96.05,0.3968568453930245,28,83.52941176470588,92.81818181818181,112.18181818181819,1368,1171,2122,1580,1472,1892
819,110,96.21,0.39736098118698676,28,83.6470588235294,93.03030303030303,112.33333333333333,1371,1175,2125,1582,1473,1895
820,115,96.37,0.39786344298018056,28,83.76470588235294,93.24242424242425,112.48484848484848,1374,1179,2128,1584,1474,1898
821,108,96.53,0.3983704547808971,28,83.88235294117646,93.45454545454545,112.63636363636364,1377,1183,2131,1586,1475,1901
822,107,96.69,0.3988799255352156,28,84.0,93.66666666666667,112.78787878787878,1380,1187,2134,1588,1476,1904
823,102,96.86,0.3993062151558951,28,84.11764705882354,93.87878787878788,112.96969696969697,1383,1191,2137,1591,1477,1907
824,103,97.03,0.3997371946820571,28,84.23529411764706,94.0909090909091,113.15151515151516,1386,1195,2140,1594,1478,1910
825,101,97.2,0.40017283950617283,28,84.3529411764706,94.3030303030303,113.33333333333333,1389,1199,2143,1597,1479,1913
826,102,97.37,0.4006110711718188,28,84.47058823529412,94.51515151515152,113.51515151515152,1392,1203,2146,1600,1480,1916
827,100,97.54,0.4010580274759073,28,84.58823529411765,94.72727272727273,113.6969696969697,1395,1207,2149,1603,1481,1919
828,104,97.71,0.40150956913314917,28,84.70588235294117,94.93939393939394,113.87878787878788,1398,1211,2152,1606,1482,1922
829,108,97.88,0.40196158561503886,28,84.82352941176471,95.15151515151516,114.06060606060606,1401,1215,2155,1609,1483,1925
830,106,98.05,0.4024181540030597,28,84.94117647058823,95.36363636363636,114.24242424242425,1404,1219,2158,1612,1484,1928
831,104,98.22,0.4028853593972714,28,85.05882352941177,95.57575757575758,114.42424242424242,1407,1223,2161,1615,1485,1931
832,114,98.39,0.40336111393434293,28,85.17647058823529,95.78787878787878,114.60606060606061,1410,1227,2164,1618,1486,1934
833,103,98.56,0.4038413149350649,28,85.29411764705883,96.0,114.78787878787878,1413,1231,2167,1621,1487,1937
834,98,98.73,0.40432188797731183,28,85.41176470588235,96.21212121212122,114.96969696969697,1416,1235,2170,1624,1488,1940
835,111,98.9,0.40480485338725986,28,85.52941176470588,96.42424242424242,115.15151515151516,1419,1239,2173,1627,1489,1943
836,106,99.07,0.4052922176239023,28,85.6470588235294,96.63636363636364,115.33333333333333,1422,1243,2176,1630,1490,1946
837,101,99.24,0.4057900040306328,28,85.76470588235294,96.84848484848484,115.51515151515152,1425,1247,2179,1633,1491,1949
838,99,99.41,0.40629011165878687,28,85.88235294117646,97.06060606060606,115.6969696969697,1428,1251,2182,1636,1492,1952
839,100,99.58,0.4067965454910625,28,86.0,97.27272727272727,115.87878787878788,1431,1255,2185,1639,1493,1955
840,95,99.75,0.4073052631578948,28,86.11764705882354,97.48484848484848,116.06060606060606,1434,1259,2188,1642,1494,1958
841,99,99.92,0.407820256204964,28,86.23529411764706,97.6969696969697,116.24242424242425,1437,1263,2191,1645,1495,1961
842,97,100.09,0.4083394944549905,28,86.3529411764706,97.9090909090909,116.42424242424242,1440,1267,2194,1648,1496,1964
843,98,100.26,0.40886295631358466,28,86.47058823529412,98.12121212121212,116.60606060606061,1443,1271,2197,1651,1497,1967
844,99,100.43,0.40938464602210495,28,86.58823529411765,98.33333333333333,116.78787878787878,1446,1275,2200,1654,1498,1970
845,92,100.59,0.40992444576995724,28,86.70588235294117,98.54545454545455,116.93939393939394,1449,1279,2203,1656,1499,1973
846,94,100.75,0.4104665012406948,28,86.82352941176471,98.75757575757575,117.0909090909091,1452,1283,2206,1658,1500,1976
847,96,100.91,0.4110068377762362,28,86.94117647058823,98.96969696969697,117.24242424242425,1455,1287,2209,1660,1501,1979
848,92,101.07,0.41154546354012067,28,87.05882352941177,99.18181818181819,117.39393939393939,1458,1291,2212,1662,1502,1982
849,94,101.23,0.41208436234317886,28,87.17647058823529,99.39393939393939,117.54545454545455,1461,1295,2215,1664,1503,1985
850,96,101.39,0.41262550547391263,28,87.29411764705883,99.60606060606061,117.6969696969697,1464,1299,2218,1666,1504,1988
851,86,101.55,0.41316888232397836,28,87.41176470588235,99.81818181818181,117.84848484848484,1467,1303,2221,1668,1505,1991
852,91,101.71,0.4137125159767968,28,87.52941176470588,100.03030303030303,118.0,1470,1307,2224,1670,1506,1994
853,99,101.87,0.4142564052223422,28,87.6470588235294,100.24242424242425,118.15151515151516,1473,1311,2227,1672,1507,1997
854,95,102.03,0.4147985886503969,28,87.76470588235294,100.45454545454545,118.3030303030303,1476,1315,2230,1674,1508,2000
855,94,102.19,0.41534298855073887,28,87.88235294117646,100.66666666666667,118.45454545454545,1479,1319,2233,1676,1509,2003
856,99,102.35,0.4158876404494382,28,88.0,100.87878787878788,118.60606060606061,1482,1323,2236,1678,1510,2006
857,95,102.51,0.4164305921373524,28,88.11764705882354,101.0909090909091,118.75757575757575,1485,1327,2239,1680,1511,2009
858,106,102.67,0.41697185156326094,28,88.23529411764706,101.3030303030303,118.9090909090909,1488,1331,2242,1682,1512,2012
859,102,102.83,0.4175114266264709,28,88.3529411764706,101.51515151515152,119.06060606060606,1491,1335,2245,1684,1513,2015
860,98,102.99,0.418051267113312,28,88.47058823529412,101.72727272727273,119.21212121212122,1494,1339,2248,1686,1514,2018
861,91,103.15,0.4185952496364518,28,88.58823529411765,101.93939393939394,119.36363636363636,1497,1343,2251,1688,1515,2021
862,99,103.31,0.4191414190301036,28,88.70588235294117,102.15151515151516,119.51515151515152,1500,1347,2254,1690,1516,2024
863,89,103.47,0.41968783222190004,28,88.82352941176471,102.36363636363636,119.66666666666667,1503,1351,2257,1692,1517,2027
864,88,103.63,0.4202364180256682,28,88.94117647058823,102.57575757575758,119.81818181818181,1506,1355,2260,1694,1518,2030
865,102,103.79,0.4207852394257635,28,89.05882352941177,102.78787878787878,119.96969696969697,1509,1359,2263,1696,1519,2033
866,95,103.95,0.42133429533429534,28,89.17647058823529,103.0,120.12121212121212,1512,1363,2266,1698,1520,2036
867,94,104.11,0.421881663625012,28,89.29411764705883,103.21212121212122,120.27272727272727,1515,1367,2269,1700,1521,2039
868,96,104.27,0.4224273520667498,28,89.41176470588235,103.42424242424242,120.42424242424242,1518,1371,2272,1702,1522,2042
869,92,104.43,0.4229713683807335,28,89.52941176470588,103.63636363636364,120.57575757575758,1521,1375,2275,1704,1523,2045
870,85,104.59,0.4235137202409408,28,89.6470588235294,103.84848484848484,120.72727272727273,1524,1379,2278,1706,1524,2048
871,87,104.75,0.42405441527446297,28,89.76470588235294,104.06060606060606,120.87878787878788,1527,1383,2281,1708,1525,2051
872,83,104.91,0.4245934610618625,28,89.88235294117646,104.27272727272727,121.03030303030303,1530,1387,2284,1710,1526,2054
873,86,105.06,0.42508471349704935,28,90.0,104.45454545454545,121.18181818181819,1533,1390,2287,1712,1527,2057
874,91,105.22,0.4256244060064626,28,90.11764705882354,104.66666666666667,121.33333333333333,1536,1394,2290,1714,1528,2060
875,87,105.38,0.42616245966976657,28,90.23529411764706,104.87878787878788,121.48484848484848,1539,1398,2293,1716,1529,2063
876,86,105.54,0.4266988819404965,28,90.3529411764706,105.0909090909091,121.63636363636364,1542,1402,2296,1718,1530,2066
877,85,105.7,0.4272336802270577,28,90.47058823529412,105.3030303030303,121.78787878787878,1545,1406,2299,1720,1531,2069
878,81,105.86,0.4277687511808048,28,90.58823529411765,105.51515151515152,121.93939393939394,1548,1410,2302,1722,1532,2072
879,80,106.02,0.42830220713073003,28,90.70588235294117,105.72727272727273,122.0909090909091,1551,1414,2305,1724,1533,2075
880,79,106.18,0.4288340553776606,28,90.82352941176471,105.93939393939394,122.24242424242425,1554,1418,2308,1726,1534,2078
881,75,106.34,0.4293643031784841,28,90.94117647058823,106.15151515151516,122.39393939393939,1557,1422,2311,1728,1535,2081
882,72,106.49,0.42987416658841204,28,91.05882352941177,106.36363636363636,122.51515151515152,1560,1426,2314,1729,1536,2084
883,76,106.63,0.43033574041076617,28,91.17647058823529,106.54545454545455,122.63636363636364,1563,1429,2317,1730,1537,2087
884,80,106.77,0.4307961037744685,28,91.29411764705883,106.72727272727273,122.75757575757575,1566,1432,2320,1731,1538,2090
885,85,106.93,0.4313223604227064,28,91.41176470588235,106.93939393939394,122.9090909090909,1569,1436,2323,1733,1539,2093
886,84,107.09,0.43184704454197403,28,91.52941176470588,107.15151515151516,123.06060606060606,1572,1440,2326,1735,1540,2096
887,83,107.25,0.4323701631701632,28,91.6470588235294,107.36363636363636,123.21212121212122,1575,1444,2329,1737,1541,2099
888,82,107.41,0.43289358532725075,28,91.76470588235294,107.57575757575758,123.36363636363636,1578,1448,2332,1739,1542,2102
889,85,107.56,0.43340461137969505,28,91.88235294117646,107.75757575757575,123.51515151515152,1581,1451,2335,1741,1543,2105
890,88,107.71,0.43391607093120416,28,92.0,107.93939393939394,123.66666666666667,1584,1454,2338,1743,1544,2108
891,88,107.86,0.4344261079176711,28,92.11764705882354,108.12121212121212,123.81818181818181,1587,1457,2341,1745,1545,2111
892,96,108.02,0.434949083503055,28,92.23529411764706,108.33333333333333,123.96969696969697,1590,1461,2344,1747,1546,2114
893,104,108.18,0.4354705121094472,28,92.3529411764706,108.54545454545455,124.12121212121212,1593,1465,2347,1749,1547,2117
894,103,108.34,0.4359904005907329,28,92.47058823529412,108.75757575757575,124.27272727272727,1596,1469,2350,1751,1548,2120
895,102,108.5,0.4365087557603687,28,92.58823529411765,108.96969696969697,124.42424242424242,1599,1473,2353,1753,1549,2123
896,92,108.66,0.43702558439168043,28,92.70588235294117,109.18181818181819,124.57575757575758,1602,1477,2356,1755,1550,2126
897,91,108.82,0.4375408932181584,28,92.82352941176471,109.39393939393939,124.72727272727273,1605,1481,2359,1757,1551,2129
898,99,108.98,0.43805468893374927,28,92.94117647058823,109.60606060606061,124.87878787878788,1608,1485,2362,1759,1552,2132
899,98,109.14,0.4385669781931464,28,93.05882352941177,109.81818181818181,125.03030303030303,1611,1489,2365,1761,1553,2135
900,99,109.31,0.439053151587229,28,93.17647058823529,110.06060606060606,125.18181818181819,1614,1494,2368,1763,1554,2138
901,115,109.48,0.43953964194373396,28,93.29411764705883,110.3030303030303,125.33333333333333,1617,1499,2371,1765,1555,2141
902,113,109.65,0.4400264477884177,28,93.41176470588235,110.54545454545455,125.48484848484848,1620,1504,2374,1767,1556,2144
903,111,109.82,0.4405117464942634,28,93.52941176470588,110.78787878787878,125.63636363636364,1623,1509,2377,1769,1557,2147
904,118,109.99,0.44099736339667245,28,93.6470588235294,111.03030303030303,125.78787878787878,1626,1514,2380,1771,1558,2150
905,113,110.16,0.4414814814814815,28,93.76470588235294,111.27272727272727,125.93939393939394,1629,1519,2383,1773,1559,2153
906,111,110.33,0.44196773316414395,28,93.88235294117646,111.51515151515152,126.0909090909091,1632,1524,2386,1775,1560,2156
907,112,110.5,0.4424524886877828,28,94.0,111.75757575757575,126.24242424242425,1635,1529,2389,1777,1561,2159
908,107,110.67,0.4429375621216229,28,94.11764705882354,112.0,126.39393939393939,1638,1534,2392,1779,1562,2162
909,111,110.84,0.443422952002887,28,94.23529411764706,112.24242424242425,126.54545454545455,1641,1539,2395,1781,1563,2165
910,121,111.01,0.44390685523826684,28,94.3529411764706,112.48484848484848,126.6969696969697,1644,1544,2398,1783,1564,2168
911,113,111.18,0.4443892786472387,28,94.47058823529412,112.72727272727273,126.84848484848484,1647,1549,2401,1785,1565,2171
912,108,111.35,0.44487202514593627,28,94.58823529411765,112.96969696969697,127.0,1650,1554,2404,1787,1566,2174
913,121,111.52,0.445353299856528,28,94.70588235294117,113.21212121212122,127.15151515151516,1653,1559,2407,1789,1567,2177
914,116,111.69,0.44583310949950755,28,94.82352941176471,113.45454545454545,127.3030303030303,1656,1564,2410,1791,1568,2180
915,111,111.86,0.44631146075451456,28,94.94117647058823,113.6969696969697,127.45454545454545,1659,1569,2413,1793,1569,2183
916,121,112.03,0.44679371596893686,28,95.05882352941177,113.93939393939394,127.60606060606061,1662,1574,2416,1795,1570,2186
917,116,112.2,0.4472745098039216,28,95.17647058823529,114.18181818181819,127.75757575757575,1665,1579,2419,1797,1571,2189
918,111,112.37,0.44775384889205305,28,95.29411764705883,114.42424242424242,127.9090909090909,1668,1584,2422,1799,1572,2192
919,115,112.54,0.448235294117647,28,95.41176470588235,114.66666666666667,128.06060606060606,1671,1589,2425,1801,1573,2195
920,125,112.71,0.44871706148522755,28,95.52941176470588,114.9090909090909,128.21212121212122,1674,1594,2428,1803,1574,2198
921,117,112.88,0.44919914953933376,28,95.6470588235294,115.15151515151516,128.36363636363637,1677,1599,2431,1805,1575,2201
922,115,113.05,0.4496797877045555,28,95.76470588235294,115.39393939393939,128.5151515151515,1680,1604,2434,1807,1576,2204
923,122,113.22,0.4501607489842784,28,95.88235294117646,115.63636363636364,128.66666666666666,1683,1609,2437,1809,1577,2207
924,119,113.4,0.4505379188712522,28,96.0,115.87878787878788,128.84848484848484,1686,1614,2440,1812,1578,2210
925,118,113.59,0.45083458050884756,28,96.1470588235294,116.12121212121212,129.03030303030303,1689,1619,2443,1815,1580,2213
926,117,113.78,0.45113728247495166,28,96.29411764705883,116.36363636363636,129.21212121212122,1692,1624,2446,1818,1582,2216
927,116,113.97,0.451445994559972,28,96.44117647058823,116.60606060606061,129.3939393939394,1695,1629,2449,1821,1584,2219
928,125,114.15,0.45184844502847127,28,96.58823529411765,116.84848484848484,129.54545454545453,1698,1634,2452,1823,1586,2222
929,125,114.33,0.4522513775911834,28,96.73529411764706,117.0909090909091,129.6969696969697,1701,1639,2455,1825,1588,2225
930,122,114.51,0.45265304340232293,28,96.88235294117646,117.33333333333333,129.84848484848484,1704,1644,2458,1827,1590,2228
931,119,114.69,0.4530604237509809,28,97.02941176470588,117.57575757575758,130.0,1707,1649,2461,1829,1592,2231
932,116,114.87,0.4534700095760425,28,97.17647058823529,117.81818181818181,130.15151515151516,1710,1654,2464,1831,1594,2234
933,122,115.05,0.4538800521512386,28,97.32352941176471,118.06060606060606,130.3030303030303,1713,1659,2467,1833,1596,2237
934,119,115.23,0.45429575631346003,28,97.47058823529412,118.3030303030303,130.45454545454547,1716,1664,2470,1835,1598,2240
935,119,115.41,0.45471882852439127,28,97.61764705882354,118.54545454545455,130.6060606060606,1719,1669,2473,1837,1600,2243
936,116,115.59,0.455147504109352,28,97.76470588235294,118.78787878787878,130.75757575757575,1722,1674,2476,1839,1602,2246
937,116,115.77,0.45557657424203163,28,97.91176470588235,119.03030303030303,130.9090909090909,1725,1679,2479,1841,1604,2249
938,116,115.95,0.4560060370849504,28,98.05882352941177,119.27272727272727,131.06060606060606,1728,1684,2482,1843,1606,2252
939,116,116.13,0.45643933522776203,28,98.20588235294117,119.51515151515152,131.21212121212122,1731,1689,2485,1845,1608,2255
940,122,116.31,0.45687817040667184,28,98.3529411764706,119.75757575757575,131.36363636363637,1734,1694,2488,1847,1610,2258
941,116,116.49,0.4573173662975363,28,98.5,120.0,131.5151515151515,1737,1699,2491,1849,1612,2261
942,107,116.67,0.45775692123082196,28,98.6470588235294,120.24242424242425,131.66666666666666,1740,1704,2494,1851,1614,2264
943,110,116.85,0.45820025673940945,28,98.79411764705883,120.48484848484848,131.8181818181818,1743,1709,2497,1853,1616,2267
944,110,117.03,0.458645646415449,28,98.94117647058823,120.72727272727273,131.96969696969697,1746,1714,2500,1855,1618,2270
945,107,117.21,0.459093080795154,28,99.08823529411765,120.96969696969697,132.12121212121212,1749,1719,2503,1857,1620,2273
946,110,117.39,0.45953914302751514,28,99.23529411764706,121.21212121212122,132.27272727272728,1752,1724,2506,1859,1622,2276
947,109,117.58,0.45990304473549926,28,99.38235294117646,121.45454545454545,132.45454545454547,1755,1729,2509,1862,1624,2279
948,108,117.77,0.46026577226798,28,99.52941176470588,121.6969696969697,132.63636363636363,1758,1734,2512,1865,1626,2282
949,108,117.95,0.4607113183552352,28,99.67647058823529,121.93939393939394,132.78787878787878,1761,1739,2515,1867,1628,2285
950,101,118.14,0.46107668867445406,28,99.82352941176471,122.18181818181819,132.96969696969697,1764,1744,2518,1870,1630,2288
951,97,118.33,0.461442575847207,28,99.97058823529412,122.42424242424242,133.15151515151516,1767,1749,2521,1873,1632,2291
952,102,118.52,0.46181235234559564,28,100.11764705882354,122.66666666666667,133.33333333333334,1770,1754,2524,1876,1634,2294
953,98,118.71,0.4621876842725971,28,100.26470588235294,122.9090909090909,133.5151515151515,1773,1759,2527,1879,1636,2297
954,103,118.9,0.46256349873843566,28,100.41176470588235,123.15151515151516,133.6969696969697,1776,1764,2530,1882,1638,2300
955,105,119.09,0.46294315223780336,28,100.55882352941177,123.39393939393939,133.87878787878788,1779,1769,2533,1885,1640,2303
956,95,119.28,0.4633249496981891,28,100.70588235294117,123.63636363636364,134.06060606060606,1782,1774,2536,1888,1642,2306
957,97,119.47,0.4637088808906002,28,100.8529411764706,123.87878787878788,134.24242424242425,1785,1779,2539,1891,1644,2309
958,99,119.66,0.46409827845562424,28,101.0,124.12121212121212,134.42424242424244,1788,1784,2542,1894,1646,2312
959,95,119.85,0.46449478514810183,28,101.1470588235294,124.36363636363636,134.6060606060606,1791,1789,2545,1897,1648,2315
960,97,120.04,0.4648967010996335,28,101.29411764705883,124.60606060606061,134.78787878787878,1794,1794,2548,1900,1650,2318
961,97,120.22,0.46534686408251535,28,101.44117647058823,124.84848484848484,134.93939393939394,1797,1799,2551,1902,1652,2321
962,88,120.4,0.46579568106312297,28,101.58823529411765,125.0909090909091,135.0909090909091,1800,1804,2554,1904,1654,2324
963,88,120.58,0.46624315806933153,28,101.73529411764706,125.33333333333333,135.24242424242425,1803,1809,2557,1906,1656,2327
964,98,120.75,0.46665590062111806,28,101.8529411764706,125.57575757575758,135.3939393939394,1805,1814,2560,1908,1658,2330
965,95,120.93,0.46710410981559586,28,102.0,125.81818181818181,135.54545454545453,1808,1819,2563,1910,1660,2333
966,98,121.11,0.46755263809759723,28,102.1470588235294,126.06060606060606,135.6969696969697,1811,1824,2566,1912,1662,2336
967,104,121.29,0.4680031329870558,28,102.29411764705883,126.3030303030303,135.84848484848484,1814,1829,2569,1914,1664,2339
968,95,121.47,0.46845558574133533,28,102.44117647058823,126.54545454545455,136.0,1817,1834,2572,1916,1666,2342
969,88,121.66,0.46882788097977973,28,102.61764705882354,126.78787878787878,136.15151515151516,1820,1839,2575,1918,1669,2345
970,96,121.85,0.46920065654493226,28,102.79411764705883,127.03030303030303,136.3030303030303,1823,1844,2578,1920,1672,2348
971,86,122.04,0.4695771878072763,28,102.97058823529412,127.27272727272727,136.45454545454547,1826,1849,2581,1922,1675,2351
972,86,122.22,0.47002781868761256,28,103.11764705882354,127.51515151515152,136.6060606060606,1829,1854,2584,1924,1677,2354
973,101,122.4,0.4704787581699346,28,103.26470588235294,127.75757575757575,136.75757575757575,1832,1859,2587,1926,1679,2357
974,91,122.59,0.4708548821274166,28,103.44117647058823,128.0,136.9090909090909,1835,1864,2590,1928,1682,2360
975,87,122.78,0.4712298419938101,28,103.61764705882354,128.24242424242425,137.06060606060606,1838,1869,2593,1930,1685,2363
976,99,122.96,0.47167859466493167,28,103.76470588235294,128.4848484848485,137.21212121212122,1841,1874,2596,1932,1687,2366
977,90,123.14,0.472126035406854,28,103.91176470588235,128.72727272727272,137.36363636363637,1844,1879,2599,1934,1689,2369
978,87,123.32,0.4725721699643205,28,104.05882352941177,128.96969696969697,137.5151515151515,1847,1884,2602,1936,1691,2372
979,99,123.5,0.4730186234817814,28,104.20588235294117,129.21212121212122,137.66666666666666,1850,1889,2605,1938,1693,2375
980,90,123.68,0.47346539456662357,28,104.3529411764706,129.45454545454547,137.8181818181818,1853,1894,2608,1940,1695,2378
981,87,123.86,0.47391248183432905,28,104.5,129.6969696969697,137.96969696969697,1856,1899,2611,1942,1697,2381
982,99,124.04,0.47435827152531446,28,104.6470588235294,129.93939393939394,138.12121212121212,1859,1904,2614,1944,1699,2384
983,90,124.22,0.4748027692803091,28,104.79411764705883,130.1818181818182,138.27272727272728,1862,1909,2617,1946,1701,2387
984,87,124.4,0.4752475884244373,28,104.94117647058823,130.42424242424244,138.42424242424244,1865,1914,2620,1948,1703,2390
985,99,124.58,0.4756959383528656,28,105.08823529411765,130.66666666666666,138.57575757575756,1868,1919,2623,1950,1705,2393
986,90,124.76,0.47614459762744465,28,105.23529411764706,130.9090909090909,138.72727272727272,1871,1924,2626,1952,1707,2396
987,87,124.94,0.47659196414278854,28,105.38235294117646,131.15151515151516,138.87878787878788,1874,1929,2629,1954,1709,2399
988,99,125.12,0.47703804347826084,28,105.52941176470588,131.3939393939394,139.03030303030303,1877,1934,2632,1956,1711,2402
989,90,125.3,0.47748284118116524,28,105.67647058823529,131.63636363636363,139.1818181818182,1880,1939,2635,1958,1713,2405
990,87,125.48,0.4779263627669748,28,105.82352941176471,131.87878787878788,139.33333333333334,1883,1944,2638,1960,1715,2408
991,99,125.66,0.478371796912303,28,105.97058823529412,132.12121212121212,139.4848484848485,1886,1949,2641,1962,1717,2411
992,90,125.84,0.4788175460902734,28,106.11764705882354,132.36363636363637,139.63636363636363,1889,1954,2644,1964,1719,2414
993,87,126.02,0.4792620219012855,28,106.26470588235294,132.6060606060606,139.78787878787878,1892,1959,2647,1966,1721,2417
994,99,126.2,0.4797052297939778,28,106.41176470588235,132.84848484848484,139.93939393939394,1895,1964,2650,1968,1723,2420
995,90,126.38,0.4801487577148283,28,106.55882352941177,133.0909090909091,140.0909090909091,1898,1969,2653,1970,1725,2423
996,87,126.56,0.4805910240202276,28,106.70588235294117,133.33333333333334,140.24242424242425,1901,1974,2656,1972,1727,2426
997,99,126.74,0.4810320340855294,28,106.8529411764706,133.57575757575756,140.3939393939394,1904,1979,2659,1974,1729,2429
998,90,126.92,0.48147336905137095,28,107.0,133.8181818181818,140.54545454545453,1907,1984,2662,1976,1731,2432
999,87,127.1,0.48191345397324936,28,107.1470588235294,134.06060606060606,140.6969696969697,1910,1989,2665,1978,1733,2435
1000,99,127.28,0.4823522941546197,28,107.29411764705883,134.3030303030303,140.84848484848484,1913,1994,2668,1980,1735,2438
